num_agence,Name,Comment,review_year,review_month,review_day,sentiment_score,topic,comment_length
1,Roaming escape Sweet,"Très mauvaise expérience avec cette succursale: autant que l’accueil est très médiocre voir inexistant, l’agent de sécurité qui te regarde de haut en parlant de toi aux employés orange comme si tu n’existais pas. Aucune information concrète",2025,12,30,-0.98,attente en agence et personnel,240
1,Imane Benjelloun,Ça sera la dernière fois où je partirai dans cette agence orange 2 mars. Quel accueil dégradant et qu'elle impolitesse Je suis cliente orange abonnée fibre optique et mobile.,2025,12,30,-0.64,attente en agence et personnel,174
1,Jamila Harchi,La dame à l'accueil est impolie je l'ai salué elle n'a pas répondu et même pas levé sa tête,2026,3,30,-0.66,attente en agence et personnel,91
1,ehhh hehhe,Sous-effectif criant. Accueil et Sav en dessous de la moyenne.,2026,1,29,0.53,attente en agence et personnel,62
1,Rachid Tahrioui,3fois pour un changement de modem et enfin rien n’a été fait,2025,12,30,-0.44,autre,60
1,Motii Anas,Aucun respect pour le client dommage qu'il n'y ait oas de 0 étoiles. L'agent a été très désagréable envers ma mère et moi. Il n'a même pas pris la peine de nous expliquer quoi que ce soit. A la fin il nous tend la box sans même nous,2023,7,29,-0.8,internet fibre et box,232
1,Hamza Sadji,"Terrible service client. J'ai un probleme au niveau de la fibre optique je suis alle ACHETER un routeur et non pas prendre un routeur gratuitement. La dame a la caisse EXPRESS etait tres malpolie, a refuse de me vendre un routeur pretextant",2024,7,28,-0.89,internet fibre et box,240
1,Alexys,Bonne agence et bon accueil. Je recommande.,2025,11,30,0.98,attente en agence et personnel,43
1,fahed,"Manque de professionnalisme du conseiller. Il s'appelle Marouane. Il était agacé et parlait très mal. Si il n'aime pas son travail, il n'a qu'à laisser sa place à quelqu'un d'autre. En tout cas je ne viendrais plus jamais dans cette boutique tant qu'il y travaille.",2023,7,29,-0.92,service client et assistance,265
1,Oth Man,"J'ai acheté des écouteurs sans fils chez eux, lors de mon dernier séjour au Maroc, et il s'est avéré que ses écouteurs étaient défectueux. Je les ai retournés en boutique, mais aucune prise en charge de la part du",2023,7,29,-0.72,autre,213
1,Selbé Faye,Jy etas la dame la petite Dame nest pas serviable elle con'ait rien du service clt  mais jai pu faire ma demande en ligne avec le service client Bsr,2026,7,28,-0.48,attente en agence et personnel,148
1,electronic of the day,Service après-vente null. Problème de fibre optique non résolu depuis plus de 2 semaines sans intervention technique.,2026,7,28,-0.45,internet fibre et box,117
1,Rmaili Karim,agence plein de cafards vraiment une honte qui touche à la réputation de votre marque,2025,10,1,-0.55,attente en agence et personnel,85
1,Bahija Ghannioui,La boutique de la honte ! Service client inexistant... Ne mérite aucune étoile !,2023,7,29,0.49,attente en agence et personnel,80
1,Mohamed Faical Bennouna,Expérience magnifique. Service au top. Chef de l’agence et l’équipe très professionnels. 👍,2026,7,28,0.81,attente en agence et personnel,90
1,Laty fa,Coupure wifi depuis plusieurs jours...sav déplorable,2025,10,31,-0.75,carte sim et réseau,52
1,Mehdi El Myrani,Ce fut à un grand plaisir de fréquenter cette boutique Bon service Bonne réception,2026,7,28,0.86,attente en agence et personnel,82
1,Sanaa Sana,Une équipe de pro et manager à l'écoute et le commercial était sympa et souriant Merci,2026,7,28,0.44,autre,86
1,Slw Ncf,Excellent service Une équipe souriante et très serviable,2026,7,28,0.96,attente en agence et personnel,56
1,Zaaraoui Mounir,Une agence de l'opérateur Meditel récemment converti en l'enseigne orange.dans cet agence j'ai apprécié le service donné par son chef d'agence qui est très serviable avec un sourire permanent.agence propre avec des services légèrement en agence Versus les deux autres opérateurs.souci de stationnement.,2018,7,30,0.63,attente en agence et personnel,302
1,reda tahir,Très bon service Les commerciale toujours la sourire,2026,7,28,0.97,attente en agence et personnel,52
1,Blue Velvet,Service trop lent. 45 mins d'attente pour payer une facture en fin de journée. Une seule fille pour gérer tout le monde.,2021,7,29,0.44,attente en agence et personnel,120
1,Karim hafid,Mauvais service beaucoup de retard manque d'experience plus d'une heure pour payer une simple facture,2023,7,29,-0.69,facturation et prix,101
1,Jihane Benhicham,"Excellent service, Ecoute active et résolution instantanée des petits soucis telecoms, je recommande vivement!",2026,7,28,0.95,attente en agence et personnel,110
1,Samir Markhouss,Le service et les employés de ce lieu est vraiment super et sympa c'est mon magasin habituel.,2021,7,29,0.91,attente en agence et personnel,93
1,Manal BENHICHAM,"Très bon accueil, équipe sympathique et souriante",2024,7,28,0.99,attente en agence et personnel,49
1,leonard laff,Un peu d'attente mais le vendeur m'a vraiment très bien conseillé et expliqué les choses,2020,7,29,0.69,attente en agence et personnel,88
1,EL KOTBI Mohamed,"Personnels accueillant et à l'écoute, merci bcp",2026,7,28,0.89,autre,47
1,Boubacar TOP,"Belle équipe, dynamique,au service des consommateurs",2026,7,28,0.95,attente en agence et personnel,52
1,Nordine Dodi,Excellent aceuille le responsable de l agence est une personne agréable est serviable,2018,7,30,0.92,attente en agence et personnel,85
1,Ahmed Halim Guerraoui,Très bon et chaleureux accueil....service et attention à la clientèle de bon niveau....,2020,7,29,0.98,attente en agence et personnel,87
1,Noureddine Mansouri,Pas mal juste une remarque 5 postes de travail une personne présente,2021,7,29,0.43,autre,68
1,Anas Gin,DAR BOX 349 dhs/mois à éviter : une catastrophe. Pas de connexion aux heures de pointes (9-23h00),2022,7,29,-0.7,carte sim et réseau,97
1,mohamed abdelhak,Toute la société Orange nul nul nul et nuuuuul j'appelle le centre d'appel des mois et des mois sans avoir une seule réponse leur service est top nul,2021,7,29,-0.64,attente en agence et personnel,149
1,Karim Karam,Excellent service. Représentant professionnel et à l'écoute de la clientèle.,2020,7,29,0.98,attente en agence et personnel,76
1,Yassine Oulamine,Bon service.un peu de sourire serait le bienvenu,2020,7,29,0.97,attente en agence et personnel,48
1,Ali Kabbaj,Service irréprochable. Temps d'attente normal,2020,7,29,-0.62,attente en agence et personnel,45
1,zinelabidine maraf,Manager aimable et serviable !!,2026,7,28,0.92,autre,31
1,ayoub boss,"Personnel ne maîtrise aucun process, vous fera perdre du temps",2021,7,29,-0.47,attente en agence et personnel,62
1,AA AO,"La ligne téléphonique de cette agence est bloquée, en-cas de besoin.",2024,7,28,-0.62,attente en agence et personnel,68
1,charafi ahmed,Orange vous salue avec le pis d'une vache et vous fait ses adieux avec les cornes d'un bœuf,2023,7,29,0.84,autre,91
1,Abdelhamid Elhachemi,Très bonne accueil,2024,7,28,0.97,attente en agence et personnel,18
1,Harry Pragal,Bien accueilli personnel sympathique,2021,7,29,0.92,attente en agence et personnel,36
1,Redy,"Nul, gestion anarchique, agence sous staffé",2023,7,29,-0.72,attente en agence et personnel,43
1,Mohamed Khayour (Med),Trés bon service👑❤,2022,7,29,0.93,attente en agence et personnel,18
1,amine aziz,Très bon service.,2019,7,30,0.98,attente en agence et personnel,17
1,Lou Lou,Prestation.. Equipe pro👍👍👍,2026,7,28,0.65,autre,26
1,Ibrahim Ib,temps d'attente long,2021,7,29,0.47,attente en agence et personnel,20
1,Mohamed Drissi,Bon accueil,2022,7,29,0.95,attente en agence et personnel,11
1,MEHDI EL KHEFFARI,Des commerciaux sympa,2020,7,29,0.56,autre,21
1,asmaa landa,un bon service,2019,7,30,0.96,attente en agence et personnel,14
1,Ahmed Elbellage,Accueil adorable,2020,7,29,0.81,attente en agence et personnel,16
1,Makario Makario,Bien,2021,7,29,0.75,autre,4
1,Mohammed Abbadi,Personnel soignant,2021,7,29,0.42,attente en agence et personnel,18
1,Colorado Colorado,Bon service,2020,7,29,0.92,attente en agence et personnel,11
1,GILDAS ADINGRA,agence de proximité,2019,7,30,0.55,attente en agence et personnel,19
1,Saad Fnine,Aceuillante,2019,7,30,0.52,autre,11
1,Ibrahim Ahjyaje,Bien,2020,7,29,0.75,autre,4
1,Hiba makboul,"Mauvaise expérience,  la fille à l'accueil ne veut même pas faire son travail en dénonçant qu'ils peuvent m'aiderait et me répondait d'aller à une autre agence comme si j'ai rien à faire.",2026,7,28,-0.43,attente en agence et personnel,187
1,zakaria Essaaj,Bravo pour l’engagement de la dame au comptoir. Elle a su résoudre un problème vraiment difficile avec efficacité. Félicitations pour ses compétences.,2026,7,26,0.91,autre,150
1,Aissa Kheddadi,"Très mauvaise expérience. Le conseiller a manqué de transparence et n’a pas mentionné tous les frais, ce qui donne l’impression qu’ils sont volontairement cachés pour conclure la vente. Lorsque j’ai contacté le service à la clientèle, le",2026,7,25,-0.96,attente en agence et personnel,237
1,Mohammed Chokry,Je tiens à exprimer mon profond mécontentement concernant la qualité de service proposée par Orange Maroc.,2026,7,28,0.43,attente en agence et personnel,106
1,R Maloney (Rob),"Le bureau était vide à mon arrivée. Je n'ai pas pu changer mon adresse. On m'a dit d'appeler le centre d'appels, mais personne ne parle anglais. Je ne comprends pas pourquoi ils n'ont pas pu me recevoir en personne.",2023,7,29,0.0,autre,215
1,قناة أبو هارون التعليمية للأطفال,Cinq étoiles en moins. Le personnel du centre manque de professionnalisme dans la communication.,2023,7,29,0.43,attente en agence et personnel,96
1,Youssef Faski,Magasin inutile !,2026,2,28,-0.73,autre,17
1,مصطفى زابر أيت أومليل,Retards de service et indifférence envers le client,2020,7,29,-0.64,attente en agence et personnel,51
1,Samehtak89,ça prend du temps avant que ce soit ton tour,2019,7,30,0.42,autre,44
1,aziz sarssar,C'est bon,2021,7,29,0.97,autre,9
1,abdelhak fettahi,"Orange, une agence commerciale de télécommunications au Maroc",2021,7,29,0.56,attente en agence et personnel,61
1,Bouskoura Touria,bon service,2021,7,29,0.96,attente en agence et personnel,11
2,Malak Mahly,"Je viens de sortir de l’agence flagship Orange qui se trouve au boulevard Masira, Rien à dire franchement j’ai été prise en Charge rapidement, Soufiane a été très professionnel très rapide Et a su m’expliquer très bien mon forfait. C’est grâce à des personnes comme ça que je préfère Orange aux autres opérateurs.",2026,4,29,0.95,carte sim et réseau,313
2,mohcine Comptable,"Je suis client chez Orange et je possède un numéro enregistré à mon nom. J’utilisais une eSIM, mais malheureusement le code eSIM a été perdu.",2026,3,30,-0.75,autre,141
2,Tarik Bensouda,Agence principale vide 4 postes fantômes service express personne a son poste   on se demande à quoi sa sert une agence aussi grande avec si peut de conseiller ou de commerciaux . Et cela avant 17h . Par contre je donne 5 étoiles au personnes présentes dans l agence .👍,2025,10,31,0.7,attente en agence et personnel,269
2,Ines Tahiri,"Je vous déconseille fortement de faire un contrat avec Orange. Plus qu’une semaine sans la fibre, franchement c’est honteux, personne ne vient faire les travaux nécessaire pour arranger et satisfaire leur clients ! Très peu professionnel ! Honteux !",2025,12,30,-0.73,internet fibre et box,249
2,Younes Bouhamada,Le pire service. Je ne conseille à personne de s'occuper d'eux. Je suis arrivé 20 minutes avant l'heure. Le gardien m'a renvoyé dans la rue. Ils ferment la porte vitrée avant l'heure. ils nous indiquent que nous sommes fermés. Sortez d'ici. Je suis venu payer les factures de téléphone et d'internet.,2026,7,28,-0.68,attente en agence et personnel,300
2,amel idzina,"2 fois j’ai envoyé des touristes prendre une puce pour une courte période, les deux fois il a été dit que le logiciel ramait et qu’ils allaient faire le nécessaires dans la foulée. Lorsque les deux clients sont partis ils ont reçus un",2025,10,1,-0.67,carte sim et réseau,234
2,Charik Meriem,Servie tres tres long on a besoin de prendre un congé pour passer payer une facture il faut réagir face a ça si non a quoi sert une agence assez grande avec deux employés qui n’arrive pas à assumer,2025,12,30,-0.54,facturation et prix,197
2,Ghizlane Annan,"Très mécontente du service, j'ai changé d'opérateur pour passer à la fibre Orange pour profiter de la vitesse de la fibre, et j'ai mal fait, je suis sans internet depuis 3 jours. Promesse d'installation au bout de 48h, on prend 72h pour",2025,9,1,-0.81,internet fibre et box,236
2,Amine ELKHARRASSE,"J'ai mis 2 étoiles uniquement pour l'agence qui est très bien décorée avec de la place pour s'asseoir en attendant, toutefois la conseillère que j'ai eu n'a rien à faire dans un service clients on dirait qu'on la dérange à chaque question",2025,10,31,0.54,attente en agence et personnel,238
2,arthur,"Je recommande cette agence Orange, Yousra est une personne très compétente et attentive, elle saura répondre à vos besoins",2026,7,28,0.82,attente en agence et personnel,122
2,Book75,Tres mauvaise agence et tres mauvais directeur qui ne sait pas parler aux clients,2026,3,30,-0.96,attente en agence et personnel,81
2,Khaoula kha,"Je tiens à remercier l’équipe pour leur excellent service. Leur professionnalisme, leur créativité et leur réactivité ont dépassé mes attentes. Si vous cherchez une agence qui allie expertise et écoute, je les recommande vivement !",2026,7,28,0.85,attente en agence et personnel,231
2,Lamia Berrada,"Un très bon accueil et service à l'agence Orange Flagship. Professionnel, précis, rigoureux. J'ai apprécié la très bonne qualité de service fournie dans cette agence par le conseiller Soufiane.",2025,10,1,0.95,attente en agence et personnel,193
2,Nasser Z,"Service catastrophique. Dans cette agence, on ne fera rien pour trouver des solutions à vos problèmes (fibre optique en panne, et cela dit en en passant, évitez cet opérateur). Incompétence au plus haut point, une honte. A fuir.",2025,9,1,-0.88,attente en agence et personnel,228
2,Mariya,je suis passé à l’agence pour demander des renseignements concernant la fibre optique. la conseillère m’a indiqué que mon adresse n’était pas “éligible” à,2024,7,28,-0.47,internet fibre et box,154
2,Adil cherradi,Je me suis présenté 2 fois à cette agence le service est d’une lenteur incroyable À l’entrée l’agent de sécurité te donne un numéro imprimé coupé d’une feuille,2026,7,28,-0.51,attente en agence et personnel,159
2,tarik erraouy,Notre expérience avec l'agent Soufiane a été excellente. Un grand merci à lui pour ses conseils et son service.,2026,7,28,0.99,attente en agence et personnel,111
2,fatimazahra hraouia,Je me suis rendue à l'agence pour récupérer mon numéro de téléphone qui est avec abonnement suite à une perte de mon  téléphone ...ils ont refusé de me rendre mon numéro pour le Motif absence de numéro de téléphone sur le système et,2024,7,28,-0.67,service client et assistance,232
2,Asmaa Qf,C'était une bonne expérience avec commeciale Khadija elle était efficace et très à l'écoute je la remercie infiniment,2026,7,28,0.94,autre,117
2,Mehdi Chaouki,"Très bon service, l'agent Khadija est très serviable",2026,7,28,0.97,attente en agence et personnel,52
2,Rania Hannioui,Très satisfaite du service. Efficace et efficient. Yousra est très bienveillante et aimable.,2026,7,28,0.98,attente en agence et personnel,92
2,hatim elaich,Très serviable la conseillère khadija était très professionnelle et très serviable en tout très bon accueil et service,2026,7,28,0.94,attente en agence et personnel,118
2,Fatimazahrae Bouzridat,"L équipe est professionnel , ma demande a été bien pris en charge je recommande 👌",2026,7,28,0.76,autre,81
2,Youssef Chaabi,Très satisfait ! Un grand merci à votre agent Soufiane,2026,7,28,0.95,autre,54
2,Soukaina Lakrati,Excellent service Thanks soufiane pour ton aide et recommandation,2026,7,28,0.98,attente en agence et personnel,65
2,BOUCHTARAT OMAR,Très satisfait soufiane Agent commercial top👌,2026,7,28,0.87,autre,45
2,Lamiaa Mayat,"Une équipe de choc Professionel , serviable, disponible et toujours à l écoute",2026,7,28,0.74,autre,78
2,RIME EL AICH,Khadija la conseillère était très professionnelle,2026,7,28,0.72,autre,49
2,Ihssane Badrane,Staff très à l’écoute et serviable 👏🏼,2026,7,28,0.82,autre,37
2,rachid alili,Tres bonne service Tres bien accueilli,2026,7,28,0.96,attente en agence et personnel,38
2,Amina Aboudou,Equipe très professionnel,2026,7,28,0.62,autre,25
2,Jamila Matrane,Mauvais service,2025,10,31,0.57,attente en agence et personnel,15
2,nouhayla bouanani,Service au Top,2026,7,28,0.73,attente en agence et personnel,14
2,maria el,"Service excellent 👍 J’ai installé la fibre et mon expérience est très satisfaisante. La connexion est rapide et stable, sans coupures. L’installation s’est bien passée et le personnel est professionnel. Franchement, très bon réseau, je recommande 👌",2026,7,28,0.93,carte sim et réseau,248
2,Elqazdir Oumaima,"Service très professionnel, équipe accueillante et à l’écoute. Je recommande vivement !",2026,7,28,0.88,attente en agence et personnel,87
2,Abderrahim Badri,Accueil chaleureux et convivial. Le personnel est d'une extrême gentillesse et professionnalisme,2026,7,7,0.53,attente en agence et personnel,96
2,ItsCrystals,"Je me suis récemment rendu à la boutique Orange Smart Store située au 194 boulevard d’Anfa, à Casablanca, pour recharger notre routeur Wi-Fi D’jib. Malheureusement, le service client a été très décevant. Ma mère n’y est pas allée sans",2025,11,30,-0.8,internet fibre et box,234
2,Khalid Elmakdarri,Wifi adsl fe dare ma9to3 hadi simana ana mkhals les billures dyali kamlin ou netoma 9at3in 3lia la ligne wifi ach m'en haq 3ndkom t9at3oh ou service client zéro zéro zéro zéro zéro zéro zéro zéro zéro zéro zéro zéro zéro zéro,2026,5,29,0.48,internet fibre et box,225
2,imad el azyfy,La meilleure orange dans une ville pleine de professionnels du service client surmenés et épuisés.,2026,5,29,0.89,attente en agence et personnel,98
2,nizar bensouda,Des gens incompétents ! Un service catastrophique. À éviter.,2024,7,28,-0.91,attente en agence et personnel,60
2,Dounia Mayat,Meilleure équipe,2026,7,28,0.91,autre,16
3,Emerald wolf,"Très déçue par le comportement de ce conseiller clientèle : comportement irrespectueux, manque total de professionnalisme et absence complète d’écoute.",2026,3,30,-0.97,attente en agence et personnel,151
3,boutabi samira,"Arriver, voir d'autres clients à l'intérieur, mais se faire refuser l'entrée juste parce qu'il était 18h30  et en plus avec un comportement impoli. Il n'y a rien de pire que de se sentir mal accueilli, surtout après s'être déplacée pour rien.",2026,7,28,-0.78,attente en agence et personnel,242
3,Ettore Dimarul,Orange seul opérateur ou tu peux pas faire d'abonnement fibre avec un passeport étranger catastrophique alors que orange c français mdr,2026,2,28,-0.65,internet fibre et box,135
3,Gonzague de Lavernée,Toujours fermé entre midi et deux... Nous sommes trois clients devant la porte à 14h. Pas d'horaires sur la porte. Les deux autres agences du quartier sont fermées aussi. Vous pourriez au moins aménager les horaires pour que l'une d'entre elles soit ouverte ! Mais non... Service zéro.,2019,7,30,0.0,attente en agence et personnel,285
3,GS,"Certainement l'opérateur le plus voleur du bien sur accompagné d' une énorme malhonnêteté ( mais, en général ça va de pair ) recharge de 300 dirhams pour un roaming qui n'a jamais fonctionné et la réponse de mon interlocuteur et toute",2020,7,29,-0.75,carte sim et réseau,234
3,Adam Majid,Service nul .agente d accuiel n a aucune relation avec l accueil  ... j avais un propleme simple j ai perdu ma carte sim YOXO orange je suis partit a l agance orange cote wiliya de police twins centre casa l agente ma confirme que YOXO qui,2023,7,29,0.0,attente en agence et personnel,239
3,Elmehdi Khlifi,"Accueil chaleureux et professionnel, Excellent service après vente!!! Je recommande",2026,7,28,0.93,attente en agence et personnel,83
3,François THIBAULT,Très mauvais accueil! La vendeuse parle avec une amie au téléphone et ignore les clients... Publicité mensongère et frauduleuse de orange Maroc... des forfaits illimités,2020,7,29,-0.99,attente en agence et personnel,169
3,fahed,Non respect des horaires d ouvertures . Les gens attendaient tous devant . Un seul employé présent donc très grosse attente . C est décourageant,2019,7,30,-0.8,attente en agence et personnel,144
3,Ayman Badissy,Service client zero ca fait plus d'un mois que j'ai commende ma ligne fibre et je n'ai toujour rien recu alors que je suis bien eligible a chaque fois que je les contacte on me dit que c'est pour bientot c'est du n'importe quoi absence total du professionnalisme Pire que maroc telecom,2019,7,30,-0.38,internet fibre et box,285
3,Marie Joly,Un monsieur tres gentil qui prend le temps de bien vous renseigner... Super.,2020,7,29,0.94,autre,76
3,Mohamed GM,une seule résolution aux problèmes = appelez le support. Ce dernier vous transfère d'un service à un autre.,2023,7,29,0.57,attente en agence et personnel,107
3,Wafae F,Serviabilité au top. Merci,2020,7,29,0.95,autre,26
3,Youssef Sqalli,Bon accueil,2019,7,30,0.95,attente en agence et personnel,11
3,Aizen Corporation,0 résolution aux problèmes,2023,7,29,0.39,autre,26
3,Anas Alami,"Service clientèle zero,",2022,7,29,-0.43,attente en agence et personnel,23
3,fff MORSI,Parfaitement NUL,2019,7,30,0.72,autre,16
3,Omar Haloui,Bien,2019,7,30,0.75,autre,4
3,fatimazahra hraouia,Manque de compétence,2024,7,28,0.54,autre,20
3,Sanaa Elbaji,Très bon service Personnel très accueillant,2026,6,30,0.99,attente en agence et personnel,43
3,French Business Club,Merci Anas pour le service !,2026,7,28,0.95,attente en agence et personnel,28
3,Mi-Haven,Très bon service. Merci Anas !,2026,7,28,0.98,attente en agence et personnel,30
3,Bouch Nakri,J'ai reçu des messages contradictoires. Mais un préposé m'a aidé.,2022,7,29,-0.75,autre,65
3,amine Harit,D'accord,2019,7,30,0.56,autre,8
3,oualid idir,Surpopulation,2018,7,30,0.43,autre,13
3,L. E.,"Le service est déplorable, surtout quand c'est une employée qui travaille. Elle était vraiment désagréable et m'a simplement dit d'appeler le service client. Avant cela, j'attendais qu'elle termine sa conversation téléphonique. Une fois",2026,7,28,-0.9,attente en agence et personnel,236
3,ismaël,"Nom de l'agent Orange : Nabil Bougharfaoui-rn08964  L'agent mentionné ci-dessus a commis une grave erreur, ou sa collègue. J'ai",2026,7,7,-0.72,autre,127
4,MOHSINE AMELLAL,"Je ne recommande pas cette agence. le 31/10/2025 a 15h Ils font travailler une seule personne pour gérer plusieurs clients à la fois,  ce qui montre un manque d’organisation et de respect pour les employés comme pour les clients. Une meilleure répartition du travail serait nécessaire pour offrir un service professionnel.",2026,2,28,-0.76,attente en agence et personnel,322
4,Asmaa Bouftas,"Franchement, très mauvaise expérience à l’agence Orange de Birnazaran. Le vigile et la conseillère sont très malpolis et ne savent pas du tout comment traiter les clients. Aucun respect, aucun sourire, et un service vraiment médiocre. La direction devrait vraiment contrôler cette agence",2026,2,28,-0.96,attente en agence et personnel,287
4,assala moutaabid,"Arriver, voir d'autres clients à l'intérieur, mais se faire refuser l'entrée juste parce qu'il était 12h45  et en plus avec un comportement impoli. Il n'y a rien de pire que de se sentir mal accueilli, surtout après s'être déplacée pour rien et donner de fausses informations au client pour se libérer",2026,2,28,-0.79,attente en agence et personnel,301
4,Asmaa Bel,"Très déçue du service chez Orange. Je n’ai rien à reprocher au gestionnaire, mais une seule personne gère tous les clients, ce qui crée des délais d’attente de plus d’une heure.",2026,1,29,-0.91,attente en agence et personnel,177
4,HOUSSAM LAMDEK,"À FUIR ! Une agence lamentable où le client n’a aucune valeur aux yeux des agents. Voilà plusieurs semaines que le wifi est coupé, sans aucune solution proposée,",2025,12,30,-0.72,internet fibre et box,161
4,Karim Ben,"Apparemment ici, on ferme quand le personnel décide, pas selon les horaires affichés. La meuf très arrogante, voulait partir avant la fermeture. Bravo pour le service !",2026,1,29,0.62,attente en agence et personnel,168
4,Mohammed Bensoltana,"Service lamentable et catastrophique. Aucun effort de la part du personnel pour trouver une solution à un problème d’indisponibilité de la fibre optique depuis plusieurs jours. Pire encore, incohérence totale entre le discours du centre d’appels et celui des commerciaux surplace.",2025,12,30,-0.87,attente en agence et personnel,280
4,Samira Zahiri,"J’étais moi et deux clients qui étaient avant moi, malheureusement une grande agence avec un seul agent qui est chauve et qui n’a pas arrêté de rigoler avec deux clientes pendant une heure alors qu’on est entrain d’attendre.",2026,7,28,-0.86,attente en agence et personnel,224
4,هشام الحفظي,2 agents pour servir plusieurs clients c’est très lent En plus les gens ne respectent pas leur tour Il faut ajouter des agents sur cette agence au moins 4 ou 5,2026,1,29,-0.53,attente en agence et personnel,159
4,loubna el ouadghiri,"FUIYEZ l’agence Orange Biranzarane. Le service y est d’une lenteur insupportable et le personnel, loin d’être professionnel, fait preuve d’un désintérêt total envers les clients.",2026,7,28,-0.87,attente en agence et personnel,178
4,Marouan Habiballah,"Je rentre à l'agence, je vais vers l'agent: Bonjour Mr est ce que je peux vous poser une question ?(Je voulais savoir si je pouvais faire une demande de resiliation sur place ou pas), il me regarde, m'ignore et change de place, incroyable",2024,7,28,-0.59,attente en agence et personnel,238
4,Nouhad BOURHILA,"Après un long périple pour une prestation particulière, j ai été enfin orientée vers l agence orange bir anzarane. L’équipe est tellement professionnelle et compétente que ma réclamation a été",2025,9,1,0.64,attente en agence et personnel,192
4,Becky Patricelli,"Cet établissement devrait fermer pour avoir un personnel aussi peu éduqué irrespectueux. Il ne savent pas s’ils sont désagréables et tout le monde est d’accord avec moi. Ça fait plusieurs fois déjà que j’y suis allé, ils sont désagréables,",2026,7,28,-0.78,attente en agence et personnel,239
4,Abdelaziz Harout,Sevice 0000000 1 personne pour une agence !!! Au lieu de faire un nouveau abonnement je vais résilier les autres.,2025,11,30,0.63,attente en agence et personnel,113
4,Nisrine Ni,"bonjour, je suis passée à cet agence dernièrement pour faire une demande adsl. Déjà moi je rentre, je dis à la dame bonjour elle répond même pas mais pas que, quand je vais vers elle pour demander des informations d’avantage sur les offres",2024,7,28,0.44,internet fibre et box,239
4,Jamal Jamal,"Première fois que j’y vais pour un abonnement Box internet. Service irréprochable, j’espère que cela durera dans le temps😊",2025,10,1,-0.63,internet fibre et box,122
4,Dehli Haitam,"Siyda li kayna tema est super désagréable, service 0",2026,1,29,-0.55,attente en agence et personnel,52
4,Hassan Allalou,"Anarchique. La vendeuse se laisse interrompre par n'importe qui sans se soucier des affaires en cours, créant ainsi une file d'attente interminable.",2026,7,28,-0.77,attente en agence et personnel,148
4,Recysteve Recysteve,"Je suis très déçu par le service de l'agence . Pour un simple service, j'ai dû attendre une éternité",2026,7,28,-0.92,attente en agence et personnel,100
4,Redsupa Spain,"Une agence de télécommunications , aucun numero de contact , pour une incompétence ou une info il faut s’y rendre ,",2025,10,31,0.0,attente en agence et personnel,115
4,Donuts _,Nous avons pris 5 forfaits la commerciale a été très agréable. Elle a été à l'écoute patiente et professionnelle . Merci beaucoup je vous recommande 👍🏻👍🏻,2024,7,28,0.93,autre,153
4,Yassir Mafhoum,"Une catastrophe , on doit patienter pendant une trentaine de minutes  alors que les agents plaisantent entre eux pour enfin nous dire que le système ne fonctionnent pas .",2026,7,28,-0.89,autre,170
4,Mohamed FILALI,"Satisfait, transfert rapide (moins de 24h) de la fibre vers la nouvelle adresse",2026,7,28,0.69,internet fibre et box,79
4,Anas 12,NUL,2026,7,28,0.46,autre,3
4,Mohamed SOUGRATI,Commercial irrespectueux et impoli qui donne une mauvaise image de la société Orange que je respecte,2024,7,28,-0.97,attente en agence et personnel,100
4,Adarrak Family2,Service nul et long,2025,9,1,-0.34,attente en agence et personnel,19
4,jihane chakir,Meilleurs commercial,2026,7,28,0.95,autre,20
4,Hassan Douliazel,Serviable,2026,7,28,0.69,autre,9
4,Hicham Selham,"Je ne recommande pas cette agence. Le responsable boutique ne respecte pas ces collègues, en plus il refuse d'accueillir les clients.",2026,7,26,-0.49,attente en agence et personnel,133
4,Sanaa KABACH,Bonjour J'ai été surprise par l'accueil chaleureux de l'équipe de l'agence Biranzarane tout particulièrement Ssi Reda pour son accueil et sens du service. Merci encore à toute l'équipe et à très bientôt. Sanaa,2026,7,28,0.95,attente en agence et personnel,209
4,M'hamed Benbrahim El Andaloussi,La pire agence de l’histoire des telecoms au monde. Si y avait 0 étoiles j’aurais cliqué,2026,6,30,-0.72,attente en agence et personnel,88
4,Wasima Rzane,"Très déçu du service de cette agence.  Pour être tout à fait honnête, je ne pense même pas qu'une étoile soit méritée. J'ai dû attendre près de deux heures et il n'y avait qu'une seule personne au guichet.",2025,12,30,-0.94,attente en agence et personnel,205
4,polarkerr,"Personnel très courtois et serviable, notamment Nada et le monsieur dont j'ai oublié le nom, sans oublier l'agent de sécurité, lui aussi très serviable. Certes, il faut patienter, mais c'est la vie en ville.",2025,11,30,0.41,attente en agence et personnel,207
4,Ayoub Zeryane,"Bonjour, je tiens à vous informer que, selon moi, l'agence Biranzaran est l'une des pires de Casablanca. Les clients doivent patienter longuement et un seul agent est disponible. Améliorez votre service ou fermez définitivement l'agence.",2025,11,30,-0.46,attente en agence et personnel,237
4,Oussama Elbaz,"Une seule étoile, c'est déjà beaucoup. Service client déplorable. Impossible de joindre qui que ce soit. Les problèmes persistent malgré d'innombrables appels. Personne ne semble savoir ce qu'il fait. De plus, pour ce magasin, le numéro de",2026,7,28,-0.73,attente en agence et personnel,239
4,M. Aldian Astrayudha,"Produit et service déplorables. Le combo parfait ! Je ne recommande ni ce magasin ni cet opérateur. Nous avons acheté une eSIM qui ne fonctionne pas. Nous sommes retournés au magasin pour acheter une carte SIM, et elle ne fonctionnait pas",2024,7,28,-0.69,carte sim et réseau,238
4,Valery Moiseev,"Endroit agréable et propre.  Conseiller poli parlant anglais. Il nous a aidés avec la carte SIM, notre",2024,7,28,0.66,carte sim et réseau,102
4,Othmane El Alami (ɎøX),"Je paie 649 dirhams par mois et ils m'ont fourni un routeur défectueux qui redémarre aléatoirement presque toutes les heures. Quand j'ai demandé à le changer, ils ont répondu : « Nous sommes en rupture de stock. »",2024,7,28,-0.81,internet fibre et box,213
4,Zouhair LAAMIRI,Ce magasin est une véritable arnaque ! À éviter absolument ! Service client déplorable : les gens font la queue pendant des heures et les employés s’en fichent complètement,2026,7,28,-0.97,attente en agence et personnel,172
4,Omar Laoudai,"Des heures d'attente à chaque fois, embauchez du personnel !",2025,12,30,0.62,attente en agence et personnel,60
4,زكرياء سابع,"Boutique Orange Telecom, proposant des services de téléphonie mobile, d'internet sans fil et par fibre optique. La boutique est située rue Bir Anzarane, au rez-de-chaussée de la Résidence",2023,7,29,0.47,internet fibre et box,187
4,Willem Koenders,"Ce magasin est une véritable abomination. Quelle honte ! Je parle d'Orange en général au Maroc, mais qui sait où faire part de ce genre de commentaires ? Impossible de les contacter.",2024,7,28,-0.71,autre,182
4,Hassan MB,"Des employés qui semblent obligés d'être là, un service client médiocre et une attitude déplorable.",2026,7,28,-0.9,attente en agence et personnel,99
4,Magnus Magnus,J'ai attendu longtemps juste pour acheter du crédit. Un homme atypique.,2026,7,28,0.52,autre,71
4,Moaad Aki,Mon service,2026,1,29,0.61,attente en agence et personnel,11
4,ayoub hail,Excellent,2026,7,28,0.96,autre,9
4,Said Rabib,service clinique,2026,7,28,0.5,attente en agence et personnel,16
5,Yassine Mahlaoui,"Je déconseille ce lieu quelque soit sa nomination. Clima nerveux dedans, les conseillers ne connaissent même pas leurs catalogues produits et des erreurs de saisie... Seul point positif, c'est une file d'attente gérée par le gars de sécurité. A améliorer",2026,5,29,-0.49,attente en agence et personnel,254
5,Rachid BOUHMADI,"Excellente expérience à l'agence Orange bd Anfa ⭐⭐⭐⭐⭐  Le personnel est très professionnel, accueillant et à l’écoute. J’ai été",2025,10,1,0.98,attente en agence et personnel,127
5,med amine,"Je suis très satisfait du service de cette boutique Orange. L'équipe est professionnelle, réactive et à l'écoute. Ma demande a été traitée rapidement et efficacement. Un grand merci a Mr Ayoub. Je recommande.",2026,2,28,0.9,attente en agence et personnel,208
5,Dr Hanane ELLIOUA,J'étais accueilli par M Ayoub; Il a pris le temps de m'expliquer les offres et les opportunités Orange fibre optique.,2026,2,28,0.81,internet fibre et box,117
5,Karim Ben,"Je suis passé chez Orange Anfa pour un échange d’eSIM. Le conseiller au milieu était vraiment sympa, patient et très poli. Tout s’est bien passé, service professionnel et agréable.",2026,1,29,-0.46,attente en agence et personnel,180
5,Anass Mh,"Excellente expérience à l'agence Orange bd Anfa surtt avec l agent comercial Mr Ayoub ,une communication transparente 👍",2026,2,28,0.92,attente en agence et personnel,119
5,Khalid Aktam,L agent de sécurité Il joue au téléphone Les commerciaux sort un après l autre à 14h00,2026,5,29,0.47,service client et assistance,86
5,Khadija Darif,Je tien a remercier Mr ayoub. Pour son pour son professionalism grand merci anfaa pour ce service,2026,2,28,0.74,attente en agence et personnel,97
5,Rabab Malika,"Super expérience à l’agence Orange Anfa ! Un grand merci à Mohcine pour son professionnalisme, son écoute et sa patience. Il a su répondre à toutes mes questions avec clarté. Service au top !",2026,7,28,0.97,attente en agence et personnel,191
5,Youssef rajawi,Pour moi Mr ayoub zouhairi et un ami par un commercial orange grand bravo,2026,2,28,0.96,autre,73
5,Tiss,"Avertissement abonnement, ne prenez en aucun cas l’abonnement orange tout illimité à 500 dh. Grosse arnaque il n’y a pas d’accès illimité ! Et personnes ne répond au service réclamation.",2026,7,28,-0.59,facturation et prix,186
5,Fatima-Zahra Kettani,Très mauvaise expérience avec Orange. Ma ligne ne fonctionne plus depuis plus de 2 jours et personne n’a rien fait pour régler le problème ! J’ai fait plusieurs réclamations et rien n’a changé !,2022,7,29,-0.96,autre,194
5,Mathieu,Service de qualité je recommande !!,2026,1,29,0.9,attente en agence et personnel,35
5,Tarik El HAKMY,"Bonjour En constatant que le debit de mon Dar Box est devenu trop faible, j'ai appelé le service relation client, qui m'informe que cest normal les conditions de mon",2022,7,29,-0.59,carte sim et réseau,165
5,Abdelilah Znaidizz,Je paie pour 12 Mbps Darbox et j'en reçois au max 2 pendant les beaux jours. Aucune réclamation n'a abouti. Toujours rien. La wifi ne me sert pratiquement à rien. Je ferai un constat technique via une agence spécialisée et je porterai,2021,7,29,0.0,internet fibre et box,234
5,gerard briquet,Jamais une société aussi nulle 20 jours dattente toujours pas installé de plus destruction de votre appartement car il ne trouve plus le passage et ensuite plus personne ne vous reponds au téléphone fortement déconseillé.,2018,7,30,-0.72,service client et assistance,221
5,visca barca,Top Acceuil et service,2026,3,30,0.73,attente en agence et personnel,22
5,Wissal Ch,Plus d'une heure d'attente C'est nuuulll,2025,10,31,-0.52,attente en agence et personnel,40
5,Yassine Hamdouni,"Excellent accueil, commerciaux très respectueux et professionnels.",2026,7,28,0.99,attente en agence et personnel,66
5,Waren Mve,J'apprécie bien le lieu de plus ils font les offrent de téléphonie mobile,2020,7,29,0.95,autre,73
5,Saf Bek,Les caissiè entrain de rigoler à l'intérieur cependant des clients qui attend furieux 😡😡😡 manque de professionnalisme,2023,7,29,-0.87,autre,117
5,Ahmani El Mahdi,Une bande d’escrocs qui ne respectent pas les contrats attention les potentiel clients Orange ne respecte pas les contrats,2021,7,29,-0.65,autre,122
5,Omar HADAR,Veuillez changer votre numéro de téléphone,2026,7,28,0.46,service client et assistance,42
5,hakim saddek,Satisfait,2025,11,30,0.89,autre,9
5,hicham cherkaoui,"bonne agence , personnel a l’écoute",2019,7,30,0.95,attente en agence et personnel,35
5,Samir Alami,Toujours un problème de système c'est honteux,2024,7,28,-0.68,autre,45
5,Yahya Ikhlass,Il faut avoir les numéros téléphoniques des agences,2020,7,29,-0.44,autre,51
5,Youssef najeddine,Méditel qui est devenue Orange en 2017,2017,7,30,0.6,autre,38
5,ahmed atiat,Lieu de paiement de factures,2022,7,29,0.52,autre,28
5,Abdelhamid Elhachemi,Bien,2024,7,28,0.75,autre,4
5,jarir alkindili,Bon,2017,7,30,0.91,autre,3
5,YASSINE ELBA (ELBA),Réclamation,2026,7,28,-0.56,service client et assistance,11
5,Baseus Maroc,Opérateur de qualité,2018,7,30,0.8,autre,20
5,Merveille Bouss,🥳🥳,2022,7,29,0.42,autre,2
5,Sidy Faye,Très moderne genre startup et service très professionnel,2026,7,28,0.81,attente en agence et personnel,56
5,Louanges Ibinga,Bien,2019,7,30,0.75,autre,4
5,عجائب الدنيا,Bien,2019,7,30,0.75,autre,4
5,Ötmane Hassan,Services non liés. Je suis venu vous voir pour activer une carte internationale. Je suis arrivé en Turquie et elle n'a pas fonctionné. J'ai dû acheter une nouvelle carte pour 400 dirhams.,2026,2,28,0.0,autre,187
5,هعت جحم,L'un de nos frères là-bas a l'impression d'être traité comme un moins que rien.,2026,1,29,0.48,autre,79
5,Driss Beramdane,"Longue attente, une seule personne au travail. Plus de dix personnes attendent.",2026,7,28,-0.49,attente en agence et personnel,79
5,Mouad Ilyas,"Guéliz, Marrakech  🐢🐢🐢 Centre-ville et connexion lente Dar-box",2023,7,29,0.61,carte sim et réseau,62
5,Kamal Farahi,"Orange est très bien, c'est très bon marché et l'internet est à très haut débit avec une bonne qualité d'appel.",2019,7,30,0.98,carte sim et réseau,111
5,O. G,"Le personnel est incompétent, indiscipliné et ne se soucie pas des autres.",2018,7,30,-0.42,attente en agence et personnel,74
5,rachid zaghloul,Une bonne entreprise uniquement en zone urbaine,2018,7,30,0.85,autre,47
5,michael burnett,Meilleure entreprise de télécommunications au Maroc.,2023,7,29,0.93,autre,52
5,ayoub ahadjam,Service client déplorable,2022,7,29,-0.76,attente en agence et personnel,25
5,ZeR0 _ 0ReZ,Entreprise de télécommunications au Maroc,2019,7,30,0.62,autre,41
5,Zaama Youssra,Kolchi mzn,2026,7,28,0.4,autre,10
5,Keltoum Kerroum,Merci beaucoup,2018,7,30,0.92,autre,14
5,Massimo Rizzi,D'accord,2020,7,29,0.56,autre,8
5,Imad Zahrani,Correct,2018,7,30,0.5,autre,7
5,Niyaz Younes,Personnel agréable et serviable. Le système de file d'attente est efficace. Réponses rapides aux questions.,2026,7,28,0.86,attente en agence et personnel,107
6,Imad MARS,"Très bon service, Chargés clientèles sympas, patients et répondent à toutes questions.",2026,7,28,0.97,attente en agence et personnel,86
6,mixx For (“‫نمي عقلك مع sohaib‬‎”),Service à la clientèle au niveau requis .surtout Mr Ahmed merci beaucoup chef,2026,7,28,0.65,attente en agence et personnel,77
6,Nada Essakhi,Très bon service des agents très compétents.,2024,7,28,0.98,attente en agence et personnel,44
6,Rabha Chraki,Mzn hed l agence,2026,7,28,0.45,attente en agence et personnel,16
6,Ahmed Achraoui,Agence formidable,2026,7,28,0.8,attente en agence et personnel,17
6,Khadija Mzoumi,👏👏👏,2024,7,28,0.42,autre,3
6,نور قلبك,Je l'ai trouvé fermé et vous avez écrit « Combien de temps cela va-t-il prendre ? » et maintenant il est 14h21 et le magasin est fermé.,2026,3,30,-0.6,autre,135
6,Iam Ana (“Rima commerce casa”),Un témoignage de la gentillesse de l'utilisateur et de son excellent service.,2026,5,29,0.91,attente en agence et personnel,77
6,Mohamed Errosafy,Je l'ai trouvé fermé et vous avez écrit « combien de temps cela va-t-il prendre ? » et maintenant il est 13h40 et le magasin est fermé.,2026,4,29,-0.61,autre,135
6,Redmi Lokito,"Très bien, bon réseau, c'est la meilleure entreprise.",2026,7,28,0.99,carte sim et réseau,53
6,Loutfi Don,"Le service de l'agence est bon et propre, surtout celui de M. Ahmed.",2026,7,28,0.97,attente en agence et personnel,68
6,Hanane Dehhane,Agence Vallevel  Nous conseillons aux gens de s'y rendre.,2026,7,28,0.53,attente en agence et personnel,57
6,Mohamed Serrane,"Que Dieu vous bénisse, mes enfants",2026,7,28,0.62,autre,34
7,Aouragh Najat,La qualité du service était très bonne et le travail bien réalisé la fille à l’accueil a fait preuve de professionnalisme avec un très bon sens de l’accueil et un comportement agréable.🧡🧡,2026,5,29,0.97,attente en agence et personnel,187
7,Aya Aya,"Good service 👍🏻👍🏻👍🏻👍🏻 J’ai travaillé avec une fille Travail propre et professionnel, bonne organisation et comportement correct et respectueux.",2026,5,29,0.97,attente en agence et personnel,143
7,sanaa iddir,Très mauvais service!!! La commerciale a besoin de formation pour savoir comment traiter les clients!,2026,4,29,-0.99,attente en agence et personnel,101
7,Imad Raffa,Mouvais expérience Une fille dans l'accueil Pas professionnel Et le procédure de sav nulle,2026,5,29,-0.4,attente en agence et personnel,90
7,ali Harradi,Très mauvais service on dirait qu'on est dans une administration de l'ère médiévale.,2026,2,28,-0.98,attente en agence et personnel,84
7,Bila moustaid,Je souhaite partager mon expérience concernant une interaction avec l’une de vos commerciales au sein de votre agence située au Boulevard Panoramique à Casablanca.,2026,7,28,0.71,attente en agence et personnel,163
7,Rochdi Khachiche,Très bon service je recommande,2026,7,28,0.97,attente en agence et personnel,30
7,Riouche Jamila,Bon service et aimable personnel,2026,7,28,0.96,attente en agence et personnel,32
7,Mohmad Olim,Très bon service,2026,7,28,0.98,attente en agence et personnel,16
7,Abla Ghita EL HAJJI,"Très bon service, j’ai pris un abonnement pour ma fille, le commercial était très à l’écoute  la directrice est très serviable et accueillante..",2026,7,28,0.97,attente en agence et personnel,144
7,Meryem Lasseri,"Une équipe formidable à l'agence Orange ! Service rapide, efficace et toujours avec le sourire. Bravo au chef d'équipe",2026,7,28,0.99,attente en agence et personnel,118
7,Ahmed Macir,"Personnels a la hauteur, bon service Chef d agence est très aimable",2026,7,28,0.97,attente en agence et personnel,67
7,ouafae fouassi,Très bon service je recommande,2026,7,28,0.97,attente en agence et personnel,30
7,Fatima Zahra Rouissam,Un service de très haute qualité + des employés très agréables et aimables 10/10.,2026,7,28,0.92,attente en agence et personnel,81
7,قناة المايسترو سفيان,Bon service. Staf serviable,2026,7,28,0.94,attente en agence et personnel,27
7,wiam nazih,"Service au top:  équipe à l’écoute, efficace et rapide",2026,7,28,0.95,attente en agence et personnel,54
7,loudades fatima zahra,Très bonne service,2026,7,28,0.96,attente en agence et personnel,18
7,abdeltif trawa,"Espace client très moyen, propose un bon service, fil d'attente moyen, personnel qualifié.",2019,7,30,0.93,attente en agence et personnel,90
7,Kaka Kaka,"Merci reda , bon service",2026,7,28,0.97,attente en agence et personnel,24
7,Oussama Aissaoui,"Personnel aimable, temps d'attente trop long, toujours des problemes de connexion au niveau du TPE, dans l'obligation de reporter le paiement à chaque fois",2020,7,29,0.5,attente en agence et personnel,155
7,hamid Idalene,Bon service,2026,7,28,0.92,attente en agence et personnel,11
7,Hind Ouzane,Agence clean personnel aimable surtout madame sakina gentille et à l'écoute,2026,7,28,0.73,attente en agence et personnel,75
7,Mohamed El Biyed,Localisation gps erroné,2025,11,30,-0.52,autre,23
7,Yassine Rafenne,Merci à toute l équipe Bon service,2026,7,28,0.97,attente en agence et personnel,34
7,Ali Chafay,Service nul,2026,1,29,-0.45,attente en agence et personnel,11
7,Talbi Chaimaa,Très bonne service,2026,7,28,0.96,attente en agence et personnel,18
7,mohamed boubou,Endroit stratégique pas loin du tram le service est excellent,2020,7,29,0.92,attente en agence et personnel,61
7,Insaf Alaoui,Bon service ⚡,2026,7,28,0.92,attente en agence et personnel,13
7,Hassan Chahbi,Pour moi il y a pas mieux que l'agence panoramique. Puisque j'habite  à côté.,2019,7,30,-0.39,attente en agence et personnel,77
7,youssef El jazouli,Un travail professionnel dans tous les sens du terme,2026,7,28,0.65,autre,52
7,samira naim,Très bon service,2026,7,28,0.98,attente en agence et personnel,16
7,Ali Bensghir,Bonne service,2026,7,28,0.97,attente en agence et personnel,13
7,HARIFI HICHAM (AUTOVITE),Une très bonne agence,2018,7,30,0.93,attente en agence et personnel,21
7,Abdelkhalek Manar,Bonne travail,2026,7,28,0.97,autre,13
7,Karim Said,"Bon acceulle, interessant",2020,7,29,0.97,autre,25
7,simo fakir,C bon,2020,7,29,0.83,autre,5
7,ait boulahsan amanellah,Bon service,2026,7,28,0.92,attente en agence et personnel,11
7,abdellah chahnaoui,Très bon service,2021,7,29,0.98,attente en agence et personnel,16
7,Wilfrid LEFEBVRE,Ça va,2019,7,30,0.36,autre,5
7,achraf ait hammou,Rien a dire,2026,7,28,0.47,autre,11
7,ALI KAMAR,C'est une agence inwi,2019,7,30,-0.58,attente en agence et personnel,21
7,Mohamed El Asri,Bon,2019,7,30,0.91,autre,3
7,Amine Houmam,👍🏾,2026,7,28,0.42,autre,2
7,Errafay Abderrahim,Sans commentaire,2019,7,30,0.0,autre,16
7,Fatima Fatima,👍,2026,7,28,0.42,autre,1
7,Hicham Taoufik,Client,2020,7,29,0.44,autre,6
7,Mazroui Massira,service top,2019,7,30,0.72,attente en agence et personnel,11
7,Khawla Meliani,👍👍👍,2026,7,28,0.42,autre,3
7,EL YAMANI Mohammed,Chez Pedro,2020,7,29,0.53,autre,10
7,Aya Badri,bon service,2026,7,28,0.96,attente en agence et personnel,11
7,٠٠ مجهول,👍👍,2018,7,30,0.42,autre,2
7,Kaoutar Dadda,Réactivité,2026,7,28,0.43,autre,10
7,Zakaria Elgode,Bon service 😍😍😍😍😍😍😍😍,2026,7,28,0.92,attente en agence et personnel,20
7,Mohamed Filali,Bon service,2021,7,29,0.92,attente en agence et personnel,11
7,innovafone innovafone,Bon servic,2021,7,29,0.89,autre,10
7,Veiline Kiara,Bon service,2018,7,30,0.92,attente en agence et personnel,11
7,Khalfoui Albatros,Merci pour le service rien à dire,2026,7,28,0.91,attente en agence et personnel,33
7,Achraf Monchid,Très bon service 👏🏻🖤,2026,7,28,0.98,attente en agence et personnel,20
7,Hanan elkhyati,Pas trop mal dans l ensemble le service client et réactive,2026,7,7,0.48,attente en agence et personnel,58
7,ayoub jamal,La qualité de l'agence réside dans ses employés. Ils ne lésinent pas sur les conseils adaptés à mes besoins. Merci Orange.,2026,7,28,0.6,attente en agence et personnel,122
7,amine alkhattabi,"En entrant, j'ai trouvé l'agent de sécurité.  Une jeune femme était avec deux clientes venues acheter le même produit.",2019,7,30,0.54,autre,118
7,amine bousserhane,Service excellent,2025,9,1,0.96,attente en agence et personnel,17
7,John Joe,Bon service. Personnel sympathique.,2020,7,29,0.97,attente en agence et personnel,35
7,Meriem Benkhalid,Merci pour les services de cette agence.,2026,7,28,0.96,attente en agence et personnel,40
7,Chayma Afif,Très bonne expérience,2026,7,28,0.96,autre,21
7,Jamal Jockr,Services excellents,2026,7,28,0.97,autre,19
7,Mouad Zd,Le caissier fait du bon travail.,2019,7,30,0.96,autre,32
7,Omar El hamri,Excellent service,2021,7,29,0.95,attente en agence et personnel,17
7,Rachi dos Tv,Services excellents,2026,7,28,0.97,autre,19
7,Salma Rana,Excellent,2026,7,28,0.96,autre,9
7,Elhoussine Benazi,Service déplorable 👎🏼👎🏼👎🏼👎🏼,2024,7,28,-0.76,attente en agence et personnel,27
7,Rayane Ksiba,Uriner dans les toilettes,2019,7,30,0.43,autre,25
7,ADIL MOUFAKKIR,Bon,2021,7,29,0.91,autre,3
7,Adil Elmers,Mezian bzaf,2018,7,30,0.5,autre,11
7,Marrocan Hrira,"Meilleure agence, service rapide 👍👍",2026,7,28,0.95,attente en agence et personnel,35
7,Main Floryn,Bon service,2026,7,28,0.92,attente en agence et personnel,11
7,Saad Maroc,"Excellent service de la part des consultants qui travaillent dur, que Dieu les bénisse.",2026,7,28,0.94,attente en agence et personnel,87
7,Mohamed Khalfaoui,"Honnêtement, les relations d'affaires de l'agence sont excellentes. Merci pour le travail de votre personnel.",2026,7,28,0.98,attente en agence et personnel,109
8,mohamed katif,Agence ouverte mais sans personnel !!! Il n’y a que l’agent de sécurité pour dire que l’équipe revient dans quelques temps je vous conseille de revenir .,2026,4,29,-0.6,attente en agence et personnel,153
8,Adnane Echcharfy,Retard injustifié dans l’installation de la ligne ADSL : plus de 15 jours pour la première demande et déjà plus de 7 jours de retard pour la deuxième. Service très décevant et absence de respect des délais annoncés.,2026,7,28,-0.85,internet fibre et box,215
8,A M,"Je tiens à remercier chaleureusement Mr Yassine pour la qualité de son accueil et de sa prise en charge. Malgré l'heure tardive de ma venue, il a fait preuve d'un grand professionnalisme, de patience et d'une remarquable amabilité.",2026,7,28,0.83,attente en agence et personnel,231
8,youssef El madkouri,"Merci Zineb pour votre professionnalisme, votre gentillesse et votre accueil chaleureux. Toujours avec le sourire.",2026,5,29,0.9,attente en agence et personnel,114
8,Nawal Malki,"Très belle expérience, sympathie et grand professionnalisme. Je recommande",2026,4,29,0.98,autre,74
8,Amr Taje-eddine,Y’a une personne qui accueil les clients malgré la grande fille d’attente,2026,3,30,0.83,attente en agence et personnel,73
8,amine loukili,"L’accès à l’agence m’a été interdit par un agent de sécurité très mal poli car voulais rattacher mon vélo électrique à un garde corps en inox, propriété de l’immeuble. Tout le staff de l’âge me regardait sans cligner un œil. C’est scandaleux !!",2026,7,28,-0.97,attente en agence et personnel,244
8,Mehdi Chouikh Skalli,Zineb est très agréable et souriante llsh yehfedha agence bvd al Quds,2026,3,30,0.63,attente en agence et personnel,69
8,med amine,"Je suis très satisfait de mon expérience. Le service client est impeccable, et l'équipe est toujours prête à aider avec un sourire. Un grand merci à M. Ayoub, qui a été particulièrement attentif et professionnel. Il a pris le temps de",2026,7,28,0.7,attente en agence et personnel,234
8,Mamadou Malick Diané,"Bel accueil et  M. Ayoub qui nous a fourni toutes les informations et proposé les services adéquats relatifs à notre besoin. Tout, jusqu'à la signature du contrat, s'est fait dans un temps rapide.",2026,7,28,0.91,attente en agence et personnel,196
8,ADLOVE,"Un grand merci à Ayoub qui m’a été d’une aide précieuse. Il a fait preuve de professionnalisme et m’a conseillé pour trouver l’offre la mieux adaptée à mes besoin. Merci pour la rapidité, l’efficacité et l’accueil. Je recommande vivement",2026,7,28,0.91,attente en agence et personnel,237
8,Abdellatif,Très bon service vraiment très satisfait. Personne à l écoute . Rapidité efficacité. Un grand merci a M Ayoub je ne regrette gère le fait de changer IAM pour orange,2026,7,28,0.91,attente en agence et personnel,164
8,Khadija BATTIWA,Merci beaucoup yassine pour la proposition de orange Money 🙏🏻,2026,1,29,0.85,autre,61
8,B. Ilyass,Trés bonne experience client avec le staff et plus precisement Mr.Ayoub avec qui j’ai eu le plaisir de traiter plusieurs demandes et qui a été a l’ecoute et trés professionel en tous points.,2026,7,28,0.76,autre,190
8,patient biotech,Une gestion nulle. Un manager incompétent. Vente de cartes incompatibles avec materiel existant. Impossible de changer ou annuler le contrat. Ils vous font aller et venir sans régler le moindre problème. Personne n’a envie de travailler.  J’ai rarement vu un manque de professionnalisme aussi flagrant. A éviter à tout prix.,2024,7,28,-0.84,facturation et prix,324
8,EL HACHIMI ALAOUI Ismail,Je suis passé pour une l'installation de fibre. J'étais très satisfait a tous les niveaux Surtout auprès de Ayoub qui était top. En moin de 48h j'avais la fibre deja installée.,2026,7,28,0.9,internet fibre et box,176
8,Amine Baidchar,"Pire service, mon routeur a été volé, l'agente qui m'a prise en charge dans l'agence m'a pris le routeur, ils m'ont demandé que je n'en avais plus besoin et que je devais le retourner alors que je l'avais acheté. Agence 896 Bd El Qods",2026,7,28,-0.61,attente en agence et personnel,234
8,Ckinfiler,"J’arrive 15min avant la fermeture affichée littéralement sur la porte  d’entrée, mais le rideau est à moitié fermé, je toque car nous sommes toujours dans l’horaire d’ouverture, sa réponse a été d’éteindre les lumières et de m’ignorer.",2026,7,28,-0.71,autre,235
8,Simo BENNANI,1 étoile est de trop pour la qualité d’accueil et d’écoute de cette agence. C’est une honte. Aucune solution trouvée a un problème mineur. Je vais résilier toutes mes lignes personnelles et professionnelles avec cet opérateur à cause de mon expérience pourrie dans cette agence.,2022,7,29,0.62,attente en agence et personnel,278
8,Redoine hadidi,"service médiocre, la seul chose que vous pouvez faire sans probleme c est la souscription a une offre puis aprés commence un vrai calvaire avec le staff de cette agence et le centre de relation client, aucun probléme ne sera résolu et vous",2024,7,28,0.35,attente en agence et personnel,239
8,Nouha Guessous,"Service null, a chaque fois que je passe a cette agence c'est pour y rester 1 heure, le temps d'attente est juste impossible et c'est toujours la faute du système.",2024,7,28,-0.74,attente en agence et personnel,163
8,Anas Ezzejari,Service client très lente,2026,3,30,0.62,attente en agence et personnel,25
8,Sanaa Moumen,"La pire expérience de toute ma vie . Le Mr de l accueil ( le gros brun ) est d une incompétence inouïe  j ai fait deux réclamations au niveau du service clientèles et aussi un mail envoyer au PDG , aux directeurs : commercial , RH marketing",2023,7,29,-0.86,attente en agence et personnel,240
8,Raissa Diaz,Un staff incompétent dans cet agence. Il m’a fallu plusieurs déplacements pour me dire que ma demande ne sera pas prise en compte.,2024,7,28,-0.74,attente en agence et personnel,130
8,Lalla Chadli,Je ne recommande pas orange Trop de publicité mais le service est mauvais Est ce que c est normal qu on vous livre,2024,7,28,-0.78,attente en agence et personnel,114
8,hajar ragba,"Je remercie Mr ayoub pour le service, c'est très gentille et serviable",2026,7,28,0.84,attente en agence et personnel,70
8,Sara BADRI,"Service nul. Personnel insouciant, et ne réponds pas aux demandes du client. J’ai perdu mon temps dans cette agence et je suis sortie sans aucun service rendu.",2023,7,29,-0.72,attente en agence et personnel,159
8,Abdelaali AIT LHOUCINE,"Merci beaucoup et Bravo Équipe Boutique Orange El Qods, surtout Mr Ayoub vraiment Très professionnelle, très à l'écoute .. je recommande fortement",2026,7,28,0.96,autre,146
8,Anass Benadada,"service nul,nul ,nul. il fallait mettre une étoile pour vous racobter ça,  cette agence ne mérite même pas 0, pour un abonnement fibre optique on te donne un numéro d'un commercial , après 2 mois on vient installer un branchement jusqu'à",2020,7,29,-0.5,attente en agence et personnel,237
8,Stephen Magudha,Très bon accueil et professionnalisme de M. Ayoub de l'agence Elqods.  Merci beaucoup M. Ayoub,2026,7,28,0.97,attente en agence et personnel,94
8,badia budi3ti,"Le service est trés nul,pensez a qualifier vos employé.  elle m a demander d aller a une autre agence pour payer parceque ils ont problem",2020,7,29,-0.81,attente en agence et personnel,137
8,Ayoub KHALID,Un tres bon service les conseillers sont accueillants et souriants merci encore une fois,2026,7,28,0.96,attente en agence et personnel,88
8,Nabil Nabilov,"Un staff incompétent et peut serviable,dommage que ce soit à l’encontre de l’effort que fait la compagnie pour améliorer ces services.",2024,7,28,-0.54,autre,134
8,Fatima El Abbadi,"e remercie infiniment Mme Habiba Mouira pour son accueils chaleureux , très serviable, aimable ,accueillante, gentille ,merci encore Mme 🙏🙏",2026,7,28,0.96,autre,139
8,hamza moufkih,Un accueil chaleureux par un monsieur qui s appelle ayoub si je me rappelle bien son nom zouhaidi,2026,7,28,0.74,attente en agence et personnel,97
8,Caoutar AbdelHamid,"trés bon service . je tien de remercie monsieur ayoub et tout l'equipe , bon courage pour la suit .",2026,7,28,0.98,attente en agence et personnel,99
8,Bayane Hamiddine,Agent Ayoub est très aimable et serviable. Il a su présenter le meilleur service.,2026,7,28,0.95,attente en agence et personnel,81
8,Nadir Messai,Super expérience avec Ayoub à 2 reprises. Je recommande de passer par cette agence.,2026,7,28,0.88,attente en agence et personnel,83
8,Rachid Sayad,Merci Mr Ayoub pour votre service rapide et efficace et pour votre sourire.,2026,7,28,0.96,attente en agence et personnel,75
8,Sileymane Diallo,"Suite achat et perte de carte sim, je viens demander l'activation de numéro et renouvellement de carte sim l'on me répond qu'il faut impérativement le socle de la carte sim perdue et que tout le monde peut avoir un numéro de carte sim, le",2019,7,30,-0.6,carte sim et réseau,238
8,Hicham Ait bencheikh,Très  bonne service. Acceuil agréable  de Si Ayoub.,2026,7,28,0.96,attente en agence et personnel,51
8,Anass Mh,Excellent travail service parfait choukrane drari lli temma surtt Mr Ayoub,2026,7,28,0.91,attente en agence et personnel,74
8,adil ghariss,Satisfait du service et la disponibilité du personnel et surtout Mr Ayoub Zouhairi,2026,7,28,0.81,attente en agence et personnel,82
8,Brahim Belkoubbi,J'étais bien accueilli par M.  Ayoub Ezouhairi Excellente expérience,2026,7,28,0.96,autre,68
8,Maha Amouri,"J’ai trouvé un Commercial qui s’appelle Ayoub, elle est très gentille elle est serviable 🥰🙏",2026,7,28,0.8,autre,91
8,ibtissam amrani,"Je remercie infiniment hajar et Fati pour leurs accueils chaleureux , elles sont très serviables agréables et efficace .",2024,7,28,0.87,autre,120
8,Rachid ELKHATRI,Malheureusement y en a pas moins que 1 etoile vous ne le méritez pas . service d'accueil trop nul . réceptionniste trop vulgaire.,2022,7,29,-0.83,attente en agence et personnel,129
8,Halima Youssoufi,Merci beaucoup Mr Ayoub vraiment Très professionnelle . Et Bravo a toutes l'équipe Orange El Qods.,2026,7,28,0.95,autre,98
8,othmane benayad,Excellent service et accueil de ayoub de l'agence orange alqods,2026,7,28,0.95,attente en agence et personnel,63
8,Mahmoud Lotfi,Aucun respect pour les clients Agents non qualifiés (La jeune demoiselle non souriante et qui croit qu'Orange est la sienne et qui applique ses propres règles ),2020,7,29,-0.48,autre,160
8,Said Akouchi,"Service nul ,personnel absent, tu sera reçu par l l'agent de sécurité, ça fait la troisième fois que je demande l l'activation de mon numéro, sans aucune réponse...vraiment personnel irresponsable, à éviter....",2023,7,29,-0.59,attente en agence et personnel,210
8,Mohamed Barakizou,Service médiocre ne mérite même pas une étoile,2026,7,28,0.0,attente en agence et personnel,46
8,Asmaa Hj,Mauvais accueil mauvaise orientation  la personne qui c est adressé à moi est impolie et désagréable,2023,7,29,-0.95,attente en agence et personnel,100
8,One,"Très bon service et excellent conseil, merci Sidi Oussama laghzal!",2022,7,29,0.98,attente en agence et personnel,66
8,Ilyass Benjelloune,Bon service,2026,4,29,0.92,attente en agence et personnel,11
8,Badr Idrissi,"Un agent pour plusieur client ,attente de 45 mn pour paye une facture deception",2020,7,29,-0.48,attente en agence et personnel,79
8,Oumaima Achlaf,Service nul franchement .les gens incompétents,2024,7,28,-0.73,attente en agence et personnel,46
8,Tarik El haddaoui,un service minable   personnelles non professionnel,2021,7,29,-0.66,attente en agence et personnel,51
8,asma Oum Chaimaa,Équipe formidable,2025,11,30,0.85,autre,17
8,Anas Mansour,"Agence sur le boulevard Al Qods, horaires pratiques, personnels dynamiques, et souvent une attente raisonnable.",2018,7,30,-0.49,attente en agence et personnel,111
8,atlas mavi,Null. Une personne qui circule comme fantom. Attend  longtemps,2023,7,29,0.46,autre,62
8,Reda EL FILLALI,"Service trop null, Aucun equipement disponible",2020,7,29,-0.5,attente en agence et personnel,46
8,Gallasse Falilou Diagne,Bonne accueille et bon service,2026,7,28,0.98,attente en agence et personnel,30
8,Emerson BADOU,Ayoub est fantastique,2026,7,28,0.85,autre,21
8,Abdelhamid Elhachemi,Service excellent et équipe au top,2022,7,29,0.98,attente en agence et personnel,34
8,Anas EL YASMI (RED),Bel accueil et service rapide,2019,7,30,0.96,attente en agence et personnel,29
8,Dadsi Dani,Fait partie des 3 opérateurs actuels du pays,2021,7,29,0.51,autre,44
8,tarik,Tres mauvais services,2022,7,29,-0.85,autre,21
8,Abdel El,C'est catastrophique 0/10,2020,7,29,-0.88,autre,25
8,Simo Naji,Tout est ok,2021,7,29,0.87,autre,11
8,Badr-Eddine Srhir,Vous manquez de professionnalisme,2020,7,29,-0.69,autre,33
8,Simo Allali,Service pas mal,2021,7,29,0.69,attente en agence et personnel,15
8,Mouad Chiguer,Bien,2022,7,29,0.75,autre,4
8,Nour Oise,Excellent service,2020,7,29,0.95,attente en agence et personnel,17
8,Simorayanechannel VOTRE CHAINE YOUTUBE,Agence d'orange,2020,7,29,0.58,attente en agence et personnel,15
8,Oubahim soumia,Bravo,2019,7,30,0.92,autre,5
8,abou el kassim radwane,mauvise service,2021,7,29,0.5,attente en agence et personnel,15
8,Houssam SCH,Incroyable,2021,7,29,0.6,autre,10
8,zakaria Essaaj,Je constate avec regret que mon problème reste sans solution depuis plus d’un mois. Aucun suivi n’a été assuré et les délais annoncés ne sont pas respectés. Même le chef d’agence n’apporte ni aide ni escalade du dossier. vraiment c'est pas digne de la réputation du service de l'opérateur orange,2026,7,26,-0.59,attente en agence et personnel,295
8,Rim Sbaai,"Bonjour, j'ai beaucoup apprécié le service ici à cette agence Orange et surtout celui de M. Ayoub, qui nous a vraiment été d'une grande aide, je tiens à le remercier encore une fois.",2026,7,28,0.91,attente en agence et personnel,182
8,Hi Cham,Merci beaucoup pour votre service. Merci 3lik Doux et serviable,2026,7,28,0.96,attente en agence et personnel,63
8,reda cherrati,Mrc khouya ayoub 3la service gadity liya dakchi lah issahal 3liik👍,2026,7,28,-0.4,attente en agence et personnel,66
8,Tawjeeh Casablanca,"Excellent service. Un grand merci à Ayoub, qui a été d'une grande aide.",2026,7,28,0.99,attente en agence et personnel,71
8,Seniorita MA,"Des employés qui ne répondent pas aux salutations ou aux salutations, et dont le visage est renfrogné quand on les attaque.",2024,7,28,-0.51,autre,123
8,Rka 666,Ils ne traitent pas bien les clients ; je ne veux pas aller dans cet endroit.,2020,7,29,-0.48,autre,77
8,Abdessadeq El Amrani,"Bon service, directeur d'agence agréable",2019,7,30,0.95,attente en agence et personnel,40
8,Fatima Zahrae Najdini,"Ils arnaquent les gens, soyez prudents.",2023,7,29,-0.72,autre,39
8,Google Opinion,service trop lent et de mauvaise qualité,2021,7,29,-0.83,attente en agence et personnel,40
8,Nour Amoukar,Bon service,2020,7,29,0.92,attente en agence et personnel,11
8,Badr Mizo,Incomplet,2022,7,29,0.58,autre,9
8,Anas Yafir,service ZÉRO,2023,7,29,0.55,attente en agence et personnel,12
9,أوريدي سمير,"Un employé d'Orange n'a pas accès à internet, comment pourrait-il me l'installer ? Haha, je vous jure, la différence entre Maroc Telecom et Orange est abyssale.",2026,5,29,-0.65,autre,160
9,Vapam Jaco,Service déplorable. Je paie 248 dirhams et voilà le résultat : internet en panne.,2026,7,28,-0.8,attente en agence et personnel,81
9,Mr HAMZA,Bon en général,2022,7,29,0.92,autre,14
10,ahmed laassiri,"Je tiens à partager ma très mauvaise expérience avec cette agence Orange Maroc. Je devais échanger mon routeur WiFi défectueux. On m’a demandé de revenir le lendemain pour récupérer le nouveau. Je suis revenu comme convenu, mais on m’a",2026,5,29,-0.95,internet fibre et box,235
10,Rahma Gogo,"Mauvaise expérience avec Orange, service client inefficace.Et retard d’activation de wifi de 6 jours",2026,4,29,-0.71,internet fibre et box,100
10,mehdi jabir,"Je me suis rendu plusieurs fois dans cet établissement pour payer ma facture Orange. Malheureusement, le service est toujours le même : attente très longue, manque d’accueil et aucun professionnalisme de la part du personnel. Même un simple",2026,4,29,-0.72,attente en agence et personnel,240
10,mouad lahbib,"Je déconseille fortement cet opérateur, du moins en ce qui concerne le service de box. La promesse d'un débit de 20 méga est loin d'être tenue, le service client est peu utile et le processus de résiliation est compliqué, avec des",2024,7,28,-0.61,attente en agence et personnel,230
10,Ismail DUO,"J'ai demandé une carte ESIM, cependant, j'ai été informé que les cartes ESIM standards ne sont pas encore disponibles et qu'un abonnement obligatoire est requis.",2023,7,29,-0.52,facturation et prix,161
10,Asmae Manesser,"Très bon service 👍🏻 Meilleure agence, équipe efficace et professionnel",2026,7,28,0.98,attente en agence et personnel,70
10,Marouane Essayfy,Numéro de l'agence stp,2026,4,29,0.43,attente en agence et personnel,22
10,Amina Abdelghafour,"Meilleur agence, bon accueil, équipe efficace et professionnel",2026,7,28,0.99,attente en agence et personnel,62
10,Simo elyabani Saw,merci trés bon service,2026,7,28,0.92,attente en agence et personnel,22
10,demnat ennaciri Mohamed,Bon service,2026,7,28,0.92,attente en agence et personnel,11
10,Omar Omar,Service de qualité,2024,7,28,0.82,attente en agence et personnel,18
10,mouad wac,"À éviter, il y a plus de service. Après avoir acheté et testé le boîtier WiFi à 250 DH, il sera équipé d'un port de 20 mégaoctets, et je ne recevrai ni 5 mégaoctets ni 2 mégaoctets. Je contacte le service client (la personne qui me",2024,7,28,-0.4,attente en agence et personnel,231
10,hares soufiane,Agence big ou fiha wahed likhdam zham service zéro,2026,3,30,0.43,attente en agence et personnel,50
10,Dadsi vlog,Bonjour,2026,4,29,0.75,autre,7
10,Amiine Adssi,Bon service,2026,7,28,0.92,attente en agence et personnel,11
10,Si Mohamed,Service excellent,2026,7,28,0.96,attente en agence et personnel,17
10,zakaria naji,Service client médiocre,2024,7,28,0.62,attente en agence et personnel,23
11,checkinmorocco,"Je suis très déçu(e) par l’accueil à l’agence O Village. La dame présente sur place s’est montrée impolie et peu respectueuse envers les clients, avec des gestes et une attitude laissant penser qu’elle était agacée. Si elle n’est pas",2026,5,29,-0.89,attente en agence et personnel,233
11,HIBA REGHAI,"Un grand merci à toute l’équipe Orange O Village pour votre professionnalisme, votre accueil chaleureux et la qualité du travail fourni. Une équipe engagée, réactive et toujours orientée satisfaction client.",2026,3,30,0.95,attente en agence et personnel,207
11,ILYAS wac,"on est le 27/11/2025 et malgré tous les relances via agence via centre d'appels, pas d'avancement.            contrat signé le 28/08, la fibre n'est pas encore installé , et on est le 29/10.ça montre tous ...........",2026,3,30,0.0,internet fibre et box,216
11,Zahra Tayri,Je remercie Orange pour la qualité de ses services et l’excellent accueil du service client. Toujours à l’écoute et très professionnels. Je recommande sans hésiter.,2026,3,30,0.92,attente en agence et personnel,164
11,wissal elmaayati,Je suis très déçue du service de l’agence Orange à O’Village Sidi Maarouf. Ma sœur a demandé la réactivation de son numéro ainsi que la récupération de sa carte SIM (numéro sous son nom et avec contrat). L’agent nous a dit qu’il allait,2026,1,29,-0.9,attente en agence et personnel,235
11,Med Haddioui,"Mauvais service malheureusement, l’agent li kan tema sba7 mabaghich taihder",2026,5,29,-0.82,attente en agence et personnel,75
11,khalid boutbagha,"Merci bq pour le service dans la boutique orange o'village , equipe serviable bravo",2026,4,29,0.96,attente en agence et personnel,83
11,Docteur Doc,"Une expérience merdique tu signe un contrat adsl qui stipule que l'installation et mise en service se feront en 7 j ouvrables max et tu te retrouve à j 11 sans connexion et tout ce qu'ils trouvent à te dire c'est ""appele le centre de",2026,7,28,-0.47,internet fibre et box,233
11,said elaadmi,"J'ai vécu une experience traumatisante ce dimanche 02 fevier 2025. En effet, je suis parti échanger mon modem fibre optique par un nouveau car l'ancien ne fonctionne plus ( conformation equipe technique) sauf que le responsable me repond",2026,7,28,-0.73,internet fibre et box,237
11,Mohamed FILALI,"J'ai déménagé, je voudrais transférer la fibre à ma nouvelle adresse, elle m'a dit qu'il y'a un problème dans la demande, et il faut envoyé une réclamation et attendre 48h , sinon on résilié le contrat et on souscrit à nouveau",2026,7,28,-0.73,internet fibre et box,226
11,Sara To,Très bon service,2026,3,30,0.98,attente en agence et personnel,16
11,Azeddine Gattafi,Expérience très positive et le personnel à l’écoute. Petite mention spéciale à Madame Jihane qui a su résoudre mon soucis avec professionnalisme . Je recommande 😃,2026,7,28,0.96,attente en agence et personnel,162
11,Reda Berrada,Agent tres serviable reactif et très agreable . Contrairement a dautre agence notament celle de bouskoura,2025,10,1,0.51,attente en agence et personnel,105
11,Youssef,Équipe serviable merci,2026,3,30,0.61,autre,22
11,mezouari adam,"Le service était hyper sympa, un grand merci a mouad qui   A rendu l’expérience assez fluide et aimable !",2026,7,28,0.92,attente en agence et personnel,105
11,Fatima Zahra Nabil,Bonne expérience dans votre magasin avec votre salarié jihane elle m'a aidée et donné de bon conseil je recommande au top 👌,2026,7,28,0.95,autre,123
11,izdi khalil,"On m’a très bien accueilli, les agents aimables 👍",2025,10,1,0.98,autre,49
11,Hamza Behar,Je suis très satisfait de mon expérience dans cette boutique 👏,2026,7,28,0.84,autre,62
11,Culinary Medicine Deutschland,conseils très sympathiques et compétents aux clients. Utile même pour les petites questions sur les communications mobiles pour les touristes. J'adorerais revenir ici!,2024,7,28,0.89,autre,167
11,imane elbakkaly,Service a la hauteur avec une équipes sympa je recommande vivement cette agence 🤩🤩,2026,7,28,0.57,attente en agence et personnel,82
11,Moad Bouanani,"Très très bob service, radipe efficace et très aimable. Merci Orange",2026,7,28,0.97,attente en agence et personnel,68
11,chama chouhbi,Un très bon service de la part de la conseillère commerciale jihane agence marché centrale Meknès je recommande,2026,7,28,0.93,attente en agence et personnel,111
11,ayoub zeroual,"Très bon service de la part de l’équipe orange, spécialement Mr Mouad Faris",2026,7,28,0.96,attente en agence et personnel,75
11,Youssef Aoubi,"Très bon service de la part de l’équipe orange, spécialement monsieur mouad👍",2026,7,28,0.97,attente en agence et personnel,76
11,M,Compétence médiocre. On m'a fait perdre beaucoup de temps pour rédiger une simple demande de résiliation.,2026,7,28,-0.53,autre,105
11,amine eladlani,Merci pour le service c’est très gentil,2026,7,28,0.91,attente en agence et personnel,39
11,Hamza Faris,"Merci beaucoup pour le service , les Agence sont très serviable. Merci beaucoup 🤍🤍",2026,7,28,0.94,attente en agence et personnel,82
11,othmane ayay,Très bon service! 🙂,2026,7,28,0.99,attente en agence et personnel,19
11,Fatima Zahra El bakkaly,Personnel très acceuillant service professionnel et rapide,2026,7,28,0.65,attente en agence et personnel,58
11,Bouchra Bennis,Je vous remercie infiniment pour votre service,2026,7,28,0.73,attente en agence et personnel,46
11,Latifa Jouhari,Meilleure expérience client je vous recommande cette agence,2026,7,28,0.93,attente en agence et personnel,59
11,Dahmani Marouane,Merci pour les conseils et surtout l'ambiance conviviale au sein du Shop.,2024,7,28,0.96,autre,73
11,taoui aymane,tres bon service,2025,10,1,0.96,attente en agence et personnel,16
11,Abdo Razzak,Service de qualité et une très belle boutique 😍😍,2026,7,28,0.96,attente en agence et personnel,48
11,Houssam Bouzine,Merci pour votre service Mouad Faris merci frérot,2026,7,28,0.93,attente en agence et personnel,49
11,Siham Eddaoudi,J'adorais le service de cette agence,2026,7,28,0.85,attente en agence et personnel,36
11,hasna andaloussi dahman,Un bon service de soufian orange merci énormément,2026,7,28,0.93,attente en agence et personnel,49
11,ahmed elfilali,Merci bcp bonne services,2026,7,28,0.9,autre,24
11,Thiopatta Kane,Très bien,2026,7,28,0.99,autre,9
11,Abdelhamid Laaraj,Service impeccable! Merci,2026,7,28,0.87,attente en agence et personnel,25
11,Alae Bendouah,Très bon service,2026,7,28,0.98,attente en agence et personnel,16
11,Raycha Idrisi,"Meilleurs service meilleur agence ,,😍😍",2026,7,28,0.96,attente en agence et personnel,38
11,Abde Tayri,Belle expérience,2025,10,1,0.92,autre,16
11,Hamza Hamza,Equipe très compétence,2026,7,28,0.79,autre,22
11,Younes Saidy,équipe serviable 😍,2025,10,1,0.66,autre,18
11,Mariii Marwa,Service de qualité 👍👍,2026,7,28,0.83,attente en agence et personnel,21
11,karim كريم,Très satisfait,2026,7,28,0.92,autre,14
11,Amine El Aouni,Bon service✅,2026,7,28,0.91,attente en agence et personnel,12
11,Nabil EL KHORCHI,Merci pour le service,2026,7,28,0.96,attente en agence et personnel,21
11,Nokho Omar,Meilleur service,2026,7,28,0.95,attente en agence et personnel,16
11,arabic focus mind,Meilleur service clientèle,2026,7,28,0.95,attente en agence et personnel,26
11,Meriem Abdelhak,Bon service,2026,7,28,0.92,attente en agence et personnel,11
11,arroud youssef,Parfait,2026,7,28,0.8,autre,7
11,El Gana Jamal,Équipe serviable,2026,7,28,0.66,autre,16
11,Ismail Goutbi,👍,2026,7,28,0.42,autre,1
11,Ali Gabli,👍 👍 👍 👍,2026,7,28,-0.38,autre,7
11,K,Bon service,2026,7,28,0.92,attente en agence et personnel,11
11,Khalil Hounti,Boutique manifique,2026,7,28,0.8,autre,18
11,Caza Caza,Merci pour l'accueil,2026,7,14,0.98,attente en agence et personnel,20
11,Black hound,équipe serviable 👍🏼,2026,7,28,0.66,autre,19
11,Amjich Ayoub,"Très satisfait du service. L'équipe a été réactive, professionnelle et à l'écoute de mes besoins. Je recommande vivement.",2026,7,28,0.9,attente en agence et personnel,121
11,Meryem Ouassif,Service top merci sara,2026,7,28,0.6,attente en agence et personnel,22
11,Saad Zila,"Très déçue du service. Je me suis présentée à 22h40 alors que l’horaire affiché indique 23h, mais le monsieur n’a même pas pris la peine d’ouvrir la porte ou d’expliquer. C’est vraiment dommage et irrespectueux pour les clients.",2026,7,28,-0.97,attente en agence et personnel,228
11,Oth Man,"Service très agréable, merci beaucoup au monsieur à lunettes !",2026,3,30,0.9,attente en agence et personnel,62
11,Khalid Slik,Personnel désagréable et service lent,2026,7,28,-0.66,attente en agence et personnel,37
11,zineb tayri,Équipe formidable,2026,3,30,0.85,autre,17
11,zinoun sara,Jihane Elouati marché central bnita driyfa bzzzff hiya li khalatni chark m3akoum,2026,7,28,0.51,autre,80
11,Wissam Obama,Dima lala fati mnwra l'agence 9imat ta3amol,2026,7,28,0.4,attente en agence et personnel,43
11,Youness Mourtajy,Bonne équipe,2025,10,1,0.93,autre,12
11,Khadim Rassol Lakh,Excellent service 👌🏽,2026,7,28,0.95,attente en agence et personnel,20
11,Ouiam ElMajni,Bon service 👍🏼,2026,7,28,0.92,attente en agence et personnel,14
11,Abdo Daryf,Ouvrir alors qu'ils ne sont pas ouverts,2026,7,28,-0.44,autre,39
11,Mohamed Boussaid,Bon travail,2026,7,28,0.95,autre,11
11,Wassim Ouledchattou,bon service,2026,7,28,0.96,attente en agence et personnel,11
11,Houssin,bien,2026,7,28,0.96,autre,4
11,Neo,Personnel incompétent.,2026,7,28,-0.53,attente en agence et personnel,22
11,Mohsine Belballi,Service Bn,2026,7,28,0.49,attente en agence et personnel,10
11,Amine Barji,Bon service,2026,7,28,0.92,attente en agence et personnel,11
11,El bokhari El-hajjajy,👏👏,2026,7,28,0.42,autre,2
11,Ismail Idrissi,Merci,2026,7,28,0.86,autre,5
11,Houssam Majmoua,Service Meillheur,2026,7,28,0.55,attente en agence et personnel,17
11,Ihssane Pati,"Accueil excellent, une jeune femme charmante, que Dieu la bénisse ! Elle était souriante et son service impeccable. Merci, Orange Agency.",2026,7,28,0.93,attente en agence et personnel,137
12,محسن الخياري,"Aujourd’hui, lors de ma visite à l’agence Orange au Maroc, j’ai été accueilli avec une grande courtoisie par une agente s'appelait Hind, dont le professionnalisme mérite d’être salué. Son sens du service, sa patience et sa manière claire",2026,3,30,0.75,attente en agence et personnel,237
12,imane azayou,"Je tiens à vous adresser mes sincères félicitations pour avoir choisi une conseillère telle que Madame Hind, qui se distingue par son sourire, son accueil des plus chaleureux et surtout son professionnalisme exemplaire. Elle transmet les",2026,2,28,0.76,attente en agence et personnel,237
12,SAM UEL,"J’ai souscrit au forfait 49dh Réseaux sociaux en 3 ou 4 minutes, dans un point agréé orange a Maarif face Twin center. Pour le désactiver c’est la galère, depuis septembre que j’ai fais la demande de résiliation.. l’agent qui m’a activé le",2026,5,29,-0.48,carte sim et réseau,239
12,Wijdane Lahlou,"Très déçue du service. Je tiens à préciser que l’agence a fait correctement son travail et que ce commentaire concerne Orange dans son ensemble. Installation de la fibre faite mercredi, mais la ligne n’est toujours pas activée après 6",2026,1,29,-0.93,internet fibre et box,234
12,Boudarf Hafsa,"Une mauvaise expérience. Je suis venu pour récupérer mon numéro de téléphone et ils m'ont dit que ce n'était pas possible, et le numéro est devenu au nom de quelqu'un!!!!! S'il vous plaît, aidez-moi à le récupérer.",2026,5,29,-0.98,service client et assistance,214
12,TIKO The clever,Personnel pas serviable et jamais disponible. Pour avoir juste une information sur ton dossier tu es obligé de te déplacer. De plus ils perdent ton dossier. Des agents toujours absent ou indisponible pour des raisons fallacieuses.  Les,2026,1,29,-0.69,attente en agence et personnel,235
12,Kamil KINANY,"Ils mettent partout l’affiche de la 5g , et ils ne mettent qu’il minimum un iPhone 12 pour l’avoir et bien sur l’affiche il ne le mettent pas",2026,2,28,-0.37,carte sim et réseau,141
12,Omar25 Hf,Super avec Melle hind agence orange Oum rabii top1,2026,2,28,0.8,attente en agence et personnel,50
12,Hany Sanaa,"Très bon accueil, efficacité",2026,2,28,0.99,attente en agence et personnel,28
12,houssam Berdad,Je tiens à remercier chaleureusement les agents commerciaux d’Orange à l’agence Oum Rabii pour leur excellent service Un merci tout particulier à l’agent Zineb Lalaa pour son professionnalisme son,2026,7,28,0.85,attente en agence et personnel,196
12,Mohammed Agha,Je recommande cette agence. Pleine satisfaction de notre côté. Tout cela a été possible grâce à une équipe et en particulier notre  agent el bouaamri mohamed pour sa gentillesse et son bon comportement professionnelles.,2026,7,28,0.93,attente en agence et personnel,219
12,Louay Bousry,"Je tiens à vous remercier sincèrement pour votre accueil chaleureux et votre professionnalisme. Votre écoute, vos conseils et votre réactivité ont rendu cette expérience agréable et fluide. Merci pour votre excellent travail El Bouamri Mohamed 🙏",2026,7,28,0.93,attente en agence et personnel,245
12,kitchen saida,Bonjour je suis une cliente très fidèle aujourd'hui je suis parti pour faire une souscription forfait mobile . J'ai rencontré une jeune damme elle s'appelle hind hany très ravissante et aimable bon courage,2026,7,28,0.81,carte sim et réseau,205
12,Abdo Laila,Merci infiniment pour votre disponibilité et votre accompagnement exemplaire. Votre professionnalisme et votre bienveillance ont grandement facilité ma démarche. C’est un plaisir d’être conseillée par quelqu’un d’aussi compétent et attentionné !El Bouamri Mohamed,2026,7,28,0.54,autre,263
12,Nouhayla EL KALA,"Je tiens à exprimer ma satisfaction concernant l'assistance que j'ai reçue de la part d’une chargée de clientèle s’appelle Latifa au sein de votre agence . Lors de ma récente visite, Elle a fait preuve d'un professionnalisme exemplaire et",2026,7,28,0.5,attente en agence et personnel,238
12,Zakari Zégaï,"Nul de chez nul, après 1 mois et plusieurs appels ils ne passent pas chez moi. Je demande d annuler et ils ne veulent pas me rembourser .",2025,10,1,-0.57,autre,137
12,ilyas mhaimer,"Un grand merci pour votre gentillesse et votre professionnalisme. Vous avez su répondre à toutes mes questions avec patience et efficacité. Votre accompagnement a été précieux, bravo pour votre excellent travail El Bouamri Mohamed",2026,7,28,0.98,service client et assistance,230
12,mohamed lakhouil,"Je tiens à exprimer ma satisfaction concernant le service reçu de la part de votre collaborateur Simohamed EL BOUAAMRI lors de ma récente visite à votre agence. il a fait preuve d’un grand professionnalisme, d’écoute attentive et d’une",2026,7,28,0.65,attente en agence et personnel,235
12,lounou shop,"Un grand merci pour votre professionnalisme et votre disponibilité. Votre accompagnement a été impeccable, et vos conseils ont vraiment fait la différence. Bravo à toi El Bouamri Mohamed.",2026,7,28,0.86,autre,187
12,Sanaa Ramram,"J'étais reçue par Mr Hamza naciri , un très bon accueil,  ma demande à été traité avec professionnalisme,  il répondu à toute mes questions",2026,7,28,0.94,attente en agence et personnel,139
12,TAOUFIK MEZIANE,"Un service d’excellence, j’ai été accompagné par mohammed bouamri durant toute la procédure de mise en place de mon programme de fidélité .trop satisfait je le recommande",2026,7,28,0.67,attente en agence et personnel,170
12,asma mabrouk,Surprise par la qualité de service et le professionnalisme des personnels de l’agence oum rabia . Merci à Hamza qui nous a pris en charge avec sourir et amabilité. Bonne continuation,2026,7,28,0.89,attente en agence et personnel,182
12,youness harchi,"Service nul , très lent , j'ai attendu preque une heure pour rencontrer une conseillère qui n'a pas écouté à ma réclamation et  qui m'a mal informé par rapport à ma demande de résiliation . Il faudra vraiment revoir la formation de vos",2026,7,28,-0.7,attente en agence et personnel,235
12,Amadou soumaré,Hamza merci pour le service c’est très gentil et aussi vous êtes efficace.,2026,7,28,0.8,attente en agence et personnel,74
12,Mohamed Amine SAJID,Service excellent et grande réactivité et professionnalisme de la part de El Bouamri Mohamed,2026,7,28,0.97,attente en agence et personnel,92
12,khalid filali,Mauvaise expérience Pour changer le routeur,2026,4,29,0.61,internet fibre et box,43
12,Sihemجزاك الله خيرا Alammari,J'etait toujours satisfaite pour le service avec la clientelle merci bcp e bonne continuation e je tient a remercier le chef d'agence  m majda pour sa gentiesse e disponibilitè,2026,7,28,0.93,attente en agence et personnel,176
12,Lhaj Benkhaldon,"Merci à Mr El hamyny qui nous a habitué de son excellente  prise en charge de notre  demandes , à bientôt",2026,7,28,0.95,autre,105
12,Mery Kliiima,Je suis très satisfaite par le service rendu par Monsieur Bouamri souriant aimable et très gentil,2026,7,28,0.96,attente en agence et personnel,97
12,YASMINE LAKHOUIL,"Très bon service, le comercial avec lequel j’ai traité a été très réactif et m’a beaucoup conseillé pour parvenir à faire mon choix, merci El Bouaamri Mohamed",2026,7,28,0.93,attente en agence et personnel,158
12,Saadia Jmili,"Je tiens a remercié infiniment Mme fatima zahra pour le temps accordé  pour ses explications , probleme est traité après plusieurs réclamations je suis très reconnaissante merci a elle",2026,7,28,0.49,autre,184
12,Najat// Wissaaden,"Merci beaucoup chère Zineb Kalaa !!! Commerciale professionnelle, sympa , à l'écoute, prestation à la hauteur. Mille mercis Zineb ! Tu es une fierté pour Orange ! Elle a répondu à toutes mes questions.. demande traité avec efficacité et rapidité.rien à dire !",2026,7,28,0.9,autre,259
12,houssam berdad,Je tiens à féliciter l’agence Orange Oum Rabii pour la qualité exceptionnelle de son service en particulier Monsieur Bouameri Son professionnalisme sa disponibilité et son attention envers les clients font,2026,7,28,0.63,attente en agence et personnel,205
12,Laila El Mohammady,Accueil chaleureux des commerciaux professionnels et surtout je tiens à remercier la conseillère Latifa elle m a bien expliquée l offre,2026,7,28,0.47,attente en agence et personnel,135
12,Sana Nassiri,Bon accueil.problème technique explique et résolu sur le champ.suivi après service assure.grand professionalisme des agents du service clientele surtout Mr Hamza +++agence Oum Rabia.merci,2026,7,28,0.94,attente en agence et personnel,187
12,Elamouri Ahmed,bon service avec Melle latifa,2026,7,28,0.94,attente en agence et personnel,29
12,abderrahim abo imrane,Merci a lagent el bouaamri pour son acceuil et le bon service,2026,7,28,0.95,attente en agence et personnel,61
12,abdelhak boujanoui,Merci à l agent el Bouaamri pour le bon service et ton professionnalisme,2026,7,28,0.95,attente en agence et personnel,72
12,Fred HQD,Très bon service de Mr Hakim pour le changement de sim vers esim. La queue d'attente est bien gérée.,2026,7,28,0.91,attente en agence et personnel,100
12,Abdo Aziz,Merci a MR Mohamed hamyny  pour ses services  de . qualite et  a la prochaine fois inchallah,2026,7,28,0.79,autre,92
12,Elouadi Hamza,Très bonne expérience je remecie énormément l'agence oum rabii spécialement Mr hamza naciri pour son acceuil et pour sont traitement,2026,7,28,0.9,attente en agence et personnel,132
12,Loubna NAHIFY,Bonjour je tiens a remercier mr Hamza pour son service et professionnalisme ✅💯,2026,7,28,0.79,attente en agence et personnel,78
12,Mamadou Toure,Je suis très très satisfait du service de l'agent el hamyny pour sa courtoisie et de son accueil il est très très explicite,2026,7,28,0.87,attente en agence et personnel,123
12,Samir Zouhair,Merci a l agent elbouaamri pour son professionnalisme et sa gentillesse,2026,7,28,0.9,autre,71
12,Sara Fadlallah,Merci beaucoup ! Service impeccable agent Hamza au top..m’a résolu mon problèmes d’application maxi it,2026,7,28,0.94,attente en agence et personnel,102
12,Nadia Saad,Je remercie infiniment mr el bouaamri pour le bon service,2026,7,28,0.85,attente en agence et personnel,57
12,Barcelonais Catalan,Je tiens à remercier Simohamed El bouaamri pour son professionnalisme et engagement lors de mon passage à votre agence,2026,7,28,0.85,attente en agence et personnel,118
12,Anass Zine,Merci Mr mohamed el hamyny pour son service de qualité,2026,7,28,0.73,attente en agence et personnel,54
12,Spyro Team,Merci pour toute l equipee oum rabii et surtout l agent él bouaamri pour son accueil et son proffessionalisme,2026,7,28,0.88,attente en agence et personnel,109
12,Nabil,Merci à Hamza pour son accueil sa gentillesse et ses conseils . Je recommande cette agence et ce conseiller,2026,7,28,0.96,attente en agence et personnel,107
12,Ali risani,Merci Mohamed el bouaamri pour ton accueil et pour ton professionnalisme,2026,7,28,0.89,attente en agence et personnel,72
12,Souad Challaf vlog,Un accueil très chaleureux et un commercial très souriant vraiment un bons services bravo ! Est surtout Mme Majida était à l'écoute est souriante .,2026,7,28,0.98,attente en agence et personnel,147
12,hajar wahbi,"Service au top dans cette agence. Le personnel est très accueillant et au petit soin. Je recommande vivement, continuez comme ça !",2026,7,28,0.97,attente en agence et personnel,130
12,Houcine Atrach,Merci  a Mr mohamed hamyny pour son aimable service ...,2026,7,28,0.76,attente en agence et personnel,55
12,Jamal Benzekri,Très bon service et gentillesse avec sourire Merci Melle latifa,2026,7,28,0.97,attente en agence et personnel,63
12,AYMANE IRROU,Je tiens à remercier l agent el bouaamri pour son soutien hier à l agence très simpas et serviable,2026,7,28,0.85,attente en agence et personnel,98
12,Settat Sakn,Pas sen commerciale ni respect ni prise en charge les agents se plaisent entre eu et les clients en attente grave  gestuelle avec les clients en plus trop de retard pour saisir les forfaits et l activation des forfaits normaux je sais bien,2020,7,29,-0.68,attente en agence et personnel,239
12,Islam Islam,Merci a toute l'equîpe de l'agence Orange Oum rabii et spécialement a Mr Mohamed,2026,7,28,0.73,attente en agence et personnel,80
12,Soukaina Berrada,un accueil tres chaleureux de la part chef d’agence madame Majida  qui m’a bien conseillé  et qui était très aimable 👍,2026,7,28,0.88,attente en agence et personnel,118
12,Sanae Batal,Bon service avec mohamed elbouaamri merci pour ta gentillesse,2026,7,28,0.9,attente en agence et personnel,61
12,Manal Kandila,Merci Mohamed El bouaamri bon service,2026,7,28,0.93,attente en agence et personnel,37
12,Amina Ajenkar,Si Mohamed un agent serviable souriant et dynamique merci d avoir résolu mon problème pr le routeur,2026,7,28,-0.43,internet fibre et box,99
12,ESSAMLALIA,Un bon service accueil chaleureux j'aime beaucoup la prestation offerte sutout latifa très aimable dynamique et surtout serviable merci beaucoup latifa ❤️❤️,2026,7,28,0.96,attente en agence et personnel,156
12,Khadija Idder,"Je remercie infiniment le personnel de cette agence , la cheffe d’agence est d’une gentillesse exceptionnelle. Un grand merci",2026,7,28,0.71,attente en agence et personnel,125
12,Talla Oury Diallo,Client satisfait du service de Hamza rapide et efficace bravo à lui,2026,7,28,0.95,attente en agence et personnel,67
12,Abdelkader Hadri,Tres bonne experience avec l agent el bouaamri mohamed,2026,7,28,0.81,autre,54
12,Samir Tawfik,Un accueil très chaleureux et un commercial très souriant merci el bouaamri bon service,2026,7,28,0.92,attente en agence et personnel,87
12,Nawfal Belmekki,"Hamza Naciri meilleur conseiller clientele, prise en charge rapide et efficace. Demandez Mr.Naciri.",2026,7,28,0.92,service client et assistance,99
12,Kelablewi cedric Yoan,"Suis-je très satisfait de l’agent qui ma recuit aujourd’hui a l’agence orange, après plus tant active grâce a lui aujourd’hui j’ai reçu a me connecter au réseau 👌🏾",2026,7,28,0.89,carte sim et réseau,163
12,Houda Houda,Très bon service agent accueillant mohamed el bouaalri,2026,7,28,0.93,attente en agence et personnel,54
12,Sylvie Hacho,Merci a l agent El bouaamri pour le bon service,2026,7,28,0.94,attente en agence et personnel,47
12,farida ziwane,Cetais une tres belle experience a orange oum rabii avec l agent el bouaamri mohamed tres serviable,2026,7,28,0.84,autre,99
12,Abdelali Elmasbahi,Merci a el bouaamri pour son acceuil chaleureux et son proffessionalisme,2026,7,28,0.9,autre,72
12,Nada Mazouz,Merci el bouaamri pour le bon service,2026,7,28,0.96,attente en agence et personnel,37
12,mostafa sajid,Je tiens à remercier l'agent mr Bouamri pour les renseignements fournis et le service rendu,2026,7,28,0.58,attente en agence et personnel,91
12,Omar Sefiat,Merci El bouaamri pour ton accueil chaleureux,2026,7,28,0.91,attente en agence et personnel,45
12,mdk ayoub,Merci pour le service si hamza top,2026,7,28,0.92,attente en agence et personnel,34
12,Anas Fanan,Merci à l’agent Mohamed hamyny pour son support et sa réactivité.,2026,7,28,0.89,service client et assistance,65
12,Aicha Etayfi,Merci El bouaamri pour ta gentillesse et ton simpatie,2026,7,28,0.94,autre,53
12,Ilyas Ba,Merci a qimohamed el bouaamei pour son professionalisme,2026,7,28,0.89,autre,55
12,Elkhiatia Bya,Merci fatima ezzahra pour votre accueil et service,2026,7,28,0.9,attente en agence et personnel,50
12,fatima zahare dirhoussi,"Bonne équipe professionnelle , chef d'agence toujours présente et à l'écoute bon continuation",2026,7,28,0.97,attente en agence et personnel,93
12,yassine mohdar,Merci latifa le service est top je les recommande,2026,7,28,0.82,attente en agence et personnel,49
12,Vivre avec Passion,Merci pour le service et la résolution de mon problème à Mr Hamza,2026,7,28,0.93,attente en agence et personnel,65
12,R OU,Bon accueil et bon service. La chargée de clientèle ( latifa ) est très aimable et serviable,2026,7,28,0.98,attente en agence et personnel,92
12,Mustafa Amal,Merci el bouaamri Mohamed pour ton accueil,2026,7,28,0.91,attente en agence et personnel,42
12,hassan zhdhdk,Merci mr hamza pour les informations un grand chef,2026,7,28,0.9,autre,50
12,Yfuf6,A recommandé le service et professionnalisme de faim saura rien à dir,2026,7,28,0.58,attente en agence et personnel,69
12,Hamza Zidani el alaoui,Bon service avec l'équipe oum rabiii,2026,7,28,0.88,attente en agence et personnel,36
12,Ciya Yatou,"Merci à l'équipe orange Oum rabii pour leur service de qualité , hm",2026,7,28,0.9,attente en agence et personnel,67
12,Majdouline Dardouri,Bon accueil la chef de l agence trop sympathique  serviable bravo bon continuation,2026,7,28,0.97,attente en agence et personnel,82
12,Gassab Othmane,Merci el bouaamri tu étais exceptionnel,2026,7,28,0.72,autre,39
12,Abdltif Feddoul,Meilleur commercial meilleur traitement toujours avec le sourire merci El bouaamri,2026,7,28,0.93,autre,82
12,Azeddine Rouhy,Je tiens a remercier infiniment mme Fatim ezzahra pour engagement,2026,7,28,0.72,autre,65
12,Youssef Dihazi,Bon service avec mr hamza,2026,7,28,0.9,attente en agence et personnel,25
12,Fab Alassane,Un accueil chaleureux et une explication bienveillante et très explicite de la part de l’agent Hajar ♥️♥️♥️,2026,7,28,0.86,attente en agence et personnel,107
12,Abderrazak Jarmoumi,Un service et un traitement exceptionnelle avec l agent el bouaamri,2026,7,28,0.52,attente en agence et personnel,67
12,Lamine Coly,Moi j adore orange et en plus yavais un acceuil tres chalereux de la part de l agent el bouaamri mohamed qui ma bien conseiller et qui etait tres simpas,2026,7,28,0.61,service client et assistance,152
12,AÏT ELFAKIR Mustapha,Merci a l agent El bouaamri pour son traitement,2026,7,28,0.89,autre,47
12,Kadijolie Camara,Toujours satisfaite chez orange merci beaucoup chef Hamza,2026,7,28,0.88,autre,57
12,abdelhamid haddaji,"Tout est tres nul dans ce boutique, le service, le personnel, (on entend les discutes de personnel de l'interieur sur leurs sujets intimes) Il faut travaillé serieusement ce maque de respect envers les gens, parce qu'on est votre raison d'etre",2023,7,29,-0.88,attente en agence et personnel,243
12,Hassan Sabri,Merci beaucoup MR hamza pour votre service grace a vous je suis toujour avec orange,2026,7,28,0.86,attente en agence et personnel,83
12,karima louassi,"Très bonne agence Orange, toute l’équipe est très gentille et merci beaucoup à la chef d’agence pour sa gentillesse ❤️",2026,7,28,0.97,attente en agence et personnel,118
12,Bazo Azi,Merci pour votre service Mr hamza,2026,7,28,0.93,attente en agence et personnel,33
12,Ikram Oual,Je suis très satisfait pour le service avec Orange et je remercie mr hamza,2026,7,28,0.92,attente en agence et personnel,74
12,Abd adim Habibi,Super Service avec la conseillère latifa merci,2026,7,28,0.77,attente en agence et personnel,46
12,Mohamed Chafik EL AKRAA,"J'ai fait une demande de déménagement ligne fibre optique ca fait une semaine chez cette agence, quand j'ai appelé le service technique vu qu'il ont pris du retard pour traiter la demande, je découvre que la demande n'a même pas été saisis par l'agence dans les systèmes !!!",2023,7,29,-0.73,attente en agence et personnel,274
12,Reda Naboli,Merci pour l agent el bouaamri pour son service,2026,7,28,0.94,attente en agence et personnel,47
12,Oussama Aniba,merci pour vorte professionnalisme  hm,2026,7,28,0.51,autre,38
12,Ousmane Doumbouya,Ils ont des services géniaux. Je recommande.,2026,7,28,0.57,autre,44
12,m. moujarrid,Expérience extraordinaire avec cette agence merci latifa,2026,7,28,-0.4,attente en agence et personnel,56
12,Marcab Mehdi,Un accueil très chaleureux de la chef d agence Mme Majida,2026,7,28,0.83,attente en agence et personnel,57
12,zineb channani,"Excellente expérience, agents à l’écoute et serviable",2026,7,28,0.98,autre,53
12,yassine bouhanout,Je tiens a remericier l agent el bouaamri pour son soutien,2026,7,28,0.71,autre,58
12,Mouh Cine,El bouaamri mohamed je te remercie infiniment,2026,7,28,0.41,autre,45
12,Rachid Como,Merci bq mohamed bouaamri pour les services,2026,7,28,0.76,autre,43
12,Lamiaa Laam,excellent service merci bien,2026,7,28,0.98,attente en agence et personnel,28
12,aicha karafi,Merci infiniment el bouaamri pour votre accueil,2026,7,28,0.88,attente en agence et personnel,47
12,Adil Adil,tres bon service avec l agent hamza,2026,7,28,0.91,attente en agence et personnel,35
12,kaarir Omar,Le service de cette agence en particulière est vraiment catastrophique et plus ni le traitement des demandes ni relation client ni courtoisie plus la manque d'information .ils communique au client des fauses infos. Tout simplement c'est nullllllllllllll.....,2022,7,29,-0.91,attente en agence et personnel,258
12,Nada Boualam,Merci si hamza pour votre service,2026,7,28,0.82,attente en agence et personnel,33
12,Fouad GHARIB,"La commerciale est impolie, elle traite les clients d'une façon insupportable. Le comportement est à revoir, afin ne pas donner une mauvaise image sur Orange.",2022,7,29,-0.86,attente en agence et personnel,158
12,Fgju Yiud,Bon service merci de votre accueil,2026,7,28,0.92,attente en agence et personnel,34
12,J At,Trés bon service a recommandé,2026,7,28,0.91,attente en agence et personnel,29
12,Mohamed Mohamed,"Service à l hauteur, employés courtoisie et sympas , merci latifa",2026,7,28,0.54,attente en agence et personnel,65
12,Sniper Maroc,tres serviable st is some a l'ecoute du client,2026,7,28,0.56,autre,46
12,Aziz Kundera,Meilleur agence merci pour le service h,2026,7,28,0.94,attente en agence et personnel,39
12,Danielle Palé,Bon service madame Latifa,2026,7,28,0.94,attente en agence et personnel,25
12,ZINEB IKHLAJANE,Mohamed el bouaanri bon service merci,2026,7,28,0.91,attente en agence et personnel,37
12,Adil fennad,Merci el bouaamri pour tes conseils,2026,7,28,0.92,autre,35
12,Meriem Bidioui,Bon sercive avec Mr hamza,2026,7,28,-0.63,autre,25
12,Chahine Mohammed,Services top bonne continuation,2026,7,28,0.86,autre,31
12,Cheikh aliou Ndaw,Bon service hamza merci,2026,7,28,0.88,attente en agence et personnel,23
12,111 marwa,Agence à recommander merci madame latifa pour tes explications pertinentes,2026,7,28,-0.42,attente en agence et personnel,74
12,Soumia Adile,Merci el bouaamri pour le bon service,2026,7,28,0.96,attente en agence et personnel,37
12,anass mansouri,Merci pour mohamed el bouaamri,2026,7,28,0.8,autre,30
12,Najat Zerrouqi,Merci bcp  a l equipe,2026,7,28,0.78,autre,21
12,Mohamed El Meskaoui,Bon service avec elbouaamri mohamed,2026,7,28,0.87,attente en agence et personnel,35
12,Aziz Maghraoui,Bon service merci h,2026,7,28,0.84,attente en agence et personnel,19
12,omar berrada,Service parfait RAS elbouaamri mohamed,2026,7,28,0.67,attente en agence et personnel,38
12,عبد الحق مذكير,Merci pour le service hamza naciri,2026,7,28,0.91,attente en agence et personnel,34
12,Yassin Mahait,Mr naciri hamza très serviable,2026,7,28,0.7,autre,30
12,Marc fidele Abe,agence à recommander merci beaucoup Madame latifa,2026,7,28,-0.49,attente en agence et personnel,49
12,weuz13,Nul ferme avant l’heure prétextant que le système est ko du Grand n’importe quoi manque de professionnalisme et de respect envers les clients,2023,7,29,-0.56,autre,141
12,el bouamri Mohamed,Merci a l equipe orange oum rabii,2026,7,28,0.78,autre,33
12,أشرف أبكاري,Merci infiniment Mr hamza,2026,7,28,0.57,autre,25
12,Ali Hillal,"Traitement tres professionnel  , je suis Tres satisfait",2026,7,28,0.75,autre,55
12,Delphine Boady,Merci bien pour votre service,2026,7,28,0.99,attente en agence et personnel,29
12,Hamid Reda,Meilleure service avec la conseillère Latifa,2026,7,28,0.95,attente en agence et personnel,44
12,Salouma Salma,Merci a l agent el bouaamri mohamed,2026,7,28,0.6,autre,35
12,Khadija Bousto,J ai été bien reçue.,2026,7,28,0.95,autre,20
12,ursule Tony,Merci à vous Mr hamza,2026,7,28,0.9,autre,21
12,Azez Azez,Meilleur agent meilleur traitement avec el bouaamri,2026,7,28,0.93,autre,51
12,Nany Y,Meilleurs services Commerciaux professionnels a l'écoute Merci orange,2026,7,28,0.96,autre,69
12,marieme sall,Très satisfait conseiller très aimable ♥️♥️,2026,7,28,0.94,service client et assistance,43
12,NADIA MOHA,Bon service avec Latifa,2026,7,28,0.96,attente en agence et personnel,23
12,Tarik Ametjar,Simohamed el bouamri c'est le meilleur,2026,7,28,0.9,autre,38
12,Lahoucine Talibi,Latifa talibi très bonne commerçant,2026,7,28,0.88,autre,35
12,jawhari ilham,Un grand bravo à Mr mohamed BRiki pour son professionnalisme et son sevice impeccable,2020,7,29,0.89,autre,85
12,BEAUTY RETAIL Philippe Paré,Service parfait de Mme latifa,2026,7,28,0.81,attente en agence et personnel,29
12,Wassim Fouzia,Merci pour le service mr hamza,2026,7,28,0.92,attente en agence et personnel,30
12,Bouchra Hazzaz,Equipe commerciale très professionnelle.,2026,7,28,0.74,autre,40
12,sara echchakery,Top meilleure agence sur casa continuez comme ça,2026,7,28,0.89,attente en agence et personnel,48
12,Oum Jibril,bien savoir ce que vous voulez sinon le vendeur vous endort avec plein de parole et vous colle le forfait qu'il veut.,2020,7,29,0.68,carte sim et réseau,117
12,Daou Fatah,Très bon service avec zineb,2026,7,28,0.98,attente en agence et personnel,27
12,mustafa soussi,Très bon traitement avec bouaamri,2026,7,28,0.95,autre,33
12,Abderrazak Touloun,Serviable et souriante travail aboutit rapidement,2026,7,28,0.69,autre,49
12,Mostafa Moustakim,Un commercial très souriant et très gentil El bouaamri mohamed,2026,7,28,0.58,autre,62
12,محمد العيادي,Agence à recommander merci Mlle Latifa,2026,7,28,0.55,attente en agence et personnel,38
12,Meziane Abdelhadi,Bon traitement avec el bouaamri,2026,7,28,0.83,autre,31
12,Karim Alamy,"Super serviable, equipe magnifique surtout mohamed et reda.",2020,7,29,0.67,autre,59
12,Ally Salhi,Agence a ne pas recommander franchement c'est nul et archi nul,2024,7,28,-0.59,attente en agence et personnel,62
12,Mohamed amine CHENTOUFI,"Service rapide, et personnels très accueillent 👍👍",2026,7,28,0.87,attente en agence et personnel,49
12,Youssra Chaabe,Merci beaucoup pour les informations 😃👍,2026,7,28,0.93,autre,39
12,Salma SOCRATE IDRISSI,Très bon service,2026,7,28,0.98,attente en agence et personnel,16
12,Aniss Ghafir,Très  bon service Latifa,2026,7,28,0.98,attente en agence et personnel,24
12,Zineb Berrada,Je remercie toute l’équipe,2026,7,28,0.65,autre,26
12,Khadija Bel,Service à l hauteur merci lt,2026,7,28,0.55,attente en agence et personnel,28
12,MAMADOU Diagne,"Service très lent. Aucune entente ou consolidation avec le service clientèle téléphonique. Ils ne font que vendre. Quand ils ne peuvent pas régler votre problème,  ils vous renvoient au service clientèle orange. Minable.",2021,7,29,-0.4,attente en agence et personnel,220
12,Mahmoud Mohammdi,Merci bcp votre accueil.,2026,7,28,0.89,attente en agence et personnel,24
12,lili amoula,pour hamza si bonne commerciale 👍,2026,7,28,0.84,autre,33
12,Amal Chanelle,Top service merci,2026,7,28,0.72,attente en agence et personnel,17
12,Elhadadi Mohamed,Merci pour le traitement 10/10,2026,7,28,0.91,autre,30
12,Arnold Douhou,Parfait le service . Mohamed elbouaamri,2026,7,28,0.84,attente en agence et personnel,39
12,Zakia,Merci pour tous vos renseignements.,2026,7,28,0.96,autre,35
12,Amina Felfel,Bon service Latifa,2026,7,28,0.95,attente en agence et personnel,18
12,Sara Abl,Bon service avec la conseillère latifa,2026,7,28,0.9,attente en agence et personnel,38
12,Taoufik BOUBAKRI,L'accueil est chaleureux et le service est de niveau appréciable,2021,7,29,-0.57,attente en agence et personnel,64
12,Med Awazi,Merci si hamza,2026,7,28,0.65,autre,14
12,Hamid Moutamenni,Équipe très sérieuse ! Chapeau à vous!!!,2026,7,28,0.83,autre,40
12,elhaoumi zakaria,"très mauvais service, personne ne veut travaillé y’a 4 bureau sans aucune raison",2021,7,29,-0.92,attente en agence et personnel,80
12,Sarah Rafali,Merci mr hamza,2026,7,28,0.65,autre,14
12,Tari,Merci pour le service Mr hamza,2026,7,28,0.92,attente en agence et personnel,30
12,Youssaf Brija,Merci pour le service 🤠,2026,7,28,0.96,attente en agence et personnel,23
12,amal khallouki,Bravo pour l accueil.,2026,7,28,0.99,attente en agence et personnel,21
12,Driss Chaachou,"Excelente accueil, service professionnel.",2021,7,29,0.98,attente en agence et personnel,41
12,hajar gouly,"service nul, mou3amala 0 avec le client !",2023,7,29,-0.45,attente en agence et personnel,41
12,fatima ezzahra afifi,"Bon service client, équipe jeune et dynamique",2019,7,30,0.95,attente en agence et personnel,45
12,Fatima RaW,Trop surviable merci orange,2026,7,28,0.63,autre,27
12,Deag Gzha,Tres lent au service avec les clients,2023,7,29,0.6,attente en agence et personnel,37
12,amine abdelouadoud,"Endroit convivial , service client parfait",2019,7,30,0.76,attente en agence et personnel,42
12,Fatima zahra Amricha,Merci me hamza,2026,7,28,0.74,autre,14
12,Imane Ka,Très bon service,2026,7,28,0.98,attente en agence et personnel,16
12,Rajaa Lahlou,Bon courage Latifa,2026,7,28,0.98,autre,18
12,Sanaa Karim,Merci madame latifa,2026,7,28,0.66,autre,19
12,Houda Azza,C bien,2026,7,28,0.75,autre,6
12,Bassou' Mostafa,Formidable accueil service de la dernière génération.,2024,7,28,0.9,attente en agence et personnel,53
12,Anass Bahlaouane,Excellente service,2026,7,28,0.97,attente en agence et personnel,18
12,Cannelle Car,Bon service latifa,2026,7,28,0.82,attente en agence et personnel,18
12,saiida zaitane,Un bon service avec la conseillère latifa,2026,7,28,0.95,attente en agence et personnel,41
12,Deltah Carine,Service impeccable,2020,7,29,0.5,attente en agence et personnel,18
12,Rdad Benslima,Merci si hamza,2026,7,28,0.65,autre,14
12,Karim Said,"Bon acceulle, bon service, rapide.",2020,7,29,0.98,attente en agence et personnel,34
12,Yassine Oulamine,Personnel serviable. Service correct,2020,7,29,0.47,attente en agence et personnel,36
12,Abdelaziz HAFID,Meilleurs services 👍,2026,7,28,0.95,autre,20
12,شوعيب ميداني,merci bouaamri,2026,7,28,0.52,autre,14
12,Karima Guendouz,Merci Mr hamza,2026,7,28,0.63,autre,14
12,galaxi mini,Bon service,2026,7,28,0.92,attente en agence et personnel,11
12,ADILB,Un manque du sens de service,2023,7,29,-0.8,attente en agence et personnel,28
12,abderrahim HARISS,"Fil d'attente toute la journée, peu de personnel",2020,7,29,-0.46,attente en agence et personnel,48
12,Razi Youssef,Merci pour le service,2026,7,28,0.96,attente en agence et personnel,21
12,Houssin Alioua,Merci pour le service,2026,7,28,0.96,attente en agence et personnel,21
12,CPS ARCHITECTURE,A éviter car aucune prise en charge,2021,7,29,0.0,autre,35
12,DIL GROUP,De personnel très poli,2020,7,29,-0.41,attente en agence et personnel,22
12,egué bamicolé carl william,Bon service et accueillant,2021,7,29,0.98,attente en agence et personnel,26
12,Hassan Hanch,Merci f,2026,7,28,0.65,autre,7
12,Noureddine Moukafih,Agence à recommender lt,2026,7,28,0.5,attente en agence et personnel,23
12,Salma Channa,Bon service latifa,2026,7,28,0.82,attente en agence et personnel,18
12,Imane Mouatassem,Personnel serviable,2026,7,28,0.68,attente en agence et personnel,19
12,Rachid Tber,Tres bien,2020,7,29,0.95,autre,9
12,pelilech nawal,Équipe commerciale au niveau.,2026,7,28,0.59,autre,29
12,Tarik Wac,Bon service,2026,7,28,0.92,attente en agence et personnel,11
12,Abderrahim Ghzou,Merci.,2026,7,28,0.9,autre,6
12,mokata kamed,Bon accueil,2020,7,29,0.95,attente en agence et personnel,11
12,Hnhg Gbtc,Zineb,2026,7,28,0.61,autre,5
12,Antho Dellaud,J aime,2020,7,29,0.89,autre,6
12,BoTube Tv,pas mal,2020,7,29,0.7,autre,7
12,Nada Rahal,Merci pour le service,2026,7,28,0.96,attente en agence et personnel,21
12,Soufiane HAMRI,Un' service de qualité,2021,7,29,0.83,attente en agence et personnel,22
12,Soumia Alami,Bon service latifa,2026,7,28,0.82,attente en agence et personnel,18
12,ⵄⵉⵜ ⵙⴻⴷⵔⴰⵜ Ait issa Marwan,Nice crew services,2020,7,29,0.76,autre,18
12,Yassine,Satisfait,2026,7,28,0.89,autre,9
12,Cheminée Boutaleb,Accueil parfait,2021,7,29,0.84,attente en agence et personnel,15
12,MsPocolo,"Service nul ,",2022,7,29,-0.53,attente en agence et personnel,13
12,Pm Lloris Diagne,Service rapide,2020,7,29,0.73,attente en agence et personnel,14
12,Houda Zid,Bon service,2026,7,28,0.92,attente en agence et personnel,11
12,eljibri said,👍👍,2026,7,28,0.42,autre,2
12,Mostafa Byah,Mauvais service,2021,7,29,0.57,attente en agence et personnel,15
12,ahmed AF,Zineb,2026,7,28,0.61,autre,5
12,serigne katane katane,Bien,2021,7,29,0.75,autre,4
12,Hassan Benqaida,👍👍👍,2026,7,28,0.42,autre,3
12,sbeih brahim,👍👍👍👍👍,2026,7,28,0.42,autre,5
12,Benqih Houssin,🧡🧡🧡🧡,2026,7,28,0.42,autre,4
12,Ilyass Bellaoui,Un bon service,2021,7,29,0.96,attente en agence et personnel,14
12,Mohamed Handou,Echange puce,2021,7,29,0.56,carte sim et réseau,12
12,mou taraji,Service zéro,2022,7,29,0.58,attente en agence et personnel,12
12,jawad nejdi,Agence pour les communication,2020,7,29,0.51,attente en agence et personnel,29
12,YAS AB (“YasssaZ”),⭐⭐⭐⭐⭐,2022,7,29,0.42,autre,5
12,Mehdi Bouraouine,Bon service,2026,7,28,0.92,attente en agence et personnel,11
12,Rajaa Bertoul,BOn service,2026,7,28,0.52,attente en agence et personnel,11
12,Elmassoudi Youness,Bon service,2026,7,28,0.92,attente en agence et personnel,11
12,Moustapha Yahaya,Bon service,2026,7,28,0.92,attente en agence et personnel,11
12,Malek Adon,"(Puisque Google ne me permet pas de répondre à votre message, le plus important pour lequel j'ai fait 3 km à pied jusqu'à votre boutique Orange est de résilier mon abonnement car je quitte le pays. Le fait qu'une tâche aussi simple n'ait",2026,3,30,-0.46,service client et assistance,237
12,farida sabila,"Bonjour à tous. Je tiens à remercier sincèrement Hamza pour son excellent service et son accueil chaleureux envers les clients, y compris moi-même. Je le félicite chaleureusement et lui souhaite une excellente santé, du bien-être et une brillante carrière. Cordialement.",2026,4,29,0.93,attente en agence et personnel,270
12,AISSAME BOUKHALLAD,"Le service était excellent, Hamza est le meilleur agent avec lequel j'ai jamais travaillé !",2026,7,28,0.98,attente en agence et personnel,91
12,Assafar Mehdi,"J'ai besoin du numéro de l'agence tout de suite, s'il vous plaît. J'ai une question à poser. J'ai changé de routeur et ça ne fonctionne pas. Je voudrais savoir",2026,5,29,-0.63,internet fibre et box,159
12,Aymane HROUCH,Service impeccable et personnel respectueux. Merci Hind.,2026,4,29,0.92,attente en agence et personnel,56
12,Ismail Oumaya,Service vraiment déplorable ; la jeune femme qui m’a reçue ne m’a pas expliqué que j’avais besoin d’une pièce d’identité et que la personne devait signer le contrat ; j’ai dû y retourner deux fois sans que mon problème ne soit résolu.,2026,2,28,-0.93,attente en agence et personnel,234
12,aya_zirari,Le personnel nous a bien accueillis et nous a gentiment expliqué le problème que nous rencontrions avec le réseau.,2026,4,29,0.92,carte sim et réseau,114
12,Peter G (Al-Jabr),"Un service client exceptionnel qui nous a permis, à ma femme et moi, de trouver rapidement et efficacement ce dont nous avions besoin. Une jeune femme nous a servis et a su nous satisfaire même lorsque nous manquions de Derija.",2026,7,28,0.82,attente en agence et personnel,227
12,Wissal Norri,Personne ne fait son travail dans cette agence. Le responsable fait des allers-retours incessants et ment en prétextant avoir oublié son téléphone à la maison pour justifier l'absence de confirmation par e-mail !,2025,10,1,-0.76,attente en agence et personnel,212
12,Abdo,"Service client déplorable : impolitesse, négligence et même l'absence de personnel. Ils prétendent être fermés alors qu'il y a du monde à l'intérieur !",2024,7,28,-0.95,attente en agence et personnel,151
12,Red1 Rouge,"Merci pour votre accueil chaleureux et la qualité de vos services. Nous remercions également tout le personnel de cette agence, et plus particulièrement Mohamed Bouamri.",2026,7,28,0.96,attente en agence et personnel,169
12,SA.Morocco,"Le centre Zainab est attentif à ses clients et à leurs problèmes, et sœur Zainab Qalaa s'est montrée très coopérative. Je la remercie pour son temps et ses conseils.",2026,7,28,0.59,autre,165
12,Salaheddine Fadili sraidi,"J'étais en vacances au Maroc et j'avais besoin d'un point d'accès Wi-Fi mobile pour me connecter à Internet. Ils ont été très aimables, notamment M. Mohamed El Bouaamri et Mme Majida, qui étaient très polis et serviables. Je les recommande.",2026,7,28,0.75,autre,240
12,David Ella,"Le service était excellent, Hamza, qui s'est occupé de moi, était vraiment très gentil et serviable. J'ai beaucoup apprécié son service ☺️",2026,7,28,0.97,attente en agence et personnel,138
12,Mbarak Mbarak,"Merci pour votre hospitalité et votre aimable traitement, et un grand merci à M. Hamza.",2026,7,28,0.97,autre,87
12,Rim El Aissaoui,Les agents ici sont vraiment très gentils et à l'écoute. Je vous recommande de venir ici si vous avez le moindre problème !,2026,7,28,-0.58,autre,123
12,Rachida Yassir,"Le service est excellent, le personnel est très coopératif et la gérante du magasin, Mme Majida, est très respectueuse et serviable.",2026,7,28,0.98,attente en agence et personnel,132
12,Lhissen Lhossin,Merci pour votre accueil chaleureux en réponse à la demande de M.H.,2026,7,28,0.92,attente en agence et personnel,67
12,Meryem,"Le meilleur service client ! Latifa Talibi est la meilleure, nommez-la responsable ! Elle incarne parfaitement le rôle d'une responsable du service client 🙏",2026,7,28,0.99,attente en agence et personnel,156
12,A&F A&F,"Merci, sœur Fatima Al-Zahra, pour votre gentillesse.",2026,7,28,0.9,autre,52
12,Mohammed Elorchi,"Service excellent, mes meilleures salutations.",2026,7,28,0.99,attente en agence et personnel,46
12,trtDigital Agence web Casablanca,Excellent service ! # Mme Zineb est professionnelle et serviable.  Merci.,2023,7,29,0.98,attente en agence et personnel,73
12,Nadia Ghazi,Merci à frère Al-Bouamri pour son service.,2026,7,28,0.92,attente en agence et personnel,42
12,Tayeb Ouzbid,Merci pour votre accueil chaleureux.,2026,7,28,0.96,attente en agence et personnel,36
12,Simo Tefruity,Chokrane el bouaamri 3la lkhidma,2026,7,28,0.52,autre,32
12,Fouzia Belkaid,Merci pour votre accueil chaleureux.,2026,7,28,0.96,attente en agence et personnel,36
12,aziz mouflih,Si hamza chokran 3la mo3amala,2026,7,28,0.49,autre,29
12,amal houmari,Le chemin vers le même but,2026,7,28,0.39,autre,26
12,abdo alfatah,M. Hamza Naciri bon service,2026,7,28,0.86,attente en agence et personnel,27
12,Faty Faye,Service Bn M. Hamza,2026,7,28,0.55,attente en agence et personnel,19
12,Ahmad Elzahwani,Merci el bouaamri,2026,7,28,0.83,autre,17
12,Rim Moutaw,"Chaque fois que je me présente à l'agence Orange, je ne trouve qu'un seul vendeur et un seul caissier, alors que plus de 20 clients attendent ! C'est ridicule !",2020,7,29,-0.96,attente en agence et personnel,160
12,Hania Ghafiri,Merci el bouaamri mohamed,2026,7,28,0.61,autre,25
12,MOSTAFA103 ZAYANY,Chokrane mohames el bouaamri,2026,7,28,0.48,autre,28
12,Malki mohamed Malki boumahchad,Chokrane l bouaamri bazaf,2026,7,28,0.49,autre,25
12,abdell zaoudi,MRC à Simonhamed El Bouamri,2026,7,28,0.51,autre,27
12,Colorado Colorado,Endroit idéal pour souscrire à des services téléphoniques. Personnel agréable.,2020,7,29,0.74,attente en agence et personnel,78
12,Taoufik Aboutya,Chokrane mohamed elbouaamri 3la koulchi,2026,7,28,0.45,autre,39
12,Stoichka438 birouz,Quel poids ! Le service client a besoin d'être étudié.,2020,7,29,0.73,attente en agence et personnel,54
12,G b. R C A Houcinyo,Service impeccable 👍,2026,7,28,0.46,attente en agence et personnel,20
12,aicha lafdil,"Hamza, le meilleur",2026,7,28,0.94,autre,18
12,Samsung A13,Bouaamri chokrane bazzaf,2026,7,28,0.53,autre,24
12,Fatima Assrir,Chokran Fatim Zahra,2026,7,28,0.58,autre,19
12,Abdelilah Boukchouch,"Service déplorable, équipe désagréable et incompétente !",2023,7,29,-0.89,attente en agence et personnel,56
12,dahbi amine,Bon service 👍,2026,7,28,0.92,attente en agence et personnel,13
12,michael burnett,Emplacement idéal. Offres exceptionnelles.,2023,7,29,0.55,autre,42
12,Fatima LHASA,Bon service,2026,7,28,0.92,attente en agence et personnel,11
12,Hafid Jimi,Hamza naciri,2026,7,28,0.47,autre,12
12,Leila Lachehab,Service haut,2026,7,28,0.6,attente en agence et personnel,12
12,Chafia Banny,Haut,2026,7,28,0.44,autre,4
12,LAI LA,Latifa Talibi,2026,7,28,0.65,autre,13
12,أفراح عبد العاطي لي جميع حفلات,La meilleure agence 💓💓💓💓,2026,7,28,0.93,attente en agence et personnel,24
12,Mr Lucas,👍👍👍,2026,7,28,0.42,autre,3
12,abderrahmane mouhim,D'accord,2020,7,29,0.56,autre,8
12,Marrjani Hamza,Beau,2021,7,29,0.59,autre,4
12,Othmane othmane,Haut,2022,7,29,0.44,autre,4
13,Youness MECHAL,Manque de respect incroyable pour les clients de la part de la dame de cette agence! on vient faire une réclamation et demander des explications après plus de 8 jours sans fibre optique alros que pour la facturation orange est très,2026,1,29,-0.64,internet fibre et box,231
13,Brahim AITBENAAL,Service clientèle nul : mauvaise communication et fermeture avant l’heure..,2026,3,30,-0.93,attente en agence et personnel,75
13,Loubna Bouziane,"Sympa! Personnel gentil serviable, répond à toutes les questions et donne le plus d'informations possibles",2025,12,30,0.86,attente en agence et personnel,106
13,Man Mehdi,Bonjour Manque de passe pour les handicapés Ainsi j ai croisé 3 kafar ds une durée de 15 min c est vraiment dégouton,2025,10,1,-0.62,autre,116
13,Mohamed Hadani,Services meilleurs,2026,2,28,0.89,autre,18
13,Taha Zineddine,Manque de respect ton autin je n'ai jamais aussi mal été traité de ma vie,2026,7,26,0.48,autre,73
13,Yassine ABOUKADRI,Horrible service Attente infinie Compétences presque nulles,2026,7,7,-0.52,attente en agence et personnel,59
14,Rim Mah,"Je souhaite signaler un comportement inacceptable concernant votre méthode de publicité. Des étiquettes autocollantes ont été collées directement devant la porte de notre maison, sans notre autorisation.",2026,7,28,-0.75,attente en agence et personnel,203
14,Amal Bouaggad,Aucun respect pour les clients  à fuire,2026,5,29,-0.49,autre,39
14,Nada Eljebbari,"J’ai eu le malheur de visiter cette « agence » pour résoudre un problème avec ma carte SIM, notamment en ce qui concerne le partage de données sur mon forfait. L'agent m'a assuré que le problème venait de mon forfait actuel et m'a conseillé",2026,7,28,-0.82,carte sim et réseau,240
14,Med amine Khayri,"Très bon service, a l’écoute. Ssi mourad était agréable",2025,10,31,0.95,attente en agence et personnel,55
14,mourad ouahrouch,Très bonne service accueil qualité prix,2026,7,28,0.98,attente en agence et personnel,39
14,Hicham Salah,Malheureusement pas de respect,2026,7,28,-0.7,autre,30
14,souhail Elhoussine,"Service de qualité comme toujours, merci mohamed",2026,7,28,0.71,attente en agence et personnel,48
14,BALLAJI Imane,"Je ne recommande pas, gérant désagréable qui n'a aucun sens de service et aucun respect pour les clients",2024,7,28,-0.52,attente en agence et personnel,104
14,Reda Elghammaz,"Parfait, service agréable",2026,7,28,0.85,attente en agence et personnel,25
14,youssef youssef,Tres mauvais accueil de la part du premier responsable. ca manque du professionnalisme.,2022,7,29,-0.97,attente en agence et personnel,87
14,Yassine BOULWAFA,Cette agence est top! Personnel sympathique serviable et arrangeant,2024,7,28,0.98,attente en agence et personnel,67
14,Jeffrey Skullo,"bon service, personnel amical",2018,7,30,0.97,attente en agence et personnel,29
14,Achraf Achraf,Merci pour le bon service,2026,7,28,0.98,attente en agence et personnel,25
14,Jacqueline Reine OKOUENO RAMARI,"C'est petit mais efficace,  très bon accueil",2020,7,29,0.94,attente en agence et personnel,44
14,Mary Wright,Bonjour je suis devant l'agence mais c'est à moitié fermer. Votre numéro de téléphone portable svp,2019,7,30,-0.46,attente en agence et personnel,98
14,Imad Chakchak,Très bon service,2019,7,30,0.98,attente en agence et personnel,16
14,Mohamed Kacimi,Des beaux souvenirs !!...mixtel  accueil service professionalisme ...etc..,2019,7,30,0.91,attente en agence et personnel,74
14,Youssef Lazim,Très bonne réception merci pour cette équipe,2018,7,30,0.95,autre,44
14,Elhassan Darid,Pour le paiement des factures. C'est très lent.,2023,7,29,0.42,autre,47
14,nabil ghaly,Tres Bon service,2020,7,29,0.87,attente en agence et personnel,16
14,Lima Verneuil,Pire Service après vente,2023,7,29,0.45,attente en agence et personnel,24
14,BENAMMAR HICHAM,Service courtois et délicat,2019,7,30,-0.52,attente en agence et personnel,27
14,Adama Ndoye,Personnel aimable et professionnel,2018,7,30,0.86,attente en agence et personnel,34
14,Bahir Youssef,Bon service,2020,7,29,0.92,attente en agence et personnel,11
14,Deltah Carine,Simple et efficace,2020,7,29,0.81,autre,18
14,Kharitou Yayame,☺️,2020,7,29,0.42,autre,2
14,Khalid Ibnou walid,Chapeau...,2020,7,29,0.46,autre,10
14,Marwane Ben,"Le soir, il y a pas mal de monde, mais le service est rapide grâce aux quatre employés. Dommage qu'il n'y ait pas plus de chaises, c'est parfois pénible de devoir rester debout. Dans l'ensemble, l'interaction est rapide, le service client",2020,7,29,0.59,attente en agence et personnel,238
14,Richard Boussata,"C'était très utile. Le type savait ce qu'il faisait. Cependant, nous avions oublié notre carte d'identité et il a omis de nous le rappeler après en avoir fait une photocopie. Globalement, c'était correct.",2022,7,29,0.61,autre,204
14,Yahya Amsegguin,Parfait,2026,7,28,0.8,autre,7
14,Abdullah Ebrahim,"Service déplorable : ils ne peuvent rien faire d’autre que vous vendre une nouvelle ligne. Aucun service après-vente, personnel très impoli qui vous renverra vers une autre agence principale. Ils ne font pas confiance à leur personnel et ne leur donnent pas les moyens de vous aider.",2022,7,29,-0.87,attente en agence et personnel,283
14,abdelilah el hassani,"Petite boutique, mais un personnel formidable offrant un service rapide. 😀",2020,7,29,0.56,attente en agence et personnel,74
14,Najm Chaarani,"Bon service, mais la couverture est insuffisante.",2020,7,29,-0.43,attente en agence et personnel,49
14,abdelaziz drif,Bon accueil Personnel agréable,2022,7,29,0.92,attente en agence et personnel,30
14,Amouz Ismail,Service excellent,2026,7,28,0.96,attente en agence et personnel,17
14,Miguel Vargas,Bon service,2019,7,30,0.92,attente en agence et personnel,11
14,Samad Lahcen,Super,2026,7,28,0.78,autre,5
14,Hak Abdellah,Haut,2019,7,30,0.44,autre,4
14,zouhair_ Rokoumo,Super,2026,7,28,0.78,autre,5
15,Soufiane Bous aa,"Agence ferme bieeen avant les delais de travail , et refuse de service les clients sous pretexte le stock indisponible ( e-sim)",2024,7,28,-0.63,attente en agence et personnel,127
15,Amine el mrabet,Accueil et service professionnel le monsieur a répondu à toutes mes attendu je recommande cette agence,2023,7,29,0.6,attente en agence et personnel,102
15,تعلم معنا,J'ai fait un abonnement chez vous et c'est bien pratique pour moi,2021,7,29,0.91,facturation et prix,65
15,kamal eddine,Demande de raccordement fibre non traitée,2022,7,29,-0.46,internet fibre et box,41
15,A B,Acceuil et conseil sympathique,2022,7,29,0.74,autre,30
15,yasmine nada,Service efficace,2021,7,29,0.83,attente en agence et personnel,16
15,Brahim El Intissar,Moyen,2022,7,29,0.46,autre,5
15,Nadia BL,"Arrêtez de prendre Rocharge 20 dirhams et les douleurs cesseront pour vous. Débarrassez-vous de moi. Nous en avons fini avec nos têtes, mais nous ne pouvons pas nous débarrasser de toi",2026,7,28,-0.75,autre,184
15,mouhssine ou,Je pensais que vous ne payiez que 49 dh mais le gars m'a facturé plus en disant que c'était les frais d'agence mais je n'ai trouvé le supplément nulle part sur les documents qu'il m'a donnés,2022,7,29,-0.69,attente en agence et personnel,190
15,Belaid Ouaziz,Orange n'a plus besoin d'être présentée ; elle se distingue par ses services et mérite une bonne note.,2022,7,29,0.77,autre,102
15,Belaid Ouaziz,Orange est un site web qui permet d'accéder aux services mobiles et de payer ses factures ; il est bien connu et mérite d'être visité.,2022,7,29,0.91,facturation et prix,134
15,Badr Mizo,peut être,2022,7,29,0.46,autre,9
15,Hassan Grigiz (Mr h),D'accord,2022,7,29,0.56,autre,8
15,SalOonzoO Med,Bon service,2021,7,29,0.92,attente en agence et personnel,11
16,Saad Bouarafa,"J’ai récemment visité cette agence Orange dans le but de souscrire à un raccordement fibre optique. Malheureusement, l’agent sur place n’a pas fait preuve de compréhension. Elle m’a indiqué que mon adresse ne figurait pas dans leur système",2026,7,28,-0.63,internet fibre et box,239
16,bssaha raha,"Cette agence mérite moins d'une étoile Personnel n'est pas professionnel n'est pas sérieux, vous oblige de faire l'abonnement, et prennent trop de temps au traitement des opérations",2025,10,31,-0.47,attente en agence et personnel,181
16,Medd FADILI,Très bon service,2025,10,31,0.98,attente en agence et personnel,16
16,Hamza Sergio,Mauvaise service,2026,4,29,0.55,attente en agence et personnel,16
16,Ismail Fatih,mauvais service !!,2026,2,28,-0.97,attente en agence et personnel,18
16,Achraf Chady,Pas assez de personnels,2025,9,1,0.0,autre,23
16,Réda Oudghiri,Bon service,2026,7,28,0.92,attente en agence et personnel,11
16,Souad Arh,Top service merci,2026,7,28,0.72,attente en agence et personnel,17
16,Rajawi Bakar,Merci pour le service,2026,7,28,0.96,attente en agence et personnel,21
16,soufiane mouanid,Meilleur service,2026,2,28,0.95,attente en agence et personnel,16
16,Hamada Sbaoui,Mauvaise,2025,9,1,0.5,autre,8
16,Matsho,Pour eux les Clients sont ............,2026,7,28,-0.46,autre,38
16,John Maxwell,"Franchement, j'ai été choqué par le service d'Orange Maroc sur Grand Boulevard. Je voulais simplement changer mon deuxième numéro pour une eSIM, mais on m'a dit que je devais prendre un abonnement. C'est absurde ! J'ai déjà un abonnement",2026,7,28,-0.93,facturation et prix,237
16,Benrais Amine,Khari,2026,4,29,0.53,autre,5
16,Reda Oudghiri,Service exceptionnel,2026,7,28,0.51,attente en agence et personnel,20
16,Cheriki Milouda,Merci,2026,7,28,0.86,autre,5
16,Charaf Fati,Merci,2026,7,28,0.86,autre,5
17,As ma,"Très mauvaise expérience avec cette agence. Malgré mon contrat signé présenté sur place, on m’a dit qu’aucune information n’apparaît dans leur système. Je trouve ça inadmissible et peu professionnel. J’attends une vraie vérification de mon dossier et une solution rapide, car ce manque de suivi est vraiment décevant.",2026,7,28,-0.96,attente en agence et personnel,317
17,Yassine Tear,"Je tiens à remercier Yousra pour son excellent service. Elle a été très professionnelle, avec moi et avec mon amis Américaine elle m’a beaucoup aidée avec mon problème. Une personne aimable et compétente ! Merci encore pour votre aide.",2026,7,28,0.97,attente en agence et personnel,235
17,hafid id-hssain,"Un grand merci à l'agence Orange, en particulier à l'équipe de l'agence située à Casa port  à Casablanca, pour son excellent service ! Votre professionnalisme, votre accueil chaleureux et votre efficacité font toute la différence. Grâce à vous, chaque visite est une expérience agréable. Bravo et continuez ainsi ! 👏",2026,7,28,0.85,attente en agence et personnel,328
17,mahmoud hilmy,"Je suis pleinement satisfait du service, le personnel est à la fois aimable et très professionnel. Un grand merci à vous ! 🙏",2026,7,28,0.95,attente en agence et personnel,124
17,Aziz Rachdad,Excellente service et très  rapid service  rien à dire  avec  youssra,2026,7,28,0.95,attente en agence et personnel,69
17,meryem el mansouri,"L'agence Orange Casa Port offre un service impeccable. L’équipe est accueillante, professionnelle et toujours prête à aider. L'ambiance est agréable et l'attente est courte. Un excellent choix pour tous vos besoins en télécommunication !",2026,7,28,0.93,attente en agence et personnel,237
17,Imane Alaoui,Très satisfaite du service que vous proposez et surtout du personnels qui travaillent  avec tout professionnalisme et bienveillance,2026,7,28,0.97,attente en agence et personnel,131
17,Meryam El Qemary,"C'est très agréable, je recommande cette agence à tous le monde, le serve est merveilleux et les filles sont très sympas surtout mademoiselle Youssra , même si l'agence était pleine elle m'a donné le temps pour expliquer toutes les options",2026,7,28,-0.69,attente en agence et personnel,239
17,Adnan El-Menaiy,Tres bon service très professionnel Je vous recommande sans hésitation 👍🏼,2026,7,28,0.86,attente en agence et personnel,73
17,Karima Bougteb,"J'avais une bonne expérience avec l'agence surtout avec la fille qui s'appelle Youssra , si tu lis ce commentaire je te dis bon courage et bon continuation et j'espère avoir l'opportunité de te voir une autre fois 💖",2026,7,28,0.71,attente en agence et personnel,215
17,Hassan Nadif,Je suis três satisfait du service; l agent commercial amal m a donné tout le temps pour lui expliquer mon souci et elle m a bien donné la solution avec une souscription d un forfait qui m arrange. Merci encore pour le service,2026,7,28,0.93,attente en agence et personnel,225
17,Oumaima boumri,Vraiment c'est une expérience incroyable avec une trop belle fille je crois qu'il s'appelle Youssra elle a un bon service avec une bonne explication elle me donne assez d'informations she helped me she is very good,2026,7,28,0.9,attente en agence et personnel,214
17,Latifa Boudade,C'est la première fois que je vais donne mon point de vue sur quelque chose mais sincèrement la fille dans l'agence de casaport Hi's name it's Yousra i think elle a un bon esprit du travail et une explication trop douce et détaillée c'était vraiment une bonne expérience Que j'avais l'honneur de partager avec vous,2026,7,28,0.77,attente en agence et personnel,314
17,khaoula wydadi,Excellente expérience dans cette agence ! L’accueil était vraiment chaleureux et la fille Youssra très gentille répondre a toutes mes questions avec professionnalisme service rapide et efficace,2026,7,28,0.97,attente en agence et personnel,193
17,Khalili Yassmine -svtu-TD2,Le service est magnifique et rapide les employés travaillent dur et sont courtois🥰,2026,7,28,0.61,attente en agence et personnel,82
17,Josimar Anjanahary,Le service est très appréciable.Merci,2026,7,28,0.61,attente en agence et personnel,37
17,Aziza Elouahlaoui,"Bon service, La fille qui porte les lunettes est très sympa, et s'entend bien avec les clients",2026,7,28,0.94,attente en agence et personnel,94
17,aliwardane ali,Très bon service merci ⚘️,2026,7,28,0.96,attente en agence et personnel,25
17,Abdoulaye Sakaye,C'est une bonne boutique accueillante qui traite bien des clients et leur respecte,2026,7,28,0.98,autre,82
17,Abdessamad Boulani,Très Bon service ❤️❤️,2026,7,28,0.96,attente en agence et personnel,21
17,Soulaimane Nadir,Un trés bonne service j’adore grâce a youssraa merci bcp et je reviendera inchallah,2026,7,28,0.9,attente en agence et personnel,83
17,HASSNA MAGHRAOUI,Je vous remercie Mlle Yousra pour votre service bon continuation,2026,7,28,0.84,attente en agence et personnel,64
17,Khalid Lachaari,Bon qualité de service client Mme youssra 👍,2026,7,28,0.92,attente en agence et personnel,43
17,Naouar,"Service impeccable, Je tiens à remercier Mlle. YOUSSRA pour ça gentillesse",2026,7,28,0.8,attente en agence et personnel,74
17,houssam najouti,Excellent service. Equipe professionnelle serviable,2026,7,28,0.97,attente en agence et personnel,51
17,Reem Ch,"Je suis très satisfaite, très bon service👍🏼👍🏼",2026,7,28,0.97,attente en agence et personnel,45
17,Maroc Assia,"Trés Bon service, J'ai tellement l'admire",2026,7,28,0.94,attente en agence et personnel,41
17,Nabil Ba,Je suis vraiment très satisfait du service vraiment une équipe top,2026,7,28,0.94,attente en agence et personnel,66
17,Lebram Kawtar,Excellente agence un service professionnel et une èquipe très réactive je recommande vivement,2026,7,28,0.9,attente en agence et personnel,93
17,rania kamari,Très bonne service et accueil,2026,7,28,0.98,attente en agence et personnel,29
17,Mona Lamouini,Très Bonne assistence . Bon service . Yousra est une personne très agréable et très serviable,2026,7,28,0.98,attente en agence et personnel,93
17,AMANE EL MOURADI,Excellent service et La fille Youssra três gentille,2026,7,28,0.96,attente en agence et personnel,51
17,Adnane El-menaiy,très bon service client 👌,2026,7,28,0.94,attente en agence et personnel,25
17,Wafaa Aziz,"Très bon service, très satisfaite Merci !!",2026,7,28,0.99,attente en agence et personnel,42
17,Zouheir Atif,Serait plus facile d’ajouter un numero de telephone au lieu de se deplacer a l’agence car ma ligne n’a pas ete activee et le service client me demande de re-voir avec l’agence poir activer la ligne.,2026,7,28,0.35,attente en agence et personnel,198
17,Jalila Rharib,"Rapidité de service, accueillant, serviable , merci ❤️",2026,7,28,0.91,attente en agence et personnel,54
17,Rajaa Tarhani,Agréable agence Les filles sont très gentille et professionnelle surtout à l’écoute,2026,7,28,0.71,attente en agence et personnel,83
17,El mehdi yousfi,"Merci Mlle Youssra, rapidité, efficacité et empathie. Tu es la meilleure",2026,7,28,0.98,autre,72
17,Hanane EL mtougui,Je suis très satisfaite par le service de youssra chez l'agence orange casa port. Serviable et professionnel,2026,7,28,0.95,attente en agence et personnel,108
17,Meryam El Qamary,Très bon service ❤️,2026,7,28,0.98,attente en agence et personnel,19
17,noura naji,"Service au top, un grand merci !!",2026,7,28,0.99,attente en agence et personnel,33
17,Oumaima Aitbellaouali,Je te remercie de m'avoir rendu service🥰🥰,2026,7,28,-0.41,attente en agence et personnel,41
17,Djdhd Xjdjdu,Bon service qualité,2026,7,28,0.96,attente en agence et personnel,19
17,yassine calder,Trés bon service,2026,7,28,0.89,attente en agence et personnel,16
17,Oussama,"Service Très nul, Ne perdrez pas votre temps a cette agence, la fille qui travaille dans cette agence elle est pas envie de faire son travail, et elle n’a aucune réponse quelque",2024,7,28,-0.55,attente en agence et personnel,177
17,Fadma Lagnaoui,Merci infiniment pour votre service 😊😊🙏,2026,7,28,0.84,attente en agence et personnel,39
17,Boizidi Amine,Bon service merci boucoup.,2026,7,28,0.87,attente en agence et personnel,26
17,Hamza Aitchaou,Servicer incroyable avec youssra,2026,7,28,0.5,autre,32
17,BOUSSERHANE Fouad,Salam Agence très professionnelle avec un staff tres qualifié,2026,7,28,0.59,attente en agence et personnel,61
17,Youssef Lahkim,Bonne service 🙏🏻,2026,7,28,0.96,attente en agence et personnel,16
17,Meriem Adribina,"Yousra, une fille aimable qui ne se lasse jamais de rire",2026,7,28,0.73,autre,56
17,Achraf Janat,Service très sympa de l'agence,2026,7,28,0.56,attente en agence et personnel,30
17,Adib Adibi,J ai trouvé Un bon service chez orange de casa port,2026,7,28,0.94,attente en agence et personnel,51
17,Anas hdda,Bonjour je demande si je peux changer ma puce en esim chez vous,2026,7,28,0.53,carte sim et réseau,63
17,Fes Fes,Je suis vraiment très satisfait,2026,7,28,0.9,autre,31
17,Hamza Zerhouni,Le meilleur service dans la meilleure agence à casa port merci à vous,2026,7,28,0.97,attente en agence et personnel,69
17,Casawi Hicham,Je suis très satisfait de mon passage à l'agence casa port,2026,7,28,0.8,attente en agence et personnel,58
17,Ayman Omari,Très bon service ✨,2026,7,28,0.98,attente en agence et personnel,18
17,OUMAIMA AIT BELLA OUALI,Merci pour votre service 😊😊☺️,2026,7,28,0.96,attente en agence et personnel,29
17,Adam Idrissi,Toujours fermé....les employés passent leurs temps en pause sur cette agence....90% de leur temps c'est fermé....pour un client depuis méditel j'ai juste envie de résilier car je perd du temps à faire des va et viens à l'agence et c'est tout le temps fermé,2023,7,29,-0.58,attente en agence et personnel,256
17,Saafane Mohamed,Un service tremplin parfait,2026,7,28,0.75,attente en agence et personnel,27
17,KHAWLA CHADI,Merci beoucoup a votre sérvice ❤️❤️❤️❤️❤️❤️❤️,2026,7,28,0.76,attente en agence et personnel,45
17,SLAYMEN,Bon service mashaalah,2026,7,28,0.87,attente en agence et personnel,21
17,Recrute Consultant,"En entresol, des jeunes qui se plaquent pr fumer des joints, de l'odeur de pisse à côté, déco minimalisme, on dirait qu'on les a cambriolé",2019,7,30,-0.9,autre,138
17,Mohamed Playback,Bonne service 😇,2026,7,28,0.96,attente en agence et personnel,15
17,Mohamed Siki,Bon Qualité de travail,2026,7,28,0.93,autre,22
17,Juice 4,Meilleur service,2026,7,28,0.95,attente en agence et personnel,16
17,Hassan Benlmir,Très bonne service,2026,7,28,0.96,attente en agence et personnel,18
17,jordoni sami,Je suis très satisfait,2026,7,28,0.89,autre,22
17,nabil mounir,Merci pour votre service,2026,7,28,0.97,attente en agence et personnel,24
17,The Roc,La nullité de leur service vous donne envie de changer l’opérateur carrément.,2024,7,28,-0.65,attente en agence et personnel,77
17,halima ahkim,Bonne expériences,2026,7,28,0.95,autre,17
17,Reda Jaouani,"Service Très nul,",2024,7,28,-0.52,attente en agence et personnel,17
17,Amine Morabit,Bon service 🤍,2026,7,28,0.92,attente en agence et personnel,13
17,Said Farghali,Good expérience,2026,7,28,0.96,autre,15
17,BADRANE Manal,Bonne service,2026,7,28,0.97,attente en agence et personnel,13
17,Securite Tanger,Service client impeccable,2026,7,28,0.48,attente en agence et personnel,25
17,Imane Elkalkouli,Bon service client,2026,7,28,0.87,attente en agence et personnel,18
17,Nezha Lbd,Très bon service,2026,7,28,0.98,attente en agence et personnel,16
17,Nidal Rouadi,Bon lieu 👌🏻,2026,7,28,0.84,autre,11
17,Hamza Sbai,Merci pour votre service,2026,7,28,0.97,attente en agence et personnel,24
17,Kenitra Kenitra,Bonne relation client,2026,7,28,0.96,autre,21
17,Omar Bouziane,Bon service,2026,7,28,0.92,attente en agence et personnel,11
17,samir amr,Bienvenue sur orange edt moi,2026,7,28,0.74,autre,28
17,daoud anis,Bonne service,2026,7,28,0.97,attente en agence et personnel,13
17,Hajar Mountachir,Très bon service,2026,7,28,0.98,attente en agence et personnel,16
17,NAJJAB NOUREDDINE,Très bon service,2026,7,28,0.98,attente en agence et personnel,16
17,Hanane Arqam,Merci pour votre service,2026,7,28,0.97,attente en agence et personnel,24
17,Fatima Hamrour,Bon service,2026,7,28,0.92,attente en agence et personnel,11
17,nezha moulil,Satisfait,2026,7,28,0.89,autre,9
17,safae elati,BON SERVICE,2026,7,28,0.57,attente en agence et personnel,11
17,Hamid Cheminot,Très bon service,2026,7,28,0.98,attente en agence et personnel,16
17,Anthony Ferreira,Très bon service,2026,7,28,0.98,attente en agence et personnel,16
17,Maroua El mouden,Merci pour votre service,2026,7,28,0.97,attente en agence et personnel,24
17,نجيب القماري,Bon service,2026,7,28,0.92,attente en agence et personnel,11
17,Simohamed Simohamed,Bon service,2026,7,28,0.92,attente en agence et personnel,11
17,Diakité Soumaila,Satisfait,2026,7,28,0.89,autre,9
17,youssef Badri,Satisfait,2026,7,28,0.89,autre,9
17,Ahlam Ahlam,Bon service,2026,7,28,0.92,attente en agence et personnel,11
17,Maritime,"Insatisfaite, la réceptionniste était tellement impolie et négligente.",2026,5,29,-0.92,autre,70
17,Hiba Essamlali,"Excellent service chez Orange ! Le personnel était sympathique, compétent et m'a rapidement aidé. Tout s'est déroulé sans accroc et avec professionnalisme. Je recommande vivement.",2026,7,28,0.93,attente en agence et personnel,179
17,Andik Setiawan,"L'employée, Yusra, une femme portant des lunettes, nous a fourni un service médiocre. Elle nous a forcés à écrire un bon avis. Virez-la ; c'est une honte pour Orange. Quand nous voulons recharger notre abonnement internet, il nous complique toujours la tâche.",2026,7,28,0.77,attente en agence et personnel,259
17,Ouali Alami Mohammed,"Je venais de loin et j'avais besoin d'un nouveau numéro après avoir perdu le mien. À l'agence, j'ai trouvé une conseillère à lunettes qui m'a beaucoup aidée en m'expliquant les différents forfaits et leurs avantages. Malgré ma fatigue et le",2026,7,28,0.43,attente en agence et personnel,240
17,Kamal Fahdi,Très serviable. La jeune femme parle anglais et français. Elle donne les meilleurs conseils aux clients. Fortement recommandé.,2026,7,28,0.94,autre,126
17,Mustapha Elhafyani,Je recommande vivement. La jeune femme est très serviable. Elle parle anglais et français.,2026,7,28,0.75,autre,90
17,Wafa Ouabid,"Bon service, merci.",2026,7,28,0.94,attente en agence et personnel,19
17,Vangie Baladad,Bon service et personnel très accessible.,2026,7,28,0.91,attente en agence et personnel,41
17,elkhorassani nezha,Une qualité de traitement élevée après avoir été dans une situation peu enviable,2026,7,28,0.55,autre,80
17,Salah Eddine,Service excellent,2026,7,28,0.96,attente en agence et personnel,17
17,Bouchra El Mehdaoui,Je ne comprends pas pourquoi vous embauchez quelqu'un comme elle ; elle ne veut absolument pas travailler. Je suis venue récupérer mon numéro et elle a été impolie. Elle m'a immédiatement dit d'aller voir une autre agence et qu'elle ne pouvait pas me le rendre. Un vrai fiasco ! Je ne recommande pas.,2024,7,28,-0.66,attente en agence et personnel,300
17,BARAE IDRISSI,Service excellent,2026,7,28,0.96,attente en agence et personnel,17
17,زينب ادهم,"Ce sont des arnaqueuses et des voleuses ! Elles m'ont vendu une carte SIM d'occasion avec un nom allemand, et sa validité était inférieure au prix payé. Au lieu d'une heure de communication, je n'ai eu que cinq minutes. Quand je suis",2023,7,29,-0.84,carte sim et réseau,233
17,Amine Amine,Très bon service,2026,7,28,0.98,attente en agence et personnel,16
17,Meknassi Driss,Excellent service avec des gens gentils,2026,7,28,0.97,attente en agence et personnel,39
17,nisrine Ait Rahou,Très bon service de Yousra,2026,7,28,0.97,attente en agence et personnel,26
17,hicham bounou,Service décevant. Nous payons toujours notre abonnement mensuel et une employée nous dit d'aller chez Cash Plus. Avons-nous un abonnement chez Orange ou chez Cash Plus ?,2024,7,28,0.47,facturation et prix,169
17,Reda Himmi,Service déplorable.  La jeune femme était très irrespectueuse ; j’avais l’impression de la supplier. Ce n’est pas un service digne de ce nom.,2024,7,28,-0.93,attente en agence et personnel,141
17,mohamed el khaichabi,Expérience merveilleuse grâce à Yousra,2026,7,28,0.82,autre,38
17,Soukaina Laabadi,Service excellent,2026,7,28,0.96,attente en agence et personnel,17
17,YASSINE ELBA (ELBA),Merci pour votre coopération,2026,7,28,0.97,autre,28
17,Amin M.K.,Très bon service,2026,7,28,0.98,attente en agence et personnel,16
17,boukhta oussama,Le manque de service donne envie de changer complètement d'opérateur. Les agents manquent de professionnalisme.,2024,7,28,-0.88,attente en agence et personnel,111
17,Ayoub Belkhir,Meilleur service client 👏,2026,7,28,0.93,attente en agence et personnel,25
17,Salam Alikom,Service excellent,2026,7,28,0.96,attente en agence et personnel,17
17,Abdelali Khiat,"Nous avons terminé le premier mois du programme Forfi et le deuxième mois est terminé, mais il n'a pas encore été publié...",2026,7,28,0.0,autre,123
17,omar imam,Très bon traitement,2026,7,28,0.95,autre,19
17,El qemary Meryam,La meilleure agence qui soit,2026,7,28,0.87,attente en agence et personnel,28
17,Chacraoui Said,Bon service,2026,7,28,0.92,attente en agence et personnel,11
17,jad adam,Bon service,2026,7,28,0.92,attente en agence et personnel,11
17,MAROC Marocain,Merci à tous,2026,7,28,0.94,autre,12
17,Fatima ezzahra El alja,Service excellent.,2026,7,28,0.97,attente en agence et personnel,18
17,Fatimaezahra Saqrani,Traiter au niveau,2026,7,28,0.57,autre,17
17,Bouchal Leila,Bon service,2026,7,28,0.92,attente en agence et personnel,11
17,Achraf Ghazal,À SERVIR DE PRÉFÉRENCE ✌️,2026,7,28,0.5,autre,25
17,Hanane Stifham,Bon service,2026,7,28,0.92,attente en agence et personnel,11
17,Croco Meed,Des briques sans briques,2026,7,28,0.45,autre,24
17,Samsung Galaxy,Merci ❤️,2026,7,28,0.86,autre,8
17,meryem makkaoui,Excellent service ❤❤❤,2026,7,28,0.95,attente en agence et personnel,21
17,Sabah Zagraoui,Service haut,2026,7,28,0.6,attente en agence et personnel,12
17,infinix smart9,Bonnes affaires,2026,7,28,0.9,autre,15
17,Abdoulaye Hamadoun SAKAYE,Bon service,2026,7,28,0.92,attente en agence et personnel,11
17,Nadir Elrhanim,Bon service,2021,7,29,0.92,attente en agence et personnel,11
17,noureddine elallaly,Bon service,2026,7,28,0.92,attente en agence et personnel,11
17,Roumayssa Elhmaidi,Bien,2026,7,28,0.75,autre,4
17,Tourya Bih,Mchalh alikom,2026,7,28,0.46,autre,13
17,Riham El Qemary,Service excellent,2026,7,28,0.96,attente en agence et personnel,17
17,Laila Maamri,Bon service,2026,7,28,0.92,attente en agence et personnel,11
17,Ali Ali,Merci,2026,7,28,0.86,autre,5
17,El-menaiy Adnan,👍👍,2026,7,28,0.42,autre,2
17,Oussama chaibi Official,Bien,2026,7,28,0.75,autre,4
17,Ahmad Touraki,Service excellent,2026,7,28,0.96,attente en agence et personnel,17
17,Taha Sebaaoui,Bon service,2026,7,28,0.92,attente en agence et personnel,11
17,Oussama Elhaddioui,Bon service,2026,7,28,0.92,attente en agence et personnel,11
17,Saki Saki,Service excellent,2026,7,28,0.96,attente en agence et personnel,17
19,Chakir Taha,10:10 du matin et toujours fermé ..,2026,3,30,-0.43,autre,35
19,Nadina Callus,Personel désagréable !!!a 10.30 du matin la jeune fille était en pause alors que le magasin ouvre à 10h réponse après avoir attendu 15 minutes son retour :vous pouvez faire une réclamation si vous voulez et je ne vous dit pas comment je,2024,7,28,-0.94,service client et assistance,236
19,BEN A,"Excellent service. Rapide, efficace et de bons conseils.",2026,7,28,0.99,attente en agence et personnel,56
19,Samira.samouraï Samira.samouraï,Agent très désagréable. Incompétente. Informations erronées,2024,7,28,-0.88,autre,59
19,Toni Torres,"J'ai eu besoin d'aide avec l'application à deux reprises. En tant que cliente de ce bureau, je m'y suis rendue et les deux employées plaisantaient et m'ont simplement dit d'appeler le service client ! Eh oui, mesdames, c'est comme ça qu'on fait : mieux vaut rester assise à s'ennuyer que d'aider un client.",2026,4,29,-0.53,attente en agence et personnel,306
19,Азат Муртазин,"C'est la deuxième fois que je viens ici en semaine, et les portes sont fermées.",2025,9,1,-0.49,autre,79
19,Mohamed idjamaa,Mauvaise communication 😩,2025,10,1,0.46,autre,24
19,Nouhaila Alouatiq,Bon service client,2023,7,29,0.87,attente en agence et personnel,18
19,Mohamed Alami,Excellent service client,2022,7,29,0.92,attente en agence et personnel,24
20,Tariq Bouchikh,"Je suis très déçu du service. Je me suis rendu à l’agence Orange pour résilier mon contrat d’abonnement. On m’a fait signer un papier, puis on m’a dit d’appeler le service client. Depuis des jours, impossible de les joindre. Et maintenant,",2026,2,28,-0.9,attente en agence et personnel,239
20,ASSIA CHERKAOUI EL FASSI,Je vous remercie infiniment. Continuez à faire du bon travail ! Les entreprises rêvent de trouver des employés comme vous.,2026,7,28,0.95,autre,122
20,KAWTAR JABRANE (Kawtar Jabrane),"J’ai été très satisfaite de mon expérience dans cette boutique. Le service était impeccable, avec un personnel à la fois compétent et très souriant. Mercii😍",2026,7,28,0.81,attente en agence et personnel,156
20,Ilham Elkassimi,"Je vous remercie orange pour bon qualité services,je suis très satisfait. L'équipe très professionnelle et accueillant. Bravo et continuez.",2026,7,28,0.97,autre,139
20,Fatima ezzahra KASSIMI,Cette agence de Goulmima est vraiment satisfait les besoins des clients avec un bon service et les femmes de cet agence sont sympathiques et avec un bon sens de communication et l’accueil.,2026,7,28,0.95,attente en agence et personnel,188
20,Abdelhafid El bahjaji,Je vous suis très reconnaissant pour votre travail. Je vous remercie pour tout ce que vous faites avec vos clients. Il est rare de rencontrer des personnes aussi dévouées et dignes de confiance. Vos efforts ne passent pas inaperçus.,2023,7,29,0.7,autre,232
20,imane marzouk,je vous remercie la commerciale de l'Orange Agence Goulmima Je vous remercie orange pour bon qualité services par apport l'accueil l'information et tous les agents sont des milliers a propos la bon communication et on plus de ça sont satisfaits mes besoins.,2026,7,28,0.93,attente en agence et personnel,257
20,hajar fouyssi,Merci pour votre excellent service et votre professionnalisme. très agréable. Bravo et continuez ainsi,2026,7,28,0.99,attente en agence et personnel,102
20,Fadwa Rafik,Je suis tres satisfait pour votre service et je vous remercie pour tous ce que vous faites avec vous client,2026,7,28,0.93,attente en agence et personnel,107
20,lebna boussahela,"Bonjour , personnel totalement incompétents, voila 15 jours que je me suis abonné a la fibre depuis sans nouvelles ! J’ai etais contacter deux fois pour la prise de rendez vous et les deux fois personne ne  c’est presente au rdv ! D’après",2023,7,29,-0.58,internet fibre et box,238
20,Safae Segrani,Service nuuul. J ai donné 1 étoile car y en a pas de possibilité pour donner 0. Personnel incompétent! Ça fait un siècle qu'on arrange des rdv pour installer la fibre optique et ç tjrs pas fait!!! Nous changerons de société!!,2023,7,29,-0.78,attente en agence et personnel,225
20,Abir Bakry,"Agence goulmima à fuire!! Ils ferment avant l’heure, tardent bcp pour ouvrir l’après-midi (je parle d’un retard de plus d’une heure), ne répondent pas au téléphone. Je passe presque chaque jour cette semaine dans cette agence et à chaque",2023,7,29,-0.9,attente en agence et personnel,237
20,Mohamed Chebnoune,Très bon service pour cette agence orange de bourgogne,2026,7,28,0.97,attente en agence et personnel,54
20,Fouzia Amjahad,"Bon service,  je suis très satisfaite",2026,7,28,0.95,attente en agence et personnel,37
20,haitam tebbai,Service nuuul!! J'ai jamais cru que la fibre optique prend 70 ans pour être installée. Aucune appréciation donnée aux clients & le service est anarchique!!!,2023,7,29,-0.93,attente en agence et personnel,156
20,Jouidi Abderrahim,Le service et les employés de ce lieu est vraiment super et sympa c'est mon agence habituel,2023,7,29,0.91,attente en agence et personnel,91
20,Ilham Boukanni,Cette agence de goulmima est vraiment satisfait les besoins des clients avec un bon service et les femmes de cet agence sont sympathiques et avec un bon sens de communication et l’accueil.,2023,7,29,0.95,attente en agence et personnel,188
20,Aicha Fahim,Merci infiniment 🙏 Très bonne service 👍,2026,7,28,0.94,attente en agence et personnel,39
20,Anass dream's,Bonjour Je vous remercie les agents commercial de l'agence Goulmima Orange a votre bon service et toujours bon service. Merci,2023,7,29,0.98,attente en agence et personnel,125
20,Ilyas ECHALHI,Bonjour Je vous remercie orange pour bon qualité services par apport l'accueil l'information et tous les agents sont des milliers a propos la bon communication et on,2023,7,29,0.97,attente en agence et personnel,165
20,N M,"Personnel de la boutique Orange Goulmima désagréable au possible, à éviter.",2026,7,28,-0.65,attente en agence et personnel,75
20,Hassan JERRADI,Très bonne service 👍👍👍 top,2026,7,28,0.97,attente en agence et personnel,26
20,Salma Malokii,Très bon service 👌🏻,2026,7,28,0.98,attente en agence et personnel,19
20,MAAROUFI MERIEM,Très bon service merci,2026,7,28,0.97,attente en agence et personnel,22
20,SERVICES DES AFFAIRES FINANCIERES HSR,bon travail et bon satisfait,2026,7,28,0.99,autre,28
20,katalina 91,Très satisfait,2026,7,28,0.92,autre,14
20,El habti Hamrich,Très bon service,2026,7,28,0.98,attente en agence et personnel,16
20,Ziyad ERRAHMANI,Excellent accueil,2026,7,28,0.97,attente en agence et personnel,17
20,Abdelkrim Elmaniari,Bon services,2026,7,28,0.93,autre,12
20,zahra hamrich,Bon service,2026,7,28,0.92,attente en agence et personnel,11
20,Samia El idrissi,👍👍👍👍👍👍,2026,7,28,0.42,autre,6
20,Sayeh Chaimaa,Excellente,2026,7,28,0.98,autre,10
20,Azsa,Très mauvais service,2022,7,29,-0.95,attente en agence et personnel,20
20,خديجة احداد,"Je remercie l'agence Orange Guelmim pour son service, en particulier les filles, car elles sont très bien traitées, en particulier Fatima Zahra. Je la remercie infiniment pour son excellent accueil et pour nous avoir consacré beaucoup de temps. Merci.",2026,7,28,0.95,attente en agence et personnel,251
20,zennouhi mohsine,"Merci Orange pour l'excellent service que vous offrez, et je remercie tout particulièrement la succursale de Guelmim pour sa réactivité et sa bonne communication.",2026,7,28,0.97,attente en agence et personnel,162
20,Wafaa Karim,Service top top top j'avais un problème avec mon WiFi ou c'était le même que mon zahra sarahaaa 3tatni wa9t ou tableau pour ça hta 9adito,2026,7,28,-0.42,internet fibre et box,137
20,Maria Maria,Vraiment le servir ili top top top .fatimazzahra merci bazaaaf 3la 7osn ta3amol,2026,7,28,0.87,autre,79
20,bendrhourhi hamza,"La meilleure agence en termes de service, de dévouement au travail et d'excellent traitement de la clientèle. Merci.",2026,7,28,0.96,attente en agence et personnel,116
20,Najwa Boumahdi,"Excellent travail les gars, je recommande vivement ✨",2026,7,28,0.92,autre,52
20,Khalid El kadiri,"Que la paix soit avec vous.  Je remercie Orange pour ses services, et je tiens également à remercier la",2023,7,29,0.89,autre,103
20,Erwann C,"Il ne maîtrise pas les bases des téléphones double SIM. Il n'a pas remplacé la carte SIM principale (appels et données) par la carte locale avant d'effectuer un test. Cela a entraîné des frais exorbitants de la part de mon opérateur national. Et ce, malgré nos avertissements clairs : il ne fallait absolument pas procéder ainsi.",2024,7,28,-0.66,carte sim et réseau,329
20,Kawtar Regui,La meilleure agence en termes de traitement,2026,7,28,0.9,attente en agence et personnel,43
20,Khalid Elkihel,"Plus d'une heure de diffusion, ils n'acceptent pas les paiements par carte bancaire",2021,7,29,0.0,autre,83
20,Ibtissame Jabrane,Meilleur service,2026,7,28,0.95,attente en agence et personnel,16
20,Zineb Bennis,Bon service 🙏,2026,7,28,0.92,attente en agence et personnel,13
20,Houssine Boutkida,Orange 1er réseau au maroc ☆☆☆☆☆,2023,7,29,0.62,carte sim et réseau,32
20,Jihane Ennahili,Top parfait,2026,7,28,0.89,autre,11
20,AmaI AMal,Haut,2026,7,28,0.44,autre,4
20,Safaa Chakiri,Cool,2026,7,28,0.91,autre,4
20,Faycal Achemli,Service très lent et médiocre,2022,7,29,0.63,attente en agence et personnel,29
20,عبد الرحيم بوعليل,Fermé avant l'heure prévue,2023,7,29,0.43,autre,26
20,Evalo3,Service client déplorable.,2023,7,29,-0.79,attente en agence et personnel,26
20,Kana STYLISTE,Vraiment incroyable,2021,7,29,-0.52,autre,19
20,achraf elhadi,Nulllll,2019,7,30,-0.4,autre,7
22,demnat ennaciri Mohamed,"Service médiocre. Un agent de l'agence a agi de manière impolie et arrogante, ce qui m'a poussé à annuler mon abonnement fibre 100 Mo. Très déçu par son comportement ! 😡😡😡",2026,1,29,-0.93,attente en agence et personnel,171
22,Commercial Orange,Une équipe professionnelle remarquable et sympathique,2025,12,30,0.95,autre,53
22,Mohammed Amine,"À Fuuiiiiiirrrrr!!!!!!! Service de très mauvaise qualité, le mauvais comportement du personnel de l'agence risque de faire perdre un nombre important de client de la compagnie.",2024,7,28,-0.98,attente en agence et personnel,176
22,Younes Hajila,Service nulle zéro,2026,4,29,-0.49,attente en agence et personnel,18
22,Omar Omar,"Équipe professionnelle, bon service",2023,7,29,0.95,attente en agence et personnel,35
22,Mohcine EL MAGHRAOUI,Mauvais service et mauvaise expérience,2024,7,28,-0.88,attente en agence et personnel,38
22,Sanad psycho-tourisme,Le meilleur service de cette agence ; le monsieur est très poli et professionnel.,2025,11,30,0.93,attente en agence et personnel,81
22,Saad BENZDI,traitement médiocre,2026,5,29,0.56,autre,19
22,abdelhakim fara,Ces personnes (les agents) m'ont fait aimer l'entreprise.,2025,10,31,0.82,autre,57
23,Cheyenne Akh,bon ben....si vous avez besoin de rien vous pouvez y aller. je passe 2 fois et ils n ont pas de carte internet.....,2025,10,31,0.79,autre,115
23,Anas Benbrahim,"15heures 30 et l'agence est fermée,  aucun contrôle de la maison mère,  ils font ce quils veulent et ternissent l'image de Orange",2022,7,29,-0.64,attente en agence et personnel,129
23,ichrak ait taleb,Agents accueillant ayant le sens du service,2024,7,28,0.82,attente en agence et personnel,43
23,Mustapha El azzaoui,Très bon service,2026,7,28,0.98,attente en agence et personnel,16
23,Najat Sarhrawi,Juste c'est le plus proche,2021,7,29,0.57,autre,26
23,Amine Dimachki,bien,2024,7,28,0.96,autre,4
23,mohamed alloula,Bon service,2024,7,28,0.92,attente en agence et personnel,11
23,Yassine Arbouny,Nul,2021,7,29,-0.4,autre,3
23,Younes Bennouna,Bonne réception,2022,7,29,0.94,autre,15
23,Ousseynou Diallo,Sénégalais,2026,7,28,0.39,autre,10
23,Mouhssine Ts,Un service null. Le comportement de cette employée était extrêmement provocateur et irrespectueux envers les clients. Je vous conseille de l'éviter.,2026,7,7,-0.96,attente en agence et personnel,148
23,Meryem,"Quel manque de professionnalisme ! Quels sont vos critères de recrutement pour ces agents ? Ils ne font absolument aucun effort pour fidéliser les clients, mais expliquent comment résilier facilement. C'est inadmissible !",2026,7,28,-0.95,autre,221
23,Abdullah Ebrahim,"Le pire service que j'aie jamais vu ! Ils ne peuvent pas vous aider. Adressez-vous plutôt à une grande agence, ne perdez pas votre temps.",2021,7,29,-0.77,attente en agence et personnel,137
23,Ahmed Elgahntar,Correct,2022,7,29,0.5,autre,7
24,sanchez sia,A fuir a se demander a quoi sert le service après vente et le service client !!! Pour vous expliquer : problème technique de la box sachant que la carte sim de la box est chargé d'un montent de 300 dh cette dernière fonctionne tres bien,2025,12,30,-0.59,internet fibre et box,236
24,Ayman Khelif,"Pire expérience. Je leur demande un abonnement fibre optique. Je signe, il me disent qu'un technicien va passer dans 2 jours max. Le désastre commence là: les techniciens viennent, me disent que le cable chez moi bloque quelque part et il",2025,11,30,-0.84,internet fibre et box,238
24,Wafae F,"Le Monsieur blond avec lunettes à l'agence est très professionnel. Je voulais la fibre mais apparemment dans ma ruelle à derb ghallef y a pas de fibre. Merci pour l'amabilité, le professionnalisme, d'avoir passé un très long moment pour",2026,7,28,0.61,internet fibre et box,236
24,Sanae El Allaoui,"Service Horrible, Demande de portabilité jamais effectuée; On s'est permis d'envoyer la demande d'exécution à mon ancien opérateur avant d'activer mon numéro!  Pire, on me renvoie depuis le matin en me disant que les délais de traitement",2021,7,29,-0.9,attente en agence et personnel,237
24,Ryme El Maslouhi,Un service client inexistant et laissant à desirer.. J'ai dû faire l aller retour 2 fois pour une demande de résiliation de ma ligne!,2024,7,28,-0.65,attente en agence et personnel,133
24,Mehdi Attaf,"Le service client m’a dirigé vers une agence Orange pour une demande de déménagement de ma ligne fibre, quand je suis arrivé à cette agence, j’ai été surpris qu’ils ne faisaient pas déménagement",2023,7,29,-0.5,attente en agence et personnel,194
24,Mohammed ETTAOUIL,"Service null et personnel incompétent, le Mr n'est pas à l'agence on l'attend 20 minutes pour nous donner de faux renseignements on nous disant que l'offre en question n'est plus disponible sadderna bel3arbya et il s'en fout carrément. Bref mauvaise experience !!!",2022,7,29,-0.96,attente en agence et personnel,264
24,Ettore Dimarul,Pire opérateur du Maroc cela fait 10jours j'ai pas internet chez moi et il ne font rien,2026,7,28,-0.43,autre,87
24,I A,Mauvaise expérience des agents commerciaux qui ne sont pas crédible la ligne 121 fait semblant qu'il écoute et traite les réclamations alors quils n'ont pas le pouvoir d'agir ainsi les responsables du service après vente se cachent toujours,2021,7,29,-0.66,attente en agence et personnel,240
24,Fatima,Merci pour le service.  Ils m'ont depanné pendant les  fêtes et week end.,2024,7,28,0.94,attente en agence et personnel,73
24,Guillaume Benard,Accueil nul et mauvais conseils.,2025,11,30,-0.9,attente en agence et personnel,32
24,Thomas Franck Hermann GUIRAUD,"Problème technique dans l’agence, sans donner un quelconque délai et me priant de me rendre immédiatement dans une autre agence.",2024,7,28,0.0,attente en agence et personnel,128
24,Ahmed Achraoui,Service impeccable surtout le jeune homme qui porte les lunettes,2024,7,28,-0.42,attente en agence et personnel,64
24,TECTOB ETUDE,Mauvaise Service après vente.,2024,7,28,0.42,attente en agence et personnel,29
24,hamza ray,Ne respecte pas les horaires du travail,2024,7,28,0.0,autre,39
24,Sge Stilmole,Une honte,2024,7,28,0.59,autre,9
24,El Mehdi Ayad,Très occupé sur son téléphone,2023,7,29,0.49,service client et assistance,29
24,Youssef Oumoulid,Mauvaise service,2024,7,28,0.55,attente en agence et personnel,16
24,Younes Bennouna,Mauvaise,2022,7,29,0.5,autre,8
24,Mohammed Chokry,"Je souhaite partager mon expérience en tant que client, car la situation devient vraiment préoccupante",2026,7,28,-0.52,autre,102
24,noureddine elkhayati,La pire agence que j'aie jamais fréquentée.,2023,7,29,-0.69,attente en agence et personnel,43
24,HM PROFESSOR,Bonne réception,2026,7,28,0.94,autre,15
24,Anass Boupouchi,Le pire service,2026,7,28,-0.47,attente en agence et personnel,15
24,THEMAM CAR RENTAL,Le service Orange est bon.,2024,7,28,0.96,attente en agence et personnel,26
24,Bensalaf Abdelilah,il y a un certain relâchement dans le service,2021,7,29,0.48,attente en agence et personnel,45
25,Hasnaa BOUDARED,"Merci beaucoup à l’agence pour son excellent accueil et son professionnalisme. Service rapide, efficace et personnel très aimable. Je recommande vivement!",2026,5,29,0.98,attente en agence et personnel,154
25,Thami Saihine,"Service impeccable et professionnel, merci pour votre accueil 👍👍👍",2026,7,28,0.72,attente en agence et personnel,65
25,Saida Boudared,Meilleur service,2026,5,29,0.95,attente en agence et personnel,16
25,Salima EL MOKAFIH -Morocco-,"Bonjour à vous , Je ne comprends pas ce comportement des personnes qui travaillent chez vous , aujourd'hui l'Etat nous demande de rester à la maison et j'ai acheté une carte et",2020,7,29,0.47,attente en agence et personnel,176
25,Omar,"C’est tout simplement la meilleure boutique Orange de tout Casablanca. J’habite au SUD de Casablanca, ça fait loin mais croyez-moi ça vaut le déplacement. En plus on se déplace une seule fois et le reste c’est tout par téléphone avec la",2024,7,28,0.49,service client et assistance,236
25,zahira boudlal,En date du 30/06/2022 j ai recharge 120 dhs  sur mon tel malheureusement et d un seul coup le solde s est échappé et je n ai même pas consommé un centime. Depuis ce jour je n ai arrêté de contacter le service clientèle 01/07  et 04/07,2023,7,29,-0.84,carte sim et réseau,234
25,Albert Cohen,"De passage au Maroc pour un déplacement professionnel, j'ai sollicité les services de cette agence pour une carte sim, le service était juste incroyable. La jeune dame m'a très bien expliqué et orienté, j'ai pu repartir avec une carte sim",2022,7,29,0.61,carte sim et réseau,238
25,Anouar Lakzaini,"Très bon service, mes lignes professionnelles ont été activées très rapidement, ainsi que la fibre, je recommande vivement.",2022,7,29,0.96,internet fibre et box,123
25,Jason Bourne,Très bonne qualité de service sérieux et professionnalisme je recommande vivement,2020,7,29,0.95,attente en agence et personnel,81
25,imad akhlij,Merci Orange pour le service,2026,7,28,0.94,attente en agence et personnel,28
25,Khamri Mostafa,Très bon service 👍,2024,7,28,0.98,attente en agence et personnel,18
25,Sara Saddiqi,Très bon service,2024,7,28,0.98,attente en agence et personnel,16
25,Fatima Zahra,Bonne qualité et très bon service ❤👌👌👌,2026,5,29,0.99,attente en agence et personnel,38
25,derfili hasan,"Agence à la hauteur, personnel souriant, Merci.",2022,7,29,0.8,attente en agence et personnel,47
25,Yassine Douib,Personnel très accueillant et compétant,2022,7,29,0.96,attente en agence et personnel,39
25,Khalid chamrahi,Bon service .,2023,7,29,0.95,attente en agence et personnel,13
25,REDA AKEL,C'est bien,2017,7,30,0.98,autre,10
25,Reda Tech,Service rapide,2024,7,28,0.73,attente en agence et personnel,14
25,abdelali nasr,Bon servic👏,2022,7,29,0.91,autre,11
25,Salaheddine Tijane,Agance c fermé ?????,2018,7,30,-0.49,autre,20
25,azedsdine fardas,Top services,2022,7,29,0.73,autre,12
25,Bouchaib ALI,Un lieu de service téléphonique,2020,7,29,0.55,attente en agence et personnel,31
25,Revue Presse (Journaliste KARIM),"Les services offerts par cette agence sont excellents et le service client irréprochable. Mes amis et moi, qui avons déjà fait appel à leurs services à titre professionnel, partageons le même avis et la même satisfaction. C'est pourquoi je",2026,5,29,0.85,attente en agence et personnel,239
25,Amine Elkake,"Excellent accueil, merci.",2026,5,29,0.98,attente en agence et personnel,25
25,mouad fetahi,Service excellent,2026,7,28,0.96,attente en agence et personnel,17
25,El ouahabi Anass,Traiter au niveau,2026,5,29,0.57,autre,17
25,Said Hatik,"Excellent service, merci beaucoup et bonne chance !",2024,7,28,0.99,attente en agence et personnel,51
25,Laaroussi Adil,Boutique A7san Orange,2026,5,29,0.66,autre,21
25,BLACKʕ•ᴥ•ʔ CAT,"Malheureusement, le traitement était inapproprié.",2022,7,29,-0.84,autre,49
25,Zakaria Akhezzan,Service excellent,2024,7,28,0.96,attente en agence et personnel,17
25,Brahim Chafaa,Bon service,2023,7,29,0.92,attente en agence et personnel,11
25,Badr Mizo,Transaction claire et explicite,2022,7,29,0.45,autre,31
25,M hamed,bon service,2022,7,29,0.96,attente en agence et personnel,11
25,Zekri Karim,Accueil convivial,2019,7,30,0.7,attente en agence et personnel,17
25,Boulman Mohamed,Services faciles,2024,7,28,0.79,autre,16
25,jarox,mauvais service,2024,7,28,-0.85,attente en agence et personnel,15
25,ZA CH,Pas très bon,2021,7,29,0.91,autre,12
25,Simo Herradi,M.h123450,2016,7,30,0.51,autre,9
25,Mustapha akzaou,haut,2022,7,29,0.56,autre,4
27,Mikel KG,Le service était parfait et la dame au guichet très à l’écoute merci encore,2026,2,28,0.9,attente en agence et personnel,75
27,Adnan,Tres bon service et merci beaucoup mr hicham,2025,10,31,0.93,attente en agence et personnel,44
27,lina sabirisoth,"la personne à l'accueil est minable , irrespectueuse. C'est bien dommage",2026,7,28,-0.96,attente en agence et personnel,72
27,HTL dev,L'agence ne se trouve pas exactement a l'endroit indiqué et plus j'ai trouvé l'agence férmée a 13h30 contairement a ce qui est indiqué sur cet fiche,2022,7,29,-0.52,attente en agence et personnel,148
27,Maryam Mellal,"La personne a l'accueil Irrespectueux, mauvais service malheureusement",2026,7,28,-0.93,attente en agence et personnel,70
27,Imrane Kasmi,Bon service et accueil très gentil,2026,7,28,0.98,attente en agence et personnel,34
27,reese maabich,"Informations erronées, partielles, approche contractuelle flou. Service déplorable",2024,7,28,-0.81,attente en agence et personnel,82
27,Lotfi Slaoui,Très mauvais accueil !,2024,7,28,-0.98,attente en agence et personnel,22
27,Elba Iman,Catastrophique,2025,10,31,-0.62,autre,14
27,Lola Tia,"Un grand merci aux conseillers,Hafsa et Hicham, de l'agence orange val fleuri, pour leur patience et leur gentillesse. C'est un réel plaisir d'être accompagné par des personnes aussi compétentes et souriantes. Ne changez rien, vous faites un excellent travail",2026,7,25,0.9,attente en agence et personnel,259
27,belghiti rachid,Excellent service de la part du personnel de cette agence en particulier Mr Hicham et Madame Hafsa,2026,7,25,0.95,attente en agence et personnel,98
27,riyan fabre,Boutique et personnel au soin ! Rapide efficace je recommande Hafsa,2026,7,22,0.94,attente en agence et personnel,67
27,Grace Sharp,"Les employés de cette agence d'Orange sont aimables et serviables. Cependant, l'entreprise dans son ensemble est déplorable. Leur connexion Wi-Fi à domicile a été interrompue neuf fois en un an. Lorsque j'ai voulu résilier mon contrat, j'ai",2025,11,30,-0.79,carte sim et réseau,240
27,Moad,"J'ai récemment eu la malheureuse expérience avec Orange et je me suis senti obligé de partager ma déception avec d'autres personnes concernant leurs services. Dès mon arrivée, j'ai compris que quelque chose clochait. La réceptionniste, dont",2024,7,28,-0.9,autre,240
27,Justas Valantinavičius,"Fermé à l'heure prévue. Il est 15h20 samedi, et personne ne travaille.",2024,7,28,-0.37,autre,70
27,Kamal Elghaffari,Cela fait un mois que j'essaie d'obtenir la fibre optique et je ne l'ai toujours pas reçue. De quel genre de service s'agit-il ?,2025,12,30,-0.49,internet fibre et box,128
27,Hicham Hicham,"Franchement, j'ai été très impressionné par l'accueil et la clarté des explications concernant les offres disponibles. Un grand merci !",2026,7,28,0.98,attente en agence et personnel,135
27,bebe star,Bon accueil et bon traitement. Merci. Je suis très satisfait.,2026,7,28,0.98,attente en agence et personnel,61
27,tony flores,Pas ouvert pendant les heures affichées,2024,7,28,0.0,autre,39
28,znakhchen Alias i,"Désormais j'ai vécu une très mauvaise expérience avec la conseillère de cette boutique ! Malheureusement je suis pas le seul à contesté, très désagréable, un acceuil froid, Pas digne de ce job!",2024,7,28,-0.98,autre,193
28,Medi,Agence professionelle et tres bon service,2022,7,29,0.95,attente en agence et personnel,41
28,Hamza Amouche,Très bon service,2026,7,14,0.98,attente en agence et personnel,16
28,Zakia Hamza,Très bon service,2026,7,7,0.98,attente en agence et personnel,16
28,Houda Elhamadchi,Très bon service à l’agence ainsebaa srtt la fille qui m’a aidée très gentille et professionnel Merci beaucoup,2026,7,7,0.95,attente en agence et personnel,110
28,Fatima Safer,"La réceptionniste du bureau est très aimable et accueillante envers tout le monde, et elle vous laisse suffisamment de temps pour comprendre.",2026,7,7,0.95,autre,141
28,Youness Ouaqdi,Très bon service,2026,7,7,0.98,attente en agence et personnel,16
28,Samir sodki,Agence très professionnelle et très bon service,2026,7,28,0.95,attente en agence et personnel,47
28,Wafa hadad,La meilleure agence du monde,2026,7,7,0.95,attente en agence et personnel,28
28,Nordine Ben Mhand,Service excellent,2026,7,28,0.96,attente en agence et personnel,17
30,nouamane kaab,Wifi d’jib acheté après 2 jours je constate que sa batterie qui est censé normalement tenir huit heures ne tient même pas deux heures. Je reviens à la boutique pour demander un échange de batterie et la dame me dit ´que c’est trop tard on,2025,11,30,-0.42,internet fibre et box,238
30,Abdellah Zaid,personnels non polyvalant mauvaise comunication et mauvais acceuil,2024,7,28,-0.58,autre,66
30,adil saber,Agence et gérant agréables !,2026,7,28,0.62,attente en agence et personnel,28
30,Ossama Benbouidda,Un service client qui laisse globalement à désirer,2022,7,29,-0.8,attente en agence et personnel,50
30,Maha Amouri,❤️❤️❤️❤️🫡🫡🫡🫡🫡,2026,7,28,0.42,autre,13
31,RABIAAH RAHOUI,C'est du n'importe quoi...c'est fermé alors que je me suis tapé un long chemin,2026,5,29,-0.58,autre,78
31,med reda,"Service tres mauvais, je ne recommande pas cette agence!! J’ai fait une demande dans cette agence a laquelle je n’ai pas encore eu de réponse jusqu’à présent, tandis que dans une autre agence, ma demande a été traitée et j’ai déjà eu l’installation de fibre optique faite",2025,12,30,-0.95,attente en agence et personnel,271
31,SOLUTION TELECOM,"Merci Mme SARA pour votre service, l'installation de mon abonnement Fibre optique dans le meilleur délai",2026,7,28,0.92,internet fibre et box,104
31,معمل قفطان و جلابة المغرب,Tres Bon Service,2026,4,29,0.78,attente en agence et personnel,16
31,Moi Moi,Merci bcp sara,2026,7,28,0.63,autre,14
31,sabir elmeskine,Service de client est nul,2026,7,28,0.0,attente en agence et personnel,25
31,Zakaria Shaki,Merci sara,2026,7,28,0.76,autre,10
31,Mostafa Bensassi,Bien,2022,7,29,0.75,autre,4
31,mohamed malki,Le service est excellent et toutes les démarches se déroulent sans accroc. Je me sens comme en famille.,2026,7,28,0.92,attente en agence et personnel,103
31,Mouad Boussengar,Service excellent,2026,5,29,0.96,attente en agence et personnel,17
31,said moha,Le service client est bon et conforme aux normes.,2022,7,29,0.93,attente en agence et personnel,49
31,Houda Mouttalib,Il était fermé aujourd'hui !,2023,7,29,-0.69,autre,28
32,Rihab Meziaty,"Agence fermée à 10h10 alors que l'horaire d'ouverture est affiché à 9h. Aucun personnel sur place, rideau baissé, impossible d'obtenir des informations. Très décevant pour un service censé être accessible aux clients.",2025,11,30,-0.79,attente en agence et personnel,217
32,mohamed el mouatassim,Très mauvais service. Kaydwi m3ak o mnefekh. Mauvais personnel,2025,12,30,-0.96,attente en agence et personnel,62
32,Omar Felgata,"Personnel incompétent et pas serviable,je suis alle a une autre agence ,ils ont traite le probleme vite et le persinnel accueillant et serviable bravo à eux ils se trouvent au prince moulay abdellah ´",2026,7,28,-0.49,attente en agence et personnel,200
32,hajar bouzit,Le monsieur sur place est gentil serviable il nous a tout expliqué je recommande,2024,7,28,0.62,autre,80
32,Tolga Günaydın (“guidetolga”),Vente de cartes invalides. Fraude,2024,7,28,-0.75,autre,33
33,Rim Mah,Des étiquettes pour l’installation de la fibre Orange ont été collées sur ma maison sans aucune autorisation. Il s’agit d’une propriété privée et personne ne m’a demandé mon accord. J’ai des photos comme preuves. Merci de respecter les habitants et de demander l’autorisation avant d’intervenir.,2026,7,28,0.0,internet fibre et box,295
33,Zahra B.,Très bon service. Personnel à l'écoute du besoin réel et de bons conseils. 5 étoiles pour la disponibilité et les très bonnes explications concernant les différents abonnements et Pass Merci.,2024,7,28,0.99,attente en agence et personnel,191
33,Miloud Benherref,Très bon service.,2022,7,29,0.98,attente en agence et personnel,17
33,Rachid Boufous,Ras,2022,7,29,0.49,autre,3
33,Samira Amrhar,Merci pour le service et l'excellent accueil 🙏,2026,7,28,0.99,attente en agence et personnel,46
33,Ambulance fast,Service impeccable 👍🏻 Bonne continuation,2024,7,28,0.85,attente en agence et personnel,40
33,Fati Fati,"Merci pour votre service, et pour votre écoute et votre accueil chaleureux.",2021,7,29,0.97,attente en agence et personnel,75
33,abderrahmane oubaha (“OubahaOfficial”),bien,2022,7,29,0.96,autre,4
34,omar zahiri,"Bonjour, Je suis très satisfait, du comportement du vendeur Mr KHALID LACHGAR Magasin Ben Omar 743 Maarif pour tout le parcours ...",2026,7,28,0.93,attente en agence et personnel,131
34,Ho Si,"Bonjour, Je suis  Trés satisfait du vendeur Mr khalid lachgar Magasin ben Omar",2026,7,28,0.85,attente en agence et personnel,78
34,ait hamou driss,"Bonjour, Merci de visiter l'agence BenOmar Maarif Pour vous accompagner à réaliser vos besoins Orange, pour moi je suis très",2026,7,28,0.96,attente en agence et personnel,124
34,Afamor,Bonjour Je suis très satisfait du comportement du vendeur Mr KHALID LACHGAR agence Ben Omar 743 maarif Merci.,2026,7,28,0.84,attente en agence et personnel,109
34,Walid Kabbourim,Bonjour Je suis tres satisfait du vendeur Mr Khalid Lachgar agence Benomar Maarif Merci,2026,7,28,0.89,attente en agence et personnel,87
34,tarek izmousse,Impeccable.  Professionnalisme et maîtrise de si khalid lachgar ( agence benomar) du produit. Temps de prise en charge record avec des explications pointues,2026,7,28,-0.47,attente en agence et personnel,156
34,Karim Sabbar,bonjour bonne service je remercie mr khalid agence ben omar maarif,2026,7,28,0.93,attente en agence et personnel,66
34,Mounir Baali,"Merci beaucoup pour le bon service, très satisfait, agence ben omar maarif",2026,7,28,0.98,attente en agence et personnel,74
34,Enangnon Serge MONTCHO,Bonjour Je suis très satisfait du vendeur Mr Khalid Lachgar agence Ben Omar Maarif,2026,7,28,0.89,attente en agence et personnel,82
34,Mohamed Reda HAFDAOUI,Trés bon service,2026,7,28,0.89,attente en agence et personnel,16
34,Mohamed Amine Ezzaki,"Ben Omar est une personne formidable, il fait de son mieux pour servir le client.",2026,7,28,0.87,autre,81
35,mohammed sabir,"Hassan ,très serviable,toujours souriant",2020,7,29,0.86,autre,40
35,Med Caza,bon acueil et service,2022,7,29,0.97,attente en agence et personnel,21
35,Jalal Assaf,Professionnels!!,2022,7,29,0.81,autre,16
35,RACHID ACHIR,"Très, très bon",2022,7,29,0.99,autre,14
35,majdouli med,UN,2022,7,29,0.47,autre,2
36,Abdo BENMOUHAINE,"Depuis le 23/08/2025, ma ligne est hors service à cause de travaux Orange dans le secteur. Malgré plusieurs relances, toujours aucune solution. Si ça continue, je vais résilier toutes les lignes de ma société. Je conseille à tout le monde",2025,12,30,-0.45,attente en agence et personnel,238
36,Boutika RB,Toujours la même expérience et pareil que les deux autres opérateurs principaux dans notre chèr pays...la première fois pour s'abonner tu es la bienvenue et tout se passe très bien après la signature du contrat et après 3 ans  4 ans de,2026,7,28,0.67,facturation et prix,235
36,abderrahmane nor,"Pour résilier j'ai du me déplacer depuis dar bouazza a cette adresse , et puis une fois sur place j'ai rempli le formulaire et le mec sur place m'a bien dit que tout est ok.",2023,7,29,0.79,autre,173
36,Yahia Echihabi,Sans mentir le service est super agréable pas de perte de temps tout mes abonnements passe par cette agence merci bonne continuation 👌🙏,2026,7,28,0.55,attente en agence et personnel,135
36,Abel Elab,"Salam alikom, Je suis client d'orange plus que vingt ans,et je suis reconnaissant de cette agence pour le service",2026,7,28,0.72,attente en agence et personnel,113
36,karim sekkal,Je suis très satisfait du service de cette agence toujours toop merci et bonne continuation 🙏🙏🙏,2026,7,28,0.89,attente en agence et personnel,95
36,Jihane Azzouzi,Service nuuuul! Ça fait 5jours que la fibre ne marche pas chez moi et aucun retour apres 10000 reclamations,2024,7,28,-0.79,internet fibre et box,107
36,mohamed makel,"Très satisfait du service de cette agence, toujours disponible pour n'importe quelle information.",2026,7,28,0.85,attente en agence et personnel,97
36,Amina Abid,Service très bas et nul au agence imilzola à revoir,2024,7,28,-0.41,attente en agence et personnel,51
36,youssef touham,Une très bonne expérience je suis satisfait,2026,7,28,0.94,autre,43
36,bio amine,La connexion wifi  ne marche pas à bouskoura !!!!,2024,7,28,-0.59,carte sim et réseau,49
36,Mustapha Messaoudi,Bon,2023,7,29,0.91,autre,3
36,Vic Castleton,"Le 6 mars 2023, je suis arrivé à 9h30, c'était fermé. On dirait que ça n'ouvre jamais ! Quelle perte de temps d'avoir marché 25 minutes pour y arriver !",2023,7,29,-0.71,autre,152
36,Ahlame Zahid,Mauvais service - ils m'ont également laissé attendre 14 jours d'affilée pour réparer mon wifi,2023,7,29,-0.47,internet fibre et box,94
36,Alexandra Lessa,"J'ai rapidement activé mon forfait internet (plus de Go que prévu, un bonus appréciable !).",2024,7,28,0.69,carte sim et réseau,91
36,just a stranger,"Ce lieu n'existe pas, sachez qu'il s'agit d'un troll et non d'une véritable agence.",2021,7,29,-0.5,attente en agence et personnel,83
36,Oudib Oudib,La pire entreprise de télécommunications de tous les temps,2022,7,29,-0.82,autre,58
36,asem,😍👍,2022,7,29,0.42,autre,2
37,hasna elbaggar,"Inacceptable ! Je me suis déplacé à 11h du matin pour me rendre à l’agence Orange et je l’ai trouvée fermée sans aucun mot, aucune explication. C’est un manque total de respect pour les clients. À quoi servent les horaires affichés si",2025,11,30,-0.42,attente en agence et personnel,234
37,Emiradéle,"Sincerement vous feriez mieux de virer ce monsieur à ce post , sur 20demandes jamais au plus grand jamais 1 seule n’a été résolue, tu veux « une Box rupture de stock carte sim rupture de stock, machine ne marche pas , problème système,",2026,7,28,-0.61,carte sim et réseau,235
37,Ahmed Amine Bousnane (A736),"Il semble que votre système soit dépassé, datant des années 80, ou alors que votre service clientèle trouve constamment des excuses pour éviter de travailler. Je suis confronté à des va-et-vient incessants pour obtenir une eSIM sous",2024,7,28,-0.87,attente en agence et personnel,232
37,imanee idaam,Il m’a dit que il existe pas le dar box de 199 juste pour prendre celui qui est à 400 et il m’a pas répondu à mes questions clairement comme si il sait pas exactement le produit,2026,7,28,0.0,internet fibre et box,177
37,Jamal Benbouziyane,L'agent est accueillant et ne manque de professionnalisme. Il m'a vendu deux services d'une manière fluide et charmante. Dr Benbouziyane,2022,7,29,0.71,autre,136
37,Papa Omar Diouf,"Une boutique tout le temps fermée, accueil zéro , incompétent.",2026,7,28,0.58,attente en agence et personnel,62
37,Hamza Youssoufi,Très bon service ! professionnel et à la hauteur.,2024,7,28,0.99,attente en agence et personnel,49
37,Rokhy Ly,Dommage que les paiements soient souvent en panne,2022,7,29,-0.61,autre,49
37,Ibrahima Thiam,Service rapide et efficace,2019,7,30,0.87,attente en agence et personnel,26
37,Cisse Mor,Un peu bien,2021,7,29,0.96,autre,11
37,Mohamed AKAYA,Own shop Orange Maroc,2021,7,29,0.6,autre,21
37,Anas Redouane,"Service médiocre, le monsieur ne répond pas aux demandes comme il convient.",2026,7,26,0.0,attente en agence et personnel,75
37,Andi Mitia Fanoa RAZAFINDRABE,"Incompétent, personnel impolie, mauvais accueil et expérience. Si possible à éviter",2026,6,30,-0.94,attente en agence et personnel,83
37,Badjer Rileey,"Service client déplorable.  L'agence donne l'impression d'être ouverte uniquement de nom, sans fournir de",2026,4,29,-0.78,attente en agence et personnel,105
37,Mourad El Marssi,"Agence incompétente, toutes les demandes ne sont pas satisfaites, les hommes à l'accueil se prennent pour des rois !",2026,7,28,-0.6,attente en agence et personnel,116
37,جواد الساقي,"Bonjour, j'ai bien reçu une carte SIM Wi-Fi de votre part, mais elle ne fonctionne toujours pas.",2026,4,29,0.79,carte sim et réseau,96
37,ZForm,"Service vraiment déplorable. Ils prennent une pause de 2 heures, de 13h à 15h. Quand j'ai demandé à être servi à 13h20 et que j'ai expliqué que c'était la quatrième fois que je venais à 13h et qu'on me disait de revenir, ils se sont mis à",2023,7,29,-0.93,attente en agence et personnel,238
37,leo simo,Service nul,2025,12,30,-0.45,attente en agence et personnel,11
37,Netflixaccount,Grossier et non professionnel. 👎,2026,7,28,-0.51,autre,32
38,rania Lf,"Pour la première fois, j’ai vraiment aimé le service. L’accueil était chaleureux, le personnel était professionnel et très respectueux. Je me suis sentie à l’aise et bien prise en charge. Merci beaucoup! 👏🏻",2026,5,29,0.98,attente en agence et personnel,206
38,Ghrissi Driss,Un vrai service client. Les filles sont tres serviables a l’écoute. A dupliquer dans ttes les agences oranges. Merci 🙏🙏,2026,3,30,0.86,attente en agence et personnel,119
38,OUJDA TELECOM,Très serviable surtout si vous trouvez  le hajj  abdellah  le gérant historique de magasin  bon explications  pour  les forfaits  disponibles  cher Orange  bon orientation  vers ce que  vous  voudrais et n'oubliez  pas l'autre  équipe,2024,7,28,0.87,facturation et prix,234
38,c'est moi,Service catastrophique a éviter,2026,3,30,-0.6,attente en agence et personnel,31
38,Maison A&Z,bon service et bon accueil merci bcp  magnifique agence orange 👍👍👍,2024,7,28,0.97,attente en agence et personnel,66
38,Hiba Mouwahid,Un service de qualité,2025,11,30,0.83,attente en agence et personnel,21
38,Khadija Riame,Mauvaise expérience des personnes I responsable du foutage de gueule honte à vou,2023,7,29,-0.55,autre,80
38,Fatah Rca,Tres Bon service ❤️,2024,7,28,0.85,attente en agence et personnel,19
38,Daroune Abdelftah,Service très satisfait 😁,2024,7,28,0.88,attente en agence et personnel,24
38,RACHID KAZIM,"Paix Tout mon respect aux personnes qui travaillent dans cette agence. Elles ont un sens aigu du devoir, un respect mutuel et prennent le temps de comprendre mes",2024,7,28,0.71,attente en agence et personnel,161
38,Salma Jaja,"Une agence formidable en termes de traitement, de communication, de perfectionnement, de compréhension, d'appréciation, de respect et d'intégrité. Merci, Agent Abdelrahman.",2024,7,28,0.94,attente en agence et personnel,172
38,Abdourrahmane Boulaanait,"Des services de qualité, et surtout un excellent service après-vente.",2026,7,28,0.96,attente en agence et personnel,69
38,Noureddine OFF,Le service était extrêmement difficile ❤️,2026,7,28,-0.76,attente en agence et personnel,41
39,ILLICO PRODUCTION,Très bon accueil Service rapide Personnel compétent,2026,5,29,0.97,attente en agence et personnel,51
40,Othmane Alla,La fibre d’orange est la fibre la plus nulle que j’ai vue de ma vie elle est lente elle se casse tout le temps je ne vous la recommande surtout pas je donnerai même 0 étoile,2026,7,28,-0.66,internet fibre et box,173
40,Wac Chakir,Bien,2025,10,31,0.75,autre,4
41,Abderrahim BOULAAJOUL,"Code vendeur : RN08596. Faites attention de cette personne, elle m'a confirmé que j'aurais une remise de 50% sur les 3 premières factures or que l'offre avait ete deja expirée 1 mois avant. Aujourd'hui a ma surprise je recois la premiere",2023,7,29,-0.44,attente en agence et personnel,237
41,Soumia Sefrioui,"Il vaut mieux fermer cette agence. C est une honte pour orange  un chargé  de clientèle avec des lunettes nous annonce toujours sans se gêner « système hors service 7 jours sur 7 » 0 professionnalisme, 0 sourire et 0 tact Waww c est un prétexte pour ne pas faire son boulot Vivement l agence Morroco Mall.",2024,7,28,0.41,attente en agence et personnel,305
41,Rachid ELKHATRI,la jeune demoiselle qu'elle a été à l'accueil ce matin (elle porte le foular ) est vraimenet nule j ai venu pour prendre des rensigniment pour un 2eme abonnement darbox et malheureusement la jeunne demoiselle n avait pas le temps ou plutot,2021,7,29,-0.78,attente en agence et personnel,239
41,Hajar Voyage,Bien accueilli Bonne service Excellente expérience Merci orange,2026,7,28,0.98,attente en agence et personnel,63
41,Maha Jawhari,"La politesse, c’est gratuit",2026,7,28,0.52,autre,27
41,Elhassan Darid,Mavais actuellement,2021,7,29,0.49,autre,19
41,Elijah Berzem,"La personne responsable du service a laissé le magasin à moitié fermé  J'ai interpellé l'agent de sécurité et lui ai dit que le magasin devait être ouvert et que cette personne devait revenir rapidement. Après 30 minutes, toujours rien. Veuillez consulter les avis et prendre des mesures  c'est très inadmissible",2024,7,28,-0.68,attente en agence et personnel,312
41,fara everprosper,J'ai fréquenté la boutique Orange du Marina Mall. La vendeuse (j'ai oublié son nom) a été très serviable dès notre arrivée à Casablanca. Elle nous a été d'une grande aide et nous a conseillé le forfait idéal.,2026,7,28,0.88,carte sim et réseau,208
41,W S,Je suis venu dans ce magasin pour la troisième fois afin de recharger mon crédit. Les deux employés que j'ai rencontrés étaient tous deux maussades et sérieux. Ils ne savent pas sourire. J'imagine qu'ils ne veulent pas être dérangés par les clients.,2024,7,28,-0.73,autre,249
41,Виктор Стопалов,"Ma carte SIM a été récupérée par son « ancien propriétaire ». Évitez cet endroit à tout prix, vous risquez de vous faire arnaquer.",2026,7,28,-0.57,carte sim et réseau,130
41,Dahlan Sarl,Ma Hajar m'a offert un excellent service.,2025,10,31,0.92,attente en agence et personnel,41
41,Tom James,Je suis assis ici depuis 30 minutes et il n'y a littéralement personne.,2023,7,29,-0.52,autre,71
42,MERZOUK Anis,"Un agent très serviable et gentil Conseils pratiques, politesse et courtoisie, je recommande.",2026,1,29,0.74,autre,93
42,Mohamed Esslimy,La vous ne serez pas déçu.le service commercial comme il faut vous ne serez pas déçu.,2022,7,29,0.0,attente en agence et personnel,85
42,Mahdi Ouhoud,Un agent par agence? Sérieusement?,2024,7,28,-0.54,attente en agence et personnel,34
42,Abdelhak Meftah,Meilleurs services,2022,7,29,0.96,autre,18
42,mostafa chnaidr,Voici mon magasin Orange ; vous pouvez y payer vos factures et acheter des abayas et des routeurs.,2021,7,29,0.64,facturation et prix,98
42,Khalil Foulani,Bon service client,2021,7,29,0.87,attente en agence et personnel,18
42,Rania MO,Pas mal,2021,7,29,0.41,autre,7
42,عبد القادر abdelkader,Meilleur programme,2022,7,29,0.94,autre,18
43,omar chaouki,Très bon service 🙏,2026,7,28,0.98,attente en agence et personnel,18
43,Rachid Yacoubi,"Excellent accueil, si Dieu le veut.",2026,5,29,0.98,attente en agence et personnel,35
44,Oussama EL MAACHI,"L'attitude inadmissible d'un agent de votre boutique Orange, négligeant ses responsabilités, reflète un grave manque de professionnalisme et nuit à l'image de votre enseigne. Des mesures disciplinaires sont vivement attendues.",2026,7,28,-0.96,autre,226
44,abdou alaoui,Agence M. Farid Mers Sultan  Service client exceptionnel 5 étoiles ✅✅✅,2026,7,14,0.74,attente en agence et personnel,70
45,El Ali,Très mauvais service Personne non professionnelle,2026,2,28,-0.97,attente en agence et personnel,49
45,Med Mes,Personne non professionnel du tout,2026,1,29,-0.46,autre,34
45,Said Saki,Ça fait 5 mois que je n'ai pas de connection J'attends encore Veuillez faire le nécessaire Merci d'avance,2021,7,29,0.48,autre,105
45,khattab khalid,l'offre est très faible,2022,7,29,-0.47,autre,23
45,ABDESSAMAD,agence  orange,2020,7,29,0.66,attente en agence et personnel,14
45,Amine Arif,Mauvais service,2023,7,29,0.57,attente en agence et personnel,15
47,Ilyas Aintomar,La damme qui travaille à cette agence est tout sauf professionnelle. Elle prend le paiement sans passer la commande qu'après une semaine et avec un dossier tout erroné. J'ai annuler l'abonnement après la période d'angagement à cause d'elle.,2026,7,28,-0.89,attente en agence et personnel,240
47,Yassir Mafhoum,La porte est déjà fermé a 18:50 😏,2026,7,28,-0.44,autre,33
47,Mehdi Elkheffari,Réactive,2023,7,29,0.4,autre,8
48,Omar ALAMI OUALI,"Je souhaite souligner le professionnalisme exemplaire de Souad Fadil lors de ma visite à l’agence Orange Maroc. Son expertise, son écoute attentive et sa capacité à proposer des solutions adaptées à mes besoins ont rendu cette expérience",2026,7,28,0.79,attente en agence et personnel,237
49,The Shooter,"Je me suis rendu à cette agence Orange située sur l’avenue Mohammed V au rue mohammed diouri Casablanca afin d’acheter une carte SIM Internet au prix de 199 dirhams, tel qu’indiqué sur le site officiel d’Orange, sans matériel, puisque je",2026,5,29,-0.41,carte sim et réseau,237
49,Mariama Teddy DIOUF,Samir le vendeur est très calme et professionnel ! L’agence n’est pas mal et le service est rapide. Je suis satisfaite,2024,7,28,0.61,attente en agence et personnel,118
50,chaimaa Okch,"Très déçue du service Orange en général, et de cette agence en particulier. Le personnel manque d’écoute, et la jeune femme en charge s’est montrée hautaine et peu professionnelle.",2025,10,1,-0.93,attente en agence et personnel,180
50,Ayoub Zfr,J'ai été la bas a 09h45  pas encore ouvert,2026,7,28,0.0,autre,42
50,Dina Dynya,"2em fois je viens, kal9ahoum sadin... ne sont pas professionnel !!! 7chouma o 3ib o 3ar y7elou o ysedou we9t li bghaw !!!!",2026,2,28,-0.78,autre,122
50,Wissam Salem,"Le service client est extrêmement sympathique, le seul problème est que l'endroit est un peu petit, donc à plus de deux clients, le magasin devient vite bondé.",2024,7,28,-0.79,attente en agence et personnel,159
50,MARIA SM,"Ils ne respectent pas leurs horaires. Je suis allée deux jours de suite à 18h30 et 18h35, et c'était toujours fermé. C'est très peu professionnel.",2026,7,28,-0.46,autre,146
50,Ayoub Dkhissi,"J'y suis allé deux fois ! Ils étaient censés être ouverts, mais la porte était fermée et il n'y avait personne. Service déplorable.",2026,7,28,-0.89,attente en agence et personnel,131
52,Ayoub Ounass,16:45 hadi o ba9i ma jach  Il est 16h45 et ce n'est toujours pas ouvert,2026,7,28,0.0,autre,71
52,Sara RD,Service excellent et de grande qualité,2026,7,28,0.99,attente en agence et personnel,38
53,SOLUTION TELECOM,"Je remercie Mme SARA pour votre service, vs êtes à l'écoute, le problème est résolu dans une 1 heure",2026,7,28,0.45,attente en agence et personnel,100
53,Ami Ne,Très bon service,2024,7,28,0.98,attente en agence et personnel,16
56,Amjad Fakhri,👏🏻,2025,10,31,0.42,autre,2
57,K B,"La responsable d'agence est très agréable, à l'écoute et donne de très bon conseilles Merci",2026,4,29,0.93,attente en agence et personnel,91
57,Rachid Soumairi,Accueil au niveau,2025,11,30,0.59,attente en agence et personnel,17
58,Abdo Achhoubi,Le service était bon et respectait les normes établies par le gouvernement en matière de santé !,2021,7,29,0.97,attente en agence et personnel,96
60,Mehdi Moussa,La responsable d’agence m’a très mal parlé et regardait son téléphone en même temps. Je suis venu la voir pour un problème de wifi et elle m’a dis de voir avec le service commercial par téléphone sans aucune explication. Pas de bonjour ni au revoir. À quoi sert cette agence ?,2023,7,29,-0.81,attente en agence et personnel,276
60,Tarik,Personne dans l’agence catastrophique ! Il faut la changer au plus vite et recruter quelqu’un motivé à rendre service aux clients Orange.,2023,7,29,-0.86,attente en agence et personnel,137
60,Mark,"J'ai visité Orange à deux reprises à cet endroit et les deux messieurs ont été très serviables, Youness en particulier.",2026,7,28,0.84,autre,119
60,Abdessamad Blibli,Localisation incorrect,2026,1,29,-0.47,autre,22
64,Fahssy Safaa,"Mauvaise expérience, je ne recommande pas cette entreprise. J’ai fait une demande d’installation de la fibre le 21/01 et, aujourd’hui, le 29/01, je n’ai toujours reçu aucun appel. Le commercial m’avait pourtant assuré que les techniciens",2026,5,29,-0.5,internet fibre et box,237
64,Ain Essaber,"Zéro qualité de service, zéro professionnalisme",2026,7,28,0.88,attente en agence et personnel,47
66,Marie rose ABEN NGA,"Votre agence de ferdaous, mauvais service , les conseillères clientèle impolies , mal éduquées, répondent très mal aux clients, raccroche au nez du consommateurs. Pour envoyer une équipe installer le wifi plus de 48 et elles ont l’audace de dire qu’elles ont trop de travail elles n’ont pas que ça à faire. Je suis déçu du service",2024,7,28,-0.97,attente en agence et personnel,330
66,Alan Merlo,Ils ont été extrêmement impolis avec moi parce que mon français n'est pas très bon.,2026,7,28,-0.88,autre,83
66,Simo Med,Excellent,2026,7,28,0.96,autre,9
68,abdelhakim El hamidi,"Bjr J ai acheté deux mois connection internet , Mais il ya plus de connectiô",2025,12,30,-0.37,autre,77
68,Abdellah Matar,"Bonjour, j'ai fais une demande pour un transfert de ma ligne fibre orange, suite à un déménagement . la commerciale en agence ne connait pas la procédure du déménagement",2026,7,7,0.44,internet fibre et box,169
68,ELIDRISSI Youssef,"Très mauvaise expérience. Pas de lumière, pas de Wi-Fi, pas de monnaie. La dame qui travaille là-bas est arrogante.",2026,1,29,-0.94,autre,115
68,ahmed amellass,Orange dans cette zone ? À éviter,2026,1,29,-0.42,autre,33
69,Alexandre Blk,"Personnel incompétent, la dame à l’accueil m’a mal expliqué mon abonnement et était désagréable. De plus, elle m’a demandé de la payée 250 Dirhams sauf que après vérification de mes factures Orange, le montant était de 200 Dirhams. Boutique à fuir.",2025,9,1,-0.85,attente en agence et personnel,248
69,Touria Rahane,il y a une gentille et serviable employée je l'en courage et je la remercie pour son aide,2026,7,28,0.9,autre,89
69,Youssef,"SERVICE IMPECCABLE, FILLE QUI PROPOSE MEILLEURE OFFRE QUI RÉPOND AUX BESOINS, MERCI BEAUCOUP",2024,7,28,0.55,attente en agence et personnel,92
69,Miloud EL MAROURI,Se trouve à côté d'un cyber. Il paraît que ça marche. Bon continuation,2023,7,29,0.57,autre,70
69,Moulayomar Kadiri,Dommage trop petit pour le quartier,2026,7,28,0.42,autre,35
69,Ayoub Attini,Mauvaise opérateur,2025,9,1,0.51,autre,18
69,abandarat S.O.S chef,Quelques services rendus,2023,7,29,0.69,autre,24
69,Adnane Bouhajbine,Toopp,2023,7,29,0.51,autre,5
70,Klimou Gam,Je suis navré de vous informer que ma visite à la boutique Orange maroc a été extrêmement décevante. J'ai été déçu de la solution qui m'a été apportée pour résoudre mon problème.,2024,7,28,-0.77,autre,178
71,Youness Benahmed,"Bonjour, Vers 14h30 j'ai fait une visite a votre agence et je peux vous dire que j'ai été choqué par l'attitude de la fille qui était au bureau, mal sens commercial,",2026,7,28,-0.82,attente en agence et personnel,165
71,samir arjoune,"M. Abdelghani est un homme aimable, toujours à votre service. Je le contacte pour toute question et il y répond immédiatement. Merci.",2024,7,28,0.91,attente en agence et personnel,133
71,Parakeet M,"J'ai essayé de les joindre pour obtenir des renseignements, mais ils n'ont pas répondu. Ils ne respectent pas leurs clients. Je ne recommande pas cette agence.",2024,7,28,0.0,attente en agence et personnel,159
71,HICHAM MOUAD,"Que la paix soit avec vous tous.  Malheureusement, ils ne méritent aucune étoile. Pourquoi ? Tout simplement parce qu'ils ne répondent pas au téléphone.",2024,7,28,-0.44,service client et assistance,152
72,Amine Hanyn,Merci pour les agents qui travaille a cette agence,2026,1,29,0.93,attente en agence et personnel,50
72,Omar Jouay,J ai eu l occasion de visiter l'agence c'était Bon le service,2025,11,30,0.9,attente en agence et personnel,61
72,Salma Mimid,Mouvaise service toujours le système ça marche pas entre midi et 14h Vraiment hchoma,2025,12,30,-0.36,attente en agence et personnel,84
72,doha mandour,Personnel accueillant et tres bon service,2025,11,30,0.98,attente en agence et personnel,41
72,Jacques Loussouarn,Acceuil catastrophique 2 personnes pour 10 clients  . Je pense que c’est la même société orange française  .je suis parti au bout d’une heure  . Déçu,2024,7,28,-0.81,autre,149
72,Ismail Kechouri,Très bon service,2025,11,30,0.98,attente en agence et personnel,16
72,MUSTAPHA KECHOURI,Très bon service,2025,11,30,0.98,attente en agence et personnel,16
72,Aymen El Idrissi,Équipe réactive et serviable 👌🏼,2026,7,28,0.61,autre,31
72,Oumaima Zrr,Personnelles à la hauteur,2025,11,30,0.48,autre,25
72,Toretto,"Terrible service. La dame entre ouvre la porte et me parle étant dehors, me bloquant l’entrée. Répondant à mes questions que pour s’en débarrasser, refuse de prendre ma réclamation en tant que client de la fibre Orange. Me redirige vers le",2026,7,28,-0.81,internet fibre et box,239
72,jawad sat for,Bon service ou service défectueux,2026,5,29,0.76,attente en agence et personnel,33
72,Star Game,Bon service merci,2025,12,30,0.9,attente en agence et personnel,17
72,RED X SHOP,Bon service,2025,12,30,0.92,attente en agence et personnel,11
72,youness rami,Service nul,2026,7,28,-0.45,attente en agence et personnel,11
73,Seddik Assaas,"Je ne peux pas vraiment les noter ni leur attribuer un nombre d'étoiles, mais je peux dire que leur service était excellent. Ces jeunes hommes étaient très professionnels et courtois. Que Dieu les bénisse et qu'ils soient nombreux. Ils sont vraiment très appréciés.",2024,7,28,0.7,attente en agence et personnel,265
74,Safaa Rhezzali,Service décevant. Une personne clairement incompétente travaille dans cette agence. Je m’y suis rendue pour régler un problème de fibre optique et j’ai demandé à ce qu’une,2025,10,31,0.5,attente en agence et personnel,171
74,abdelfettah latifi,Très satisfait.,2026,7,28,0.87,autre,15
74,Mr Hicham,Très satisfait,2026,7,28,0.92,autre,14
75,el mahdi lafdi,"Excellente expérience avec l’agence, en particulier avec Madame Nezha ! Elle est très professionnelle, accueillante et toujours à l’écoute. Grâce à elle, tout s’est passé de manière claire, rapide et agréable.",2026,1,29,0.99,attente en agence et personnel,209
75,Mohammed Madih,Merci à l’agent qui s’est occupé de moi pour son professionnalisme et sa gentillesse. Je recommande,2026,4,29,0.87,autre,99
75,new Mood,Je recommande la boutique surtout lbent li tema (Zineb)  super professionnelle gentille et accueillante allah isehel 3liha,2026,3,30,0.86,autre,122
75,Fatimazahra Barghach,"Le vendeur, M. Tariq, était très professionnel. Le problème de Wi-Fi a été résolu avec succès. Merci.",2026,7,28,0.9,attente en agence et personnel,101
76,ABDEL GHAFOUR,Agence Commercial,2025,10,1,0.47,attente en agence et personnel,17
79,Nohaila Soulane,"Bonjour, Je suis vraiment déçue par l’accueil de la secrétaire à l’agence Orange. Son attitude manque de professionnalisme et de courtoisie. Au lieu d’aider les clients",2026,1,29,-0.8,attente en agence et personnel,168
79,Sanad psycho-tourisme,service extrêmement mauvais,2025,11,30,-0.9,attente en agence et personnel,27
79,Fikri Lamiaa,Service 0,2025,10,1,0.58,attente en agence et personnel,9
79,Ilyas Afoulous,bon service,2026,7,28,0.96,attente en agence et personnel,11
79,reda nouamane,Mauvais service,2024,7,28,0.57,attente en agence et personnel,15
81,Zouheir Atif,Fermé et ne respectant pas les horaires,2025,12,30,-0.55,autre,39
83,Wuro e Ladde,"Le business model de cette agence est rien moins que surprenant: vendre au maximum, avec peu ou pas de service technique. Quid de la satisfaction du client? Avec Orange, et au Maroc, on devrait s’attendre à un meilleur service. Loin de moi",2025,9,1,0.0,attente en agence et personnel,239
83,Aboubaker B,Café italien,2021,7,29,0.59,autre,12
88,Elvmehdi,"J’ai souscrit une demande de fibre chez Orange le 11 août avec un délai annoncé de 10 jours pour l’installation. Plus de 3 semaines après, toujours aucune intervention ni information claire. C’est inadmissible qu’une grande entreprise comme Orange ne respecte pas ses engagements et laisse ses clients sans suivi sérieux. Très déçu.",2025,12,30,-0.87,internet fibre et box,332
88,Rachid Ac,"Je remercier infiniment Mr. Jamal pour son professionalisme et pour son suivi serieusement de mon dossier autant que nouveau client d'Orange, merci encore une fois 👍",2026,5,29,0.76,autre,165
88,Karim B,"Installation rapide, équipe professionnelle. Un grand changement. Service remarquable Bravo!",2025,11,30,0.98,internet fibre et box,92
90,Kawtar Benchiguer,"Mauvaise expérience avec ADSL Orange, ça fait 10 jours que nous n’avons pas d’internet sachant que toutes nos factures sont réglées. Nous sommes partis à l’agence aucune solution, on a appelé le technicien, il est venu 2 fois et il nous a",2026,1,29,-0.54,internet fibre et box,238
90,Wuro e Ladde,"J’ai eu d’amères expériences avec Orange Maroc et Orange Money Maroc. A peine atterri à Casa, je saute sur le kiosque orange de l’aéroport pour acheter 3 puces pour ma famille, confortés par les expériences positives avec Orange dans",2026,1,29,0.87,autre,233
90,Hassan Adib,"Service très décevant. J’ai demandé la portabilité le 30 avril et reçu ma SIM Orange le 3 mai. Ma ligne a été coupée le 5 mai et depuis je suis sans service. Plusieurs appels au service client, promesses non tenues. Aucun respect pour le client.",2025,9,1,-0.82,attente en agence et personnel,245
92,HASSNA BIZRANE,"Petite expérience “intéressante” avec Orange  Aujourd’hui, j’ai appris quelque chose d’intéressant :",2026,7,28,0.89,autre,100
92,Farid El Mouhsine,Je suis  agréablement surpris par la qualité du service à l’agence Orange Andalous. Mon problème de fibre a été pris en charge avec une rapidité exceptionnelle et,2026,2,28,0.7,attente en agence et personnel,162
93,Hassan Gharbi,Salutations respectueuses a orange et à tout les membres de personnelles j était et toujours bien reçu et bien servie,2023,7,29,0.97,autre,117
93,A K,"Les agents du service client ne sont absolument pas professionnels du tout, dit-il, comment vous pouvez fournir des services et ils ne connaissent pas les bases des services. Vous cherchez simplement à collecter des paiements mais à résoudre des problèmes, vous ne pouvez pas.",2025,10,1,-0.48,attente en agence et personnel,276
94,Mohamed el alami,Bon accueil bon service mérite l'attention les commerciaux sont recommandable,2026,7,28,0.96,attente en agence et personnel,77
94,LE M,"Service beaucoup trop lent, il faudrait vraiment améliorer ce point.",2025,12,30,0.44,attente en agence et personnel,68
94,Naim Ettayebi,Eafakm chno had chi rah vrmt c ma 2e fois wana knji agence service ghzaaaal bzzzzf kntmna ybqaw haka pour tjrs 🙏🏻❤️,2025,10,31,0.45,attente en agence et personnel,115
95,Hammou,"1. La localisation est fausse, le magasin se situe au sein du centre commercial (et non pas sur la rue Oued Fes)",2026,1,29,-0.68,autre,112
95,Ghita Majdoub,"Une agence très professionnelle, sérieuse et à l’écoute. Un grand merci tout particulièrement à Yassmine pour son accompagnement, sa disponibilité et son professionnalisme. Elle a su me guider avec efficacité et bienveillance, ce qui m’a mise totalement en confiance. Je recommande vivement cette agence",2026,3,30,0.92,attente en agence et personnel,303
95,Nurzat Baigazieva,"J'ai attendu 20 à 25 minutes, et l'employé a tout simplement refusé de recharger mon compte sans donner d'explication. Il restait encore une heure avant la fermeture. Un service déplorable ! On perd son temps et on est traité de la sorte, et ce n'est pas la première fois.",2026,2,28,-0.86,attente en agence et personnel,272
96,Abdel,"Ca fait plus de 15 jours que j’ai lancé une demande pour fibre optique en allant sur place a chaque fois, lancé premiere fois la dame a donné de fausses informations a mon employé qui était parti a la récolte d’info, pour rapidement se",2026,5,29,-0.57,internet fibre et box,235
96,Ihssan himich,"Nous nous sommes présentés à deux reprises pendant les horaires d’ouverture et nous avons trouvé l’agence fermée à deux reprises. Nous avons été informées que la responsable a été prendre sa pause déjeuner à 15h15, or une pause est déjà prévue de 13h à 15h. À quoi bon annoncer un horaire s’il n’est pas respecté ? C’est inadmissible!",2026,7,28,-0.77,attente en agence et personnel,334
96,jafa samir,"Bjr agence à éviter absolument, toujours le meme prétexte système en panne !!! On doit pas prendre les gens pour des cons, j ai refait le teste plus que 15 fois décalé dans temps et toujours le même prétexte, je vous conseille agence Fal Ould Amir le top du top gentillesse et service",2025,10,1,0.51,attente en agence et personnel,284
97,Lalla Rkia El idrissi,Service top Mademoiselle fatima est à  l'écoute très serviable et suit les demandes des adhérents jusqu'à  aboutissement du résultat final. mes sincères remerciements à cette jeune.,2026,7,28,0.75,attente en agence et personnel,181
97,hicham mouhacine,La demoiselle est très professionnelle et courtoise. Le service est rapide et elle n'hésite pas à donner des informations avec sérieux et sourire. Merci.,2026,7,28,0.77,attente en agence et personnel,153
97,Houda Semlali,"J'ai eu affaire à Mme Fatima . Responsable et expérimentée . Grâce à elle , on a pu trouver l'origine du problème et on a pu avoir la ligne . J'ai fait 2 abonnements . Je suis amplement satisfaite du service .",2026,7,28,0.66,attente en agence et personnel,209
98,Rejean Beauchamp,Service correct pour un forfait internet très convenable et économique pour mon épouse.,2026,4,29,0.7,carte sim et réseau,87
98,Achraf Saber,"La pire agence Orange que j’aie jamais visitée. Le personnel manque totalement de sens de l’accueil, de politesse et de professionnalisme.",2026,2,28,-0.68,attente en agence et personnel,138
98,maha Maha,"A l’heure où ils doivent être ouverts , c’est ferme et il y a personne",2026,5,29,-0.49,autre,70
99,Driss Benmoussa,"Je n'en crois pas mes yeux ! Je suis passé pour remplacer un routeur fibre optique défectueux. Bien qu'ils ne l'aient pas eu en stock (la demande officielle n'a donc pas pu aboutir), l'équipe a fait preuve d'un professionnalisme rare. Le",2026,5,29,-0.74,internet fibre et box,237
99,SCALPER OMAR,"Service absolument scandaleux. Personnel arrogant, irrespectueux et incapable de faire son travail. Aucune aide, aucune écoute, juste du mépris total envers les clients. Une expérience honteuse, je déconseille fortement cette agence.",2026,5,29,-0.96,attente en agence et personnel,233
99,Nassour Djerbo Mourno,Meilleur accueil et une qualité de service exceptionnelle. Mention spéciale à Mehdi.,2026,5,29,0.92,attente en agence et personnel,84
100,Chaymae Youzouti,Rien à dire : une vraie qualité de service Mme nada.,2026,5,29,0.81,attente en agence et personnel,52
100,Marouane Brahim,Très bonne expérience avec un bon service merci bcp nada,2026,5,29,0.96,attente en agence et personnel,56
100,Jhon Wick,Merci bcp une belle agence avec un bon service merci orange,2026,5,29,0.97,attente en agence et personnel,59
101,zakia lalaoui,"Service après vente nul, j'avais contracté un abonnement professionnel fin décembre 2025, je voulais prendre avec un smartphone moyenne gamme et on m'a conseillé le Redmi A3 que j'ai pris pour 1000 dirhams, depuis mai il commence à montrer",2025,12,30,0.42,attente en agence et personnel,239
101,Ismail Say,Service et accueil excellents ; j'espère que cela restera toujours ainsi.,2026,7,28,0.98,attente en agence et personnel,73
102,lamia oulkadi,Bon accueil.  Très bon service. L'agent d accueil est serviable et professionnelle.,2026,4,29,0.99,attente en agence et personnel,83
102,Salma Idrissi,"Je tiens à remercier particulièrement les deux dames pour leur professionnalisme exceptionnel. Chaque fois que j'ai eu besoin d'aide, elles ont répondu rapidement et de manière très professionnelle. Elles ont su résoudre mes problèmes avec",2026,7,28,0.69,autre,239
102,Amine Boumehraz,Un grand merci à ces deux dames pour leur professionnalisme et leur accueil chaleureux. Leur sens du service et leur gentillesse rendent l’expérience en magasin encore plus agréable. Bravo pour votre excellent travail,2026,7,28,0.98,attente en agence et personnel,217
103,Me Don,"J'étais dans cette agence  pour créer un contrat pour mon numéro Orange, et j'ai été scandalisé de découvrir qu'on m'imposait de souscrire à un forfait pour obtenir ce contrat. le personnel a refusé de procéder autrement, ce qui est",2026,7,28,-0.81,attente en agence et personnel,232
103,Bendalh Mouhcine,Plus de 5 jours pour brancher la fibre Optique. 45 min pour traiter ma demande. Je vais arreter mon contrat avant de se connecter .,2022,7,29,0.53,internet fibre et box,131
103,Najat El,"On attend depuis 7 jours pour installer la fibre optique et toujours pas de réponse, sachant qu'on est éligible bravo et merci orange",2024,7,28,0.53,internet fibre et box,133
105,hafid zagaoui,Très bon accueil excellent service.,2026,7,28,0.99,attente en agence et personnel,35
105,Somia ammarri,Très bon service,2026,7,28,0.98,attente en agence et personnel,16
105,Myriam Salhi,Bonjour je voudrais savoir si les horaires écrites sont juste vous êtes ouvert samedi de 15:30 à 20:00???,2026,2,28,0.44,autre,105
106,soufiane sabri,Je tiens à exprimer ma profonde gratitude envers cette boutique orange pour la qualité exceptionnelle des services offerts. Je souhaiterais également remercier tout particulièrement Monsieur Abdelghani pour son professionnalisme et son dévouement. Son aide précieuse a été grandement appréciée.,2026,7,28,0.83,autre,294
106,Zahra Bedrane,"Il ne fonctionne pas non plus en permanence, par exemple lorsqu'il démarre à 21h et reste allumé jusqu'à minuit, ou lorsqu'il est en mode 3ASSR 3LIK. Quand quelqu'un s'approche de moi, près de mon père, je n'ai à m'inquiéter de rien et je ne connais rien au moteur.",2024,7,28,-0.53,autre,265
106,Hamza Asmar,Le personnel a des clients et fait défiler son téléphone 😐,2026,1,29,-0.56,attente en agence et personnel,58
107,Hasnaa Moens,Ils ne méritent même pas une étoile. Ma mère a voulu changer son abonnement pour passer à la fibre on lui refuse le changement parce que soit disant l'abonnement est sur le nom de quelqu'un qu'on connait même pas mais avec le numéro,2025,10,1,-0.52,facturation et prix,232
107,Salwa,"Grande déception de l’accueil, la dame qui m’a servi est impolie elle crie sans aucune raison sous prétexte que c’est son ton normal et qu’elle va pas le changer parce que elle travaille chez orange depuis 2 ans. Je suis venue au magasin",2024,7,28,-0.75,attente en agence et personnel,237
107,Hicham Drissi,A part Mr mohssin sur le service tech personne n'a essayé de résoudre mon problème et en plus une dame m'a rejeté directement pour consulter mon abonnement et ma ligne sachant bien que      j 'ai 3 abonnement orange 2 perso et 1 professionnel,2026,7,28,-0.5,facturation et prix,242
108,Sulli Ikhlass,"Je tiens à exprimer ma profonde gratitude à la société Orange pour la qualité de ses services et son professionnalisme. Un grand merci également à monsieur Hicham pour son accueil chaleureux, sa",2025,12,30,0.92,attente en agence et personnel,194
108,SOUKAINA AMARA,Bon service,2026,7,28,0.92,attente en agence et personnel,11
108,Ash Ziadi,Bonne ambiance et rencontre agréable avec les costumes,2026,7,28,0.98,autre,54
110,Lydia Nnomo,L’agence est fermée pourtant c’est mentionné ouvert il est 15h20,2025,12,30,-0.42,attente en agence et personnel,64
110,mustapha warchi,"Je me suis adressé au Service Client Orange pour régler le problème de 4GPlus qui ne fonctionnait pas, mais... Malheureusement, mon expérience avec votre service a été totalement",2024,7,28,-0.74,attente en agence et personnel,178
110,Maria S,Nous sommes partis à 17h et l’agence était fermée alors que les horaires d’ouverture pendant l’après-midi sont de 15h à 21h30. Nous voulions faire un abonnement chez eux mais ça nous pousse à douter de leur sérieux.,2023,7,29,-0.71,attente en agence et personnel,215
111,Badreddine Jebari,"Trés bon services, staff professionnel, un gérant trés gentil et compréhensif.",2020,7,29,0.92,autre,78
111,nour houri,Un très bon service..,2023,7,29,0.96,attente en agence et personnel,21
111,Anas Chraibi,Excellente agence efficace et créative,2026,7,28,0.99,attente en agence et personnel,38
112,David Roman,"Service professionnel un geand merci à Madame Najoua une personne gentille et à l'écoute, elle m'a bien expliqué la différence entre les forfaits d'orange. Je vous recommande cette agence",2025,12,30,0.55,attente en agence et personnel,187
112,Brice Le Lyon,Hélas personne ne répond au numéro de cette agence dans Google. On reçoit un message nous indiquant le site web d'Orange et puis ça coupe!!,2024,7,28,0.0,attente en agence et personnel,139
112,najoua boumelyk,👍,2026,7,28,0.42,autre,1
113,Free Man,"Personnel incompétents surtout la voilée derrière son bureau, elle ne maitrise même pas ses produits ni les offres je suis venu pour une fibre, mais pas encore service là ou j’habite à Témara alors j'ai opté pour un DARBOX, elle a pris mes",2022,7,29,-0.49,attente en agence et personnel,239
113,MONCEF CHAKIR,👍,2026,7,28,0.42,autre,1
113,Amoula BUZIZ,9h39 toujours pas ouvert,2026,3,30,0.0,autre,24
115,king Robert,"Le service impeccable, personnel très agréable très sympa, grande capacité d'écoute, maîtrise des procédures merci de votre professionnalisme bonne continuation.",2021,7,29,0.77,attente en agence et personnel,161
115,Mounir,Un très bon accueil et fluidité,2022,7,29,0.98,attente en agence et personnel,31
115,Mohamed Tafasrhi,"Accueil formidable, service impeccable.",2021,7,29,0.75,attente en agence et personnel,39
119,Tim Aziz,"« Expérience catastrophique : personnel arrogant et débit internet lamentable. Orange est à éviter absolument. Pour un service fiable et un meilleur débit, je recommande Maroc Telecom. »",2026,5,29,-0.83,carte sim et réseau,186
119,El hafyan Khalid,"Nulle, Je viens pour une connexion fibre optique a 11:00 Personne n'est a l'agence et s'est marqué ouvert et il ne ferme qu'à 13:00. Bon bref nulle.",2024,7,28,-0.51,carte sim et réseau,148
119,IFL Sami,"Service zéro! Pas de professionnalisme. Le commercial est tout sauf courtois, injoignable, et ne connait pas son métier!",2021,7,29,-0.59,attente en agence et personnel,120
120,Aymane Ahakour,"Je suis allé sur place le 7 juillet 2025. Service catastrophique, je suis allé prendre un forfait à 200DH, l’agent sur place me demande de payer 240DH cash. Après lui avoir demandé pourquoi, il me dit « votre premier mois 200DH, et 40DH",2025,11,30,-0.61,carte sim et réseau,236
120,Adnane El Alaoui (kechmania),"Agence Orange Massira 2 , résidence Raja. Service et Assistante. Conseil et Démo . Les abonnements téléphonique et Wifi et aussi vente de téléphone. Personnels qualifié accueillant et chaleureux 👍",2020,7,29,0.78,attente en agence et personnel,196
120,Simo Simo,Bonjour Je viens de quitter l'agence ça fait maintenant 10 minutes.l'agence était déjà fermée alors que c'est mentionné qu'elle est ouverte jusqu'à 19h30 et la personne,2023,7,29,-0.51,attente en agence et personnel,168
121,Yannick Dubois,"Premier contact au Maroc pour acheter une carte SIM locale valable 17 jours, à cheval sur deux mois, dans cette boutique Orange. Avec le recul, nous avons eu le sentiment de nous être fait avoir en payant relativement cher un abonnement",2026,5,29,0.49,facturation et prix,236
121,Jean Paul Debout,Aucun respect du client... Il font de grosses erreurs professionnelles et se n'est jamais de leur faute !. Internet coupé parce que un employé orange 🍊 à oublier de mettre en fonction mon,2026,1,29,-0.76,autre,187
121,Roudabi Khadija,"Mohamed amine ait jilali tbrlklh 3lih bonne service et très gentil , merci beaucoup Mohamed",2025,12,30,0.9,attente en agence et personnel,91
121,Amal Takkal,Cette agence précisément est très malle le service zéro le comportement avec les clients est nulle les personnes qui travaillent là-bas sont mal éduqué et impolis,2026,1,29,-0.92,attente en agence et personnel,162
121,Jalal Sghir,"Je suis extrêmement déçu par cette agence Orange. Ils sont constamment en rupture de stock des cartes eSIM, ce qui est très frustrant. De plus, le service des agents laisse vraiment à désirer. Ils ne sont ni serviables ni professionnels. Je",2026,7,28,-0.98,attente en agence et personnel,240
121,Jalal Sghir,"Je suis vraiment déçu par cette agence Orange. Ils n'ont jamais de cartes eSIM en stock, ce qui est très agaçant. En plus, le service des agents est médiocre. Ils ne sont ni aimables ni compétents. Je déconseille fortement cette agence. Si vous voulez éviter des problèmes, cherchez ailleurs",2026,7,28,-0.92,attente en agence et personnel,291
121,Yousra BAHAJI,"Je suis très satisfaite du service fourni par cet agence Orange. L'accueil a été impeccable, M. Amine DOBLI était courtois, à l'écoute et très professionnel. Il a su répondre à mes questions avec clarté et efficacité, rendant l'expérience agréable et sans stress. Je recommande vivement cette agence pour leur excellent service client !",2026,7,28,0.91,attente en agence et personnel,336
121,Maro Kainry,Que des menteurs ! J’attends internet ça fait une semaine et toujours rien ! Quant vous souscrivez il sont à l’écoute ! Une fois abonné tout le monde s’en fou,2025,11,30,-0.73,autre,158
121,Ryan Bouayadi,Grand merci à Amine de meknes d’avoir pu répondre à nos attentes et à fournir une qualité de service exemplaire. N’oubliez pas de régler la climatisation.  Le personnel tout comme le client méritent d’être dans de bonnes conditions. 15 min ont suffit pour que l’ont commence à transpirer.,2026,7,28,0.6,attente en agence et personnel,288
121,mounia badaoui,Je suis très satisfaite du service qui m'a été fourni. L'agent Amine Dobli a fait preuve de professionnalisme et d'efficacité tout au long de notre interaction. Merci pour cette expérience positive,2026,7,28,0.96,attente en agence et personnel,197
122,Basma Ben Ayad,"J’ai venu pour un échange de carte SIM à l’agence Orange Drissia et vraiment je suis extrêmement satisfaite du service de l’agence Orange Drissia : accueil chaleureux, personnel professionnel et efficace, et prise en charge rapide. Une expérience vraiment impeccable !",2026,7,28,0.73,attente en agence et personnel,268
122,Zaid Bakhlakh,"Malheureusement, j’ai vécu l’une des pires expériences dans cette agence Orange. Le commercial qui m’a reçu a fait preuve d’un manque total de respect et d’un",2026,3,30,-0.88,attente en agence et personnel,158
122,oumaima ghziale,"Très mauvaise expérience au sein de cette agence. Les vendeurs sont menteurs. En 2023, j’avais la fibre optique, mais suite à mon déménagement à Tanger, il n’y avait pas de fibre dans le quartier Drissia. J’ai donc décidé de passer à",2026,3,30,-0.96,internet fibre et box,233
122,Rabie Ezziani,Franchement je suis vraiment déçue de la qualité de service me suis rendu à 2 reprises à l'agence et à chaque fois je tombe sur le même commercial qui est à moitié endormi pas envie de réponde à mes questions,2026,2,28,-0.83,attente en agence et personnel,208
122,Rida el rhiouane,"J’ai récemment visité une boutique Orange et j’ai été agréablement surpris par la qualité du service. L’accueil était chaleureux et les conseillers très professionnels, prenant le temps de répondre à toutes mes questions. L’espace est bien",2026,7,28,0.9,attente en agence et personnel,239
122,Elmakkaoui laila,"En ce qui concerne l'accueil et la prise en charge initiale de mes besoins j'étais satisfaite, le personnel a été professionnel et réactif lors de notre premier contact, ce qui m’a donné une bonne impression.",2026,7,28,0.95,attente en agence et personnel,208
122,rochdi allaoui,"Je tiens à remercier l'équipe de l'agence Orange Drissia pour leur excellent service. J'ai été très satisfait de l'accueil chaleureux, de la rapidité et de la qualité du service offert. Une expérience client vraiment agréable",2026,7,28,0.95,attente en agence et personnel,225
122,Abdelkrim Lalaoui,"Problème résolu en une minute, très satisfait du service",2026,3,30,0.88,attente en agence et personnel,56
122,Nadia Boukhobza,Je suis très satisfaite du service fourni par cet agence Orange. Mr la bas était à l'écoute et très professionnel. Je recommande vivement cette agence pour leur excellent service.,2026,7,28,0.95,attente en agence et personnel,179
122,Diae El Ghzaoui,"Je suis un ancien client d'orange et cette agence et l'une des raisons de rester fidèle à la compagnie, toujours servi à temps, l'équipe est très pro sur tt Mr Abdelkrim il est toujours ouvert à nos questions et multiples demandes.",2026,7,28,0.67,attente en agence et personnel,231
122,Hamza BOUHAYOUF,"Très mauvaise service, et très mauvaise expérience, dommage qu’on ne peut pas mettre 0 étoile, les employés ne sont pas professionnels, communication zéro",2026,7,28,-0.98,attente en agence et personnel,154
122,Barça Fiska,Très bon service équipe serviable et bien qualifiée bravo et merci beaucoup je recommande vivement cette agence Orange is here 🧡⚪,2026,7,28,0.97,attente en agence et personnel,129
122,Mariam,"Très mauvaise expérience au sein de cette agence orange dommage qu'on ne peut pas mettre 0 étoile, on a refusé catégoriquement de rendre mon numéro de téléphone sans s'abonner à un forfait téléphonique, après plusieurs appels téléphoniques",2024,7,28,-0.97,carte sim et réseau,239
122,Samira Moujahid,Vendeur menteur qui vous fait acheter des abonnements inutiles pour vous soutirer de l’argent. Endroit à éviter je suis venue en vacances avec ma famille pour prendre un abonnement internet j’ai voulu recharger ma box (wifi d’jib) pour un,2026,7,28,0.44,internet fibre et box,238
122,Sarah Kada,"Très bonne expérience, l’équipe est très agréable et dynamique, je recommande vivement le service de cette agence",2026,7,28,0.93,attente en agence et personnel,113
122,Hajji Mohammed,"Un très bon service clients, et surtout avec le nouveau responsable",2026,7,28,0.97,attente en agence et personnel,67
122,Fatiha beghiel,Le vendeur est super gentil et applique son travail à merveille !!,2025,10,31,0.92,attente en agence et personnel,66
122,Naw Ks,"Personnels très professionnels et attentifs, agence toujours propre. Je remercie spécialement MR. Bakr Marbahi pour son professionnalisme et son habilité 👍 Je recommande vivement cette agence !",2026,7,28,0.81,attente en agence et personnel,193
122,Mounaim El Gahem,Je suis client d'orange depuis le premier jour franchement  je suis satisfait du traitement que j'ai reçu de la part de l'agence orange Idrissia je vous souhaite du succès et de la continuité...,2026,7,28,0.75,attente en agence et personnel,194
122,neo neonaku,"Une agréable agence avec des gens qui travaillent ailleurs très sympa très professionnelle, je recommande vivement",2026,7,28,0.57,attente en agence et personnel,114
122,Yunoho Nj (Yonichov),"Service rapide, cadre professionnel,  sympa et serviable, merci  à Mr Bakr de son professionnalisme et pour son aide de me fournir tous ce que j'avais besoin. A recommander vivement.",2026,7,28,0.85,attente en agence et personnel,182
122,Said Ouardighi,"Une équipe à saluer, très bonne qualité d'accueil et prise en charge rapide Merci beaucoup",2026,7,28,0.98,attente en agence et personnel,90
122,Mouss Boughrad,La boutique est pleine de clients il y a une seul personne les autres déjeune à 15h16,2025,10,31,-0.54,autre,85
122,abdelkarim elouahabi,Personnel accueillant et service au top bravo et bon courage. Je la recommande vivement.,2026,7,28,0.98,attente en agence et personnel,88
122,mimoun akhammar,Bonjour Les employés de cette agence ne sont pas professionnels du tout a l'image d' orange .,2024,7,28,0.45,attente en agence et personnel,93
122,Khalid Èl,Excellent service client et rapidité de traitement des commandes avec la capacité de communiquer efficacement.,2026,7,28,0.95,attente en agence et personnel,110
122,Rachida El Ouahabi,Service au top très belle prestation bonne continuation et Bravo l'équipe. Orange toujours kayna,2026,7,28,0.97,attente en agence et personnel,96
122,Rabie Tanger,Je recommande vivement cette agence. Des très bons personnes à l'écoute. Bravo 👏,2026,7,28,0.95,attente en agence et personnel,80
122,Adil ben03,Merci à M. AbdelKarim pour ses efforts et à l'équipe d'Orange Idrissiya pour le bon traitement et l'accueil,2026,7,28,0.95,attente en agence et personnel,107
122,Badr el bakkali,Très satisfait + bonne qualité de service + disponibilité,2026,7,28,0.98,attente en agence et personnel,57
122,Abcdef Ghijk,Magasin bien oraganisée et service de qualite merci l'équipe,2026,7,28,0.87,attente en agence et personnel,60
122,Chakib t,Très sympa 👍 Ta3amol top de top avec mes salut a mr Abdelkrim,2026,7,28,0.94,autre,61
122,Bakhlakh Zaid,Service nul bzaaf,2026,2,28,-0.44,attente en agence et personnel,17
122,mohamed ibrahimi,Présentation et service magnifique Bon continuation,2026,7,28,0.9,attente en agence et personnel,51
122,Fatima,Un très bon service Orange is the best  🧡💛,2026,7,28,0.97,attente en agence et personnel,42
122,Fouad Azz,Une belle présentation avec un bon accueil,2026,7,28,0.99,attente en agence et personnel,42
122,Falsafat Alhayat,Excellent service client et traitement des réclamations.,2026,7,28,0.91,attente en agence et personnel,56
122,Ahmed Azibou,Tres bon service par l'agent commercial youssef,2026,7,28,0.93,attente en agence et personnel,47
122,Hjhdf Hjfjffh,Service impeccable merci bcp,2026,7,28,0.49,attente en agence et personnel,28
122,Aziza Aghbalou,Acceuil chaleureux et travail à la portée bravo l'equipe,2026,7,28,0.96,autre,56
122,أيوب حمران,Un très bon service,2026,7,28,0.97,attente en agence et personnel,19
122,Omkaltoum,Merci pour votre service 🧡🤍,2026,7,28,0.96,attente en agence et personnel,27
122,Aziz en nanei,Service impeccable. Équipe de choc,2026,7,28,-0.48,attente en agence et personnel,34
122,ben aboud Bilal,Bonne qualité de service,2026,7,28,0.98,attente en agence et personnel,24
122,You En,"Personnel, attentif, serviable et professionnel",2026,7,28,0.82,attente en agence et personnel,47
122,Rim Rb,Très bon service,2026,7,28,0.98,attente en agence et personnel,16
122,Soulayman Achhab,Bonne service de client,2026,7,28,0.97,attente en agence et personnel,23
122,MOUAD EL FETOUH,Très bon service,2026,7,28,0.98,attente en agence et personnel,16
122,Anass Touil,Service impeccable 👍👍,2026,7,28,0.46,attente en agence et personnel,21
122,زازية البطاطي,j aime le service,2026,7,28,0.9,attente en agence et personnel,17
122,gharbil mariam,Bon service,2026,7,28,0.92,attente en agence et personnel,11
122,Anissa Fatima,Bien,2026,7,28,0.75,autre,4
122,Ihssane El Ouahabi,Très bon service,2026,7,28,0.98,attente en agence et personnel,16
122,NIZAR HIRT,"Service au Top ,",2026,7,28,0.68,attente en agence et personnel,16
122,mohammed ben,Bon service,2026,7,28,0.92,attente en agence et personnel,11
122,Aziz El Ghayati,Satisfaction totale,2026,7,28,-0.51,autre,19
122,saida achak,bien,2026,7,28,0.96,autre,4
122,zineb el ouahabi,Très bon service,2026,7,28,0.98,attente en agence et personnel,16
122,Bk Abdelilah,👍,2026,7,28,0.42,autre,1
122,jamal Gharrad,👍,2026,7,28,0.42,autre,1
122,Mohamed Sliman,Bon service,2026,7,28,0.92,attente en agence et personnel,11
122,Tanger Medina,Bien,2026,7,28,0.75,autre,4
122,elouahabi hamid,Formidables,2026,7,28,0.77,autre,11
122,Yfyg Yhxibf,Bon service,2026,7,28,0.92,attente en agence et personnel,11
122,TARIK Da,"Service déplorable, employés très arrogants et irrespectueux envers les clients 👎👎. Un employé refuse même de travailler.",2026,3,30,-0.97,attente en agence et personnel,121
122,self Healer,"Aucun lien de parenté, vous aviez demandé le Wi-Fi, il était hors service pendant un mois, et je l'ai donné à l'installateur.",2026,2,28,0.0,attente en agence et personnel,125
122,Valestia H,"Service très rapide, sympathique et compétent ! J'ai obtenu une carte SIM illimitée pendant 30 jours pour 200 DH. Je recommande vivement.",2026,7,28,0.89,carte sim et réseau,137
122,Fbidk Nsvkckd,"Honnêtement, les services ont été excellents et le traitement irréprochable depuis l'arrivée de M. Abdul Karim en tant que directeur.",2026,7,28,0.91,autre,133
122,Friteh Mohamed,"Une équipe formidable et d'une humilité remarquable. Des explications claires, des informations précises et un travail excellent.",2026,7,28,0.96,autre,129
122,Mohamed ait taleb,Je recommande vivement ce magasin ! L'accueil était chaleureux et le service excellent. Merci pour cette superbe expérience !,2026,7,28,0.98,attente en agence et personnel,125
122,Ali Med,"Honnêtement, c'est la meilleure agence en termes de gestion des dossiers et d'explications des offres.",2026,7,28,0.89,attente en agence et personnel,102
122,Sanae Elmakhfi,"Bonjour, mon numéro n'est toujours pas activé et cela fait environ une semaine.",2026,7,28,-0.37,autre,79
122,Mokhtar Halla,"Excellent service, merci pour vos efforts, Orange Kayna",2026,7,28,0.97,attente en agence et personnel,55
122,mohamed Chakaf,Service de bonne qualité,2026,7,28,0.93,attente en agence et personnel,24
122,SAMIR KES KASSI,L'une des meilleures agences d'Orange en termes de service et d'accueil.,2026,7,28,0.95,attente en agence et personnel,72
122,Ayoub BOUJANNA,"Des services professionnels au niveau requis, j'apprécie cela",2026,7,28,0.52,autre,61
122,brahim ammone,"Merci, frère Abdul Karim, pour l'excellent service.",2026,7,28,0.97,attente en agence et personnel,51
122,Ismail Ismaili,Que Dieu vous accorde le succès. Excellent service.,2026,7,28,0.99,attente en agence et personnel,51
122,0673304484 0673304484,Service excellent,2026,7,28,0.96,attente en agence et personnel,17
122,Reda 08,Mauvais service,2026,4,29,0.57,attente en agence et personnel,15
122,med brecol,"Service impeccable, excellent ! 👌",2026,7,28,0.97,attente en agence et personnel,33
122,Nasim Asosi,"Service excellent, merci.",2026,7,28,0.97,attente en agence et personnel,25
122,mostafa ettouhami,Que Dieu nous guide vers la bonté,2026,7,28,0.97,autre,33
122,Lamiae Baghouzi,Service rapide et efficace,2026,7,28,0.87,attente en agence et personnel,26
122,Zakaria El Ouahabi,Service excellent,2026,7,28,0.96,attente en agence et personnel,17
122,BUMAGECO BUMAGECO,service nul,2026,2,28,0.0,attente en agence et personnel,11
122,Abou Anas Atiki,Bon service,2026,7,28,0.92,attente en agence et personnel,11
122,Safia Harakat,J'ai apprécié le service,2026,7,28,0.63,attente en agence et personnel,24
122,Msjjddhshs Hehdhheuwoa,Meilleur service,2026,7,28,0.95,attente en agence et personnel,16
122,Mohamed Boujanna,Service au niveau,2026,7,28,0.67,attente en agence et personnel,17
122,Accessoires Marbella,Ahsan mo3amala,2026,7,28,0.53,autre,14
122,mouad moursi,Vous continuez ?,2026,7,28,-0.35,autre,16
122,Bouchaib Bouchaib,"Merci, Arang",2026,7,28,0.73,autre,12
122,yasmine bouayad,Service excellent,2026,7,28,0.96,attente en agence et personnel,17
122,Noureddine Essamadi,Débit au niveau.,2026,7,28,0.51,carte sim et réseau,16
122,Salmane mouatassem,Parfait 🫡🙏,2026,7,28,0.83,autre,10
122,Hamza,Que Dieu bénisse,2026,7,28,0.5,autre,16
122,Mourad el amrani,Toujours brillant,2026,7,28,0.7,autre,17
122,Abdlben,Longue expérience et collaboration avec Orange,2026,7,14,0.88,autre,46
123,Karim S,Je suis devant l'agence sensée être ouverte à 9h30. Il est 10h et toujours pas l'ombre d'un conseiller disposé a ouvrir l'agence... C'est absoiument pas sérieux et en phase avec un groupe aussi important que Orange...,2026,3,30,-0.54,attente en agence et personnel,217
123,Investa Tanger,"Aujourd'hui je me suis rendu à la boutique Orange Marjane Tanger, et ont m'as dit que j'avais une dette datant d'un ans, concernant une boxe que j'ai rendue le jour même en faisant une annulation, car la connexion chez moi était mauvaise. j'exige un remboursement et une mise a jour du système pour effacer cette sois disante dette.",2026,1,29,-0.91,carte sim et réseau,332
123,AFAF DKHISSI,La fille avec le hijab manque de professionnalisme ..chatter sur wtsp et laisser le client attendre ca ce fait pas !! Merci de faire le nécessaire,2026,5,29,-0.52,autre,146
124,Zakariae EL HARRAMI,"Très mauvais service, on voulais résilier notre contrat, il nous dit qu’il faut contacter le support alors que l’engagement a été fait dans cette agence. On parlant avec cet agent il décide de fuir. C’est honteux.",2026,1,29,-0.98,attente en agence et personnel,213
124,Daoud Abou Soumaya,"Une honte. Le magasin doit ouvrir à 9h, l'employé arrive à 9h30. Il rentre, referme le magasin, ouvre le rideau en métal et repart... Attente... 20 minutes.",2026,7,28,0.46,attente en agence et personnel,156
124,zedak iliass,"Très mauvais service, les employés ne sont pas qualifiés. Je souhaite de changé ma cart SIM en ESIM. Ils me disent qu'il ne faut pas être abonné. Il faut résilier l'abonnement pour obtenir une carte ESIM. Mais maintenant, nous n'avons plus",2026,7,28,-0.96,carte sim et réseau,239
125,Assiya Azouagh,Les horaires affichés ne correspondent pas à la réalité. Dimanche fermé mais selon les horaires affichés sur internet ouvert...,2026,5,29,0.0,autre,127
125,Bouchra M'tiri,Équipe très sollicitante avec accueil très chaleureux !,2026,5,29,0.7,attente en agence et personnel,55
125,hamza bahili,"Mon expérience avec cette agence a été très décevante. Suite à la souscription d’un contrat pour wifi, un problème d’adresse est survenu ""dont je n’ai jamais compris l’origine"".",2026,7,28,-0.76,internet fibre et box,177
126,Alexandre Pierre CLÉMENT,À éviter absolument  Le plus mauvais opérateur jamais vu au monde. Je le déconseille aux Français. Je,2020,7,29,-0.96,autre,101
126,malika smihi,Le service est nul et long j'ai acheté un tel cela fait 4 jours et la configuration n'a toujours pas été faite,2022,7,29,-0.52,attente en agence et personnel,110
126,AL AL,L adresse est fausse c est un magasin de sport maintenant . It s a wrong adresse now it s a sport shop,2026,7,28,-0.8,autre,102
126,zak you,Trés bon service et personnels sympas! Merci,2024,7,28,0.97,attente en agence et personnel,44
126,Emrane B,La pire agence qui peut exister,2022,7,29,-0.72,attente en agence et personnel,31
126,Christopher Kong,Service impeccable et ultra-rapide ! Deux cartes SIM avec 5 Go de données chacune pour un total de 160 DH. Un excellent rapport qualité-prix !,2024,7,28,0.97,carte sim et réseau,142
126,Akram Akram,N'existe pas ici,2026,1,29,0.0,autre,16
126,Saad Moula,"Expérience horrible. L'employé est d'une incompétence notoire. Après 40 minutes d'attente, il nous a simplement demandé d'aller dans un autre magasin, car il avait peur de se tromper. Quelle incompétence !",2023,7,29,-0.94,attente en agence et personnel,205
126,khadija tijani,"Service déplorable, d'une lenteur exaspérante ! C'est incroyablement frustrant !",2023,7,29,-0.98,attente en agence et personnel,80
126,Татьяна Голяр,"Boutique de téléphonie mobile située directement sur le boulevard, excellent service rapide !",2023,7,29,0.97,attente en agence et personnel,93
127,Wail Chaouki,"Service client nulll.je voulais des infos sur comment modifier mon forfait yoxo mais j'ai été clairement rejeté. À éviter clairement cette agence. J'utilise cet opérateur depuis longtemps ,mais ce faire ignorer comme ça c'est insupportable",2025,11,30,-0.73,attente en agence et personnel,239
127,Peter Laraqui,Trop d attente personnel pas sympathique j' ai un abonnement de 49 dh j' ai acheté 3 recharges a 50dh chacune de data elles sont consommés a une vitesse incroyable.,2026,4,29,-0.39,attente en agence et personnel,164
127,Ines Abd,"Un accueil très chaleureux, un personnel compétent et compréhensif. Une mention spéciale pour Loubna",2025,11,30,0.9,attente en agence et personnel,100
128,hanane zorgan,"Merci à Ismail pour son professionnalisme, son service rapide et sa grande écoute. Il reste disponible, ne bloque pas face aux difficultés et propose toujours des solutions",2026,7,28,0.92,attente en agence et personnel,172
128,Amjad Alshbaiti,"Très mauvaise expérience avec Orange. Depuis jeudi après-midi, ma connexion Wi-Fi ne fonctionne plus. J’ai contacté le service client à plusieurs reprises, mais tout ce qu’on m’a proposé, ce sont",2026,2,28,-0.96,carte sim et réseau,195
128,Julien D,Vendeur très professionnel et gentil,2026,7,28,0.79,attente en agence et personnel,36
129,mike enn,"Service déplorable, personnel peu coopératif et incompétent, je suis très déçu par cette agence.",2026,4,29,-0.9,attente en agence et personnel,96
130,El amrani Massaoud,Services médiocres Négliger les informations sur les clients,2026,7,28,0.44,autre,60
130,Mohamed Aghbalou,Trés modeste,2022,7,29,0.49,autre,12
130,أبو أسامه,Excellent et les prix sont bons,2026,2,28,0.99,facturation et prix,31
131,M Hichou,"Très bon accueil chez Orange Passage rapide en boutique ce matin. La technicienne était souriante, agréable et efficace. Ça fait plaisir de commencer la journée avec des personnes positives. Merci !",2025,9,1,0.99,attente en agence et personnel,198
131,Ahmed Dahrouch,"Très bien servi sur place, sauf pas de numéro de contact pour les appeler",2021,7,29,0.86,autre,73
131,Bil Electricité,Une des filles qui y travaille m'a fait signer un forfait alors que j'ai demandé une simple carte sim rechargeable,2020,7,29,0.71,carte sim et réseau,114
132,Clément Delatore,"Très professionnel,très sympa et en plus pas chère ! Merci encore au personnel de la boutique ,je vais pouvoir passer un bon séjour ici au Maroc !",2023,7,29,0.46,attente en agence et personnel,146
132,group Ha hna,Très bonne service,2023,7,29,0.96,attente en agence et personnel,18
132,mariam bijou,Bon service,2024,7,28,0.92,attente en agence et personnel,11
133,Yousra Discovery,service top.. des femmes simpas,2026,7,24,0.73,attente en agence et personnel,31
133,Med Aziz,"Ils ne méritent même pas une demi-étoile. Leur contrat ADSL est censé être à 20 Mbps, mais le débit n'atteint même pas 4 Mbps. C'est le pire opérateur. La seule solution est de changer.",2026,5,29,-0.64,carte sim et réseau,185
133,نحن نسافر بأمان,Tanger,2026,2,28,0.52,autre,6
134,wiame taibi,Je tiens à remercier madame Charifa pour son accueil chaleureux et la qualité de service qu'elle offre pour les clients et son service après vente qui est très agréable.,2026,1,29,0.86,attente en agence et personnel,169
134,Imane OULDGHANNOU,Je remercie infiniment madame charifa pour la qualité de service et le professionnalisme,2026,1,29,0.7,attente en agence et personnel,88
134,Riri Mes,Les horaires c marqué ouvert mais sinon y’a aucun personnel à la boutique toujours fermé la personne n’est jamais là au comptoir lumière allumé mais personne,2026,7,28,-0.51,attente en agence et personnel,157
135,Emilie B.,"Accueil professionnel, chaleureux et service rapide. Je recommande cette boutique où le personnel est à l'écoute et où l'échange est agréable. Et en plus les horaires affichées sont respectés. Shokran bezzaf!",2026,1,29,0.72,attente en agence et personnel,208
135,Dr Saeed Al-Ghadie,"Leur horaire d'ouverture est incorrect. Ils ouvrent et ferment la porte à clé et restent à l'intérieur. Il est 9h17 et personne n'ouvre la porte. Pendant ce temps, ils sont à l'intérieur.",2024,7,28,-0.65,autre,187
136,Kay L,L’agence est fermée pour aucune raison. Cette agence ne respecte pas les horaires. Catastrophe.,2025,12,30,-0.77,attente en agence et personnel,95
136,Emilie B.,Attention l'ouverture est notée à 9h mais personne avant 10h!,2025,12,30,0.41,autre,61
136,Med amine Mrabet,"Ils ne prennent pas les gens au sérieux, je me suis rendu pas mal de fois pour réclamer au sujet de mon routeur wifi qui ne fonctionne pas. Et il me reponds en feuilletant son tablette que je peux faire une réclamation, il ne m’a même pas",2024,7,28,-0.71,internet fibre et box,238
137,Samira Maroquia,Personne qui s'est occupé de moi très gentille et très professionnelle,2022,7,29,-0.45,autre,70
137,mohammed el fezzak,C est bien passé,2022,7,29,0.74,autre,16
137,Abdelkader Khaddor,C'est un mauvais prestataire ici átanger,2021,7,29,-0.97,autre,40
138,Abdelkrim,"Bonjour Je tiens à exprimer ma sincère gratitude envers les agents chargés de clientèle de cette agence, ainsi que la responsable de l’agence, pour leur",2026,5,29,0.58,attente en agence et personnel,152
138,Youssef Saber,Deux conseilleres accuillente souriante et plein d'energie . Je recommande vivement Mme hajar et Mme Lamiae,2026,2,28,0.73,autre,107
138,EUROGRUES Serigne Saliou Mbacke Ndiyae,trés professionelle et pratique. Trés bone qualité de service,2026,3,30,0.6,attente en agence et personnel,61
139,Haikan Chess,"Je tiens à remercier chaleureusement l’agence Orange Bni makada pour son professionnalisme et son accueil. Un grand merci particulièrement à l’agent qui m’a reçue, une jeune femme très serviable, patiente et à l’écoute. Elle a pris le temps",2026,7,28,0.95,attente en agence et personnel,240
139,fatimaazzahra NAMMAT,Bon service,2025,11,30,0.92,attente en agence et personnel,11
139,Mohamed Amine Haddouba,"L'entreprise ne respecte pas les horaires d'ouverture et de fermeture officiels, et ses services, tout comme ceux de l'agence, sont médiocres. Veuillez améliorer les services de cette agence afin de garantir la satisfaction de vos clients.",2026,7,28,-0.38,attente en agence et personnel,239
140,Ali Kaitouni,"Je voudrais bien partager mon expérience avec vous, vécu à l'agence Orange, située à Avenue Allal Ben Abdellah Rabat, personnel chaleureux et professionnel en particulier Mlle ou Mme Soukaina Lahbari. Vraiment Bravo",2025,9,1,0.89,attente en agence et personnel,215
140,Ahmed Zahidi,"Bon service au niveau du magasin, mais, les sièges réservés aux clients et aussi aux personnel ne sont pas confortables.",2026,2,28,0.41,attente en agence et personnel,120
140,najib NAIBI,Orange élu meilleur service après vente de l’année ! C’est une blague ? Ni le service du remplacement dun routeur défectueux,2026,7,28,-0.49,attente en agence et personnel,124
140,Hicham Hamid,"Mauvais service, manque de politesse et absence de respect,",2026,3,30,-0.68,attente en agence et personnel,59
140,Ibourki Bouchra,Personnel désagréable mauvaise expérience . Ne mérite pas d étoiles,2025,12,30,-0.93,attente en agence et personnel,67
140,OAR OAR,"Mention spéciale  à la personne aux lunettes  et sans cheveux , je pense qu'il fait sont travail  avec passion",2024,7,28,0.73,autre,110
140,hugo drawin,"Deja 3 semaines pour un changement de routeur defectueux. Malgré les deplacements a l agence, les appels avec le support technique qui ne peut faire avancer le dossier, rien n'est fait pour regler le probleme. Le chef d'agence peut bien",2026,7,28,-0.36,attente en agence et personnel,236
140,A2ES CONSULTING,"Je tiens à exprimer ma reconnaissance envers Soukaina pour son professionnalisme exemplaire. Lors de ma visite à la boutique, j’ai été particulièrement impressionné par son écoute attentive et sa réactivité. Soukaina a su répondre à mes",2026,7,28,0.83,service client et assistance,236
140,jerome crouzet,Ils sont trop fort plusieurs visites pour avoir un technicien pour un problème de box et le summum C'est que l on m envoi chez maroc Télécom pour avoir la fibre car orange ne livre pas la fibre si l'on n'est pas résident alors que je suis propriétaire de mon appartement.,2025,9,1,-0.65,internet fibre et box,271
140,ZAK BAH,"Je donne 2 étoiles en raison du manque de professionnalisme des commerciaux. En tant que client depuis plus de 10 ans, j'ai souhaité suspendre mon forfait lors d'un déplacement hors du Maroc. Le service client téléphonique m'a mal informé",2024,7,28,-0.7,carte sim et réseau,238
140,adib bensaid,"Aujourd’hui, je suis allé à l’agence Orange pour régler ma facture et recharger mon compte OrangeMoney. Malheureusement, comme à chaque fois, on m’a dit qu’il y avait un blocage sur le profil du caissier. C’est une situation récurrente, et",2026,7,28,-0.82,attente en agence et personnel,239
140,Yahya Dihmani,Service null et comportement arrogant du personnel. Centre d Appel fibre optique très très lent. Après plusieurs appels aucun service accompli. À revoir,2025,10,31,-0.65,attente en agence et personnel,152
140,Alae El alami elaroussi,"Service très décevant. Aucune organisation, il n'y a même pas de système de gestion de file d'attente pour savoir quand c'est ton tour. En plus, aucun espace pour s'asseoir et patienter confortablement. L'expérience est vraiment désagréable. 👎",2026,7,28,-0.8,attente en agence et personnel,243
140,Ilham Lahbari,Lors de ma visite chez Orange j'etais impressionné par le service de mademoiselle Soukaina était attentif et rapide. Elle a pu répondre à toutes mes questions et m'a aidé à choisir le meilleur service,2026,7,28,0.94,attente en agence et personnel,200
140,Arabi Dada,le person hicham hairich pas bon,2026,3,30,-0.36,autre,32
140,Hajar S,"Bonjour tt l monde Après une demande de résiliation de la fibre optique le service me demande de déposer le routeur à l’agence pour ne pas inclure le prix dans la facture, je le",2024,7,28,0.49,internet fibre et box,177
140,Aymen Bayoudh,"Très sympa, ils sont allés au bout du souci. Très patient et clair à la caisse",2026,7,28,-0.61,autre,78
140,Selim Deniel,"Faites attention !! Les commerciaux essayent de vous forcer à prendre des abonnements, et si vous refusez, ils ne traitent pas votre demande. J'ai fait la même demande à deux agences différentes, et clairement, les",2023,7,29,-0.9,autre,214
140,Jihane E,J'ai acheté un téléphone il y a deux semaines et la batterie ne tiens pas. Je pars à l'étranger début de semaine et ils n'ont aucune solution à me donner. Ils ne m'ont pas conseillé en amont sur le téléphone et maintenant ils mettent en,2020,7,29,-0.48,service client et assistance,236
140,Léa Khelo (Khei),SAV LAMENTABLE ! Probablement le pire service client tout domaine confondu ! J’ai souscrit un abonnement téléphonique car c’est plus rentable que les,2022,7,29,-0.51,attente en agence et personnel,149
140,Mohammed ZAIMI,"Agence bien située, personnel agréable, souriant, très commercial. Cependant, il y a eu des couacs comme un changement de propriétaire de ligne qui met plus de 2 mois, un contrat d'installation de la fibre optique signé mais",2020,7,29,-0.41,internet fibre et box,224
140,Malik DOLCECREMA,"Vraiment vraiment je va remercie vous etes les meilleurs, je viens pour acheter une wifi djib pour mes 10 jours restant, je suis extremement bien conseillé par la chargée clientèle qui m’oriente vers une e-sim a 5€ qui me permettra de",2023,7,29,0.86,carte sim et réseau,234
140,Anthony DELACHAISE,"Arrivant de France, on a été y acheter des cartes sim pour notre séjour au Maroc. Ça a été très rapide et les explications claires. Au top",2024,7,28,0.8,carte sim et réseau,138
140,Hajjam Driss,"Le numéro de ma carte d'identité a été attribué a une tierce personne en 2010. Client chez eux en 2018. J'ai réclamé plusieurs fois, aucune solution. Mes factures arrivent toujours au nom de la personne X depuis 5 mois... ça mène en bateau",2019,7,30,-0.49,autre,239
140,Dipl.-Ing. Faycal,Un bon service clientèle compréhensif. J'ai eu la malchance de venir dans une heure de pointe ou y'avait beaucoup de monde en attente. Produits introuvables dans les petites agences. Il valait le coup de s'y rendre!,2019,7,30,0.57,attente en agence et personnel,215
140,Hayat Sabri,"Très bon service. Excellente assistance. Bravo si othmane, chef d'agence orange. Merci beaucoup.",2026,7,28,0.99,attente en agence et personnel,96
140,Pat Stz,"Très insatisfait du SAV d'orange. Malgré l''apparente bonne volonté de mes interlocuteurs, aucune solution n'a été trouvé à une erreur de leurs part qui dure depuis près de 10 mois.",2022,7,29,-0.91,autre,181
140,Youssef El Maroufy,"Agent a la caisse en plus d'être désagréable, il a prioriser une personne de la part de l'agent de sécurité bien qu'il ait au moins 4 personnes dans la file d'attente.",2022,7,29,-0.67,attente en agence et personnel,167
140,Aqua For,"Professional mais a besoin de peut d'arrangement au niveau communication,a cause de la situation geographique du lieu,tres frequente par les nons residents de rabats et surtout chemin de passage pour beaucoup d'etrangers. On ne doit pas avoir toujours besoin de demander ou faire ceci,ou faire cela.",2019,7,30,-0.66,autre,299
140,abdelilah arsalane,Les promesses ne sont pas tenues par cet opérateur. Très mauvaise couverture que ce soit le réseau ou la 4G.je me remet avec maroc Télécom avec ma  flotte des le mois prochain.,2019,7,30,-0.93,carte sim et réseau,176
140,Aicha Hakim,Très bon service de la part du chef d agence,2026,7,28,0.98,attente en agence et personnel,44
140,FILALI ISMAIL,Service nul . Personne mal polie à l accueil,2026,7,28,-0.73,attente en agence et personnel,44
140,Othmane,Je suis trés satisfait du service.,2026,7,28,0.76,attente en agence et personnel,34
140,Sanaa,"Très bon accueil, service à la hauteur de mes attentes",2026,7,28,0.98,attente en agence et personnel,54
140,firass ouahi,"Nul ,c'est une épicerie sans plus.il n'y a que des vendeurs qui vous ignorent complètement si vous êtes là pour un problème.",2022,7,29,-0.62,autre,124
140,Jacques Pache,Blablabla ! Déplacements inutiles pour résoudre les problèmes. Cette agence est incompétente.,2026,7,28,-0.55,attente en agence et personnel,93
140,Omar Dasser,"Service agreable, personnels chaleureux, bon travail.",2023,7,29,0.97,attente en agence et personnel,53
140,amal bennis,Le service est excellent par Mr othmane,2026,7,28,0.96,attente en agence et personnel,39
140,Sellaoui Hassan,Accueil très moyen. Et beaucoup d'attente pour pas grand chose.,2022,7,29,-0.51,attente en agence et personnel,63
140,Hicham Benlemkaddem,"très mal organisé, la majorité des commerciaux ne porte pas le masque correctement!!!",2021,7,29,-0.92,autre,85
140,Bassam Sebbata,je vous jure les gens son nule ils ne savent pas comment travailler,2024,7,28,-0.61,autre,67
140,simed simed,Service de qualité d'ailleurs moi aussi j'ai forfait Orange je le recommande vivement,2022,7,29,0.79,carte sim et réseau,85
140,Moslem Barrak,Ils ont très mal service après vente,2021,7,29,-0.9,attente en agence et personnel,36
140,Mamadou Koné,"J'ai adoré ce lieu, magnifique avec un acceuil chaleureux. J'ai kiffé",2020,7,29,0.79,autre,69
140,Hassan Dabi,déçu  pas commercial aucun professionnalisme nulle,2023,7,29,-0.57,autre,50
140,Alex Georges,Très bien Personnel à votre écoute Professionnel,2024,7,28,0.98,attente en agence et personnel,48
140,hicham hicham,Il manque beaucoup a faire pour les clients ... Tu diis passer une heure pour voir un agent de orange,2020,7,29,-0.7,autre,101
140,Youssef ZOUHRI,"Ça va, rien a dire mais c est a eux de contacter le 121 de leur agence",2022,7,29,-0.34,attente en agence et personnel,70
140,Mohamed Zehri,Très mauvais service. Je déconseille Orange car le service est nul.,2021,7,29,-0.98,attente en agence et personnel,67
140,Aziz RACHID,Service envers clientèle nul + non respect  horaire de travail,2021,7,29,-0.61,attente en agence et personnel,62
140,bensaid samira,Aucun service Il sont prêts à prendre votre argent sans répondre à vos attentes,2022,7,29,0.0,attente en agence et personnel,79
140,Chihab Semmar,En tout cas l'accueil est mieux que chez Maroc Telecom,2020,7,29,0.87,attente en agence et personnel,54
140,Rachid EL ATTAR,Le Pays-Bas est toujours disponible pour répondre à toutes les questions.,2022,7,29,0.58,service client et assistance,73
140,Hedoma Groupe,"Attention au service commercial des entreprises, le commercial n'appartient pas à Orange, c'est de la sous-traitance, des pièges au informations fournies, consultez la haute ligne",2020,7,29,-0.57,attente en agence et personnel,179
140,Mehdi Oussoulous,"Bonne service, et parfait.",2026,7,28,0.98,attente en agence et personnel,26
140,Tarik Bouhajra,Un agent trempant,2025,12,30,-0.58,autre,17
140,Christopher Ntoutoume,L'attente est longue. Déjà que tous ne parlent pas bien Français,2019,7,30,-0.66,attente en agence et personnel,64
140,fatiha el idrissi,Beaucoup mieux que meditel le changement vers Orange en vaut la peine à conseiller vivement,2019,7,30,0.48,service client et assistance,91
140,JM SOW,Gestion très professionnelle des demandes de la clientèle. TOP,2019,7,30,0.86,autre,62
140,nabil OUACHI,Très mauvais service je déconseille !!!,2021,7,29,-0.98,attente en agence et personnel,39
140,cédric Mutuale,"Déçu, hôtesses méprisantes voire impolies... Vraiment déçu",2019,7,30,-0.74,autre,58
140,My Abdellah Jermouni,Un lieu parfait avec un acceuil chaleureux..,2021,7,29,0.75,autre,44
140,Alain-Philippe,Propose un tel et ensuite annonce qu'ils sont en rupture de stock,2021,7,29,-0.52,autre,65
140,Adama Bodian,Le personnel est très efficace,2022,7,29,0.87,attente en agence et personnel,30
140,Youssef Marjani,Le meilleur opérateur Télécom au maroc. Merci,2018,7,30,0.95,autre,45
140,Renaud Ahouansou,"Magazin, show room et espace de travail orange Maroc.",2022,7,29,0.71,autre,53
140,mehdi ouanane,Bel endroit bons produits A revisiter,2022,7,29,0.92,autre,37
140,Arsène Gaudé,Service utile et sympathique.,2019,7,30,0.89,attente en agence et personnel,29
140,JEELISA -,trop bien super boutique,2019,7,30,0.95,autre,24
140,Hicham Bennani,Bonne aceuille client satisfait,2022,7,29,0.93,autre,31
140,Medo Medo,Très bien,2022,7,29,0.99,autre,9
140,maman sami,Très bon service 👍👍,2020,7,29,0.98,attente en agence et personnel,19
140,Fathi Mustspha,Tres belles accueil,2020,7,29,0.95,attente en agence et personnel,19
140,Fathallah Louidani,Mauvaise affaire connection médiocre,2020,7,29,0.47,autre,36
140,ILias CHOUH,Mauvaise service des caisses,2021,7,29,0.44,attente en agence et personnel,28
140,Omar ALLALI,Bureau de vente principal et point de paiement de facture,2020,7,29,0.48,facturation et prix,57
140,Mohamed BOUCHOUR,J'adore,2023,7,29,0.76,autre,7
140,Alan Driss,Accueil aussi mauvais que Orange France,2020,7,29,-0.94,attente en agence et personnel,39
140,Azeddine Abya,Le service est mauvais,2020,7,29,-0.93,attente en agence et personnel,22
140,safae dib,Service client lamentable,2024,7,28,-0.67,attente en agence et personnel,25
140,Ornemaniste Mutation,Très satisfaite,2021,7,29,0.94,autre,15
140,Tetef El Ouardi,Grand agence orange commercial et services,2018,7,30,0.75,attente en agence et personnel,42
140,Yassine,Service client impeccable,2020,7,29,0.48,attente en agence et personnel,25
140,Khadija Elmoussaid,Pour payer ma facture,2020,7,29,0.5,facturation et prix,21
140,Boubou assad,bon accueil,2021,7,29,0.98,attente en agence et personnel,11
140,Larsen Clarck MOUMPALA ZINGOULA,"Jolie, aisance et relationnelle",2020,7,29,0.87,autre,31
140,Oufkir Cherif,Un accueil chaleureux,2019,7,30,0.85,attente en agence et personnel,21
140,Kouadio KOUAKOU,Super accueil,2021,7,29,0.92,attente en agence et personnel,13
140,Iris Lava,Service clientèle premium,2019,7,30,0.79,attente en agence et personnel,25
140,achraf lachgar,Orange ancien meditel,2021,7,29,0.5,autre,21
140,Papa Baidy FALL,Accès facile,2022,7,29,0.76,autre,12
140,Elarraoui Abdelhay,Cede regional de Rabat ORANGE,2018,7,30,0.56,autre,29
140,Bouchra Nfinif,Bon service,2023,7,29,0.92,attente en agence et personnel,11
140,Ben Demrane,Service excellent,2020,7,29,0.96,attente en agence et personnel,17
140,abdelaati EL JIRARI,Service incomplet.,2019,7,30,0.55,attente en agence et personnel,18
140,Bachouchi Nacer,Bien,2019,7,30,0.75,autre,4
140,Chraihi Abderrahim,Bon,2020,7,29,0.91,autre,3
140,lachkar chakir,Mauvais service,2020,7,29,0.57,attente en agence et personnel,15
140,Farida Moussa,Propre,2020,7,29,0.57,autre,6
140,Chafik SABER,Super,2020,7,29,0.78,autre,5
140,Abdelaziz Essalhi,Mal acceuillie,2023,7,29,-0.62,autre,14
140,Joel STERLING,Chic,2022,7,29,0.46,autre,4
140,h al,De mieux en mieux,2018,7,30,0.78,autre,17
140,CHTOUKI MOHAMMED LOTFI,Société de telecomunication,2019,7,30,0.49,autre,27
140,Mohammed Najib Benyahia,Bon accueil,2020,7,29,0.95,attente en agence et personnel,11
140,Ba Mamy Dado,Magnifique,2020,7,29,0.87,autre,10
140,Chour TV,Orange,2020,7,29,0.67,autre,6
140,BENYAHIA ADIL,bon service,2019,7,30,0.96,attente en agence et personnel,11
140,Najib KOUNSASSE,Mauvais service,2020,7,29,0.57,attente en agence et personnel,15
140,samo sam,Bon service,2020,7,29,0.92,attente en agence et personnel,11
140,soumiya mekrazi,Internet X Escargot,2026,7,22,-0.42,autre,19
140,Hicham Alaoui,"Le réseau Orange marocain est une catastrophe, le service client est encore piiiire ! Moi qui avais orange en France j’ai pensé avoir la même qualité alors la je confirme qu’ils sont très loin. Achat d’une box dar qui ne fonctionne jamais",2026,7,28,-0.93,carte sim et réseau,238
140,Said**Said,"Orange et son personnel sont catastrophiques ! Je vous conseille de changer d'opérateur ! Ils se moquent complètement des clients, c'est scandaleux.",2026,4,29,-0.98,attente en agence et personnel,148
140,Hamza,"Très mauvais service client, même lorsqu'ils appellent le responsable semble impuissant, haussement d'épaules seulement.",2025,12,30,-0.98,attente en agence et personnel,120
140,Graida Mourad,Internet 4 jours ou hya bra (fibre optique) 3afakoum ila bant likoum seftouhaa lyaa svp,2026,1,29,0.53,internet fibre et box,87
140,desiree manicom,"Service très efficace, serviable et aimable pour l'achat d'une carte SIM locale. Le responsable s'est même mis en quatre pour nous conduire dans un restaurant populaire.",2025,10,31,0.95,carte sim et réseau,169
140,Safaa Sajib,"J'ai eu une expérience agréable, contrairement à celle d'il y a deux mois. Un employé s'est montré patient, compréhensif et aimable. J'espère que cette agence continuera à faire un travail remarquable et que son personnel continuera à traiter les clients avec respect.",2024,7,28,0.77,attente en agence et personnel,268
140,Deanna P,"J'avais laissé un avis négatif sur cet établissement il y a deux ans. J'y suis retourné aujourd'hui et j'ai bénéficié d'un service client exceptionnel, ce qui a considérablement amélioré mon expérience. Je le recommande vivement, compte tenu des changements apportés. Un grand merci à Said pour son aide.",2026,7,28,-0.72,attente en agence et personnel,304
140,Mohamed Tamer,"S'il n'y avait pas de note minimale, ce service la mériterait amplement.  L'entreprise et son application sont médiocres. Le service commercial est bon,",2024,7,28,0.67,attente en agence et personnel,152
140,Elektronen Tornado,"J'ai acheté une carte SIM prépayée de voyage pas chère sans problème, j'ai payé 70 dirhams pour 10 Go. Il y avait pas mal de monde, donc il faudra peut-être patienter un peu.",2026,7,28,-0.44,carte sim et réseau,174
140,Edwin Fang,"J'ai payé pour un mois, mais ils ont suspendu mon compte après seulement deux semaines d'utilisation. J'ai demandé des explications au personnel, qui a répondu qu'il n'en savait rien. Le prix est trois fois plus élevé que dans mon pays, mais le service est déplorable au Maroc. N'utilisez surtout pas Orange !",2026,7,28,-0.75,attente en agence et personnel,309
140,TANER KÖKEN,J'ai attendu trois jours l'ouverture d'internet dans plusieurs villes marocaines à cause de l'Aïd al-Adha.,2023,7,29,-0.58,autre,106
140,ابو عزيز مصطفى,"Chaque recharge de 10 Go coûte 100 dirhams, et la carte SIM est gratuite à l'aéroport. Le service inclut des recharges internet et appels ; les appels internationaux sont facturés séparément. Les recharges sont disponibles dans les épiceries et les supermarchés.",2023,7,29,0.54,carte sim et réseau,262
140,Yacoubi Othmane,"Un seul caissier dans leur magasin principal, et il est beaucoup trop lent.",2026,7,28,-0.42,autre,75
140,Hassan WR,Le service fourni par cet endroit est bon et rapide à répondre en cas de besoin.,2023,7,29,0.95,attente en agence et personnel,80
140,Hamza El yousfiyene,Service 0,2026,2,28,0.58,attente en agence et personnel,9
140,Elisa,Service impeccable et carte SIM à un prix avantageux pour mon séjour de 3 semaines à Rabat. Je recommande la boutique près de la médina de Rabat.,2020,7,29,0.7,carte sim et réseau,145
140,Mina,Cette entreprise n'a jamais livré le téléphone que j'avais commandé en ligne et ne m'a pas remboursé. C'est une arnaque.,2026,7,28,-0.76,service client et assistance,120
140,Jonathan Murphy,Ils ont pris mon argent et n'ont jamais activé ma carte ; j'ai dû retourner les voir pour leur rappeler. Un simple haussement d'épaules,2019,7,30,-0.47,facturation et prix,135
140,Montasser Mohammed,"J'ai bénéficié d'un bon service ici, et compte tenu des prix et des services proposés, leurs offres sont intéressantes.",2019,7,30,0.96,attente en agence et personnel,119
140,HARVES FOOD,Les services sont de bonne qualité.,2026,7,28,0.95,autre,35
140,Salaheddine sajid,"Ils ont rencontré des problèmes avec le service de paiement, beaucoup de gens attendaient.",2019,7,30,0.48,attente en agence et personnel,90
140,Zachary Fredell,"Un seul caissier dans leur magasin principal, et il est beaucoup trop lent.",2021,7,29,-0.42,autre,75
140,Yassine Afqir,Un service impeccable assuré par un personnel charmant et accueillant !,2020,7,29,0.76,attente en agence et personnel,71
140,Javier Fole Callon,Magasin moderne appartenant à cet opérateur téléphonique.,2020,7,29,0.71,autre,57
140,MUSTAPHA BOUKHATEM,Bien.  Et.,2019,7,30,0.83,autre,10
140,mzian abdellah,"Mauvais accueil, mauvais service  soyez vigilants",2023,7,29,-0.83,attente en agence et personnel,49
140,Mohamed Balizi,"Bon service, personnel serviable",2020,7,29,0.93,attente en agence et personnel,32
140,Najib Adoua,Ils mentent un peu sur leurs services.,2020,7,29,-0.49,autre,38
140,Oussama,Mauvais services je ne le recommande pas,2021,7,29,0.0,autre,40
140,KHALIL EL AADMI,Bravo à tous ceux qui sont compétents ! 👏,2024,7,28,0.98,autre,41
140,"ON8EI, John",Service médiocre.,2019,7,30,0.63,attente en agence et personnel,17
140,benaissa,Une dame très agréable avec qui discuter sur Orange Rabat,2022,7,29,0.65,autre,57
140,Eric Kooma,Les produits de base sont légèrement plus chers que prévu,2020,7,29,-0.5,autre,57
140,rachid idrissi,service extrêmement médiocre,2022,7,29,0.66,attente en agence et personnel,28
140,ECON Juridique,Bonne organisation,2022,7,29,0.96,autre,18
140,Amine immobilier,Services très bons,2020,7,29,0.93,autre,18
140,Oumaima Zamharir,Service médiocre,2026,7,28,0.66,attente en agence et personnel,16
140,elammari abderrahim,Service client médiocre,2022,7,29,0.62,attente en agence et personnel,23
140,Bazoui Aziz,Excellent travail,2026,7,28,0.97,autre,17
140,Omar Abqal,Service client médiocre,2023,7,29,0.62,attente en agence et personnel,23
140,Muhamed Khamis,compétence,2023,7,29,0.7,autre,10
140,بحر b7r l,Bien,2020,7,29,0.75,autre,4
140,Adam Skande,Bon service,2019,7,30,0.92,attente en agence et personnel,11
140,Yassin Echarouni,Balima,2021,7,29,0.59,autre,6
140,bamba fall,Correct,2020,7,29,0.5,autre,7
140,Nor-Eddine Tahiri,Rapide et poli,2019,7,30,0.56,autre,14
140,Omar Bou,Bon service,2019,7,30,0.92,attente en agence et personnel,11
140,Mr Lahoucine Boudibat,Services Internet et téléphoniques,2020,7,29,0.51,autre,34
140,Wafaa Getxo,Mal,2022,7,29,-0.42,autre,3
140,Gabriele L'Immaginifico,TRÈS PROFESSIONNEL,2022,7,29,0.52,autre,18
141,Jonathan Le roi,"J’ai eu une expérience très positive avec Orange. Leur service est excellent, et les personnes travaillant dans cette agence sont vraiment compétentes et accueillantes. Ils m’ont beaucoup aidé, et je suis très satisfait",2026,2,28,0.99,attente en agence et personnel,219
141,Med Elmir,Très bon service ! L’équipe est toujours gentille et professionnelle. Je recommande 🙏🏽,2026,2,28,0.98,attente en agence et personnel,86
141,Chaimaa Enar,Excellent service/ staff Tjrs a l’écoute,2026,2,28,0.93,attente en agence et personnel,40
145,DIAF NOUREDDINE,Serviable et serieux,2026,1,29,0.71,autre,20
145,Safaa aferiat,Équipe très réactive 👍,2025,10,1,-0.43,autre,22
145,ABDERRAHIM ET-TOUYSY,Jaim pas 🤮,2026,7,28,0.0,autre,10
146,Bacha Mohamed,D'accord,2026,1,29,0.56,autre,8
148,Najat,Service nul!! Surtout l'agent khali. J'ai déposé une réclamation officielle consernant l'achat d'un forfait Orange. Je considère avoir été induite en erreur par une,2026,5,29,-0.92,carte sim et réseau,164
148,Touche pas a mon poste,"Grand merci Lamia pour votre aide ! Très satisfait, très bel accueil, efficacité Tout dans le sourire Merci beacoup",2026,4,29,0.99,attente en agence et personnel,115
148,Boutaina Rahhali,"Je suis allé récemment chez Orange pour souscrire à un abonnement, et j’ai été vraiment surpris par les offres. Le service était impeccable ! Hajar, une des employées, a été super gentille et accueillante. Elle a tout réglé rapidement et de",2026,7,28,0.51,attente en agence et personnel,240
149,Karim Chiguer,"Merci beaucoup pour le bon traitement, je pense que cette agence est l'une des meilleures agences pour Orang, grâce à Taoufq.  Je recommande d'y aller",2026,7,28,0.98,attente en agence et personnel,150
149,Ayat Tayki,"Je suis très satisfaite de mon passage à l’agence Orange Borj Fès. L’équipe est professionnelle, accueillante et à l’écoute. Le service a été rapide et efficace, et le conseiller a su répondre à toutes mes questions avec patience et clarté. Un grand merci pour leur aide et leur disponibilité ! Je recommande vivement cette agence.",2026,7,28,0.97,attente en agence et personnel,331
149,tawfik hciki,"""J'ai été très satisfait du service offert par l'agent commercial d'Orange à Borj Fès. Il a été très professionnel, à l'écoute et patient pour répondre à toutes mes questions. Grâce à ses conseils, j'ai pu choisir l'offre qui correspond",2026,7,28,0.95,attente en agence et personnel,236
150,Chouchou Joujou,Service nul pas de réponse pas réaction de la part des agents,2026,7,28,0.0,attente en agence et personnel,61
150,Farid Cheqqaoui,Le cervice pas bon il ne veulent pas même te donner de temps pour acheter le wifi je ne généralise pas la fille qui simpa et le sécurité il fait son travail mieux que le vendeur a les gents respo.sable il faut qui le change pour ne perdu du clients  Merci,2022,7,29,-0.6,internet fibre et box,255
150,Aicha Rouzi,satisfaite et bon service ♥️,2026,7,28,0.98,attente en agence et personnel,28
151,Sanae Abouche,"Un grand merci Lors de ma visite, l’agence était très fréquentée, mais malgré le monde et la pression, ce commercial a su rester professionnel, efficace et très à l’écoute. Il",2025,10,31,0.76,attente en agence et personnel,175
151,Kenza BERRADA,je suis honnête de mettre une seul étoile d'ailleur il ne merite meme pas cette etoile mauvaise service et d'ailleur j'ai achete un telephone ils m'ont dit que j'avais un garantie d'une an mais le jour suivant quand je suis parti pour changer il ont refusé,2020,7,29,-0.9,attente en agence et personnel,256
151,Driss Sbai,C est nul ce matin,2026,7,28,-0.44,autre,18
152,Mohamed Mohamed,Excellent service et très serviable Tellement que je veux,2026,7,28,0.96,attente en agence et personnel,57
152,Anzid Brahim,Bon service et très serviable Bon continuation mr karim,2026,7,28,0.93,attente en agence et personnel,55
152,abdellatif abatani,"Ravie de partager mon expérience clientèle avec ce lieu, surtout la bonne communication et services dont je suis fier. Lors d'un problème, je n'hésite contacter mon agence préféré. Là où le problème résolu.  Merci beaucoup Mr KARIM KHAOULAJ, Avenue MED 5 FES",2026,7,28,0.81,attente en agence et personnel,258
153,Aboly : échiquier sans Roi. Said,"Maroc Fès Nord-west : Orange. Cite : Oued Fès. Rue OKba  Ben Nfiae. Près du Renpoint la fontaine. Service : spécialisé dans les télécommunications, réseaux Wi-Fi. Cherche des Les données sur le site Google Maps sont fausses, ainsi que les photos.",2019,7,30,-0.57,attente en agence et personnel,246
153,Maria Tnn,Je suis très satisfait du service client. Le personnel est toujours disponible et à l'écoute. Une expérience positive à chaque visite !,2026,7,28,0.97,attente en agence et personnel,135
153,ABDESSELAM TBER,Bon endroit le personnel est très aimable je recommande vivement. Je remercie Mme Idrissi pour son excellent service et surtout le service après vente.,2021,7,29,0.92,attente en agence et personnel,151
154,Walid Rakkas,"!!Un bon service,merci Anas",2026,4,29,0.98,attente en agence et personnel,27
154,ismail anglais,"Très bon personnel, dommage que Anas n'est plus là c'était un agent classe. Apart tout le personnel est jeune et gentil",2025,9,1,0.74,attente en agence et personnel,119
154,Hassan Alami,Merci pour votre visite,2026,4,29,0.96,autre,23
155,Zakariae Laalaj,Très bon service,2026,5,29,0.98,attente en agence et personnel,16
155,Jouhoune El houssine,Très bon expériences Merci infiniment,2026,7,28,0.98,autre,37
155,Simo Alaoui,Bon service,2026,7,28,0.92,attente en agence et personnel,11
156,Shinobi445,"C'est marqué ferme à 13h, et à 12h40 il n'y a déjà plus personne...",2026,1,29,-0.56,autre,67
156,Ziyad Mernissi-raouf,"Je tiens à partager mon excellente expérience à l’agence Orange de Fès. Dès mon arrivée, j’ai été très bien accueilli, et je tiens à remercier le responsable Nabil pour son professionnalisme et sa gentillesse. Nabil a su répondre à toutes",2026,7,28,0.96,attente en agence et personnel,238
156,mamoun mernissi raouf,"J’ai été agréablement surpris par l’amabilité et la bienveillance du service de cette agence , le responsable Nabil m’a été d’une grande aide , son sourire, sa joie de vivre et sa rigueur de travail prouvent que c’est une personne dévouée et déterminée a faire avancer la franchise , je recommande vivement , merci .",2026,7,28,-0.48,attente en agence et personnel,316
157,Rita,Dernièrement j’ai commandé une eSIM avec 5G illimité pendant 7j à 120MAD. La 5G a duré 3j puis a arrêté de fonctionner. J’ai appelé le service client et après un appel de 50 minutes et après avoir parlé a 4 personnes différentes du service,2026,4,29,-0.46,carte sim et réseau,239
157,Rajae Guennouni,Je tenais à partager mon incroyable expérience avec cette agence. Leur professionnalisme et leu expertise ont dépassé mes attentes. Un grand MERCI à toute l’équipe pour son travail de qualité.,2026,7,28,0.51,attente en agence et personnel,192
157,Ironmaaax,10:24 am. L’agence doit être déjà ouverte,2026,2,28,0.49,attente en agence et personnel,41
158,Kawtar T,"Il y a deux jours, je me suis rendue dans cette agence et je ne peux que souligner le professionnalisme, l’écoute et le respect du jeune homme qui y travaille. J’ai été très satisfaite des conseils et de la qualité du service. Malgré les",2026,5,29,0.76,attente en agence et personnel,237
158,Toufik Chahed,"On sera peut être pas champion du monde de foot, mais les champions de l'incompétence c'est certain.",2023,7,29,0.0,autre,100
158,IS BA,Presque 15 jours et pas de connexion par rapport a la fibre nous demandons un clé de dépannage mais pas de solution,2025,9,1,0.0,carte sim et réseau,115
159,K. ARZ,La dame à la réception est serviable. Bon service.,2026,6,30,0.91,attente en agence et personnel,50
161,Yassir Daoudi,"Vous êtes les propriétaire de l'espace, soyez les bienvenues.",2020,7,29,0.67,autre,61
161,Simo Simo,👍,2021,7,29,0.42,autre,1
161,Bouchra Mh,"Les travaux d'excavation et le bruit des vendeurs ambulants sont gênants, mais tout ira bien dans les prochains mois.",2018,7,30,0.52,autre,117
162,Ayoub Lahnin,Mauvaise experience ..cette agence mal accueilli les clients...( la femme),2025,10,31,-0.81,attente en agence et personnel,74
162,Lenaa Martin,Mon mari et moi avons acheté une carte SIM et tout a été très rapide — excellent service.,2025,10,31,0.97,carte sim et réseau,89
162,laila karfi,Vous ouvrez aujourd'hui ?,2026,4,29,0.38,autre,25
164,Omar Taroufi,"Bon accueil, un service à la hauteur, servi comme il faut. Je recommande vivement cette boutique orange",2026,7,28,0.88,attente en agence et personnel,103
164,Sarah Sarahh,"À chaque visite chez Orange à Fès, le personnel est très attentionné et prend le temps de bien expliquer les offres. Une équipe au top!",2026,7,28,0.96,attente en agence et personnel,135
164,Brika Rajae,A travers mon expérience avec boutique  Orange mentionné je le recommande vivement vu l'accueil chaleureux des conseillers ainsi qu'ils ont un esprit d'empathie et de la patience avec les clients,2026,7,28,0.61,attente en agence et personnel,195
165,Sébastien PANNET,"Très bon ressenti après être passé dans cette boutique Orange, de très bon renseignements,  on sent que la personne s'y connaît elle est très commerçante. J'aime trouver des personnes compétentes, j'y retournerai",2026,7,28,0.96,autre,212
165,MOUHSSINE DEBBAGH,"Je suis passé à votre agence Orange ce matin, le service était minable, vous faites fuir la clientèle. Je ne recommande pas du tout.",2026,7,28,-0.87,attente en agence et personnel,132
165,Yasmine,Non professionnelle et comportement inapproprié 👎🏻,2025,12,30,-0.66,attente en agence et personnel,50
166,ziad11 reda,Bon service merci ifiniment,2026,7,28,0.8,attente en agence et personnel,27
166,Laila Bellehcen,Très bon service,2026,7,28,0.98,attente en agence et personnel,16
166,King Ayoub,tres bon service,2026,7,28,0.96,attente en agence et personnel,16
167,Hôtel Nouzha,"Un monsieur très sympa, il explique tres bien tous les détails et veille a ce que le client soit dans la meilleure configuration de son abonnement. Bon courage !",2026,7,28,0.96,facturation et prix,161
167,منوعات,"L'agence était injoignable à partir de 18h35 et j'ai attendu jusqu'à 19h15. Finalement, je suis parti. Maintenant, je suis votre voisin. Je dois aller jusqu'en ville pour obtenir ce dont j'ai besoin. C'est vraiment dommage.",2025,9,1,-0.62,attente en agence et personnel,223
167,AissamZouhri,mauvais service,2026,5,29,-0.85,attente en agence et personnel,15
168,MR GEEK,Fermer dans les horaires de travail,2025,12,30,-0.44,autre,35
168,Taoufik Alla,Service de pointe,2026,7,28,0.63,attente en agence et personnel,17
168,Chaima Mazella,Service excellent,2026,6,30,0.96,attente en agence et personnel,17
169,youness el guenany,commercial nule acueil nul effectif sur cette agence à changer,2026,3,30,-0.65,attente en agence et personnel,62
169,Hamza Louarti,"Une agence avec un service médiocre, la conseillère n'a même pas  pris le temps de vérifier mon dossier ou bien traiter ma demande, la conseillère m'a fourni comme réponse, ' allez voir soit disant à l' agence principale ' chaque mois je me",2024,7,28,-0.61,attente en agence et personnel,240
169,Imad Chakir,Il faut respecte le temp de travail 3:30 et l'agence toujour fermer c'est un scam,2026,7,28,-0.53,attente en agence et personnel,81
173,Ayoub Rachidi,"Bonne expérience, merci pour votre aide",2026,7,28,0.98,autre,39
174,Larbi Larbi,Merci . Tres bon service,2026,7,28,0.97,attente en agence et personnel,24
174,Mohammed Elharchaoui,Merci bon Meilleur services sur cette agence,2026,7,28,0.99,attente en agence et personnel,44
174,AYYOUB OUADA,Tres bon service ❤️❤️❤️❤️,2026,7,28,0.93,attente en agence et personnel,25
175,Othmane El Mghari,"Manque d'information, mauvais comportment, service inacceptable",2024,7,28,-0.95,attente en agence et personnel,63
175,BRAHIM HADDOU,toujours fermé,2024,7,28,-0.43,autre,14
175,Said Samour,😒,2026,7,28,0.42,autre,1
176,naji zakaria,"Expérience catastrophique dans cette agence. Une vendeuse a fait preuve d'un mépris total envers moi, refusant carrément de prendre en compte ma demande de résiliation. En plus, ma demande de souscription d un abonnement Box 5G.",2026,4,29,-0.92,carte sim et réseau,228
176,Zakaria Naji,"Bonjour, Suite à votre réponse, j'ai suivi vos instructions et j'ai déposé une réclamation via le lien fourni. On m'a alors promis par email (Accusé de réception) une",2026,4,29,-0.52,service client et assistance,166
176,Aziz Hajji,"Mauvaise Expérience, manque de professionnalisme et de communication. Une résiliation souhaitée pour changer à la nouvelle offre, l'agence refuse sous prétexte que cette procédure se fait par téléphone. Orange a besoin de revoir ses collaborateurs.",2026,4,29,-0.81,attente en agence et personnel,248
176,Ziyad Mernissi-raouf,"Je tiens à partager l’agréable expérience que j’ai eu dans l’agence orange de chafchaouni. A mon arrivé j’ai directement été accueilli par Mehdi, une personne adorable, serviable et professionnelle, a su répondre à mes besoin et a su me conseiller. Je recommande fortement !",2026,7,28,0.88,service client et assistance,274
176,mamoun mernissi raouf,"À mon arrivée , j’ai été chaleureusement accueilli  par un jeune homme souriant , respectueux et sérieux, sa rigueur et sa discipline de travail m’ont convaincu de prolonger mon aventure en tant que client avec orange , merci Mehdi .",2026,7,28,0.94,autre,233
176,Houssine Berrada,Meilleur service avec une magnifique agent,2026,7,28,0.97,attente en agence et personnel,42
176,Rais Youssef,Meilleur service,2026,7,28,0.95,attente en agence et personnel,16
176,Mahfoud Oumaima,Bon service,2026,7,28,0.92,attente en agence et personnel,11
176,ROOSBEL MICHAEL TAIPE CHANCASANAMPA,"Le vendeur m'a arnaqué, il m'a facturé 90 dirhams et ne m'a donné qu'un jeton de 20 dirhams.",2026,7,28,-0.63,facturation et prix,92
180,zakaria bouabid,"Je tiens à laisser un avis très positif suite à mon passage à l’agence Orange Agadir ( SOUK EL HED ) Le technicien qui s’est occupé de moi ( ZAKARIA )  a été très professionnel,",2026,4,29,0.94,internet fibre et box,177
180,Jazz K,Très mauvaise expérience. Je me suis rendu en agence aujourd’hui à 11h. Le vendeur était occupé à rire et discuter avec son amie et ne m’a pas pris en charge immédiatement.,2026,3,30,-0.97,attente en agence et personnel,172
180,Omar Amajid,Un tout grand merci à Zakaria de l’agence qui fait preuve de disponibilité pour la clientèle. Je vous recommande Zakaria de cette agence il est au top !,2025,11,30,0.95,attente en agence et personnel,152
181,Fatma ALI ABDALLAH,Pareil que d’autres commentaire je me suis faite avoir Le gars m’a mis un forfait qui appartient à quelqu’un d’autre donc impossible pour moi de faire quoi que ce soit sur une carte SIM qui n’est pas à mon nom,2025,12,30,-0.57,carte sim et réseau,209
181,Samira Amrhar,"Bonjour Prière de m’expliquer pourquoi c’est noté sur votre profil que votre agence orange est ouvert le dimanche de 14h30 à 21h00, et je la trouve ,aujourd’hui  dimanche le 28 décembre 2025, fermée !!!!",2026,4,29,0.41,attente en agence et personnel,203
181,ismail assenghour,Excellent accueil et très bon service. Soufiane a été professionnel patient à l'écoute de mes besoins il m'as recommandé LADSL une technologie d'internet efficace,2025,12,30,0.98,attente en agence et personnel,162
183,Carla,Service impeccable avec Mohamed,2025,9,1,-0.42,attente en agence et personnel,31
184,Yasmine Dwiri,"Par la présente, je tiens à vous exprimer mon profond mécontentement suite à ma visite dans votre agence. Après avoir patienté dans la file d'attente, j'ai été confronté à un manque de",2026,4,29,-0.73,attente en agence et personnel,184
184,janane nisrine,"J’ai été très bien accueilli par deux agents. Ils m’ont beaucoup aidé, ont tout expliqué clairement et m’ont donné de très bons conseils. Leur professionnalisme était remarquable, surtout en comparaison avec les autres agences situées sur la même avenue.",2026,4,29,0.96,autre,254
184,Bilbo lafont,Pris carte sim 11 Go plus 1 h phone pour 100 drh..activation immédiate et contrôle credit ok...très rapide..merci,2026,5,29,0.79,carte sim et réseau,113
184,ogni car-LOCATION DE VOITURE,"Très bon service chez Orange ! Le personnel est professionnel et accueillant. Mention spéciale à Brahim, très gentil et serviable. Franchement, j’ai beaucoup aimé le service. Je recommande !",2026,1,29,0.99,attente en agence et personnel,190
184,Michel Lamothe,"Bonjour, j’ai pris une darbox dans l’agence de Tiznit. J’ai payé janvier. En fevrier je me suis rendu dans votre agence j’ai payé février et j’ai demandé de clôturer mon dossier. J’ai payé en liquide et j’ai demandé si c’était bien résilié,",2026,7,28,0.45,attente en agence et personnel,240
184,Nabil Ouchan,D'après mon passage à l'agence j'étais satisfait du service et du comportement de conseiller driss,2026,1,29,0.65,attente en agence et personnel,98
184,Didier LANERES,Malgre fibre coupure toutes les 7 secondes habitant agadir hassane En france jamais sauf inondation,2024,7,28,-0.55,carte sim et réseau,99
184,أصل الأشياء,Merci pour le service et la compétence très particulière du personnel,2026,7,28,0.95,attente en agence et personnel,69
184,real zapp,Équipe au top. La commerciale était très compétente.,2024,7,28,0.76,autre,52
184,sa ka (paradox),Belle équipe,2026,7,28,0.86,autre,12
185,A M,"OK, merci pour les renseignements !",2026,7,28,0.92,autre,35
185,Radia Jeglaoui,Bien,2022,7,29,0.75,autre,4
186,Dounia Elwafki,"La dame à l’agence ne fait preuve ni de respect envers les clients ni de professionnalisme. Elle ne respecte pas les horaires de travail et, à chaque déplacement, je trouve l’agence fermée malgré les heures d’ouverture. L’agence est plus",2026,4,29,0.0,attente en agence et personnel,237
186,Latifa Outaoussout,"J’ai eu une expérience exceptionnelle avec vous  L’équipe est très professionnelle, respectueuse des délais et toujours disponible pour répondre aux questions. Le suivi est impeccable du début à la fin. Je recommande vivement cette agence à toute personne qui cherche un service fiable et de qualité. Merci à toute l’équipe",2025,12,30,0.8,attente en agence et personnel,323
186,Mauricio Tuna,"Il est 10 hrs de matin il y a personne, Maroc telecom just en face est ouvert depuis 8:30 hrs .👎",2026,3,30,0.39,autre,96
187,Rhachi Nada,Le service est nulle pas de respect pour les clients  dans le site la fermeture a 19:30 ils m’ont dit que ils ont fini 18:50 et le gens de service m’ont attaqué parce que je le questionne pourquoi,2026,1,29,-0.72,attente en agence et personnel,196
187,zaid bachiri,"J’ai souscrit à la fibre optique chez Orange, mais à peine un jour après l’installation, la ligne ne fonctionne déjà plus. Aucun réseau, aucun service ! J’ai contacté le personnel en agence, mais on m’a répondu qu’ils sont juste des",2025,10,31,0.0,attente en agence et personnel,232
187,Lat Ifa,"Je me suis déplacé pour resilier le contrat de la fibre! Jai du attendre 40minute a l’agence pour ca  et quand j’appelle le service , on m’ informe que rien n’a été fait et qie je dois se deplacer encore une fois pour que ca soit fait!!! Je",2025,10,31,-0.77,attente en agence et personnel,240
188,belas asm,"Grâce à l’aide et à la gentillesse de Nouhaila, je recommande vraiment cet endroit. Elle a pris le temps de tout m’expliquer en détail et a été extrêmement",2026,7,28,0.93,autre,155
188,ADJEMI HAYAT,Super acceuil je recommande cette boutique. Nouha est une personne qui vous accompagne et vous oriente vers le meilleur service possible en fonction de vos besoins et de votre budget j'ai pris pour ma société toute une flotte. Et même à distance elle est toujours dispo et a l'écoute 👍,2024,7,28,0.51,attente en agence et personnel,285
188,Yusuf Zyech,"Boutique Orange qui n'existe plus ! ❌ Quelle perte de temps, le minimum aurait été de mettre à jour la fiche google. 0 sérieux.",2026,7,28,-0.77,autre,127
189,MOUAD ERRMILI,"Il est 10h30, il n’y a personne sauf la femme de ménage. Nous sommes quatre personnes en attente et la boutique est fermée. Ce n’est pas sérieux pour une agence Orange",2026,3,30,-0.49,attente en agence et personnel,167
189,Mostafa Meliani,Service médiocre personnel mal formé les clients repartent bredouille insatisfait Je suggère le changement du personnel,2026,7,28,-0.74,attente en agence et personnel,119
189,Driss Raaidi,Pas de téléphone fixe ni site internet ni horaire de travail... 9h de matin et la gence est fermée.,2024,7,28,-0.59,service client et assistance,99
190,amine kamil,Orange Maroc une mauvaise expérience en terme de relation client et services après vente. Après avoir opté pour une souscription en ligne d’un contrat Internet ADSL (vue,2026,7,28,-0.95,internet fibre et box,169
190,sullyvan Thomas,Le jeune homme qui reçoit etre très gentil et connaît parfaitement son travail. Mais surtout il règle tout les problèmes en un temps record. Je recommande vivement.,2024,7,28,0.61,autre,164
190,MARIAM JANAHtbjhnm,Le jeune qui travaille dans cette agence est très compétent dans son domaine. Il essaye de trouver une solution à ton problème,2026,7,28,0.7,attente en agence et personnel,126
191,Salma Elgourmati,Bon service merci,2026,7,28,0.9,attente en agence et personnel,17
191,Abdel Arab,Localisation erronee,2025,10,31,-0.65,autre,20
192,Salma jhilal,"Je tiens à exprimer mon mécontentement concernant la fibre Orange. La connexion est toujours instable, les coupures sont fréquentes, malgré les réclamations auprès du service clients, aucune solution !!!!!",2026,4,29,-0.79,carte sim et réseau,205
192,Tobe Ray,"Très bon service client . Un staff à l’écoute et le top en résolution de problème , respect pour eux",2026,1,29,0.99,attente en agence et personnel,100
192,Kamy Kamli,Accueil plus que satisfaisant. Le personnel est à l'écoute pour expliquer au client les offres et régler rapidement tout litige. Depuis plusieurs années nous sommes clients et le resterons auprès de cette agence qui nous a toujours donné  satisfaction. Merci Orange.,2024,7,28,0.84,attente en agence et personnel,266
193,Sarah Tahiribelhboub,"Bonjour, Hier je me suis rendu à l'agence du Marché Central pour déposer une réclamation. Cela fait maintenant 7 jours que je n'ai",2026,4,29,-0.44,attente en agence et personnel,130
193,khouman bilal,"Très bonne expérience à la Boutique Orange. Mlle Souhayla Kadiri Telmçani est très serviable, professionnelle et accueillante. Je recommande vivement.",2026,4,29,0.96,autre,150
193,lamrani salah,Service rapide et personnel professionnel. Très satisfait de mon passage à la boutique Orange.,2026,4,29,0.91,attente en agence et personnel,94
194,Wijdane Esseffahi,"Un grand merci à Madame Sabah, conseillère chez Orange, pour son professionnalisme, sa disponibilité et sa gentillesse Elle est très à l’écoute, patiente et efficace. Grâce à elle, tout s’est déroulé facilement et rapidement. Un service client exemplaire.",2026,4,29,0.95,attente en agence et personnel,255
194,Driss Driss,Personnel trés acceuillant Mme IMANE en agence baladia meknes  . Sourire aux clients .service àla hauteur. Je recommande cette agence,2026,5,29,-0.75,attente en agence et personnel,133
194,hanane saaidi,Excellent travaille d’équipe un bon accompagnement surtout madame Sbah merci beaucoup pour votre service,2026,4,29,0.96,attente en agence et personnel,104
195,Mounia Habibi,"L'horaire de clôture samedi est de 21h,je suis passé à 19h45, l'agence est fermé et une dame à l'intérieur m'a dit qu'ils ferment à 19h30. Je me suis déplacé que pour réactiver ma puce. Ce n'est pas normal de mettre des informations erronées en ligne...",2026,2,28,-0.8,carte sim et réseau,253
195,S,"Je fais le tour de la ville pour trouver un orange qui a une carte SIM prépayé, le premier est ouvert mais n’en a pas et ce orange est fermé alors qu’il est 15h28. Normalement ça ferme à 19h45 les samedi",2025,10,31,0.0,carte sim et réseau,203
195,larbi amine,Excellent service 👍 Excellent accueil et conseil Performances de très haut niveau Grand merci 🙏,2026,7,28,0.98,attente en agence et personnel,95
196,A. H,Au top. Accueil et écoute. Je recommande.,2020,7,29,0.89,attente en agence et personnel,41
196,Abdessamad Aouine,Se trouve au milieu du quartier zitoun,2020,7,29,0.48,autre,38
196,ARISTO HSL,Meilleure agence,2020,7,29,0.9,attente en agence et personnel,16
197,Imane Belghiti,"⚠️ Mauvaise expérience.  Communication floue, processus pas transparent. On sent que l’objectif est seulement de vendre. Faites attention.",2025,10,31,-0.65,autre,138
197,kenobi obiwans,Achète une carte prépayée parfait,2026,3,30,0.67,autre,33
197,Mohamed EL,"Les services d'accueil des clients ne sont pas extraordinaires et pas mauvais, je pense que la qualité des services devrait s'améliorer et les réponses devraient être sans ambiguïté.",2023,7,29,0.0,attente en agence et personnel,182
198,Souka ouchari Souka ouchari,Bon service merci,2026,7,28,0.9,attente en agence et personnel,17
198,mhamda monaime,Je vous remercie bcp pour le service,2026,7,28,0.67,attente en agence et personnel,36
198,Ilham EL OUARIACHI,Merci beaucoup pour le service fiable et l'écoute attentive vous êtes magnifique,2026,7,28,0.93,attente en agence et personnel,80
199,Malika Arij,Très bon service soukaina merci bcq,2026,4,29,0.96,attente en agence et personnel,35
199,Naima Saroute,Très bon service soukaina merci beaucoup,2025,12,30,0.98,attente en agence et personnel,40
199,El azzouzi Soukaina,Très bn service soukaina merci bcq pour ta gentillesse,2026,7,28,0.86,attente en agence et personnel,54
200,Lily Lia,"Je tiens à remercier chaleureusement Jouhayna pour son excellent service chez Orange-WiFi. Elle a été très professionnelle, patiente et à l’écoute de nos besoins. Grâce à son aide, toutes nos démarches ont été simples et efficaces.",2026,4,29,0.97,internet fibre et box,231
200,chaimae Jdoua,"Je suis originaire de la ville de Taza et je vais toujours dans cette agence pour la qualité de leur service, surtout grâce à l’employée  Jouhaina, qui s’occupe très bien des clients et leur montre beaucoup de bienveillance. C’est une",2026,2,28,0.94,attente en agence et personnel,234
200,snoussi ihssane,"Je tiens à remercier chaleureusement la jeune demoiselle qui m’a accueilli aujourd’hui chez Orange. Dès mon arrivée, j’ai été impressionné par son professionnalisme, sa gentillesse et son écoute. Elle est non seulement charmante et",2025,10,1,0.94,autre,231
201,Hiba Chhaibi,Très bon service,2026,7,28,0.98,attente en agence et personnel,16
201,Julien R.,"Désastreux. On m’envoie des techniciens pour rien soit disant qu’il y a un problème au niveau du boîtier pour la fibre. Quand on leur demande à quand un retour, incapable",2024,7,28,-0.93,internet fibre et box,170
201,Bouchra Stitou,Bon contusion top service,2026,7,28,0.96,attente en agence et personnel,25
202,Meron Meron,J’ai fait une portabilité d’une linge iam vers orange dans cette agence. Tout est passé bien. Merci orange,2024,7,28,0.75,attente en agence et personnel,106
202,lahlali anas,Meilleur agence au niveau du meknes j'adore les jeunes la bas sont seriviables,2024,7,28,0.87,attente en agence et personnel,78
202,Fedwa Karamani,Satisfaite.,2024,7,28,0.92,autre,11
204,Sara Sawsan,🥰,2024,7,28,0.42,autre,1
204,Neoa7a7,💙💙,2025,10,31,0.42,autre,2
205,Morit,"bon idée d'avoir des agences partout, pour un bon sevice il faut juste réduire un peut les prix",2026,1,29,0.95,facturation et prix,95
205,Aziz Elhachimi,Marché borj,2023,7,29,0.49,autre,11
205,Nadia Ouihrani,Bien,2024,7,28,0.75,autre,4
206,Siham SAFI,A fuir!,2026,7,28,-0.7,autre,7
209,Abdelaziz el jarjini,Excellent aceuil Excellent service Bonne continuation,2026,7,28,0.98,attente en agence et personnel,53
209,Sana HILALI,Agent à l'écoute très accueillant,2026,7,28,0.96,autre,33
210,rayanemaroc Bannières,Merci orange,2026,7,28,0.84,autre,12
210,Malika Malika,Merci Orange,2026,7,28,0.86,autre,12
211,Mohammed Benfriha,Agence toujours fermée ne respecte jamais le temps d'ouverture et de fermeture on dirait un commerce dont le propriétaire ouvre et ferme à sa guise. 10h30 et toujours fermée 18h30 fermée alors que dans les horaires est écrit de 9h30 à 20h N'importe quoi,2026,7,28,-0.46,attente en agence et personnel,253
211,Aicha Aloual,Satisfaite de vos services. Merci Mme Naima,2026,7,28,0.97,autre,43
211,Room Accessoire,Service excellent. Un grand merci à Mme Naeema pour son dialogue et sa compréhension.,2026,7,28,0.99,attente en agence et personnel,85
212,Mehame Soniy,Je félicite lagencier orange Mohamed ouislan meknes,2026,7,28,0.79,autre,51
212,Nabil Zin,Bon service mohamed agence ouislane,2026,7,28,0.76,attente en agence et personnel,35
212,amine alaoui,Très bon réception,2026,7,28,0.97,autre,18
212,Med Mahsoune,Bien accueill,2026,6,30,0.93,autre,13
212,Mehdi Marzouki,Khdma n9iya,2026,7,28,0.44,autre,11
212,Nissrine Houache,Bon traitement,2026,7,28,0.86,autre,14
212,Youssef Bellout,Parfait,2026,7,28,0.8,autre,7
215,Meryem Qorchi,"Service professionnel et efficace, avec une grande qualité d’exécution et un vrai respect des délais. Je suis très satisfaite de cette collaboration et je recommande vivement Bellous Ibtissam pour son sérieux et son professionnalisme.",2026,5,29,0.94,attente en agence et personnel,234
215,Siyou Fs,Un grand merci à Bellous Ibtissam pour son aide précieuse pour l'installation de ma connexion internet ADSL à mon domicile à Oujda. Elle a été super efficace et a rendu le processus tellement simple.,2026,5,29,0.9,internet fibre et box,199
215,Asmae,Très bon service. Un grand merci 🙏 pour votre gentillesse et votre bienveillance .❤️ Bellous ibtissam,2026,4,29,0.96,attente en agence et personnel,101
215,Rachid Naig,"Tres bn service, je suis tres satisfied pour cette belle commerciale ""Souriante, serviciable, ""bent nas Ibtissam Bellous",2026,5,29,0.86,attente en agence et personnel,120
215,Sara Oisti,"Excellente expérience, bonne écoute et suivi sérieux. Je recommande sans hésitation. C.C Bellous ibtissam",2026,5,29,0.89,autre,105
215,mehdi bensaid,"Excellente et professionnelle, service rapide et sympathique. L’agent Bellous ibtissam est top. Merci",2026,5,29,0.98,attente en agence et personnel,101
215,Akram LABED,Tres bon service et merci pour accueil de la part de Mme Kaoutar oujda,2026,5,29,0.96,attente en agence et personnel,70
215,Ilias El,Accueil chaleureux et très bon suivi bravo Ibtissam bellous ❤️,2026,5,29,0.94,attente en agence et personnel,62
215,Kamal Oujda,Un grand merci à Kawtar pour son accueil chaleureux et ses excellents conseils,2026,5,29,0.98,attente en agence et personnel,78
215,ARI TUSS,Great expérience and hight qualité service and so much respect thank you orange Bellous IBtissam,2026,5,29,0.96,attente en agence et personnel,96
216,mohammed kaddari,"J'ai eu le plaisir d'être un des clients de Mme Chouik depuis 2008, et je tiens à souligner son professionnalisme et son expertise. Elle a su répondre à toutes mes attentes avec une grande efficacité et a toujours fait preuve de réactivité",2026,7,28,-0.46,service client et assistance,239
216,hamri Ahmed,Agence très serviable.merci beaucoup,2026,1,29,0.81,attente en agence et personnel,36
216,Soukayna Louarradi,Bonjour J ai passé ce matin à cette agence pour une information l agent m'a bien accueille très bon service,2026,7,28,0.94,attente en agence et personnel,107
217,Ben bilal Salma,"Bonjour, Nous sommes passés aujourd’hui à votre agence pour installer le Wi-Fi à la maison, mais nous vous avons trouvés fermés.",2026,4,29,0.87,attente en agence et personnel,128
217,Azdine Benblal,"Bonjour, Je souhaiterais avoir des informations concernant l’installation du Wi-Fi chez Orange.",2026,4,29,0.82,internet fibre et box,95
217,Abdel Gue,"Service nul ! Personne a l'écoute ! Une fois l'argent encaissé pas de réclamation même 2 heures après l'achat ! J'avais demandé à la vendeuse si le réseau est accessible par tout ,sa réponse était oui ! Où j'habite aucun signal 1/10 !",2025,11,30,-0.85,carte sim et réseau,234
218,Rachid Ajouaou,Aujourd'hui j'étais à l'agence Orange Lazaret bd Allal El Fassi franchement j'ai été bien accueilli par Mme Zohra et M. Salah Eddine et m'ont présentés un très bon service avec beaucoup d'informations.,2026,5,29,0.92,attente en agence et personnel,201
218,Mohamed Segmani,Services catastrophique a la part d’un fille voilée elle a pas envie de travailler du tout en plein de conversation il touche a son téléphone sur les réseaux sociaux service nul j’ai annulé d’être un client chez vous,2026,5,29,-0.84,attente en agence et personnel,216
218,tarek bekkaoui,Bon relation client je recommande volontiers,2026,4,29,0.88,autre,44
219,sherine chica,Professionnel,2026,7,28,0.64,autre,13
219,Bilal,Excellent service,2024,7,28,0.95,attente en agence et personnel,17
220,Dina Youmouri,"Service absolument déplorable chez Orange Maroc. Ma mère a souscrit une offre Unifi, a payé comme demandé, mais elle n’a jamais eu de réseau chez elle. Cela fait plus d’une semaine qu’elle attend, et malgré cinq visites à l’agence, rien n’a",2025,9,1,-0.7,attente en agence et personnel,240
220,Hmida Elaoui,"J'ai acheté un téléphone chez eux, mais ils ne m'ont pas fourni le contrat d'achat en raison d'un problème technique. Je suis revenu plus tard et j'ai été informé que le contrat avait disparu. Leur comportement est inapproprié, ce qui nuit",2025,10,1,-0.72,attente en agence et personnel,239
220,Sam New,service client top merci soukaina,2026,3,30,0.73,attente en agence et personnel,33
221,Aniss AZZABAKH,"J'ai acheté un appareil wifi de 600 Dh hier mercredi 7 janvier de cette agence, agence Orange avenue des FAR de Tétouan et le vendeur était TAIBI Zakaria. Le wifi travaille très bien et tout est en règle.",2026,4,29,0.79,attente en agence et personnel,204
221,SOULAIMAN BENHSSAIN,"Je tiens à exprimer ma profonde déception vis-à-vis du service ADSL fourni par l'agence Organe. J'ai souscrit à un abonnement ADSL le 8 octobre, mais depuis cette date, je n'ai pas pu utiliser le service, car la connexion Internet ne",2026,7,28,-0.78,attente en agence et personnel,233
221,Youness EL HARTI,Manque de respect et de professionnalisme de la part de la personne chargée de recueillir les clients ! Son service est massacre. Elle ne sait même écouter à vos demande et s'explique d'une manière qui ne peut,2024,7,28,-0.84,attente en agence et personnel,209
222,Ihsane Wahabi,"Un numéro de téléphone, s'il vous plaît :)",2025,10,1,-0.46,service client et assistance,42
223,Mhn chentoufi,Expérience formidable,2026,1,29,0.77,autre,21
225,OMATEL SARL,Agence orange,2026,7,28,0.61,attente en agence et personnel,13
225,Nabil Irt,Je n'aime pas ça,2026,2,28,0.0,autre,16
225,Akram Hamjan,Parfait,2026,2,28,0.8,autre,7
229,Nora Fahym,"Bonjour, Incompétence, après une semaine des aller retour toujours notre problème n’est pas résolu, faites attention avant de choisir cet opérateur",2026,4,29,-0.41,autre,147
229,Sila Belmri,Bon service merci mr redouane serviable et bien accueillant,2025,10,1,0.92,attente en agence et personnel,59
229,Rbayae Mohamed,Est ce que je peux avoir votre numéro de téléphone d'agence svp,2026,7,28,-0.43,attente en agence et personnel,63
229,Oussama Oussama,Bon service merci,2026,7,28,0.9,attente en agence et personnel,17
229,Ghizlane yacoubi,Bon service,2026,7,28,0.92,attente en agence et personnel,11
229,عادل باكي,Très cool,2026,7,28,0.94,autre,9
229,abdelaali ait kassi,bon service,2026,7,28,0.96,attente en agence et personnel,11
229,Mohamed Ailla,"Après 12 jours d'attente, le Wi-Fi n'est toujours pas arrivé. Le service est un échec total.",2026,5,29,-0.51,attente en agence et personnel,92
229,الصياد و البحر,Un accueil chaleureux et un service irréprochable pour assurer le confort des clients d'Orange.,2023,7,29,0.51,attente en agence et personnel,95
229,Ammora Samir,Bon traitement de la part de l'employé,2024,7,28,0.85,autre,38
229,Redouane Safi,Service rapide et accueil au top,2026,7,28,0.95,attente en agence et personnel,32
229,Sabir Harouch,Musa Harroush,2026,7,28,0.58,autre,13
230,Lamia Sakoumi,C'est un bon homme Agence propre Vendeur serviable,2026,7,28,0.97,attente en agence et personnel,50
230,Marirh Khaoula,Très bonne service,2026,7,28,0.96,attente en agence et personnel,18
230,brahim izmaoui,T bien,2020,7,29,0.57,autre,6
231,Mohamed Laafaoui,Bonjour Espace service fidélité depuis plus de 23 ans pour leur dévouement aux clients bonne continuation,2026,7,28,0.75,attente en agence et personnel,105
231,rajae aaraifa,Bon service 👍,2026,7,28,0.92,attente en agence et personnel,13
231,Baqqali Med Ali,Bon service,2026,7,28,0.92,attente en agence et personnel,11
233,Badre Boudrouri,Bon service,2026,3,30,0.92,attente en agence et personnel,11
233,hamada laared,Bon service,2026,7,28,0.92,attente en agence et personnel,11
233,nabila bouraddane,Facilité de transaction,2026,7,28,0.57,autre,23
235,El hin,"Mauvais service ! Je suis arrivée à la boutique à 10h10 alors que l’ouverture est prévue à 10h,La boutique est ouverte mais il n’y a personne à l’intérieur.",2026,2,28,0.73,attente en agence et personnel,156
235,anouar laaouatni,"J’ai regretté aller dans cette boutique et d’avoir acheté une carte orange, la jeune fille est d’une incompétence et d’une vulgarité sans limite. Une recharge a été effectué sur le numéro de la esim et dès que c’est fait le numéro a changé.",2025,10,31,-0.71,carte sim et réseau,240
235,rachid rami,"j ai donné une etoile par ce que j ai pas trouvé moin , j ai vecu une tres mauvaise experience dans ce magasin et j ai regreter de s abonner a orange , tres mauvais service , apres un mois j ai demandé de resilier mon abonnement",2026,7,28,-0.95,attente en agence et personnel,228
236,Omar express,"Service excellent, offres régulières",2026,4,29,0.98,attente en agence et personnel,36
236,Rachida Sakhraoui,Super 👍👍👍,2025,11,30,0.79,autre,9
236,Hind Sakhraoui,Bon service,2026,7,28,0.92,attente en agence et personnel,11
237,Ghassane Ibrahim,"Une seule dame s'occupait de tous les clients ; elle était très gentille et attentionnée, mais la file d'attente pouvait être longue.",2026,1,29,-0.43,attente en agence et personnel,133
237,Omar express,Orange Bureau d'Orange,2026,1,29,0.58,autre,22
238,Iss Im,Bonjour . Je me suis rendu sur cette agence pour un simple service mais malheureusement la damme m'a dit qu'il n'est pas possible d'effectuer mon opération et qu'elle,2026,3,30,-0.74,attente en agence et personnel,166
238,Mohamed Montasir,"Un merci spécial à la personne avec la barbe  pour son professionnalisme, son écoute et sa patience,Il a su répondre à toutes mes questions avec clarté.",2026,7,28,0.81,service client et assistance,152
238,Sylvain bilhaut,comment on vous joint? pas de téléphone?,2025,12,30,-0.43,service client et assistance,40
239,Mustafa Mohamad,Mauvais service,2026,7,28,0.57,attente en agence et personnel,15
239,khalid alkhldo,mauvais cnx,2025,9,1,-0.88,autre,11
241,Hammou,"Excellent service, la damme à l'accueil est très sympa, à l'écoute et propose des solutions concrètes ! Je recommande cette agence ✨",2026,1,29,0.86,attente en agence et personnel,132
241,adam ben Khadra,"Depuis le 26 décembre 2024, ma connexion Internet via la fibre optique est coupée, et malgré mes paiements réguliers et mes nombreuses tentatives de contact avec Orange, aucun effort n’a été fait pour résoudre ce problème. Le service client",2026,7,28,-0.56,carte sim et réseau,240
241,Fadwa Elhosni,Il ´y’a une panne internet depuis 2 jours sans aucune solution de leurs part j’appelle le service client ils m’ont dis qu’ils peuvent rien faire et que si j’ai besoin d’internet il faut que j’aille à l’agence de Orange et je dois acheter,2025,10,1,-0.57,attente en agence et personnel,237
242,Mouhib Wahed,A éviter surtout à sala aljadida. Ça fait 15 jours que ma ligne fibre optique orange est down sans aucune intervention de leur part malgré mes relances et mes réclamations chaque jour. Service nul.,2026,5,29,-0.53,internet fibre et box,197
242,Marwane Alilouch,"Mauvaise expérience avec la connexion de fibre optique 200 mega ces derniers mois,  avec plusieurs réclamation sans retour. Sala el jadida résidence Salima av Hssain. J'ai demandé l'intervention d'un technicien, Silence Radio.",2026,5,29,-0.37,internet fibre et box,226
243,Taza Taza,Tres bon service tres bon accueil. Merci l equipe 😊,2026,4,29,0.99,attente en agence et personnel,51
243,Racha Racha,"Très bon service,un grand merci pour tout le personnel a sa fiabilité et sa attention",2026,7,28,0.99,attente en agence et personnel,85
243,Tiplok Bolikm,Très satisfait du service je remercie tout le personnel pour son efficacité et sa courtoisie,2026,7,28,0.91,attente en agence et personnel,92
244,Ammouri Zayna,Merci beaucoup vous êtes hyper gentil,2026,7,28,0.87,autre,37
244,يوميات سيدة تازية,Très belle équipe 👍👍 bon courage,2026,7,28,0.99,autre,32
244,Hanan Rabiy,Très bon service,2026,7,28,0.98,attente en agence et personnel,16
245,Aziz Rauouzi,"Merci beaucoup, vous etes géniales",2026,4,29,0.91,autre,34
245,Badrdin,Bon personnel et excellents services,2026,7,28,0.98,attente en agence et personnel,36
245,Dynar BOUTHOUYAK,Service excellent,2026,7,28,0.96,attente en agence et personnel,17
246,Ghita Nour-ellil,"Service client déplorable. Après plusieurs appels et promesses non tenues, ma situation reste inchangée. Les conseillers ne sont ni à l’écoute ni efficaces, et les délais de résolution sont interminables. Orange, c’est clairement l’exemple parfait d’un service qui ne respecte ni ses engagements, ni ses clients",2025,10,1,-0.8,attente en agence et personnel,311
246,Elhor Radouan,"Excellent service,  personnel très pro et à l'écoute. Bonne continuation 👏👏",2026,7,28,0.97,attente en agence et personnel,75
246,Abdo mob,"Les conseillers/vendeurs n'ont pas même les informations essentiels pour répondre à des questions basiques sur des offres sur le site orange, en plus ils essaient d'inventer des trucs bidons pour couvrir sur la manque d'info, il n'y a pas",2024,7,28,-0.5,service client et assistance,238
247,aimnsour abdeali,Mr mohamed bonne service merci,2026,7,28,0.55,attente en agence et personnel,30
247,Said Bassou,Très bon service,2026,7,28,0.98,attente en agence et personnel,16
247,Oz RS channel,Très bon service,2026,7,28,0.98,attente en agence et personnel,16
249,boss hixam,"L'imprimante ne fonctionne pas pendant un mois. Vous n'avez même pas la possibilité d'acheter une imprimante, comment résolvez-vous les commandes des clients ? Trouvez-vous cela normal?",2026,7,28,0.0,autre,185
249,Haytame Samsung,L'employé était très serviable et a répondu à toutes nos questions,2026,7,28,0.8,autre,66
249,Bilal Amzieb,Bon service,2026,7,28,0.92,attente en agence et personnel,11
250,Malak Dahbi,mauvaise qualité de service par la femme .toujours système en panne et nous oriente  vers cash plus aucune considération pour l'image de marque d'orange Ce conduite oblige les gens à  réfléchir pour changer d'opérateur,2026,7,28,-0.95,attente en agence et personnel,218
250,Team Zetroszone,"Attention, ce sont des voleurs ! Ils m'ont extorqué 200 dirhams pour deux mois de coupure de service, et au bout d'un mois, ma ligne a été bloquée pour non-paiement. J'ai dû payer 99 dirhams supplémentaires à Orange pour que ma ligne soit",2024,7,28,-0.74,carte sim et réseau,238
250,محمد بوعناني,Ta3mole momtaz,2026,7,28,-0.41,autre,14
