num_agence,nom_agence,adresse,ville,operateur,url
1,Orange,"
117, Boulevard 2 Mars, 2 Mars, Casablanca",Casablanca,Orange,"https://www.google.com/maps/place/Orange/@33.571238,-7.6892917,13z/data=!4m10!1m2!2m1!1sOrange+agence+Casablanca!3m6!1s0xda7d2a84f3fd8a1:0x36ec0d841f6ce4a0!8m2!3d33.571238!4d-7.613074!15sChhPcmFuZ2UgYWdlbmNlIENhc2FibGFuY2EiA4gBAVoaIhhvcmFuZ2UgYWdlbmNlIGNhc2FibGFuY2GSARBjZWxsX3Bob25lX3N0b3JlmgEjQ2haRFNVaE5NRzluUzBWSlEwRm5TVVEzYlRWeVkxVm5FQUXgAQD6AQQIABA4!16s%2Fg%2F11f3m7q5kv?entry=ttu&g_ep=EgoyMDI2MDQyMC4wIKXMDSoASAFQAw%3D%3D"
2,Orange,"
194 Bd d'Anfa, Casablanca 20250",Casablanca,Orange,"https://www.google.com/maps/place/Orange/@33.571238,-7.6892917,13z/data=!4m10!1m2!2m1!1sOrange+agence+Casablanca!3m6!1s0xda7d3d9258392b9:0x6c9d1b3247bb2227!8m2!3d33.587788!4d-7.643349!15sChhPcmFuZ2UgYWdlbmNlIENhc2FibGFuY2EiA4gBAVoaIhhvcmFuZ2UgYWdlbmNlIGNhc2FibGFuY2GSARBjZWxsX3Bob25lX3N0b3JlmgEjQ2haRFNVaE5NRzluUzBWSlEwRm5UVVIzWjA4eVExWkJFQUXgAQD6AQQIABA0!16s%2Fg%2F11sq5gbl5_?entry=ttu&g_ep=EgoyMDI2MDQyMC4wIKXMDSoASAFQAw%3D%3D"
3,Boutique Orange,"
185 Bd Mohammed Zerktouni, Casablanca 20100",Casablanca,Orange,"https://www.google.com/maps/place/Boutique+Orange/@33.571238,-7.6892917,13z/data=!4m10!1m2!2m1!1sOrange+agence+Casablanca!3m6!1s0xda7d294e14d47db:0xd41a8372f35b5aa9!8m2!3d33.5865369!4d-7.6316354!15sChhPcmFuZ2UgYWdlbmNlIENhc2FibGFuY2EiA4gBAVoaIhhvcmFuZ2UgYWdlbmNlIGNhc2FibGFuY2GSARBjZWxsX3Bob25lX3N0b3JlmgEjQ2haRFNVaE5NRzluUzBWSlEwRm5UVVJuYW1VeVIwNVJFQUXgAQD6AQQIABBF!16s%2Fg%2F11c2m_dhm2?entry=ttu&g_ep=EgoyMDI2MDQyMC4wIKXMDSoASAFQAw%3D%3D"
4,Orange,"
111 Boulevard Bir Anzarane, Casablanca",Casablanca,Orange,"https://www.google.com/maps/place/Orange/@33.571238,-7.6892917,13z/data=!4m10!1m2!2m1!1sOrange+agence+Casablanca!3m6!1s0xda7d3882a1dcbdf:0x7c05a9b605930b89!8m2!3d33.581412!4d-7.639037!15sChhPcmFuZ2UgYWdlbmNlIENhc2FibGFuY2EiA4gBAVoaIhhvcmFuZ2UgYWdlbmNlIGNhc2FibGFuY2GSARBjZWxsX3Bob25lX3N0b3JlmgEkQ2hkRFNVaE5NRzluUzBWTFMzb3pkbUp1T0Y5SE9XbFJSUkFC4AEA-gEECDwQPg!16s%2Fg%2F11pzkfws8g?entry=ttu&g_ep=EgoyMDI2MDQyMC4wIKXMDSoASAFQAw%3D%3D"
5,Boutique Smart Store Orange,"
résidence Anafe, 36 Bd d'Anfa, Casablanca 20250",Casablanca,Orange,"https://www.google.com/maps/place/Boutique+Smart+Store+Orange/@33.571238,-7.6892917,13z/data=!4m10!1m2!2m1!1sOrange+agence+Casablanca!3m6!1s0xda7d2e8acb3f2c9:0x6f8eedcf8d9cd1d8!8m2!3d33.595088!4d-7.627329!15sChhPcmFuZ2UgYWdlbmNlIENhc2FibGFuY2EiA4gBAVoaIhhvcmFuZ2UgYWdlbmNlIGNhc2FibGFuY2GSARBjZWxsX3Bob25lX3N0b3JlmgFEQ2k5RFFVbFJRVU52WkVOb2RIbGpSamx2VDJ0MGEyTnNhSEpTUjJNelpFWkpkMkpIZEhKUmFrWnBWVEU1VDJKR1JSQULgAQD6AQUI0wEQRA!16s%2Fg%2F1tfn42p2?entry=ttu&g_ep=EgoyMDI2MDQyMC4wIKXMDSoASAFQAw%3D%3D"
6,Orange,"
157 Bd Commandant Driss Al Harti, Casablanca",Casablanca,Orange,"https://www.google.com/maps/place/Orange/@33.571238,-7.6892917,13z/data=!4m10!1m2!2m1!1sOrange+agence+Casablanca!3m6!1s0xda63361d10c6e73:0xeb0a80757e3cf30e!8m2!3d33.54468!4d-7.57916!15sChhPcmFuZ2UgYWdlbmNlIENhc2FibGFuY2EiA4gBAVoaIhhvcmFuZ2UgYWdlbmNlIGNhc2FibGFuY2GSARBjZWxsX3Bob25lX3N0b3JlmgEjQ2haRFNVaE5NRzluUzBWSlEwRm5TVU5LYXpWMmNWcFJFQUXgAQD6AQQIABAs!16s%2Fg%2F11p_73dv5f?entry=ttu&g_ep=EgoyMDI2MDQyMC4wIKXMDSoASAFQAw%3D%3D"
7,Orange,"
130 Bd Panoramique, Casablanca",Casablanca,Orange,"https://www.google.com/maps/place/Orange/@33.571238,-7.6892917,13z/data=!4m10!1m2!2m1!1sOrange+agence+Casablanca!3m6!1s0xda632b10c19d673:0x2c14b7a89deba0f8!8m2!3d33.53768!4d-7.609035!15sChhPcmFuZ2UgYWdlbmNlIENhc2FibGFuY2EiA4gBAVoaIhhvcmFuZ2UgYWdlbmNlIGNhc2FibGFuY2GSARBjZWxsX3Bob25lX3N0b3JlmgEkQ2hkRFNVaE5NRzluUzBWSlEwRm5TVU51YzNScVpUTm5SUkFC4AEA-gEECAAQSw!16s%2Fg%2F11c75yq4qz?entry=ttu&g_ep=EgoyMDI2MDQyMC4wIKXMDSoASAFQAw%3D%3D"
8,Orange,"
896 Bd El Qods, Casablanca",Casablanca,Orange,"https://www.google.com/maps/place/Orange/@33.571238,-7.6892917,13z/data=!4m10!1m2!2m1!1sOrange+agence+Casablanca!3m6!1s0xda62d63bbfc44bf:0x61dd18abd2f773c6!8m2!3d33.532618!4d-7.61508!15sChhPcmFuZ2UgYWdlbmNlIENhc2FibGFuY2EiA4gBAVoaIhhvcmFuZ2UgYWdlbmNlIGNhc2FibGFuY2GSARBjZWxsX3Bob25lX3N0b3JlmgEjQ2haRFNVaE5NRzluUzBWSlEwRm5TVVJJYVUxUWVsQkJFQUXgAQD6AQQIABAq!16s%2Fg%2F11f3984pqy?entry=ttu&g_ep=EgoyMDI2MDQyMC4wIKXMDSoASAFQAw%3D%3D"
9,AGENCE ORANGE Hay Hassani,"
IMM A, Résidence Al Amir, Ard Hsain, Casablanca",Casablanca,Orange,"https://www.google.com/maps/place/AGENCE+ORANGE+Hay+Hassani/@33.532715,-7.7574467,13z/data=!4m10!1m2!2m1!1sOrange+agence+Casablanca!3m6!1s0xda7d3c4494764d1:0x612998a40061c61e!8m2!3d33.532715!4d-7.681229!15sChhPcmFuZ2UgYWdlbmNlIENhc2FibGFuY2EiA4gBAVoaIhhvcmFuZ2UgYWdlbmNlIGNhc2FibGFuY2GSARBjZWxsX3Bob25lX3N0b3Jl4AEA!16s%2Fg%2F11fpn1rsmc?entry=ttu&g_ep=EgoyMDI2MDQyMC4wIKXMDSoASAFQAw%3D%3D"
10,Orange,"
imm 217, Boulevard Al Moutana Ben Harita، Casablanca 20250",Casablanca,Orange,"https://www.google.com/maps/place/Orange/@33.606388,-7.5863387,13z/data=!4m10!1m2!2m1!1sOrange+agence+Casablanca!3m6!1s0xda7cb1dad04ca7d:0x19bd67e34e6204e0!8m2!3d33.606388!4d-7.510121!15sChhPcmFuZ2UgYWdlbmNlIENhc2FibGFuY2EiA4gBAVoaIhhvcmFuZ2UgYWdlbmNlIGNhc2FibGFuY2GSARBjZWxsX3Bob25lX3N0b3JlmgEjQ2haRFNVaE5NRzluUzBWSlEwRm5TVU5JWjFwNVdtTm5FQUXgAQD6AQQIABBG!16s%2Fg%2F11rtdbl6sc?entry=ttu&g_ep=EgoyMDI2MDQyMC4wIKXMDSoASAFQAw%3D%3D"
11,Orange,"
Centre commercial O’Village, Av. Abou Bakr el Kadiri, Casablanca",Casablanca,Orange,"https://www.google.com/maps/place/Orange/@33.52351,-7.7281977,13z/data=!4m10!1m2!2m1!1sOrange+agence+Casablanca!3m6!1s0xda62d005fa5dcb3:0x2c491f858dbdceed!8m2!3d33.52351!4d-7.65198!15sChhPcmFuZ2UgYWdlbmNlIENhc2FibGFuY2EiA4gBAVoaIhhvcmFuZ2UgYWdlbmNlIGNhc2FibGFuY2GSARBjZWxsX3Bob25lX3N0b3JlmgEjQ2haRFNVaE5NRzluUzBWSlVFdHRUMTg0Y0MxcE5sUm5FQUXgAQD6AQQIABAv!16s%2Fg%2F11lcf52sxq?entry=ttu&g_ep=EgoyMDI2MDQyMC4wIKXMDSoASAFQAw%3D%3D"
12,Agence Orange,"
residence les deux Palmiers WIAM, 225, Casablanca",Casablanca,Orange,"https://www.google.com/maps/place/Agence+Orange/@33.52351,-7.7281977,13z/data=!4m10!1m2!2m1!1sOrange+agence+Casablanca!3m6!1s0xda7d36de035ff0d:0x16d44c542e362a4f!8m2!3d33.559591!4d-7.675468!15sChhPcmFuZ2UgYWdlbmNlIENhc2FibGFuY2EiA4gBAVoaIhhvcmFuZ2UgYWdlbmNlIGNhc2FibGFuY2GSARBjZWxsX3Bob25lX3N0b3JlmgEjQ2haRFNVaE5NRzluUzBWSlEwRm5TVU5mWDNBMmJWWkJFQUXgAQD6AQQIABA1!16s%2Fg%2F11g2wg_9sz?entry=ttu&g_ep=EgoyMDI2MDQyMC4wIKXMDSoASAFQAw%3D%3D"
13,Orange Agence,"
117 Av. 2 Mars, Casablanca 20360",Casablanca,Orange,"https://www.google.com/maps/place/Orange+Agence/@33.5712393,-7.6893676,13z/data=!4m10!1m2!2m1!1sOrange+agence+Casablanca!3m6!1s0xda7d3209905c61b:0xaf3f8567e8914766!8m2!3d33.5712393!4d-7.6131499!15sChhPcmFuZ2UgYWdlbmNlIENhc2FibGFuY2FaGiIYb3JhbmdlIGFnZW5jZSBjYXNhYmxhbmNhkgEGbWFya2V0mgFEQ2k5RFFVbFJRVU52WkVOb2RIbGpSamx2VDJ0U1NHRkhiRFprVlZZMlpHeG9XRm93WkZOYVJGbDBWR3hzU2xsWVl4QULgAQD6AQQIABAS!16s%2Fg%2F11kj2_7qk4?entry=ttu&g_ep=EgoyMDI2MDQyMC4wIKXMDSoASAFQAw%3D%3D"
14,Orange Oulfa,"
201 Boulevard oued Tansift, Casablanca 20200",Casablanca,Orange,"https://www.google.com/maps/place/Orange+Oulfa/@33.5544693,-7.7552909,13z/data=!4m10!1m2!2m1!1sOrange+agence+Casablanca!3m6!1s0xda62cb5b38e8d7d:0x37f49a7817226af2!8m2!3d33.5544693!4d-7.6790732!15sChhPcmFuZ2UgYWdlbmNlIENhc2FibGFuY2EiA4gBAVoaIhhvcmFuZ2UgYWdlbmNlIGNhc2FibGFuY2GSARFlbGVjdHJvbmljc19zdG9yZZoBI0NoWkRTVWhOTUc5blMwVkpRMEZuU1VSQlozTlFaRVJSRUFF4AEA-gEECAAQJw!16s%2Fg%2F11g6rd9j6z?entry=ttu&g_ep=EgoyMDI2MDQyMC4wIKXMDSoASAFQAw%3D%3D"
15,Agence Orange Ain Sebaa,"
21 All. des Sophoras, Casablanca 20250",Casablanca,Orange,"https://www.google.com/maps/place/Agence+Orange+Ain+Sebaa/@33.60746,-7.6165677,13z/data=!4m10!1m2!2m1!1sOrange+agence+Casablanca!3m6!1s0xda7cd13c449f0db:0x1c310055f7f795cd!8m2!3d33.60746!4d-7.54035!15sChhPcmFuZ2UgYWdlbmNlIENhc2FibGFuY2EiA4gBAZIBEXRlbGVwaG9uZV9jb21wYW554AEA!16s%2Fg%2F11jf9ql6j3?entry=ttu&g_ep=EgoyMDI2MDQyMC4wIKXMDSoASAFQAw%3D%3D"
16,Orange,"
5 Résidence Firdaous Grande Ceinture MCF2H, Casablanca",Casablanca,Orange,"https://www.google.com/maps/place/Orange/@33.60746,-7.6165677,13z/data=!4m10!1m2!2m1!1sOrange+agence+Casablanca!3m6!1s0xda645b43fa21005:0xb13650bb377c5b0e!8m2!3d33.58301!4d-7.55309!15sChhPcmFuZ2UgYWdlbmNlIENhc2FibGFuY2EiA4gBAVoaIhhvcmFuZ2UgYWdlbmNlIGNhc2FibGFuY2GSARBjZWxsX3Bob25lX3N0b3JlmgEjQ2haRFNVaE5NRzluUzBWSlEwRm5TVU5JWjAxZmRVOW5FQUXgAQD6AQQIABAQ!16s%2Fg%2F11rtdb7rd1?entry=ttu&g_ep=EgoyMDI2MDQyMC4wIKXMDSoASAFQAw%3D%3D"
17,Orange,"
Port, Gare ONCF Casa Port, Casablanca",Casablanca,Orange,"https://www.google.com/maps/place/Orange/@33.599556,-7.6886777,13z/data=!4m10!1m2!2m1!1sOrange+agence+Casablanca!3m6!1s0xda7d2824223b869:0xde84a2658b1fe732!8m2!3d33.599556!4d-7.61246!15sChhPcmFuZ2UgYWdlbmNlIENhc2FibGFuY2EiA4gBAVoaIhhvcmFuZ2UgYWdlbmNlIGNhc2FibGFuY2GSARBjZWxsX3Bob25lX3N0b3JlmgEkQ2hkRFNVaE5NRzluUzBWSlEwRm5UVU4zT1dGUE5IbDNSUkFC4AEA-gEECAAQPQ!16s%2Fg%2F11c327jzt4?entry=ttu&g_ep=EgoyMDI2MDQyMC4wIKXMDSoASAFQAw%3D%3D"
18,Orange Agence,"
117 Av. 2 Mars, Casablanca 20360",Casablanca,Orange,"https://www.google.com/maps/place/Orange+Agence/@33.599556,-7.6886777,13z/data=!4m10!1m2!2m1!1sOrange+agence+Casablanca!3m6!1s0xda7d3209905c61b:0xaf3f8567e8914766!8m2!3d33.5712393!4d-7.6131499!15sChhPcmFuZ2UgYWdlbmNlIENhc2FibGFuY2FaGiIYb3JhbmdlIGFnZW5jZSBjYXNhYmxhbmNhkgEGbWFya2V0mgFEQ2k5RFFVbFJRVU52WkVOb2RIbGpSamx2VDJ0U1NHRkhiRFprVlZZMlpHeG9XRm93WkZOYVJGbDBWR3hzU2xsWVl4QULgAQD6AQQIABAS!16s%2Fg%2F11kj2_7qk4?entry=ttu&g_ep=EgoyMDI2MDQyMC4wIKXMDSoASAFQAw%3D%3D"
19,Orange,"
44 Bd Abdellatif Ben Kaddour, Casablanca 20250",Casablanca,Orange,"https://www.google.com/maps/place/Orange/@33.599556,-7.6886777,13z/data=!4m10!1m2!2m1!1sOrange+agence+Casablanca!3m6!1s0xda7d35989421e91:0x352f65a42754c6c!8m2!3d33.592186!4d-7.639845!15sChhPcmFuZ2UgYWdlbmNlIENhc2FibGFuY2FaGiIYb3JhbmdlIGFnZW5jZSBjYXNhYmxhbmNhkgEQY2VsbF9waG9uZV9zdG9yZZoBJENoZERTVWhOTUc5blMwVkpRMEZuU1VNM2NGcDFMWGxuUlJBQuABAPoBBAgAEBI!16s%2Fg%2F11qg36ysl5?entry=ttu&g_ep=EgoyMDI2MDQyMC4wIKXMDSoASAFQAw%3D%3D"
20,Boutique Orange,"
644 Rue de Goulmima, Casablanca 20250",Casablanca,Orange,"https://www.google.com/maps/place/Boutique+Orange/@33.599556,-7.6886777,13z/data=!4m10!1m2!2m1!1sOrange+agence+Casablanca!3m6!1s0xda7d3ebd0ca0889:0xf4fc4bb97bf06b45!8m2!3d33.60021!4d-7.63706!15sChhPcmFuZ2UgYWdlbmNlIENhc2FibGFuY2FaGiIYb3JhbmdlIGFnZW5jZSBjYXNhYmxhbmNhkgEQY2VsbF9waG9uZV9zdG9yZZoBI0NoWkRTVWhOTUc5blMwVkpRMEZuVFVOUmNXRjFTRXBuRUFF4AEA-gEECAAQNg!16s%2Fg%2F11f6g5pyzk?entry=ttu&g_ep=EgoyMDI2MDQyMC4wIKXMDSoASAFQAw%3D%3D"
21,AGENCE ORANGE BOUZIANE,"
Res El Houda L3N2 hay my rachid, Av. Mohamed Bouziane, Casablanca 20360",Casablanca,Orange,"https://www.google.com/maps/place/AGENCE+ORANGE+BOUZIANE/@33.5703107,-7.6207246,13z/data=!4m10!1m2!2m1!1sOrange+agence+Casablanca!3m6!1s0xda7ccb5ba5fb4e1:0x8c066c8bed28d557!8m2!3d33.5703107!4d-7.5445069!15sChhPcmFuZ2UgYWdlbmNlIENhc2FibGFuY2FaGiIYb3JhbmdlIGFnZW5jZSBjYXNhYmxhbmNhkgEjdGVsZWNvbW11bmljYXRpb25zX3NlcnZpY2VfcHJvdmlkZXKaASRDaGREU1VoTk1HOW5TMFZKUTBGblNVTXpiSFIxZGpCM1JSQULgAQD6AQQIABAg!16s%2Fg%2F11b6tzw7q2?entry=ttu&g_ep=EgoyMDI2MDQyMC4wIKXMDSoASAFQAw%3D%3D"
22,Orange,"
Lot Jawhara magasin, 17-19 Avenue, Casablanca",Casablanca,Orange,"https://www.google.com/maps/place/Orange/@33.5703107,-7.6207246,13z/data=!4m10!1m2!2m1!1sOrange+agence+Casablanca!3m6!1s0xda7cbf69dcaaf3f:0x331c7b503d80d138!8m2!3d33.594199!4d-7.515125!15sChhPcmFuZ2UgYWdlbmNlIENhc2FibGFuY2FaGiIYb3JhbmdlIGFnZW5jZSBjYXNhYmxhbmNhkgEQY2VsbF9waG9uZV9zdG9yZZoBJENoZERTVWhOTUc5blMwVkpRMEZuU1VOb1gxbzNlWEZSUlJBQuABAPoBBAgAECM!16s%2Fg%2F11k3m9ds6t?entry=ttu&g_ep=EgoyMDI2MDQyMC4wIKXMDSoASAFQAw%3D%3D"
23,Fibre chez AGENCE ORANGE Oulfa Zoubir,"
58 Rue 9 Lot. Zoubir, Casablanca 20260",Casablanca,Orange,"https://www.google.com/maps/place/Fibre+chez+AGENCE+ORANGE+Oulfa+Zoubir/@33.5402271,-7.7591244,13z/data=!4m10!1m2!2m1!1sOrange+agence+Casablanca!3m6!1s0xda62daa22822785:0xe11e363b059b340!8m2!3d33.5402271!4d-7.6829067!15sChhPcmFuZ2UgYWdlbmNlIENhc2FibGFuY2FaGiIYb3JhbmdlIGFnZW5jZSBjYXNhYmxhbmNhkgEQY2VsbF9waG9uZV9zdG9yZZoBI0NoWkRTVWhOTUc5blMwVkpRMEZuU1VSa01YQnlTMDluRUFF4AEA-gEECAAQKw!16s%2Fg%2F11fpkm3g92?entry=ttu&g_ep=EgoyMDI2MDQyMC4wIKXMDSoASAFQAw%3D%3D"
24,Agence Orange,"
161 Bd Abdelmoumen, Casablanca 20360",Casablanca,Orange,"https://www.google.com/maps/place/Agence+Orange/@33.5755344,-7.7019159,13z/data=!4m10!1m2!2m1!1sOrange+agence+Casablanca!3m6!1s0xda7d32397276b77:0x3f21bc38753643ce!8m2!3d33.5755344!4d-7.6256982!15sChhPcmFuZ2UgYWdlbmNlIENhc2FibGFuY2FaGiIYb3JhbmdlIGFnZW5jZSBjYXNhYmxhbmNhkgEQY2VsbF9waG9uZV9zdG9yZZoBJENoZERTVWhOTUc5blMwVkpRMEZuU1VOS2F6UmxRVzkzUlJBQuABAPoBBAgAEEA!16s%2Fg%2F11hyzdq8xz?entry=ttu&g_ep=EgoyMDI2MDQyMC4wIKXMDSoASAFQAw%3D%3D"
25,Agence Orange,"
93C Bd Houcine Assoussi, Casablanca 20250",Casablanca,Orange,"https://www.google.com/maps/place/Agence+Orange/@33.58579,-7.6029377,13z/data=!4m10!1m2!2m1!1sOrange+agence+Casablanca!3m6!1s0xda7cca0e9cc00ed:0x22ea847f8d43105!8m2!3d33.58579!4d-7.52672!15sChhPcmFuZ2UgYWdlbmNlIENhc2FibGFuY2FaGiIYb3JhbmdlIGFnZW5jZSBjYXNhYmxhbmNhkgEQY2VsbF9waG9uZV9zdG9yZZoBRENpOURRVWxSUVVOdlpFTm9kSGxqUmpsdlQydFNZVkZzVmtWVlZrMHpWakF4WVZwR1FuZE9iR3g2VVZWT1VHRnNSUkFC4AEA-gEECE8QMw!16s%2Fg%2F11fmrmt9nw?entry=ttu&g_ep=EgoyMDI2MDQyMC4wIKXMDSoASAFQAw%3D%3D"
26,Orange,"
Galerie marchande Marjane, N° B22, Casablanca",Casablanca,Orange,"https://www.google.com/maps/place/Orange/@33.58579,-7.6029377,13z/data=!4m10!1m2!2m1!1sOrange+agence+Casablanca!3m6!1s0xda63378dad625bd:0x715e45eb5f741c50!8m2!3d33.546!4d-7.549722!15sChhPcmFuZ2UgYWdlbmNlIENhc2FibGFuY2FaGiIYb3JhbmdlIGFnZW5jZSBjYXNhYmxhbmNhkgEQY2VsbF9waG9uZV9zdG9yZeABAA!16s%2Fg%2F11wwz60cfh?entry=ttu&g_ep=EgoyMDI2MDQyMC4wIKXMDSoASAFQAw%3D%3D"
27,Orange,"
33 Bis Rue Le Titien, Casablanca 20390",Casablanca,Orange,"https://www.google.com/maps/place/Orange/@33.5760418,-7.7130212,13z/data=!4m10!1m2!2m1!1sOrange+agence+Casablanca!3m6!1s0xda7d3a4fb7cf1ad:0xb18e690dd2c6e368!8m2!3d33.5760418!4d-7.6368035!15sChhPcmFuZ2UgYWdlbmNlIENhc2FibGFuY2FaGiIYb3JhbmdlIGFnZW5jZSBjYXNhYmxhbmNhkgEQY2VsbF9waG9uZV9zdG9yZZoBRENpOURRVWxSUVVOdlpFTm9kSGxqUmpsdlQyeENiMDFGWjNSbFJFcFlWVWRLTVdKdFNUVlNNbEpJWkVSR2FtUXpZeEFC4AEA-gEECCAQIw!16s%2Fg%2F11fnpn6yyd?entry=ttu&g_ep=EgoyMDI2MDQyMC4wIKXMDSoASAFQAw%3D%3D"
28,Orange,"
Rue De La Plage Et, 40 Angle Rue Des Eucalyptus, Casablanca 20250",Casablanca,Orange,"https://www.google.com/maps/place/Orange/@33.61391,-7.6149977,13z/data=!4m10!1m2!2m1!1sOrange+agence+Casablanca!3m6!1s0xda7cd51283af5a1:0x9c208d2ff7df825d!8m2!3d33.61391!4d-7.53878!15sChhPcmFuZ2UgYWdlbmNlIENhc2FibGFuY2FaGiIYb3JhbmdlIGFnZW5jZSBjYXNhYmxhbmNhkgEQY2VsbF9waG9uZV9zdG9yZZoBRENpOURRVWxSUVVOdlpFTm9kSGxqUmpsdlQyMVNkMVpHVGxKamEwNUpVbXBLVjJWRlJUSlpWV1IzWlZkNE5HRnVZeEFC4AEA-gEECAAQLw!16s%2Fg%2F11pwxjlk0d?entry=ttu&g_ep=EgoyMDI2MDQyMC4wIKXMDSoASAFQAw%3D%3D"
29,Orange,"
033B RDC, Morocco Mall, centre commercial, N° L1, Casablanca",Casablanca,Orange,"https://www.google.com/maps/place/Orange/@33.575246,-7.7839727,13z/data=!4m10!1m2!2m1!1sOrange+agence+Casablanca!3m6!1s0xda7d5bd21d0a507:0xe4154c2a492e50c5!8m2!3d33.575246!4d-7.707755!15sChhPcmFuZ2UgYWdlbmNlIENhc2FibGFuY2FaGiIYb3JhbmdlIGFnZW5jZSBjYXNhYmxhbmNhkgEQY2VsbF9waG9uZV9zdG9yZZoBJENoZERTVWhOTUc5blMwVkpRMEZuU1VOc2JXTmlUblpuUlJBQuABAPoBBQiOBBAv!16s%2Fg%2F11sr0w293p?entry=ttu&g_ep=EgoyMDI2MDQyMC4wIKXMDSoASAFQAw%3D%3D"
30,Orange,"
187 Bd d'Amgala, Casablanca",Casablanca,Orange,"https://www.google.com/maps/place/Orange/@33.5372069,-7.6625805,13z/data=!4m10!1m2!2m1!1sOrange+agence+Casablanca!3m6!1s0xda633bd81dd28cf:0xff71589b20d2388e!8m2!3d33.5372069!4d-7.5863628!15sChhPcmFuZ2UgYWdlbmNlIENhc2FibGFuY2FaGiIYb3JhbmdlIGFnZW5jZSBjYXNhYmxhbmNhkgEQY2VsbF9waG9uZV9zdG9yZZoBJENoZERTVWhOTUc5blMwVkpRMEZuU1VObWJUWk1NRFJSUlJBQuABAPoBBAgAEBw!16s%2Fg%2F11rsfgjmd9?entry=ttu&g_ep=EgoyMDI2MDQyMC4wIKXMDSoASAFQAw%3D%3D"
31,Orange,"
2 Hay Walaa,Immeuble 6, Casablanca",Casablanca,Orange,"https://www.google.com/maps/place/Orange/@33.57162,-7.6022977,13z/data=!4m10!1m2!2m1!1sOrange+agence+Casablanca!3m6!1s0xda7cd94d81f19f5:0x68506ce292c796e6!8m2!3d33.57162!4d-7.52608!15sChhPcmFuZ2UgYWdlbmNlIENhc2FibGFuY2FaGiIYb3JhbmdlIGFnZW5jZSBjYXNhYmxhbmNhkgEQY2VsbF9waG9uZV9zdG9yZZoBJENoZERTVWhOTUc5blMwVkpRMEZuVFVObmJFdFVVemRSUlJBQuABAPoBBAgAEA4!16s%2Fg%2F11k2vlw192?entry=ttu&g_ep=EgoyMDI2MDQyMC4wIKXMDSoASAFQAw%3D%3D"
32,Orange,"
Et 4, Centre Ville, Tour Habous, N° 3, Casablanca",Casablanca,Orange,"https://www.google.com/maps/place/Orange/@33.59602,-7.6891077,13z/data=!4m10!1m2!2m1!1sOrange+agence+Casablanca!3m6!1s0xda7cd2a8b708197:0x958296c50e00f826!8m2!3d33.59602!4d-7.61289!15sChhPcmFuZ2UgYWdlbmNlIENhc2FibGFuY2FaGiIYb3JhbmdlIGFnZW5jZSBjYXNhYmxhbmNhkgEQY2VsbF9waG9uZV9zdG9yZeABAA!16s%2Fg%2F11sqw0mr3p?entry=ttu&g_ep=EgoyMDI2MDQyMC4wIKXMDSoASAFQAw%3D%3D"
33,Agence Orange,"
395 Bd Oued Tensift, Casablanca 20220",Casablanca,Orange,"https://www.google.com/maps/place/Agence+Orange/@33.5528953,-7.7598355,13z/data=!4m10!1m2!2m1!1sOrange+agence+Casablanca!3m6!1s0xda62d7b29cc6933:0x709db85f76205719!8m2!3d33.5528953!4d-7.6836178!15sChhPcmFuZ2UgYWdlbmNlIENhc2FibGFuY2FaGiIYb3JhbmdlIGFnZW5jZSBjYXNhYmxhbmNhkgEQY2VsbF9waG9uZV9zdG9yZZoBJENoZERTVWhOTUc5blMwVkpRMEZuU1VNNU4zQmZhMmgzUlJBQuABAPoBBAgAEBE!16s%2Fg%2F11gy3fgqz8?entry=ttu&g_ep=EgoyMDI2MDQyMC4wIKXMDSoASAFQAw%3D%3D"
34,Orange,"
23 Rue Abdellah, Ibnou Nafii, Casablanca",Casablanca,Orange,"https://www.google.com/maps/place/Orange/@33.5528953,-7.7598355,13z/data=!4m10!1m2!2m1!1sOrange+agence+Casablanca!3m6!1s0xda7d3a1ed1b59ef:0x6728c5b6fd78b7b1!8m2!3d33.584864!4d-7.6328085!15sChhPcmFuZ2UgYWdlbmNlIENhc2FibGFuY2FaGiIYb3JhbmdlIGFnZW5jZSBjYXNhYmxhbmNhkgEQY2VsbF9waG9uZV9zdG9yZZoBI0NoWkRTVWhOTUc5blMwVkpRMEZuVFVOUmFVbERaMWRSRUFF4AEA-gEECAAQSg!16s%2Fg%2F11p_73jv3r?entry=ttu&g_ep=EgoyMDI2MDQyMC4wIKXMDSoASAFQAw%3D%3D"
35,Orange,"
3 Bis, Groupe 3 Rue 10, Casablanca",Casablanca,Orange,"https://www.google.com/maps/place/Orange/@33.57175,-7.6282377,13z/data=!4m10!1m2!2m1!1sOrange+agence+Casablanca!3m6!1s0xda7cd761a3a36e5:0x4c452bb729d46264!8m2!3d33.57175!4d-7.55202!15sChhPcmFuZ2UgYWdlbmNlIENhc2FibGFuY2FaGiIYb3JhbmdlIGFnZW5jZSBjYXNhYmxhbmNhkgEQY2VsbF9waG9uZV9zdG9yZeABAA!16s%2Fg%2F11fnsz45xm?entry=ttu&g_ep=EgoyMDI2MDQyMC4wIKXMDSoASAFQAw%3D%3D"
36,Orange,"
1C, Bd de la Gironde, Casablanca 20250",Casablanca,Orange,"https://www.google.com/maps/place/Orange/@33.58964,-7.6795777,13z/data=!4m10!1m2!2m1!1sOrange+agence+Casablanca!3m6!1s0xda7cd72db677f49:0x5b1a38b1cf07cdfb!8m2!3d33.58964!4d-7.60336!15sChhPcmFuZ2UgYWdlbmNlIENhc2FibGFuY2FaGiIYb3JhbmdlIGFnZW5jZSBjYXNhYmxhbmNhkgEQY2VsbF9waG9uZV9zdG9yZZoBJENoZERTVWhOTUc5blMwVkpRMEZuU1VSNloyRllaek5uUlJBQuABAPoBBAgAECs!16s%2Fg%2F11flqr2220?entry=ttu&g_ep=EgoyMDI2MDQyMC4wIKXMDSoASAFQAw%3D%3D"
37,Orange,"
2, N°20, GH, Résidence Al Moustakbal, Lotissement Addoha, Casablanca",Casablanca,Orange,"https://www.google.com/maps/place/Orange/@33.5290667,-7.7247726,13z/data=!4m10!1m2!2m1!1sOrange+agence+Casablanca!3m6!1s0xda62dfeb94ad267:0xc4795ba4b87d65c7!8m2!3d33.5290667!4d-7.6485549!15sChhPcmFuZ2UgYWdlbmNlIENhc2FibGFuY2FaGiIYb3JhbmdlIGFnZW5jZSBjYXNhYmxhbmNhkgEQY2VsbF9waG9uZV9zdG9yZZoBJENoZERTVWhOTUc5blMwVkpRMEZuU1VSRVgxQjZUV3RCUlJBQuABAPoBBAgAEBI!16s%2Fg%2F11f9w5gg92?entry=ttu&g_ep=EgoyMDI2MDQyMC4wIKXMDSoASAFQAw%3D%3D"
38,Orange,"
Inara 1، 65 Av. de Dakhla, Casablanca",Casablanca,Orange,"https://www.google.com/maps/place/Orange/@33.5290667,-7.7247726,13z/data=!4m10!1m2!2m1!1sOrange+agence+Casablanca!3m6!1s0xda6331d9100eba5:0xfce8039f917d1d20!8m2!3d33.5370542!4d-7.6018526!15sChhPcmFuZ2UgYWdlbmNlIENhc2FibGFuY2FaGiIYb3JhbmdlIGFnZW5jZSBjYXNhYmxhbmNhkgEQY2VsbF9waG9uZV9zdG9yZZoBI0NoWkRTVWhOTUc5blMwVkpRMEZuU1VONGNFNHlOazVuRUFF4AEA-gEECAAQQg!16s%2Fg%2F11p_73ft7x?entry=ttu&g_ep=EgoyMDI2MDQyMC4wIKXMDSoASAFQAw%3D%3D"
39,Orange Riad Sofia,"
Res. Riad Sofia, 20230, Casablanca 20230",Casablanca,Orange,"https://www.google.com/maps/place/Orange+Riad+Sofia/@33.5290667,-7.7247726,13z/data=!4m10!1m2!2m1!1sOrange+agence+Casablanca!3m6!1s0xda62da4a112b639:0x1349511449b3c8bc!8m2!3d33.5231305!4d-7.6802601!15sChhPcmFuZ2UgYWdlbmNlIENhc2FibGFuY2FaGiIYb3JhbmdlIGFnZW5jZSBjYXNhYmxhbmNhkgEXbW9iaWxlX25ldHdvcmtfb3BlcmF0b3KaAURDaTlEUVVsUlFVTnZaRU5vZEhsalJqbHZUMjFTYjJWVk9WUlpWemxRV1RKek1GUklWa2xYYWxFd1lraHdTVTFYWXhBQuABAPoBBAgAEDM!16s%2Fg%2F11yh44pydn?entry=ttu&g_ep=EgoyMDI2MDQyMC4wIKXMDSoASAFQAw%3D%3D"
40,Orange,"
Galerie marchande Marjane, Ang Bd Bouregreg et, Bd Oued Laou, Casablanca",Casablanca,Orange,"https://www.google.com/maps/place/Orange/@33.5290667,-7.7247726,13z/data=!4m10!1m2!2m1!1sOrange+agence+Casablanca!3m6!1s0xda7d3029131adc7:0xf0067ec14f8b442f!8m2!3d33.566223!4d-7.676369!15sChhPcmFuZ2UgYWdlbmNlIENhc2FibGFuY2FaGiIYb3JhbmdlIGFnZW5jZSBjYXNhYmxhbmNhkgEQY2VsbF9waG9uZV9zdG9yZeABAA!16s%2Fg%2F11lyjc859f?entry=ttu&g_ep=EgoyMDI2MDQyMC4wIKXMDSoASAFQAw%3D%3D"
41,Orange,"
Marina, Centre Commercial Marina, Casablanca 20250",Casablanca,Orange,"https://www.google.com/maps/place/Orange/@33.6058807,-7.6969527,13z/data=!4m10!1m2!2m1!1sOrange+agence+Casablanca!3m6!1s0xda7d324bdd24637:0xbe76b9d49effb7b1!8m2!3d33.6058807!4d-7.620735!15sChhPcmFuZ2UgYWdlbmNlIENhc2FibGFuY2FaGiIYb3JhbmdlIGFnZW5jZSBjYXNhYmxhbmNhkgEQY2VsbF9waG9uZV9zdG9yZZoBJENoZERTVWhOTUc5blMwVkpRMEZuVFVObmREVkRUamRCUlJBQuABAPoBBAgAED8!16s%2Fg%2F11h_bmvqn_?entry=ttu&g_ep=EgoyMDI2MDQyMC4wIKXMDSoASAFQAw%3D%3D"
42,Boutique Orange,"
Bloc 38, 47 Bd du Nil, Casablanca",Casablanca,Orange,"https://www.google.com/maps/place/Boutique+Orange/@33.6058807,-7.6969527,13z/data=!4m10!1m2!2m1!1sOrange+agence+Casablanca!3m6!1s0xda6337e5d5a0079:0x1d96944261ddeaf7!8m2!3d33.55772!4d-7.57017!15sChhPcmFuZ2UgYWdlbmNlIENhc2FibGFuY2FaGiIYb3JhbmdlIGFnZW5jZSBjYXNhYmxhbmNhkgEQY2VsbF9waG9uZV9zdG9yZZoBI0NoWkRTVWhOTUc5blMwVkpRMEZuU1VOd2VtSnBhR1JSRUFF4AEA-gEECAAQFA!16s%2Fg%2F11h1mk_v3l?entry=ttu&g_ep=EgoyMDI2MDQyMC4wIKXMDSoASAFQAw%3D%3D"
43,Orange,"
12 Rue 24 Derb Douam, Casablanca",Casablanca,Orange,"https://www.google.com/maps/place/Orange/@33.54672,-7.6508677,13z/data=!4m10!1m2!2m1!1sOrange+agence+Casablanca!3m6!1s0xda633a7e1635d95:0xaf86afc22bba625a!8m2!3d33.54672!4d-7.57465!15sChhPcmFuZ2UgYWdlbmNlIENhc2FibGFuY2FaGiIYb3JhbmdlIGFnZW5jZSBjYXNhYmxhbmNhkgEQY2VsbF9waG9uZV9zdG9yZZoBI0NoWkRTVWhOTUc5blMwVkpRMEZuVFVObmVIRXRMVVJSRUFF4AEA-gEECAAQEg!16s%2Fg%2F11p_731lmr?entry=ttu&g_ep=EgoyMDI2MDQyMC4wIKXMDSoASAFQAw%3D%3D"
44,Orange,"
Centre Ville, 76 Av. Mers Sultan, Casablanca 20250",Casablanca,Orange,"https://www.google.com/maps/place/Orange/@33.54672,-7.6508677,13z/data=!4m10!1m2!2m1!1sOrange+agence+Casablanca!3m6!1s0xda7d3f42e116f4d:0x6996e700dd0a7d0e!8m2!3d33.58878!4d-7.61846!15sChhPcmFuZ2UgYWdlbmNlIENhc2FibGFuY2FaGiIYb3JhbmdlIGFnZW5jZSBjYXNhYmxhbmNhkgEQY2VsbF9waG9uZV9zdG9yZeABAA!16s%2Fg%2F11rr7flbph?entry=ttu&g_ep=EgoyMDI2MDQyMC4wIKXMDSoASAFQAw%3D%3D"
45,Orange,"
102 Avenue, Casablanca 20320",Casablanca,Orange,"https://www.google.com/maps/place/Orange/@33.54672,-7.6508677,13z/data=!4m10!1m2!2m1!1sOrange+agence+Casablanca!3m6!1s0xda7cdd8f8e66c2f:0xd96c3a024c97c973!8m2!3d33.58559!4d-7.56813!15sChhPcmFuZ2UgYWdlbmNlIENhc2FibGFuY2FaGiIYb3JhbmdlIGFnZW5jZSBjYXNhYmxhbmNhkgEQY2VsbF9waG9uZV9zdG9yZeABAA!16s%2Fg%2F11hzph0m2r?entry=ttu&g_ep=EgoyMDI2MDQyMC4wIKXMDSoASAFQAw%3D%3D"
46,Agence Commercial orange,"
Casablanca 20320",Casablanca,Orange,"https://www.google.com/maps/place/Agence+Commercial+orange/@33.54672,-7.6508677,13z/data=!4m10!1m2!2m1!1sOrange+agence+Casablanca!3m6!1s0xda7d3005de4ee4b:0x819e9052a451d8b2!8m2!3d33.5893803!4d-7.6123015!15sChhPcmFuZ2UgYWdlbmNlIENhc2FibGFuY2GSARBjb21tZXJjaWFsX2FnZW504AEA!16s%2Fg%2F11ygwdspts?entry=ttu&g_ep=EgoyMDI2MDQyMC4wIKXMDSoASAFQAw%3D%3D"
47,Orange,"
N° 57, Sous-sol, Twin Center, Magasin, Casablanca 20250",Casablanca,Orange,"https://www.google.com/maps/place/Orange/@33.5865078,-7.7089682,13z/data=!4m10!1m2!2m1!1sOrange+agence+Casablanca!3m6!1s0xda7d3508fa820e7:0x7758d45aa684fb67!8m2!3d33.5865078!4d-7.6327505!15sChhPcmFuZ2UgYWdlbmNlIENhc2FibGFuY2FaGiIYb3JhbmdlIGFnZW5jZSBjYXNhYmxhbmNhkgEQY2VsbF9waG9uZV9zdG9yZeABAA!16s%2Fg%2F11kjqvs7k9?entry=ttu&g_ep=EgoyMDI2MDQyMC4wIKXMDSoASAFQAw%3D%3D"
48,Orange,"
70 Angle Boulevard Bir Anzarane, Rue Ali Abderrazzak, Casablanca",Casablanca,Orange,"https://www.google.com/maps/place/Orange/@33.5865078,-7.7089682,13z/data=!4m10!1m2!2m1!1sOrange+agence+Casablanca!3m6!1s0xda7d3e41b263671:0x5ab9eff59b79c3e4!8m2!3d33.5859389!4d-7.6448708!15sChhPcmFuZ2UgYWdlbmNlIENhc2FibGFuY2FaGiIYb3JhbmdlIGFnZW5jZSBjYXNhYmxhbmNhkgEQY2VsbF9waG9uZV9zdG9yZZoBJENoZERTVWhOTUc5blMwVkpRMEZuVFVSQmN6bG1TRzFuUlJBQuABAPoBBQjoAhA4!16s%2Fg%2F11t3hxsc44?entry=ttu&g_ep=EgoyMDI2MDQyMC4wIKXMDSoASAFQAw%3D%3D"
49,Orange,"
5 Bis Rue Mohammed Diouri, Rue Mohamed Diouri, Casablanca",Casablanca,Orange,"https://www.google.com/maps/place/Orange/@33.5865078,-7.7089682,13z/data=!4m10!1m2!2m1!1sOrange+agence+Casablanca!3m6!1s0xda7cd27e723a3f9:0x4778712b7a09aa8f!8m2!3d33.59325!4d-7.60769!15sChhPcmFuZ2UgYWdlbmNlIENhc2FibGFuY2FaGiIYb3JhbmdlIGFnZW5jZSBjYXNhYmxhbmNhkgEQY2VsbF9waG9uZV9zdG9yZZoBJENoZERTVWhOTUc5blMwVkpRMEZuU1VOV2VUbFBiM0ZSUlJBQuABAPoBBAgzEDA!16s%2Fg%2F11rr7g4wgd?entry=ttu&g_ep=EgoyMDI2MDQyMC4wIKXMDSoASAFQAw%3D%3D"
50,Boutique Orange,"
1 Rue Le Catelet, Casablanca 20250",Casablanca,Orange,"https://www.google.com/maps/place/Boutique+Orange/@33.5865078,-7.7089682,13z/data=!4m10!1m2!2m1!1sOrange+agence+Casablanca!3m6!1s0xda7cddffd1231bf:0xc84afe86033b13c1!8m2!3d33.59406!4d-7.59635!15sChhPcmFuZ2UgYWdlbmNlIENhc2FibGFuY2FaGiIYb3JhbmdlIGFnZW5jZSBjYXNhYmxhbmNhkgEQY2VsbF9waG9uZV9zdG9yZeABAA!16s%2Fg%2F11snw0ks_n?entry=ttu&g_ep=EgoyMDI2MDQyMC4wIKXMDSoASAFQAw%3D%3D"
51,Orange,"
107 Boulevard 10 Mars, Casablanca",Casablanca,Orange,"https://www.google.com/maps/place/Orange/@33.56485,-7.6467177,13z/data=!4m10!1m2!2m1!1sOrange+agence+Casablanca!3m6!1s0xda6338ce81c47eb:0x61fb5d9e9ff00eec!8m2!3d33.56485!4d-7.5705!15sChhPcmFuZ2UgYWdlbmNlIENhc2FibGFuY2FaGiIYb3JhbmdlIGFnZW5jZSBjYXNhYmxhbmNhkgEQY2VsbF9waG9uZV9zdG9yZZoBRENpOURRVWxSUVVOdlpFTm9kSGxqUmpsdlQycGthVmRyTVdoWWVrcExUVlJTTlZkRlZtRlNWRXBDWWpKUk1GZ3pZeEFC4AEA-gEECAAQEQ!16s%2Fg%2F11lfkmdclm?entry=ttu&g_ep=EgoyMDI2MDQyMC4wIKXMDSoASAFQAw%3D%3D"
52,Orange,"
El Guernaoui, 122 Bd Ahmed Ahrass, Casablanca",Casablanca,Orange,"https://www.google.com/maps/place/Orange/@33.61199,-7.5714277,13z/data=!4m10!1m2!2m1!1sOrange+agence+Casablanca!3m6!1s0xda7cb8a0a187d8f:0xe67313061b55ba90!8m2!3d33.61199!4d-7.49521!15sChhPcmFuZ2UgYWdlbmNlIENhc2FibGFuY2FaGiIYb3JhbmdlIGFnZW5jZSBjYXNhYmxhbmNhkgEQY2VsbF9waG9uZV9zdG9yZeABAA!16s%2Fg%2F11p_73bk5r?entry=ttu&g_ep=EgoyMDI2MDQyMC4wIKXMDSoASAFQAw%3D%3D"
53,Orange Anassi,"
HGQ7+P7R, Casablanca",Casablanca,Orange,"https://www.google.com/maps/place/Orange+Anassi/@33.61199,-7.5714277,13z/data=!4m10!1m2!2m1!1sOrange+agence+Casablanca!3m6!1s0xda7cb2f10226ad9:0xb1cc58d0ba5112f7!8m2!3d33.5894615!4d-7.4868004!15sChhPcmFuZ2UgYWdlbmNlIENhc2FibGFuY2FaGiIYb3JhbmdlIGFnZW5jZSBjYXNhYmxhbmNhkgERdGVsZXBob25lX2NvbXBhbnmaASRDaGREU1VoTk1HOW5TMFZKUTBGblNVTjBlbDltTkRWM1JSQULgAQD6AQQIABAQ!16s%2Fg%2F11s2l9dqp7?entry=ttu&g_ep=EgoyMDI2MDQyMC4wIKXMDSoASAFQAw%3D%3D"
54,Orange,"
Résidence Marwa, 2 Angle Rue Lisère Et Rue Télegramme, Casablanca",Casablanca,Orange,"https://www.google.com/maps/place/Orange/@33.55623,-7.7030057,13z/data=!4m10!1m2!2m1!1sOrange+agence+Casablanca!3m6!1s0xda62d02cde79b33:0x460bad364c916aae!8m2!3d33.55623!4d-7.626788!15sChhPcmFuZ2UgYWdlbmNlIENhc2FibGFuY2FaGiIYb3JhbmdlIGFnZW5jZSBjYXNhYmxhbmNhkgEQY2VsbF9waG9uZV9zdG9yZeABAA!16s%2Fg%2F11p_73htl8?entry=ttu&g_ep=EgoyMDI2MDQyMC4wIKXMDSoASAFQAw%3D%3D"
55,Orange,"
Groupe 7, 179 Av. Lalla Asmaa, Casablanca 20250",Casablanca,Orange,"https://www.google.com/maps/place/Orange/@33.57886,-7.6182177,13z/data=!4m10!1m2!2m1!1sOrange+agence+Casablanca!3m6!1s0xda7cdb8dc68af65:0x818507baa68243ab!8m2!3d33.57886!4d-7.542!15sChhPcmFuZ2UgYWdlbmNlIENhc2FibGFuY2FaGiIYb3JhbmdlIGFnZW5jZSBjYXNhYmxhbmNhkgEQY2VsbF9waG9uZV9zdG9yZeABAA!16s%2Fg%2F11rr7f_ssw?entry=ttu&g_ep=EgoyMDI2MDQyMC4wIKXMDSoASAFQAw%3D%3D"
56,Boutique Orange,"
Bloc 28, 35 Bis Boulevard 10 Mars, Casablanca 20670",Casablanca,Orange,"https://www.google.com/maps/place/Boutique+Orange/@33.57886,-7.6182177,13z/data=!4m10!1m2!2m1!1sOrange+agence+Casablanca!3m6!1s0xda63386f7eaab07:0x8b77ff621667749!8m2!3d33.56215!4d-7.56635!15sChhPcmFuZ2UgYWdlbmNlIENhc2FibGFuY2FaGiIYb3JhbmdlIGFnZW5jZSBjYXNhYmxhbmNhkgEQY2VsbF9waG9uZV9zdG9yZeABAA!16s%2Fg%2F11xlgfd13b?entry=ttu&g_ep=EgoyMDI2MDQyMC4wIKXMDSoASAFQAw%3D%3D"
57,Agence Orange,"
33 Rue le catelet, Casablanca 20300",Casablanca,Orange,"https://www.google.com/maps/place/Agence+Orange/@33.5944846,-7.6724256,13z/data=!4m10!1m2!2m1!1sOrange+agence+Casablanca!3m6!1s0xda7cd004907946b:0x328ba7e9c058509a!8m2!3d33.5944846!4d-7.5962079!15sChhPcmFuZ2UgYWdlbmNlIENhc2FibGFuY2FaGiIYb3JhbmdlIGFnZW5jZSBjYXNhYmxhbmNhkgEZaW50ZXJuZXRfc2VydmljZV9wcm92aWRlcpoBRENpOURRVWxSUVVOdlpFTm9kSGxqUmpsdlQyMWtVVkpIWkZwTlZVbDZWRVp3YVZNd2QzcGtNamxSVXpBMWVWbFlZeEFC4AEA-gEECAAQEQ!16s%2Fg%2F11xkpl_w55?entry=ttu&g_ep=EgoyMDI2MDQyMC4wIKXMDSoASAFQAw%3D%3D"
58,Orange,"
N°4, Lotissement Hadj Fateh, Magasin, Casablanca",Casablanca,Orange,"https://www.google.com/maps/place/Orange/@33.5944846,-7.6724256,13z/data=!4m10!1m2!2m1!1sOrange+agence+Casablanca!3m6!1s0xda62d5853b627e9:0x3c2d8ae4e03e0812!8m2!3d33.5442!4d-7.67955!15sChhPcmFuZ2UgYWdlbmNlIENhc2FibGFuY2FaGiIYb3JhbmdlIGFnZW5jZSBjYXNhYmxhbmNhkgEQY2VsbF9waG9uZV9zdG9yZeABAA!16s%2Fg%2F11fhspcm24?entry=ttu&g_ep=EgoyMDI2MDQyMC4wIKXMDSoASAFQAw%3D%3D"
59,Orange,"
N°4, Lotissement Hadj Fateh, Magasin, Casablanca",Casablanca,Orange,"https://www.google.com/maps/place/Orange/@33.5442,-7.7557677,13z/data=!4m10!1m2!2m1!1sOrange+agence+Casablanca!3m6!1s0xda62d5853b627e9:0x3c2d8ae4e03e0812!8m2!3d33.5442!4d-7.67955!15sChhPcmFuZ2UgYWdlbmNlIENhc2FibGFuY2FaGiIYb3JhbmdlIGFnZW5jZSBjYXNhYmxhbmNhkgEQY2VsbF9waG9uZV9zdG9yZeABAA!16s%2Fg%2F11fhspcm24?entry=ttu&g_ep=EgoyMDI2MDQyMC4wIKXMDSoASAFQAw%3D%3D"
60,Orange,"
15 Av. 2 Mars, Casablanca 20250",Casablanca,Orange,"https://www.google.com/maps/place/Orange/@33.5442,-7.7557677,13z/data=!4m10!1m2!2m1!1sOrange+agence+Casablanca!3m6!1s0xda7d3df38c82e13:0x7ff0fb90e4e75ba2!8m2!3d33.5810998!4d-7.6158643!15sChhPcmFuZ2UgYWdlbmNlIENhc2FibGFuY2FaGiIYb3JhbmdlIGFnZW5jZSBjYXNhYmxhbmNhkgEQY2VsbF9waG9uZV9zdG9yZeABAA!16s%2Fg%2F11rr7fz24c?entry=ttu&g_ep=EgoyMDI2MDQyMC4wIKXMDSoASAFQAw%3D%3D"
61,Orange,"
15 Av. 2 Mars, Casablanca 20250",Casablanca,Orange,"https://www.google.com/maps/place/Orange/@33.5810998,-7.692082,13z/data=!4m10!1m2!2m1!1sOrange+agence+Casablanca!3m6!1s0xda7d3df38c82e13:0x7ff0fb90e4e75ba2!8m2!3d33.5810998!4d-7.6158643!15sChhPcmFuZ2UgYWdlbmNlIENhc2FibGFuY2FaGiIYb3JhbmdlIGFnZW5jZSBjYXNhYmxhbmNhkgEQY2VsbF9waG9uZV9zdG9yZeABAA!16s%2Fg%2F11rr7fz24c?entry=ttu&g_ep=EgoyMDI2MDQyMC4wIKXMDSoASAFQAw%3D%3D"
62,Orange,"
3 Lotissement Assalam, Angle Boulevard Ibnou Tachafine Et, Bd Al Hassan Al Alaoui, Casablanca",Casablanca,Orange,"https://www.google.com/maps/place/Orange/@33.5810998,-7.692082,13z/data=!4m10!1m2!2m1!1sOrange+agence+Casablanca!3m6!1s0xda7cdcfcc9d6d87:0x2368d12358a770!8m2!3d33.58473!4d-7.58016!15sChhPcmFuZ2UgYWdlbmNlIENhc2FibGFuY2FaGiIYb3JhbmdlIGFnZW5jZSBjYXNhYmxhbmNhkgEQY2VsbF9waG9uZV9zdG9yZeABAA!16s%2Fg%2F11t3hy28zb?entry=ttu&g_ep=EgoyMDI2MDQyMC4wIKXMDSoASAFQAw%3D%3D"
63,BOUTIQUE ORANGE Hay Hassani Ibn Khatib Casablanca,"
N 11-13 Rue 301, Rue Ibn Al Khatib, Casablanca 20000",Casablanca,Orange,"https://www.google.com/maps/place/BOUTIQUE+ORANGE+Hay+Hassani+Ibn+Khatib+Casablanca/@33.5723347,-7.7488202,13z/data=!4m10!1m2!2m1!1sOrange+agence+Casablanca!3m6!1s0xda7d339a1bdab77:0x808bed2aa4867f6!8m2!3d33.5723347!4d-7.6726025!15sChhPcmFuZ2UgYWdlbmNlIENhc2FibGFuY2GSARZtb25leV90cmFuc2Zlcl9zZXJ2aWNl4AEA!16s%2Fg%2F11gh05_hgs?entry=ttu&g_ep=EgoyMDI2MDQyMC4wIKXMDSoASAFQAw%3D%3D"
64,Orange,"
10 Bd El Fida, Casablanca 20250",Casablanca,Orange,"https://www.google.com/maps/place/Orange/@33.5658302,-7.6845317,13z/data=!4m10!1m2!2m1!1sOrange+agence+Casablanca!3m6!1s0xda7cdbc05cccb9f:0x48de763ce9e05156!8m2!3d33.5658302!4d-7.608314!15sChhPcmFuZ2UgYWdlbmNlIENhc2FibGFuY2FaGiIYb3JhbmdlIGFnZW5jZSBjYXNhYmxhbmNhkgEQY2VsbF9waG9uZV9zdG9yZeABAA!16s%2Fg%2F11p_737bwv?entry=ttu&g_ep=EgoyMDI2MDQyMC4wIKXMDSoASAFQAw%3D%3D"
65,Orange,"
16 Rue 42, Bd Baghdad, Casablanca",Casablanca,Orange,"https://www.google.com/maps/place/Orange/@33.5658302,-7.6845317,13z/data=!4m10!1m2!2m1!1sOrange+agence+Casablanca!3m6!1s0xda6337d36b713bb:0x31115a3309a20a6d!8m2!3d33.550072!4d-7.5989113!15sChhPcmFuZ2UgYWdlbmNlIENhc2FibGFuY2FaGiIYb3JhbmdlIGFnZW5jZSBjYXNhYmxhbmNhkgEQY2VsbF9waG9uZV9zdG9yZeABAA!16s%2Fg%2F11sqw0k1l_?entry=ttu&g_ep=EgoyMDI2MDQyMC4wIKXMDSoASAFQAw%3D%3D"
66,AGENCE ORANGE Firdaouss Hay Hassani Oulfa,"
34 GH25B AL Ferdaouss, Casablanca 20220",Casablanca,Orange,"https://www.google.com/maps/place/AGENCE+ORANGE+Firdaouss+Hay+Hassani+Oulfa/@33.5658302,-7.6845317,13z/data=!4m10!1m2!2m1!1sOrange+agence+Casablanca!3m6!1s0xda7d3f78e989e3d:0xe82b42206ff39df7!8m2!3d33.5597506!4d-7.670701!15sChhPcmFuZ2UgYWdlbmNlIENhc2FibGFuY2FaGiIYb3JhbmdlIGFnZW5jZSBjYXNhYmxhbmNhkgEQY2VsbF9waG9uZV9zdG9yZeABAA!16s%2Fg%2F11j0w871nk?entry=ttu&g_ep=EgoyMDI2MDQyMC4wIKXMDSoASAFQAw%3D%3D"
67,AGENCE ORANGE Firdaouss Hay Hassani Oulfa,"
34 GH25B AL Ferdaouss, Casablanca 20220",Casablanca,Orange,"https://www.google.com/maps/place/AGENCE+ORANGE+Firdaouss+Hay+Hassani+Oulfa/@33.5597506,-7.7469187,13z/data=!4m10!1m2!2m1!1sOrange+agence+Casablanca!3m6!1s0xda7d3f78e989e3d:0xe82b42206ff39df7!8m2!3d33.5597506!4d-7.670701!15sChhPcmFuZ2UgYWdlbmNlIENhc2FibGFuY2FaGiIYb3JhbmdlIGFnZW5jZSBjYXNhYmxhbmNhkgEQY2VsbF9waG9uZV9zdG9yZeABAA!16s%2Fg%2F11j0w871nk?entry=ttu&g_ep=EgoyMDI2MDQyMC4wIKXMDSoASAFQAw%3D%3D"
68,Boutique Orange,"
Résidence Chahrazad, Rue Soumaya, Casablanca 20250",Casablanca,Orange,"https://www.google.com/maps/place/Boutique+Orange/@33.5597506,-7.7469187,13z/data=!4m10!1m2!2m1!1sOrange+agence+Casablanca!3m6!1s0xda7d3c157f300b7:0xf24ce49238b1278f!8m2!3d33.5772911!4d-7.6259116!15sChhPcmFuZ2UgYWdlbmNlIENhc2FibGFuY2GSASV0ZWxlY29tbXVuaWNhdGlvbnNfZXF1aXBtZW50X3N1cHBsaWVy4AEA!16s%2Fg%2F11sqw0rf9s?entry=ttu&g_ep=EgoyMDI2MDQyMC4wIKXMDSoASAFQAw%3D%3D"
69,Boutique Orange,"
Résidence Chahrazad, Rue Soumaya, Casablanca 20250",Casablanca,Orange,"https://www.google.com/maps/place/ORANGE+Hay+Hassani+Bd+Afghanistan/@33.5597506,-7.7469187,13z/data=!4m10!1m2!2m1!1sOrange+agence+Casablanca!3m6!1s0xda7d337f78bba39:0xe2ba99a18955b5e!8m2!3d33.5731677!4d-7.672453!15sChhPcmFuZ2UgYWdlbmNlIENhc2FibGFuY2FaGiIYb3JhbmdlIGFnZW5jZSBjYXNhYmxhbmNhkgEGbWFya2V0mgEjQ2haRFNVaE5NRzluUzBWSlEwRm5TVU5TYkdNeWJsTkJFQUXgAQD6AQQIABAY!16s%2Fg%2F11fnz6wgfm?entry=ttu&g_ep=EgoyMDI2MDQyMC4wIKXMDSoASAFQAw%3D%3D"
70,Boutique Orange,"
Résidence Chahrazad, Rue Soumaya, Casablanca 20250",Casablanca,Orange,"https://www.google.com/maps/place/Orange/@33.5597506,-7.7469187,13z/data=!4m10!1m2!2m1!1sOrange+agence+Casablanca!3m6!1s0xda7cd0cab7edd97:0xb13812524f625c9f!8m2!3d33.57827!4d-7.56423!15sChhPcmFuZ2UgYWdlbmNlIENhc2FibGFuY2FaGiIYb3JhbmdlIGFnZW5jZSBjYXNhYmxhbmNhkgEQY2VsbF9waG9uZV9zdG9yZeABAA!16s%2Fg%2F11sqw14z0k?entry=ttu&g_ep=EgoyMDI2MDQyMC4wIKXMDSoASAFQAw%3D%3D"
71,Orange,"
IMM 16, Magasin 4, Résidence ENNAKHIL, Bd Al Houcine Soussi, Casablanca",Casablanca,Orange,"https://www.google.com/maps/place/Orange/@33.59096,-7.5938477,13z/data=!4m10!1m2!2m1!1sOrange+agence+Casablanca!3m6!1s0xda7cb2c20ed699f:0xedf584602d0f8ca1!8m2!3d33.59096!4d-7.51763!15sChhPcmFuZ2UgYWdlbmNlIENhc2FibGFuY2FaGiIYb3JhbmdlIGFnZW5jZSBjYXNhYmxhbmNhkgEQY2VsbF9waG9uZV9zdG9yZeABAA!16s%2Fg%2F11p0fwx7zv?entry=ttu&g_ep=EgoyMDI2MDQyMC4wIKXMDSoASAFQAw%3D%3D"
72,AGENCE ORANGE RAHMA,"
G7PF+MCW, Casablanca",Casablanca,Orange,"https://www.google.com/maps/place/AGENCE+ORANGE+RAHMA/@33.5367461,-7.8026293,13z/data=!4m10!1m2!2m1!1sOrange+agence+Casablanca!3m6!1s0xda62b0078865c1f:0xa4b6cc78991cd637!8m2!3d33.5367461!4d-7.7264116!15sChhPcmFuZ2UgYWdlbmNlIENhc2FibGFuY2FaGiIYb3JhbmdlIGFnZW5jZSBjYXNhYmxhbmNhkgEFc3RvcmWaAURDaTlEUVVsUlFVTnZaRU5vZEhsalJqbHZUMjVvTkUxRWFFeFRhVEZYVFRKYWVGVXhRazFhU0d4cFZrUmFUbFZHUlJBQuABAPoBBAgAECk!16s%2Fg%2F11lw1qf4z2?entry=ttu&g_ep=EgoyMDI2MDQyMC4wIKXMDSoASAFQAw%3D%3D"
73,Orange,"
105 Bd de la Grande Ceinture, Casablanca 20250",Casablanca,Orange,"https://www.google.com/maps/place/Orange/@33.58259,-7.6382977,13z/data=!4m10!1m2!2m1!1sOrange+agence+Casablanca!3m6!1s0xda7cd3782a0a62b:0x99f4f862a9f2164e!8m2!3d33.58259!4d-7.56208!15sChhPcmFuZ2UgYWdlbmNlIENhc2FibGFuY2FaGiIYb3JhbmdlIGFnZW5jZSBjYXNhYmxhbmNhkgEQY2VsbF9waG9uZV9zdG9yZeABAA!16s%2Fg%2F11frxf7cgh?entry=ttu&g_ep=EgoyMDI2MDQyMC4wIKXMDSoASAFQAw%3D%3D"
74,Orange,"
Diour Lamane, N° 9, Casablanca",Casablanca,Orange,"https://www.google.com/maps/place/Orange/@33.58259,-7.6382977,13z/data=!4m10!1m2!2m1!1sOrange+agence+Casablanca!3m6!1s0xda7cd88210df539:0x4ba6a5b9f796ef95!8m2!3d33.59301!4d-7.5544!15sChhPcmFuZ2UgYWdlbmNlIENhc2FibGFuY2FaGiIYb3JhbmdlIGFnZW5jZSBjYXNhYmxhbmNhkgEQY2VsbF9waG9uZV9zdG9yZZoBI0NoWkRTVWhOTUc5blMwVkpRMEZuVFVSQk5rdGlaME5uRUFF4AEA-gEECAAQDg!16s%2Fg%2F11rr7fvtvf?entry=ttu&g_ep=EgoyMDI2MDQyMC4wIKXMDSoASAFQAw%3D%3D"
75,Orange,"
89 Boulevard Abi Dar Ghaffari, Casablanca 20250",Casablanca,Orange,"https://www.google.com/maps/place/Orange/@33.58259,-7.6382977,13z/data=!4m10!1m2!2m1!1sOrange+agence+Casablanca!3m6!1s0xda7cb50e80f8a67:0xea83712ab33bc154!8m2!3d33.60825!4d-7.5147!15sChhPcmFuZ2UgYWdlbmNlIENhc2FibGFuY2FaGiIYb3JhbmdlIGFnZW5jZSBjYXNhYmxhbmNhkgEQY2VsbF9waG9uZV9zdG9yZZoBRENpOURRVWxSUVVOdlpFTm9kSGxqUmpsdlQycFNUMU5yYkhCa1ZtdDRUVVJTV21WSE5EVk5TR2hYVWxWM01WZFhZeEFC4AEA-gEECAAQRw!16s%2Fg%2F11rr7fx2rp?entry=ttu&g_ep=EgoyMDI2MDQyMC4wIKXMDSoASAFQAw%3D%3D"
76,Agent commercial orange,"
imm 271, Al azhar, no.01, Casablanca",Casablanca,Orange,"https://www.google.com/maps/place/Agent+commercial+orange/@33.5438705,-7.7709895,13z/data=!4m10!1m2!2m1!1sOrange+agence+Casablanca!3m6!1s0xda62d0041fad05f:0x471f5b2f30a9874d!8m2!3d33.5438705!4d-7.6947718!15sChhPcmFuZ2UgYWdlbmNlIENhc2FibGFuY2FaGiIYb3JhbmdlIGFnZW5jZSBjYXNhYmxhbmNhkgEQY29tbWVyY2lhbF9hZ2VudJoBJENoZERTVWhOTUc5blMwVlBUM1o1VEVjM2FWcHlZMmxCUlJBQuABAPoBBAgAEBE!16s%2Fg%2F11xft12sj1?entry=ttu&g_ep=EgoyMDI2MDQyMC4wIKXMDSoASAFQAw%3D%3D"
77,Orange,"
Place, 26, Casablanca",Casablanca,Orange,"https://www.google.com/maps/place/Orange/@33.5698166,-7.6796367,13z/data=!4m10!1m2!2m1!1sOrange+agence+Casablanca!3m6!1s0xda7cd811abadb91:0x9ca27abd63933b48!8m2!3d33.5698166!4d-7.603419!15sChhPcmFuZ2UgYWdlbmNlIENhc2FibGFuY2FaGiIYb3JhbmdlIGFnZW5jZSBjYXNhYmxhbmNhkgEQY2VsbF9waG9uZV9zdG9yZeABAA!16s%2Fg%2F11p_73ph57?entry=ttu&g_ep=EgoyMDI2MDQyMC4wIKXMDSoASAFQAw%3D%3D"
78,Orange,"
94 Bd Oued Draâ, Casablanca",Casablanca,Orange,"https://www.google.com/maps/place/Orange/@33.5587,-7.7607177,13z/data=!4m10!1m2!2m1!1sOrange+agence+Casablanca!3m6!1s0xda7d390c7e5da07:0xbff826eec1d11966!8m2!3d33.5587!4d-7.6845!15sChhPcmFuZ2UgYWdlbmNlIENhc2FibGFuY2FaGiIYb3JhbmdlIGFnZW5jZSBjYXNhYmxhbmNhkgEQY2VsbF9waG9uZV9zdG9yZeABAA!16s%2Fg%2F11sqw0z4sr?entry=ttu&g_ep=EgoyMDI2MDQyMC4wIKXMDSoASAFQAw%3D%3D"
79,Orange,"
Galerie Commerciale Marjane, Casablanca 20250",Casablanca,Orange,"https://www.google.com/maps/place/Orange/@33.5587,-7.7607177,13z/data=!4m10!1m2!2m1!1sOrange+agence+Casablanca!3m6!1s0xda7cdcf9c2e138b:0x4fe19760154c4c14!8m2!3d33.59597!4d-7.53207!15sChhPcmFuZ2UgYWdlbmNlIENhc2FibGFuY2FaGiIYb3JhbmdlIGFnZW5jZSBjYXNhYmxhbmNhkgEQY2VsbF9waG9uZV9zdG9yZeABAA!16s%2Fg%2F11p_73mn29?entry=ttu&g_ep=EgoyMDI2MDQyMC4wIKXMDSoASAFQAw%3D%3D"
80,Orange,"
Galerie Commerciale Marjane, Casablanca 20250",Casablanca,Orange,"https://www.google.com/maps/place/Orange/@33.59597,-7.6082877,13z/data=!4m10!1m2!2m1!1sOrange+agence+Casablanca!3m6!1s0xda7cdcf9c2e138b:0x4fe19760154c4c14!8m2!3d33.59597!4d-7.53207!15sChhPcmFuZ2UgYWdlbmNlIENhc2FibGFuY2FaGiIYb3JhbmdlIGFnZW5jZSBjYXNhYmxhbmNhkgEQY2VsbF9waG9uZV9zdG9yZeABAA!16s%2Fg%2F11p_73mn29?entry=ttu&g_ep=EgoyMDI2MDQyMC4wIKXMDSoASAFQAw%3D%3D"
81,Orange,"
216 Boulevard Des Forces Auxiliaires, Casablanca 20250",Casablanca,Orange,"https://www.google.com/maps/place/Orange/@33.59597,-7.6082877,13z/data=!4m10!1m2!2m1!1sOrange+agence+Casablanca!3m6!1s0xda7cd4e156ed5c9:0x8d87c28e9cadd679!8m2!3d33.57162!4d-7.55502!15sChhPcmFuZ2UgYWdlbmNlIENhc2FibGFuY2FaGiIYb3JhbmdlIGFnZW5jZSBjYXNhYmxhbmNhkgEQY2VsbF9waG9uZV9zdG9yZeABAA!16s%2Fg%2F11p_73d5j8?entry=ttu&g_ep=EgoyMDI2MDQyMC4wIKXMDSoASAFQAw%3D%3D"
82,Commercial orange pro,"
Imm 1, Hanae 3 Nr 7, Casablanca 20620",Casablanca,Orange,"https://www.google.com/maps/place/Commercial+orange+pro/@33.59597,-7.6082877,13z/data=!4m10!1m2!2m1!1sOrange+agence+Casablanca!3m6!1s0xda7cb0004dbfba5:0xecdcfb4a3c750f1e!8m2!3d33.6075136!4d-7.4822185!15sChhPcmFuZ2UgYWdlbmNlIENhc2FibGFuY2GSARBjb21tZXJjaWFsX2FnZW504AEA!16s%2Fg%2F11z17fl6sz?entry=ttu&g_ep=EgoyMDI2MDQyMC4wIKXMDSoASAFQAw%3D%3D"
83,Orange Mall Entreprise,"
H7GV+778, Morocco Mall, Angle Boulevard Sidi Abderrahmane, Bd de Biarritz, Casablanca",Casablanca,Orange,"https://www.google.com/maps/place/Orange+Mall+Entreprise/@33.5756577,-7.7830286,13z/data=!4m10!1m2!2m1!1sOrange+agence+Casablanca!3m6!1s0xda7d5bc9f9ffe2d:0xbfbf6fa7182b10a6!8m2!3d33.5756577!4d-7.7068109!15sChhPcmFuZ2UgYWdlbmNlIENhc2FibGFuY2FaGiIYb3JhbmdlIGFnZW5jZSBjYXNhYmxhbmNhkgEcYnVzaW5lc3NfdG9fYnVzaW5lc3Nfc2VydmljZZoBJENoZERTVWhOTUc5blMwVkpRMEZuVFVSdk5tRmliSEJCUlJBQuABAPoBBAh6ECI!16s%2Fg%2F11fj5clcfm?entry=ttu&g_ep=EgoyMDI2MDQyMC4wIKXMDSoASAFQAw%3D%3D"
84,Agence Orange ACHARAF OULFA,"
MAGASIN 7, LOT ACHARAF, Casablanca 20220",Casablanca,Orange,"https://www.google.com/maps/place/Agence+Orange+ACHARAF+OULFA/@33.5756577,-7.7830286,13z/data=!4m10!1m2!2m1!1sOrange+agence+Casablanca!3m6!1s0xda62d14e1329813:0x961fc03ab3e4bcf5!8m2!3d33.5494515!4d-7.6972254!15sChhPcmFuZ2UgYWdlbmNlIENhc2FibGFuY2GSARBjZWxsX3Bob25lX3N0b3Jl4AEA!16s%2Fg%2F11xn511z1d?entry=ttu&g_ep=EgoyMDI2MDQyMC4wIKXMDSoASAFQAw%3D%3D"
85,Commercial orange pro,"
Imm 1, Hanae 3 Nr 7, Casablanca 20620",Casablanca,Orange,"https://www.google.com/maps/place/Commercial+orange+pro/@33.6075491,-7.5584677,13z/data=!4m10!1m2!2m1!1sOrange+agence+Casablanca!3m6!1s0xda7cb005bfa8bf3:0x855ec3ce3ebf29af!8m2!3d33.6075491!4d-7.48225!15sChhPcmFuZ2UgYWdlbmNlIENhc2FibGFuY2GSARBjb21tZXJjaWFsX2FnZW504AEA!16s%2Fg%2F11z24ybd0t?entry=ttu&g_ep=EgoyMDI2MDQyMC4wIKXMDSoASAFQAw%3D%3D"
86,Othman orange,"
JG26+CX3, Bd Attadamone, Casablanca",Casablanca,Orange,"https://www.google.com/maps/place/Othman+orange/@33.6075491,-7.5584677,13z/data=!4m10!1m2!2m1!1sOrange+agence+Casablanca!3m6!1s0xda7cb0043355975:0x2cd7be3822cacdc4!8m2!3d33.6010452!4d-7.4875735!15sChhPcmFuZ2UgYWdlbmNlIENhc2FibGFuY2GSARBjb21tZXJjaWFsX2FnZW504AEA!16s%2Fg%2F11z24w0w4c?entry=ttu&g_ep=EgoyMDI2MDQyMC4wIKXMDSoASAFQAw%3D%3D"
87,Agence Orange oued sebou,"
H83F+58X, Bd Oued Sebou, Casablanca",Casablanca,Orange,"https://www.google.com/maps/place/Agence+Orange+oued+sebou/@33.5529803,-7.7528733,13z/data=!4m10!1m2!2m1!1sOrange+agence+Casablanca!3m6!1s0xda62d00444865e1:0x8d58254fb07efabc!8m2!3d33.5529803!4d-7.6766556!15sChhPcmFuZ2UgYWdlbmNlIENhc2FibGFuY2GSAQtwb3N0X29mZmljZeABAA!16s%2Fg%2F11x1n691pt?entry=ttu&g_ep=EgoyMDI2MDQyMC4wIKXMDSoASAFQAw%3D%3D"
88,Orange FIBRE OPTIQUE,,Casablanca,Orange,"https://www.google.com/maps/place/Orange+FIBRE+OPTIQUE/@33.5486628,-7.5528404,13z/data=!4m10!1m2!2m1!1sOrange+agence+Casablanca!3m6!1s0xda7cd1174aace51:0x9047c896200d32f6!8m2!3d33.5486628!4d-7.4766227!15sChhPcmFuZ2UgYWdlbmNlIENhc2FibGFuY2FaGiIYb3JhbmdlIGFnZW5jZSBjYXNhYmxhbmNhkgERdGVsZXBob25lX2NvbXBhbnmaASRDaGREU1VoTk1HOW5TMFZKUTBGblNVUnNjVGxoYVhkUlJSQULgAQD6AQQIABBL!16s%2Fg%2F11st7q3jtt?entry=ttu&g_ep=EgoyMDI2MDQyMC4wIKXMDSoASAFQAw%3D%3D"
89,Orange,"
N°19, Groupe d'habitations, Operation Dakhla 2, N°23 Bis Magasin, Casablanca",Casablanca,Orange,"https://www.google.com/maps/place/Orange/@33.545,-7.7595777,13z/data=!4m10!1m2!2m1!1sOrange+agence+Casablanca!3m6!1s0xda7d3e20c22d90b:0xf021bcb9ded5d960!8m2!3d33.545!4d-7.68336!15sChhPcmFuZ2UgYWdlbmNlIENhc2FibGFuY2FaGiIYb3JhbmdlIGFnZW5jZSBjYXNhYmxhbmNhkgEQY2VsbF9waG9uZV9zdG9yZeABAA!16s%2Fg%2F11p_73sxty?entry=ttu&g_ep=EgoyMDI2MDQyMC4wIKXMDSoASAFQAw%3D%3D"
90,Orange Afrique et Moyen Orient - MEA,"
2ème étage, Quartier Casablanca Finance City, Hall B, Casablanca Finance City CFC Bridge, Lot 58, Casablanca 20250",Casablanca,Orange,"https://www.google.com/maps/place/Orange+Afrique+et+Moyen+Orient+-+MEA/@33.545,-7.7595777,13z/data=!4m10!1m2!2m1!1sOrange+agence+Casablanca!3m6!1s0xda7d36e24d5d0f9:0x94af315691a02dcc!8m2!3d33.5634618!4d-7.6606944!15sChhPcmFuZ2UgYWdlbmNlIENhc2FibGFuY2GSARBjb3Jwb3JhdGVfb2ZmaWNl4AEA!16s%2Fg%2F11jz79vl81?entry=ttu&g_ep=EgoyMDI2MDQyMC4wIKXMDSoASAFQAw%3D%3D"
91,Companie fleur d'orange,"
113 Av. Mers Sultan, Casablanca 20250",Casablanca,Orange,"https://www.google.com/maps/place/Companie+fleur+d'orange/@33.5860477,-7.6927311,13z/data=!4m10!1m2!2m1!1sOrange+agence+Casablanca!3m6!1s0xda7d29f344b1049:0x5bc862dbb84be2a6!8m2!3d33.5860477!4d-7.6165134!15sChhPcmFuZ2UgYWdlbmNlIENhc2FibGFuY2FaGiIYb3JhbmdlIGFnZW5jZSBjYXNhYmxhbmNhkgEHZmxvcmlzdOABAA!16s%2Fg%2F11b6jgx_sl?entry=ttu&g_ep=EgoyMDI2MDQyMC4wIKXMDSoASAFQAw%3D%3D"
92,Orange,"
Route régionale 3011 Résidence Andalous III GH11/IMM3 N 3,4,5 , Bouskoura, Casablanca",Casablanca,Orange,"https://www.google.com/maps/place/Orange/@33.460975,-7.7209467,13z/data=!4m10!1m2!2m1!1sOrange+agence+Casablanca!3m6!1s0xda62dc77d14a88f:0x88ebc2fd85970be7!8m2!3d33.460975!4d-7.644729!15sChhPcmFuZ2UgYWdlbmNlIENhc2FibGFuY2FaGiIYb3JhbmdlIGFnZW5jZSBjYXNhYmxhbmNhkgEQY2VsbF9waG9uZV9zdG9yZZoBI0NoWkRTVWhOTUc5blMwVk9ibFZwVG1WbU1IUjFlRWxCRUFF4AEA-gEECAAQNg!16s%2Fg%2F11q3d2j45w?entry=ttu&g_ep=EgoyMDI2MDQyMC4wIKXMDSoASAFQAw%3D%3D"
93,Orange,"
32 Boulevard Allal Ben Abdellah, Mediouna, Casablanca",Casablanca,Orange,"https://www.google.com/maps/place/Orange/@33.451784,-7.5880497,13z/data=!4m10!1m2!2m1!1sOrange+agence+Casablanca!3m6!1s0xda6370c0997c44f:0xc1eac65cf8feb800!8m2!3d33.451784!4d-7.511832!15sChhPcmFuZ2UgYWdlbmNlIENhc2FibGFuY2FaGiIYb3JhbmdlIGFnZW5jZSBjYXNhYmxhbmNhkgEQY2VsbF9waG9uZV9zdG9yZeABAA!16s%2Fg%2F11pz165zwb?entry=ttu&g_ep=EgoyMDI2MDQyMC4wIKXMDSoASAFQAw%3D%3D"
94,Orange,"
35 Rue Jbel Al Ayachi, Rabat",Rabat,Orange,"https://www.google.com/maps/place/Orange/@33.994869,-6.9236247,13z/data=!4m10!1m2!2m1!1sOrange+agence+Rabat!3m6!1s0xda76d6d055f7a65:0x41156bd6f66dbd80!8m2!3d33.994869!4d-6.847407!15sChNPcmFuZ2UgYWdlbmNlIFJhYmF0IgOIAQFaFSITb3JhbmdlIGFnZW5jZSByYWJhdJIBEGNlbGxfcGhvbmVfc3RvcmWaASNDaFpEU1VoTk1HOW5TMFZKUTBGblNVTnVMWEpZTjJaQkVBReABAPoBBAgAED8!16s%2Fg%2F11tmwyt_5d?entry=ttu&g_ep=EgoyMDI2MDQyMC4wIKXMDSoASAFQAw%3D%3D"
95,Orange - Arribat Center,"
Arribat Center, Centre commercial, Av. Inaouin, Rabat 10000",Rabat,Orange,"https://www.google.com/maps/place/Orange+-+Arribat+Center/@33.994869,-6.9236247,13z/data=!4m10!1m2!2m1!1sOrange+agence+Rabat!3m6!1s0xda76dc82a3408ff:0x452e560644981f22!8m2!3d34.002584!4d-6.849042!15sChNPcmFuZ2UgYWdlbmNlIFJhYmF0IgOIAQFaFSITb3JhbmdlIGFnZW5jZSByYWJhdJIBEGNlbGxfcGhvbmVfc3RvcmWaAURDaTlEUVVsUlFVTnZaRU5vZEhsalJqbHZUMjVPTTFaVmRIcGlWRlowVmtWT2MxWnFUa2RhVkdONVdUQkdWRlZIWXhBQuABAPoBBAgAEDg!16s%2Fg%2F11tsdvxf8_?entry=ttu&g_ep=EgoyMDI2MDQyMC4wIKXMDSoASAFQAw%3D%3D"
96,Orange,"
38 Av. Al Abtal, Rabat",Rabat,Orange,"https://www.google.com/maps/place/Orange/@33.994869,-6.9236247,13z/data=!4m10!1m2!2m1!1sOrange+agence+Rabat!3m6!1s0xda76df256876725:0x35a0fbf0dfe89ed4!8m2!3d34.000905!4d-6.84913!15sChNPcmFuZ2UgYWdlbmNlIFJhYmF0IgOIAQFaFSITb3JhbmdlIGFnZW5jZSByYWJhdJIBEGNlbGxfcGhvbmVfc3RvcmWaASNDaFpEU1VoTk1HOW5TMFZKUTBGblNVUllNVnB5UVZwQkVBReABAPoBBAgAEA0!16s%2Fg%2F11sqw0s2t1?entry=ttu&g_ep=EgoyMDI2MDQyMC4wIKXMDSoASAFQAw%3D%3D"
97,Orange,"
Gare ONCF, Rabat",Rabat,Orange,"https://www.google.com/maps/place/Orange/@33.994869,-6.9236247,13z/data=!4m10!1m2!2m1!1sOrange+agence+Rabat!3m6!1s0xda76d4fdba54979:0xd9477e038acaf8b4!8m2!3d34.00174!4d-6.857778!15sChNPcmFuZ2UgYWdlbmNlIFJhYmF0IgOIAQFaFSITb3JhbmdlIGFnZW5jZSByYWJhdJIBEGNlbGxfcGhvbmVfc3RvcmWaASNDaFpEU1VoTk1HOW5TMFZKUTBGblRVTlJhVTlVVVV4bkVBReABAPoBBAgAECs!16s%2Fg%2F11sqw13vg2?entry=ttu&g_ep=EgoyMDI2MDQyMC4wIKXMDSoASAFQAw%3D%3D"
98,Orange,"
Centre Ville, 28 Av. Allal Ben Abdellah, Rabat 10000",Rabat,Orange,"https://www.google.com/maps/place/Orange/@33.994869,-6.9236247,13z/data=!4m10!1m2!2m1!1sOrange+agence+Rabat!3m6!1s0xda76c77c5e680a5:0xa1dc56324d31300!8m2!3d34.021176!4d-6.836433!15sChNPcmFuZ2UgYWdlbmNlIFJhYmF0IgOIAQFaFSITb3JhbmdlIGFnZW5jZSByYWJhdJIBEGNlbGxfcGhvbmVfc3RvcmWaASNDaFpEU1VoTk1HOW5TMFZKUTBGblNVUXROM1Z5Um1GbkVBReABAPoBBAgAEDU!16s%2Fg%2F11bxd7rrpw?entry=ttu&g_ep=EgoyMDI2MDQyMC4wIKXMDSoASAFQAw%3D%3D"
99,Boutique Smart Store Orange,"
Espace Ennakhil 2 Ang Bd Ennakhil, Av. Mehdi Ben Barka, Rabat",Rabat,Orange,"https://www.google.com/maps/place/Boutique+Smart+Store+Orange/@33.994869,-6.9236247,13z/data=!4m10!1m2!2m1!1sOrange+agence+Rabat!3m6!1s0xda71331031ef283:0xccab91a531874ee0!8m2!3d33.953772!4d-6.864074!15sChNPcmFuZ2UgYWdlbmNlIFJhYmF0IgOIAQFaFSITb3JhbmdlIGFnZW5jZSByYWJhdJIBEGNlbGxfcGhvbmVfc3RvcmWaASNDaFpEU1VoTk1HOW5TMFZKUTBGblNVUTNOMk5VVlVsQkVBReABAPoBBQiQARBE!16s%2Fg%2F1tdm9pk2?entry=ttu&g_ep=EgoyMDI2MDQyMC4wIKXMDSoASAFQAw%3D%3D"
100,Orange,"
Mag N1, 45 Avenue El Haouz، Rabat",Rabat,Orange,"https://www.google.com/maps/place/Orange/@33.994869,-6.9236247,13z/data=!4m10!1m2!2m1!1sOrange+agence+Rabat!3m6!1s0xda76d3f67508729:0x3b57f3086c15b6d9!8m2!3d33.983643!4d-6.825656!15sChNPcmFuZ2UgYWdlbmNlIFJhYmF0IgOIAQFaFSITb3JhbmdlIGFnZW5jZSByYWJhdJIBEGNlbGxfcGhvbmVfc3RvcmWaAURDaTlEUVVsUlFVTnZaRU5vZEhsalJqbHZUMnhHVEZGdE9XNVpWWEJTVG14c2VscDZWbk5sUldoMVpWVTVlRTB5WXhBQuABAPoBBAgAEDs!16s%2Fg%2F11rtdbd4z2?entry=ttu&g_ep=EgoyMDI2MDQyMC4wIKXMDSoASAFQAw%3D%3D"
101,Agence orange,"
92 Av. Fal Ould Oumeir, Rabat",Rabat,Orange,"https://www.google.com/maps/place/Agence+orange/@33.994869,-6.9236247,13z/data=!4m10!1m2!2m1!1sOrange+agence+Rabat!3m6!1s0xda76d0006848ded:0x60f72198314d0432!8m2!3d33.9948116!4d-6.8473664!15sChNPcmFuZ2UgYWdlbmNlIFJhYmF0IgOIAQGSARBjb21tZXJjaWFsX2FnZW504AEA!16s%2Fg%2F11ldsv8z02?entry=ttu&g_ep=EgoyMDI2MDQyMC4wIKXMDSoASAFQAw%3D%3D"
102,Orange,"
Centre Commerciale Marjane, Rabat",Rabat,Orange,"https://www.google.com/maps/place/Orange/@33.994869,-6.9236247,13z/data=!4m10!1m2!2m1!1sOrange+agence+Rabat!3m6!1s0xda7135144e7ccdd:0x84508370ffc0cccb!8m2!3d33.9541!4d-6.85299!15sChNPcmFuZ2UgYWdlbmNlIFJhYmF0IgOIAQFaFSITb3JhbmdlIGFnZW5jZSByYWJhdJIBEGNlbGxfcGhvbmVfc3RvcmWaASNDaFpEU1VoTk1HOW5TMFZKUTBGblRVTm5jM1JRVGtsM0VBReABAPoBBAgAEDg!16s%2Fg%2F11p_737zfv?entry=ttu&g_ep=EgoyMDI2MDQyMC4wIKXMDSoASAFQAw%3D%3D"
103,Boutique Orange,"
13 Bis Av. Ibn Sina, Rabat",Rabat,Orange,"https://www.google.com/maps/place/Boutique+Orange/@33.994869,-6.9236247,13z/data=!4m10!1m2!2m1!1sOrange+agence+Rabat!3m6!1s0xda76c8e9e8365c3:0x803f8661a40ccc08!8m2!3d33.999794!4d-6.851014!15sChNPcmFuZ2UgYWdlbmNlIFJhYmF0IgOIAQFaFSITb3JhbmdlIGFnZW5jZSByYWJhdJIBEGNlbGxfcGhvbmVfc3RvcmWaAURDaTlEUVVsUlFVTnZaRU5vZEhsalJqbHZUMnRvUzJSSGFIWldSWGhHWlZad2RXRXlNVlpTUlRGelRUTmtUV016WXhBQuABAPoBBAgAEBA!16s%2Fg%2F1hc7j_1c2?entry=ttu&g_ep=EgoyMDI2MDQyMC4wIKXMDSoASAFQAw%3D%3D"
104,Agence Orange,"
X5MF+F84، Avenue El Haouz, Rabat",Rabat,Orange,"https://www.google.com/maps/place/Agence+Orange/@33.994869,-6.9236247,13z/data=!4m10!1m2!2m1!1sOrange+agence+Rabat!3m6!1s0xda76b002734219f:0x3e8847507208b5e6!8m2!3d33.9836264!4d-6.826686!15sChNPcmFuZ2UgYWdlbmNlIFJhYmF0IgOIAQGSARBjZWxsX3Bob25lX3N0b3Jl4AEA!16s%2Fg%2F11y43sdgy0?entry=ttu&g_ep=EgoyMDI2MDQyMC4wIKXMDSoASAFQAw%3D%3D"
105,Orange,"
156 Av. Assalam, Rabat",Rabat,Orange,"https://www.google.com/maps/place/Orange/@33.994869,-6.9236247,13z/data=!4m10!1m2!2m1!1sOrange+agence+Rabat!3m6!1s0xda76df17c31e105:0xe2481e9aa8ebdcf8!8m2!3d33.998738!4d-6.869711!15sChNPcmFuZ2UgYWdlbmNlIFJhYmF0IgOIAQFaFSITb3JhbmdlIGFnZW5jZSByYWJhdJIBEGNlbGxfcGhvbmVfc3RvcmWaAURDaTlEUVVsUlFVTnZaRU5vZEhsalJqbHZUMnhhTlU5R1JrOU1WWGh2VG0xc1FsUnJPVnBaTUdoWFRrWlNlbG96WXhBQuABAPoBBAgAECM!16s%2Fg%2F11t3hxn_6t?entry=ttu&g_ep=EgoyMDI2MDQyMC4wIKXMDSoASAFQAw%3D%3D"
106,Orange,"
735 Av. Al Massira, Rabat 10150",Rabat,Orange,"https://www.google.com/maps/place/Orange/@33.994869,-6.9236247,13z/data=!4m10!1m2!2m1!1sOrange+agence+Rabat!3m6!1s0xda76d2b405e11fb:0x98d78651af93a8a6!8m2!3d33.981436!4d-6.881751!15sChNPcmFuZ2UgYWdlbmNlIFJhYmF0IgOIAQFaFSITb3JhbmdlIGFnZW5jZSByYWJhdJIBEGNlbGxfcGhvbmVfc3RvcmWaASRDaGREU1VoTk1HOW5TMFZKUTBGblNVTjZkVGRpY0hCM1JSQULgAQD6AQUI-AEQLg!16s%2Fg%2F11t7f9wy7_?entry=ttu&g_ep=EgoyMDI2MDQyMC4wIKXMDSoASAFQAw%3D%3D"
107,Orange,"
Centre Ville, 81 Av. Allal Ben Abdellah, Rabat 10000",Rabat,Orange,"https://www.google.com/maps/place/Orange/@33.994869,-6.9236247,13z/data=!4m10!1m2!2m1!1sOrange+agence+Rabat!3m6!1s0xda76c781ad77249:0x2db3e61b04cf7686!8m2!3d34.01937!4d-6.83481!15sChNPcmFuZ2UgYWdlbmNlIFJhYmF0IgOIAQFaFSITb3JhbmdlIGFnZW5jZSByYWJhdJIBEGNlbGxfcGhvbmVfc3RvcmWaASRDaGREU1VoTk1HOW5TMFZKUTBGblNVTkNMWEJ5YURWblJSQULgAQD6AQQIABAi!16s%2Fg%2F11c55jblhr?entry=ttu&g_ep=EgoyMDI2MDQyMC4wIKXMDSoASAFQAw%3D%3D"
108,Orange,"
Groupe Assounboula, 54 Avenue Houmane El Fetouaki, Rabat",Rabat,Orange,"https://www.google.com/maps/place/Orange/@33.994869,-6.9236247,13z/data=!4m10!1m2!2m1!1sOrange+agence+Rabat!3m6!1s0xda76bd68a33cc5b:0x9c5c2c1b7f6b5f8e!8m2!3d33.98278!4d-6.821188!15sChNPcmFuZ2UgYWdlbmNlIFJhYmF0IgOIAQFaFSITb3JhbmdlIGFnZW5jZSByYWJhdJIBEGNlbGxfcGhvbmVfc3RvcmXgAQA!16s%2Fg%2F11rr7g3rd1?entry=ttu&g_ep=EgoyMDI2MDQyMC4wIKXMDSoASAFQAw%3D%3D"
109,Orange Tech Center,"
X4JG+9RJ, Rabat",Rabat,Orange,"https://www.google.com/maps/place/Orange+Tech+Center/@33.994869,-6.9236247,13z/data=!4m10!1m2!2m1!1sOrange+agence+Rabat!3m6!1s0xda76cde7db96613:0xa7298c19eb3154f2!8m2!3d33.9809666!4d-6.872998!15sChNPcmFuZ2UgYWdlbmNlIFJhYmF0IgOIAQGSARFlbXBsb3ltZW50X2NlbnRlcuABAA!16s%2Fg%2F11g8wpcbpl?entry=ttu&g_ep=EgoyMDI2MDQyMC4wIKXMDSoASAFQAw%3D%3D"
110,Boutique Orange,"
Immeuble N° 6, Résidence, 12 Avenue Al Majd, Av. Al Fath, Rabat",Rabat,Orange,"https://www.google.com/maps/place/Boutique+Orange/@33.994869,-6.9236247,13z/data=!4m10!1m2!2m1!1sOrange+agence+Rabat!3m6!1s0xda76d364d9a9473:0xd566c351e36d5dbd!8m2!3d33.968018!4d-6.897437!15sChNPcmFuZ2UgYWdlbmNlIFJhYmF0IgOIAQFaFSITb3JhbmdlIGFnZW5jZSByYWJhdJIBEGNlbGxfcGhvbmVfc3RvcmWaAURDaTlEUVVsUlFVTnZaRU5vZEhsalJqbHZUMjE0VFZreWJITlNSR3hyV2pOU2NGSnRUbkppYXpWV1ltNUtVRlp0WXhBQuABAPoBBAgAEEo!16s%2Fg%2F11f102m472?entry=ttu&g_ep=EgoyMDI2MDQyMC4wIKXMDSoASAFQAw%3D%3D"
111,Orange Créative,"
56 Rue Oued Sebou, Rabat 10090",Rabat,Orange,"https://www.google.com/maps/place/Orange+Cr%C3%A9ative/@33.994869,-6.9236247,13z/data=!4m10!1m2!2m1!1sOrange+agence+Rabat!3m6!1s0xda76c8f7cbe4933:0x5b270fd119012834!8m2!3d33.999382!4d-6.8460211!15sChNPcmFuZ2UgYWdlbmNlIFJhYmF0IgOIAQFaFSITb3JhbmdlIGFnZW5jZSByYWJhdJIBD2RpZ2l0YWxfcHJpbnRlcpoBI0NoWkRTVWhOTUc5blMwVkpRMEZuU1VSUGFuVnBUbGxSRUFF4AEA-gEECAAQFQ!16s%2Fg%2F11clswympx?entry=ttu&g_ep=EgoyMDI2MDQyMC4wIKXMDSoASAFQAw%3D%3D"
112,Orange,"
259 Av. Sidi Mohamed Ben Abdellah, Rabat",Rabat,Orange,"https://www.google.com/maps/place/Orange/@33.994869,-6.9236247,13z/data=!4m10!1m2!2m1!1sOrange+agence+Rabat!3m6!1s0xda76d3afb973b7f:0xa315866c654d9039!8m2!3d34.0088!4d-6.86071!15sChNPcmFuZ2UgYWdlbmNlIFJhYmF0IgOIAQFaFSITb3JhbmdlIGFnZW5jZSByYWJhdJIBEGNlbGxfcGhvbmVfc3RvcmWaAURDaTlEUVVsUlFVTnZaRU5vZEhsalJqbHZUMmt4UTFsWVRrSk5lbWh3WTFWU1JsRlVRVFZoYmtvd1RsZE9NbFJIWXhBQuABAPoBBQicARAf!16s%2Fg%2F11p_73p2xq?entry=ttu&g_ep=EgoyMDI2MDQyMC4wIKXMDSoASAFQAw%3D%3D"
113,Orange,"
Centre Ville, 281 Boulevard Mohamed V, Rabat",Rabat,Orange,"https://www.google.com/maps/place/Orange/@33.994869,-6.9236247,13z/data=!4m10!1m2!2m1!1sOrange+agence+Rabat!3m6!1s0xda713b30b783c07:0x628f135aded57245!8m2!3d34.0183!4d-6.83584!15sChNPcmFuZ2UgYWdlbmNlIFJhYmF0IgOIAQFaFSITb3JhbmdlIGFnZW5jZSByYWJhdJIBEGNlbGxfcGhvbmVfc3RvcmXgAQA!16s%2Fg%2F11j8vmr4fl?entry=ttu&g_ep=EgoyMDI2MDQyMC4wIKXMDSoASAFQAw%3D%3D"
114,Free Techno S.A.R.L. (Free Com),"
Hay El Fath, Résid. Ribat Alfath, Imm. 1 Mag N°2, Cym, 10150, Ra, Rabat 10150",Rabat,Orange,"https://www.google.com/maps/place/Free+Techno+S.A.R.L.+(Free+Com)/@33.994869,-6.9236247,13z/data=!4m10!1m2!2m1!1sOrange+agence+Rabat!3m6!1s0xda76cf01d020c0f:0xc4638e2cd315c501!8m2!3d33.995294!4d-6.866454!15sChNPcmFuZ2UgYWdlbmNlIFJhYmF0IgOIAQHgAQA!16s%2Fg%2F11b6h_fcsp?entry=ttu&g_ep=EgoyMDI2MDQyMC4wIKXMDSoASAFQAw%3D%3D"
115,Boutique Orange,"
N°39, Lotissement Smahia, Rue N°3, Magasin, 1 Av. Sidi Moussa, Salé",Rabat,Orange,"https://www.google.com/maps/place/Boutique+Orange/@34.04902,-6.8936877,13z/data=!4m10!1m2!2m1!1sOrange+agence+Rabat!3m6!1s0xda76be13e6708e7:0xd296e40c8bd52957!8m2!3d34.04902!4d-6.81747!15sChNPcmFuZ2UgYWdlbmNlIFJhYmF0IgOIAQGSARBjZWxsX3Bob25lX3N0b3Jl4AEA!16s%2Fg%2F11b66h7l1d?entry=ttu&g_ep=EgoyMDI2MDQyMC4wIKXMDSoASAFQAw%3D%3D"
116,Agence Orange,"
X5MF+F84، Avenue El Haouz, Rabat",Marrakech,Orange,"https://www.google.com/maps/place/Agence+Orange/@33.9836264,-9.2656508,8z/data=!4m10!1m2!2m1!1sOrange+agence+Marrakech!3m6!1s0xda76b002734219f:0x3e8847507208b5e6!8m2!3d33.9836264!4d-6.826686!15sChdPcmFuZ2UgYWdlbmNlIE1hcnJha2VjaJIBEGNlbGxfcGhvbmVfc3RvcmXgAQA!16s%2Fg%2F11y43sdgy0?entry=ttu&g_ep=EgoyMDI2MDQyMC4wIKXMDSoASAFQAw%3D%3D"
117,Orange,"
Centre Ville, 28 Av. Allal Ben Abdellah, Rabat 10000",Marrakech,Orange,"https://www.google.com/maps/place/Orange/@33.9836264,-9.2656508,8z/data=!4m10!1m2!2m1!1sOrange+agence+Marrakech!3m6!1s0xda76c77c5e680a5:0xa1dc56324d31300!8m2!3d34.021176!4d-6.836433!15sChdPcmFuZ2UgYWdlbmNlIE1hcnJha2VjaFoZIhdvcmFuZ2UgYWdlbmNlIG1hcnJha2VjaJIBEGNlbGxfcGhvbmVfc3RvcmWaASNDaFpEU1VoTk1HOW5TMFZKUTBGblNVUXROM1Z5Um1GbkVBReABAPoBBAgAEDU!16s%2Fg%2F11bxd7rrpw?entry=ttu&g_ep=EgoyMDI2MDQyMC4wIKXMDSoASAFQAw%3D%3D"
118,Boutique Orange,"
Immeuble N° 6, Résidence, 12 Avenue Al Majd, Av. Al Fath, Rabat",Marrakech,Orange,"https://www.google.com/maps/place/Boutique+Orange/@33.9836264,-9.2656508,8z/data=!4m10!1m2!2m1!1sOrange+agence+Marrakech!3m6!1s0xda76d364d9a9473:0xd566c351e36d5dbd!8m2!3d33.968018!4d-6.897437!15sChdPcmFuZ2UgYWdlbmNlIE1hcnJha2VjaFoZIhdvcmFuZ2UgYWdlbmNlIG1hcnJha2VjaJIBEGNlbGxfcGhvbmVfc3RvcmWaAURDaTlEUVVsUlFVTnZaRU5vZEhsalJqbHZUMjE0VFZreWJITlNSR3hyV2pOU2NGSnRUbkppYXpWV1ltNUtVRlp0WXhBQuABAPoBBAgAEEo!16s%2Fg%2F11f102m472?entry=ttu&g_ep=EgoyMDI2MDQyMC4wIKXMDSoASAFQAw%3D%3D"
119,Agence Orange,"
Hay hassani bloc 25 N693 bis, 40000",Marrakech,Orange,"https://www.google.com/maps/place/Agence+Orange/@31.6316488,-10.4846444,8z/data=!4m10!1m2!2m1!1sOrange+agence+Marrakech!3m6!1s0xdafef28c3711b9b:0x813ae927eebdaae7!8m2!3d31.6316488!4d-8.0456796!15sChdPcmFuZ2UgYWdlbmNlIE1hcnJha2VjaFoZIhdvcmFuZ2UgYWdlbmNlIG1hcnJha2VjaJIBEGNlbGxfcGhvbmVfc3RvcmWaASRDaGREU1VoTk1HOW5TMFZKUTBGblNVTmZiV1p1TlhwQlJSQULgAQD6AQQIABAN!16s%2Fg%2F11h35p09b_?entry=ttu&g_ep=EgoyMDI2MDQyMC4wIKXMDSoASAFQAw%3D%3D"
120,Orange,"
Résidence RAJA, Marrakech 40140",Marrakech,Orange,"https://www.google.com/maps/place/Orange/@31.6316488,-10.4846444,8z/data=!4m10!1m2!2m1!1sOrange+agence+Marrakech!3m6!1s0xdafe9d6214ed6dd:0x8fb5adf935bd5460!8m2!3d31.632282!4d-8.063809!15sChdPcmFuZ2UgYWdlbmNlIE1hcnJha2VjaFoZIhdvcmFuZ2UgYWdlbmNlIG1hcnJha2VjaJIBEGNlbGxfcGhvbmVfc3RvcmXgAQA!16s%2Fg%2F11hf44wytn?entry=ttu&g_ep=EgoyMDI2MDQyMC4wIKXMDSoASAFQAw%3D%3D"
121,Boutique Orange,"
n 4, et Ibnou Noussair, Angle Ave Mohammed V, Tangier",Tanger,Orange,"https://www.google.com/maps/place/Boutique+Orange/@35.7791,-8.2472348,8z/data=!4m11!1m3!2m2!1sOrange+agence+Tanger!6e6!3m6!1s0xd0b8146ded0b7ad:0xa805dcd93c47c945!8m2!3d35.7791!4d-5.80827!15sChRPcmFuZ2UgYWdlbmNlIFRhbmdlcloWIhRvcmFuZ2UgYWdlbmNlIHRhbmdlcpIBEGNlbGxfcGhvbmVfc3RvcmWaASRDaGREU1VoTk1HOW5TMFZKUTBGblNVUkljQzE2U1hOUlJSQULgAQD6AQUIiAIQSA!16s%2Fg%2F11h2fyq01s?entry=ttu&g_ep=EgoyMDI2MDQyMC4wIKXMDSoASAFQAw%3D%3D"
122,Orange,"
Avenue Tarek ibn Zyad N35 Hay Bani Makada, Tangier",Tanger,Orange,"https://www.google.com/maps/place/Orange/@35.7791,-8.2472348,8z/data=!4m11!1m3!2m2!1sOrange+agence+Tanger!6e6!3m6!1s0xd0b87f675132faf:0x92e186aad3020544!8m2!3d35.762815!4d-5.803608!15sChRPcmFuZ2UgYWdlbmNlIFRhbmdlcloWIhRvcmFuZ2UgYWdlbmNlIHRhbmdlcpIBEGNlbGxfcGhvbmVfc3RvcmWaASNDaFpEU1VoTk1HOW5TMFZKUTBGblNVUm1jRGhFYzFGM0VBReABAPoBBAhzEEA!16s%2Fg%2F11rr7g1m7y?entry=ttu&g_ep=EgoyMDI2MDQyMC4wIKXMDSoASAFQAw%3D%3D"
123,Boutique Orange,"
Centre Commercial Marjane, Tangier 90060",Tanger,Orange,"https://www.google.com/maps/place/Boutique+Orange/@35.7791,-8.2472348,8z/data=!4m11!1m3!2m2!1sOrange+agence+Tanger!6e6!3m6!1s0xd0b871189f9bd6d:0xec0e555eb5b9e471!8m2!3d35.746483!4d-5.843967!15sChRPcmFuZ2UgYWdlbmNlIFRhbmdlcloWIhRvcmFuZ2UgYWdlbmNlIHRhbmdlcpIBEGNlbGxfcGhvbmVfc3RvcmWaASNDaFpEU1VoTk1HOW5TMFZKUTBGblNVTktiVXRxTldWbkVBReABAPoBBQiVAhAP!16s%2Fg%2F11c5rvdfpz?entry=ttu&g_ep=EgoyMDI2MDQyMC4wIKXMDSoASAFQAw%3D%3D"
124,Orange - Agence Ahlan,"
Av, Bd Royaume d'Arabie Saoudite, Tanger 90000",Tanger,Orange,"https://www.google.com/maps/place/Orange+-+Agence+Ahlan/@35.7791,-8.2472348,8z/data=!4m11!1m3!2m2!1sOrange+agence+Tanger!6e6!3m6!1s0xd0b87fa2bfadc31:0xf63fd374948bde50!8m2!3d35.7440295!4d-5.8309491!15sChRPcmFuZ2UgYWdlbmNlIFRhbmdlcloWIhRvcmFuZ2UgYWdlbmNlIHRhbmdlcpIBI3RlbGVjb21tdW5pY2F0aW9uc19zZXJ2aWNlX3Byb3ZpZGVymgFEQ2k5RFFVbFJRVU52WkVOb2RIbGpSamx2VDJ4c1ZtTldXa05pTW5kM1RsaFNiMVZWZEZSaE1VazBXRE5HZFZWWVl4QULgAQD6AQQIABA1!16s%2Fg%2F11h3nhl50c?entry=ttu&g_ep=EgoyMDI2MDQyMC4wIKXMDSoASAFQAw%3D%3D"
125,Boutique Orange,"
Centre Ville, 23 Bd Pasteur, Tangier 90000",Tanger,Orange,"https://www.google.com/maps/place/Boutique+Orange/@35.7791,-8.2472348,8z/data=!4m11!1m3!2m2!1sOrange+agence+Tanger!6e6!3m6!1s0xd0c7f5389d68f3b:0xb55464da7472c409!8m2!3d35.780486!4d-5.81078!15sChRPcmFuZ2UgYWdlbmNlIFRhbmdlcloWIhRvcmFuZ2UgYWdlbmNlIHRhbmdlcpIBEGNlbGxfcGhvbmVfc3RvcmWaAURDaTlEUVVsUlFVTnZaRU5vZEhsalJqbHZUMjVHTm1FelpFaGtWVnBVVTBVNWVsbFhUbE5pVkU1clkxVnNhR1Z1WXhBQuABAPoBBAgAEDc!16s%2Fg%2F1tdxgk78?entry=ttu&g_ep=EgoyMDI2MDQyMC4wIKXMDSoASAFQAw%3D%3D"
126,Orange,"
Centre Ville, 91 Ave Mohammed V, Tangier 90000",Tanger,Orange,"https://www.google.com/maps/place/Orange/@35.7791,-8.2472348,8z/data=!4m11!1m3!2m2!1sOrange+agence+Tanger!6e6!3m6!1s0xd0c7f5871f54c7b:0xd60f172caedf37c2!8m2!3d35.776202!4d-5.802286!15sChRPcmFuZ2UgYWdlbmNlIFRhbmdlcloWIhRvcmFuZ2UgYWdlbmNlIHRhbmdlcpIBEGNlbGxfcGhvbmVfc3RvcmWaASRDaGREU1VoTk1HOW5TMFZKUTBGblNVUlNOVFZwWHpaM1JSQULgAQD6AQQIABAm!16s%2Fg%2F11hcw8bf8f?entry=ttu&g_ep=EgoyMDI2MDQyMC4wIKXMDSoASAFQAw%3D%3D"
127,Agence Orange,"
n, EN NASSIRI sis Angle Place Madina et rue Ibn Toumert, 8 Sahat Al Madina, Tangier",Tanger,Orange,"https://www.google.com/maps/place/Agence+Orange/@35.7791,-8.2472348,8z/data=!4m11!1m3!2m2!1sOrange+agence+Tanger!6e6!3m6!1s0xd0c7f7cbc4170b5:0xf0b2c54e23eeebf4!8m2!3d35.775198!4d-5.81124!15sChRPcmFuZ2UgYWdlbmNlIFRhbmdlcloWIhRvcmFuZ2UgYWdlbmNlIHRhbmdlcpIBEGNlbGxfcGhvbmVfc3RvcmWaAURDaTlEUVVsUlFVTnZaRU5vZEhsalJqbHZUMnh3TW1Nd1pEVmFNMUpSV2xWa2RGb3hVbHBTYXpGSFQwUlNRMVV6WXhBQuABAPoBBAgAEEM!16s%2Fg%2F11h2fgj0x_?entry=ttu&g_ep=EgoyMDI2MDQyMC4wIKXMDSoASAFQAw%3D%3D"
128,Orange,"
GH, 4 comp Al Irfane, Tangier",Tanger,Orange,"https://www.google.com/maps/place/Orange/@35.7791,-8.2472348,8z/data=!4m11!1m3!2m2!1sOrange+agence+Tanger!6e6!3m6!1s0xd0b8732d83c183d:0xbd3c5f5740554931!8m2!3d35.736252!4d-5.878918!15sChRPcmFuZ2UgYWdlbmNlIFRhbmdlcloWIhRvcmFuZ2UgYWdlbmNlIHRhbmdlcpIBEGNlbGxfcGhvbmVfc3RvcmWaASNDaFpEU1VoTk1HOW5TMFZKUTBGblNVUklNbUZMWVVWbkVBReABAPoBBAgAED0!16s%2Fg%2F11rtd9xgs5?entry=ttu&g_ep=EgoyMDI2MDQyMC4wIKXMDSoASAFQAw%3D%3D"
129,"Boutique Orange Aouama, Tanger","
Lotissement Meryem, 20 Avenue Al Qods, 20 Rue, Tangier",Tanger,Orange,"https://www.google.com/maps/place/Boutique+Orange+Aouama,+Tanger/@35.7791,-8.2472348,8z/data=!4m11!1m3!2m2!1sOrange+agence+Tanger!6e6!3m6!1s0xd0b81003c0abcad:0xd463d85be1b841ff!8m2!3d35.7464205!4d-5.7988972!15sChRPcmFuZ2UgYWdlbmNlIFRhbmdlcloWIhRvcmFuZ2UgYWdlbmNlIHRhbmdlcpIBEGNlbGxfcGhvbmVfc3RvcmXgAQA!16s%2Fg%2F11zjvj81mk?entry=ttu&g_ep=EgoyMDI2MDQyMC4wIKXMDSoASAFQAw%3D%3D"
130,Agence Orange,"
Florencia St, Tangier 90060",Tanger,Orange,"https://www.google.com/maps/place/Agence+Orange/@35.7791,-8.2472348,8z/data=!4m11!1m3!2m2!1sOrange+agence+Tanger!6e6!3m6!1s0xd0b87499c1acda3:0x1de20ee5ab6006bc!8m2!3d35.755392!4d-5.820487!15sChRPcmFuZ2UgYWdlbmNlIFRhbmdlcloWIhRvcmFuZ2UgYWdlbmNlIHRhbmdlcpIBEGNlbGxfcGhvbmVfc3RvcmWaASNDaFpEU1VoTk1HOW5TMFZKUTBGblRVUlJiR1oyVUVsM0VBReABAPoBBAgAEDw!16s%2Fg%2F11csqjg912?entry=ttu&g_ep=EgoyMDI2MDQyMC4wIKXMDSoASAFQAw%3D%3D"
131,Agence Orange,"
Local El MTIOUI, Rue Dradeb, Tangier",Tanger,Orange,"https://www.google.com/maps/place/Agence+Orange/@35.7791,-8.2472348,8z/data=!4m11!1m3!2m2!1sOrange+agence+Tanger!6e6!3m6!1s0xd0c795812eee3a9:0x89da0a7d29f619da!8m2!3d35.785488!4d-5.829829!15sChRPcmFuZ2UgYWdlbmNlIFRhbmdlcloWIhRvcmFuZ2UgYWdlbmNlIHRhbmdlcpIBEGNlbGxfcGhvbmVfc3RvcmWaASRDaGREU1VoTk1HOW5TMFZKUTBGblNVTkllRzgzYm5oM1JSQULgAQD6AQQIABAS!16s%2Fg%2F11g1vmr_d9?entry=ttu&g_ep=EgoyMDI2MDQyMC4wIKXMDSoASAFQAw%3D%3D"
132,Orange,"
54 Rue De La Liberté, Liberté, Tangier",Tanger,Orange,"https://www.google.com/maps/place/Orange/@35.7791,-8.2472348,8z/data=!4m11!1m3!2m2!1sOrange+agence+Tanger!6e6!3m6!1s0xd0c7f642155d01d:0xbbfc0be56169a10f!8m2!3d35.782452!4d-5.812792!15sChRPcmFuZ2UgYWdlbmNlIFRhbmdlcloWIhRvcmFuZ2UgYWdlbmNlIHRhbmdlcpIBEGNlbGxfcGhvbmVfc3RvcmWaASRDaGREU1VoTk1HOW5TMFZKUTBGblNVUm9hRXh5Y3pKQlJSQULgAQD6AQQIABAS!16s%2Fg%2F11j7jdfkvf?entry=ttu&g_ep=EgoyMDI2MDQyMC4wIKXMDSoASAFQAw%3D%3D"
133,AGENCE ORANGE,"
Av. Aicha Moussafer, Tanger 90060",Tanger,Orange,"https://www.google.com/maps/place/AGENCE+ORANGE/@35.7791,-8.2472348,8z/data=!4m11!1m3!2m2!1sOrange+agence+Tanger!6e6!3m6!1s0xd0b81e2af915e55:0x9de3e26bab185e5f!8m2!3d35.7410227!4d-5.8059626!15sChRPcmFuZ2UgYWdlbmNlIFRhbmdlcpIBEGNvbW1lcmNpYWxfYWdlbnTgAQA!16s%2Fg%2F11l28vtht0?entry=ttu&g_ep=EgoyMDI2MDQyMC4wIKXMDSoASAFQAw%3D%3D"
134,Agence Orange,"
Centre Ville, Gare ONCF, Tangier",Tanger,Orange,"https://www.google.com/maps/place/Agence+Orange/@35.7791,-8.2472348,8z/data=!4m11!1m3!2m2!1sOrange+agence+Tanger!6e6!3m6!1s0xd0b81351d360b61:0x546376c0f47812b2!8m2!3d35.771644!4d-5.786108!15sChRPcmFuZ2UgYWdlbmNlIFRhbmdlcloWIhRvcmFuZ2UgYWdlbmNlIHRhbmdlcpIBEGNlbGxfcGhvbmVfc3RvcmWaAURDaTlEUVVsUlFVTnZaRU5vZEhsalJqbHZUMjFzTWxNeFJqQlJWbWhXVlRGYVRWUjZTakJoVjNCRFdUQk9SVmd6WXhBQuABAPoBBAgAEAw!16s%2Fg%2F11h7tffmpc?entry=ttu&g_ep=EgoyMDI2MDQyMC4wIKXMDSoASAFQAw%3D%3D"
135,Agence Orange,"
Centre Ville, 6 Rue El Youssoufia, Tangier",Tanger,Orange,"https://www.google.com/maps/place/Agence+Orange/@35.7791,-8.2472348,8z/data=!4m11!1m3!2m2!1sOrange+agence+Tanger!6e6!3m6!1s0xd0c7f5176ab6591:0xe78af6e2fd736dfc!8m2!3d35.776996!4d-5.805218!15sChRPcmFuZ2UgYWdlbmNlIFRhbmdlcloWIhRvcmFuZ2UgYWdlbmNlIHRhbmdlcpIBEGNlbGxfcGhvbmVfc3RvcmWaAURDaTlEUVVsUlFVTnZaRU5vZEhsalJqbHZUMnhPWm1GRmRIWmlTRTUzVVRKMFlVMXJVbTVSTUdjeFZrVjBjR0pJWXhBQuABAPoBBQiPARAx!16s%2Fg%2F11q1lfdjqy?entry=ttu&g_ep=EgoyMDI2MDQyMC4wIKXMDSoASAFQAw%3D%3D"
136,Orange,"
Centre Ville, 90 Av. Moulay Youssef, Tangier 90060",Tanger,Orange,"https://www.google.com/maps/place/Orange/@35.7791,-8.2472348,8z/data=!4m11!1m3!2m2!1sOrange+agence+Tanger!6e6!3m6!1s0xd0b81d93edb1641:0xbbc3418373b6d30a!8m2!3d35.77057!4d-5.80788!15sChRPcmFuZ2UgYWdlbmNlIFRhbmdlcloWIhRvcmFuZ2UgYWdlbmNlIHRhbmdlcpIBEGNlbGxfcGhvbmVfc3RvcmXgAQA!16s%2Fg%2F11sqw0nnhs?entry=ttu&g_ep=EgoyMDI2MDQyMC4wIKXMDSoASAFQAw%3D%3D"
137,Boutique Orange,"
79 Boulevard D'Anfa, Tangier 90060",Tanger,Orange,"https://www.google.com/maps/place/Boutique+Orange/@35.7791,-8.2472348,8z/data=!4m11!1m3!2m2!1sOrange+agence+Tanger!6e6!3m6!1s0xd0b8759ebbc8a5d:0x239891411d30d14c!8m2!3d35.770054!4d-5.825968!15sChRPcmFuZ2UgYWdlbmNlIFRhbmdlcpIBEGNlbGxfcGhvbmVfc3RvcmXgAQA!16s%2Fg%2F119v548sd?entry=ttu&g_ep=EgoyMDI2MDQyMC4wIKXMDSoASAFQAw%3D%3D"
138,Orange,"
Ibn Batouta 15 , Route de Tetouan, Route Tetouan, Tangier",Tanger,Orange,"https://www.google.com/maps/place/Orange/@35.7791,-8.2472348,8z/data=!4m11!1m3!2m2!1sOrange+agence+Tanger!6e6!3m6!1s0xd0b815e70e213fb:0xe7863abcc78a66a8!8m2!3d35.757365!4d-5.791766!15sChRPcmFuZ2UgYWdlbmNlIFRhbmdlcloWIhRvcmFuZ2UgYWdlbmNlIHRhbmdlcpIBEGNlbGxfcGhvbmVfc3RvcmWaASNDaFpEU1VoTk1HOW5TMFZKUTBGblNVTkllWEZQWlU1bkVBReABAPoBBAgAEEA!16s%2Fg%2F11q3d2d47d?entry=ttu&g_ep=EgoyMDI2MDQyMC4wIKXMDSoASAFQAw%3D%3D"
139,Orange,"
Bni Makada, 26 Avenue Fatima Zahra, Laazifat, Tanger",Tanger,Orange,"https://www.google.com/maps/place/Orange/@35.7791,-8.2472348,8z/data=!4m11!1m3!2m2!1sOrange+agence+Tanger!6e6!3m6!1s0xd0b819906b02d55:0x5b58e7efccadc35a!8m2!3d35.753764!4d-5.807321!15sChRPcmFuZ2UgYWdlbmNlIFRhbmdlcloWIhRvcmFuZ2UgYWdlbmNlIHRhbmdlcpIBEGNlbGxfcGhvbmVfc3RvcmWaAURDaTlEUVVsUlFVTnZaRU5vZEhsalJqbHZUMjF3Y1dKRVVrMWpTR2gyVmpCb1psa3lOVmhXUms1b1RGaG9WbEZZWXhBQuABAPoBBQi6AhAp!16s%2Fg%2F11t3hxnmpr?entry=ttu&g_ep=EgoyMDI2MDQyMC4wIKXMDSoASAFQAw%3D%3D"
140,Orange,"
Centre Ville, 28 Av. Allal Ben Abdellah, Rabat 10000",Tanger,Orange,"https://www.google.com/maps/place/Orange/@34.021176,-9.2753978,8z/data=!4m11!1m3!2m2!1sOrange+agence+Tanger!6e6!3m6!1s0xda76c77c5e680a5:0xa1dc56324d31300!8m2!3d34.021176!4d-6.836433!15sChRPcmFuZ2UgYWdlbmNlIFRhbmdlcloWIhRvcmFuZ2UgYWdlbmNlIHRhbmdlcpIBEGNlbGxfcGhvbmVfc3RvcmWaASNDaFpEU1VoTk1HOW5TMFZKUTBGblNVUXROM1Z5Um1GbkVBReABAPoBBAgAEDU!16s%2Fg%2F11bxd7rrpw?entry=ttu&g_ep=EgoyMDI2MDQyMC4wIKXMDSoASAFQAw%3D%3D"
141,Orange,"
Centre Commercial, Socco Alto, Rte California, Tanger 90040",Tanger,Orange,"https://www.google.com/maps/place/Orange/@35.781124,-8.2795318,8z/data=!4m11!1m3!2m2!1sOrange+agence+Tanger!6e6!3m6!1s0xd0c79244344c0c5:0xd2af370e2c32418e!8m2!3d35.781124!4d-5.840567!15sChRPcmFuZ2UgYWdlbmNlIFRhbmdlcloWIhRvcmFuZ2UgYWdlbmNlIHRhbmdlcpIBEGNlbGxfcGhvbmVfc3RvcmWaAURDaTlEUVVsUlFVTnZaRU5vZEhsalJqbHZUMjFLVkZZeFRtNVRiRTVEV1hwR2JWZFdUblZaVm1oUVRtdFZORnBIWXhBQuABAPoBBAgAECg!16s%2Fg%2F11t3hxq6b5?entry=ttu&g_ep=EgoyMDI2MDQyMC4wIKXMDSoASAFQAw%3D%3D"
142,Boutique Orange,"
79 Boulevard D'Anfa, Tangier 90060",Tanger,Orange,"https://www.google.com/maps/place/Boutique+Orange/@35.781124,-8.2795318,8z/data=!4m11!1m3!2m2!1sOrange+agence+Tanger!6e6!3m6!1s0xd0b8759ebbc8a5d:0x239891411d30d14c!8m2!3d35.770054!4d-5.825968!15sChRPcmFuZ2UgYWdlbmNlIFRhbmdlcpIBEGNlbGxfcGhvbmVfc3RvcmXgAQA!16s%2Fg%2F119v548sd?entry=ttu&g_ep=EgoyMDI2MDQyMC4wIKXMDSoASAFQAw%3D%3D"
143,Agence Orange,"
X5MF+F84، Avenue El Haouz, Rabat",Tanger,Orange,"https://www.google.com/maps/place/Agence+Orange/@33.9836264,-9.2656508,8z/data=!4m11!1m3!2m2!1sOrange+agence+Tanger!6e6!3m6!1s0xda76b002734219f:0x3e8847507208b5e6!8m2!3d33.9836264!4d-6.826686!15sChRPcmFuZ2UgYWdlbmNlIFRhbmdlcpIBEGNlbGxfcGhvbmVfc3RvcmXgAQA!16s%2Fg%2F11y43sdgy0?entry=ttu&g_ep=EgoyMDI2MDQyMC4wIKXMDSoASAFQAw%3D%3D"
144,Boutique Orange,"
Immeuble N° 6, Résidence, 12 Avenue Al Majd, Av. Al Fath, Rabat",Tanger,Orange,"https://www.google.com/maps/place/Boutique+Orange/@33.9836264,-9.2656508,8z/data=!4m11!1m3!2m2!1sOrange+agence+Tanger!6e6!3m6!1s0xda76d364d9a9473:0xd566c351e36d5dbd!8m2!3d33.968018!4d-6.897437!15sChRPcmFuZ2UgYWdlbmNlIFRhbmdlcloWIhRvcmFuZ2UgYWdlbmNlIHRhbmdlcpIBEGNlbGxfcGhvbmVfc3RvcmWaAURDaTlEUVVsUlFVTnZaRU5vZEhsalJqbHZUMjE0VFZreWJITlNSR3hyV2pOU2NGSnRUbkppYXpWV1ltNUtVRlp0WXhBQuABAPoBBAgAEEo!16s%2Fg%2F11f102m472?entry=ttu&g_ep=EgoyMDI2MDQyMC4wIKXMDSoASAFQAw%3D%3D"
145,Orange Casabarata,"
Q56H+969, Tangier 90060",Tanger,Orange,"https://www.google.com/maps/place/Orange+Casabarata/@35.7608708,-8.2607345,8z/data=!4m11!1m3!2m2!1sOrange+agence+Tanger!6e6!3m6!1s0xd0b876f685f95b7:0x5a714074357f217c!8m2!3d35.7608708!4d-5.8217697!15sChRPcmFuZ2UgYWdlbmNlIFRhbmdlcloWIhRvcmFuZ2UgYWdlbmNlIHRhbmdlcpIBBXN0b3JlmgFEQ2k5RFFVbFJRVU52WkVOb2RIbGpSamx2VDI1T1RVeFVValZsV0ZKS1draHdSVnBxVG5OWGEyeDVZbXRLVkZvell4QULgAQD6AQQIABAU!16s%2Fg%2F11y1xswv3n?entry=ttu&g_ep=EgoyMDI2MDQyMC4wIKXMDSoASAFQAw%3D%3D"
146,MSC Orange Tanger,"
Q697+7C3, Tanger",Tanger,Orange,"https://www.google.com/maps/place/MSC+Orange+Tanger/@35.7608708,-8.2607345,8z/data=!4m11!1m3!2m2!1sOrange+agence+Tanger!6e6!3m6!1s0xd0b81007b5af505:0xabf6ec3d93d062d9!8m2!3d35.7681375!4d-5.7864531!15sChRPcmFuZ2UgYWdlbmNlIFRhbmdlcpIBEGNvbW11bml0eV9jZW50ZXLgAQA!16s%2Fg%2F11vwx7ggyn?entry=ttu&g_ep=EgoyMDI2MDQyMC4wIKXMDSoASAFQAw%3D%3D"
147,Orange,"
Centre Ville, 30 Av. Moulay Youssef, Tangier 90060",Tanger,Orange,"https://www.google.com/maps/place/Orange/@35.7608708,-8.2607345,8z/data=!4m11!1m3!2m2!1sOrange+agence+Tanger!6e6!3m6!1s0xd0b87dcb02385ff:0x4411aea59a6b4f5a!8m2!3d35.770837!4d-5.81016!15sChRPcmFuZ2UgYWdlbmNlIFRhbmdlcloWIhRvcmFuZ2UgYWdlbmNlIHRhbmdlcpIBEGNlbGxfcGhvbmVfc3RvcmXgAQA!16s%2Fg%2F11rr7ftjzb?entry=ttu&g_ep=EgoyMDI2MDQyMC4wIKXMDSoASAFQAw%3D%3D"
148,Agence Orange,"
Florence, 46 Av. Hassan II, Fes 30000",Fès,Orange,"https://www.google.com/maps/place/Agence+Orange/@34.043021,-5.0749087,13z/data=!4m11!1m3!2m2!1sOrange+agence+F%C3%A8s!6e6!3m6!1s0xd9f8b37b9ae7fbb:0xbbb302957874d70f!8m2!3d34.043021!4d-4.998691!15sChJPcmFuZ2UgYWdlbmNlIEbDqHNaFCISb3JhbmdlIGFnZW5jZSBmw6hzkgEQY2VsbF9waG9uZV9zdG9yZZoBI0NoWkRTVWhOTUc5blMwVkpRMEZuU1VOeU5YSnVVV1JCRUFF4AEA-gEECAAQHg!16s%2Fg%2F11c6vtwrly?entry=ttu&g_ep=EgoyMDI2MDQyMC4wIKXMDSoASAFQAw%3D%3D"
149,Orange,"
Centre Commercial Borj, 40 Boulevard Allal El Fassi, Fes 30050",Fès,Orange,"https://www.google.com/maps/place/Orange/@34.043021,-5.0749087,13z/data=!4m11!1m3!2m2!1sOrange+agence+F%C3%A8s!6e6!3m6!1s0xd9f8b046af18331:0x45b160838b57cdb0!8m2!3d34.04581!4d-4.99519!15sChJPcmFuZ2UgYWdlbmNlIEbDqHNaFCISb3JhbmdlIGFnZW5jZSBmw6hzkgEQY2VsbF9waG9uZV9zdG9yZZoBJENoZERTVWhOTUc5blMwVkpRMEZuU1VSb2VIRk1MWFZSUlJBQuABAPoBBAgAEDw!16s%2Fg%2F11rr7fs8f9?entry=ttu&g_ep=EgoyMDI2MDQyMC4wIKXMDSoASAFQAw%3D%3D"
150,Orange,"
Narjiss, Lotissement Amal, N°54 Rte de Sefrou, Fès",Fès,Orange,"https://www.google.com/maps/place/Orange/@34.043021,-5.0749087,13z/data=!4m11!1m3!2m2!1sOrange+agence+F%C3%A8s!6e6!3m6!1s0xd9f8b6f3ff2e6d5:0x3155f80aa666006e!8m2!3d34.009861!4d-4.965514!15sChJPcmFuZ2UgYWdlbmNlIEbDqHNaFCISb3JhbmdlIGFnZW5jZSBmw6hzkgEQY2VsbF9waG9uZV9zdG9yZZoBI0NoWkRTVWhOTUc5blMwVkpRMEZuVFVOUk1XVnFjRTEzRUFF4AEA-gEECAAQFQ!16s%2Fg%2F11c1qcpkv5?entry=ttu&g_ep=EgoyMDI2MDQyMC4wIKXMDSoASAFQAw%3D%3D"
151,Agence Orange Saada,"
100 Bis Boulevard Saint Louis, Ain chkf, Fes",Fès,Orange,"https://www.google.com/maps/place/Agence+Orange+Saada/@34.043021,-5.0749087,13z/data=!4m11!1m3!2m2!1sOrange+agence+F%C3%A8s!6e6!3m6!1s0xd9f8b172e6bccc7:0x64ca20899acd260c!8m2!3d34.024123!4d-5.0057036!15sChJPcmFuZ2UgYWdlbmNlIEbDqHNaFCISb3JhbmdlIGFnZW5jZSBmw6hzkgEQY2VsbF9waG9uZV9zdG9yZZoBRENpOURRVWxSUVVOdlpFTm9kSGxqUmpsdlQyeHdkV0pGVlROYWJXZDNZVWhHTTFreFFuWk9NMFY2VjFSUmRHTlhZeEFC4AEA-gEFCO8BECM!16s%2Fg%2F11gh35l1kh?entry=ttu&g_ep=EgoyMDI2MDQyMC4wIKXMDSoASAFQAw%3D%3D"
152,Orange,"
Centre Ville, 34 Bis Bd Mohammed V, Fès 30050",Fès,Orange,"https://www.google.com/maps/place/Orange/@34.043021,-5.0749087,13z/data=!4m11!1m3!2m2!1sOrange+agence+F%C3%A8s!6e6!3m6!1s0xd9f8b8d2a36784f:0xfb9bcc20b7ba05d3!8m2!3d34.0347!4d-4.997446!15sChJPcmFuZ2UgYWdlbmNlIEbDqHNaFCISb3JhbmdlIGFnZW5jZSBmw6hzkgEQY2VsbF9waG9uZV9zdG9yZZoBI0NoWkRTVWhOTUc5blMwVkpRMEZuVFVObmJGcFVWRXBuRUFF4AEA-gEECAAQKA!16s%2Fg%2F11s3dg6030?entry=ttu&g_ep=EgoyMDI2MDQyMC4wIKXMDSoASAFQAw%3D%3D"
153,Orange,"
3X5C+974, Ave Okba Ibn Nfiae Fihri, Fes",Fès,Orange,"https://www.google.com/maps/place/Orange/@34.043021,-5.0749087,13z/data=!4m11!1m3!2m2!1sOrange+agence+F%C3%A8s!6e6!3m6!1s0xd9ff531cfd62f9f:0xfd0315b98d158cf4!8m2!3d34.0583939!4d-5.0293028!15sChJPcmFuZ2UgYWdlbmNlIEbDqHNaFCISb3JhbmdlIGFnZW5jZSBmw6hzkgEQY2VsbF9waG9uZV9zdG9yZZoBI0NoWkRTVWhOTUc5blMwVkpRMEZuU1VOc2RuSnVPVUpSRUFF4AEA-gEECAAQGw!16s%2Fg%2F11c6sb0mp7?entry=ttu&g_ep=EgoyMDI2MDQyMC4wIKXMDSoASAFQAw%3D%3D"
154,Orange Ben Souda,"
Lotissement Belair 5 Magasin 1 Bensouda, Saiss, Fes",Fès,Orange,"https://www.google.com/maps/place/Orange+Ben+Souda/@34.019003,-5.1296287,13z/data=!4m11!1m3!2m2!1sOrange+agence+F%C3%A8s!6e6!3m6!1s0xd9f8bc047e175eb:0xb268ce7977febc26!8m2!3d34.019003!4d-5.053411!15sChJPcmFuZ2UgYWdlbmNlIEbDqHNaFCISb3JhbmdlIGFnZW5jZSBmw6hzkgEQY2VsbF9waG9uZV9zdG9yZZoBJENoZERTVWhOTUc5blMwVkpRMEZuU1VOZmIzSmhMVEZSUlJBQuABAPoBBAgAEDM!16s%2Fg%2F11t59_xmbs?entry=ttu&g_ep=EgoyMDI2MDQyMC4wIKXMDSoASAFQAw%3D%3D"
155,Orange,"
Place de la Résistance, 55 Avenue Lalla, Hasnaa, Fès",Fès,Orange,"https://www.google.com/maps/place/Orange/@34.04498,-5.0737577,13z/data=!4m11!1m3!2m2!1sOrange+agence+F%C3%A8s!6e6!3m6!1s0xd9f8b68c22f3bff:0x7eaf3ea747c1b012!8m2!3d34.04498!4d-4.99754!15sChJPcmFuZ2UgYWdlbmNlIEbDqHNaFCISb3JhbmdlIGFnZW5jZSBmw6hzkgEQY2VsbF9waG9uZV9zdG9yZZoBRENpOURRVWxSUVVOdlpFTm9kSGxqUmpsdlQyNUNiVnBITVd0aFdFNVNUVmhHWmxkc1RsZGtXRm96VkRKYVVsRllZeEFC4AEA-gEECAAQEA!16s%2Fg%2F11s2j0c4m0?entry=ttu&g_ep=EgoyMDI2MDQyMC4wIKXMDSoASAFQAw%3D%3D"
156,Orange,"
14 Ave Mohammed es Slaoui, Fes 30050",Fès,Orange,"https://www.google.com/maps/place/Orange/@34.04498,-5.0737577,13z/data=!4m11!1m3!2m2!1sOrange+agence+F%C3%A8s!6e6!3m6!1s0xd9f8b9d8a76be1b:0x530e816d160b1637!8m2!3d34.03736!4d-5.00029!15sChJPcmFuZ2UgYWdlbmNlIEbDqHNaFCISb3JhbmdlIGFnZW5jZSBmw6hzkgEQY2VsbF9waG9uZV9zdG9yZZoBJENoZERTVWhOTUc5blMwVkpRMEZuVFVOM2FYWjFPR2hCUlJBQuABAPoBBQimAhBH!16s%2Fg%2F11sqw0z4q6?entry=ttu&g_ep=EgoyMDI2MDQyMC4wIKXMDSoASAFQAw%3D%3D"
157,Orange,"
Lotissement Raha, 261 Ibn El Atir Ave, Fes 30050",Fès,Orange,"https://www.google.com/maps/place/Orange/@34.04498,-5.0737577,13z/data=!4m11!1m3!2m2!1sOrange+agence+F%C3%A8s!6e6!3m6!1s0xd9f8bac28c94e57:0xc0660abad08744d9!8m2!3d34.022204!4d-5.012028!15sChJPcmFuZ2UgYWdlbmNlIEbDqHNaFCISb3JhbmdlIGFnZW5jZSBmw6hzkgEQY2VsbF9waG9uZV9zdG9yZZoBJENoZERTVWhOTUc5blMwVkpRMEZuVFVSbmNtWjVjM2gzUlJBQuABAPoBBAgAEEE!16s%2Fg%2F11sqw0kbvg?entry=ttu&g_ep=EgoyMDI2MDQyMC4wIKXMDSoASAFQAw%3D%3D"
158,Orange,"
97 Ave Moulay Rachid, Fes 30000",Fès,Orange,"https://www.google.com/maps/place/Orange/@34.04498,-5.0737577,13z/data=!4m11!1m3!2m2!1sOrange+agence+F%C3%A8s!6e6!3m6!1s0xd9f8b7f9ef8a097:0x1805e0ba6711c2ea!8m2!3d34.03189!4d-4.99399!15sChJPcmFuZ2UgYWdlbmNlIEbDqHNaFCISb3JhbmdlIGFnZW5jZSBmw6hzkgEQY2VsbF9waG9uZV9zdG9yZZoBRENpOURRVWxSUVVOdlpFTm9kSGxqUmpsdlQyMW9XbE16Y0RWVFJGSXlZa2R3YkdGSGJITk5SelIwWkVSc00yUldSUkFC4AEA-gEFCKABEEI!16s%2Fg%2F11c7srf3gn?entry=ttu&g_ep=EgoyMDI2MDQyMC4wIKXMDSoASAFQAw%3D%3D"
159,Orange,"
Ville Nouvelle, 3 Ave Lalla Meryem, Fes 30000",Fès,Orange,"https://www.google.com/maps/place/Orange/@34.04498,-5.0737577,13z/data=!4m11!1m3!2m2!1sOrange+agence+F%C3%A8s!6e6!3m6!1s0xd9f8b451fdd8043:0x122a6826307f8239!8m2!3d34.042!4d-5.00109!15sChJPcmFuZ2UgYWdlbmNlIEbDqHNaFCISb3JhbmdlIGFnZW5jZSBmw6hzkgEQY2VsbF9waG9uZV9zdG9yZZoBRENpOURRVWxSUVVOdlpFTm9kSGxqUmpsdlQyeHZkMWRzYUhkUmEyeHpWbTFTV1ZFemNFMVphM1IxVkd0YWRHVnNSUkFC4AEA-gEECCYQDA!16s%2Fg%2F11rr7fj8z_?entry=ttu&g_ep=EgoyMDI2MDQyMC4wIKXMDSoASAFQAw%3D%3D"
160,Agence Orange,"
X2R8+92J, Fès",Fès,Orange,"https://www.google.com/maps/place/Agence+Orange/@33.990416,-5.0617868,13z/data=!4m11!1m3!2m2!1sOrange+agence+F%C3%A8s!6e6!3m6!1s0xd9f8b0070b52dbd:0x33e99545f93b113d!8m2!3d33.990416!4d-4.9855691!15sChJPcmFuZ2UgYWdlbmNlIEbDqHOSARBjb21tZXJjaWFsX2FnZW504AEA!16s%2Fg%2F11vwflf9sk?entry=ttu&g_ep=EgoyMDI2MDQyMC4wIKXMDSoASAFQAw%3D%3D"
161,Boutique Orange,"
32 Angle Avenue Ismailia & Avenue Perou, Zouhour 2, Fes",Fès,Orange,"https://www.google.com/maps/place/Boutique+Orange/@33.990416,-5.0617868,13z/data=!4m11!1m3!2m2!1sOrange+agence+F%C3%A8s!6e6!3m6!1s0xd9f8b791a10a6db:0x3c978938fc344f69!8m2!3d34.011332!4d-4.983465!15sChJPcmFuZ2UgYWdlbmNlIEbDqHNaFCISb3JhbmdlIGFnZW5jZSBmw6hzkgEQY2VsbF9waG9uZV9zdG9yZeABAA!16s%2Fg%2F11cjkpdpb3?entry=ttu&g_ep=EgoyMDI2MDQyMC4wIKXMDSoASAFQAw%3D%3D"
162,Orange,"
Rcif, 34B Derb Sefli, Fes",Fès,Orange,"https://www.google.com/maps/place/Orange/@34.059884,-5.0486567,13z/data=!4m11!1m3!2m2!1sOrange+agence+F%C3%A8s!6e6!3m6!1s0xd9ff3adc3738b41:0xce94b324acac6928!8m2!3d34.059884!4d-4.972439!15sChJPcmFuZ2UgYWdlbmNlIEbDqHNaFCISb3JhbmdlIGFnZW5jZSBmw6hzkgEQY2VsbF9waG9uZV9zdG9yZeABAA!16s%2Fg%2F11sqw0m4gq?entry=ttu&g_ep=EgoyMDI2MDQyMC4wIKXMDSoASAFQAw%3D%3D"
163,Orange,"
Beyrout - Centre Ville, Résidence Sanhajji, Ave Ahmed Loukili, Fes 30050",Fès,Orange,"https://www.google.com/maps/place/Orange/@34.059884,-5.0486567,13z/data=!4m11!1m3!2m2!1sOrange+agence+F%C3%A8s!6e6!3m6!1s0xd9f8bb8765594fb:0x63b273a9e13c7ad6!8m2!3d34.043229!4d-4.9996!15sChJPcmFuZ2UgYWdlbmNlIEbDqHNaFCISb3JhbmdlIGFnZW5jZSBmw6hzkgEQY2VsbF9waG9uZV9zdG9yZeABAA!16s%2Fg%2F11p_73hgqq?entry=ttu&g_ep=EgoyMDI2MDQyMC4wIKXMDSoASAFQAw%3D%3D"
164,Orange,"
n°1 & 2, sis, résidence KAMHI, «HADIKA3 » et «HADIKA 4», Fes",Fès,Orange,"https://www.google.com/maps/place/Orange/@34.058324,-5.1054317,13z/data=!4m11!1m3!2m2!1sOrange+agence+F%C3%A8s!6e6!3m6!1s0xd9f8ba875663867:0x525154d124f5e73b!8m2!3d34.058324!4d-5.029214!15sChJPcmFuZ2UgYWdlbmNlIEbDqHNaFCISb3JhbmdlIGFnZW5jZSBmw6hzkgEQY2VsbF9waG9uZV9zdG9yZZoBJENoZERTVWhOTUc5blMwVkpRMEZuU1VOSWJuWlBOWFJCUlJBQuABAPoBBAgAEBA!16s%2Fg%2F11q3d30n54?entry=ttu&g_ep=EgoyMDI2MDQyMC4wIKXMDSoASAFQAw%3D%3D"
165,Boutique Orange,"
33 Av. des Forces Armées Royales, Fès 30050",Fès,Orange,"https://www.google.com/maps/place/Boutique+Orange/@34.058324,-5.1054317,13z/data=!4m11!1m3!2m2!1sOrange+agence+F%C3%A8s!6e6!3m6!1s0xd9f8b0022ae0853:0xc19471d990423ecc!8m2!3d34.0410295!4d-5.0101552!15sChJPcmFuZ2UgYWdlbmNlIEbDqHNaFCISb3JhbmdlIGFnZW5jZSBmw6hzkgERdGVsZXBob25lX2NvbXBhbnmaASNDaFpEU1VoTk1HOW5TMFZKUTBGblRVTkJkVFpRWkZKQkVBReABAPoBBQibARA5!16s%2Fg%2F11vzgkqxct?entry=ttu&g_ep=EgoyMDI2MDQyMC4wIKXMDSoASAFQAw%3D%3D"
166,Orange,"
1 Rue Ahmed Mekouar, Fes",Fès,Orange,"https://www.google.com/maps/place/Orange/@34.058324,-5.1054317,13z/data=!4m11!1m3!2m2!1sOrange+agence+F%C3%A8s!6e6!3m6!1s0xd9f8bda46cd5daf:0xac22e0ab8e054964!8m2!3d34.059366!4d-4.980475!15sChJPcmFuZ2UgYWdlbmNlIEbDqHNaFCISb3JhbmdlIGFnZW5jZSBmw6hzkgEQY2VsbF9waG9uZV9zdG9yZZoBI0NoWkRTVWhOTUc5blMwVkpRMEZuVFVSUk5qWm1lRU5CRUFF4AEA-gEECAAQJA!16s%2Fg%2F11sqw0kymh?entry=ttu&g_ep=EgoyMDI2MDQyMC4wIKXMDSoASAFQAw%3D%3D"
167,Orange,"
Narjiss, Résidence Yasmine, 133 Av. El Wafaa, Fes",Fès,Orange,"https://www.google.com/maps/place/Orange/@34.058324,-5.1054317,13z/data=!4m11!1m3!2m2!1sOrange+agence+F%C3%A8s!6e6!3m6!1s0xd9f8d806eca590f:0xaa0746eb63c5452e!8m2!3d34.010826!4d-4.97615!15sChJPcmFuZ2UgYWdlbmNlIEbDqHNaFCISb3JhbmdlIGFnZW5jZSBmw6hzkgEQY2VsbF9waG9uZV9zdG9yZeABAA!16s%2Fg%2F11rr7fkgg7?entry=ttu&g_ep=EgoyMDI2MDQyMC4wIKXMDSoASAFQAw%3D%3D"
168,Orange,"
Résidence Bismillah, 15 Av. Ain S'men, Fès",Fès,Orange,"https://www.google.com/maps/place/Orange/@34.058324,-5.1054317,13z/data=!4m11!1m3!2m2!1sOrange+agence+F%C3%A8s!6e6!3m6!1s0xd9f8bec9fae32e5:0x9ac20f733f7df484!8m2!3d34.0156316!4d-5.020249!15sChJPcmFuZ2UgYWdlbmNlIEbDqHNaFCISb3JhbmdlIGFnZW5jZSBmw6hzkgEQY2VsbF9waG9uZV9zdG9yZeABAA!16s%2Fg%2F11t321qyj_?entry=ttu&g_ep=EgoyMDI2MDQyMC4wIKXMDSoASAFQAw%3D%3D"
169,Orange,"
209 Avenue Karaouiyne, Narjiss, Fes 30050",Fès,Orange,"https://www.google.com/maps/place/Orange/@34.058324,-5.1054317,13z/data=!4m11!1m3!2m2!1sOrange+agence+F%C3%A8s!6e6!3m6!1s0xd9ff3e7f597eebb:0x7d2ea84c5740bf50!8m2!3d34.0166263!4d-4.977105!15sChJPcmFuZ2UgYWdlbmNlIEbDqHNaFCISb3JhbmdlIGFnZW5jZSBmw6hzkgEQY2VsbF9waG9uZV9zdG9yZeABAA!16s%2Fg%2F11p_73s5tt?entry=ttu&g_ep=EgoyMDI2MDQyMC4wIKXMDSoASAFQAw%3D%3D"
170,Orange,"
Zouhour 1, 239 Al karama Street, Fes 30050",Fès,Orange,"https://www.google.com/maps/place/Orange/@34.058324,-5.1054317,13z/data=!4m11!1m3!2m2!1sOrange+agence+F%C3%A8s!6e6!3m6!1s0xd9f8b8d251bcba9:0x7400498e4eba09f1!8m2!3d34.0125004!4d-4.986673!15sChJPcmFuZ2UgYWdlbmNlIEbDqHNaFCISb3JhbmdlIGFnZW5jZSBmw6hzkgEQY2VsbF9waG9uZV9zdG9yZeABAA!16s%2Fg%2F11sqw0q5hy?entry=ttu&g_ep=EgoyMDI2MDQyMC4wIKXMDSoASAFQAw%3D%3D"
171,Orange,"
Beyrout - Centre Ville, Résidence Sanhajji, Ave Ahmed Loukili, Fes 30050",Fès,Orange,"https://www.google.com/maps/place/Orange/@34.058324,-5.1054317,13z/data=!4m11!1m3!2m2!1sOrange+agence+F%C3%A8s!6e6!3m6!1s0xd9f8bb8765594fb:0x63b273a9e13c7ad6!8m2!3d34.043229!4d-4.9996!15sChJPcmFuZ2UgYWdlbmNlIEbDqHNaFCISb3JhbmdlIGFnZW5jZSBmw6hzkgEQY2VsbF9waG9uZV9zdG9yZeABAA!16s%2Fg%2F11p_73hgqq?entry=ttu&g_ep=EgoyMDI2MDQyMC4wIKXMDSoASAFQAw%3D%3D"
172,Orange,"
Zouhour 2, 27 Av. Bayrout, Fes 30050",Fès,Orange,"https://www.google.com/maps/place/Orange/@34.058324,-5.1054317,13z/data=!4m11!1m3!2m2!1sOrange+agence+F%C3%A8s!6e6!3m6!1s0xd9f8bf302254831:0x379a53437a6cf917!8m2!3d34.01115!4d-4.979713!15sChJPcmFuZ2UgYWdlbmNlIEbDqHNaFCISb3JhbmdlIGFnZW5jZSBmw6hzkgEQY2VsbF9waG9uZV9zdG9yZeABAA!16s%2Fg%2F11p_737bw6?entry=ttu&g_ep=EgoyMDI2MDQyMC4wIKXMDSoASAFQAw%3D%3D"
173,Orange,"
4 Lotissement Merinides, Fes",Fès,Orange,"https://www.google.com/maps/place/Orange/@34.021132,-5.0465667,13z/data=!4m11!1m3!2m2!1sOrange+agence+F%C3%A8s!6e6!3m6!1s0xd9ff59ebab3fc43:0xf798308796d65e1b!8m2!3d34.021132!4d-4.970349!15sChJPcmFuZ2UgYWdlbmNlIEbDqHNaFCISb3JhbmdlIGFnZW5jZSBmw6hzkgEQY2VsbF9waG9uZV9zdG9yZeABAA!16s%2Fg%2F11rr7fl1gy?entry=ttu&g_ep=EgoyMDI2MDQyMC4wIKXMDSoASAFQAw%3D%3D"
174,Orange,"
Dhar Lakhmiss, 126 Lotissement Salma, Fes",Fès,Orange,"https://www.google.com/maps/place/Orange/@34.06778,-5.0638577,13z/data=!4m11!1m3!2m2!1sOrange+agence+F%C3%A8s!6e6!3m6!1s0xd9ff5da29cc1d39:0x676d04e4fa0b77fd!8m2!3d34.06778!4d-4.98764!15sChJPcmFuZ2UgYWdlbmNlIEbDqHNaFCISb3JhbmdlIGFnZW5jZSBmw6hzkgEQY2VsbF9waG9uZV9zdG9yZZoBI0NoWkRTVWhOTUc5blMwVkpRMEZuVFVSUmJHVnlRbFYzRUFF4AEA-gEECAAQLA!16s%2Fg%2F11rr7fjb6m?entry=ttu&g_ep=EgoyMDI2MDQyMC4wIKXMDSoASAFQAw%3D%3D"
175,Agence Orange Beyrouth,"
2259+JQ9, Fès 30050",Fès,Orange,"https://www.google.com/maps/place/Agence+Orange+Beyrouth/@34.0090287,-5.0567471,13z/data=!4m11!1m3!2m2!1sOrange+agence+F%C3%A8s!6e6!3m6!1s0xd9f8bcc425e457d:0xf9e0e8f755d15132!8m2!3d34.0090287!4d-4.9805294!15sChJPcmFuZ2UgYWdlbmNlIEbDqHOSARhtb2JpbGVfcGhvbmVfcmVwYWlyX3Nob3DgAQA!16s%2Fg%2F11k442z2vn?entry=ttu&g_ep=EgoyMDI2MDQyMC4wIKXMDSoASAFQAw%3D%3D"
176,Orange,"
Centre Ville, 21 Rue Driss Lahrizi, Bd Abdellah Chafchaouni, Fes",Fès,Orange,"https://www.google.com/maps/place/Orange/@34.0090287,-5.0567471,13z/data=!4m11!1m3!2m2!1sOrange+agence+F%C3%A8s!6e6!3m6!1s0xd9f8b1f320a161b:0xefdc3b6c714c8ac6!8m2!3d34.04063!4d-4.9966!15sChJPcmFuZ2UgYWdlbmNlIEbDqHNaFCISb3JhbmdlIGFnZW5jZSBmw6hzkgEQY2VsbF9waG9uZV9zdG9yZZoBRENpOURRVWxSUVVOdlpFTm9kSGxqUmpsdlQydE9RMVZ0YUhGUlYxSlFZVzFSTVZaR1NsWlNXSEJIWWxka1JWb3lZeEFC4AEA-gEECAAQEA!16s%2Fg%2F11p_7325y3?entry=ttu&g_ep=EgoyMDI2MDQyMC4wIKXMDSoASAFQAw%3D%3D"
177,Orange,"
Ain Kadous, 4 Rue 201, Av. Msalla, Fes",Fès,Orange,"https://www.google.com/maps/place/Orange/@34.06334,-5.0816777,13z/data=!4m11!1m3!2m2!1sOrange+agence+F%C3%A8s!6e6!3m6!1s0xda05fa0e4b6abc7:0xfd06e3f8c402bc04!8m2!3d34.06334!4d-5.00546!15sChJPcmFuZ2UgYWdlbmNlIEbDqHNaFCISb3JhbmdlIGFnZW5jZSBmw6hzkgEQY2VsbF9waG9uZV9zdG9yZeABAA!16s%2Fg%2F11rr7fjln8?entry=ttu&g_ep=EgoyMDI2MDQyMC4wIKXMDSoASAFQAw%3D%3D"
178,Orange,"
N°2, Immeuble Bennani, Av. Loudaya, Fes",Fès,Orange,"https://www.google.com/maps/place/Orange/@34.06334,-5.0816777,13z/data=!4m11!1m3!2m2!1sOrange+agence+F%C3%A8s!6e6!3m6!1s0xda76d1b7f7b1c13:0xe0433bc6e463c7f7!8m2!3d34.06667!4d-5.002995!15sChJPcmFuZ2UgYWdlbmNlIEbDqHNaFCISb3JhbmdlIGFnZW5jZSBmw6hzkgEQY2VsbF9waG9uZV9zdG9yZeABAA!16s%2Fg%2F11sqw17n6g?entry=ttu&g_ep=EgoyMDI2MDQyMC4wIKXMDSoASAFQAw%3D%3D"
179,Boutique Orange,"
13 Bis Av. Ibn Sina, Rabat",Agadir,Orange,"https://www.google.com/maps/place/Boutique+Orange/@33.999794,-11.7289437,7z/data=!4m10!1m2!2m1!1sOrange+agence+Agadir!3m6!1s0xda76c8e9e8365c3:0x803f8661a40ccc08!8m2!3d33.999794!4d-6.851014!15sChRPcmFuZ2UgYWdlbmNlIEFnYWRpciIDiAEBWhYiFG9yYW5nZSBhZ2VuY2UgYWdhZGlykgEQY2VsbF9waG9uZV9zdG9yZZoBRENpOURRVWxSUVVOdlpFTm9kSGxqUmpsdlQydG9TMlJIYUhaV1JYaEdaVlp3ZFdFeU1WWlNSVEZ6VFROa1RXTXpZeEFC4AEA-gEECAAQEA!16s%2Fg%2F1hc7j_1c2?entry=ttu&g_ep=EgoyMDI2MDQyMC4wIKXMDSoASAFQAw%3D%3D"
180,Agence Orange,"
Souk, N 1 immeuble 9 Kheir Rabi, Rue des Souks, Agadir",Agadir,Orange,"https://www.google.com/maps/place/Agence+Orange/@30.414146,-14.4587987,7z/data=!4m10!1m2!2m1!1sOrange+agence+Agadir!3m6!1s0xdb3b650536edd77:0xbe185e59f726bed4!8m2!3d30.414146!4d-9.580869!15sChRPcmFuZ2UgYWdlbmNlIEFnYWRpciIDiAEBWhYiFG9yYW5nZSBhZ2VuY2UgYWdhZGlykgEQY2VsbF9waG9uZV9zdG9yZZoBI0NoWkRTVWhOTUc5blMwVkpRMEZuU1VOWVp6bFBiMkpCRUFF4AEA-gEECAAQEg!16s%2Fg%2F1ptymsfs2?entry=ttu&g_ep=EgoyMDI2MDQyMC4wIKXMDSoASAFQAw%3D%3D"
181,Agence Orange,"
Centre Ville, N°3 Ave du Prince Moulay Abdallah, Agadir 80000",Agadir,Orange,"https://www.google.com/maps/place/Agence+Orange/@30.414146,-14.4587987,7z/data=!4m10!1m2!2m1!1sOrange+agence+Agadir!3m6!1s0xdb3b6f270352bef:0x87495df37531fac!8m2!3d30.423108!4d-9.60001!15sChRPcmFuZ2UgYWdlbmNlIEFnYWRpciIDiAEBWhYiFG9yYW5nZSBhZ2VuY2UgYWdhZGlykgEQY2VsbF9waG9uZV9zdG9yZZoBJENoZERTVWhOTUc5blMwVkpRMEZuVFVSQmRWbDZiM0YzUlJBQuABAPoBBAgAEC0!16s%2Fg%2F11d_wylmb5?entry=ttu&g_ep=EgoyMDI2MDQyMC4wIKXMDSoASAFQAw%3D%3D"
182,Agence Orange,"
9FV8+Q9H, Agadir 80000",Agadir,Orange,"https://www.google.com/maps/place/Agence+Orange/@30.414146,-14.4587987,7z/data=!4m10!1m2!2m1!1sOrange+agence+Agadir!3m6!1s0xdb3c900556654c5:0xfc7ce7360ac7e592!8m2!3d30.3944412!4d-9.5340142!15sChRPcmFuZ2UgYWdlbmNlIEFnYWRpciIDiAEBkgEQY2VsbF9waG9uZV9zdG9yZeABAA!16s%2Fg%2F11mm031_w2?entry=ttu&g_ep=EgoyMDI2MDQyMC4wIKXMDSoASAFQAw%3D%3D"
183,MAGASIN ORANGE,"
CC74+9RG, Bd Hassan II, Agadir 80000",Agadir,Orange,"https://www.google.com/maps/place/MAGASIN+ORANGE/@30.414146,-14.4587987,7z/data=!4m10!1m2!2m1!1sOrange+agence+Agadir!3m6!1s0xdb3b70046554ed1:0xc761473ffb810ed9!8m2!3d30.4133719!4d-9.5928558!15sChRPcmFuZ2UgYWdlbmNlIEFnYWRpciIDiAEBkgEjdGVsZWNvbW11bmljYXRpb25zX3NlcnZpY2VfcHJvdmlkZXLgAQA!16s%2Fg%2F11mcvkqzw8?entry=ttu&g_ep=EgoyMDI2MDQyMC4wIKXMDSoASAFQAw%3D%3D"
184,Orange,"
Centre Ville, 101 Av. Hassan II, Agadir 80000",Agadir,Orange,"https://www.google.com/maps/place/Orange/@30.414146,-14.4587987,7z/data=!4m10!1m2!2m1!1sOrange+agence+Agadir!3m6!1s0xdb3b7bc707cb8d5:0x56182e9e35f17ef!8m2!3d30.418997!4d-9.59778!15sChRPcmFuZ2UgYWdlbmNlIEFnYWRpciIDiAEBWhYiFG9yYW5nZSBhZ2VuY2UgYWdhZGlykgEQY2VsbF9waG9uZV9zdG9yZZoBRENpOURRVWxSUVVOdlpFTm9kSGxqUmpsdlQyeHNSbUpGY0ZWTmVrMDBaVWhhZWxwVVdsVmhWbVF5VlZoS1JrNVZSUkFC4AEA-gEECAAQLQ!16s%2Fg%2F11sq5gcj97?entry=ttu&g_ep=EgoyMDI2MDQyMC4wIKXMDSoASAFQAw%3D%3D"
185,Agence Orange,"
Centre Ville, 199 Angle Rue Taourirt Et Rue, Agadir",Agadir,Orange,"https://www.google.com/maps/place/Agence+Orange/@30.414146,-14.4587987,7z/data=!4m10!1m2!2m1!1sOrange+agence+Agadir!3m6!1s0xdb3b73a51018c21:0x15be851ef85bc8a!8m2!3d30.411206!4d-9.56562!15sChRPcmFuZ2UgYWdlbmNlIEFnYWRpciIDiAEBWhYiFG9yYW5nZSBhZ2VuY2UgYWdhZGlykgEQY2VsbF9waG9uZV9zdG9yZZoBJENoZERTVWhOTUc5blMwVkpRMEZuU1VRM01IWlRkRFpSUlJBQuABAPoBBAgAECM!16s%2Fg%2F11j7ysg52v?entry=ttu&g_ep=EgoyMDI2MDQyMC4wIKXMDSoASAFQAw%3D%3D"
186,Orange,"
N°2575 Av. Casablanca, Agadir 80000",Agadir,Orange,"https://www.google.com/maps/place/Orange/@30.414146,-14.4587987,7z/data=!4m10!1m2!2m1!1sOrange+agence+Agadir!3m6!1s0xdb3b70cb332a209:0xeaf12db344b1db3e!8m2!3d30.430073!4d-9.555777!15sChRPcmFuZ2UgYWdlbmNlIEFnYWRpciIDiAEBWhYiFG9yYW5nZSBhZ2VuY2UgYWdhZGlykgEQY2VsbF9waG9uZV9zdG9yZZoBRENpOURRVWxSUVVOdlpFTm9kSGxqUmpsdlQyeHZORlJJVG01aGJFNVJWVVpzV1Uxc1VYUk9Na3BxV0hwcmVWWnVZeEFC4AEA-gEECAAQRA!16s%2Fg%2F11pb712446?entry=ttu&g_ep=EgoyMDI2MDQyMC4wIKXMDSoASAFQAw%3D%3D"
187,Orange,"
V, Centre Ville, 407 Av. Mohamed Diouri, Kénitra",Kenitra,Orange,"https://www.google.com/maps/place/Orange/@34.2599241,-6.6219184,14z/data=!4m10!1m2!2m1!1sOrange+agence+Kenitra!3m6!1s0xda759e6aa9ad0b5:0x253bdc3ef6fec1b7!8m2!3d34.2599241!4d-6.5838096!15sChVPcmFuZ2UgYWdlbmNlIEtlbml0cmFaFyIVb3JhbmdlIGFnZW5jZSBrZW5pdHJhkgEQY2VsbF9waG9uZV9zdG9yZZoBJENoZERTVWhOTUc5blMwVkpRMEZuU1VSaWQzSmZWMnBCUlJBQuABAPoBBAgAECA!16s%2Fg%2F11c75wpbp5?entry=ttu&g_ep=EgoyMDI2MDQyMC4wIKXMDSoASAFQAw%3D%3D"
188,Boutique Orange,"
Centre Ville, Gare ONCF De Kenitra, Kenitra",Kenitra,Orange,"https://www.google.com/maps/place/Boutique+Orange/@34.2599241,-6.6219184,14z/data=!4m10!1m2!2m1!1sOrange+agence+Kenitra!3m6!1s0xda759c8753506e9:0x99e02b233b4f3f5d!8m2!3d34.251693!4d-6.582182!15sChVPcmFuZ2UgYWdlbmNlIEtlbml0cmFaFyIVb3JhbmdlIGFnZW5jZSBrZW5pdHJhkgEQY2VsbF9waG9uZV9zdG9yZZoBJENoZERTVWhOTUc5blMwVkpRMEZuU1VSaWVWQk1XbkozUlJBQuABAPoBBAgAEB0!16s%2Fg%2F11h_vx4nv3?entry=ttu&g_ep=EgoyMDI2MDQyMC4wIKXMDSoASAFQAw%3D%3D"
189,Agence Orange saknia,"
Apt n°1, Saknia, Zone d'activité, Avenue Massira, lotissement 77, Kenitra",Kenitra,Orange,"https://www.google.com/maps/place/Agence+Orange+saknia/@34.246039,-6.5909168,14z/data=!4m10!1m2!2m1!1sOrange+agence+Kenitra!3m6!1s0xda757771c15a4c9:0x398afdecc0fc52ef!8m2!3d34.246039!4d-6.552808!15sChVPcmFuZ2UgYWdlbmNlIEtlbml0cmFaFyIVb3JhbmdlIGFnZW5jZSBrZW5pdHJhkgEQY2VsbF9waG9uZV9zdG9yZeABAA!16s%2Fg%2F11kjj63t_2?entry=ttu&g_ep=EgoyMDI2MDQyMC4wIKXMDSoASAFQAw%3D%3D"
190,Orange,"
794G+9RF, Kenitra",Kenitra,Orange,"https://www.google.com/maps/place/Orange/@34.2559365,-6.6610714,14z/data=!4m10!1m2!2m1!1sOrange+agence+Kenitra!3m6!1s0xda7597644eca681:0xb40ca3d30ee32b93!8m2!3d34.2559365!4d-6.6229626!15sChVPcmFuZ2UgYWdlbmNlIEtlbml0cmFaFyIVb3JhbmdlIGFnZW5jZSBrZW5pdHJhkgEQY2VsbF9waG9uZV9zdG9yZZoBI0NoWkRTVWhOTUc5blMwVkpRMEZuU1VRNU5rOVFhVnBCRUFF4AEA-gEFCI0BEBc!16s%2Fg%2F1hdzpvlmj?entry=ttu&g_ep=EgoyMDI2MDQyMC4wIKXMDSoASAFQAw%3D%3D"
191,Orange,"
Bloc K, Lot 3, Kénitra",Kenitra,Orange,"https://www.google.com/maps/place/Orange/@34.2559365,-6.6610714,14z/data=!4m10!1m2!2m1!1sOrange+agence+Kenitra!3m6!1s0xda759c7e50ac8c7:0x93f5deb129b1c43b!8m2!3d34.26016!4d-6.597047!15sChVPcmFuZ2UgYWdlbmNlIEtlbml0cmFaFyIVb3JhbmdlIGFnZW5jZSBrZW5pdHJhkgEQY2VsbF9waG9uZV9zdG9yZZoBI0NoWkRTVWhOTUc5blMwVkpRMEZuU1VSSWFVNXFhMGxuRUFF4AEA-gEECAAQEQ!16s%2Fg%2F11y7dln9z9?entry=ttu&g_ep=EgoyMDI2MDQyMC4wIKXMDSoASAFQAw%3D%3D"
192,Orange,"
Florence, 89 Av. des F.A.R, Meknès",Meknès,Orange,"https://www.google.com/maps/place/Orange/@33.89774,-5.6151377,13z/data=!4m10!1m2!2m1!1sOrange+agence+Mekn%C3%A8s!3m6!1s0xda0450e0c933627:0xb7705d1813d99187!8m2!3d33.89774!4d-5.53892!15sChVPcmFuZ2UgYWdlbmNlIE1la27DqHMiA4gBAVoXIhVvcmFuZ2UgYWdlbmNlIG1la27DqHOSARBjZWxsX3Bob25lX3N0b3JlmgEjQ2haRFNVaE5NRzluUzBWSlEwRm5TVVJhZEU1ZlYySjNFQUXgAQD6AQQIABA7!16s%2Fg%2F11fn4wc4pv?entry=ttu&g_ep=EgoyMDI2MDQyMC4wIKXMDSoASAFQAw%3D%3D"
193,Boutique Orange Meknes Marché central,"
23 Ave Hassan II, Meknes 50000",Meknès,Orange,"https://www.google.com/maps/place/Boutique+Orange+Meknes+March%C3%A9+central/@33.89774,-5.6151377,13z/data=!4m10!1m2!2m1!1sOrange+agence+Mekn%C3%A8s!3m6!1s0xda045001b8c1f5d:0x3fcfa10d2ec2e10f!8m2!3d33.899444!4d-5.5511397!15sChVPcmFuZ2UgYWdlbmNlIE1la27DqHMiA4gBAVoXIhVvcmFuZ2UgYWdlbmNlIG1la27DqHOSARBjb3Jwb3JhdGVfb2ZmaWNlmgEjQ2haRFNVaE5NRzluUzBWSlEwRm5UVVJCY1UxWGRWSm5FQUXgAQD6AQQIABAp!16s%2Fg%2F11vqqy__cp?entry=ttu&g_ep=EgoyMDI2MDQyMC4wIKXMDSoASAFQAw%3D%3D"
194,Boutique Smart Store Orange,"
Baladia, Place du 2 septembre et Angle, Beyrouth, Meknes",Meknès,Orange,"https://www.google.com/maps/place/Boutique+Smart+Store+Orange/@33.89774,-5.6151377,13z/data=!4m10!1m2!2m1!1sOrange+agence+Mekn%C3%A8s!3m6!1s0xda044d91d5d22f9:0x362cfbd515618145!8m2!3d33.897804!4d-5.547976!15sChVPcmFuZ2UgYWdlbmNlIE1la27DqHMiA4gBAVoXIhVvcmFuZ2UgYWdlbmNlIG1la27DqHOSARBjZWxsX3Bob25lX3N0b3JlmgEjQ2haRFNVaE5NRzluUzBWSlEwRm5TVVJmWjNONlNGZEJFQUXgAQD6AQQIABA3!16s%2Fg%2F11f0cvr4xt?entry=ttu&g_ep=EgoyMDI2MDQyMC4wIKXMDSoASAFQAw%3D%3D"
195,Orange,"
35 Boulevard Mohamed V, Meknes",Meknès,Orange,"https://www.google.com/maps/place/Orange/@33.89774,-5.6151377,13z/data=!4m10!1m2!2m1!1sOrange+agence+Mekn%C3%A8s!3m6!1s0xda045750e67f33d:0x89714a282cbe5ae6!8m2!3d33.897614!4d-5.545039!15sChVPcmFuZ2UgYWdlbmNlIE1la27DqHMiA4gBAVoXIhVvcmFuZ2UgYWdlbmNlIG1la27DqHOSARBjZWxsX3Bob25lX3N0b3JlmgEjQ2haRFNVaE5NRzluUzBWSlEwRm5UVU5uY3pWMWVVSkJFQUXgAQD6AQQIABAV!16s%2Fg%2F11fr5wbwkm?entry=ttu&g_ep=EgoyMDI2MDQyMC4wIKXMDSoASAFQAw%3D%3D"
196,Orange,"
117 Rue Graoua, Meknès",Meknès,Orange,"https://www.google.com/maps/place/Orange/@33.89774,-5.6151377,13z/data=!4m10!1m2!2m1!1sOrange+agence+Mekn%C3%A8s!3m6!1s0xda04547bfda7597:0xf724435da81868bf!8m2!3d33.86677!4d-5.5512!15sChVPcmFuZ2UgYWdlbmNlIE1la27DqHMiA4gBAVoXIhVvcmFuZ2UgYWdlbmNlIG1la27DqHOSARBjZWxsX3Bob25lX3N0b3Jl4AEA!16s%2Fg%2F11glwcg40x?entry=ttu&g_ep=EgoyMDI2MDQyMC4wIKXMDSoASAFQAw%3D%3D"
197,وكالة اورنج Agence Orange - route Agouray,"
443 Quartier El Mansour, Meknes",Meknès,Orange,"https://www.google.com/maps/place/%D9%88%D9%83%D8%A7%D9%84%D8%A9+%D8%A7%D9%88%D8%B1%D9%86%D8%AC+Agence+Orange+-+route+Agouray%E2%80%AD/@33.89774,-5.6151377,13z/data=!4m10!1m2!2m1!1sOrange+agence+Mekn%C3%A8s!3m6!1s0xda05bf662d8f68d:0x348a02260ffa0293!8m2!3d33.8620164!4d-5.577311!15sChVPcmFuZ2UgYWdlbmNlIE1la27DqHMiA4gBAVoXIhVvcmFuZ2UgYWdlbmNlIG1la27DqHOSAQt0ZW1wX2FnZW5jeZoBRENpOURRVWxSUVVOdlpFTm9kSGxqUmpsdlQyMWFkRmd3VGpWWlZrcHBWVzVWTVdKWVZreFlNMW93WkZVNVMyUXdSUkFC4AEA-gEECAAQIQ!16s%2Fg%2F11qlh4g07w?entry=ttu&g_ep=EgoyMDI2MDQyMC4wIKXMDSoASAFQAw%3D%3D"
198,Orange,"
Centre Commerciale Acima, Avenue Lamboise, Meknès",Meknès,Orange,"https://www.google.com/maps/place/Orange/@33.89774,-5.6151377,13z/data=!4m10!1m2!2m1!1sOrange+agence+Mekn%C3%A8s!3m6!1s0xda0453cb8c4fc39:0x2e9c79d84045ac93!8m2!3d33.86015!4d-5.54956!15sChVPcmFuZ2UgYWdlbmNlIE1la27DqHMiA4gBAVoXIhVvcmFuZ2UgYWdlbmNlIG1la27DqHOSARBjZWxsX3Bob25lX3N0b3JlmgEjQ2haRFNVaE5NRzluUzBWSlEwRm5UVU4zYzFsUFNtVm5FQUXgAQD6AQQIABBI!16s%2Fg%2F11s3dg2rqq?entry=ttu&g_ep=EgoyMDI2MDQyMC4wIKXMDSoASAFQAw%3D%3D"
199,Orange,"
213 Avenue Allal Ben Abdellah, Meknès",Meknès,Orange,"https://www.google.com/maps/place/Orange/@33.89774,-5.6151377,13z/data=!4m10!1m2!2m1!1sOrange+agence+Mekn%C3%A8s!3m6!1s0xda044d9760425c7:0xd101d4af6930fc71!8m2!3d33.913128!4d-5.486364!15sChVPcmFuZ2UgYWdlbmNlIE1la27DqHMiA4gBAVoXIhVvcmFuZ2UgYWdlbmNlIG1la27DqHOSARBjZWxsX3Bob25lX3N0b3JlmgEjQ2haRFNVaE5NRzluUzBWSlEwRm5UVU5SY0MxWU5WRjNFQUXgAQD6AQQIABAQ!16s%2Fg%2F11c2p44kmv?entry=ttu&g_ep=EgoyMDI2MDQyMC4wIKXMDSoASAFQAw%3D%3D"
200,ORANGE Pasteur,"
Rue Pasteur, Meknès 50000",Meknès,Orange,"https://www.google.com/maps/place/ORANGE+Pasteur/@33.89774,-5.6151377,13z/data=!4m10!1m2!2m1!1sOrange+agence+Mekn%C3%A8s!3m6!1s0xda04500690fa0f1:0xd109f7da96c3462d!8m2!3d33.9006139!4d-5.5486814!15sChVPcmFuZ2UgYWdlbmNlIE1la27DqHMiA4gBAVoXIhVvcmFuZ2UgYWdlbmNlIG1la27DqHOSAQVzdG9yZZoBJENoZERTVWhOTUc5blMwVkpaVGt6TkV4SGRtVnlZV3RCUlJBQuABAPoBBAgAECI!16s%2Fg%2F11ygnqyhhj?entry=ttu&g_ep=EgoyMDI2MDQyMC4wIKXMDSoASAFQAw%3D%3D"
201,Orange,"
87 Boulevard Abdelkrim El Khattabi, Meknes",Meknès,Orange,"https://www.google.com/maps/place/Orange/@33.89774,-5.6151377,13z/data=!4m10!1m2!2m1!1sOrange+agence+Mekn%C3%A8s!3m6!1s0xda633eb6c540bad:0xd21ad92814699ac1!8m2!3d33.88067!4d-5.56641!15sChVPcmFuZ2UgYWdlbmNlIE1la27DqHMiA4gBAVoXIhVvcmFuZ2UgYWdlbmNlIG1la27DqHOSARBjZWxsX3Bob25lX3N0b3JlmgEjQ2haRFNVaE5NRzluUzBWSlEwRm5UVVJuTjFvdGMySlJFQUXgAQD6AQQIABAY!16s%2Fg%2F11rr7g3rf0?entry=ttu&g_ep=EgoyMDI2MDQyMC4wIKXMDSoASAFQAw%3D%3D"
202,Orange,"
Rue Tripoli, secteur N° 9, N°20 Magasin, Meknès",Meknès,Orange,"https://www.google.com/maps/place/Orange/@33.89774,-5.6151377,13z/data=!4m10!1m2!2m1!1sOrange+agence+Mekn%C3%A8s!3m6!1s0xda045d68269c76f:0xf9a325f0d037e8c7!8m2!3d33.9063!4d-5.52574!15sChVPcmFuZ2UgYWdlbmNlIE1la27DqHMiA4gBAVoXIhVvcmFuZ2UgYWdlbmNlIG1la27DqHOSARBjZWxsX3Bob25lX3N0b3JlmgEkQ2hkRFNVaE5NRzluUzBWSlEwRm5TVVJrZERkSFYyNW5SUkFC4AEA-gEECEkQFA!16s%2Fg%2F11s3dg0th1?entry=ttu&g_ep=EgoyMDI2MDQyMC4wIKXMDSoASAFQAw%3D%3D"
203,Orange,"
N°4042, Rue 69, Meknes",Meknès,Orange,"https://www.google.com/maps/place/Orange/@33.89774,-5.6151377,13z/data=!4m10!1m2!2m1!1sOrange+agence+Mekn%C3%A8s!3m6!1s0xda05b4145c38961:0x703693939f9cb69c!8m2!3d33.90384!4d-5.5766508!15sChVPcmFuZ2UgYWdlbmNlIE1la27DqHMiA4gBAVoXIhVvcmFuZ2UgYWdlbmNlIG1la27DqHOSARBjZWxsX3Bob25lX3N0b3Jl4AEA!16s%2Fg%2F11rr7fv59h?entry=ttu&g_ep=EgoyMDI2MDQyMC4wIKXMDSoASAFQAw%3D%3D"
204,ORANGE - SMARTPHONE,"
Riad, Meknès 50050",Meknès,Orange,"https://www.google.com/maps/place/ORANGE+-+SMARTPHONE/@33.89774,-5.6151377,13z/data=!4m10!1m2!2m1!1sOrange+agence+Mekn%C3%A8s!3m6!1s0xda05bf828af93d5:0xe0ee34d41b82882b!8m2!3d33.8635216!4d-5.5677099!15sChVPcmFuZ2UgYWdlbmNlIE1la27DqHMiA4gBAZIBGmNlbGxfcGhvbmVfYWNjZXNzb3J5X3N0b3Jl4AEA!16s%2Fg%2F11s64fgvnq?entry=ttu&g_ep=EgoyMDI2MDQyMC4wIKXMDSoASAFQAw%3D%3D"
205,Boutique Orange,"
N°197 Kitar 9 Borj Mly Omar BMO, Ave Allal El Fassi, Meknes 50010",Meknès,Orange,"https://www.google.com/maps/place/Boutique+Orange/@33.89774,-5.6151377,13z/data=!4m10!1m2!2m1!1sOrange+agence+Mekn%C3%A8s!3m6!1s0xda0450582635de1:0xea2d8bfd384007aa!8m2!3d33.9073632!4d-5.5271131!15sChVPcmFuZ2UgYWdlbmNlIE1la27DqHMiA4gBAZIBJXRlbGVjb21tdW5pY2F0aW9uc19lcXVpcG1lbnRfc3VwcGxpZXLgAQA!16s%2Fg%2F11p_7396x8?entry=ttu&g_ep=EgoyMDI2MDQyMC4wIKXMDSoASAFQAw%3D%3D"
206,Orange,"
Rue 19, Secteur C, N° 1314, Meknes",Meknès,Orange,"https://www.google.com/maps/place/Orange/@33.89774,-5.6151377,13z/data=!4m10!1m2!2m1!1sOrange+agence+Mekn%C3%A8s!3m6!1s0xda0455017c94dbf:0x29cc84e05e6ba882!8m2!3d33.89368!4d-5.50366!15sChVPcmFuZ2UgYWdlbmNlIE1la27DqHMiA4gBAVoXIhVvcmFuZ2UgYWdlbmNlIG1la27DqHOSARBjZWxsX3Bob25lX3N0b3Jl4AEA!16s%2Fg%2F11p_731945?entry=ttu&g_ep=EgoyMDI2MDQyMC4wIKXMDSoASAFQAw%3D%3D"
207,Boutique Orange,"
El Menzeh Route De Fes, N°23 Av. des F.A.R, Meknès",Meknès,Orange,"https://www.google.com/maps/place/Boutique+Orange/@33.89774,-5.6151377,13z/data=!4m10!1m2!2m1!1sOrange+agence+Mekn%C3%A8s!3m6!1s0xda04586559b778f:0x98cfeec18320bf12!8m2!3d33.8950604!4d-5.5487597!15sChVPcmFuZ2UgYWdlbmNlIE1la27DqHOSASV0ZWxlY29tbXVuaWNhdGlvbnNfZXF1aXBtZW50X3N1cHBsaWVy4AEA!16s%2Fg%2F11rr7ftwwm?entry=ttu&g_ep=EgoyMDI2MDQyMC4wIKXMDSoASAFQAw%3D%3D"
208,Orange,"
40/42 Boulevard Rouamzine, Rouamzine, Meknes",Meknès,Orange,"https://www.google.com/maps/place/Orange/@33.89774,-5.6151377,13z/data=!4m10!1m2!2m1!1sOrange+agence+Mekn%C3%A8s!3m6!1s0xda0456626abaf27:0x571dcd1e3de2c395!8m2!3d33.89505!4d-5.56206!15sChVPcmFuZ2UgYWdlbmNlIE1la27DqHMiA4gBAVoXIhVvcmFuZ2UgYWdlbmNlIG1la27DqHOSARBjZWxsX3Bob25lX3N0b3JlmgEkQ2hkRFNVaE5NRzluUzBWSlEwRm5UVVJuTWpWdGNtOUJSUkFC4AEA-gEECAAQDw!16s%2Fg%2F11rr7g02yx?entry=ttu&g_ep=EgoyMDI2MDQyMC4wIKXMDSoASAFQAw%3D%3D"
209,Orange,"
Zerhounia, Lotissement Sfia, N° 54 Zerhounia, Meknes",Meknès,Orange,"https://www.google.com/maps/place/Orange/@33.89774,-5.6151377,13z/data=!4m10!1m2!2m1!1sOrange+agence+Mekn%C3%A8s!3m6!1s0xda0453910738e9f:0xcda1f52c99f89f38!8m2!3d33.89924!4d-5.57876!15sChVPcmFuZ2UgYWdlbmNlIE1la27DqHMiA4gBAVoXIhVvcmFuZ2UgYWdlbmNlIG1la27DqHOSARBjZWxsX3Bob25lX3N0b3JlmgEjQ2haRFNVaE5NRzluUzBWSlEwRm5UVVIzTFRSUU9XSjNFQUXgAQD6AQQIABA1!16s%2Fg%2F11sqw0s16m?entry=ttu&g_ep=EgoyMDI2MDQyMC4wIKXMDSoASAFQAw%3D%3D"
210,Orange,"
Toulal, Toulal, N°2 Rue 42، Meknes",Meknès,Orange,"https://www.google.com/maps/place/Orange/@33.88288,-5.6715677,13z/data=!4m10!1m2!2m1!1sOrange+agence+Mekn%C3%A8s!3m6!1s0xd999d196ce03be7:0xe254b7b5203854a!8m2!3d33.88288!4d-5.59535!15sChVPcmFuZ2UgYWdlbmNlIE1la27DqHMiA4gBAVoXIhVvcmFuZ2UgYWdlbmNlIG1la27DqHOSARBjZWxsX3Bob25lX3N0b3Jl4AEA!16s%2Fg%2F11p_73m_js?entry=ttu&g_ep=EgoyMDI2MDQyMC4wIKXMDSoASAFQAw%3D%3D"
211,Orange,"
N°40, Kissariat Al Baraka, Meknès",Meknès,Orange,"https://www.google.com/maps/place/Orange/@33.91304,-5.5626377,13z/data=!4m10!1m2!2m1!1sOrange+agence+Mekn%C3%A8s!3m6!1s0xda045637b44935b:0x54b0917c8b211fca!8m2!3d33.91304!4d-5.48642!15sChVPcmFuZ2UgYWdlbmNlIE1la27DqHMiA4gBAVoXIhVvcmFuZ2UgYWdlbmNlIG1la27DqHOSARBjZWxsX3Bob25lX3N0b3JlmgEkQ2hkRFNVaE5NRzluUzBWSlEwRm5UVU5uZW1ZeVZUTjNSUkFC4AEA-gEECAAQGw!16s%2Fg%2F11t3228vfn?entry=ttu&g_ep=EgoyMDI2MDQyMC4wIKXMDSoASAFQAw%3D%3D"
212,Orange,"
N° C5, Magasin, Quartier Boustane, Résidence Rayhane F, Meknes",Meknès,Orange,"https://www.google.com/maps/place/Orange/@33.91304,-5.5626377,13z/data=!4m10!1m2!2m1!1sOrange+agence+Mekn%C3%A8s!3m6!1s0xdb0ddd831b3170f:0xe7306f04224a97ee!8m2!3d33.90717!4d-5.47645!15sChVPcmFuZ2UgYWdlbmNlIE1la27DqHNaFyIVb3JhbmdlIGFnZW5jZSBtZWtuw6hzkgEQY2VsbF9waG9uZV9zdG9yZZoBI0NoWkRTVWhOTUc5blMwVkpRMEZuVFVObk9XTTNUMU5SRUFF4AEA-gEECAAQIw!16s%2Fg%2F11p_732g_b?entry=ttu&g_ep=EgoyMDI2MDQyMC4wIKXMDSoASAFQAw%3D%3D"
213,Boutique Orange,"
El Menzeh Route De Fes, N°23 Av. des F.A.R, Meknès",Meknès,Orange,"https://www.google.com/maps/place/Boutique+Orange/@33.8950604,-5.6249774,13z/data=!4m10!1m2!2m1!1sOrange+agence+Mekn%C3%A8s!3m6!1s0xda04586559b778f:0x98cfeec18320bf12!8m2!3d33.8950604!4d-5.5487597!15sChVPcmFuZ2UgYWdlbmNlIE1la27DqHOSASV0ZWxlY29tbXVuaWNhdGlvbnNfZXF1aXBtZW50X3N1cHBsaWVy4AEA!16s%2Fg%2F11rr7ftwwm?entry=ttu&g_ep=EgoyMDI2MDQyMC4wIKXMDSoASAFQAw%3D%3D"
214,Centre Orange Meknès-Fès,"
VF26+PR2, Meknès",Meknès,Orange,"https://www.google.com/maps/place/Centre+Orange+Mekn%C3%A8s-F%C3%A8s/@33.8950604,-5.6249774,13z/data=!4m10!1m2!2m1!1sOrange+agence+Mekn%C3%A8s!3m6!1s0xda0450075f51295:0x2f3a5f98a08855b8!8m2!3d33.8517507!4d-5.5379984!15sChVPcmFuZ2UgYWdlbmNlIE1la27DqHOSASN0ZWxlY29tbXVuaWNhdGlvbnNfc2VydmljZV9wcm92aWRlcuABAA!16s%2Fg%2F11lv44hh31?entry=ttu&g_ep=EgoyMDI2MDQyMC4wIKXMDSoASAFQAw%3D%3D"
215,Agence Orange,"
38 rue Sidi Brahim, Av Mohamed V, Oujda",Oujda,Orange,"https://www.google.com/maps/place/Agence+Orange/@34.684662,-1.9524658,14z/data=!4m10!1m2!2m1!1sOrange+agence+Oujda!3m6!1s0xd7864a68657ef1f:0x42c9a172b8f70cfb!8m2!3d34.684662!4d-1.914357!15sChNPcmFuZ2UgYWdlbmNlIE91amRhWhUiE29yYW5nZSBhZ2VuY2Ugb3VqZGGSARBjZWxsX3Bob25lX3N0b3JlmgEkQ2hkRFNVaE5NRzluUzBWSlEwRm5TVU5JTVhWSVkzTjNSUkFC4AEA-gEECAAQQA!16s%2Fg%2F11dxstfbtb?entry=ttu&g_ep=EgoyMDI2MDQyMC4wIKXMDSoASAFQAw%3D%3D"
216,Agence Orange,"
Et Place Bab Sidi Abdelouahab, 6 Sidi Driss, Oujda",Oujda,Orange,"https://www.google.com/maps/place/Agence+Orange/@34.684662,-1.9524658,14z/data=!4m10!1m2!2m1!1sOrange+agence+Oujda!3m6!1s0xd7863578dadf1b1:0x90ddac3f13a86397!8m2!3d34.681309!4d-1.908413!15sChNPcmFuZ2UgYWdlbmNlIE91amRhWhUiE29yYW5nZSBhZ2VuY2Ugb3VqZGGSARBjZWxsX3Bob25lX3N0b3JlmgEjQ2haRFNVaE5NRzluUzBWSlEwRm5UVU5STFU5aVlXUm5FQUXgAQD6AQQIABA8!16s%2Fg%2F11f4qlvdzv?entry=ttu&g_ep=EgoyMDI2MDQyMC4wIKXMDSoASAFQAw%3D%3D"
217,Orange,"
Route De Taza, Bekkay Lahbil, Hay Si Lakhdar, Oujda",Oujda,Orange,"https://www.google.com/maps/place/Orange/@34.684662,-1.9524658,14z/data=!4m10!1m2!2m1!1sOrange+agence+Oujda!3m6!1s0xd786362f6bd0d0f:0x484908f4d0b0233b!8m2!3d34.679619!4d-1.931856!15sChNPcmFuZ2UgYWdlbmNlIE91amRhWhUiE29yYW5nZSBhZ2VuY2Ugb3VqZGGSARBjZWxsX3Bob25lX3N0b3JlmgEjQ2haRFNVaE5NRzluUzBWSlEwRm5UVVJuTmpsRE1rSlJFQUXgAQD6AQQIABAm!16s%2Fg%2F11t3hwx8bq?entry=ttu&g_ep=EgoyMDI2MDQyMC4wIKXMDSoASAFQAw%3D%3D"
218,Orange,"
N 1023, Bd Allal Al Fassi, Oujda",Oujda,Orange,"https://www.google.com/maps/place/Orange/@34.683033,-1.9204158,14z/data=!4m10!1m2!2m1!1sOrange+agence+Oujda!3m6!1s0xd7863d7f39330ad:0xa893d88ea8a4b09e!8m2!3d34.683033!4d-1.882307!15sChNPcmFuZ2UgYWdlbmNlIE91amRhWhUiE29yYW5nZSBhZ2VuY2Ugb3VqZGGSARBjZWxsX3Bob25lX3N0b3JlmgEkQ2hkRFNVaE5NRzluUzBWSlEwRm5TVVJpY1VvemVIZDNSUkFC4AEA-gEECAAQNw!16s%2Fg%2F11v0k_mw3b?entry=ttu&g_ep=EgoyMDI2MDQyMC4wIKXMDSoASAFQAw%3D%3D"
219,Boutique Orange,"
104 Boulevard Allal Ben Abdallah, Oujda",Oujda,Orange,"https://www.google.com/maps/place/Boutique+Orange/@34.6794976,-1.9575905,14z/data=!4m10!1m2!2m1!1sOrange+agence+Oujda!3m6!1s0xd7865694296a1b5:0x5253df18743e409f!8m2!3d34.6794976!4d-1.9194817!15sChNPcmFuZ2UgYWdlbmNlIE91amRhWhUiE29yYW5nZSBhZ2VuY2Ugb3VqZGGSASV0ZWxlY29tbXVuaWNhdGlvbnNfZXF1aXBtZW50X3N1cHBsaWVymgEkQ2hkRFNVaE5NRzluUzBWSlEwRm5TVU55ZUhCcGJESjNSUkFC4AEA-gEECAAQDQ!16s%2Fg%2F11p_732st9?entry=ttu&g_ep=EgoyMDI2MDQyMC4wIKXMDSoASAFQAw%3D%3D"
220,Orange,"
N21, Centre Ville, Av. Mohamed V, Tétouan",Tetouan,Orange,"https://www.google.com/maps/place/Orange/@35.57016,-5.3923844,15z/data=!4m10!1m2!2m1!1sOrange+agence+Tetouan!3m6!1s0xd0b42676513ec8d:0x1f2cbd7a92cc63c3!8m2!3d35.57016!4d-5.37333!15sChVPcmFuZ2UgYWdlbmNlIFRldG91YW4iA4gBAVoXIhVvcmFuZ2UgYWdlbmNlIHRldG91YW6SARBjZWxsX3Bob25lX3N0b3JlmgEjQ2haRFNVaE5NRzluUzBWSlEwRm5TVVI0TFhacFNreG5FQUXgAQD6AQQIABBM!16s%2Fg%2F11hbjdxz2x?entry=ttu&g_ep=EgoyMDI2MDQyMC4wIKXMDSoASAFQAw%3D%3D"
221,Orange,"
Touabal Oulya, Avenue des FAR, Immeuble Rzini, Tetouan",Tetouan,Orange,"https://www.google.com/maps/place/Orange/@35.57016,-5.3923844,15z/data=!4m10!1m2!2m1!1sOrange+agence+Tetouan!3m6!1s0xd0b439198e3e4a1:0x5933b4abd31d2b38!8m2!3d35.574306!4d-5.360286!15sChVPcmFuZ2UgYWdlbmNlIFRldG91YW4iA4gBAVoXIhVvcmFuZ2UgYWdlbmNlIHRldG91YW6SARBjZWxsX3Bob25lX3N0b3JlmgEkQ2hkRFNVaE5NRzluUzBWSlEwRm5TVVJpTTE5VVQzQlJSUkFC4AEA-gEECAAQPg!16s%2Fg%2F11rtdcg7vt?entry=ttu&g_ep=EgoyMDI2MDQyMC4wIKXMDSoASAFQAw%3D%3D"
222,Orange,"
Centre Ville, 6 Av. 10 Mai, Tetouan",Tetouan,Orange,"https://www.google.com/maps/place/Orange/@35.57016,-5.3923844,15z/data=!4m10!1m2!2m1!1sOrange+agence+Tetouan!3m6!1s0xd0b4369fe46562d:0x39bb3ef4930cc61d!8m2!3d35.5712037!4d-5.3758564!15sChVPcmFuZ2UgYWdlbmNlIFRldG91YW4iA4gBAVoXIhVvcmFuZ2UgYWdlbmNlIHRldG91YW6SARBjZWxsX3Bob25lX3N0b3Jl4AEA!16s%2Fg%2F11sjdr3y1k?entry=ttu&g_ep=EgoyMDI2MDQyMC4wIKXMDSoASAFQAw%3D%3D"
223,Agence Orange,"
El Kharraz Touilaa, 56 Av. Mohamed Ameziane, Tetouan",Tetouan,Orange,"https://www.google.com/maps/place/Agence+Orange/@35.57016,-5.3923844,15z/data=!4m10!1m2!2m1!1sOrange+agence+Tetouan!3m6!1s0xd0b43002f347d6b:0x4dada8075b74c437!8m2!3d35.5786233!4d-5.3603401!15sChVPcmFuZ2UgYWdlbmNlIFRldG91YW4iA4gBAZIBEGNlbGxfcGhvbmVfc3RvcmXgAQA!16s%2Fg%2F11x179gwry?entry=ttu&g_ep=EgoyMDI2MDQyMC4wIKXMDSoASAFQAw%3D%3D"
224,Agence Orange Wilaya,"
HMJ3+HRX, Av. Sanaa, Tétouan",Tetouan,Orange,"https://www.google.com/maps/place/Agence+Orange+Wilaya/@35.58145,-5.3644234,15z/data=!4m10!1m2!2m1!1sOrange+agence+Tetouan!3m6!1s0xd0b43004f674c85:0x85ac4dd47db36553!8m2!3d35.58145!4d-5.345369!15sChVPcmFuZ2UgYWdlbmNlIFRldG91YW4iA4gBAZIBBXN0b3Jl4AEA!16s%2Fg%2F11zkvf4sw2?entry=ttu&g_ep=EgoyMDI2MDQyMC4wIKXMDSoASAFQAw%3D%3D"
225,Orange,"
487 BD Casablanca BP 5196, Tétouan 93000",Tetouan,Orange,"https://www.google.com/maps/place/Orange/@35.5659125,-5.3774018,15z/data=!4m10!1m2!2m1!1sOrange+agence+Tetouan!3m6!1s0xd0b424e6b11a575:0x69ea974e1af44010!8m2!3d35.5659125!4d-5.3583474!15sChVPcmFuZ2UgYWdlbmNlIFRldG91YW4iA4gBAZIBEGhvbWVfZ29vZHNfc3RvcmXgAQA!16s%2Fg%2F11b6hq8p33?entry=ttu&g_ep=EgoyMDI2MDQyMC4wIKXMDSoASAFQAw%3D%3D"
226,Orange,"
Mhanech 2, 181 Av. El Hajeb, Tetouan",Tetouan,Orange,"https://www.google.com/maps/place/Orange/@35.5659125,-5.3774018,15z/data=!4m10!1m2!2m1!1sOrange+agence+Tetouan!3m6!1s0xd0b43c93f67a9b5:0xcc5313385add62fc!8m2!3d35.5629568!4d-5.3672789!15sChVPcmFuZ2UgYWdlbmNlIFRldG91YW4iA4gBAZIBEGNlbGxfcGhvbmVfc3RvcmXgAQA!16s%2Fg%2F11rr7g2_nv?entry=ttu&g_ep=EgoyMDI2MDQyMC4wIKXMDSoASAFQAw%3D%3D"
227,Agence Orange,"
X5MF+F84، Avenue El Haouz, Rabat",Safi,Orange,"https://www.google.com/maps/place/Agence+Orange/@33.9836264,-8.0461684,9z/data=!4m10!1m2!2m1!1sOrange+agence+Safi!3m6!1s0xda76b002734219f:0x3e8847507208b5e6!8m2!3d33.9836264!4d-6.826686!15sChJPcmFuZ2UgYWdlbmNlIFNhZmkiA4gBAZIBEGNlbGxfcGhvbmVfc3RvcmXgAQA!16s%2Fg%2F11y43sdgy0?entry=ttu&g_ep=EgoyMDI2MDQyMC4wIKXMDSoASAFQAw%3D%3D"
228,Orange,"
Résidence Rouayd, 114 Av. Moulay Abdelhafid, Salé",Safi,Orange,"https://www.google.com/maps/place/Orange/@33.9836264,-8.0461684,9z/data=!4m10!1m2!2m1!1sOrange+agence+Safi!3m6!1s0xda76bac54d1eedf:0x706b71ff4729d8e5!8m2!3d34.025426!4d-6.7587612!15sChJPcmFuZ2UgYWdlbmNlIFNhZmkiA4gBAVoUIhJvcmFuZ2UgYWdlbmNlIHNhZmmSARBjZWxsX3Bob25lX3N0b3Jl4AEA!16s%2Fg%2F11kn0kccm2?entry=ttu&g_ep=EgoyMDI2MDQyMC4wIKXMDSoASAFQAw%3D%3D"
229,Orange,"
ville nouvelle, 105 Av. John kennedy, Safi 46000",Safi,Orange,"https://www.google.com/maps/place/Orange/@32.286924,-10.4512374,9z/data=!4m10!1m2!2m1!1sOrange+agence+Safi!3m6!1s0xdac27ba1a3b997d:0x74f2f075075331e4!8m2!3d32.286924!4d-9.231755!15sChJPcmFuZ2UgYWdlbmNlIFNhZmkiA4gBAVoUIhJvcmFuZ2UgYWdlbmNlIHNhZmmSARBjZWxsX3Bob25lX3N0b3JlmgEjQ2haRFNVaE5NRzluUzBWS2RuZGZkRmRqYzB0VFIyWlJFQUXgAQD6AQQIABA7!16s%2Fg%2F11pzkfmsjv?entry=ttu&g_ep=EgoyMDI2MDQyMC4wIKXMDSoASAFQAw%3D%3D"
230,Boutique Orange,"
132 Boulevard Boujdour, Labiar, Safi",Safi,Orange,"https://www.google.com/maps/place/Boutique+Orange/@32.286924,-10.4512374,9z/data=!4m10!1m2!2m1!1sOrange+agence+Safi!3m6!1s0xdac26c29326b0a9:0x40cbaaa01b941d40!8m2!3d32.26722!4d-9.24722!15sChJPcmFuZ2UgYWdlbmNlIFNhZmkiA4gBAVoUIhJvcmFuZ2UgYWdlbmNlIHNhZmmSARBjZWxsX3Bob25lX3N0b3JlmgEkQ2hkRFNVaE5NRzluUzBWSlEwRm5UVU5uTlhGcVpERm5SUkFC4AEA-gEECAAQMg!16s%2Fg%2F11fy1gmpf3?entry=ttu&g_ep=EgoyMDI2MDQyMC4wIKXMDSoASAFQAw%3D%3D"
231,Orange,"
266 Rue 37, Safi",Safi,Orange,"https://www.google.com/maps/place/Orange/@32.286924,-10.4512374,9z/data=!4m10!1m2!2m1!1sOrange+agence+Safi!3m6!1s0xdac270c93fa0e45:0xc522ace453b36c6a!8m2!3d32.280934!4d-9.239353!15sChJPcmFuZ2UgYWdlbmNlIFNhZmkiA4gBAVoUIhJvcmFuZ2UgYWdlbmNlIHNhZmmSARBjZWxsX3Bob25lX3N0b3JlmgEkQ2hkRFNVaE5NRzluUzBWSlEwRm5UVU5STVRsdVNtNVJSUkFC4AEA-gEECAAQDQ!16s%2Fg%2F11rr7fwg4f?entry=ttu&g_ep=EgoyMDI2MDQyMC4wIKXMDSoASAFQAw%3D%3D"
232,Orange,"
Koutoubia, 3 Route Nasser, Koutoubia, Safi",Safi,Orange,"https://www.google.com/maps/place/Orange/@32.286924,-10.4512374,9z/data=!4m10!1m2!2m1!1sOrange+agence+Safi!3m6!1s0xdac219a7bb89e37:0xc1f127330a020762!8m2!3d32.31736!4d-9.22806!15sChJPcmFuZ2UgYWdlbmNlIFNhZmkiA4gBAVoUIhJvcmFuZ2UgYWdlbmNlIHNhZmmSARBjZWxsX3Bob25lX3N0b3Jl4AEA!16s%2Fg%2F11rr7g7j_z?entry=ttu&g_ep=EgoyMDI2MDQyMC4wIKXMDSoASAFQAw%3D%3D"
233,Orange,"
Azib Derai, 83 Boulevard Ibn Batouta, Safi",Safi,Orange,"https://www.google.com/maps/place/Orange/@32.286924,-10.4512374,9z/data=!4m10!1m2!2m1!1sOrange+agence+Safi!3m6!1s0xdac21f874d5ccaf:0xb21dbcc9e6d770ca!8m2!3d32.294043!4d-9.222235!15sChJPcmFuZ2UgYWdlbmNlIFNhZmkiA4gBAVoUIhJvcmFuZ2UgYWdlbmNlIHNhZmmSARBjZWxsX3Bob25lX3N0b3JlmgEjQ2haRFNVaE5NRzluUzBWSlEwRm5UVU5uTVRoSE1VaFJFQUXgAQD6AQQIABAX!16s%2Fg%2F11t3hxpdx9?entry=ttu&g_ep=EgoyMDI2MDQyMC4wIKXMDSoASAFQAw%3D%3D"
234,Orange,"
2 Avenue Liberté, Plateau, Safi",Safi,Orange,"https://www.google.com/maps/place/Orange/@32.286924,-10.4512374,9z/data=!4m10!1m2!2m1!1sOrange+agence+Safi!3m6!1s0xdac215969343dff:0xbb1c4c80a301dc05!8m2!3d32.29355!4d-9.23348!15sChJPcmFuZ2UgYWdlbmNlIFNhZmkiA4gBAVoUIhJvcmFuZ2UgYWdlbmNlIHNhZmmSARBjZWxsX3Bob25lX3N0b3Jl4AEA!16s%2Fg%2F11rr7fnj6t?entry=ttu&g_ep=EgoyMDI2MDQyMC4wIKXMDSoASAFQAw%3D%3D"
235,Orange,"
Centre Ville, Carrefour, El Jadida",El Jadida,Orange,"https://www.google.com/maps/place/Orange/@33.24022,-9.7156324,9z/data=!4m10!1m2!2m1!1sOrange+agence+El+Jadida!3m6!1s0xda91d24ef9b4dfb:0xd8af555415d9e9d2!8m2!3d33.24022!4d-8.49615!15sChdPcmFuZ2UgYWdlbmNlIEVsIEphZGlkYSIDiAEBWhkiF29yYW5nZSBhZ2VuY2UgZWwgamFkaWRhkgEQY2VsbF9waG9uZV9zdG9yZZoBRENpOURRVWxSUVVOdlpFTm9kSGxqUmpsdlQyeENRMDR3WkhSak0wVjRZakJPTVZaR1JtbGtiVVl4VEZjeGMxSXdSUkFC4AEA-gEFCMIBEB0!16s%2Fg%2F11rf493cfr?entry=ttu&g_ep=EgoyMDI2MDQyMC4wIKXMDSoASAFQAw%3D%3D"
236,Orange El Jadida,"
N35 Rue 600, El Jadida 24000",El Jadida,Orange,"https://www.google.com/maps/place/Orange+El+Jadida/@33.24022,-9.7156324,9z/data=!4m10!1m2!2m1!1sOrange+agence+El+Jadida!3m6!1s0xda91f02382efe85:0xfffd73ea7620b642!8m2!3d33.25488!4d-8.5138876!15sChdPcmFuZ2UgYWdlbmNlIEVsIEphZGlkYSIDiAEBkgEQY29tbWVyY2lhbF9hZ2VudOABAA!16s%2Fg%2F11wv3tffp8?entry=ttu&g_ep=EgoyMDI2MDQyMC4wIKXMDSoASAFQAw%3D%3D"
237,Orange,"
Centre Ville, 20 Angle Rue Carpozen, Av. Mohamed V, El Jadida",El Jadida,Orange,"https://www.google.com/maps/place/Orange/@33.24022,-9.7156324,9z/data=!4m10!1m2!2m1!1sOrange+agence+El+Jadida!3m6!1s0xda91dcb0e9d4941:0xf406f29b62944e0d!8m2!3d33.24778!4d-8.50048!15sChdPcmFuZ2UgYWdlbmNlIEVsIEphZGlkYSIDiAEBkgEQY2VsbF9waG9uZV9zdG9yZeABAA!16s%2Fg%2F11q4kg3qfd?entry=ttu&g_ep=EgoyMDI2MDQyMC4wIKXMDSoASAFQAw%3D%3D"
238,Orange,"
Magasin, Résidence MERIEM, Lotissement Amal 1, 3 Avenue G25, El Jadida",El Jadida,Orange,"https://www.google.com/maps/place/Orange/@33.24022,-9.7156324,9z/data=!4m10!1m2!2m1!1sOrange+agence+El+Jadida!3m6!1s0xda91ddbeb498f53:0x921b6b290114f86c!8m2!3d33.2349875!4d-8.5244256!15sChdPcmFuZ2UgYWdlbmNlIEVsIEphZGlkYSIDiAEBWhkiF29yYW5nZSBhZ2VuY2UgZWwgamFkaWRhkgEQY2VsbF9waG9uZV9zdG9yZZoBI0NoWkRTVWhOTUc5blMwVkpRMEZuU1VOUU1FMXRWMWxuRUFF4AEA-gEECAAQDA!16s%2Fg%2F11rql88_2v?entry=ttu&g_ep=EgoyMDI2MDQyMC4wIKXMDSoASAFQAw%3D%3D"
239,Orange,"
Centre Ville, 5 Bd Mohamed V, El Jadida",El Jadida,Orange,"https://www.google.com/maps/place/Orange/@33.24022,-9.7156324,9z/data=!4m10!1m2!2m1!1sOrange+agence+El+Jadida!3m6!1s0xda91da1f8654311:0x83dcdd6d1f2b2a77!8m2!3d33.25081!4d-8.50189!15sChdPcmFuZ2UgYWdlbmNlIEVsIEphZGlkYSIDiAEBkgEQY2VsbF9waG9uZV9zdG9yZeABAA!16s%2Fg%2F11p_738900?entry=ttu&g_ep=EgoyMDI2MDQyMC4wIKXMDSoASAFQAw%3D%3D"
240,Boutique Orange,"
137 Av. Attahrir, El Jadida",El Jadida,Orange,"https://www.google.com/maps/place/Boutique+Orange/@33.24022,-9.7156324,9z/data=!4m10!1m2!2m1!1sOrange+agence+El+Jadida!3m6!1s0xda91d006ac1380f:0x272fd2779e3317a7!8m2!3d33.251!4d-8.513889!15sChdPcmFuZ2UgYWdlbmNlIEVsIEphZGlkYSIDiAEBkgEFc3RvcmXgAQA!16s%2Fg%2F11m782vyx5?entry=ttu&g_ep=EgoyMDI2MDQyMC4wIKXMDSoASAFQAw%3D%3D"
241,Boutique Orange,"
Lotissement 1130, Avenue Lalla Meryem, Sala Al Jadida, Salé",El Jadida,Orange,"https://www.google.com/maps/place/Boutique+Orange/@33.996367,-7.9525634,9z/data=!4m10!1m2!2m1!1sOrange+agence+El+Jadida!3m6!1s0xda74192575748e9:0xbaec05f35b1b9a2f!8m2!3d33.996367!4d-6.733081!15sChdPcmFuZ2UgYWdlbmNlIEVsIEphZGlkYSIDiAEBWhkiF29yYW5nZSBhZ2VuY2UgZWwgamFkaWRhkgEQY2VsbF9waG9uZV9zdG9yZZoBRENpOURRVWxSUVVOdlpFTm9kSGxqUmpsdlQyMDFhRTFJVmxWU01rWllWRlZzV1ZORlRuQmtiRUkyVVRKT2FsVlZSUkFC4AEA-gEECGgQHA!16s%2Fg%2F11g1971f1f?entry=ttu&g_ep=EgoyMDI2MDQyMC4wIKXMDSoASAFQAw%3D%3D"
242,Orange,"
Residence ait baha 993 IMM C N 11Angle AV Md V et Hassan 2, Sala Al Jadida",El Jadida,Orange,"https://www.google.com/maps/place/Orange/@33.996367,-7.9525634,9z/data=!4m10!1m2!2m1!1sOrange+agence+El+Jadida!3m6!1s0xda741ca4798ddab:0xefd8db298e52e0fd!8m2!3d33.995968!4d-6.741181!15sChdPcmFuZ2UgYWdlbmNlIEVsIEphZGlkYSIDiAEBWhkiF29yYW5nZSBhZ2VuY2UgZWwgamFkaWRhkgEQY2VsbF9waG9uZV9zdG9yZZoBJENoZERTVWhOTUc5blMwVkpRMEZuU1VOSWVYUjFjMjkzUlJBQuABAPoBBAgAEEs!16s%2Fg%2F11lf2jjxhf?entry=ttu&g_ep=EgoyMDI2MDQyMC4wIKXMDSoASAFQAw%3D%3D"
243,Orange,"
55 RUE ALI BENOU ABI TALEB, Taza El Jadida, Taza",Taza,Orange,"https://www.google.com/maps/place/Orange/@34.2213281,-4.0100834,18z/data=!4m10!1m2!2m1!1sOrange+agence+Taza!3m6!1s0xd9e177ab24f1d87:0x411fef844b32b775!8m2!3d34.2213281!4d-4.0077016!15sChJPcmFuZ2UgYWdlbmNlIFRhemEiA4gBAVoUIhJvcmFuZ2UgYWdlbmNlIHRhemGSARBjZWxsX3Bob25lX3N0b3JlmgEjQ2haRFNVaE5NRzluUzBWSlEwRm5UVVJCY1UxMVNXTm5FQUXgAQD6AQQIABA5!16s%2Fg%2F11sq5g4npc?entry=ttu&g_ep=EgoyMDI2MDQyMC4wIKXMDSoASAFQAw%3D%3D"
244,Orange,"
20 Rue M'Hammed El Kasbaoui, Place Colisée - Taza Bas, Taza",Taza,Orange,"https://www.google.com/maps/place/Orange/@34.221231,-4.0082368,18z/data=!4m10!1m2!2m1!1sOrange+agence+Taza!3m6!1s0xd9e17e222df8141:0xc55715ae0e43f024!8m2!3d34.221231!4d-4.005855!15sChJPcmFuZ2UgYWdlbmNlIFRhemEiA4gBAVoUIhJvcmFuZ2UgYWdlbmNlIHRhemGSARBjZWxsX3Bob25lX3N0b3JlmgEkQ2hkRFNVaE5NRzluUzBWSlEwRm5UVVJCZFV4dU16RjNSUkFC4AEA-gEECAAQEA!16s%2Fg%2F11p_73975c?entry=ttu&g_ep=EgoyMDI2MDQyMC4wIKXMDSoASAFQAw%3D%3D"
245,Orange,"
Hay Ourida, Ourida, 2, Taza",Taza,Orange,"https://www.google.com/maps/place/Orange/@34.218248,-4.0080108,18z/data=!4m10!1m2!2m1!1sOrange+agence+Taza!3m6!1s0xd9e17c1bea3db0f:0x20aa8674071e04d!8m2!3d34.218248!4d-4.005629!15sChJPcmFuZ2UgYWdlbmNlIFRhemEiA4gBAVoUIhJvcmFuZ2UgYWdlbmNlIHRhemGSARBjZWxsX3Bob25lX3N0b3JlmgFEQ2k5RFFVbFJRVU52WkVOb2RIbGpSamx2VDJwb1RFOUZlRTVXYTBwdFRtMTRjVmRYV25WT1J6Rk9UVWRTVkZaWVl4QULgAQD6AQQIABAi!16s%2Fg%2F11sqw0tb18?entry=ttu&g_ep=EgoyMDI2MDQyMC4wIKXMDSoASAFQAw%3D%3D"
246,Orange,"
13 Bd princesse lalla aicha, Settat",Settat,Orange,"https://www.google.com/maps/place/Orange/@32.998441,-7.6558098,14z/data=!4m10!1m2!2m1!1sOrange+agence+Settat!3m6!1s0xda6051f6e6eeb67:0x9b8ed7df7fd01ccd!8m2!3d32.998441!4d-7.617701!15sChRPcmFuZ2UgYWdlbmNlIFNldHRhdCIDiAEBWhYiFG9yYW5nZSBhZ2VuY2Ugc2V0dGF0kgEQY2VsbF9waG9uZV9zdG9yZZoBI0NoWkRTVWhOTUc5blMwVkpRMEZuU1VOdWJrMVRhRlpuRUFF4AEA-gEECAAQNQ!16s%2Fg%2F11sq__4rcm?entry=ttu&g_ep=EgoyMDI2MDQyMC4wIKXMDSoASAFQAw%3D%3D"
247,Orange,"
Smaala, LOT GRP EL KHEIR TRANCHE 1 N°392, Settat",Settat,Orange,"https://www.google.com/maps/place/Orange/@32.998441,-7.6558098,14z/data=!4m10!1m2!2m1!1sOrange+agence+Settat!3m6!1s0xda6054733ccd2d9:0x8e17b89f5eaac1c2!8m2!3d32.991412!4d-7.602821!15sChRPcmFuZ2UgYWdlbmNlIFNldHRhdCIDiAEBWhYiFG9yYW5nZSBhZ2VuY2Ugc2V0dGF0kgEQY2VsbF9waG9uZV9zdG9yZZoBIENoUkRTVWhOTUc5blMwVkpRMEZuVFVObmFsQjBjeEFC4AEA-gEECAAQEA!16s%2Fg%2F11p_73h44v?entry=ttu&g_ep=EgoyMDI2MDQyMC4wIKXMDSoASAFQAw%3D%3D"
248,Orange,"
149 Angle Boulevard Hassan II Et Boulevard Des FAR, Centre Ville, Settat",Settat,Orange,"https://www.google.com/maps/place/Orange/@33.02977,-7.6649188,14z/data=!4m10!1m2!2m1!1sOrange+agence+Settat!3m6!1s0xda7d320f381cf2d:0xc40eda0017d34959!8m2!3d33.02977!4d-7.62681!15sChRPcmFuZ2UgYWdlbmNlIFNldHRhdCIDiAEBWhYiFG9yYW5nZSBhZ2VuY2Ugc2V0dGF0kgEQY2VsbF9waG9uZV9zdG9yZeABAA!16s%2Fg%2F11t3hxtqcg?entry=ttu&g_ep=EgoyMDI2MDQyMC4wIKXMDSoASAFQAw%3D%3D"
249,Orange,"
9 Rue Tarik Ibn Ziyad, Larache",Larache,Orange,"https://www.google.com/maps/place/Orange/@35.1974,-6.1625472,16z/data=!4m10!1m2!2m1!1sOrange+agence+Larache!3m6!1s0xd0bc94f30d43c65:0xbc637ae6594f021d!8m2!3d35.1974!4d-6.15302!15sChVPcmFuZ2UgYWdlbmNlIExhcmFjaGUiA4gBAVoXIhVvcmFuZ2UgYWdlbmNlIGxhcmFjaGWSARBjZWxsX3Bob25lX3N0b3JlmgEjQ2haRFNVaE5NRzluUzBWSlEwRm5UVVJSY0hWUGJVaDNFQUXgAQD6AQQIABBC!16s%2Fg%2F11sqw105sr?entry=ttu&g_ep=EgoyMDI2MDQyMC4wIKXMDSoASAFQAw%3D%3D"
250,Orange,"
Anas, Angle Avenue Ibn Alkhatib Et Rue Malak Ibn, Place Ibn Al Khatib, Larache",Larache,Orange,"https://www.google.com/maps/place/Orange/@35.188943,-6.1605102,16z/data=!4m10!1m2!2m1!1sOrange+agence+Larache!3m6!1s0xd0bc975118e3ed7:0xb781abf0c7374a35!8m2!3d35.188943!4d-6.150983!15sChVPcmFuZ2UgYWdlbmNlIExhcmFjaGUiA4gBAZIBEGNlbGxfcGhvbmVfc3RvcmXgAQA!16s%2Fg%2F11p_73f48y?entry=ttu&g_ep=EgoyMDI2MDQyMC4wIKXMDSoASAFQAw%3D%3D"
