"num_agence","Ville","Name","Comment","Date"
"1","Casablanca","Roaming escape Sweet","Très mauvaise expérience avec cette succursale: autant que l’accueil est très médiocre voir inexistant, l’agent de sécurité qui te regarde de haut en parlant de toi aux employés orange comme si tu n’existais pas. Aucune information concrète …","il y a 7 mois"
"1","Casablanca","Imane Benjelloun","Ça sera la dernière fois où je partirai dans cette agence orange 2 mars. Quel accueil dégradant et qu'elle impolitesse
Je suis cliente orange abonnée fibre optique et mobile. …","il y a 7 mois"
"1","Casablanca","Jamila Harchi","La dame à l'accueil est impolie je l'ai salué elle n'a pas répondu et même pas levé sa tête","il y a 4 mois"
"1","Casablanca","ehhh hehhe","Sous-effectif criant. Accueil et Sav en dessous de la moyenne.","il y a 6 mois"
"1","Casablanca","Rachid Tahrioui","3fois pour un changement de modem et enfin rien n’a été fait","il y a 7 mois"
"1","Casablanca","Motii Anas","Aucun respect pour le client dommage qu'il n'y ait oas de 0 étoiles. L'agent a été très désagréable envers ma mère et moi. Il n'a même pas pris la peine de nous expliquer quoi que ce soit. A la fin il nous tend la box sans même nous …","il y a 3 ans"
"1","Casablanca","Hamza Sadji","Terrible service client. J'ai un probleme au niveau de la fibre optique je suis alle ACHETER un routeur et non pas prendre un routeur gratuitement. La dame a la caisse EXPRESS etait tres malpolie, a refuse de me vendre un routeur pretextant …","il y a 2 ans"
"1","Casablanca","Alexys","Bonne agence et bon accueil. Je recommande.","il y a 8 mois"
"1","Casablanca","fahed","Manque de professionnalisme du conseiller. Il s'appelle Marouane. Il était agacé et parlait très mal. Si il n'aime pas son travail, il n'a qu'à laisser sa place à quelqu'un d'autre. En tout cas je ne viendrais plus jamais dans cette boutique tant qu'il y travaille.","Modifié il y a 3 ans"
"1","Casablanca","Oth Man","J'ai acheté des écouteurs sans fils chez eux, lors de mon dernier séjour au Maroc, et il s'est avéré que ses écouteurs étaient défectueux.
Je les ai retournés en boutique, mais aucune prise en charge de la part du …","il y a 3 ans"
"1","Casablanca","Selbé Faye","Jy etas la dame la petite Dame nest pas serviable elle con'ait rien du service clt  mais jai pu faire ma demande en ligne avec le service client
Bsr","il y a un an"
"1","Casablanca","electronic of the day","Service après-vente null. Problème de fibre optique non résolu depuis plus de 2 semaines sans intervention technique.","il y a un an"
"1","Casablanca","Rmaili Karim","agence plein de cafards vraiment une honte qui touche à la réputation de votre marque","il y a 10 mois"
"1","Casablanca","Bahija Ghannioui","La boutique de la honte ! Service client inexistant... Ne mérite aucune étoile ! …","Modifié il y a 3 ans"
"1","Casablanca","Mohamed Faical Bennouna","Expérience magnifique. Service au top. Chef de l’agence et l’équipe très professionnels. 👍 …","il y a un an"
"1","Casablanca","Laty fa","Coupure wifi depuis plusieurs jours...sav déplorable","il y a 9 mois"
"1","Casablanca","Mehdi El Myrani","Ce fut à un grand plaisir de fréquenter cette boutique
Bon service
Bonne réception","il y a un an"
"1","Casablanca","Sanaa Sana","Une équipe de pro et manager à l'écoute et le commercial était sympa et souriant
Merci","il y a un an"
"1","Casablanca","Slw Ncf","Excellent service
Une équipe souriante et très serviable","il y a un an"
"1","Casablanca","Zaaraoui Mounir","Une agence de l'opérateur Meditel récemment converti en l'enseigne orange.dans cet agence j'ai apprécié le service donné par son chef d'agence qui est très serviable avec un sourire permanent.agence propre avec des services légèrement en agence Versus les deux autres opérateurs.souci de stationnement.","il y a 8 ans"
"1","Casablanca","reda tahir","Très bon service
Les commerciale toujours la sourire","il y a un an"
"1","Casablanca","Blue Velvet","Service trop lent. 45 mins d'attente pour payer une facture en fin de journée. Une seule fille pour gérer tout le monde.","il y a 5 ans"
"1","Casablanca","Karim hafid","Mauvais service beaucoup de retard manque d'experience plus d'une heure pour payer une simple facture","il y a 3 ans"
"1","Casablanca","Jihane Benhicham","Excellent service, Ecoute active et résolution instantanée des petits soucis telecoms, je recommande vivement!","il y a un an"
"1","Casablanca","Samir Markhouss","Le service et les employés de ce lieu est vraiment super et sympa c'est mon magasin habituel.","il y a 5 ans"
"1","Casablanca","Manal BENHICHAM","Très bon accueil, équipe sympathique et souriante","il y a 2 ans"
"1","Casablanca","leonard laff","Un peu d'attente mais le vendeur m'a vraiment très bien conseillé et expliqué les choses","il y a 6 ans"
"1","Casablanca","EL KOTBI Mohamed","Personnels accueillant et à l'écoute, merci bcp","il y a un an"
"1","Casablanca","Boubacar TOP","Belle équipe, dynamique,au service des consommateurs","il y a un an"
"1","Casablanca","Nordine Dodi","Excellent aceuille le responsable de l agence est une personne agréable est serviable","il y a 8 ans"
"1","Casablanca","Ahmed Halim Guerraoui","Très bon et chaleureux accueil....service et attention à la clientèle de bon niveau....","il y a 6 ans"
"1","Casablanca","Noureddine Mansouri","Pas mal juste une remarque 5 postes de travail une personne présente","il y a 5 ans"
"1","Casablanca","Anas Gin","DAR BOX 349 dhs/mois à éviter : une catastrophe. Pas de connexion aux heures de pointes (9-23h00)","il y a 4 ans"
"1","Casablanca","mohamed abdelhak","Toute la société Orange nul nul nul et nuuuuul j'appelle le centre d'appel des mois et des mois sans avoir une seule réponse leur service est top nul","Modifié il y a 5 ans"
"1","Casablanca","Karim Karam","Excellent service. Représentant professionnel et à l'écoute de la clientèle.","il y a 6 ans"
"1","Casablanca","Yassine Oulamine","Bon service.un peu de sourire serait le bienvenu","il y a 6 ans"
"1","Casablanca","Ali Kabbaj","Service irréprochable. Temps d'attente normal","il y a 6 ans"
"1","Casablanca","zinelabidine maraf","Manager aimable et serviable !!","il y a un an"
"1","Casablanca","ayoub boss","Personnel ne maîtrise aucun process, vous fera perdre du temps","il y a 5 ans"
"1","Casablanca","AA AO","La ligne téléphonique de cette agence est bloquée, en-cas de besoin.","il y a 2 ans"
"1","Casablanca","charafi ahmed","Orange vous salue avec le pis d'une vache et vous fait ses adieux avec les cornes d'un bœuf","Modifié il y a 3 ans"
"1","Casablanca","Abdelhamid Elhachemi","Très bonne accueil","il y a 2 ans"
"1","Casablanca","Harry Pragal","Bien accueilli personnel sympathique","Modifié il y a 5 ans"
"1","Casablanca","Redy","Nul, gestion anarchique, agence sous staffé","il y a 3 ans"
"1","Casablanca","Mohamed Khayour (Med)","Trés bon service👑❤ …","il y a 4 ans"
"1","Casablanca","amine aziz","Très bon service.","il y a 7 ans"
"1","Casablanca","Lou Lou","Prestation.. Equipe pro👍👍👍 …","il y a un an"
"1","Casablanca","Ibrahim Ib","temps d'attente long","il y a 5 ans"
"1","Casablanca","Mohamed Drissi","Bon accueil","il y a 4 ans"
"1","Casablanca","MEHDI EL KHEFFARI","Des commerciaux sympa","il y a 6 ans"
"1","Casablanca","asmaa landa","un bon service","il y a 7 ans"
"1","Casablanca","Ahmed Elbellage","Accueil adorable","il y a 6 ans"
"1","Casablanca","Makario Makario","Bien","il y a 5 ans"
"1","Casablanca","Mohammed Abbadi","Personnel soignant","il y a 5 ans"
"1","Casablanca","Colorado Colorado","Bon service","il y a 6 ans"
"1","Casablanca","GILDAS ADINGRA","agence de proximité","il y a 7 ans"
"1","Casablanca","Saad Fnine","Aceuillante","il y a 7 ans"
"1","Casablanca","Ibrahim Ahjyaje","Bien","il y a 6 ans"
"1","Casablanca","Hiba makboul","Mauvaise expérience,  la fille à l'accueil ne veut même pas faire son travail en dénonçant qu'ils peuvent m'aiderait et me répondait d'aller à une autre agence comme si j'ai rien à faire.","il y a une heure"
"1","Casablanca","zakaria Essaaj","Bravo pour l’engagement de la dame au comptoir. Elle a su résoudre un problème vraiment difficile avec efficacité. Félicitations pour ses compétences.","il y a 2 jours"
"1","Casablanca","Aissa Kheddadi","Très mauvaise expérience. Le conseiller a manqué de transparence et n’a pas mentionné tous les frais, ce qui donne l’impression qu’ils sont volontairement cachés pour conclure la vente. Lorsque j’ai contacté le service à la clientèle, le …","il y a 3 jours"
"1","Casablanca","Mohammed Chokry","Je tiens à exprimer mon profond mécontentement concernant la qualité de service proposée par Orange Maroc. …","il y a une semaine"
"1","Casablanca","R Maloney (Rob)","Le bureau était vide à mon arrivée. Je n'ai pas pu changer mon adresse. On m'a dit d'appeler le centre d'appels, mais personne ne parle anglais. Je ne comprends pas pourquoi ils n'ont pas pu me recevoir en personne.","il y a 3 ans"
"1","Casablanca","قناة أبو هارون التعليمية للأطفال","Cinq étoiles en moins. Le personnel du centre manque de professionnalisme dans la communication.","il y a 3 ans"
"1","Casablanca","Youssef Faski","Magasin inutile !","il y a 5 mois"
"1","Casablanca","مصطفى زابر أيت أومليل","Retards de service et indifférence envers le client","il y a 6 ans"
"1","Casablanca","Samehtak89","ça prend du temps avant que ce soit ton tour","il y a 7 ans"
"1","Casablanca","aziz sarssar","C'est bon","il y a 5 ans"
"1","Casablanca","abdelhak fettahi","Orange, une agence commerciale de télécommunications au Maroc","il y a 5 ans"
"1","Casablanca","Amine Rizki","Aucun texte","il y a 5 ans"
"1","Casablanca","Bouskoura Touria","bon service","il y a 5 ans"
"1","Casablanca","fadwa kherraf","Aucun texte","il y a 4 mois"
"1","Casablanca","Nadia Badrdine","Aucun texte","il y a 7 mois"
"1","Casablanca","OWEN YU","Aucun texte","il y a 8 mois"
"1","Casablanca","Ahmed Yaqoubi Soussane","Aucun texte","il y a 11 mois"
"1","Casablanca","Abdou Chaoui","Aucun texte","il y a un an"
"1","Casablanca","fadwa fadwa","Aucun texte","Modifié il y a un an"
"1","Casablanca","Oumaima Ch","Aucun texte","il y a un an"
"1","Casablanca","Yassine Elouardkane","Aucun texte","il y a 2 ans"
"1","Casablanca","stooon 72","Aucun texte","il y a 3 ans"
"1","Casablanca","Zaidane Hakimi","Aucun texte","il y a 3 ans"
"1","Casablanca","خلدون عبد اللطيف","Aucun texte","il y a 3 ans"
"1","Casablanca","Print It Solutions","Aucun texte","il y a 3 ans"
"1","Casablanca","Youssef Fouzi","Aucun texte","il y a 3 ans"
"1","Casablanca","KAMAL BOUZOUBAA","Aucun texte","il y a 4 ans"
"1","Casablanca","fahd zita","Aucun texte","il y a 4 ans"
"1","Casablanca","Mohamed Hafoud","Aucun texte","il y a 4 ans"
"1","Casablanca","Sidi-Mohamed Elinani","Aucun texte","il y a 4 ans"
"1","Casablanca","kouch lhoussine","Aucun texte","il y a 4 ans"
"1","Casablanca","Imad MELLAH","Aucun texte","il y a 4 ans"
"1","Casablanca","Amine Tahour","Aucun texte","il y a 4 ans"
"1","Casablanca","Younes EL YAMANI","Aucun texte","il y a 4 ans"
"1","Casablanca","Youssef Lahnin","Aucun texte","il y a 5 ans"
"1","Casablanca","Yassine Mouhafry","Aucun texte","il y a 5 ans"
"1","Casablanca","Kenza Benhar","Aucun texte","il y a 5 ans"
"1","Casablanca","el mehdi LAZIZI","Aucun texte","il y a 5 ans"
"1","Casablanca","Hajar Aouna","Aucun texte","il y a 5 ans"
"1","Casablanca","karim karim","Aucun texte","il y a 5 ans"
"1","Casablanca","Mounir LEFDILI ALAOUI","Aucun texte","il y a 5 ans"
"1","Casablanca","Mohamed Med","Aucun texte","il y a 6 ans"
"1","Casablanca","omar elidrissi","Aucun texte","il y a 6 ans"
"1","Casablanca","ALI KAGHAT","Aucun texte","il y a 6 ans"
"1","Casablanca","Tata Ameublement","Aucun texte","il y a 6 ans"
"1","Casablanca","Abderrahmane Benjelloun","Aucun texte","il y a 6 ans"
"1","Casablanca","Anouar BASSRY","Aucun texte","il y a 6 ans"
"1","Casablanca","Essere Belli","Aucun texte","il y a 6 ans"
"1","Casablanca","Younes Laghrib","Aucun texte","il y a 6 ans"
"1","Casablanca","H B","Aucun texte","il y a 6 ans"
"1","Casablanca","MOHAMED DOUERRACHAD","Aucun texte","il y a 6 ans"
"1","Casablanca","el hattaf el houssin","Aucun texte","il y a 7 ans"
"1","Casablanca","Sara Alem","Aucun texte","il y a 7 ans"
"1","Casablanca","mgs killer","Aucun texte","il y a 7 ans"
"1","Casablanca","Oussa Ma","Aucun texte","il y a 7 ans"
"1","Casablanca","Nao Nas","Aucun texte","il y a 7 ans"
"1","Casablanca","RACHID KOURSS","Aucun texte","il y a 7 ans"
"1","Casablanca","Abderrahim JAAOUI","Aucun texte","il y a 7 ans"
"1","Casablanca","Abdallah Bencherki","Aucun texte","il y a 7 ans"
"1","Casablanca","Mohamed Elfikri","Aucun texte","il y a 7 ans"
"2","Casablanca","Malak Mahly","Je viens de sortir de l’agence flagship Orange qui se trouve au boulevard Masira, Rien à dire franchement j’ai été prise en Charge rapidement, Soufiane a été très professionnel très rapide Et a su m’expliquer très bien mon forfait. C’est grâce à des personnes comme ça que je préfère Orange aux autres opérateurs.","il y a 3 mois"
"2","Casablanca","mohcine Comptable","Je suis client chez Orange et je possède un numéro enregistré à mon nom. J’utilisais une eSIM, mais malheureusement le code eSIM a été perdu. …","il y a 4 mois"
"2","Casablanca","Tarik Bensouda","Agence principale vide 4 postes fantômes service express personne a son poste … on se demande à quoi sa sert une agence aussi grande avec si peut de conseiller ou de commerciaux…. Et cela avant 17h…. Par contre je donne 5 étoiles au personnes présentes dans l agence .👍 …","il y a 9 mois"
"2","Casablanca","Ines Tahiri","Je vous déconseille fortement de faire un contrat avec Orange. Plus qu’une semaine sans la fibre, franchement c’est honteux, personne ne vient faire les travaux nécessaire pour arranger et satisfaire leur clients ! Très peu professionnel !
Honteux !","il y a 7 mois"
"2","Casablanca","Younes Bouhamada","Le pire service. Je ne conseille à personne de s'occuper d'eux. Je suis arrivé 20 minutes avant l'heure. Le gardien m'a renvoyé dans la rue. Ils ferment la porte vitrée avant l'heure. ils nous indiquent que nous sommes fermés. Sortez d'ici. Je suis venu payer les factures de téléphone et d'internet.","il y a un an"
"2","Casablanca","amel idzina","2 fois j’ai envoyé des touristes prendre une puce pour une courte période, les deux fois il a été dit que le logiciel ramait et qu’ils allaient faire le nécessaires dans la foulée. Lorsque les deux clients sont partis ils ont reçus un …","il y a 10 mois"
"2","Casablanca","Charik Meriem","Servie tres tres long on a besoin de prendre un congé pour passer payer une facture il faut réagir face a ça si non a quoi sert une agence assez grande avec deux employés qui n’arrive pas à assumer","il y a 7 mois"
"2","Casablanca","Ghizlane Annan","Très mécontente du service, j'ai changé d'opérateur pour passer à la fibre Orange pour profiter de la vitesse de la fibre, et j'ai mal fait, je suis sans internet depuis 3 jours. Promesse d'installation au bout de 48h, on prend 72h pour …","Modifié il y a 11 mois"
"2","Casablanca","Amine ELKHARRASSE","J'ai mis 2 étoiles uniquement pour l'agence qui est très bien décorée avec de la place pour s'asseoir en attendant, toutefois la conseillère que j'ai eu n'a rien à faire dans un service clients on dirait qu'on la dérange à chaque question …","il y a 9 mois"
"2","Casablanca","arthur","Je recommande cette agence Orange, Yousra est une personne très compétente et attentive, elle saura répondre à vos besoins","il y a un an"
"2","Casablanca","Book75","Tres mauvaise agence et tres mauvais directeur qui ne sait pas parler aux clients","il y a 4 mois"
"2","Casablanca","Khaoula kha","Je tiens à remercier l’équipe pour leur excellent service. Leur professionnalisme, leur créativité et leur réactivité ont dépassé mes attentes. Si vous cherchez une agence qui allie expertise et écoute, je les recommande vivement !","il y a un an"
"2","Casablanca","Lamia Berrada","Un très bon accueil et service à l'agence Orange Flagship. Professionnel, précis, rigoureux. J'ai apprécié la très bonne qualité de service fournie dans cette agence par le conseiller Soufiane.","il y a 10 mois"
"2","Casablanca","Nasser Z","Service catastrophique. Dans cette agence, on ne fera rien pour trouver des solutions à vos problèmes (fibre optique en panne, et cela dit en en passant, évitez cet opérateur). Incompétence au plus haut point, une honte. A fuir.","Modifié il y a 11 mois"
"2","Casablanca","Mariya","je suis passé à l’agence pour demander des renseignements concernant la fibre optique.
la conseillère m’a indiqué que mon adresse n’était pas “éligible” à …","il y a 2 ans"
"2","Casablanca","Adil cherradi","Je me suis présenté 2 fois à cette agence le service est d’une lenteur incroyable
À l’entrée l’agent de sécurité te donne un numéro imprimé coupé d’une feuille …","il y a un an"
"2","Casablanca","tarik erraouy","Notre expérience avec l'agent Soufiane a été excellente. Un grand merci à lui pour ses conseils et son service.","il y a un an"
"2","Casablanca","fatimazahra hraouia","Je me suis rendue à l'agence pour récupérer mon numéro de téléphone qui est avec abonnement suite à une perte de mon  téléphone ...ils ont refusé de me rendre mon numéro pour le Motif absence de numéro de téléphone sur le système et …","il y a 2 ans"
"2","Casablanca","Asmaa Qf","C'était une bonne expérience avec commeciale Khadija elle était efficace et très à l'écoute je la remercie infiniment","il y a un an"
"2","Casablanca","Mehdi Chaouki","Très bon service, l'agent Khadija est très serviable","il y a un an"
"2","Casablanca","Rania Hannioui","Très satisfaite du service. Efficace et efficient. Yousra est très bienveillante et aimable.","il y a un an"
"2","Casablanca","hatim elaich","Très serviable la conseillère khadija était très professionnelle et très serviable en tout très bon accueil et service","il y a un an"
"2","Casablanca","Fatimazahrae Bouzridat","L équipe est professionnel , ma demande a été bien pris en charge je recommande 👌 …","il y a un an"
"2","Casablanca","Youssef Chaabi","Très satisfait ! Un grand merci à votre agent Soufiane","il y a un an"
"2","Casablanca","Soukaina Lakrati","Excellent service
Thanks soufiane pour ton aide et recommandation","il y a un an"
"2","Casablanca","BOUCHTARAT OMAR","Très satisfait
soufiane Agent commercial top👌 …","il y a un an"
"2","Casablanca","Lamiaa Mayat","Une équipe de choc
Professionel , serviable, disponible et toujours à l écoute","il y a un an"
"2","Casablanca","RIME EL AICH","Khadija la conseillère était très professionnelle","il y a un an"
"2","Casablanca","Ihssane Badrane","Staff très à l’écoute et serviable 👏🏼 …","il y a un an"
"2","Casablanca","rachid alili","Tres bonne service
Tres bien accueilli","il y a un an"
"2","Casablanca","Amina Aboudou","Equipe très professionnel","il y a un an"
"2","Casablanca","Jamila Matrane","Mauvais service","il y a 9 mois"
"2","Casablanca","nouhayla bouanani","Service au Top","il y a un an"
"2","Casablanca","maria el","Service excellent 👍 J’ai installé la fibre et mon expérience est très satisfaisante. La connexion est rapide et stable, sans coupures. L’installation s’est bien passée et le personnel est professionnel. Franchement, très bon réseau, je recommande 👌 …","il y a une semaine"
"2","Casablanca","Elqazdir Oumaima","Service très professionnel, équipe accueillante et à l’écoute. Je recommande vivement !","il y a une semaine"
"2","Casablanca","Abderrahim Badri","Accueil chaleureux et convivial.
Le personnel est d'une extrême gentillesse et professionnalisme","il y a 3 semaines"
"2","Casablanca","ItsCrystals","Je me suis récemment rendu à la boutique Orange Smart Store située au 194 boulevard d’Anfa, à Casablanca, pour recharger notre routeur Wi-Fi D’jib. Malheureusement, le service client a été très décevant. Ma mère n’y est pas allée sans …","il y a 8 mois"
"2","Casablanca","Khalid Elmakdarri","Wifi adsl fe dare ma9to3 hadi simana ana mkhals les billures dyali kamlin ou netoma 9at3in 3lia la ligne wifi ach m'en haq 3ndkom t9at3oh ou service client zéro zéro zéro zéro zéro zéro zéro zéro zéro zéro zéro zéro zéro zéro","il y a 2 mois"
"2","Casablanca","imad el azyfy","La meilleure orange dans une ville pleine de professionnels du service client surmenés et épuisés.","il y a 2 mois"
"2","Casablanca","nizar bensouda","Des gens incompétents ! Un service catastrophique. À éviter.","il y a 2 ans"
"2","Casablanca","Dounia Mayat","Meilleure équipe","il y a un an"
"2","Casablanca","Di Salwa","Aucun texte","il y a une semaine"
"2","Casablanca","Dinofo","Aucun texte","il y a 8 mois"
"2","Casablanca","Logan Keller","Aucun texte","il y a 9 mois"
"2","Casablanca","Majid Alami","Aucun texte","il y a 11 mois"
"2","Casablanca","Khalil Alami","Aucun texte","il y a 11 mois"
"2","Casablanca","Moudtapha Moustapha","Aucun texte","il y a un an"
"2","Casablanca","Dounia Lrhlimi","Aucun texte","il y a un an"
"2","Casablanca","Amine Tornado","Aucun texte","il y a un an"
"2","Casablanca","Med Karim Zaydan","Aucun texte","il y a un an"
"3","Casablanca","Emerald wolf","Très déçue par le comportement de ce conseiller clientèle : comportement irrespectueux, manque total de professionnalisme et absence complète d’écoute.","il y a 4 mois"
"3","Casablanca","boutabi samira","Arriver, voir d'autres clients à l'intérieur, mais se faire refuser l'entrée juste parce qu'il était 18h30… et en plus avec un comportement impoli. Il n'y a rien de pire que de se sentir mal accueilli, surtout après s'être déplacée pour rien.","il y a un an"
"3","Casablanca","Ettore Dimarul","Orange seul opérateur ou tu peux pas faire d'abonnement fibre avec un passeport étranger catastrophique alors que orange c français mdr","il y a 5 mois"
"3","Casablanca","Gonzague de Lavernée","Toujours fermé entre midi et deux... Nous sommes trois clients devant la porte à 14h. Pas d'horaires sur la porte. Les deux autres agences du quartier sont fermées aussi. Vous pourriez au moins aménager les horaires pour que l'une d'entre elles soit ouverte ! Mais non... Service zéro.","il y a 7 ans"
"3","Casablanca","GS","Certainement l'opérateur le plus voleur du bien sur accompagné d' une énorme malhonnêteté ( mais, en général ça va de pair ) recharge de 300 dirhams pour un roaming qui n'a jamais fonctionné et la réponse de mon interlocuteur et toute …","il y a 6 ans"
"3","Casablanca","Adam Majid","Service nul .agente d accuiel n a aucune relation avec l accueil  ... j avais un propleme simple j ai perdu ma carte sim YOXO orange je suis partit a l agance orange cote wiliya de police twins centre casa l agente ma confirme que YOXO qui …","il y a 3 ans"
"3","Casablanca","Elmehdi Khlifi","Accueil chaleureux et professionnel,
Excellent service après vente!!!
Je recommande","il y a un an"
"3","Casablanca","François THIBAULT","Très mauvais accueil! La vendeuse parle avec une amie au téléphone et ignore les clients...
Publicité mensongère et frauduleuse de orange Maroc... des forfaits illimités …","il y a 6 ans"
"3","Casablanca","fahed","Non respect des horaires d ouvertures . Les gens attendaient tous devant . Un seul employé présent donc très grosse attente . C est décourageant","il y a 7 ans"
"3","Casablanca","Ayman Badissy","Service client zero ca fait plus d'un mois que j'ai commende ma ligne fibre et je n'ai toujour rien recu alors que je suis bien eligible a chaque fois que je les contacte on me dit que c'est pour bientot c'est du n'importe quoi absence total du professionnalisme Pire que maroc telecom","Modifié il y a 7 ans"
"3","Casablanca","Marie Joly","Un monsieur tres gentil qui prend le temps de bien vous renseigner... Super.","il y a 6 ans"
"3","Casablanca","Mohamed GM","une seule résolution aux problèmes = appelez le support. Ce dernier vous transfère d'un service à un autre.","il y a 3 ans"
"3","Casablanca","Wafae F","Serviabilité au top. Merci","il y a 6 ans"
"3","Casablanca","Youssef Sqalli","Bon accueil","il y a 7 ans"
"3","Casablanca","Aizen Corporation","0 résolution aux problèmes","il y a 3 ans"
"3","Casablanca","Anas Alami","Service clientèle zero,","il y a 4 ans"
"3","Casablanca","fff MORSI","Parfaitement NUL","il y a 7 ans"
"3","Casablanca","Omar Haloui","Bien","il y a 7 ans"
"3","Casablanca","fatimazahra hraouia","Manque de compétence","il y a 2 ans"
"3","Casablanca","Sanaa Elbaji","Très bon service
Personnel très accueillant","il y a 4 semaines"
"3","Casablanca","French Business Club","Merci Anas pour le service !","il y a un mois"
"3","Casablanca","Mi-Haven","Très bon service.
Merci Anas !","il y a un mois"
"3","Casablanca","Bouch Nakri","J'ai reçu des messages contradictoires.
Mais un préposé m'a aidé.","il y a 4 ans"
"3","Casablanca","amine Harit","D'accord","il y a 7 ans"
"3","Casablanca","oualid idir","Surpopulation","il y a 8 ans"
"3","Casablanca","L. E.","Le service est déplorable, surtout quand c'est une employée qui travaille. Elle était vraiment désagréable et m'a simplement dit d'appeler le service client. Avant cela, j'attendais qu'elle termine sa conversation téléphonique. Une fois …","il y a 22 heures"
"3","Casablanca","ismaël","Nom de l'agent Orange : Nabil Bougharfaoui-rn08964

L'agent mentionné ci-dessus a commis une grave erreur, ou sa collègue. J'ai …","il y a 3 semaines"
"3","Casablanca","Farid Farid","Aucun texte","il y a 2 mois"
"3","Casablanca","Sanaa Mandar","Aucun texte","il y a 2 ans"
"3","Casablanca","Oualid Draa","Aucun texte","il y a 3 ans"
"3","Casablanca","Jenny Moussounda","Aucun texte","il y a 5 ans"
"3","Casablanca","zakaria chawki","Aucun texte","il y a 5 ans"
"3","Casablanca","fadela benkirane","Aucun texte","il y a 6 ans"
"3","Casablanca","Oussama","Aucun texte","il y a 6 ans"
"3","Casablanca","Hussain Nurbhai","Aucun texte","il y a 6 ans"
"3","Casablanca","Walid Falah","Aucun texte","il y a 6 ans"
"3","Casablanca","Aila Machado","Aucun texte","il y a 6 ans"
"3","Casablanca","jawad 101","Aucun texte","il y a 6 ans"
"3","Casablanca","Brahim Oumas ou (T A H A W A R E)","Aucun texte","il y a 7 ans"
"3","Casablanca","Abdessamad Chabbak","Aucun texte","il y a 7 ans"
"3","Casablanca","D D","Aucun texte","il y a 7 ans"
"3","Casablanca","ADIL ALAMI","Aucun texte","il y a 7 ans"
"3","Casablanca","TAHA BOUKHRIS","Aucun texte","il y a 7 ans"
"3","Casablanca","Kamal Farahi","Aucun texte","il y a 7 ans"
"3","Casablanca","achraf elhadi","Aucun texte","il y a 7 ans"
"3","Casablanca","John Buguin","Aucun texte","il y a 7 ans"
"3","Casablanca","Meryem Bouras","Aucun texte","il y a 7 ans"
"3","Casablanca","Bencherif Jamal","Aucun texte","il y a 8 ans"
"3","Casablanca","sabiry lamiaa D20","Aucun texte","il y a 8 ans"
"3","Casablanca","Mohamed EL BOUZAIDY","Aucun texte","il y a 8 ans"
"4","Casablanca","MOHSINE AMELLAL","Je ne recommande pas cette agence. le 31/10/2025 a 15h Ils font travailler une seule personne pour gérer plusieurs clients à la fois,  ce qui montre un manque d’organisation et de respect pour les employés comme pour les clients. Une meilleure répartition du travail serait nécessaire pour offrir un service professionnel.","il y a 5 mois"
"4","Casablanca","Asmaa Bouftas","Franchement, très mauvaise expérience à l’agence Orange de Birnazaran. Le vigile et la conseillère sont très malpolis et ne savent pas du tout comment traiter les clients. Aucun respect, aucun sourire, et un service vraiment médiocre. La direction devrait vraiment contrôler cette agence","il y a 5 mois"
"4","Casablanca","assala moutaabid","Arriver, voir d'autres clients à l'intérieur, mais se faire refuser l'entrée juste parce qu'il était 12h45… et en plus avec un comportement impoli. Il n'y a rien de pire que de se sentir mal accueilli, surtout après s'être déplacée pour rien et donner de fausses informations au client pour se libérer","il y a 5 mois"
"4","Casablanca","Asmaa Bel","Très déçue du service chez Orange.
Je n’ai rien à reprocher au gestionnaire, mais une seule personne gère tous les clients, ce qui crée des délais d’attente de plus d’une heure. …","il y a 6 mois"
"4","Casablanca","HOUSSAM LAMDEK","À FUIR !
Une agence lamentable où le client n’a aucune valeur aux yeux des agents. Voilà plusieurs semaines que le wifi est coupé, sans aucune solution proposée, …","il y a 7 mois"
"4","Casablanca","Karim Ben","Apparemment ici, on ferme quand le personnel décide, pas selon les horaires affichés. La meuf très arrogante, voulait partir avant la fermeture. Bravo pour le service !","il y a 6 mois"
"4","Casablanca","Mohammed Bensoltana","Service lamentable et catastrophique. Aucun effort de la part du personnel pour trouver une solution à un problème d’indisponibilité de la fibre optique depuis plusieurs jours. Pire encore, incohérence totale entre le discours du centre d’appels et celui des commerciaux surplace.","il y a 7 mois"
"4","Casablanca","Samira Zahiri","J’étais moi et deux clients qui étaient avant moi, malheureusement une grande agence avec un seul agent qui est chauve et qui n’a pas arrêté de rigoler avec deux clientes pendant une heure alors qu’on est entrain d’attendre. …","il y a un an"
"4","Casablanca","هشام الحفظي","2 agents pour servir plusieurs clients c’est très lent
En plus les gens ne respectent pas leur tour
Il faut ajouter des agents sur cette agence au moins 4 ou 5","il y a 6 mois"
"4","Casablanca","loubna el ouadghiri","FUIYEZ l’agence Orange Biranzarane. Le service y est d’une lenteur insupportable et le personnel, loin d’être professionnel, fait preuve d’un désintérêt total envers les clients. …","il y a un an"
"4","Casablanca","Marouan Habiballah","Je rentre à l'agence, je vais vers l'agent: Bonjour Mr est ce que je peux vous poser une question ?(Je voulais savoir si je pouvais faire une demande de resiliation sur place ou pas), il me regarde, m'ignore et change de place, incroyable …","il y a 2 ans"
"4","Casablanca","Nouhad BOURHILA","Après un long périple pour une prestation particulière, j ai été enfin orientée vers l agence orange bir anzarane.
L’équipe est tellement professionnelle et compétente que ma réclamation a été …","il y a 11 mois"
"4","Casablanca","Becky Patricelli","Cet établissement devrait fermer pour avoir un personnel aussi peu éduqué irrespectueux. Il ne savent pas s’ils sont désagréables et tout le monde est d’accord avec moi. Ça fait plusieurs fois déjà que j’y suis allé, ils sont désagréables, …","il y a un an"
"4","Casablanca","Abdelaziz Harout","Sevice 0000000
1 personne pour une agence !!!
Au lieu de faire un nouveau abonnement je vais résilier les autres.","il y a 8 mois"
"4","Casablanca","Nisrine Ni","bonjour, je suis passée à cet agence dernièrement pour faire une demande adsl. Déjà moi je rentre, je dis à la dame bonjour elle répond même pas mais pas que, quand je vais vers elle pour demander des informations d’avantage sur les offres …","il y a 2 ans"
"4","Casablanca","Jamal Jamal","Première fois que j’y vais pour un abonnement Box internet. Service irréprochable, j’espère que cela durera dans le temps😊 …","il y a 10 mois"
"4","Casablanca","Dehli Haitam","Siyda li kayna tema est super désagréable, service 0","il y a 6 mois"
"4","Casablanca","Hassan Allalou","Anarchique. La vendeuse se laisse interrompre par n'importe qui sans se soucier des affaires en cours, créant ainsi une file d'attente interminable.","il y a un an"
"4","Casablanca","Recysteve Recysteve","Je suis très déçu par le service de l'agence . Pour un simple service, j'ai dû attendre une éternité","il y a un an"
"4","Casablanca","Redsupa Spain","Une agence de télécommunications , aucun numero de contact , pour une incompétence ou une info il faut s’y rendre ,","il y a 9 mois"
"4","Casablanca","Donuts _","Nous avons pris 5 forfaits la commerciale a été très agréable. Elle a été à l'écoute patiente et professionnelle .
Merci beaucoup je vous recommande 👍🏻👍🏻 …","il y a 2 ans"
"4","Casablanca","Yassir Mafhoum","Une catastrophe , on doit patienter pendant une trentaine de minutes  alors que les agents plaisantent entre eux pour enfin nous dire que le système ne fonctionnent pas .","il y a un an"
"4","Casablanca","Mohamed FILALI","Satisfait, transfert rapide (moins de 24h) de la fibre vers la nouvelle adresse","il y a un an"
"4","Casablanca","Anas 12","NUL","il y a un mois"
"4","Casablanca","Mohamed SOUGRATI","Commercial irrespectueux et impoli qui donne une mauvaise image de la société Orange que je respecte","il y a 2 ans"
"4","Casablanca","Adarrak Family2","Service nul et long","il y a 11 mois"
"4","Casablanca","jihane chakir","Meilleurs commercial","il y a un an"
"4","Casablanca","Hassan Douliazel","Serviable","il y a un an"
"4","Casablanca","Hicham Selham","Je ne recommande pas cette agence.
Le responsable boutique ne respecte pas ces collègues, en plus il refuse d'accueillir les clients.","il y a 2 jours"
"4","Casablanca","Sanaa KABACH","Bonjour
J'ai été surprise par l'accueil chaleureux de l'équipe de l'agence Biranzarane tout particulièrement Ssi Reda pour son accueil et sens du service.
Merci encore à toute l'équipe et à très bientôt.
Sanaa","il y a une semaine"
"4","Casablanca","M'hamed Benbrahim El Andaloussi","La pire agence de l’histoire des telecoms au monde. Si y avait 0 étoiles j’aurais cliqué","il y a 4 semaines"
"4","Casablanca","Wasima Rzane","Très déçu du service de cette agence.

Pour être tout à fait honnête, je ne pense même pas qu'une étoile soit méritée. J'ai dû attendre près de deux heures et il n'y avait qu'une seule personne au guichet.","il y a 7 mois"
"4","Casablanca","polarkerr","Personnel très courtois et serviable, notamment Nada et le monsieur dont j'ai oublié le nom, sans oublier l'agent de sécurité, lui aussi très serviable. Certes, il faut patienter, mais c'est la vie en ville.","il y a 8 mois"
"4","Casablanca","Ayoub Zeryane","Bonjour, je tiens à vous informer que, selon moi, l'agence Biranzaran est l'une des pires de Casablanca. Les clients doivent patienter longuement et un seul agent est disponible. Améliorez votre service ou fermez définitivement l'agence. …","il y a 8 mois"
"4","Casablanca","Oussama Elbaz","Une seule étoile, c'est déjà beaucoup. Service client déplorable. Impossible de joindre qui que ce soit. Les problèmes persistent malgré d'innombrables appels. Personne ne semble savoir ce qu'il fait. De plus, pour ce magasin, le numéro de …","il y a un an"
"4","Casablanca","M. Aldian Astrayudha","Produit et service déplorables. Le combo parfait ! Je ne recommande ni ce magasin ni cet opérateur. Nous avons acheté une eSIM qui ne fonctionne pas. Nous sommes retournés au magasin pour acheter une carte SIM, et elle ne fonctionnait pas …","il y a 2 ans"
"4","Casablanca","Valery Moiseev","Endroit agréable et propre.

Conseiller poli parlant anglais. Il nous a aidés avec la carte SIM, notre …","il y a 2 ans"
"4","Casablanca","Othmane El Alami (ɎøX)","Je paie 649 dirhams par mois et ils m'ont fourni un routeur défectueux qui redémarre aléatoirement presque toutes les heures. Quand j'ai demandé à le changer, ils ont répondu : « Nous sommes en rupture de stock. »","il y a 2 ans"
"4","Casablanca","Zouhair LAAMIRI","Ce magasin est une véritable arnaque ! À éviter absolument ! Service client déplorable : les gens font la queue pendant des heures et les employés s’en fichent complètement…","il y a un an"
"4","Casablanca","Omar Laoudai","Des heures d'attente à chaque fois, embauchez du personnel !","il y a 7 mois"
"4","Casablanca","زكرياء سابع","Boutique Orange Telecom, proposant des services de téléphonie mobile, d'internet sans fil et par fibre optique.
La boutique est située rue Bir Anzarane, au rez-de-chaussée de la Résidence …","il y a 3 ans"
"4","Casablanca","Willem Koenders","Ce magasin est une véritable abomination. Quelle honte ! Je parle d'Orange en général au Maroc, mais qui sait où faire part de ce genre de commentaires ? Impossible de les contacter.","il y a 2 ans"
"4","Casablanca","Hassan MB","Des employés qui semblent obligés d'être là, un service client médiocre et une attitude déplorable.","il y a un an"
"4","Casablanca","Magnus Magnus","J'ai attendu longtemps juste pour acheter du crédit. Un homme atypique.","il y a un an"
"4","Casablanca","Moaad Aki","Mon service","il y a 6 mois"
"4","Casablanca","ayoub hail","Excellent","il y a un an"
"4","Casablanca","Said Rabib","service clinique","il y a un mois"
"4","Casablanca","Aziz Ezzahraoui","Aucun texte","il y a 2 mois"
"4","Casablanca","Adarine El Mansour Billah","Aucun texte","il y a 2 mois"
"4","Casablanca","Soufian El","Aucun texte","il y a 2 mois"
"4","Casablanca","Abderrahim MECHATTE","Aucun texte","il y a 5 mois"
"4","Casablanca","Mehdi Chbani","Aucun texte","il y a 6 mois"
"4","Casablanca","Assia khadija Ghaliouech","Aucun texte","il y a 9 mois"
"4","Casablanca","Sanae Berrezzouk","Aucun texte","il y a 10 mois"
"4","Casablanca","Mohamed Baamy","Aucun texte","il y a 11 mois"
"4","Casablanca","Mohamed Baaziz","Aucun texte","Modifié il y a un an"
"4","Casablanca","chaimaa baaziz","Aucun texte","il y a un an"
"4","Casablanca","Hamza Behar","Aucun texte","il y a un an"
"4","Casablanca","Latifa Talibi","Aucun texte","il y a un an"
"4","Casablanca","Commercial Orange","Aucun texte","il y a un an"
"4","Casablanca","Ali Bellaoui","Aucun texte","il y a un an"
"4","Casablanca","Issam Wahbi","Aucun texte","il y a un an"
"4","Casablanca","Anas En_nabety","Aucun texte","il y a un an"
"4","Casablanca","Hassan Baaddi","Aucun texte","il y a un an"
"4","Casablanca","karim salahdine","Aucun texte","il y a 4 ans"
"5","Casablanca","Yassine Mahlaoui","Je déconseille ce lieu quelque soit sa nomination. Clima nerveux dedans, les conseillers ne connaissent même pas leurs catalogues produits et des erreurs de saisie... Seul point positif, c'est une file d'attente gérée par le gars de sécurité.
A améliorer","il y a 2 mois"
"5","Casablanca","Rachid BOUHMADI","Excellente expérience à l'agence Orange bd Anfa ⭐⭐⭐⭐⭐

Le personnel est très professionnel, accueillant et à l’écoute. J’ai été …","il y a 10 mois"
"5","Casablanca","med amine","Je suis très satisfait du service de cette boutique Orange. L'équipe est professionnelle, réactive et à l'écoute. Ma demande a été traitée rapidement et efficacement. Un grand merci a Mr Ayoub. Je recommande.","il y a 5 mois"
"5","Casablanca","Dr Hanane ELLIOUA","J'étais accueilli par M Ayoub;
Il a pris le temps de m'expliquer les offres et les opportunités Orange fibre optique. …","il y a 5 mois"
"5","Casablanca","Karim Ben","Je suis passé chez Orange Anfa pour un échange d’eSIM. Le conseiller au milieu était vraiment sympa, patient et très poli. Tout s’est bien passé, service professionnel et agréable.","il y a 6 mois"
"5","Casablanca","Anass Mh","Excellente expérience à l'agence Orange bd Anfa surtt avec l agent comercial Mr Ayoub ,une communication transparente 👍 …","il y a 5 mois"
"5","Casablanca","Khalid Aktam","L agent de sécurité
Il joue au téléphone
Les commerciaux sort un après l autre à 14h00 …","il y a 2 mois"
"5","Casablanca","Khadija Darif","Je tien a remercier Mr ayoub. Pour son pour son professionalism grand merci anfaa pour ce service","il y a 5 mois"
"5","Casablanca","Rabab Malika","Super expérience à l’agence Orange Anfa ! Un grand merci à Mohcine pour son professionnalisme, son écoute et sa patience. Il a su répondre à toutes mes questions avec clarté. Service au top !","il y a un an"
"5","Casablanca","Youssef rajawi","Pour moi Mr ayoub zouhairi et un ami par un commercial orange grand bravo","il y a 5 mois"
"5","Casablanca","Tiss","Avertissement abonnement, ne prenez en aucun cas l’abonnement orange tout illimité à 500 dh. Grosse arnaque il n’y a pas d’accès illimité ! Et personnes ne répond au service réclamation.","il y a un an"
"5","Casablanca","Fatima-Zahra Kettani","Très mauvaise expérience avec Orange.
Ma ligne ne fonctionne plus depuis plus de 2 jours et personne n’a rien fait pour régler le problème ! J’ai fait plusieurs réclamations et rien n’a changé ! …","il y a 4 ans"
"5","Casablanca","Mathieu","Service de qualité je recommande !!","il y a 6 mois"
"5","Casablanca","Tarik El HAKMY","Bonjour
En constatant que le debit de mon Dar Box est devenu trop faible, j'ai appelé le service relation client, qui m'informe que cest normal les conditions de mon …","il y a 4 ans"
"5","Casablanca","Abdelilah Znaidizz","Je paie pour 12 Mbps Darbox et j'en reçois au max 2 pendant les beaux jours. Aucune réclamation n'a abouti. Toujours rien. La wifi ne me sert pratiquement à rien. Je ferai un constat technique via une agence spécialisée et je porterai …","il y a 5 ans"
"5","Casablanca","gerard briquet","Jamais une société aussi nulle 20 jours dattente toujours pas installé de plus destruction de votre appartement car il ne trouve plus le passage et ensuite plus personne ne vous reponds au téléphone fortement déconseillé.","il y a 8 ans"
"5","Casablanca","visca barca","Top Acceuil et service","il y a 4 mois"
"5","Casablanca","Wissal Ch","Plus d'une heure d'attente
C'est nuuulll","il y a 9 mois"
"5","Casablanca","Yassine Hamdouni","Excellent accueil, commerciaux très respectueux et professionnels.","il y a un an"
"5","Casablanca","Waren Mve","J'apprécie bien le lieu de plus ils font les offrent de téléphonie mobile","il y a 6 ans"
"5","Casablanca","Saf Bek","Les caissiè entrain de rigoler à l'intérieur cependant des clients qui attend furieux 😡😡😡 manque de professionnalisme …","il y a 3 ans"
"5","Casablanca","Ahmani El Mahdi","Une bande d’escrocs qui ne respectent pas les contrats attention les potentiel clients Orange ne respecte pas les contrats","il y a 5 ans"
"5","Casablanca","Omar HADAR","Veuillez changer votre numéro de téléphone","il y a un an"
"5","Casablanca","hakim saddek","Satisfait","il y a 8 mois"
"5","Casablanca","hicham cherkaoui","bonne agence , personnel a l’écoute","Modifié il y a 7 ans"
"5","Casablanca","Samir Alami","Toujours un problème de système c'est honteux","il y a 2 ans"
"5","Casablanca","Yahya Ikhlass","Il faut avoir les numéros téléphoniques des agences","il y a 6 ans"
"5","Casablanca","Youssef najeddine","Méditel qui est devenue Orange en 2017","il y a 9 ans"
"5","Casablanca","ahmed atiat","Lieu de paiement de factures","il y a 4 ans"
"5","Casablanca","Abdelhamid Elhachemi","Bien","il y a 2 ans"
"5","Casablanca","jarir alkindili","Bon","il y a 9 ans"
"5","Casablanca","YASSINE ELBA (ELBA)","Réclamation","il y a un an"
"5","Casablanca","Baseus Maroc","Opérateur de qualité","Modifié il y a 8 ans"
"5","Casablanca","Merveille Bouss","🥳🥳 …","il y a 4 ans"
"5","Casablanca","Sidy Faye","Très moderne genre startup et service très professionnel","il y a une semaine"
"5","Casablanca","Louanges Ibinga","Bien","il y a 7 ans"
"5","Casablanca","عجائب الدنيا","Bien","il y a 7 ans"
"5","Casablanca","Ötmane Hassan","Services non liés. Je suis venu vous voir pour activer une carte internationale. Je suis arrivé en Turquie et elle n'a pas fonctionné. J'ai dû acheter une nouvelle carte pour 400 dirhams.","il y a 5 mois"
"5","Casablanca","هعت جحم","L'un de nos frères là-bas a l'impression d'être traité comme un moins que rien.","il y a 6 mois"
"5","Casablanca","Driss Beramdane","Longue attente, une seule personne au travail. Plus de dix personnes attendent.","il y a un an"
"5","Casablanca","Mouad Ilyas","Guéliz, Marrakech

🐢🐢🐢 Centre-ville et connexion lente
Dar-box …","il y a 3 ans"
"5","Casablanca","Kamal Farahi","Orange est très bien, c'est très bon marché et l'internet est à très haut débit avec une bonne qualité d'appel.","il y a 7 ans"
"5","Casablanca","O. G","Le personnel est incompétent, indiscipliné et ne se soucie pas des autres.","il y a 8 ans"
"5","Casablanca","rachid zaghloul","Une bonne entreprise uniquement en zone urbaine","Modifié il y a 8 ans"
"5","Casablanca","michael burnett","Meilleure entreprise de télécommunications au Maroc.","il y a 3 ans"
"5","Casablanca","ayoub ahadjam","Service client déplorable","il y a 4 ans"
"5","Casablanca","ZeR0 _ 0ReZ","Entreprise de télécommunications au Maroc","il y a 7 ans"
"5","Casablanca","Zaama Youssra","Kolchi mzn","il y a un an"
"5","Casablanca","Keltoum Kerroum","Merci beaucoup","il y a 8 ans"
"5","Casablanca","Massimo Rizzi","D'accord","il y a 6 ans"
"5","Casablanca","Imad Zahrani","Correct","il y a 8 ans"
"5","Casablanca","Taha Oubah","Aucun texte","il y a une semaine"
"5","Casablanca","Niyaz Younes","Personnel agréable et serviable. Le système de file d'attente est efficace. Réponses rapides aux questions.","il y a une semaine"
"5","Casablanca","Aziz Aziz","Aucun texte","il y a 2 semaines"
"5","Casablanca","EL GANA Med","Aucun texte","il y a 3 mois"
"5","Casablanca","Naoufal Trombati","Aucun texte","il y a 4 mois"
"5","Casablanca","Yamna Ouachkad","Aucun texte","il y a 5 mois"
"5","Casablanca","Bahaa Ettoumi","Aucun texte","il y a 6 mois"
"5","Casablanca","el mehdi abounous","Aucun texte","il y a 7 mois"
"5","Casablanca","Yahya Berrada","Aucun texte","il y a 11 mois"
"5","Casablanca","mohamed elbakkaly","Aucun texte","il y a un an"
"5","Casablanca","NASREDDINE BELKASMI","Aucun texte","il y a un an"
"5","Casablanca","Oussama CHARIHA","Aucun texte","il y a un an"
"5","Casablanca","Mr Jonathan Underson","Aucun texte","il y a un an"
"5","Casablanca","Wahb Zbir","Aucun texte","il y a un an"
"5","Casablanca","zineb karmani","Aucun texte","il y a un an"
"5","Casablanca","Soufiane Latif","Aucun texte","il y a un an"
"5","Casablanca","Hassane El yakoubi","Aucun texte","il y a 2 ans"
"5","Casablanca","AbdouCharif Abderrahmane","Aucun texte","il y a 3 ans"
"5","Casablanca","Moussa Ouhsaine","Aucun texte","il y a 4 ans"
"5","Casablanca","abdellah bana","Aucun texte","il y a 5 ans"
"5","Casablanca","Malek (The Gypsy)","Aucun texte","il y a 6 ans"
"5","Casablanca","ismail Aghoutane","Aucun texte","il y a 6 ans"
"5","Casablanca","Saeed Tarish","Aucun texte","il y a 6 ans"
"5","Casablanca","BENZINEB Youness","Aucun texte","il y a 6 ans"
"5","Casablanca","mostafa tahara","Aucun texte","il y a 6 ans"
"5","Casablanca","moujib erafii","Aucun texte","il y a 6 ans"
"5","Casablanca","daphne tona","Aucun texte","il y a 6 ans"
"5","Casablanca","Hanaa Boutahar","Aucun texte","il y a 6 ans"
"5","Casablanca","Mustapha Elasri","Aucun texte","il y a 6 ans"
"5","Casablanca","Abdelilah Dakhchoune","Aucun texte","il y a 7 ans"
"5","Casablanca","Yaser A","Aucun texte","il y a 7 ans"
"5","Casablanca","Bahaddou Hatim","Aucun texte","il y a 7 ans"
"5","Casablanca","Younes Chaoui","Aucun texte","il y a 7 ans"
"5","Casablanca","maatouq mohamed","Aucun texte","il y a 7 ans"
"5","Casablanca","Brahim Oubaid","Aucun texte","il y a 7 ans"
"5","Casablanca","Houssam H","Aucun texte","il y a 7 ans"
"5","Casablanca","Tiko Razal","Aucun texte","Modifié il y a 7 ans"
"5","Casablanca","Abderrahim Bachiri","Aucun texte","il y a 8 ans"
"5","Casablanca","BELAC (“Ben-Wallace”)","Aucun texte","il y a 8 ans"
"5","Casablanca","Maxwell Jeez","Aucun texte","il y a 8 ans"
"5","Casablanca","زهير ابو خليل","Aucun texte","il y a 8 ans"
"5","Casablanca","TIKO GROUP","Aucun texte","il y a 8 ans"
"5","Casablanca","Mohamed khalil Bennani Tannoche","Aucun texte","il y a 8 ans"
"5","Casablanca","EL MEHDI CHENTOUF","Aucun texte","il y a 8 ans"
"5","Casablanca","Saad RACHID","Aucun texte","il y a 8 ans"
"5","Casablanca","Bilal abdo","Aucun texte","il y a 9 ans"
"5","Casablanca","Mehdi Jafri","Aucun texte","il y a 9 ans"
"5","Casablanca","Saad Zimat","Aucun texte","il y a 9 ans"
"5","Casablanca","Said Jebari","Aucun texte","il y a 9 ans"
"5","Casablanca","Hamza ZIDANE (Hz)","Aucun texte","il y a 9 ans"
"5","Casablanca","Hicham","Aucun texte","il y a 13 ans"
"6","Casablanca","Imad MARS","Très bon service,
Chargés clientèles sympas, patients et répondent à toutes questions.","il y a un an"
"6","Casablanca","mixx For (“‫نمي عقلك مع sohaib‬‎”)","Service à la clientèle au niveau requis .surtout Mr Ahmed merci beaucoup chef","il y a un an"
"6","Casablanca","Nada Essakhi","Très bon service des agents très compétents.","il y a 2 ans"
"6","Casablanca","Rabha Chraki","Mzn hed l agence","il y a un an"
"6","Casablanca","Ahmed Achraoui","Agence formidable","Modifié il y a un an"
"6","Casablanca","Khadija Mzoumi","👏👏👏 …","il y a 2 ans"
"6","Casablanca","نور قلبك","Je l'ai trouvé fermé et vous avez écrit « Combien de temps cela va-t-il prendre ? » et maintenant il est 14h21 et le magasin est fermé.","il y a 4 mois"
"6","Casablanca","Iam Ana (“Rima commerce casa”)","Un témoignage de la gentillesse de l'utilisateur et de son excellent service.","il y a 2 mois"
"6","Casablanca","Mohamed Errosafy","Je l'ai trouvé fermé et vous avez écrit « combien de temps cela va-t-il prendre ? » et maintenant il est 13h40 et le magasin est fermé.","il y a 3 mois"
"6","Casablanca","Redmi Lokito","Très bien, bon réseau, c'est la meilleure entreprise.","il y a un an"
"6","Casablanca","Loutfi Don","Le service de l'agence est bon et propre, surtout celui de M. Ahmed.","il y a un an"
"6","Casablanca","Hanane Dehhane","Agence Vallevel

Nous conseillons aux gens de s'y rendre.","il y a un an"
"6","Casablanca","Mohamed Serrane","Que Dieu vous bénisse, mes enfants","il y a un an"
"6","Casablanca","Youssef Channaj (Yusef)","Aucun texte","il y a 2 mois"
"7","Casablanca","Aouragh Najat","La qualité du service était très bonne et le travail bien réalisé la fille à l’accueil a fait preuve de professionnalisme avec un très bon sens de l’accueil et un comportement agréable.🧡🧡 …","il y a 2 mois"
"7","Casablanca","Aya Aya","Good service 👍🏻👍🏻👍🏻👍🏻
J’ai travaillé avec une fille
Travail propre et professionnel, bonne organisation et comportement correct et respectueux. …","il y a 2 mois"
"7","Casablanca","sanaa iddir","Très mauvais service!!! La commerciale a besoin de formation pour savoir comment traiter les clients!","il y a 3 mois"
"7","Casablanca","Imad Raffa","Mouvais expérience
Une fille dans l'accueil Pas professionnel
Et le procédure de sav nulle","il y a 2 mois"
"7","Casablanca","ali Harradi","Très mauvais service on dirait qu'on est dans une administration de l'ère médiévale.","il y a 5 mois"
"7","Casablanca","Bila moustaid","Je souhaite partager mon expérience concernant une interaction avec l’une de vos commerciales au sein de votre agence située au Boulevard Panoramique à Casablanca. …","il y a un an"
"7","Casablanca","Rochdi Khachiche","Très bon service je recommande","il y a un an"
"7","Casablanca","Riouche Jamila","Bon service et aimable personnel","il y a un an"
"7","Casablanca","Mohmad Olim","Très bon service","il y a un an"
"7","Casablanca","Abla Ghita EL HAJJI","Très bon service, j’ai pris un abonnement pour ma fille, le commercial était très à l’écoute… la directrice est très serviable et accueillante..","il y a un an"
"7","Casablanca","Meryem Lasseri","Une équipe formidable à l'agence Orange ! Service rapide, efficace et toujours avec le sourire. Bravo au chef d'équipe","il y a un an"
"7","Casablanca","Ahmed Macir","Personnels a la hauteur, bon service
Chef d agence est très aimable","il y a un an"
"7","Casablanca","ouafae fouassi","Très bon service je recommande","il y a un an"
"7","Casablanca","Fatima Zahra Rouissam","Un service de très haute qualité + des employés très agréables et aimables 10/10.","il y a un an"
"7","Casablanca","قناة المايسترو سفيان","Bon service. Staf serviable","il y a un an"
"7","Casablanca","wiam nazih","Service au top:  équipe à l’écoute, efficace et rapide","il y a un an"
"7","Casablanca","loudades fatima zahra","Très bonne service","il y a un an"
"7","Casablanca","abdeltif trawa","Espace client très moyen, propose un bon service, fil d'attente moyen, personnel qualifié.","il y a 7 ans"
"7","Casablanca","Kaka Kaka","Merci reda , bon service","il y a un an"
"7","Casablanca","Oussama Aissaoui","Personnel aimable, temps d'attente trop long, toujours des problemes de connexion au niveau du TPE, dans l'obligation de reporter le paiement à chaque fois","il y a 6 ans"
"7","Casablanca","hamid Idalene","Bon service","il y a un an"
"7","Casablanca","Hind Ouzane","Agence clean personnel aimable surtout madame sakina gentille et à l'écoute","il y a un an"
"7","Casablanca","Mohamed El Biyed","Localisation gps erroné","il y a 8 mois"
"7","Casablanca","Yassine Rafenne","Merci à toute l équipe
Bon service","il y a un an"
"7","Casablanca","Ali Chafay","Service nul","il y a 6 mois"
"7","Casablanca","Talbi Chaimaa","Très bonne service","il y a un an"
"7","Casablanca","mohamed boubou","Endroit stratégique pas loin du tram le service est excellent","il y a 6 ans"
"7","Casablanca","Insaf Alaoui","Bon service ⚡","il y a un an"
"7","Casablanca","Hassan Chahbi","Pour moi il y a pas mieux que l'agence panoramique. Puisque j'habite  à côté.","il y a 7 ans"
"7","Casablanca","youssef El jazouli","Un travail professionnel dans tous les sens du terme","il y a un an"
"7","Casablanca","samira naim","Très bon service","il y a un an"
"7","Casablanca","Ali Bensghir","Bonne service","il y a un an"
"7","Casablanca","HARIFI HICHAM (AUTOVITE)","Une très bonne agence","il y a 8 ans"
"7","Casablanca","Abdelkhalek Manar","Bonne travail","il y a un an"
"7","Casablanca","Karim Said","Bon acceulle, interessant","il y a 6 ans"
"7","Casablanca","simo fakir","C bon","il y a 6 ans"
"7","Casablanca","ait boulahsan amanellah","Bon service","il y a un an"
"7","Casablanca","abdellah chahnaoui","Très bon service","il y a 5 ans"
"7","Casablanca","Wilfrid LEFEBVRE","Ça va","Modifié il y a 7 ans"
"7","Casablanca","achraf ait hammou","Rien a dire","il y a un an"
"7","Casablanca","ALI KAMAR","C'est une agence inwi","il y a 7 ans"
"7","Casablanca","Mohamed El Asri","Bon","il y a 7 ans"
"7","Casablanca","Amine Houmam","👍🏾 …","il y a un an"
"7","Casablanca","Errafay Abderrahim","Sans commentaire","il y a 7 ans"
"7","Casablanca","Fatima Fatima","👍 …","il y a un an"
"7","Casablanca","Hicham Taoufik","Client","il y a 6 ans"
"7","Casablanca","Mazroui Massira","service top","il y a 7 ans"
"7","Casablanca","Khawla Meliani","👍👍👍 …","il y a un an"
"7","Casablanca","EL YAMANI Mohammed","Chez Pedro","il y a 6 ans"
"7","Casablanca","Aya Badri","bon service","il y a un an"
"7","Casablanca","٠٠ مجهول","👍👍 …","il y a 8 ans"
"7","Casablanca","Kaoutar Dadda","Réactivité","il y a un an"
"7","Casablanca","Zakaria Elgode","Bon service 😍😍😍😍😍😍😍😍 …","il y a un an"
"7","Casablanca","Mohamed Filali","Bon service","il y a 5 ans"
"7","Casablanca","innovafone innovafone","Bon servic","il y a 5 ans"
"7","Casablanca","Veiline Kiara","Bon service","il y a 8 ans"
"7","Casablanca","Khalfoui Albatros","Merci pour le service rien à dire","il y a une semaine"
"7","Casablanca","Achraf Monchid","Très bon service 👏🏻🖤 …","il y a une semaine"
"7","Casablanca","Hanan elkhyati","Pas trop mal dans l ensemble le service client et réactive","il y a 3 semaines"
"7","Casablanca","ayoub jamal","La qualité de l'agence réside dans ses employés. Ils ne lésinent pas sur les conseils adaptés à mes besoins. Merci Orange.","il y a un an"
"7","Casablanca","amine alkhattabi","En entrant, j'ai trouvé l'agent de sécurité.

Une jeune femme était avec deux clientes venues acheter le même produit. …","il y a 7 ans"
"7","Casablanca","amine bousserhane","Service excellent","il y a 11 mois"
"7","Casablanca","John Joe","Bon service. Personnel sympathique.","il y a 6 ans"
"7","Casablanca","Meriem Benkhalid","Merci pour les services de cette agence.","il y a un an"
"7","Casablanca","Chayma Afif","Très bonne expérience","il y a un an"
"7","Casablanca","Jamal Jockr","Services excellents","il y a un an"
"7","Casablanca","Mouad Zd","Le caissier fait du bon travail.","il y a 7 ans"
"7","Casablanca","Omar El hamri","Excellent service","il y a 5 ans"
"7","Casablanca","Rachi dos Tv","Services excellents","Modifié il y a un an"
"7","Casablanca","Salma Rana","Excellent","il y a un an"
"7","Casablanca","Elhoussine Benazi","Service déplorable 👎🏼👎🏼👎🏼👎🏼 …","il y a 2 ans"
"7","Casablanca","Rayane Ksiba","Uriner dans les toilettes","il y a 7 ans"
"7","Casablanca","ADIL MOUFAKKIR","Bon","il y a 5 ans"
"7","Casablanca","Adil Elmers","Mezian bzaf","il y a 8 ans"
"7","Casablanca","Marrocan Hrira","Meilleure agence, service rapide 👍👍 …","il y a une semaine"
"7","Casablanca","Main Floryn","Bon service","il y a une semaine"
"7","Casablanca","Saad Maroc","Excellent service de la part des consultants qui travaillent dur, que Dieu les bénisse.","il y a une semaine"
"7","Casablanca","Mohamed Khalfaoui","Honnêtement, les relations d'affaires de l'agence sont excellentes. Merci pour le travail de votre personnel. …","il y a une semaine"
"7","Casablanca","Wissal Cheikh","Aucun texte","il y a 2 semaines"
"7","Casablanca","med med","Aucun texte","il y a un an"
"7","Casablanca","Lala Zahra","Aucun texte","il y a un an"
"7","Casablanca","kira","Aucun texte","il y a un an"
"7","Casablanca","Latifa Mebrad","Aucun texte","il y a un an"
"7","Casablanca","Imane Samiri","Aucun texte","il y a un an"
"7","Casablanca","Soman","Aucun texte","il y a un an"
"7","Casablanca","Daouia Naciri","Aucun texte","il y a un an"
"7","Casablanca","Mehdi Haddadi","Aucun texte","il y a un an"
"7","Casablanca","Adil ESSALHI","Aucun texte","il y a un an"
"7","Casablanca","Othman Moul Douira","Aucun texte","il y a un an"
"7","Casablanca","Yassine Imchichi","Aucun texte","il y a un an"
"7","Casablanca","AHMED LEGTER","Aucun texte","il y a un an"
"7","Casablanca","Hajar Cos","Aucun texte","il y a un an"
"7","Casablanca","Nour Elhouda","Aucun texte","il y a un an"
"7","Casablanca","ZINEB DOULIAZAL","Aucun texte","il y a un an"
"7","Casablanca","Ismail Samlali","Aucun texte","il y a un an"
"7","Casablanca","Mohsin Aziz","Aucun texte","il y a un an"
"7","Casablanca","Judith judith","Aucun texte","il y a un an"
"7","Casablanca","hassna tabakh","Aucun texte","il y a un an"
"7","Casablanca","Hanane Oum othmane tv","Aucun texte","il y a un an"
"7","Casablanca","Ettaf Mohamed","Aucun texte","il y a un an"
"7","Casablanca","Oumnia Omnia","Aucun texte","il y a un an"
"7","Casablanca","Sanaa Farraja","Aucun texte","il y a un an"
"7","Casablanca","idlil ismail","Aucun texte","il y a un an"
"7","Casablanca","Soka Kaina","Aucun texte","il y a un an"
"7","Casablanca","Elfargi Badia","Aucun texte","il y a un an"
"7","Casablanca","simohamed fikri","Aucun texte","il y a un an"
"7","Casablanca","Mosahil Mastafa","Aucun texte","il y a un an"
"7","Casablanca","Mohammed","Aucun texte","il y a un an"
"7","Casablanca","SOUKAINA SAMLALI","Aucun texte","il y a un an"
"7","Casablanca","Houda Naim","Aucun texte","il y a 3 ans"
"7","Casablanca","Houda NAIM","Aucun texte","il y a 3 ans"
"7","Casablanca","Omar Omar","Aucun texte","il y a 3 ans"
"7","Casablanca","Khalid Salama","Aucun texte","il y a 4 ans"
"7","Casablanca","SIMO RAYANE CHANNEL سيمو ريان شانيل","Aucun texte","il y a 4 ans"
"7","Casablanca","mohamed massika","Aucun texte","il y a 4 ans"
"7","Casablanca","Faouzi Hafssa","Aucun texte","il y a 4 ans"
"7","Casablanca","mohamed saad chajai","Aucun texte","il y a 4 ans"
"7","Casablanca","Bennis Mohamed","Aucun texte","il y a 5 ans"
"7","Casablanca","Boubker Khouira","Aucun texte","il y a 5 ans"
"7","Casablanca","yam","Aucun texte","il y a 5 ans"
"7","Casablanca","hamza ouissar","Aucun texte","il y a 5 ans"
"7","Casablanca","Zakaria Kh cherkaoui","Aucun texte","il y a 5 ans"
"7","Casablanca","Benhoumine younes","Aucun texte","il y a 5 ans"
"7","Casablanca","Omar Tihona","Aucun texte","il y a 5 ans"
"7","Casablanca","Noureddine Chahrour","Aucun texte","il y a 6 ans"
"7","Casablanca","hassan benhar","Aucun texte","il y a 6 ans"
"7","Casablanca","Rachid Belkadi","Aucun texte","il y a 6 ans"
"7","Casablanca","DOUBLAL HD","Aucun texte","il y a 6 ans"
"7","Casablanca","fatimazahrae Laouni","Aucun texte","il y a 6 ans"
"7","Casablanca","Mohamed Boulakmane","Aucun texte","il y a 6 ans"
"7","Casablanca","Lh Bt","Aucun texte","il y a 6 ans"
"7","Casablanca","walid amhale","Aucun texte","il y a 6 ans"
"7","Casablanca","lafsahi bouchaib","Aucun texte","il y a 6 ans"
"7","Casablanca","Reda Ayoub","Aucun texte","il y a 6 ans"
"7","Casablanca","Malika Nait illigh","Aucun texte","il y a 6 ans"
"7","Casablanca","Darif Youssef","Aucun texte","il y a 6 ans"
"7","Casablanca","amina mankoucha","Aucun texte","il y a 7 ans"
"7","Casablanca","Ouakkat Abderrahim","Aucun texte","il y a 7 ans"
"7","Casablanca","Karim Maad","Aucun texte","il y a 7 ans"
"7","Casablanca","Wicho Abdallah","Aucun texte","il y a 7 ans"
"7","Casablanca","Charif Amrani","Aucun texte","il y a 7 ans"
"7","Casablanca","Simo Afiri","Aucun texte","il y a 7 ans"
"7","Casablanca","E V","Aucun texte","il y a 7 ans"
"7","Casablanca","Ahmed EL AMINE","Aucun texte","il y a 7 ans"
"7","Casablanca","FATI EL ANSARI","Aucun texte","il y a 7 ans"
"7","Casablanca","MADAGHNA BRAHIM","Aucun texte","il y a 7 ans"
"7","Casablanca","Mounia Lahjairi","Aucun texte","il y a 8 ans"
"7","Casablanca","Widad El Khalfi","Aucun texte","il y a 8 ans"
"7","Casablanca","bouchra mazian","Aucun texte","il y a 8 ans"
"7","Casablanca","Moh Benghanem","Aucun texte","il y a 8 ans"
"8","Casablanca","mohamed katif","Agence ouverte mais sans personnel !!! Il n’y a que l’agent de sécurité pour dire que l’équipe revient dans quelques temps je vous conseille de revenir….","il y a 3 mois"
"8","Casablanca","Adnane Echcharfy","Retard injustifié dans l’installation de la ligne ADSL : plus de 15 jours pour la première demande et déjà plus de 7 jours de retard pour la deuxième. Service très décevant et absence de respect des délais annoncés.","il y a un mois"
"8","Casablanca","A M","Je tiens à remercier chaleureusement Mr Yassine pour la qualité de son accueil et de sa prise en charge. Malgré l'heure tardive de ma venue, il a fait preuve d'un grand professionnalisme, de patience et d'une remarquable amabilité. …","il y a un an"
"8","Casablanca","youssef El madkouri","Merci Zineb pour votre professionnalisme, votre gentillesse et votre accueil chaleureux. Toujours avec le sourire.","il y a 2 mois"
"8","Casablanca","Nawal Malki","Très belle expérience, sympathie et grand professionnalisme. Je recommande","il y a 3 mois"
"8","Casablanca","Amr Taje-eddine","Y’a une personne qui accueil les clients malgré la grande fille d’attente","il y a 4 mois"
"8","Casablanca","amine loukili","L’accès à l’agence m’a été interdit par un agent de sécurité très mal poli car voulais rattacher mon vélo électrique à un garde corps en inox, propriété de l’immeuble. Tout le staff de l’âge me regardait sans cligner un œil. C’est scandaleux !!","il y a un an"
"8","Casablanca","Mehdi Chouikh Skalli","Zineb est très agréable et souriante llsh yehfedha agence bvd al Quds","il y a 4 mois"
"8","Casablanca","med amine","Je suis très satisfait de mon expérience. Le service client est impeccable, et l'équipe est toujours prête à aider avec un sourire. Un grand merci à M. Ayoub, qui a été particulièrement attentif et professionnel. Il a pris le temps de …","il y a un an"
"8","Casablanca","Mamadou Malick Diané","Bel accueil et  M. Ayoub qui nous a fourni toutes les informations et proposé les services adéquats relatifs à notre besoin. Tout, jusqu'à la signature du contrat, s'est fait dans un temps rapide.","il y a un an"
"8","Casablanca","ADLOVE","Un grand merci à Ayoub qui m’a été d’une aide précieuse. Il a fait preuve de professionnalisme et m’a conseillé pour trouver l’offre la mieux adaptée à mes besoin. Merci pour la rapidité, l’efficacité et l’accueil. Je recommande vivement","il y a un an"
"8","Casablanca","Abdellatif","Très bon service vraiment très satisfait. Personne à l écoute . Rapidité efficacité. Un grand merci a M Ayoub je ne regrette gère le fait de changer IAM pour orange","il y a un an"
"8","Casablanca","Khadija BATTIWA","Merci beaucoup yassine pour la proposition de orange Money 🙏🏻 …","il y a 6 mois"
"8","Casablanca","B. Ilyass","Trés bonne experience client avec le staff et plus precisement Mr.Ayoub avec qui j’ai eu le plaisir de traiter plusieurs demandes et qui a été a l’ecoute et trés professionel en tous points.","il y a un an"
"8","Casablanca","patient biotech","Une gestion nulle. Un manager incompétent. Vente de cartes incompatibles avec materiel existant. Impossible de changer ou annuler le contrat. Ils vous font aller et venir sans régler le moindre problème. Personne n’a envie de travailler.  J’ai rarement vu un manque de professionnalisme aussi flagrant. A éviter à tout prix.","il y a 2 ans"
"8","Casablanca","EL HACHIMI ALAOUI Ismail","Je suis passé pour une l'installation de fibre. J'étais très satisfait a tous les niveaux
Surtout auprès de Ayoub qui était top.
En moin de 48h j'avais la fibre deja installée.","il y a un an"
"8","Casablanca","Amine Baidchar","Pire service, mon routeur a été volé, l'agente qui m'a prise en charge dans l'agence m'a pris le routeur, ils m'ont demandé que je n'en avais plus besoin et que je devais le retourner alors que je l'avais acheté. Agence 896 Bd El Qods","Modifié il y a un an"
"8","Casablanca","Ckinfiler","J’arrive 15min avant la fermeture affichée littéralement sur la porte  d’entrée, mais le rideau est à moitié fermé, je toque car nous sommes toujours dans l’horaire d’ouverture, sa réponse a été d’éteindre les lumières et de m’ignorer.","il y a un an"
"8","Casablanca","Simo BENNANI","1 étoile est de trop pour la qualité d’accueil et d’écoute de cette agence. C’est une honte. Aucune solution trouvée a un problème mineur. Je vais résilier toutes mes lignes personnelles et professionnelles avec cet opérateur à cause de mon expérience pourrie dans cette agence.","il y a 4 ans"
"8","Casablanca","Redoine hadidi","service médiocre, la seul chose que vous pouvez faire sans probleme c est la souscription a une offre puis aprés commence un vrai calvaire avec le staff de cette agence et le centre de relation client, aucun probléme ne sera résolu et vous …","il y a 2 ans"
"8","Casablanca","Nouha Guessous","Service null, a chaque fois que je passe a cette agence c'est pour y rester 1 heure, le temps d'attente est juste impossible et c'est toujours la faute du système. …","il y a 2 ans"
"8","Casablanca","Anas Ezzejari","Service client très lente","il y a 4 mois"
"8","Casablanca","Sanaa Moumen","La pire expérience de toute ma vie . Le Mr de l accueil ( le gros brun ) est d une incompétence inouïe… j ai fait deux réclamations au niveau du service clientèles et aussi un mail envoyer au PDG , aux directeurs : commercial , RH marketing …","il y a 3 ans"
"8","Casablanca","Raissa Diaz","Un staff incompétent dans cet agence.
Il m’a fallu plusieurs déplacements pour me dire que ma demande ne sera pas prise en compte. …","il y a 2 ans"
"8","Casablanca","Lalla Chadli","Je ne recommande pas orange
Trop de publicité mais le service est mauvais
Est ce que c est normal qu on vous livre …","il y a 2 ans"
"8","Casablanca","hajar ragba","Je remercie Mr ayoub pour le service, c'est très gentille et serviable","il y a un an"
"8","Casablanca","Sara BADRI","Service nul. Personnel insouciant, et ne réponds pas aux demandes du client. J’ai perdu mon temps dans cette agence et je suis sortie sans aucun service rendu.","il y a 3 ans"
"8","Casablanca","Abdelaali AIT LHOUCINE","Merci beaucoup et Bravo Équipe Boutique Orange El Qods, surtout Mr Ayoub vraiment Très professionnelle, très à l'écoute ..
je recommande fortement","il y a un an"
"8","Casablanca","Anass Benadada","service nul,nul ,nul. il fallait mettre une étoile pour vous racobter ça,  cette agence ne mérite même pas 0, pour un abonnement fibre optique on te donne un numéro d'un commercial , après 2 mois on vient installer un branchement jusqu'à …","il y a 6 ans"
"8","Casablanca","Stephen Magudha","Très bon accueil et professionnalisme de M. Ayoub de l'agence Elqods.

Merci beaucoup M. Ayoub","il y a un an"
"8","Casablanca","badia budi3ti","Le service est trés nul,pensez a qualifier vos employé.

elle m a demander d aller a une autre agence pour payer parceque ils ont problem …","il y a 6 ans"
"8","Casablanca","Ayoub KHALID","Un tres bon service les conseillers sont accueillants et souriants merci encore une fois","il y a un an"
"8","Casablanca","Nabil Nabilov","Un staff incompétent et peut serviable,dommage que ce soit à l’encontre de l’effort que fait la compagnie pour améliorer ces services.","il y a 2 ans"
"8","Casablanca","Fatima El Abbadi","e remercie infiniment Mme Habiba Mouira pour son accueils chaleureux , très serviable, aimable ,accueillante, gentille ,merci encore Mme 🙏🙏 …","il y a un an"
"8","Casablanca","hamza moufkih","Un accueil chaleureux par un monsieur qui s appelle ayoub si je me rappelle bien son nom zouhaidi","il y a un an"
"8","Casablanca","Caoutar AbdelHamid","trés bon service . je tien de remercie monsieur ayoub et tout l'equipe , bon courage pour la suit .","il y a un an"
"8","Casablanca","Bayane Hamiddine","Agent Ayoub est très aimable et serviable. Il a su présenter le meilleur service.","il y a un an"
"8","Casablanca","Nadir Messai","Super expérience avec Ayoub à 2 reprises. Je recommande de passer par cette agence.","il y a un an"
"8","Casablanca","Rachid Sayad","Merci Mr Ayoub pour votre service rapide et efficace et pour votre sourire.","il y a un an"
"8","Casablanca","Sileymane Diallo","Suite achat et perte de carte sim, je viens demander l'activation de numéro et renouvellement de carte sim l'on me répond qu'il faut impérativement le socle de la carte sim perdue et que tout le monde peut avoir un numéro de carte sim, le …","il y a 7 ans"
"8","Casablanca","Hicham Ait bencheikh","Très  bonne service. Acceuil agréable  de Si Ayoub.","il y a un an"
"8","Casablanca","Anass Mh","Excellent travail service parfait choukrane drari lli temma surtt Mr Ayoub","il y a un an"
"8","Casablanca","adil ghariss","Satisfait du service et la disponibilité du personnel et surtout Mr Ayoub Zouhairi","il y a un an"
"8","Casablanca","Brahim Belkoubbi","J'étais bien accueilli par M.  Ayoub Ezouhairi
Excellente expérience","il y a un an"
"8","Casablanca","Maha Amouri","J’ai trouvé un Commercial qui s’appelle Ayoub, elle est très gentille elle est serviable 🥰🙏 …","il y a un an"
"8","Casablanca","ibtissam amrani","Je remercie infiniment hajar et Fati pour leurs accueils chaleureux , elles sont très serviables agréables et efficace .","il y a 2 ans"
"8","Casablanca","Rachid ELKHATRI","Malheureusement y en a pas moins que 1 etoile vous ne le méritez pas . service d'accueil trop nul . réceptionniste trop vulgaire.","il y a 4 ans"
"8","Casablanca","Halima Youssoufi","Merci beaucoup Mr Ayoub vraiment Très professionnelle .
Et Bravo a toutes l'équipe Orange El Qods.","il y a un an"
"8","Casablanca","othmane benayad","Excellent service et accueil de ayoub de l'agence orange alqods","il y a un an"
"8","Casablanca","Mahmoud Lotfi","Aucun respect pour les clients
Agents non qualifiés (La jeune demoiselle non souriante et qui croit qu'Orange est la sienne et qui applique ses propres règles )","il y a 6 ans"
"8","Casablanca","Said Akouchi","Service nul ,personnel absent, tu sera reçu par l l'agent de sécurité, ça fait la troisième fois que je demande l l'activation de mon numéro, sans aucune réponse...vraiment personnel irresponsable, à éviter....","il y a 3 ans"
"8","Casablanca","Mohamed Barakizou","Service médiocre ne mérite même pas une étoile","il y a un an"
"8","Casablanca","Asmaa Hj","Mauvais accueil mauvaise orientation  la personne qui c est adressé à moi est impolie et désagréable","il y a 3 ans"
"8","Casablanca","One","Très bon service et excellent conseil, merci Sidi Oussama laghzal!","il y a 4 ans"
"8","Casablanca","Ilyass Benjelloune","Bon service","il y a 3 mois"
"8","Casablanca","Badr Idrissi","Un agent pour plusieur client ,attente de 45 mn pour paye une facture deception","il y a 6 ans"
"8","Casablanca","Oumaima Achlaf","Service nul franchement .les gens incompétents","il y a 2 ans"
"8","Casablanca","Tarik El haddaoui","un service minable   personnelles non professionnel","il y a 5 ans"
"8","Casablanca","asma Oum Chaimaa","Équipe formidable","il y a 8 mois"
"8","Casablanca","Anas Mansour","Agence sur le boulevard Al Qods, horaires pratiques, personnels dynamiques, et souvent une attente raisonnable.","Modifié il y a 8 ans"
"8","Casablanca","atlas mavi","Null. Une personne qui circule comme fantom. Attend  longtemps","il y a 3 ans"
"8","Casablanca","Reda EL FILLALI","Service trop null,
Aucun equipement disponible","il y a 6 ans"
"8","Casablanca","Gallasse Falilou Diagne","Bonne accueille et bon service","il y a un an"
"8","Casablanca","Emerson BADOU","Ayoub est fantastique","il y a un an"
"8","Casablanca","Abdelhamid Elhachemi","Service excellent et équipe au top","il y a 4 ans"
"8","Casablanca","Anas EL YASMI (RED)","Bel accueil et service rapide","il y a 7 ans"
"8","Casablanca","Dadsi Dani","Fait partie des 3 opérateurs actuels du pays","il y a 5 ans"
"8","Casablanca","tarik","Tres mauvais services","il y a 4 ans"
"8","Casablanca","Abdel El","C'est catastrophique 0/10","il y a 6 ans"
"8","Casablanca","Simo Naji","Tout est ok","il y a 5 ans"
"8","Casablanca","Badr-Eddine Srhir","Vous manquez de professionnalisme","il y a 6 ans"
"8","Casablanca","Simo Allali","Service pas mal","il y a 5 ans"
"8","Casablanca","Mouad Chiguer","Bien","il y a 4 ans"
"8","Casablanca","Nour Oise","Excellent service","il y a 6 ans"
"8","Casablanca","Simorayanechannel VOTRE CHAINE YOUTUBE","Agence d'orange","il y a 6 ans"
"8","Casablanca","Oubahim soumia","Bravo","il y a 7 ans"
"8","Casablanca","abou el kassim radwane","mauvise service","il y a 5 ans"
"8","Casablanca","Houssam SCH","Incroyable","il y a 5 ans"
"8","Casablanca","zakaria Essaaj","Je constate avec regret que mon problème reste sans solution depuis plus d’un mois. Aucun suivi n’a été assuré et les délais annoncés ne sont pas respectés. Même le chef d’agence n’apporte ni aide ni escalade du dossier. vraiment c'est pas digne de la réputation du service de l'opérateur orange","il y a 2 jours"
"8","Casablanca","Rim Sbaai","Bonjour, j'ai beaucoup apprécié le service ici à cette agence Orange et surtout celui de M. Ayoub, qui nous a vraiment été d'une grande aide, je tiens à le remercier encore une fois.","il y a un an"
"8","Casablanca","Hi Cham","Merci beaucoup pour votre service. Merci 3lik
Doux et serviable","il y a un an"
"8","Casablanca","reda cherrati","Mrc khouya ayoub 3la service gadity liya dakchi lah issahal 3liik👍 …","il y a un an"
"8","Casablanca","Tawjeeh Casablanca","Excellent service. Un grand merci à Ayoub, qui a été d'une grande aide.","il y a un an"
"8","Casablanca","Seniorita MA","Des employés qui ne répondent pas aux salutations ou aux salutations, et dont le visage est renfrogné quand on les attaque.","il y a 2 ans"
"8","Casablanca","Rka 666","Ils ne traitent pas bien les clients ; je ne veux pas aller dans cet endroit.","il y a 6 ans"
"8","Casablanca","Abdessadeq El Amrani","Bon service, directeur d'agence agréable","il y a 7 ans"
"8","Casablanca","Fatima Zahrae Najdini","Ils arnaquent les gens, soyez prudents.","il y a 3 ans"
"8","Casablanca","Google Opinion","service trop lent et de mauvaise qualité","il y a 5 ans"
"8","Casablanca","Nour Amoukar","Bon service","il y a 6 ans"
"8","Casablanca","Badr Mizo","Incomplet","il y a 4 ans"
"8","Casablanca","Anas Yafir","service ZÉRO","il y a 3 ans"
"8","Casablanca","Fouzia Marzouki","Aucun texte","il y a 2 semaines"
"8","Casablanca","Redouane BELAAMAME","Aucun texte","il y a 2 semaines"
"8","Casablanca","Imran Drissi","Aucun texte","il y a 4 mois"
"8","Casablanca","Simotek El","Aucun texte","il y a 5 mois"
"8","Casablanca","Xion Yavine","Aucun texte","Modifié il y a 7 mois"
"8","Casablanca","Haoukech Idriss","Aucun texte","il y a 10 mois"
"8","Casablanca","YOUSSEF TOURKZI","Aucun texte","il y a un an"
"8","Casablanca","Abdo Farah","Aucun texte","il y a un an"
"8","Casablanca","Basma Matrouf","Aucun texte","il y a 2 ans"
"8","Casablanca","Radouane Darhous","Aucun texte","il y a 3 ans"
"8","Casablanca","Mame diarra Dieye","Aucun texte","il y a 3 ans"
"8","Casablanca","BOUGHAZ BET","Aucun texte","il y a 3 ans"
"8","Casablanca","Badreddin Dardour","Aucun texte","il y a 4 ans"
"8","Casablanca","Tayoubi Hamza","Aucun texte","il y a 4 ans"
"8","Casablanca","Anas Hassai","Aucun texte","il y a 4 ans"
"8","Casablanca","mossaab rafih","Aucun texte","il y a 5 ans"
"8","Casablanca","Amine Mahdi","Aucun texte","il y a 5 ans"
"8","Casablanca","ZOUHAOUI TAIEB","Aucun texte","il y a 5 ans"
"8","Casablanca","Abdelali Alii","Aucun texte","il y a 5 ans"
"8","Casablanca","Nada Kimari","Aucun texte","il y a 5 ans"
"8","Casablanca","Fadoua Aziman","Aucun texte","il y a 5 ans"
"8","Casablanca","karim ben attia","Aucun texte","il y a 5 ans"
"8","Casablanca","Mehdi Idalene","Aucun texte","il y a 5 ans"
"8","Casablanca","joe nedved","Aucun texte","il y a 5 ans"
"8","Casablanca","Abdou Veco","Aucun texte","il y a 5 ans"
"8","Casablanca","عبد العزيز","Aucun texte","il y a 5 ans"
"8","Casablanca","HouCine Akbbach","Aucun texte","il y a 6 ans"
"8","Casablanca","Wissal Benchaayab","Aucun texte","il y a 6 ans"
"8","Casablanca","Hamza El Gaout","Aucun texte","il y a 6 ans"
"8","Casablanca","Chada Ouz","Aucun texte","il y a 6 ans"
"8","Casablanca","Salma Lahdaili","Aucun texte","il y a 6 ans"
"8","Casablanca","mohamed saadi","Aucun texte","il y a 6 ans"
"8","Casablanca","Med","Aucun texte","il y a 6 ans"
"8","Casablanca","Abderrahim Magri","Aucun texte","il y a 7 ans"
"8","Casablanca","Sara Khaldi","Aucun texte","il y a 7 ans"
"8","Casablanca","Ahmed Bouhnini","Aucun texte","il y a 7 ans"
"8","Casablanca","Aymen Daher","Aucun texte","il y a 7 ans"
"8","Casablanca","Wk Amine (“Yboz”)","Aucun texte","il y a 7 ans"
"8","Casablanca","salim boularbah","Aucun texte","il y a 7 ans"
"8","Casablanca","Sofia Zouine","Aucun texte","il y a 7 ans"
"8","Casablanca","Zakaria ben halima","Aucun texte","il y a 7 ans"
"9","Casablanca","أوريدي سمير","Un employé d'Orange n'a pas accès à internet, comment pourrait-il me l'installer ? Haha, je vous jure, la différence entre Maroc Telecom et Orange est abyssale.","il y a 2 mois"
"9","Casablanca","Vapam Jaco","Service déplorable. Je paie 248 dirhams et voilà le résultat : internet en panne. …","il y a un an"
"9","Casablanca","Mr HAMZA","Bon en général","il y a 4 ans"
"9","Casablanca","Zineb Ait tamanet","Aucun texte","il y a 9 mois"
"9","Casablanca","Hamza Aoune","Aucun texte","il y a un an"
"9","Casablanca","thierry jean","Aucun texte","il y a un an"
"9","Casablanca","mohamed kaddara","Aucun texte","il y a un an"
"9","Casablanca","ام نور الخالدي","Aucun texte","il y a 2 ans"
"9","Casablanca","rayane Bouh","Aucun texte","il y a 2 ans"
"9","Casablanca","Anas Ben (“Bennis”)","Aucun texte","il y a 3 ans"
"9","Casablanca","Ismail Lharaj","Aucun texte","il y a 3 ans"
"9","Casablanca","Chnitfi Kibir","Aucun texte","il y a 4 ans"
"9","Casablanca","Smail aldossary","Aucun texte","il y a 5 ans"
"9","Casablanca","Souad Benjelloun","Aucun texte","il y a 5 ans"
"10","Casablanca","ahmed laassiri","Je tiens à partager ma très mauvaise expérience avec cette agence Orange Maroc.
Je devais échanger mon routeur WiFi défectueux. On m’a demandé de revenir le lendemain pour récupérer le nouveau. Je suis revenu comme convenu, mais on m’a …","il y a 2 mois"
"10","Casablanca","Rahma Gogo","Mauvaise expérience avec Orange, service client inefficace.Et retard d’activation de wifi de 6 jours","il y a 3 mois"
"10","Casablanca","mehdi jabir","Je me suis rendu plusieurs fois dans cet établissement pour payer ma facture Orange. Malheureusement, le service est toujours le même : attente très longue, manque d’accueil et aucun professionnalisme de la part du personnel. Même un simple …","Modifié il y a 3 mois"
"10","Casablanca","mouad lahbib","Je déconseille fortement cet opérateur, du moins en ce qui concerne le service de box. La promesse d'un débit de 20 méga est loin d'être tenue, le service client est peu utile et le processus de résiliation est compliqué, avec des …","il y a 2 ans"
"10","Casablanca","Ismail DUO","J'ai demandé une carte ESIM, cependant, j'ai été informé que les cartes ESIM standards ne sont pas encore disponibles et qu'un abonnement obligatoire est requis.","il y a 3 ans"
"10","Casablanca","Asmae Manesser","Très bon service 👍🏻 Meilleure agence, équipe efficace et professionnel …","il y a un an"
"10","Casablanca","Marouane Essayfy","Numéro de l'agence stp","Modifié il y a 3 mois"
"10","Casablanca","Amina Abdelghafour","Meilleur agence, bon accueil, équipe efficace et professionnel","il y a un an"
"10","Casablanca","Simo elyabani Saw","merci trés bon service","il y a un an"
"10","Casablanca","demnat ennaciri Mohamed","Bon service","il y a un an"
"10","Casablanca","Omar Omar","Service de qualité","il y a 2 ans"
"10","Casablanca","mouad wac","À éviter, il y a plus de service. Après avoir acheté et testé le boîtier WiFi à 250 DH, il sera équipé d'un port de 20 mégaoctets, et je ne recevrai ni 5 mégaoctets ni 2 mégaoctets. Je contacte le service client (la personne qui me …","il y a 2 ans"
"10","Casablanca","hares soufiane","Agence big ou fiha wahed likhdam zham service zéro","il y a 4 mois"
"10","Casablanca","Dadsi vlog","Bonjour","il y a 3 mois"
"10","Casablanca","Amiine Adssi","Bon service","il y a un an"
"10","Casablanca","Si Mohamed","Service excellent","il y a un an"
"10","Casablanca","zakaria naji","Service client médiocre","il y a 2 ans"
"10","Casablanca","saad atlas","Aucun texte","il y a un mois"
"10","Casablanca","Hamza Bouaziz","Aucun texte","il y a un mois"
"10","Casablanca","HAMID Ben kouhaila","Aucun texte","il y a 2 mois"
"10","Casablanca","Nouamane Bouallouch","Aucun texte","il y a 5 mois"
"10","Casablanca","elbachiri noureddine","Aucun texte","il y a 7 mois"
"10","Casablanca","Stephane Kakou","Aucun texte","il y a un an"
"10","Casablanca","hamza belkhdim","Aucun texte","Modifié il y a un an"
"10","Casablanca","Hajar Belkhdim","Aucun texte","il y a un an"
"10","Casablanca","Chahina Bensalam","Aucun texte","il y a un an"
"10","Casablanca","Jilo Kadir (Welsocren)","Aucun texte","il y a un an"
"10","Casablanca","abdellah halimi","Aucun texte","il y a un an"
"10","Casablanca","Ali Moufatih","Aucun texte","il y a un an"
"10","Casablanca","Yassine Taouzar","Aucun texte","il y a un an"
"10","Casablanca","Mehdi Zakarrya","Aucun texte","il y a 3 ans"
"11","Casablanca","checkinmorocco","Je suis très déçu(e) par l’accueil à l’agence O Village. La dame présente sur place s’est montrée impolie et peu respectueuse envers les clients, avec des gestes et une attitude laissant penser qu’elle était agacée. Si elle n’est pas …","il y a 2 mois"
"11","Casablanca","HIBA REGHAI","Un grand merci à toute l’équipe Orange O Village pour votre professionnalisme, votre accueil chaleureux et la qualité du travail fourni.
Une équipe engagée, réactive et toujours orientée satisfaction client. …","il y a 4 mois"
"11","Casablanca","ILYAS wac","on est le 27/11/2025 et malgré tous les relances via agence via centre d'appels, pas d'avancement.            contrat signé le 28/08, la fibre n'est pas encore installé , et on est le 29/10.ça montre tous ........... …","Modifié il y a 4 mois"
"11","Casablanca","Zahra Tayri","Je remercie Orange pour la qualité de ses services et l’excellent accueil du service client. Toujours à l’écoute et très professionnels. Je recommande sans hésiter.","il y a 4 mois"
"11","Casablanca","wissal elmaayati","Je suis très déçue du service de l’agence Orange à O’Village Sidi Maarouf. Ma sœur a demandé la réactivation de son numéro ainsi que la récupération de sa carte SIM (numéro sous son nom et avec contrat). L’agent nous a dit qu’il allait …","il y a 6 mois"
"11","Casablanca","Med Haddioui","Mauvais service malheureusement, l’agent li kan tema sba7 mabaghich taihder","il y a 2 mois"
"11","Casablanca","khalid boutbagha","Merci bq pour le service dans la boutique orange o'village , equipe serviable bravo","il y a 3 mois"
"11","Casablanca","Docteur Doc","Une expérience merdique tu signe un contrat adsl qui stipule que l'installation et mise en service se feront en 7 j ouvrables max et tu te retrouve à j 11 sans connexion et tout ce qu'ils trouvent à te dire c'est ""appele le centre de …","il y a un an"
"11","Casablanca","said elaadmi","J'ai vécu une experience traumatisante ce dimanche 02 fevier 2025. En effet, je suis parti échanger mon modem fibre optique par un nouveau car l'ancien ne fonctionne plus ( conformation equipe technique) sauf que le responsable me repond …","il y a un an"
"11","Casablanca","Mohamed FILALI","J'ai déménagé, je voudrais transférer la fibre à ma nouvelle adresse, elle m'a dit qu'il y'a un problème dans la demande, et il faut envoyé une réclamation et attendre 48h , sinon on résilié le contrat et on souscrit à nouveau …","il y a un an"
"11","Casablanca","Sara To","Très bon service","il y a 4 mois"
"11","Casablanca","Azeddine Gattafi","Expérience très positive et le personnel à l’écoute. Petite mention spéciale à Madame Jihane qui a su résoudre mon soucis avec professionnalisme . Je recommande 😃 …","il y a un an"
"11","Casablanca","Reda Berrada","Agent tres serviable reactif et très agreable . Contrairement a dautre agence notament celle de bouskoura","il y a 10 mois"
"11","Casablanca","Youssef","Équipe serviable merci","il y a 4 mois"
"11","Casablanca","mezouari adam","Le service était hyper sympa, un grand merci a mouad qui   A rendu l’expérience assez fluide et aimable !","il y a un an"
"11","Casablanca","Fatima Zahra Nabil","Bonne expérience dans votre magasin avec votre salarié jihane elle m'a aidée et donné de bon conseil je recommande au top 👌 …","il y a un an"
"11","Casablanca","izdi khalil","On m’a très bien accueilli, les agents aimables 👍 …","il y a 10 mois"
"11","Casablanca","Hamza Behar","Je suis très satisfait de mon expérience dans cette boutique 👏 …","il y a un an"
"11","Casablanca","Culinary Medicine Deutschland","conseils très sympathiques et compétents aux clients. Utile même pour les petites questions sur les communications mobiles pour les touristes. J'adorerais revenir ici!","il y a 2 ans"
"11","Casablanca","imane elbakkaly","Service a la hauteur avec une équipes sympa je recommande vivement cette agence 🤩🤩 …","il y a un an"
"11","Casablanca","Moad Bouanani","Très très bob service, radipe efficace et très aimable.
Merci Orange","il y a un an"
"11","Casablanca","chama chouhbi","Un très bon service de la part de la conseillère commerciale jihane agence marché centrale Meknès je recommande","il y a un an"
"11","Casablanca","ayoub zeroual","Très bon service de la part de l’équipe orange, spécialement Mr Mouad Faris","il y a un an"
"11","Casablanca","Youssef Aoubi","Très bon service de la part de l’équipe orange, spécialement monsieur mouad👍 …","il y a un an"
"11","Casablanca","M","Compétence médiocre. On m'a fait perdre beaucoup de temps pour rédiger une simple demande de résiliation.","il y a un an"
"11","Casablanca","amine eladlani","Merci pour le service c’est très gentil","il y a un an"
"11","Casablanca","Hamza Faris","Merci beaucoup pour le service , les Agence sont très serviable. Merci beaucoup 🤍🤍 …","il y a un an"
"11","Casablanca","othmane ayay","Très bon service! 🙂 …","il y a un an"
"11","Casablanca","Fatima Zahra El bakkaly","Personnel très acceuillant service professionnel et rapide","il y a un an"
"11","Casablanca","Bouchra Bennis","Je vous remercie infiniment pour votre service","il y a un an"
"11","Casablanca","Latifa Jouhari","Meilleure expérience client je vous recommande cette agence","il y a un an"
"11","Casablanca","Dahmani Marouane","Merci pour les conseils et surtout l'ambiance conviviale au sein du Shop.","il y a 2 ans"
"11","Casablanca","taoui aymane","tres bon service","il y a 10 mois"
"11","Casablanca","Abdo Razzak","Service de qualité et une très belle boutique 😍😍 …","il y a un an"
"11","Casablanca","Houssam Bouzine","Merci pour votre service
Mouad Faris merci frérot","il y a un an"
"11","Casablanca","Siham Eddaoudi","J'adorais le service de cette agence","il y a un an"
"11","Casablanca","hasna andaloussi dahman","Un bon service de soufian orange merci énormément","il y a un an"
"11","Casablanca","ahmed elfilali","Merci bcp bonne services","il y a un an"
"11","Casablanca","Thiopatta Kane","Très bien","il y a un an"
"11","Casablanca","Abdelhamid Laaraj","Service impeccable!
Merci","il y a un an"
"11","Casablanca","Alae Bendouah","Très bon service","il y a un an"
"11","Casablanca","Raycha Idrisi","Meilleurs service meilleur agence ,,😍😍 …","il y a un an"
"11","Casablanca","Abde Tayri","Belle expérience","il y a 10 mois"
"11","Casablanca","Hamza Hamza","Equipe très compétence","il y a un an"
"11","Casablanca","Younes Saidy","équipe serviable 😍 …","il y a 10 mois"
"11","Casablanca","Mariii Marwa","Service de qualité 👍👍 …","il y a un an"
"11","Casablanca","karim كريم","Très satisfait","Modifié il y a un an"
"11","Casablanca","Amine El Aouni","Bon service✅","il y a un an"
"11","Casablanca","Nabil EL KHORCHI","Merci pour le service","il y a un an"
"11","Casablanca","Nokho Omar","Meilleur service","il y a un an"
"11","Casablanca","arabic focus mind","Meilleur service clientèle","il y a un an"
"11","Casablanca","Meriem Abdelhak","Bon service","il y a un an"
"11","Casablanca","arroud youssef","Parfait","il y a un an"
"11","Casablanca","El Gana Jamal","Équipe serviable","il y a un an"
"11","Casablanca","Ismail Goutbi","👍 …","il y a un an"
"11","Casablanca","Ali Gabli","👍 👍 👍 👍 …","il y a un an"
"11","Casablanca","K","Bon service","il y a un an"
"11","Casablanca","Khalil Hounti","Boutique manifique","il y a un an"
"11","Casablanca","Caza Caza","Merci pour l'accueil","il y a 2 semaines"
"11","Casablanca","Black hound","équipe serviable 👍🏼 …","Modifié il y a un mois"
"11","Casablanca","Amjich Ayoub","Très satisfait du service. L'équipe a été réactive, professionnelle et à l'écoute de mes besoins. Je recommande vivement.","il y a un mois"
"11","Casablanca","Meryem Ouassif","Service top merci sara","il y a un mois"
"11","Casablanca","Saad Zila","Très déçue du service. Je me suis présentée à 22h40 alors que l’horaire affiché indique 23h, mais le monsieur n’a même pas pris la peine d’ouvrir la porte ou d’expliquer. C’est vraiment dommage et irrespectueux pour les clients.","il y a un mois"
"11","Casablanca","Oth Man","Service très agréable, merci beaucoup au monsieur à lunettes !","il y a 4 mois"
"11","Casablanca","Khalid Slik","Personnel désagréable et service lent","il y a un mois"
"11","Casablanca","zineb tayri","Équipe formidable","il y a 4 mois"
"11","Casablanca","zinoun sara","Jihane Elouati marché central bnita driyfa bzzzff hiya li khalatni chark m3akoum","il y a un an"
"11","Casablanca","Wissam Obama","Dima lala fati mnwra l'agence
9imat ta3amol","il y a un an"
"11","Casablanca","Youness Mourtajy","Bonne équipe","il y a 10 mois"
"11","Casablanca","Khadim Rassol Lakh","Excellent service 👌🏽 …","il y a un an"
"11","Casablanca","Ouiam ElMajni","Bon service 👍🏼 …","il y a un an"
"11","Casablanca","Abdo Daryf","Ouvrir alors qu'ils ne sont pas ouverts","il y a un an"
"11","Casablanca","Mohamed Boussaid","Bon travail","il y a un an"
"11","Casablanca","Wassim Ouledchattou","bon service","il y a un an"
"11","Casablanca","Houssin","bien","il y a un an"
"11","Casablanca","Neo","Personnel incompétent.","il y a un an"
"11","Casablanca","Mohsine Belballi","Service Bn","il y a un an"
"11","Casablanca","Amine Barji","Bon service","il y a un an"
"11","Casablanca","El bokhari El-hajjajy","👏👏 …","il y a un an"
"11","Casablanca","Ismail Idrissi","Merci","il y a un an"
"11","Casablanca","Houssam Majmoua","Service Meillheur","il y a un an"
"11","Casablanca","LV Fibre Home","Aucun texte","il y a 5 jours"
"11","Casablanca","Maya","Aucun texte","il y a 5 jours"
"11","Casablanca","Mehdi","Aucun texte","il y a 5 jours"
"11","Casablanca","Cm5 Cm5","Aucun texte","il y a 5 jours"
"11","Casablanca","Abdellah Ben salah","Aucun texte","il y a 5 jours"
"11","Casablanca","Hicham Chaibi","Aucun texte","il y a 5 jours"
"11","Casablanca","Rachid Amzil","Aucun texte","il y a 5 jours"
"11","Casablanca","Youssef Douira","Aucun texte","il y a 5 jours"
"11","Casablanca","Moussa El mrabet","Aucun texte","il y a 5 jours"
"11","Casablanca","Jamal Balala","Aucun texte","il y a 5 jours"
"11","Casablanca","amine ahrechou","Aucun texte","il y a 5 jours"
"11","Casablanca","saad aoufir","Aucun texte","il y a une semaine"
"11","Casablanca","Somiya Melili","Aucun texte","il y a 2 semaines"
"11","Casablanca","Mohamed Khalfaoui","Aucun texte","il y a 3 semaines"
"11","Casablanca","hossam mesouani","Aucun texte","il y a un mois"
"11","Casablanca","Abderrahmane AIT LAMINE","Aucun texte","il y a un mois"
"11","Casablanca","Ihssane Pati","Accueil excellent, une jeune femme charmante, que Dieu la bénisse ! Elle était souriante et son service impeccable. Merci, Orange Agency.","il y a un mois"
"11","Casablanca","Mouad Faris","Aucun texte","Modifié il y a un mois"
"11","Casablanca","Armel ADJROKOE","Aucun texte","il y a un mois"
"11","Casablanca","Bezakhe Bezakhe","Aucun texte","il y a 3 mois"
"11","Casablanca","Hamza dev","Aucun texte","il y a 3 mois"
"11","Casablanca","Hamza Ghandouri","Aucun texte","il y a 3 mois"
"11","Casablanca","Khalid Boutbagha","Aucun texte","il y a 3 mois"
"11","Casablanca","mouad daoud","Aucun texte","il y a 4 mois"
"11","Casablanca","Sary Adam","Aucun texte","il y a 4 mois"
"11","Casablanca","abdou irya","Aucun texte","il y a 4 mois"
"11","Casablanca","Aya Horma","Aucun texte","il y a 4 mois"
"11","Casablanca","Taha Hirchy","Aucun texte","il y a 4 mois"
"11","Casablanca","MOHAMED BAAZIZ","Aucun texte","il y a 4 mois"
"11","Casablanca","TV Home","Aucun texte","il y a 6 mois"
"11","Casablanca","Hassan Baaziz","Aucun texte","il y a 6 mois"
"11","Casablanca","amine bousserhane","Aucun texte","il y a 8 mois"
"11","Casablanca","Mounir Zehrouni","Aucun texte","il y a 10 mois"
"11","Casablanca","Abdessamade Tayri","Aucun texte","il y a 10 mois"
"11","Casablanca","sami elmoussaoui","Aucun texte","il y a un an"
"11","Casablanca","Anas Pes","Aucun texte","il y a un an"
"11","Casablanca","Adnane AIT MALEK","Aucun texte","il y a un an"
"11","Casablanca","Adnane Ait Malek","Aucun texte","il y a un an"
"11","Casablanca","Nabila Hasbi","Aucun texte","il y a un an"
"11","Casablanca","Khadija ANFRADI","Aucun texte","il y a un an"
"11","Casablanca","Moha Tra","Aucun texte","il y a un an"
"11","Casablanca","hanyny wahid","Aucun texte","il y a un an"
"11","Casablanca","Ilyan Zenou","Aucun texte","il y a un an"
"11","Casablanca","Bachar Aitsaidy","Aucun texte","il y a un an"
"11","Casablanca","mohammed khalil","Aucun texte","il y a un an"
"11","Casablanca","Yasmine Ech-chafiy","Aucun texte","il y a un an"
"11","Casablanca","Boumghader Yassine","Aucun texte","il y a un an"
"11","Casablanca","youness ouldam","Aucun texte","il y a un an"
"11","Casablanca","Hannah Scardino","Aucun texte","il y a un an"
"11","Casablanca","Youssef Darouge","Aucun texte","il y a un an"
"11","Casablanca","Souhail","Aucun texte","il y a un an"
"11","Casablanca","youssef khiyati","Aucun texte","il y a un an"
"12","Casablanca","محسن الخياري","Aujourd’hui, lors de ma visite à l’agence Orange au Maroc, j’ai été accueilli avec une grande courtoisie par une agente s'appelait Hind, dont le professionnalisme mérite d’être salué. Son sens du service, sa patience et sa manière claire …","il y a 4 mois"
"12","Casablanca","imane azayou","Je tiens à vous adresser mes sincères félicitations pour avoir choisi une conseillère telle que Madame Hind, qui se distingue par son sourire, son accueil des plus chaleureux et surtout son professionnalisme exemplaire. Elle transmet les …","il y a 5 mois"
"12","Casablanca","SAM UEL","J’ai souscrit au forfait 49dh Réseaux sociaux en 3 ou 4 minutes, dans un point agréé orange a Maarif face Twin center. Pour le désactiver c’est la galère, depuis septembre que j’ai fais la demande de résiliation.. l’agent qui m’a activé le …","il y a 2 mois"
"12","Casablanca","Wijdane Lahlou","Très déçue du service. Je tiens à préciser que l’agence a fait correctement son travail et que ce commentaire concerne Orange dans son ensemble. Installation de la fibre faite mercredi, mais la ligne n’est toujours pas activée après 6 …","il y a 6 mois"
"12","Casablanca","Boudarf Hafsa","Une mauvaise expérience. Je suis venu pour récupérer mon numéro de téléphone et ils m'ont dit que ce n'était pas possible, et le numéro est devenu au nom de quelqu'un!!!!! S'il vous plaît, aidez-moi à le récupérer.","il y a 2 mois"
"12","Casablanca","TIKO The clever","Personnel pas serviable et jamais disponible. Pour avoir juste une information sur ton dossier tu es obligé de te déplacer. De plus ils perdent ton dossier. Des agents toujours absent ou indisponible pour des raisons fallacieuses.  Les …","il y a 6 mois"
"12","Casablanca","Kamil KINANY","Ils mettent partout l’affiche de la 5g , et ils ne mettent qu’il minimum un iPhone 12 pour l’avoir et bien sur l’affiche il ne le mettent pas","il y a 5 mois"
"12","Casablanca","Omar25 Hf","Super avec Melle hind agence orange Oum rabii top1","Modifié il y a 5 mois"
"12","Casablanca","Hany Sanaa","Très bon accueil, efficacité","il y a 5 mois"
"12","Casablanca","houssam Berdad","Je tiens à remercier chaleureusement les agents commerciaux d’Orange à l’agence Oum Rabii pour leur excellent service
Un merci tout particulier à l’agent Zineb Lalaa pour son professionnalisme son …","il y a un an"
"12","Casablanca","Mohammed Agha","Je recommande cette agence. Pleine satisfaction de notre côté. Tout cela a été possible grâce à une équipe et en particulier notre  agent el bouaamri mohamed pour sa gentillesse et son bon comportement professionnelles.","il y a un an"
"12","Casablanca","Louay Bousry","Je tiens à vous remercier sincèrement pour votre accueil chaleureux et votre professionnalisme. Votre écoute, vos conseils et votre réactivité ont rendu cette expérience agréable et fluide. Merci pour votre excellent travail El Bouamri Mohamed 🙏 …","il y a un an"
"12","Casablanca","kitchen saida","Bonjour je suis une cliente très fidèle aujourd'hui je suis parti pour faire une souscription forfait mobile . J'ai rencontré une jeune damme elle s'appelle hind hany très ravissante et aimable bon courage","il y a un an"
"12","Casablanca","Abdo Laila","Merci infiniment pour votre disponibilité et votre accompagnement exemplaire. Votre professionnalisme et votre bienveillance ont grandement facilité ma démarche. C’est un plaisir d’être conseillée par quelqu’un d’aussi compétent et attentionné !El Bouamri Mohamed","il y a un an"
"12","Casablanca","Nouhayla EL KALA","Je tiens à exprimer ma satisfaction concernant l'assistance que j'ai reçue de la part d’une chargée de clientèle s’appelle Latifa au sein de votre agence . Lors de ma récente visite, Elle a fait preuve d'un professionnalisme exemplaire et …","il y a un an"
"12","Casablanca","Zakari Zégaï","Nul de chez nul, après 1 mois et plusieurs appels ils ne passent pas chez moi. Je demande d annuler et ils ne veulent pas me rembourser….","il y a 10 mois"
"12","Casablanca","ilyas mhaimer","Un grand merci pour votre gentillesse et votre professionnalisme. Vous avez su répondre à toutes mes questions avec patience et efficacité. Votre accompagnement a été précieux, bravo pour votre excellent travail El Bouamri Mohamed","il y a un an"
"12","Casablanca","mohamed lakhouil","Je tiens à exprimer ma satisfaction concernant le service reçu de la part de votre collaborateur Simohamed EL BOUAAMRI lors de ma récente visite à votre agence. il a fait preuve d’un grand professionnalisme, d’écoute attentive et d’une …","il y a un an"
"12","Casablanca","lounou shop","Un grand merci pour votre professionnalisme et votre disponibilité. Votre accompagnement a été impeccable, et vos conseils ont vraiment fait la différence. Bravo à toi El Bouamri Mohamed.","il y a un an"
"12","Casablanca","Sanaa Ramram","J'étais reçue par Mr Hamza naciri , un très bon accueil,  ma demande à été traité avec professionnalisme,  il répondu à toute mes questions","il y a un an"
"12","Casablanca","TAOUFIK MEZIANE","Un service d’excellence, j’ai été accompagné par mohammed bouamri durant toute la procédure de mise en place de mon programme de fidélité .trop satisfait je le recommande","il y a un an"
"12","Casablanca","asma mabrouk","Surprise par la qualité de service et le professionnalisme des personnels de l’agence oum rabia . Merci à Hamza qui nous a pris en charge avec sourir et amabilité. Bonne continuation","Modifié il y a un an"
"12","Casablanca","youness harchi","Service nul , très lent , j'ai attendu preque une heure pour rencontrer une conseillère qui n'a pas écouté à ma réclamation et  qui m'a mal informé par rapport à ma demande de résiliation . Il faudra vraiment revoir la formation de vos …","il y a un an"
"12","Casablanca","Amadou soumaré","Hamza merci pour le service c’est très gentil et aussi vous êtes efficace.","il y a un an"
"12","Casablanca","Mohamed Amine SAJID","Service excellent et grande réactivité et professionnalisme de la part de El Bouamri Mohamed","il y a un an"
"12","Casablanca","khalid filali","Mauvaise expérience
Pour changer le routeur","il y a 3 mois"
"12","Casablanca","Sihemجزاك الله خيرا Alammari","J'etait toujours satisfaite pour le service avec la clientelle merci bcp e bonne continuation e je tient a remercier le chef d'agence  m majda pour sa gentiesse e disponibilitè","il y a un an"
"12","Casablanca","Lhaj Benkhaldon","Merci à Mr El hamyny qui nous a habitué de son excellente  prise en charge de notre  demandes , à bientôt","il y a un an"
"12","Casablanca","Mery Kliiima","Je suis très satisfaite par le service rendu par Monsieur Bouamri souriant aimable et très gentil","il y a un an"
"12","Casablanca","YASMINE LAKHOUIL","Très bon service, le comercial avec lequel j’ai traité a été très réactif et m’a beaucoup conseillé pour parvenir à faire mon choix, merci El Bouaamri Mohamed","il y a un an"
"12","Casablanca","Saadia Jmili","Je tiens a remercié infiniment Mme fatima zahra pour le temps accordé  pour ses explications , probleme est traité après plusieurs réclamations je suis très reconnaissante merci a elle","il y a un an"
"12","Casablanca","Najat// Wissaaden","Merci beaucoup chère Zineb Kalaa !!! Commerciale professionnelle, sympa , à l'écoute, prestation à la hauteur. Mille mercis Zineb ! Tu es une fierté pour Orange ! Elle a répondu à toutes mes questions.. demande traité avec efficacité et rapidité.rien à dire !","il y a un an"
"12","Casablanca","houssam berdad","Je tiens à féliciter l’agence Orange Oum Rabii pour la qualité exceptionnelle de son service en particulier Monsieur Bouameri
Son professionnalisme sa disponibilité et son attention envers les clients font …","il y a un an"
"12","Casablanca","Laila El Mohammady","Accueil chaleureux des commerciaux professionnels et surtout je tiens à remercier la conseillère Latifa elle m a bien expliquée l offre","il y a un an"
"12","Casablanca","Sana Nassiri","Bon accueil.problème technique explique et résolu sur le champ.suivi après service assure.grand professionalisme des agents du service clientele surtout Mr Hamza +++agence Oum Rabia.merci","il y a un an"
"12","Casablanca","Elamouri Ahmed","bon service avec Melle latifa","il y a un an"
"12","Casablanca","abderrahim abo imrane","Merci a lagent el bouaamri pour son acceuil et le bon service","il y a un an"
"12","Casablanca","abdelhak boujanoui","Merci à l agent el Bouaamri pour le bon service et ton professionnalisme","il y a un an"
"12","Casablanca","Fred HQD","Très bon service de Mr Hakim pour le changement de sim vers esim. La queue d'attente est bien gérée.","il y a un an"
"12","Casablanca","Abdo Aziz","Merci a MR Mohamed hamyny  pour ses services  de
. qualite et  a la prochaine fois inchallah","il y a un an"
"12","Casablanca","Elouadi Hamza","Très bonne expérience je remecie énormément l'agence oum rabii spécialement Mr hamza naciri pour son acceuil et pour sont traitement","il y a un an"
"12","Casablanca","Loubna NAHIFY","Bonjour je tiens a remercier mr Hamza pour son service et professionnalisme ✅💯 …","il y a un an"
"12","Casablanca","Mamadou Toure","Je suis très très satisfait du service de l'agent el hamyny pour sa courtoisie et de son accueil il est très très explicite","il y a un an"
"12","Casablanca","Samir Zouhair","Merci a l agent elbouaamri pour son professionnalisme et sa gentillesse","il y a un an"
"12","Casablanca","Sara Fadlallah","Merci beaucoup ! Service impeccable agent Hamza au top..m’a résolu mon problèmes d’application maxi it","il y a un an"
"12","Casablanca","Nadia Saad","Je remercie infiniment mr el bouaamri pour le bon service","il y a un an"
"12","Casablanca","Barcelonais Catalan","Je tiens à remercier Simohamed El bouaamri pour son professionnalisme et engagement lors de mon passage à votre agence","il y a un an"
"12","Casablanca","Anass Zine","Merci Mr mohamed el hamyny pour son service de qualité","il y a un an"
"12","Casablanca","Spyro Team","Merci pour toute l equipee oum rabii et surtout l agent él bouaamri pour son accueil et son proffessionalisme","il y a un an"
"12","Casablanca","Nabil","Merci à Hamza pour son accueil sa gentillesse et ses conseils . Je recommande cette agence et ce conseiller","il y a un an"
"12","Casablanca","Ali risani","Merci Mohamed el bouaamri pour ton accueil et pour ton professionnalisme","il y a un an"
"12","Casablanca","Souad Challaf vlog","Un accueil très chaleureux et un commercial très souriant vraiment un bons services bravo ! Est surtout Mme Majida était à l'écoute est souriante .","il y a un an"
"12","Casablanca","hajar wahbi","Service au top dans cette agence. Le personnel est très accueillant et au petit soin. Je recommande vivement, continuez comme ça !","il y a un an"
"12","Casablanca","Houcine Atrach","Merci  a Mr mohamed hamyny pour son aimable service ...","il y a un an"
"12","Casablanca","Jamal Benzekri","Très bon service et gentillesse avec sourire
Merci Melle latifa","il y a un an"
"12","Casablanca","AYMANE IRROU","Je tiens à remercier l agent el bouaamri pour son soutien hier à l agence très simpas et serviable","il y a un an"
"12","Casablanca","Settat Sakn","Pas sen commerciale ni respect ni prise en charge les agents se plaisent entre eu et les clients en attente grave  gestuelle avec les clients en plus trop de retard pour saisir les forfaits et l activation des forfaits normaux je sais bien …","il y a 6 ans"
"12","Casablanca","Islam Islam","Merci a toute l'equîpe de l'agence Orange Oum rabii et spécialement a Mr Mohamed …","il y a un an"
"12","Casablanca","Soukaina Berrada","un accueil tres chaleureux de la part chef d’agence madame Majida  qui m’a bien conseillé  et qui était très aimable 👍 …","il y a un an"
"12","Casablanca","Sanae Batal","Bon service avec mohamed elbouaamri merci pour ta gentillesse","il y a un an"
"12","Casablanca","Manal Kandila","Merci Mohamed El bouaamri bon service","il y a un an"
"12","Casablanca","Amina Ajenkar","Si Mohamed un agent serviable souriant et dynamique merci d avoir résolu mon problème pr le routeur","il y a un an"
"12","Casablanca","ESSAMLALIA","Un bon service accueil chaleureux j'aime beaucoup la prestation offerte sutout latifa très aimable dynamique et surtout serviable merci beaucoup latifa ❤️❤️","il y a un an"
"12","Casablanca","Khadija Idder","Je remercie infiniment le personnel de cette agence , la cheffe d’agence est d’une gentillesse exceptionnelle. Un grand merci","il y a un an"
"12","Casablanca","Talla Oury Diallo","Client satisfait du service de Hamza rapide et efficace bravo à lui","il y a un an"
"12","Casablanca","Abdelkader Hadri","Tres bonne experience avec l agent el bouaamri mohamed","il y a un an"
"12","Casablanca","Samir Tawfik","Un accueil très chaleureux et un commercial très souriant merci el bouaamri bon service","il y a un an"
"12","Casablanca","Nawfal Belmekki","Hamza Naciri meilleur conseiller clientele, prise en charge rapide et efficace. Demandez Mr.Naciri.","il y a un an"
"12","Casablanca","Kelablewi cedric Yoan","Suis-je très satisfait de l’agent qui ma recuit aujourd’hui a l’agence orange, après plus tant active grâce a lui aujourd’hui j’ai reçu a me connecter au réseau 👌🏾 …","il y a un an"
"12","Casablanca","Houda Houda","Très bon service agent accueillant mohamed el bouaalri","il y a un an"
"12","Casablanca","Sylvie Hacho","Merci a l agent El bouaamri pour le bon service","il y a un an"
"12","Casablanca","farida ziwane","Cetais une tres belle experience a orange oum rabii avec l agent el bouaamri mohamed tres serviable","il y a un an"
"12","Casablanca","Abdelali Elmasbahi","Merci a el bouaamri pour son acceuil chaleureux et son proffessionalisme","il y a un an"
"12","Casablanca","Nada Mazouz","Merci el bouaamri pour le bon service","il y a un an"
"12","Casablanca","mostafa sajid","Je tiens à remercier l'agent mr Bouamri pour les renseignements fournis et le service rendu","il y a un an"
"12","Casablanca","Omar Sefiat","Merci El bouaamri pour ton accueil chaleureux","il y a un an"
"12","Casablanca","mdk ayoub","Merci pour le service si hamza top","il y a un an"
"12","Casablanca","Anas Fanan","Merci à l’agent Mohamed hamyny pour son support et sa réactivité.","il y a un an"
"12","Casablanca","Aicha Etayfi","Merci El bouaamri pour ta gentillesse et ton simpatie","il y a un an"
"12","Casablanca","Ilyas Ba","Merci a qimohamed el bouaamei pour son professionalisme","il y a un an"
"12","Casablanca","Elkhiatia Bya","Merci fatima ezzahra pour votre accueil et service","il y a un an"
"12","Casablanca","fatima zahare dirhoussi","Bonne équipe professionnelle , chef d'agence toujours présente et à l'écoute bon continuation","il y a un an"
"12","Casablanca","yassine mohdar","Merci latifa le service est top je les recommande","il y a un an"
"12","Casablanca","Vivre avec Passion","Merci pour le service et la résolution de mon problème à Mr Hamza","il y a un an"
"12","Casablanca","R OU","Bon accueil et bon service. La chargée de clientèle ( latifa ) est très aimable et serviable","il y a un an"
"12","Casablanca","Mustafa Amal","Merci el bouaamri Mohamed pour ton accueil","il y a un an"
"12","Casablanca","hassan zhdhdk","Merci mr hamza pour les informations un grand chef","il y a un an"
"12","Casablanca","Yfuf6","A recommandé le service et professionnalisme de faim saura rien à dir","il y a un an"
"12","Casablanca","Hamza Zidani el alaoui","Bon service avec l'équipe oum rabiii","il y a un an"
"12","Casablanca","Ciya Yatou","Merci à l'équipe orange Oum rabii pour leur service de qualité , hm","il y a un an"
"12","Casablanca","Majdouline Dardouri","Bon accueil la chef de l agence trop sympathique  serviable bravo bon continuation","il y a un an"
"12","Casablanca","Gassab Othmane","Merci el bouaamri tu étais exceptionnel","il y a un an"
"12","Casablanca","Abdltif Feddoul","Meilleur commercial meilleur traitement toujours avec le sourire merci El bouaamri","il y a un an"
"12","Casablanca","Azeddine Rouhy","Je tiens a remercier infiniment mme Fatim ezzahra pour engagement","il y a un an"
"12","Casablanca","Youssef Dihazi","Bon service avec mr hamza","il y a un an"
"12","Casablanca","Fab Alassane","Un accueil chaleureux et une explication bienveillante et très explicite de la part de l’agent Hajar ♥️♥️♥️","il y a un an"
"12","Casablanca","Abderrazak Jarmoumi","Un service et un traitement exceptionnelle avec l agent el bouaamri","il y a un an"
"12","Casablanca","Lamine Coly","Moi j adore orange et en plus yavais un acceuil tres chalereux de la part de l agent el bouaamri mohamed qui ma bien conseiller et qui etait tres simpas","il y a un an"
"12","Casablanca","AÏT ELFAKIR Mustapha","Merci a l agent El bouaamri pour son traitement","il y a un an"
"12","Casablanca","Kadijolie Camara","Toujours satisfaite chez orange merci beaucoup chef Hamza","il y a un an"
"12","Casablanca","abdelhamid haddaji","Tout est tres nul dans ce boutique, le service, le personnel, (on entend les discutes de personnel de l'interieur sur leurs sujets intimes) Il faut travaillé serieusement ce maque de respect envers les gens, parce qu'on est votre raison d'etre","il y a 3 ans"
"12","Casablanca","Hassan Sabri","Merci beaucoup MR hamza pour votre service grace a vous je suis toujour avec orange","il y a un an"
"12","Casablanca","karima louassi","Très bonne agence Orange, toute l’équipe est très gentille et merci beaucoup à la chef d’agence pour sa gentillesse ❤️","il y a un an"
"12","Casablanca","Bazo Azi","Merci pour votre service Mr hamza","il y a un an"
"12","Casablanca","Ikram Oual","Je suis très satisfait pour le service avec Orange et je remercie mr hamza","il y a un an"
"12","Casablanca","Abd adim Habibi","Super Service avec la conseillère latifa merci","il y a un an"
"12","Casablanca","Mohamed Chafik EL AKRAA","J'ai fait une demande de déménagement ligne fibre optique ca fait une semaine chez cette agence, quand j'ai appelé le service technique vu qu'il ont pris du retard pour traiter la demande, je découvre que la demande n'a même pas été saisis par l'agence dans les systèmes !!!","il y a 3 ans"
"12","Casablanca","Reda Naboli","Merci pour l agent el bouaamri pour son service","il y a un an"
"12","Casablanca","Oussama Aniba","merci pour vorte professionnalisme  hm","il y a un an"
"12","Casablanca","Ousmane Doumbouya","Ils ont des services géniaux. Je recommande.","il y a un an"
"12","Casablanca","m. moujarrid","Expérience extraordinaire avec cette agence merci latifa","il y a un an"
"12","Casablanca","Marcab Mehdi","Un accueil très chaleureux de la chef d agence Mme Majida","il y a un an"
"12","Casablanca","zineb channani","Excellente expérience, agents à l’écoute et serviable","il y a un an"
"12","Casablanca","yassine bouhanout","Je tiens a remericier l agent el bouaamri pour son soutien","il y a un an"
"12","Casablanca","Mouh Cine","El bouaamri mohamed je te remercie infiniment","il y a un an"
"12","Casablanca","Rachid Como","Merci bq mohamed bouaamri pour les services","il y a un an"
"12","Casablanca","Lamiaa Laam","excellent service merci bien","il y a un an"
"12","Casablanca","aicha karafi","Merci infiniment el bouaamri pour votre accueil","il y a un an"
"12","Casablanca","Adil Adil","tres bon service avec l agent hamza","il y a un an"
"12","Casablanca","kaarir Omar","Le service de cette agence en particulière est vraiment catastrophique et plus ni le traitement des demandes ni relation client ni courtoisie plus la manque d'information .ils communique au client des fauses infos. Tout simplement c'est nullllllllllllll.....","il y a 4 ans"
"12","Casablanca","Nada Boualam","Merci si hamza pour votre service","il y a un an"
"12","Casablanca","Fouad GHARIB","La commerciale est impolie, elle traite les clients d'une façon insupportable.
Le comportement est à revoir, afin ne pas donner une mauvaise image sur Orange.","il y a 4 ans"
"12","Casablanca","Fgju Yiud","Bon service merci de votre accueil","il y a un an"
"12","Casablanca","J At","Trés bon service a recommandé","il y a un an"
"12","Casablanca","Mohamed Mohamed","Service à l hauteur, employés courtoisie et sympas , merci latifa","il y a un an"
"12","Casablanca","Sniper Maroc","tres serviable st is some a l'ecoute du client","il y a un an"
"12","Casablanca","Aziz Kundera","Meilleur agence merci pour le service h","il y a un an"
"12","Casablanca","Danielle Palé","Bon service madame Latifa","il y a un an"
"12","Casablanca","ZINEB IKHLAJANE","Mohamed el bouaanri bon service merci","il y a un an"
"12","Casablanca","Adil fennad","Merci el bouaamri pour tes conseils","il y a un an"
"12","Casablanca","Meriem Bidioui","Bon sercive avec Mr hamza","il y a un an"
"12","Casablanca","Chahine Mohammed","Services top bonne continuation","il y a un an"
"12","Casablanca","Cheikh aliou Ndaw","Bon service hamza merci","il y a un an"
"12","Casablanca","111 marwa","Agence à recommander merci madame latifa pour tes explications pertinentes","il y a un an"
"12","Casablanca","Soumia Adile","Merci el bouaamri pour le bon service","il y a un an"
"12","Casablanca","anass mansouri","Merci pour mohamed el bouaamri","il y a un an"
"12","Casablanca","Najat Zerrouqi","Merci bcp  a l equipe","il y a un an"
"12","Casablanca","Mohamed El Meskaoui","Bon service avec elbouaamri mohamed","il y a un an"
"12","Casablanca","Aziz Maghraoui","Bon service merci h","il y a un an"
"12","Casablanca","omar berrada","Service parfait RAS elbouaamri mohamed","il y a un an"
"12","Casablanca","عبد الحق مذكير","Merci pour le service hamza naciri","il y a un an"
"12","Casablanca","Yassin Mahait","Mr naciri hamza très serviable","il y a un an"
"12","Casablanca","Marc fidele Abe","agence à recommander merci beaucoup Madame latifa","il y a un an"
"12","Casablanca","weuz13","Nul ferme avant l’heure prétextant que le système est ko du Grand n’importe quoi manque de professionnalisme et de respect envers les clients","il y a 3 ans"
"12","Casablanca","el bouamri Mohamed","Merci a l equipe orange oum rabii","Modifié il y a un an"
"12","Casablanca","أشرف أبكاري","Merci infiniment Mr hamza","il y a un an"
"12","Casablanca","Ali Hillal","Traitement tres professionnel  , je suis Tres satisfait","Modifié il y a un an"
"12","Casablanca","Delphine Boady","Merci bien pour votre service","il y a un an"
"12","Casablanca","Hamid Reda","Meilleure service avec la conseillère Latifa","il y a un an"
"12","Casablanca","Salouma Salma","Merci a l agent el bouaamri mohamed","il y a un an"
"12","Casablanca","Khadija Bousto","J ai été bien reçue.","il y a un an"
"12","Casablanca","ursule Tony","Merci à vous Mr hamza","il y a un an"
"12","Casablanca","Azez Azez","Meilleur agent meilleur traitement avec el bouaamri","il y a un an"
"12","Casablanca","Nany Y","Meilleurs services
Commerciaux professionnels a l'écoute
Merci orange","il y a un an"
"12","Casablanca","marieme sall","Très satisfait conseiller très aimable ♥️♥️","il y a un an"
"12","Casablanca","NADIA MOHA","Bon service avec Latifa","il y a un an"
"12","Casablanca","Tarik Ametjar","Simohamed el bouamri c'est le meilleur","il y a un an"
"12","Casablanca","Lahoucine Talibi","Latifa talibi très bonne commerçant","il y a un an"
"12","Casablanca","jawhari ilham","Un grand bravo à Mr mohamed BRiki pour son professionnalisme et son sevice impeccable","il y a 6 ans"
"12","Casablanca","BEAUTY RETAIL Philippe Paré","Service parfait de Mme latifa","il y a un an"
"12","Casablanca","Wassim Fouzia","Merci pour le service mr hamza","il y a un an"
"12","Casablanca","Bouchra Hazzaz","Equipe commerciale très professionnelle.","il y a un an"
"12","Casablanca","sara echchakery","Top meilleure agence sur casa continuez comme ça","il y a un an"
"12","Casablanca","Oum Jibril","bien savoir ce que vous voulez sinon le vendeur vous endort avec plein de parole et vous colle le forfait qu'il veut.","il y a 6 ans"
"12","Casablanca","Daou Fatah","Très bon service avec zineb","il y a un an"
"12","Casablanca","mustafa soussi","Très bon traitement avec bouaamri","il y a un an"
"12","Casablanca","Abderrazak Touloun","Serviable et souriante travail aboutit rapidement","il y a un an"
"12","Casablanca","Mostafa Moustakim","Un commercial très souriant et très gentil El bouaamri mohamed","il y a un an"
"12","Casablanca","محمد العيادي","Agence à recommander merci Mlle Latifa","il y a un an"
"12","Casablanca","Meziane Abdelhadi","Bon traitement avec el bouaamri","il y a un an"
"12","Casablanca","Karim Alamy","Super serviable, equipe magnifique surtout mohamed et reda.","il y a 6 ans"
"12","Casablanca","Ally Salhi","Agence a ne pas recommander franchement c'est nul et archi nul","il y a 2 ans"
"12","Casablanca","Mohamed amine CHENTOUFI","Service rapide, et personnels très accueillent 👍👍 …","il y a un an"
"12","Casablanca","Youssra Chaabe","Merci beaucoup pour les informations 😃👍 …","il y a un an"
"12","Casablanca","Salma SOCRATE IDRISSI","Très bon service","il y a un an"
"12","Casablanca","Aniss Ghafir","Très  bon service Latifa","il y a un an"
"12","Casablanca","Zineb Berrada","Je remercie toute l’équipe","il y a un an"
"12","Casablanca","Khadija Bel","Service à l hauteur merci lt","il y a un an"
"12","Casablanca","MAMADOU Diagne","Service très lent. Aucune entente ou consolidation avec le service clientèle téléphonique. Ils ne font que vendre. Quand ils ne peuvent pas régler votre problème,  ils vous renvoient au service clientèle orange. Minable.","il y a 5 ans"
"12","Casablanca","Mahmoud Mohammdi","Merci bcp votre accueil.","il y a un an"
"12","Casablanca","lili amoula","pour hamza si bonne commerciale 👍 …","il y a un an"
"12","Casablanca","Amal Chanelle","Top service merci","il y a un an"
"12","Casablanca","Elhadadi Mohamed","Merci pour le traitement 10/10","il y a un an"
"12","Casablanca","Arnold Douhou","Parfait le service . Mohamed elbouaamri","il y a un an"
"12","Casablanca","Zakia","Merci pour tous vos renseignements.","il y a un an"
"12","Casablanca","Amina Felfel","Bon service Latifa","il y a un an"
"12","Casablanca","Sara Abl","Bon service avec la conseillère latifa","il y a un an"
"12","Casablanca","Taoufik BOUBAKRI","L'accueil est chaleureux et le service est de niveau appréciable","il y a 5 ans"
"12","Casablanca","Med Awazi","Merci si hamza","il y a un an"
"12","Casablanca","Hamid Moutamenni","Équipe très sérieuse ! Chapeau à vous!!!","il y a un an"
"12","Casablanca","elhaoumi zakaria","très mauvais service, personne ne veut travaillé y’a 4 bureau sans aucune raison","il y a 5 ans"
"12","Casablanca","Sarah Rafali","Merci mr hamza","il y a un an"
"12","Casablanca","Tari","Merci pour le service Mr hamza","il y a un an"
"12","Casablanca","Youssaf Brija","Merci pour le service 🤠 …","il y a un an"
"12","Casablanca","amal khallouki","Bravo pour l accueil.","il y a un an"
"12","Casablanca","Driss Chaachou","Excelente accueil, service professionnel.","il y a 5 ans"
"12","Casablanca","hajar gouly","service nul, mou3amala 0 avec le client !","il y a 3 ans"
"12","Casablanca","fatima ezzahra afifi","Bon service client, équipe jeune et dynamique","il y a 7 ans"
"12","Casablanca","Fatima RaW","Trop surviable merci orange","il y a un an"
"12","Casablanca","Deag Gzha","Tres lent au service avec les clients","il y a 3 ans"
"12","Casablanca","amine abdelouadoud","Endroit convivial , service client parfait","il y a 7 ans"
"12","Casablanca","Fatima zahra Amricha","Merci me hamza","il y a un an"
"12","Casablanca","Imane Ka","Très bon service","il y a un an"
"12","Casablanca","Rajaa Lahlou","Bon courage Latifa","il y a un an"
"12","Casablanca","Sanaa Karim","Merci madame latifa","il y a un an"
"12","Casablanca","Houda Azza","C bien","il y a un an"
"12","Casablanca","Bassou' Mostafa","Formidable accueil service de la dernière génération.","Modifié il y a 2 ans"
"12","Casablanca","Anass Bahlaouane","Excellente service","il y a un an"
"12","Casablanca","Cannelle Car","Bon service latifa","il y a un an"
"12","Casablanca","saiida zaitane","Un bon service avec la conseillère latifa","il y a un an"
"12","Casablanca","Deltah Carine","Service impeccable","il y a 6 ans"
"12","Casablanca","Rdad Benslima","Merci si hamza","il y a un an"
"12","Casablanca","Karim Said","Bon acceulle, bon service, rapide.","il y a 6 ans"
"12","Casablanca","Yassine Oulamine","Personnel serviable. Service correct","il y a 6 ans"
"12","Casablanca","Abdelaziz HAFID","Meilleurs services 👍 …","il y a un an"
"12","Casablanca","شوعيب ميداني","merci bouaamri","il y a un an"
"12","Casablanca","Karima Guendouz","Merci Mr hamza","il y a un an"
"12","Casablanca","galaxi mini","Bon service","il y a un an"
"12","Casablanca","ADILB","Un manque du sens de service","il y a 3 ans"
"12","Casablanca","abderrahim HARISS","Fil d'attente toute la journée, peu de personnel","il y a 6 ans"
"12","Casablanca","Razi Youssef","Merci pour le service","il y a un an"
"12","Casablanca","Houssin Alioua","Merci pour le service","il y a un an"
"12","Casablanca","CPS ARCHITECTURE","A éviter car aucune prise en charge","il y a 5 ans"
"12","Casablanca","DIL GROUP","De personnel très poli","il y a 6 ans"
"12","Casablanca","egué bamicolé carl william","Bon service et accueillant","il y a 5 ans"
"12","Casablanca","Hassan Hanch","Merci f","il y a un an"
"12","Casablanca","Noureddine Moukafih","Agence à recommender lt","il y a un an"
"12","Casablanca","Salma Channa","Bon service latifa","il y a un an"
"12","Casablanca","Imane Mouatassem","Personnel serviable","il y a un an"
"12","Casablanca","Rachid Tber","Tres bien","il y a 6 ans"
"12","Casablanca","pelilech nawal","Équipe commerciale au niveau.","il y a un an"
"12","Casablanca","Tarik Wac","Bon service","il y a un an"
"12","Casablanca","Abderrahim Ghzou","Merci.","il y a un an"
"12","Casablanca","mokata kamed","Bon accueil","il y a 6 ans"
"12","Casablanca","Hnhg Gbtc","Zineb","il y a un an"
"12","Casablanca","Antho Dellaud","J aime","il y a 6 ans"
"12","Casablanca","BoTube Tv","pas mal","il y a 6 ans"
"12","Casablanca","Nada Rahal","Merci pour le service","il y a un an"
"12","Casablanca","Soufiane HAMRI","Un' service de qualité","il y a 5 ans"
"12","Casablanca","Soumia Alami","Bon service latifa","il y a un an"
"12","Casablanca","ⵄⵉⵜ ⵙⴻⴷⵔⴰⵜ Ait issa Marwan","Nice crew services","il y a 6 ans"
"12","Casablanca","Yassine","Satisfait","il y a un an"
"12","Casablanca","Cheminée Boutaleb","Accueil parfait","il y a 5 ans"
"12","Casablanca","MsPocolo","Service nul ,","il y a 4 ans"
"12","Casablanca","Pm Lloris Diagne","Service rapide","il y a 6 ans"
"12","Casablanca","Houda Zid","Bon service","il y a un an"
"12","Casablanca","eljibri said","👍👍 …","il y a un an"
"12","Casablanca","Mostafa Byah","Mauvais service","il y a 5 ans"
"12","Casablanca","ahmed AF","Zineb","il y a un an"
"12","Casablanca","serigne katane katane","Bien","il y a 5 ans"
"12","Casablanca","Hassan Benqaida","👍👍👍 …","il y a un an"
"12","Casablanca","sbeih brahim","👍👍👍👍👍 …","il y a un an"
"12","Casablanca","Benqih Houssin","🧡🧡🧡🧡 …","il y a un an"
"12","Casablanca","Ilyass Bellaoui","Un bon service","il y a 5 ans"
"12","Casablanca","Mohamed Handou","Echange puce","il y a 5 ans"
"12","Casablanca","mou taraji","Service zéro","il y a 4 ans"
"12","Casablanca","jawad nejdi","Agence pour les communication","il y a 6 ans"
"12","Casablanca","YAS AB (“YasssaZ”)","⭐⭐⭐⭐⭐","il y a 4 ans"
"12","Casablanca","Mehdi Bouraouine","Bon service","il y a un an"
"12","Casablanca","Rajaa Bertoul","BOn service","il y a un an"
"12","Casablanca","Elmassoudi Youness","Bon service","il y a un an"
"12","Casablanca","Moustapha Yahaya","Bon service","il y a un an"
"12","Casablanca","Malek Adon","(Puisque Google ne me permet pas de répondre à votre message, le plus important pour lequel j'ai fait 3 km à pied jusqu'à votre boutique Orange est de résilier mon abonnement car je quitte le pays. Le fait qu'une tâche aussi simple n'ait …","Modifié il y a 4 mois"
"12","Casablanca","farida sabila","Bonjour à tous. Je tiens à remercier sincèrement Hamza pour son excellent service et son accueil chaleureux envers les clients, y compris moi-même. Je le félicite chaleureusement et lui souhaite une excellente santé, du bien-être et une brillante carrière. Cordialement.","il y a 3 mois"
"12","Casablanca","AISSAME BOUKHALLAD","Le service était excellent, Hamza est le meilleur agent avec lequel j'ai jamais travaillé ! …","il y a un an"
"12","Casablanca","Assafar Mehdi","J'ai besoin du numéro de l'agence tout de suite, s'il vous plaît. J'ai une question à poser. J'ai changé de routeur et ça ne fonctionne pas. Je voudrais savoir…","il y a 2 mois"
"12","Casablanca","Aymane HROUCH","Service impeccable et personnel respectueux. Merci Hind.","il y a 3 mois"
"12","Casablanca","Ismail Oumaya","Service vraiment déplorable ; la jeune femme qui m’a reçue ne m’a pas expliqué que j’avais besoin d’une pièce d’identité et que la personne devait signer le contrat ; j’ai dû y retourner deux fois sans que mon problème ne soit résolu.","il y a 5 mois"
"12","Casablanca","aya_zirari","Le personnel nous a bien accueillis et nous a gentiment expliqué le problème que nous rencontrions avec le réseau.","il y a 3 mois"
"12","Casablanca","Peter G (Al-Jabr)","Un service client exceptionnel qui nous a permis, à ma femme et moi, de trouver rapidement et efficacement ce dont nous avions besoin. Une jeune femme nous a servis et a su nous satisfaire même lorsque nous manquions de Derija. …","il y a un an"
"12","Casablanca","Wissal Norri","Personne ne fait son travail dans cette agence. Le responsable fait des allers-retours incessants et ment en prétextant avoir oublié son téléphone à la maison pour justifier l'absence de confirmation par e-mail ! …","il y a 10 mois"
"12","Casablanca","Abdo","Service client déplorable : impolitesse, négligence et même l'absence de personnel. Ils prétendent être fermés alors qu'il y a du monde à l'intérieur ! …","il y a 2 ans"
"12","Casablanca","Red1 Rouge","Merci pour votre accueil chaleureux et la qualité de vos services. Nous remercions également tout le personnel de cette agence, et plus particulièrement Mohamed Bouamri.","il y a un an"
"12","Casablanca","SA.Morocco","Le centre Zainab est attentif à ses clients et à leurs problèmes, et sœur Zainab Qalaa s'est montrée très coopérative. Je la remercie pour son temps et ses conseils.","il y a un an"
"12","Casablanca","Salaheddine Fadili sraidi","J'étais en vacances au Maroc et j'avais besoin d'un point d'accès Wi-Fi mobile pour me connecter à Internet. Ils ont été très aimables, notamment M. Mohamed El Bouaamri et Mme Majida, qui étaient très polis et serviables. Je les recommande.","il y a un an"
"12","Casablanca","David Ella","Le service était excellent, Hamza, qui s'est occupé de moi, était vraiment très gentil et serviable. J'ai beaucoup apprécié son service ☺️","il y a un an"
"12","Casablanca","Mbarak Mbarak","Merci pour votre hospitalité et votre aimable traitement, et un grand merci à M. Hamza.","il y a un an"
"12","Casablanca","Rim El Aissaoui","Les agents ici sont vraiment très gentils et à l'écoute. Je vous recommande de venir ici si vous avez le moindre problème !","il y a un an"
"12","Casablanca","Rachida Yassir","Le service est excellent, le personnel est très coopératif et la gérante du magasin, Mme Majida, est très respectueuse et serviable.","il y a un an"
"12","Casablanca","Lhissen Lhossin","Merci pour votre accueil chaleureux en réponse à la demande de M.H.","il y a un an"
"12","Casablanca","Meryem","Le meilleur service client ! Latifa Talibi est la meilleure, nommez-la responsable ! Elle incarne parfaitement le rôle d'une responsable du service client 🙏 …","il y a un an"
"12","Casablanca","A&F A&F","Merci, sœur Fatima Al-Zahra, pour votre gentillesse.","il y a un an"
"12","Casablanca","Mohammed Elorchi","Service excellent, mes meilleures salutations.","il y a un an"
"12","Casablanca","trtDigital Agence web Casablanca","Excellent service ! # Mme Zineb est professionnelle et serviable.

Merci.","il y a 3 ans"
"12","Casablanca","Nadia Ghazi","Merci à frère Al-Bouamri pour son service.","il y a un an"
"12","Casablanca","Tayeb Ouzbid","Merci pour votre accueil chaleureux.","il y a un an"
"12","Casablanca","Simo Tefruity","Chokrane el bouaamri 3la lkhidma","il y a un an"
"12","Casablanca","Fouzia Belkaid","Merci pour votre accueil chaleureux.","il y a un an"
"12","Casablanca","aziz mouflih","Si hamza chokran 3la mo3amala","il y a un an"
"12","Casablanca","amal houmari","Le chemin vers le même but","il y a un an"
"12","Casablanca","abdo alfatah","M. Hamza Naciri bon service","il y a un an"
"12","Casablanca","Faty Faye","Service Bn M. Hamza","il y a un an"
"12","Casablanca","Ahmad Elzahwani","Merci el bouaamri","il y a un an"
"12","Casablanca","Rim Moutaw","Chaque fois que je me présente à l'agence Orange, je ne trouve qu'un seul vendeur et un seul caissier, alors que plus de 20 clients attendent ! C'est ridicule !","Modifié il y a 6 ans"
"12","Casablanca","Hania Ghafiri","Merci el bouaamri mohamed","il y a un an"
"12","Casablanca","MOSTAFA103 ZAYANY","Chokrane mohames el bouaamri","il y a un an"
"12","Casablanca","Malki mohamed Malki boumahchad","Chokrane l bouaamri bazaf","il y a un an"
"12","Casablanca","abdell zaoudi","MRC à Simonhamed El Bouamri","il y a un an"
"12","Casablanca","Colorado Colorado","Endroit idéal pour souscrire à des services téléphoniques. Personnel agréable.","il y a 6 ans"
"12","Casablanca","Taoufik Aboutya","Chokrane mohamed elbouaamri 3la koulchi","il y a un an"
"12","Casablanca","Stoichka438 birouz","Quel poids ! Le service client a besoin d'être étudié.","il y a 6 ans"
"12","Casablanca","G b. R C A Houcinyo","Service impeccable 👍 …","il y a un an"
"12","Casablanca","aicha lafdil","Hamza, le meilleur","il y a un an"
"12","Casablanca","Samsung A13","Bouaamri chokrane bazzaf","il y a un an"
"12","Casablanca","Fatima Assrir","Chokran Fatim Zahra","il y a un an"
"12","Casablanca","Abdelilah Boukchouch","Service déplorable, équipe désagréable et incompétente !","il y a 3 ans"
"12","Casablanca","dahbi amine","Bon service 👍 …","il y a un an"
"12","Casablanca","michael burnett","Emplacement idéal. Offres exceptionnelles.","il y a 3 ans"
"12","Casablanca","Fatima LHASA","Bon service","il y a un an"
"12","Casablanca","Hafid Jimi","Hamza naciri","il y a un an"
"12","Casablanca","Leila Lachehab","Service haut","il y a un an"
"12","Casablanca","Chafia Banny","Haut","il y a un an"
"12","Casablanca","LAI LA","Latifa Talibi","il y a un an"
"12","Casablanca","أفراح عبد العاطي لي جميع حفلات","La meilleure agence 💓💓💓💓 …","il y a un an"
"12","Casablanca","Mr Lucas","👍👍👍 …","il y a un an"
"12","Casablanca","abderrahmane mouhim","D'accord","il y a 6 ans"
"12","Casablanca","Marrjani Hamza","Beau","il y a 5 ans"
"12","Casablanca","Othmane othmane","Haut","il y a 4 ans"
"12","Casablanca","Zineb El Hassani","Aucun texte","il y a 3 mois"
"12","Casablanca","RIAD SOFIA pos orange","Aucun texte","il y a 8 mois"
"12","Casablanca","Hind Hany","Aucun texte","il y a 10 mois"
"12","Casablanca","Marwane Baho1987","Aucun texte","il y a un an"
"12","Casablanca","Rachid Gourrami","Aucun texte","il y a un an"
"12","Casablanca","Khochfi Jihane","Aucun texte","il y a un an"
"12","Casablanca","Abdelfattah Elguiri","Aucun texte","il y a un an"
"12","Casablanca","Zeroual Salaheddine","Aucun texte","il y a un an"
"12","Casablanca","Adil benarbiane","Aucun texte","il y a un an"
"12","Casablanca","Adam Mmm","Aucun texte","il y a un an"
"12","Casablanca","Mohamed Elfahli","Aucun texte","il y a un an"
"12","Casablanca","Flora Benety","Aucun texte","il y a un an"
"12","Casablanca","jamal chihab","Aucun texte","il y a un an"
"12","Casablanca","Simo Sari","Aucun texte","il y a un an"
"12","Casablanca","Asmaa Benmoussa","Aucun texte","il y a un an"
"12","Casablanca","Imad Machkour2","Aucun texte","il y a un an"
"12","Casablanca","aziza boujanoui","Aucun texte","il y a un an"
"12","Casablanca","Hacib Mohamed","Aucun texte","il y a un an"
"12","Casablanca","Imad Tazi","Aucun texte","il y a un an"
"12","Casablanca","Ilham ELGHAZI","Aucun texte","il y a un an"
"12","Casablanca","soumia Nemane","Aucun texte","il y a un an"
"12","Casablanca","Abdellatif Khiyaty","Aucun texte","il y a un an"
"12","Casablanca","Ghhfj Hfhgg","Aucun texte","il y a un an"
"12","Casablanca","Ablaye Sow","Aucun texte","il y a un an"
"12","Casablanca","fati fatima","Aucun texte","il y a un an"
"12","Casablanca","Mr ISSAM ZNAG","Aucun texte","il y a un an"
"12","Casablanca","Hoyam kh El bouanani","Aucun texte","il y a un an"
"12","Casablanca","Asmaa Semlali","Aucun texte","il y a un an"
"12","Casablanca","Said Tayibi","Aucun texte","il y a un an"
"12","Casablanca","Meryam Gg","Aucun texte","il y a un an"
"12","Casablanca","ikram dinaoui","Aucun texte","il y a un an"
"12","Casablanca","Asmaa Naim","Aucun texte","il y a un an"
"12","Casablanca","Hassan Amghar","Aucun texte","il y a un an"
"12","Casablanca","amina zerouali","Aucun texte","il y a un an"
"12","Casablanca","Nguesso Konan","Aucun texte","il y a un an"
"12","Casablanca","Ismail Saidi","Aucun texte","il y a un an"
"12","Casablanca","youssou Jolie","Aucun texte","il y a un an"
"12","Casablanca","Mamadou Lamine Ndiath","Aucun texte","il y a un an"
"12","Casablanca","Taibi Lhaj","Aucun texte","il y a un an"
"12","Casablanca","Abdelhadi Edahbi","Aucun texte","il y a un an"
"12","Casablanca","outroug elmahfoud","Aucun texte","il y a un an"
"12","Casablanca","Beryl Freda KOUMBA YEMBI","Aucun texte","il y a un an"
"12","Casablanca","yassine safi","Aucun texte","il y a un an"
"12","Casablanca","FOUZIA Mezzaoui","Aucun texte","il y a un an"
"12","Casablanca","gsm phone","Aucun texte","il y a un an"
"12","Casablanca","adal ayob","Aucun texte","il y a un an"
"12","Casablanca","Houcin Houcin","Aucun texte","il y a un an"
"12","Casablanca","Bayany Zohair","Aucun texte","il y a un an"
"12","Casablanca","Mo Arj","Aucun texte","il y a un an"
"12","Casablanca","OULMOUDN Oussama","Aucun texte","il y a un an"
"12","Casablanca","Racheda Ait","Aucun texte","il y a un an"
"12","Casablanca","Phone Phone","Aucun texte","il y a un an"
"12","Casablanca","dounia simo","Aucun texte","il y a un an"
"12","Casablanca","Ghizlane Saidi","Aucun texte","il y a un an"
"12","Casablanca","Houda Elalaoui","Aucun texte","il y a un an"
"12","Casablanca","Simo Simo","Aucun texte","il y a un an"
"12","Casablanca","Maria Ait Baddi","Aucun texte","il y a un an"
"12","Casablanca","Najwa Skandy","Aucun texte","il y a un an"
"12","Casablanca","marwane El kasri","Aucun texte","il y a un an"
"12","Casablanca","Tahar Zeroual","Aucun texte","il y a un an"
"12","Casablanca","Samira Chaairi","Aucun texte","il y a un an"
"12","Casablanca","Abdelhadi Elharaj","Aucun texte","il y a un an"
"12","Casablanca","Kawkaw Test","Aucun texte","il y a un an"
"12","Casablanca","Mounir Kabboury","Aucun texte","il y a un an"
"12","Casablanca","Rachid Rebah","Aucun texte","il y a un an"
"12","Casablanca","Kallaa Aymane","Aucun texte","il y a un an"
"12","Casablanca","El kabir Ka","Aucun texte","il y a un an"
"12","Casablanca","Zineb Eddamoussi","Aucun texte","il y a un an"
"12","Casablanca","Bilal Hadaoui","Aucun texte","il y a un an"
"12","Casablanca","Doha Rmidi","Aucun texte","il y a un an"
"12","Casablanca","Soufiane ISP","Aucun texte","il y a un an"
"12","Casablanca","abdelmoughit Fedayn","Aucun texte","il y a un an"
"12","Casablanca","Mustapha Saidi","Aucun texte","il y a un an"
"12","Casablanca","Fatima tati","Aucun texte","il y a un an"
"12","Casablanca","hamza naciri","Aucun texte","il y a un an"
"12","Casablanca","youssef El madkouri","Aucun texte","il y a un an"
"12","Casablanca","Jamila Fd","Aucun texte","il y a un an"
"12","Casablanca","Lahcen Ait mbark","Aucun texte","il y a un an"
"12","Casablanca","Gtxuuhhfu Fbuyyr8","Aucun texte","il y a un an"
"12","Casablanca","Nouzha Hamdani","Aucun texte","il y a un an"
"12","Casablanca","zineb kalaa","Aucun texte","il y a un an"
"12","Casablanca","Mff roid","Aucun texte","il y a un an"
"12","Casablanca","nour fakhy","Aucun texte","il y a un an"
"12","Casablanca","Gsgsg Gshdh","Aucun texte","il y a un an"
"12","Casablanca","Mohamed Taje","Aucun texte","il y a un an"
"12","Casablanca","Loubna Rayane","Aucun texte","il y a un an"
"12","Casablanca","Somia Elbahja","Aucun texte","il y a un an"
"12","Casablanca","Houcine Bakhach","Aucun texte","il y a un an"
"12","Casablanca","Ziad Adnan","Aucun texte","il y a un an"
"12","Casablanca","Alae Aloutmani","Aucun texte","il y a un an"
"12","Casablanca","Atae Abounouh","Aucun texte","il y a un an"
"12","Casablanca","Marzoug Aziz","Aucun texte","il y a un an"
"12","Casablanca","zineb machkour","Aucun texte","il y a un an"
"12","Casablanca","Zhor Hamzaoui","Aucun texte","il y a un an"
"12","Casablanca","mohamed assabane","Aucun texte","il y a un an"
"12","Casablanca","Abdlfettah zkoura","Aucun texte","il y a un an"
"12","Casablanca","Aicha Zemrani","Aucun texte","il y a un an"
"12","Casablanca","joker. Ziko","Aucun texte","il y a un an"
"12","Casablanca","Zineb Eddaoui","Aucun texte","il y a un an"
"12","Casablanca","Talibi soufiane","Aucun texte","il y a un an"
"12","Casablanca","Abderrazak Houmari","Aucun texte","il y a un an"
"12","Casablanca","Martina Motato","Aucun texte","il y a un an"
"12","Casablanca","Mohcine","Aucun texte","il y a un an"
"12","Casablanca","ElMehdi LAKHERIF","Aucun texte","il y a un an"
"12","Casablanca","amina amro elbelghiti","Aucun texte","il y a un an"
"12","Casablanca","Sanaa El Bouaamri","Aucun texte","il y a un an"
"12","Casablanca","Sanaa KHACHCHANE","Aucun texte","il y a un an"
"12","Casablanca","mourad ghanem","Aucun texte","il y a un an"
"12","Casablanca","Faouzi Joundi","Aucun texte","il y a un an"
"12","Casablanca","El Harouche Abdelghafour","Aucun texte","il y a un an"
"12","Casablanca","ApostolicMaroc","Aucun texte","il y a 3 ans"
"12","Casablanca","Hadri Oussama","Aucun texte","il y a 3 ans"
"12","Casablanca","ELCHATER -الــشـاطــر","Aucun texte","il y a 5 ans"
"12","Casablanca","Ibrahim ALKASSOUM YAYEKOYE","Aucun texte","il y a 5 ans"
"12","Casablanca","Aissa TALBI","Aucun texte","il y a 5 ans"
"12","Casablanca","Ayoub R","Aucun texte","il y a 5 ans"
"12","Casablanca","Lilkim Wraby","Aucun texte","il y a 5 ans"
"12","Casablanca","abdelouahed maarouf","Aucun texte","il y a 5 ans"
"12","Casablanca","Soufiane Shakur","Aucun texte","il y a 5 ans"
"12","Casablanca","Hak Abdellah","Aucun texte","il y a 5 ans"
"12","Casablanca","Ahmed MOUCHA","Aucun texte","il y a 5 ans"
"12","Casablanca","Rihab Elaidi","Aucun texte","il y a 5 ans"
"12","Casablanca","Débora Kossa","Aucun texte","il y a 5 ans"
"12","Casablanca","Oualid Rafik","Aucun texte","il y a 5 ans"
"12","Casablanca","Jean Kouamé","Aucun texte","il y a 5 ans"
"12","Casablanca","Abdullah Rezzai","Aucun texte","il y a 6 ans"
"12","Casablanca","Khalid KHAL","Aucun texte","il y a 6 ans"
"12","Casablanca","Youssef Haddouali","Aucun texte","il y a 6 ans"
"12","Casablanca","Saad Bourassi","Aucun texte","il y a 6 ans"
"12","Casablanca","Oussama Khadra","Aucun texte","il y a 6 ans"
"12","Casablanca","Sofian beddi","Aucun texte","il y a 6 ans"
"12","Casablanca","Emeka Keran Galactickos","Aucun texte","il y a 6 ans"
"12","Casablanca","saad Mos","Aucun texte","il y a 6 ans"
"12","Casablanca","Abdelwahed Farouk","Aucun texte","il y a 6 ans"
"12","Casablanca","NAJIB MAHNOUD","Aucun texte","il y a 6 ans"
"12","Casablanca","redouane KANAZY","Aucun texte","il y a 6 ans"
"12","Casablanca","ELKALAI ABDELMOUNAIME","Aucun texte","il y a 7 ans"
"12","Casablanca","Mohamed ELOUADI","Aucun texte","il y a 7 ans"
"13","Casablanca","Youness MECHAL","Manque de respect incroyable pour les clients de la part de la dame de cette agence! on vient faire une réclamation et demander des explications après plus de 8 jours sans fibre optique alros que pour la facturation orange est très …","Modifié il y a 6 mois"
"13","Casablanca","Brahim AITBENAAL","Service clientèle nul : mauvaise communication et fermeture avant l’heure..","il y a 4 mois"
"13","Casablanca","Loubna Bouziane","Sympa! Personnel gentil serviable, répond à toutes les questions et donne le plus d'informations possibles","Modifié il y a 7 mois"
"13","Casablanca","Man Mehdi","Bonjour
Manque de passe pour les handicapés
Ainsi j ai croisé 3 kafar ds une durée de 15 min c est vraiment dégouton","il y a 10 mois"
"13","Casablanca","Mohamed Hadani","Services meilleurs","il y a 5 mois"
"13","Casablanca","Taha Zineddine","Manque de respect ton autin je n'ai jamais aussi mal été traité de ma vie","il y a 2 jours"
"13","Casablanca","Yassine ABOUKADRI","Horrible service
Attente infinie
Compétences presque nulles …","il y a 3 semaines"
"13","Casablanca","Achraf Benchehla","Aucun texte","il y a 5 mois"
"13","Casablanca","Yassine ABOUKADRI","Aucun texte","il y a 11 mois"
"14","Casablanca","Rim Mah","Je souhaite signaler un comportement inacceptable concernant votre méthode de publicité. Des étiquettes autocollantes ont été collées directement devant la porte de notre maison, sans notre autorisation. …","il y a un mois"
"14","Casablanca","Amal Bouaggad","Aucun respect pour les clients  à fuire","il y a 2 mois"
"14","Casablanca","Nada Eljebbari","J’ai eu le malheur de visiter cette « agence » pour résoudre un problème avec ma carte SIM, notamment en ce qui concerne le partage de données sur mon forfait. L'agent m'a assuré que le problème venait de mon forfait actuel et m'a conseillé …","il y a un an"
"14","Casablanca","Med amine Khayri","Très bon service, a l’écoute. Ssi mourad était agréable","il y a 9 mois"
"14","Casablanca","mourad ouahrouch","Très bonne service accueil qualité prix","Modifié il y a un an"
"14","Casablanca","Hicham Salah","Malheureusement pas de respect","il y a un an"
"14","Casablanca","souhail Elhoussine","Service de qualité comme toujours, merci mohamed","il y a un an"
"14","Casablanca","BALLAJI Imane","Je ne recommande pas, gérant désagréable qui n'a aucun sens de service et aucun respect pour les clients","il y a 2 ans"
"14","Casablanca","Reda Elghammaz","Parfait, service agréable","il y a un an"
"14","Casablanca","youssef youssef","Tres mauvais accueil de la part du premier responsable. ca manque du professionnalisme.","il y a 4 ans"
"14","Casablanca","Yassine BOULWAFA","Cette agence est top! Personnel sympathique serviable et arrangeant","il y a 2 ans"
"14","Casablanca","Jeffrey Skullo","bon service, personnel amical","il y a 8 ans"
"14","Casablanca","Achraf Achraf","Merci pour le bon service","il y a un an"
"14","Casablanca","Jacqueline Reine OKOUENO RAMARI","C'est petit mais efficace,  très bon accueil","il y a 6 ans"
"14","Casablanca","Mary Wright","Bonjour je suis devant l'agence mais c'est à moitié fermer. Votre numéro de téléphone portable svp","il y a 7 ans"
"14","Casablanca","Imad Chakchak","Très bon service","il y a 7 ans"
"14","Casablanca","Mohamed Kacimi","Des beaux souvenirs !!...mixtel  accueil service professionalisme ...etc..","il y a 7 ans"
"14","Casablanca","Youssef Lazim","Très bonne réception merci pour cette équipe","il y a 8 ans"
"14","Casablanca","Elhassan Darid","Pour le paiement des factures. C'est très lent.","il y a 3 ans"
"14","Casablanca","nabil ghaly","Tres Bon service","il y a 6 ans"
"14","Casablanca","Lima Verneuil","Pire Service après vente","il y a 3 ans"
"14","Casablanca","BENAMMAR HICHAM","Service courtois et délicat","il y a 7 ans"
"14","Casablanca","Adama Ndoye","Personnel aimable et professionnel","il y a 8 ans"
"14","Casablanca","Bahir Youssef","Bon service","il y a 6 ans"
"14","Casablanca","Deltah Carine","Simple et efficace","il y a 6 ans"
"14","Casablanca","Kharitou Yayame","☺️","il y a 6 ans"
"14","Casablanca","Khalid Ibnou walid","Chapeau...","Modifié il y a 6 ans"
"14","Casablanca","Marwane Ben","Le soir, il y a pas mal de monde, mais le service est rapide grâce aux quatre employés. Dommage qu'il n'y ait pas plus de chaises, c'est parfois pénible de devoir rester debout. Dans l'ensemble, l'interaction est rapide, le service client …","il y a 6 ans"
"14","Casablanca","Richard Boussata","C'était très utile. Le type savait ce qu'il faisait. Cependant, nous avions oublié notre carte d'identité et il a omis de nous le rappeler après en avoir fait une photocopie. Globalement, c'était correct.","il y a 4 ans"
"14","Casablanca","Yahya Amsegguin","Parfait","il y a un mois"
"14","Casablanca","Abdullah Ebrahim","Service déplorable : ils ne peuvent rien faire d’autre que vous vendre une nouvelle ligne. Aucun service après-vente, personnel très impoli qui vous renverra vers une autre agence principale. Ils ne font pas confiance à leur personnel et ne leur donnent pas les moyens de vous aider.","il y a 4 ans"
"14","Casablanca","abdelilah el hassani","Petite boutique, mais un personnel formidable offrant un service rapide. 😀 …","il y a 6 ans"
"14","Casablanca","Najm Chaarani","Bon service, mais la couverture est insuffisante.","il y a 6 ans"
"14","Casablanca","abdelaziz drif","Bon accueil
Personnel agréable","il y a 4 ans"
"14","Casablanca","Amouz Ismail","Service excellent","il y a un an"
"14","Casablanca","Miguel Vargas","Bon service","il y a 7 ans"
"14","Casablanca","Samad Lahcen","Super","il y a un an"
"14","Casablanca","Hak Abdellah","Haut","il y a 7 ans"
"14","Casablanca","zouhair_ Rokoumo","Super","il y a un an"
"14","Casablanca","Ettermidi Hamza","Aucun texte","il y a 5 mois"
"14","Casablanca","Fatima Zahra Abbadi","Aucun texte","il y a 10 mois"
"14","Casablanca","Maëlle V","Aucun texte","il y a un an"
"14","Casablanca","Hind Farhat","Aucun texte","il y a un an"
"14","Casablanca","pauline waechter","Aucun texte","il y a un an"
"14","Casablanca","souare abdoulaye","Aucun texte","il y a un an"
"14","Casablanca","hamid el khatibi","Aucun texte","il y a un an"
"14","Casablanca","الغزواني إياد علي","Aucun texte","il y a un an"
"14","Casablanca","Yassine EL GHAZOUANI","Aucun texte","il y a un an"
"14","Casablanca","DOUNIA TAMWINE","Aucun texte","il y a 2 ans"
"14","Casablanca","Imane Saida","Aucun texte","il y a 3 ans"
"14","Casablanca","Decopeint","Aucun texte","il y a 4 ans"
"14","Casablanca","Maxime L","Aucun texte","il y a 4 ans"
"14","Casablanca","mohamed oualid elbaki","Aucun texte","il y a 5 ans"
"14","Casablanca","POLY RADIATEUR","Aucun texte","il y a 5 ans"
"14","Casablanca","Issam Mahboub","Aucun texte","il y a 5 ans"
"14","Casablanca","هاشم المصلوحي","Aucun texte","il y a 5 ans"
"14","Casablanca","adil chokri","Aucun texte","il y a 5 ans"
"14","Casablanca","Rida El ouartassi","Aucun texte","il y a 5 ans"
"14","Casablanca","Abdellatif Aziz","Aucun texte","il y a 5 ans"
"14","Casablanca","Hassan El yousfi","Aucun texte","il y a 6 ans"
"14","Casablanca","Ismael Myel","Aucun texte","il y a 6 ans"
"14","Casablanca","Abdellah Ahlaf","Aucun texte","il y a 6 ans"
"14","Casablanca","Aziz Ezzaoui","Aucun texte","il y a 6 ans"
"14","Casablanca","Hatem Boulsaien","Aucun texte","il y a 6 ans"
"14","Casablanca","ISM ISM","Aucun texte","il y a 6 ans"
"14","Casablanca","taha talib","Aucun texte","il y a 6 ans"
"14","Casablanca","hamza naji","Aucun texte","il y a 6 ans"
"14","Casablanca","marouane laamouri","Aucun texte","il y a 6 ans"
"14","Casablanca","Hassane Ahnouch","Aucun texte","il y a 6 ans"
"14","Casablanca","Mustapha BENABOUD","Aucun texte","il y a 6 ans"
"14","Casablanca","Fadwa Fihr","Aucun texte","il y a 6 ans"
"14","Casablanca","Asmaa Zabak","Aucun texte","il y a 6 ans"
"14","Casablanca","EL MAHBOUB Abdelaziz","Aucun texte","il y a 6 ans"
"14","Casablanca","Touda Laarif","Aucun texte","il y a 7 ans"
"14","Casablanca","SMART ADNANE","Aucun texte","il y a 7 ans"
"14","Casablanca","Merveille Prince MALLY (MMP95)","Aucun texte","il y a 7 ans"
"14","Casablanca","Hamza Berradouane el idrissi","Aucun texte","il y a 7 ans"
"14","Casablanca","Chahdi El ouazzani","Aucun texte","il y a 7 ans"
"14","Casablanca","Abdeljalil Zhar","Aucun texte","il y a 7 ans"
"14","Casablanca","ABDELILAH JAMOUHI","Aucun texte","il y a 7 ans"
"14","Casablanca","Khoulio Cesar","Aucun texte","il y a 7 ans"
"14","Casablanca","abdelillah billi","Aucun texte","il y a 7 ans"
"14","Casablanca","Rim Messaoudi","Aucun texte","il y a 7 ans"
"14","Casablanca","Sara Benkhdija","Aucun texte","il y a 7 ans"
"14","Casablanca","Momo hp","Aucun texte","il y a 8 ans"
"14","Casablanca","fïłłę đů måřøč","Aucun texte","il y a 8 ans"
"15","Casablanca","Soufiane Bous aa","Agence ferme bieeen avant les delais de travail , et refuse de service les clients sous pretexte le stock indisponible ( e-sim)","il y a 2 ans"
"15","Casablanca","Amine el mrabet","Accueil et service professionnel le monsieur a répondu à toutes mes attendu je recommande cette agence","il y a 3 ans"
"15","Casablanca","تعلم معنا","J'ai fait un abonnement chez vous et c'est bien pratique pour moi","il y a 5 ans"
"15","Casablanca","kamal eddine","Demande de raccordement fibre non traitée","il y a 4 ans"
"15","Casablanca","A B","Acceuil et conseil sympathique","il y a 4 ans"
"15","Casablanca","yasmine nada","Service efficace","il y a 5 ans"
"15","Casablanca","Brahim El Intissar","Moyen","il y a 4 ans"
"15","Casablanca","Nadia BL","Arrêtez de prendre Rocharge 20 dirhams et les douleurs cesseront pour vous. Débarrassez-vous de moi. Nous en avons fini avec nos têtes, mais nous ne pouvons pas nous débarrasser de toi","il y a un an"
"15","Casablanca","mouhssine ou","Je pensais que vous ne payiez que 49 dh mais le gars m'a facturé plus en disant que c'était les frais d'agence mais je n'ai trouvé le supplément nulle part sur les documents qu'il m'a donnés","il y a 4 ans"
"15","Casablanca","Belaid Ouaziz","Orange n'a plus besoin d'être présentée ; elle se distingue par ses services et mérite une bonne note.","il y a 4 ans"
"15","Casablanca","Belaid Ouaziz","Orange est un site web qui permet d'accéder aux services mobiles et de payer ses factures ; il est bien connu et mérite d'être visité.","il y a 4 ans"
"15","Casablanca","Badr Mizo","peut être","il y a 4 ans"
"15","Casablanca","Hassan Grigiz (Mr h)","D'accord","il y a 4 ans"
"15","Casablanca","SalOonzoO Med","Bon service","il y a 5 ans"
"15","Casablanca","ezzamane abdou","Aucun texte","il y a 3 semaines"
"15","Casablanca","khalid dalal","Aucun texte","il y a 3 mois"
"15","Casablanca","Mohammed Bhaizi","Aucun texte","il y a 2 ans"
"15","Casablanca","Ceramic Espan","Aucun texte","il y a 3 ans"
"15","Casablanca","Amadou Sanogo","Aucun texte","il y a 3 ans"
"15","Casablanca","Abdelhadi Machraoui","Aucun texte","il y a 3 ans"
"15","Casablanca","Jann'ys Ndong","Aucun texte","il y a 4 ans"
"15","Casablanca","TH3 PRO","Aucun texte","Modifié il y a 4 ans"
"15","Casablanca","Samir Tv","Aucun texte","il y a 4 ans"
"15","Casablanca","Emmanuel Amour Rengola","Aucun texte","il y a 4 ans"
"15","Casablanca","Hamida Chelaoui","Aucun texte","il y a 4 ans"
"15","Casablanca","Mini Mughals","Aucun texte","il y a 4 ans"
"15","Casablanca","Adil Touil","Aucun texte","il y a 4 ans"
"15","Casablanca","YASSINE errayes","Aucun texte","il y a 5 ans"
"16","Casablanca","Saad Bouarafa","J’ai récemment visité cette agence Orange dans le but de souscrire à un raccordement fibre optique. Malheureusement, l’agent sur place n’a pas fait preuve de compréhension. Elle m’a indiqué que mon adresse ne figurait pas dans leur système …","il y a un mois"
"16","Casablanca","bssaha raha","Cette agence mérite moins d'une étoile
Personnel n'est pas professionnel n'est pas sérieux, vous oblige de faire l'abonnement, et prennent trop de temps au traitement des opérations","il y a 9 mois"
"16","Casablanca","Medd FADILI","Très bon service","il y a 9 mois"
"16","Casablanca","Hamza Sergio","Mauvaise service","il y a 3 mois"
"16","Casablanca","Ismail Fatih","mauvais service !!","il y a 5 mois"
"16","Casablanca","Achraf Chady","Pas assez de personnels","il y a 11 mois"
"16","Casablanca","Réda Oudghiri","Bon service","il y a un an"
"16","Casablanca","Souad Arh","Top service merci","il y a un an"
"16","Casablanca","Rajawi Bakar","Merci pour le service","il y a un an"
"16","Casablanca","soufiane mouanid","Meilleur service","Modifié il y a 5 mois"
"16","Casablanca","Hamada Sbaoui","Mauvaise","il y a 11 mois"
"16","Casablanca","Matsho","Pour eux les Clients sont ............","il y a un mois"
"16","Casablanca","John Maxwell","Franchement, j'ai été choqué par le service d'Orange Maroc sur Grand Boulevard. Je voulais simplement changer mon deuxième numéro pour une eSIM, mais on m'a dit que je devais prendre un abonnement. C'est absurde ! J'ai déjà un abonnement …","il y a un an"
"16","Casablanca","Benrais Amine","Khari","il y a 3 mois"
"16","Casablanca","Reda Oudghiri","Service exceptionnel","il y a un an"
"16","Casablanca","Cheriki Milouda","Merci","il y a un an"
"16","Casablanca","Charaf Fati","Merci","il y a un an"
"16","Casablanca","Anouar Benchar","Aucun texte","il y a 3 semaines"
"16","Casablanca","Youssef fire","Aucun texte","il y a 3 mois"
"16","Casablanca","Youssoupha Siby Thiam","Aucun texte","il y a 8 mois"
"17","Casablanca","As ma","Très mauvaise expérience avec cette agence. Malgré mon contrat signé présenté sur place, on m’a dit qu’aucune information n’apparaît dans leur système. Je trouve ça inadmissible et peu professionnel. J’attends une vraie vérification de mon dossier et une solution rapide, car ce manque de suivi est vraiment décevant.","il y a un mois"
"17","Casablanca","Yassine Tear","Je tiens à remercier Yousra pour son excellent service. Elle a été très professionnelle, avec moi et avec mon amis Américaine elle m’a beaucoup aidée avec mon problème. Une personne aimable et compétente ! Merci encore pour votre aide.","il y a un an"
"17","Casablanca","hafid id-hssain","Un grand merci à l'agence Orange, en particulier à l'équipe de l'agence située à Casa port  à Casablanca, pour son excellent service ! Votre professionnalisme, votre accueil chaleureux et votre efficacité font toute la différence. Grâce à vous, chaque visite est une expérience agréable. Bravo et continuez ainsi ! 👏 …","il y a un an"
"17","Casablanca","mahmoud hilmy","Je suis pleinement satisfait du service, le personnel est à la fois aimable et très professionnel. Un grand merci à vous ! 🙏 …","il y a un an"
"17","Casablanca","Aziz Rachdad","Excellente service et très  rapid service  rien à dire  avec  youssra","il y a un an"
"17","Casablanca","meryem el mansouri","L'agence Orange Casa Port offre un service impeccable. L’équipe est accueillante, professionnelle et toujours prête à aider. L'ambiance est agréable et l'attente est courte. Un excellent choix pour tous vos besoins en télécommunication !","il y a un an"
"17","Casablanca","Imane Alaoui","Très satisfaite du service que vous proposez et surtout du personnels qui travaillent  avec tout professionnalisme et bienveillance","il y a un an"
"17","Casablanca","Meryam El Qemary","C'est très agréable, je recommande cette agence à tous le monde, le serve est merveilleux et les filles sont très sympas surtout mademoiselle Youssra , même si l'agence était pleine elle m'a donné le temps pour expliquer toutes les options …","il y a un an"
"17","Casablanca","Adnan El-Menaiy","Tres bon service très professionnel
Je vous recommande sans hésitation 👍🏼 …","il y a un an"
"17","Casablanca","Karima Bougteb","J'avais une bonne expérience avec l'agence surtout avec la fille qui s'appelle Youssra , si tu lis ce commentaire je te dis bon courage et bon continuation et j'espère avoir l'opportunité de te voir une autre fois 💖 …","il y a un an"
"17","Casablanca","Hassan Nadif","Je suis três satisfait du service; l agent commercial amal m a donné tout le temps pour lui expliquer mon souci et elle m a bien donné la solution avec une souscription d un forfait qui m arrange.
Merci encore pour le service","il y a un an"
"17","Casablanca","Oumaima boumri","Vraiment c'est une expérience incroyable avec une trop belle fille je crois qu'il s'appelle Youssra elle a un bon service avec une bonne explication elle me donne assez d'informations she helped me she is very good","il y a un an"
"17","Casablanca","Latifa Boudade","C'est la première fois que je vais donne mon point de vue sur quelque chose mais sincèrement la fille dans l'agence de casaport Hi's name it's Yousra i think elle a un bon esprit du travail et une explication trop douce et détaillée c'était vraiment une bonne expérience Que j'avais l'honneur de partager avec vous","il y a un an"
"17","Casablanca","khaoula wydadi","Excellente expérience dans cette agence ! L’accueil était vraiment chaleureux et la fille Youssra très gentille répondre a toutes mes questions avec professionnalisme service rapide et efficace","il y a un an"
"17","Casablanca","Khalili Yassmine -svtu-TD2","Le service est magnifique et rapide les employés travaillent dur et sont courtois🥰 …","il y a un an"
"17","Casablanca","Josimar Anjanahary","Le service est très appréciable.Merci","il y a un an"
"17","Casablanca","Aziza Elouahlaoui","Bon service, La fille qui porte les lunettes est très sympa, et s'entend bien avec les clients","il y a un an"
"17","Casablanca","aliwardane ali","Très bon service merci ⚘️","il y a un an"
"17","Casablanca","Abdoulaye Sakaye","C'est une bonne boutique accueillante qui traite bien des clients et leur respecte","il y a un an"
"17","Casablanca","Abdessamad Boulani","Très Bon service ❤️❤️","il y a un an"
"17","Casablanca","Soulaimane Nadir","Un trés bonne service j’adore grâce a youssraa merci bcp et je reviendera inchallah","il y a un an"
"17","Casablanca","HASSNA MAGHRAOUI","Je vous remercie Mlle Yousra pour votre service bon continuation","il y a un an"
"17","Casablanca","Khalid Lachaari","Bon qualité de service client Mme youssra 👍 …","il y a un an"
"17","Casablanca","Naouar","Service impeccable,
Je tiens à remercier Mlle. YOUSSRA pour ça gentillesse","il y a un an"
"17","Casablanca","houssam najouti","Excellent service. Equipe professionnelle serviable","il y a un an"
"17","Casablanca","Reem Ch","Je suis très satisfaite, très bon service👍🏼👍🏼 …","il y a un an"
"17","Casablanca","Maroc Assia","Trés Bon service, J'ai tellement l'admire","il y a un an"
"17","Casablanca","Nabil Ba","Je suis vraiment très satisfait du service vraiment une équipe top","il y a un an"
"17","Casablanca","Lebram Kawtar","Excellente agence un service professionnel et une èquipe très réactive je recommande vivement","il y a un an"
"17","Casablanca","rania kamari","Très bonne service et accueil","il y a un an"
"17","Casablanca","Mona Lamouini","Très Bonne assistence . Bon service . Yousra est une personne très agréable et très
serviable","il y a un an"
"17","Casablanca","AMANE EL MOURADI","Excellent service et La fille Youssra três gentille","il y a un an"
"17","Casablanca","Adnane El-menaiy","très bon service client 👌 …","il y a un an"
"17","Casablanca","Wafaa Aziz","Très bon service, très satisfaite
Merci !!","il y a un an"
"17","Casablanca","Zouheir Atif","Serait plus facile d’ajouter un numero de telephone au lieu de se deplacer a l’agence car ma ligne n’a pas ete activee et le service client me demande de re-voir avec l’agence poir activer la ligne.","il y a un an"
"17","Casablanca","Jalila Rharib","Rapidité de service, accueillant, serviable , merci ❤️","il y a un an"
"17","Casablanca","Rajaa Tarhani","Agréable agence
Les filles sont très gentille et professionnelle surtout à l’écoute","il y a un an"
"17","Casablanca","El mehdi yousfi","Merci Mlle Youssra, rapidité, efficacité et empathie. Tu es la meilleure","il y a un an"
"17","Casablanca","Hanane EL mtougui","Je suis très satisfaite par le service de youssra chez l'agence orange casa port.
Serviable et professionnel","il y a un an"
"17","Casablanca","Meryam El Qamary","Très bon service ❤️","il y a un an"
"17","Casablanca","noura naji","Service au top, un grand merci !!","il y a un an"
"17","Casablanca","Oumaima Aitbellaouali","Je te remercie de m'avoir rendu service🥰🥰 …","il y a un an"
"17","Casablanca","Djdhd Xjdjdu","Bon service qualité","il y a un an"
"17","Casablanca","yassine calder","Trés bon service","il y a un an"
"17","Casablanca","Oussama","Service Très nul,
Ne perdrez pas votre temps a cette agence, la fille qui travaille dans cette agence elle est pas envie de faire son travail, et elle n’a aucune réponse quelque …","il y a 2 ans"
"17","Casablanca","Fadma Lagnaoui","Merci infiniment pour votre service 😊😊🙏 …","il y a un an"
"17","Casablanca","Boizidi Amine","Bon service merci boucoup.","il y a un an"
"17","Casablanca","Hamza Aitchaou","Servicer incroyable avec youssra","il y a un an"
"17","Casablanca","BOUSSERHANE Fouad","Salam
Agence très professionnelle avec un staff tres qualifié","il y a un an"
"17","Casablanca","Youssef Lahkim","Bonne service 🙏🏻 …","il y a un an"
"17","Casablanca","Meriem Adribina","Yousra, une fille aimable qui ne se lasse jamais de rire","il y a un an"
"17","Casablanca","Achraf Janat","Service très sympa de l'agence","il y a un an"
"17","Casablanca","Adib Adibi","J ai trouvé Un bon service chez orange de casa port","il y a un an"
"17","Casablanca","Anas hdda","Bonjour je demande si je peux changer ma puce en esim chez vous","il y a un an"
"17","Casablanca","Fes Fes","Je suis vraiment très satisfait","il y a un an"
"17","Casablanca","Hamza Zerhouni","Le meilleur service dans la meilleure agence à casa port merci à vous","il y a un an"
"17","Casablanca","Casawi Hicham","Je suis très satisfait de mon passage à l'agence casa port","il y a un an"
"17","Casablanca","Ayman Omari","Très bon service ✨","il y a un an"
"17","Casablanca","OUMAIMA AIT BELLA OUALI","Merci pour votre service 😊😊☺️ …","il y a un an"
"17","Casablanca","Adam Idrissi","Toujours fermé....les employés passent leurs temps en pause sur cette agence....90% de leur temps c'est fermé....pour un client depuis méditel j'ai juste envie de résilier car je perd du temps à faire des va et viens à l'agence et c'est tout le temps fermé","il y a 3 ans"
"17","Casablanca","Saafane Mohamed","Un service tremplin parfait","il y a un an"
"17","Casablanca","KHAWLA CHADI","Merci beoucoup a votre sérvice ❤️❤️❤️❤️❤️❤️❤️","il y a un an"
"17","Casablanca","SLAYMEN","Bon service mashaalah","il y a un an"
"17","Casablanca","Recrute Consultant","En entresol, des jeunes qui se plaquent pr fumer des joints, de l'odeur de pisse à côté, déco minimalisme, on dirait qu'on les a cambriolé","il y a 7 ans"
"17","Casablanca","Mohamed Playback","Bonne service 😇 …","il y a un an"
"17","Casablanca","Mohamed Siki","Bon Qualité de travail","il y a un an"
"17","Casablanca","Juice 4","Meilleur service","il y a un an"
"17","Casablanca","Hassan Benlmir","Très bonne service","il y a un an"
"17","Casablanca","jordoni sami","Je suis très satisfait","il y a un an"
"17","Casablanca","nabil mounir","Merci pour votre service","il y a un an"
"17","Casablanca","The Roc","La nullité de leur service vous donne envie de changer l’opérateur carrément.","il y a 2 ans"
"17","Casablanca","halima ahkim","Bonne expériences","il y a un an"
"17","Casablanca","Reda Jaouani","Service Très nul,","il y a 2 ans"
"17","Casablanca","Amine Morabit","Bon service 🤍 …","il y a un an"
"17","Casablanca","Said Farghali","Good expérience","il y a un an"
"17","Casablanca","BADRANE Manal","Bonne service","il y a un an"
"17","Casablanca","Securite Tanger","Service client impeccable","il y a un an"
"17","Casablanca","Imane Elkalkouli","Bon service client","il y a un an"
"17","Casablanca","Nezha Lbd","Très bon service","il y a un an"
"17","Casablanca","Nidal Rouadi","Bon lieu 👌🏻 …","il y a un an"
"17","Casablanca","Hamza Sbai","Merci pour votre service","il y a un an"
"17","Casablanca","Kenitra Kenitra","Bonne relation client","il y a un an"
"17","Casablanca","Omar Bouziane","Bon service","il y a un an"
"17","Casablanca","samir amr","Bienvenue sur orange edt moi","il y a un an"
"17","Casablanca","daoud anis","Bonne service","il y a un an"
"17","Casablanca","Hajar Mountachir","Très bon service","il y a un an"
"17","Casablanca","NAJJAB NOUREDDINE","Très bon service","il y a un an"
"17","Casablanca","Hanane Arqam","Merci pour votre service","il y a un an"
"17","Casablanca","Fatima Hamrour","Bon service","il y a un an"
"17","Casablanca","nezha moulil","Satisfait","il y a un an"
"17","Casablanca","safae elati","BON SERVICE","il y a un an"
"17","Casablanca","Hamid Cheminot","Très bon service","il y a un an"
"17","Casablanca","Anthony Ferreira","Très bon service","il y a un an"
"17","Casablanca","Maroua El mouden","Merci pour votre service","il y a un an"
"17","Casablanca","نجيب القماري","Bon service","il y a un an"
"17","Casablanca","Simohamed Simohamed","Bon service","il y a un an"
"17","Casablanca","Diakité Soumaila","Satisfait","il y a un an"
"17","Casablanca","youssef Badri","Satisfait","il y a un an"
"17","Casablanca","Ahlam Ahlam","Bon service","il y a un an"
"17","Casablanca","Maritime","Insatisfaite, la réceptionniste était tellement impolie et négligente.","il y a 2 mois"
"17","Casablanca","Hiba Essamlali","Excellent service chez Orange ! Le personnel était sympathique, compétent et m'a rapidement aidé. Tout s'est déroulé sans accroc et avec professionnalisme. Je recommande vivement.","il y a un an"
"17","Casablanca","Andik Setiawan","L'employée, Yusra, une femme portant des lunettes, nous a fourni un service médiocre. Elle nous a forcés à écrire un bon avis. Virez-la ; c'est une honte pour Orange. Quand nous voulons recharger notre abonnement internet, il nous complique toujours la tâche.","il y a un an"
"17","Casablanca","Ouali Alami Mohammed","Je venais de loin et j'avais besoin d'un nouveau numéro après avoir perdu le mien. À l'agence, j'ai trouvé une conseillère à lunettes qui m'a beaucoup aidée en m'expliquant les différents forfaits et leurs avantages. Malgré ma fatigue et le …","il y a un an"
"17","Casablanca","Kamal Fahdi","Très serviable.
La jeune femme parle anglais et français.
Elle donne les meilleurs conseils aux clients.
Fortement recommandé.","il y a un an"
"17","Casablanca","Mustapha Elhafyani","Je recommande vivement. La jeune femme est très serviable. Elle parle anglais et français.","il y a un an"
"17","Casablanca","Wafa Ouabid","Bon service, merci.","il y a un an"
"17","Casablanca","Vangie Baladad","Bon service et personnel très accessible.","il y a un an"
"17","Casablanca","elkhorassani nezha","Une qualité de traitement élevée après avoir été dans une situation peu enviable","il y a un an"
"17","Casablanca","Salah Eddine","Service excellent","il y a un an"
"17","Casablanca","Bouchra El Mehdaoui","Je ne comprends pas pourquoi vous embauchez quelqu'un comme elle ; elle ne veut absolument pas travailler. Je suis venue récupérer mon numéro et elle a été impolie. Elle m'a immédiatement dit d'aller voir une autre agence et qu'elle ne pouvait pas me le rendre. Un vrai fiasco ! Je ne recommande pas.","il y a 2 ans"
"17","Casablanca","BARAE IDRISSI","Service excellent","il y a un an"
"17","Casablanca","زينب ادهم","Ce sont des arnaqueuses et des voleuses ! Elles m'ont vendu une carte SIM d'occasion avec un nom allemand, et sa validité était inférieure au prix payé. Au lieu d'une heure de communication, je n'ai eu que cinq minutes. Quand je suis …","il y a 3 ans"
"17","Casablanca","Amine Amine","Très bon service","il y a un an"
"17","Casablanca","Meknassi Driss","Excellent service avec des gens gentils","il y a un an"
"17","Casablanca","nisrine Ait Rahou","Très bon service de Yousra","il y a un an"
"17","Casablanca","hicham bounou","Service décevant. Nous payons toujours notre abonnement mensuel et une employée nous dit d'aller chez Cash Plus. Avons-nous un abonnement chez Orange ou chez Cash Plus ?","il y a 2 ans"
"17","Casablanca","Reda Himmi","Service déplorable.

La jeune femme était très irrespectueuse ; j’avais l’impression de la supplier. Ce n’est pas un service digne de ce nom.","il y a 2 ans"
"17","Casablanca","mohamed el khaichabi","Expérience merveilleuse grâce à Yousra","il y a un an"
"17","Casablanca","Soukaina Laabadi","Service excellent","il y a un an"
"17","Casablanca","YASSINE ELBA (ELBA)","Merci pour votre coopération","il y a un an"
"17","Casablanca","Amin M.K.","Très bon service","il y a un an"
"17","Casablanca","boukhta oussama","Le manque de service donne envie de changer complètement d'opérateur.
Les agents manquent de professionnalisme.","il y a 2 ans"
"17","Casablanca","Ayoub Belkhir","Meilleur service client 👏 …","il y a un an"
"17","Casablanca","Salam Alikom","Service excellent","il y a un an"
"17","Casablanca","Abdelali Khiat","Nous avons terminé le premier mois du programme Forfi et le deuxième mois est terminé, mais il n'a pas encore été publié...","il y a un an"
"17","Casablanca","omar imam","Très bon traitement","il y a un an"
"17","Casablanca","El qemary Meryam","La meilleure agence qui soit","il y a un an"
"17","Casablanca","Chacraoui Said","Bon service","il y a un an"
"17","Casablanca","jad adam","Bon service","il y a un an"
"17","Casablanca","MAROC Marocain","Merci à tous","il y a un an"
"17","Casablanca","Fatima ezzahra El alja","Service excellent.","il y a un an"
"17","Casablanca","Fatimaezahra Saqrani","Traiter au niveau","il y a un an"
"17","Casablanca","Bouchal Leila","Bon service","il y a un an"
"17","Casablanca","Achraf Ghazal","À SERVIR DE PRÉFÉRENCE ✌️","il y a un an"
"17","Casablanca","Hanane Stifham","Bon service","il y a un an"
"17","Casablanca","Croco Meed","Des briques sans briques","il y a un an"
"17","Casablanca","Samsung Galaxy","Merci ❤️","il y a un an"
"17","Casablanca","meryem makkaoui","Excellent service ❤❤❤","il y a un an"
"17","Casablanca","Sabah Zagraoui","Service haut","il y a un an"
"17","Casablanca","infinix smart9","Bonnes affaires","il y a un an"
"17","Casablanca","Abdoulaye Hamadoun SAKAYE","Bon service","il y a un an"
"17","Casablanca","Nadir Elrhanim","Bon service","il y a 5 ans"
"17","Casablanca","noureddine elallaly","Bon service","il y a un an"
"17","Casablanca","Amadou keita Banankoni","Aucun texte","il y a 7 mois"
"17","Casablanca","Roumayssa Elhmaidi","Bien","il y a un an"
"17","Casablanca","Tourya Bih","Mchalh alikom","il y a un an"
"17","Casablanca","Riham El Qemary","Service excellent","il y a un an"
"17","Casablanca","Laila Maamri","Bon service","il y a un an"
"17","Casablanca","Ali Ali","Merci","il y a un an"
"17","Casablanca","El-menaiy Adnan","👍👍 …","il y a un an"
"17","Casablanca","Oussama chaibi Official","Bien","il y a un an"
"17","Casablanca","Ahmad Touraki","Service excellent","il y a un an"
"17","Casablanca","Taha Sebaaoui","Bon service","il y a un an"
"17","Casablanca","Oussama Elhaddioui","Bon service","il y a un an"
"17","Casablanca","Saki Saki","Service excellent","il y a un an"
"17","Casablanca","Kltouma Bozid","Aucun texte","il y a un an"
"17","Casablanca","amro faida","Aucun texte","il y a un an"
"17","Casablanca","ALAEDDINE CHAOUKI","Aucun texte","il y a un an"
"17","Casablanca","RIHAM El Qemary","Aucun texte","il y a un an"
"17","Casablanca","Gsm Gsm","Aucun texte","il y a un an"
"17","Casablanca","Feriaul MAKOSSO","Aucun texte","il y a un an"
"17","Casablanca","salah eddine loudad","Aucun texte","il y a un an"
"17","Casablanca","Alex Prince","Aucun texte","il y a un an"
"17","Casablanca","Yssf Ob","Aucun texte","il y a un an"
"17","Casablanca","sasuki naruto","Aucun texte","il y a un an"
"17","Casablanca","sadath ibouraima987","Aucun texte","il y a un an"
"17","Casablanca","Souad Yssr","Aucun texte","il y a un an"
"17","Casablanca","youssef EL","Aucun texte","il y a 2 ans"
"17","Casablanca","REDA","Aucun texte","il y a 2 ans"
"17","Casablanca","Youssef Ze","Aucun texte","il y a 6 ans"
"17","Casablanca","AKSA Équipement","Aucun texte","il y a 6 ans"
"17","Casablanca","Charaf Linda","Aucun texte","il y a 7 ans"
"17","Casablanca","Elansari_الانصاري Elmeki_المكي","Aucun texte","il y a 7 ans"
"17","Casablanca","Skull Sean","Aucun texte","il y a 8 ans"
"19","Casablanca","Chakir Taha","10:10 du matin et toujours fermé ..","il y a 4 mois"
"19","Casablanca","Nadina Callus","Personel désagréable !!!a 10.30 du matin la jeune fille était en pause alors que le magasin ouvre à 10h…réponse après avoir attendu 15 minutes son retour :vous pouvez faire une réclamation si vous voulez et je ne vous dit pas comment je …","il y a 2 ans"
"19","Casablanca","BEN A","Excellent service. Rapide, efficace et de bons conseils.","il y a un an"
"19","Casablanca","Samira.samouraï Samira.samouraï","Agent très désagréable. Incompétente. Informations erronées","il y a 2 ans"
"19","Casablanca","Toni Torres","J'ai eu besoin d'aide avec l'application à deux reprises. En tant que cliente de ce bureau, je m'y suis rendue et les deux employées plaisantaient et m'ont simplement dit d'appeler le service client ! Eh oui, mesdames, c'est comme ça qu'on fait : mieux vaut rester assise à s'ennuyer que d'aider un client.","il y a 3 mois"
"19","Casablanca","Азат Муртазин","C'est la deuxième fois que je viens ici en semaine, et les portes sont fermées.","il y a 11 mois"
"19","Casablanca","Mohamed idjamaa","Mauvaise communication 😩 …","il y a 10 mois"
"19","Casablanca","Nouhaila Alouatiq","Bon service client","il y a 3 ans"
"19","Casablanca","Mohamed Alami","Excellent service client","il y a 4 ans"
"20","Casablanca","Tariq Bouchikh","Je suis très déçu du service. Je me suis rendu à l’agence Orange pour résilier mon contrat d’abonnement. On m’a fait signer un papier, puis on m’a dit d’appeler le service client. Depuis des jours, impossible de les joindre. Et maintenant, …","il y a 5 mois"
"20","Casablanca","ASSIA CHERKAOUI EL FASSI","Je vous remercie infiniment.
Continuez à faire du bon travail ! Les entreprises rêvent de trouver des employés comme vous. …","il y a un an"
"20","Casablanca","KAWTAR JABRANE (Kawtar Jabrane)","J’ai été très satisfaite de mon expérience dans cette boutique. Le service était impeccable, avec un personnel à la fois compétent et très souriant. Mercii😍 …","il y a un an"
"20","Casablanca","Ilham Elkassimi","Je vous remercie orange pour bon qualité services,je suis très satisfait.
L'équipe très professionnelle et accueillant.
Bravo et continuez.","il y a un an"
"20","Casablanca","Fatima ezzahra KASSIMI","Cette agence de Goulmima est vraiment satisfait les besoins des clients avec un bon service et les femmes de cet agence sont sympathiques et avec un bon sens de communication et l’accueil. …","il y a un an"
"20","Casablanca","Abdelhafid El bahjaji","Je vous suis très reconnaissant pour votre travail. Je vous remercie pour tout ce que vous faites avec vos clients. Il est rare de rencontrer des personnes aussi dévouées et dignes de confiance. Vos efforts ne passent pas inaperçus. …","il y a 3 ans"
"20","Casablanca","imane marzouk","je vous remercie la commerciale de l'Orange Agence Goulmima
Je vous remercie orange pour bon qualité services par apport l'accueil l'information et tous les agents sont des milliers a propos la bon communication et on plus de ça sont satisfaits mes besoins.","il y a un an"
"20","Casablanca","hajar fouyssi","Merci pour votre excellent service et votre professionnalisme. très agréable. Bravo et continuez ainsi","il y a un an"
"20","Casablanca","Fadwa Rafik","Je suis tres satisfait pour votre service et je vous remercie pour tous ce que vous faites avec vous client","il y a un an"
"20","Casablanca","lebna boussahela","Bonjour , personnel totalement incompétents, voila 15 jours que je me suis abonné a la fibre depuis sans nouvelles ! J’ai etais contacter deux fois pour la prise de rendez vous et les deux fois personne ne  c’est presente au rdv ! D’après …","il y a 3 ans"
"20","Casablanca","Safae Segrani","Service nuuul. J ai donné 1 étoile car y en a pas de possibilité pour donner 0. Personnel incompétent! Ça fait un siècle qu'on arrange des rdv pour installer la fibre optique et ç tjrs pas fait!!! Nous changerons de société!!","il y a 3 ans"
"20","Casablanca","Abir Bakry","Agence goulmima à fuire!! Ils ferment avant l’heure, tardent bcp pour ouvrir l’après-midi (je parle d’un retard de plus d’une heure), ne répondent pas au téléphone. Je passe presque chaque jour cette semaine dans cette agence et à chaque …","il y a 3 ans"
"20","Casablanca","Mohamed Chebnoune","Très bon service pour cette agence orange de bourgogne","il y a un an"
"20","Casablanca","Fouzia Amjahad","Bon service,  je suis très satisfaite","il y a un an"
"20","Casablanca","haitam tebbai","Service nuuul!!
J'ai jamais cru que la fibre optique prend 70 ans pour être installée. Aucune appréciation donnée aux clients & le service est anarchique!!!","il y a 3 ans"
"20","Casablanca","Jouidi Abderrahim","Le service et les employés de ce lieu est vraiment super et sympa c'est mon agence habituel","il y a 3 ans"
"20","Casablanca","Ilham Boukanni","Cette agence de goulmima est vraiment satisfait les besoins des clients avec un bon service et les femmes de cet agence sont sympathiques et avec un bon sens de communication et l’accueil. …","il y a 3 ans"
"20","Casablanca","Aicha Fahim","Merci infiniment 🙏
Très bonne service 👍 …","il y a un an"
"20","Casablanca","Anass dream's","Bonjour
Je vous remercie les agents commercial de l'agence Goulmima Orange a votre bon service et toujours bon service.
Merci","il y a 3 ans"
"20","Casablanca","Ilyas ECHALHI","Bonjour
Je vous remercie orange pour bon qualité services par apport l'accueil l'information et tous les agents sont des milliers a propos la bon communication et on …","il y a 3 ans"
"20","Casablanca","N M","Personnel de la boutique Orange Goulmima désagréable au possible, à éviter.","il y a un an"
"20","Casablanca","Hassan JERRADI","Très bonne service 👍👍👍 top …","il y a un an"
"20","Casablanca","Salma Malokii","Très bon service 👌🏻 …","il y a un an"
"20","Casablanca","MAAROUFI MERIEM","Très bon service merci","il y a un an"
"20","Casablanca","SERVICES DES AFFAIRES FINANCIERES HSR","bon travail et bon satisfait","il y a un an"
"20","Casablanca","katalina 91","Très satisfait","il y a un an"
"20","Casablanca","El habti Hamrich","Très bon service","il y a un an"
"20","Casablanca","Ziyad ERRAHMANI","Excellent accueil","il y a un an"
"20","Casablanca","Abdelkrim Elmaniari","Bon services","il y a un an"
"20","Casablanca","zahra hamrich","Bon service","il y a un an"
"20","Casablanca","Samia El idrissi","👍👍👍👍👍👍 …","il y a un an"
"20","Casablanca","Sayeh Chaimaa","Excellente","il y a un an"
"20","Casablanca","Azsa","Très mauvais service","il y a 4 ans"
"20","Casablanca","خديجة احداد","Je remercie l'agence Orange Guelmim pour son service, en particulier les filles, car elles sont très bien traitées, en particulier Fatima Zahra. Je la remercie infiniment pour son excellent accueil et pour nous avoir consacré beaucoup de temps. Merci.","il y a un an"
"20","Casablanca","zennouhi mohsine","Merci Orange pour l'excellent service que vous offrez, et je remercie tout particulièrement la succursale de Guelmim pour sa réactivité et sa bonne communication.","il y a un an"
"20","Casablanca","Wafaa Karim","Service top top top j'avais un problème avec mon WiFi ou c'était le même que mon zahra sarahaaa 3tatni wa9t ou tableau pour ça hta 9adito","il y a un an"
"20","Casablanca","Maria Maria","Vraiment le servir ili top top top .fatimazzahra merci bazaaaf 3la 7osn ta3amol","il y a un an"
"20","Casablanca","bendrhourhi hamza","La meilleure agence en termes de service, de dévouement au travail et d'excellent traitement de la clientèle. Merci.","il y a un an"
"20","Casablanca","Najwa Boumahdi","Excellent travail les gars, je recommande vivement ✨","il y a un an"
"20","Casablanca","Khalid El kadiri","Que la paix soit avec vous.

Je remercie Orange pour ses services, et je tiens également à remercier la …","il y a 3 ans"
"20","Casablanca","Erwann C","Il ne maîtrise pas les bases des téléphones double SIM. Il n'a pas remplacé la carte SIM principale (appels et données) par la carte locale avant d'effectuer un test. Cela a entraîné des frais exorbitants de la part de mon opérateur national. Et ce, malgré nos avertissements clairs : il ne fallait absolument pas procéder ainsi.","il y a 2 ans"
"20","Casablanca","Kawtar Regui","La meilleure agence en termes de traitement","il y a un an"
"20","Casablanca","Khalid Elkihel","Plus d'une heure de diffusion, ils n'acceptent pas les paiements par carte bancaire","il y a 5 ans"
"20","Casablanca","Ibtissame Jabrane","Meilleur service","il y a un an"
"20","Casablanca","Zineb Bennis","Bon service 🙏 …","il y a un an"
"20","Casablanca","Houssine Boutkida","Orange 1er réseau au maroc ☆☆☆☆☆","il y a 3 ans"
"20","Casablanca","Jihane Ennahili","Top parfait","il y a un an"
"20","Casablanca","AmaI AMal","Haut","il y a un an"
"20","Casablanca","Safaa Chakiri","Cool","il y a un an"
"20","Casablanca","Faycal Achemli","Service très lent et médiocre","il y a 4 ans"
"20","Casablanca","عبد الرحيم بوعليل","Fermé avant l'heure prévue","il y a 3 ans"
"20","Casablanca","Evalo3","Service client déplorable.","il y a 3 ans"
"20","Casablanca","Kana STYLISTE","Vraiment incroyable","il y a 5 ans"
"20","Casablanca","achraf elhadi","Nulllll","il y a 7 ans"
"20","Casablanca","Mohamed Benadel","Aucun texte","il y a 4 mois"
"20","Casablanca","Moh Mek","Aucun texte","il y a 6 mois"
"20","Casablanca","Othman Maarouf","Aucun texte","il y a un an"
"20","Casablanca","Douaa Elfilali","Aucun texte","il y a un an"
"20","Casablanca","IMANE IMANE","Aucun texte","il y a un an"
"20","Casablanca","hmidani abdelali","Aucun texte","il y a un an"
"20","Casablanca","yassine rhm","Aucun texte","il y a un an"
"20","Casablanca","karim raoui","Aucun texte","il y a 2 ans"
"20","Casablanca","Yassine","Aucun texte","il y a 3 ans"
"20","Casablanca","Abdellah TAHIRI","Aucun texte","il y a 4 ans"
"20","Casablanca","Youssef","Aucun texte","il y a 5 ans"
"20","Casablanca","cataracte DOCZAK Docteur Zakarrya Abdellatif","Aucun texte","il y a 5 ans"
"20","Casablanca","yassir mharchi","Aucun texte","il y a 5 ans"
"20","Casablanca","Aminovsky Akad","Aucun texte","il y a 6 ans"
"22","Casablanca","demnat ennaciri Mohamed","Service médiocre. Un agent de l'agence a agi de manière impolie et arrogante, ce qui m'a poussé à annuler mon abonnement fibre 100 Mo. Très déçu par son comportement ! 😡😡😡 …","il y a 6 mois"
"22","Casablanca","Commercial Orange","Une équipe professionnelle remarquable et sympathique","Modifié il y a 7 mois"
"22","Casablanca","Mohammed Amine","À Fuuiiiiiirrrrr!!!!!!!
Service de très mauvaise qualité, le mauvais comportement du personnel de l'agence risque de faire perdre un nombre important de client de la compagnie. …","il y a 2 ans"
"22","Casablanca","Younes Hajila","Service nulle zéro","il y a 3 mois"
"22","Casablanca","Omar Omar","Équipe professionnelle, bon service","il y a 3 ans"
"22","Casablanca","Mohcine EL MAGHRAOUI","Mauvais service et mauvaise expérience","il y a 2 ans"
"22","Casablanca","Sanad psycho-tourisme","Le meilleur service de cette agence ; le monsieur est très poli et professionnel.","il y a 8 mois"
"22","Casablanca","Saad BENZDI","traitement médiocre","il y a 2 mois"
"22","Casablanca","abdelhakim fara","Ces personnes (les agents) m'ont fait aimer l'entreprise.","il y a 9 mois"
"22","Casablanca","Ilham Faher","Aucun texte","il y a 4 semaines"
"22","Casablanca","MOUNIR KHATIMI","Aucun texte","il y a 2 ans"
"23","Casablanca","Cheyenne Akh","bon ben....si vous avez besoin de rien vous pouvez y aller. je passe 2 fois et ils n ont pas de carte internet.....","il y a 9 mois"
"23","Casablanca","Anas Benbrahim","15heures 30 et l'agence est fermée,  aucun contrôle de la maison mère,  ils font ce quils veulent et ternissent l'image de Orange","il y a 4 ans"
"23","Casablanca","ichrak ait taleb","Agents accueillant ayant le sens du service","il y a 2 ans"
"23","Casablanca","Mustapha El azzaoui","Très bon service","il y a un an"
"23","Casablanca","Najat Sarhrawi","Juste c'est le plus proche","il y a 5 ans"
"23","Casablanca","Amine Dimachki","bien","il y a 2 ans"
"23","Casablanca","mohamed alloula","Bon service","il y a 2 ans"
"23","Casablanca","Yassine Arbouny","Nul","il y a 5 ans"
"23","Casablanca","Younes Bennouna","Bonne réception","il y a 4 ans"
"23","Casablanca","Ousseynou Diallo","Sénégalais","il y a un an"
"23","Casablanca","Mouhssine Ts","Un service null. Le comportement de cette employée était extrêmement provocateur et irrespectueux envers les clients. Je vous conseille de l'éviter.","il y a 3 semaines"
"23","Casablanca","Meryem","Quel manque de professionnalisme ! Quels sont vos critères de recrutement pour ces agents ? Ils ne font absolument aucun effort pour fidéliser les clients, mais expliquent comment résilier facilement. C'est inadmissible ! …","il y a un an"
"23","Casablanca","Abdullah Ebrahim","Le pire service que j'aie jamais vu ! Ils ne peuvent pas vous aider. Adressez-vous plutôt à une grande agence, ne perdez pas votre temps.","il y a 5 ans"
"23","Casablanca","Ahmed Elgahntar","Correct","il y a 4 ans"
"23","Casablanca","abdulghani daizouri","Aucun texte","il y a 7 mois"
"23","Casablanca","Zakaria Habib","Aucun texte","il y a 8 mois"
"23","Casablanca","Khalid Belaasli","Aucun texte","il y a un an"
"23","Casablanca","Rajaa Zaki","Aucun texte","il y a un an"
"23","Casablanca","abdoun el mahdi","Aucun texte","il y a un an"
"23","Casablanca","Hondobon Goungou","Aucun texte","il y a 2 ans"
"23","Casablanca","Akram Mbarak","Aucun texte","il y a 2 ans"
"23","Casablanca","Amale boutayeb","Aucun texte","il y a 2 ans"
"23","Casablanca","Youssef Mo","Aucun texte","il y a 4 ans"
"23","Casablanca","Taher Sadikin","Aucun texte","il y a 4 ans"
"23","Casablanca","Oussama Harous","Aucun texte","il y a 4 ans"
"23","Casablanca","Med Boujamaa","Aucun texte","il y a 5 ans"
"23","Casablanca","abderrahim Benmoussa","Aucun texte","il y a 5 ans"
"23","Casablanca","rabie zerhouni","Aucun texte","il y a 5 ans"
"23","Casablanca","houssame Eladraoui","Aucun texte","il y a 5 ans"
"24","Casablanca","sanchez sia","A fuir a se demander a quoi sert le service après vente et le service client !!! Pour vous expliquer : problème technique de la box sachant que la carte sim de la box est chargé d'un montent de 300 dh cette dernière fonctionne tres bien …","il y a 7 mois"
"24","Casablanca","Ayman Khelif","Pire expérience. Je leur demande un abonnement fibre optique. Je signe, il me disent qu'un technicien va passer dans 2 jours max. Le désastre commence là: les techniciens viennent, me disent que le cable chez moi bloque quelque part et il …","il y a 8 mois"
"24","Casablanca","Wafae F","Le Monsieur blond avec lunettes à l'agence est très professionnel. Je voulais la fibre mais apparemment dans ma ruelle à derb ghallef y a pas de fibre. Merci pour l'amabilité, le professionnalisme, d'avoir passé un très long moment pour …","Modifié il y a un an"
"24","Casablanca","Sanae El Allaoui","Service Horrible, Demande de portabilité jamais effectuée; On s'est permis d'envoyer la demande d'exécution à mon ancien opérateur avant d'activer mon numéro!  Pire, on me renvoie depuis le matin en me disant que les délais de traitement …","il y a 5 ans"
"24","Casablanca","Ryme El Maslouhi","Un service client inexistant et laissant à
desirer..
J'ai dû faire l aller retour 2 fois pour une demande de résiliation de ma ligne! …","il y a 2 ans"
"24","Casablanca","Mehdi Attaf","Le service client m’a dirigé vers une agence Orange pour une demande de déménagement de ma ligne fibre, quand je suis arrivé à cette agence, j’ai été surpris qu’ils ne faisaient pas déménagement …","il y a 3 ans"
"24","Casablanca","Mohammed ETTAOUIL","Service null et personnel incompétent, le Mr n'est pas à l'agence on l'attend 20 minutes pour nous donner de faux renseignements on nous disant que l'offre en question n'est plus disponible sadderna bel3arbya et il s'en fout carrément. Bref mauvaise experience !!!","il y a 4 ans"
"24","Casablanca","Ettore Dimarul","Pire opérateur du Maroc cela fait 10jours j'ai pas internet chez moi et il ne font rien","il y a un an"
"24","Casablanca","I A","Mauvaise expérience des agents commerciaux qui ne sont pas crédible la ligne 121 fait semblant qu'il écoute et traite les réclamations alors quils n'ont pas le pouvoir d'agir ainsi les responsables du service après vente se cachent toujours …","il y a 5 ans"
"24","Casablanca","Fatima","Merci pour le service.  Ils m'ont depanné pendant les  fêtes et week end.","il y a 2 ans"
"24","Casablanca","Guillaume Benard","Accueil nul et mauvais conseils.","il y a 8 mois"
"24","Casablanca","Thomas Franck Hermann GUIRAUD","Problème technique dans l’agence, sans donner un quelconque délai et me priant de me rendre immédiatement dans une autre agence.","il y a 2 ans"
"24","Casablanca","Ahmed Achraoui","Service impeccable surtout le jeune homme qui porte les lunettes","il y a 2 ans"
"24","Casablanca","TECTOB ETUDE","Mauvaise Service après vente.","il y a 2 ans"
"24","Casablanca","hamza ray","Ne respecte pas les horaires du travail","il y a 2 ans"
"24","Casablanca","Sge Stilmole","Une honte","il y a 2 ans"
"24","Casablanca","El Mehdi Ayad","Très occupé sur son téléphone","il y a 3 ans"
"24","Casablanca","Youssef Oumoulid","Mauvaise service","il y a 2 ans"
"24","Casablanca","Younes Bennouna","Mauvaise","il y a 4 ans"
"24","Casablanca","Mohammed Chokry","Je souhaite partager mon expérience en tant que client, car la situation devient vraiment préoccupante …","Modifié il y a une semaine"
"24","Casablanca","noureddine elkhayati","La pire agence que j'aie jamais fréquentée.","il y a 3 ans"
"24","Casablanca","HM PROFESSOR","Bonne réception","il y a un an"
"24","Casablanca","Anass Boupouchi","Le pire service","il y a un an"
"24","Casablanca","THEMAM CAR RENTAL","Le service Orange est bon.","il y a 2 ans"
"24","Casablanca","Bensalaf Abdelilah","il y a un certain relâchement dans le service","il y a 5 ans"
"24","Casablanca","Taoufik Boutaleb Joutey","Aucun texte","il y a 7 mois"
"24","Casablanca","Dalal Souhail","Aucun texte","il y a un an"
"24","Casablanca","Pascal Waser","Aucun texte","il y a un an"
"24","Casablanca","Reda El haimer","Aucun texte","il y a 2 ans"
"24","Casablanca","Junior Klaus Dorlea MOMBO-NZAHOU","Aucun texte","il y a 3 ans"
"24","Casablanca","Fatima Fatima","Aucun texte","il y a 5 ans"
"24","Casablanca","Yassine Zitouni","Aucun texte","il y a 5 ans"
"24","Casablanca","nizar nouiakh","Aucun texte","il y a 5 ans"
"24","Casablanca","Abderrazak Ghalbouni","Aucun texte","il y a 6 ans"
"25","Casablanca","Hasnaa BOUDARED","Merci beaucoup à l’agence pour son excellent accueil et son professionnalisme.
Service rapide, efficace et personnel très aimable. Je recommande vivement!","il y a 2 mois"
"25","Casablanca","Thami Saihine","Service impeccable et professionnel, merci pour votre accueil 👍👍👍 …","il y a un mois"
"25","Casablanca","Saida Boudared","Meilleur service","il y a 2 mois"
"25","Casablanca","Salima EL MOKAFIH -Morocco-","Bonjour à vous ,
Je ne comprends pas ce comportement des personnes qui travaillent chez vous , aujourd'hui l'Etat nous demande de rester à la maison et j'ai acheté une carte et …","il y a 6 ans"
"25","Casablanca","Omar","C’est tout simplement la meilleure boutique Orange de tout Casablanca. J’habite au SUD de Casablanca, ça fait loin mais croyez-moi ça vaut le déplacement. En plus on se déplace une seule fois et le reste c’est tout par téléphone avec la …","il y a 2 ans"
"25","Casablanca","zahira boudlal","En date du 30/06/2022 j ai recharge 120 dhs  sur mon tel malheureusement et d un seul coup le solde s est échappé et je n ai même pas consommé un centime.
Depuis ce jour je n ai arrêté de contacter le service clientèle 01/07  et 04/07 …","il y a 3 ans"
"25","Casablanca","Albert Cohen","De passage au Maroc pour un déplacement professionnel, j'ai sollicité les services de cette agence pour une carte sim, le service était juste incroyable. La jeune dame m'a très bien expliqué et orienté, j'ai pu repartir avec une carte sim …","il y a 4 ans"
"25","Casablanca","Anouar Lakzaini","Très bon service, mes lignes professionnelles ont été activées très rapidement, ainsi que la fibre, je recommande vivement.","il y a 4 ans"
"25","Casablanca","Jason Bourne","Très bonne qualité de service sérieux et professionnalisme je recommande vivement","il y a 6 ans"
"25","Casablanca","imad akhlij","Merci Orange pour le service","il y a un an"
"25","Casablanca","Khamri Mostafa","Très bon service 👍 …","Modifié il y a 2 ans"
"25","Casablanca","Sara Saddiqi","Très bon service","il y a 2 ans"
"25","Casablanca","Fatima Zahra","Bonne qualité et très bon service ❤👌👌👌 …","Modifié il y a 2 mois"
"25","Casablanca","derfili hasan","Agence à la hauteur, personnel souriant, Merci.","il y a 4 ans"
"25","Casablanca","Yassine Douib","Personnel très accueillant et compétant","il y a 4 ans"
"25","Casablanca","Khalid chamrahi","Bon service .","il y a 3 ans"
"25","Casablanca","REDA AKEL","C'est bien","il y a 9 ans"
"25","Casablanca","Reda Tech","Service rapide","il y a 2 ans"
"25","Casablanca","abdelali nasr","Bon servic👏 …","il y a 4 ans"
"25","Casablanca","Salaheddine Tijane","Agance c fermé ?????","il y a 8 ans"
"25","Casablanca","azedsdine fardas","Top services","il y a 4 ans"
"25","Casablanca","Bouchaib ALI","Un lieu de service téléphonique","il y a 6 ans"
"25","Casablanca","Revue Presse (Journaliste KARIM)","Les services offerts par cette agence sont excellents et le service client irréprochable. Mes amis et moi, qui avons déjà fait appel à leurs services à titre professionnel, partageons le même avis et la même satisfaction. C'est pourquoi je …","il y a 2 mois"
"25","Casablanca","Amine Elkake","Excellent accueil, merci.","il y a 2 mois"
"25","Casablanca","mouad fetahi","Service excellent","Modifié il y a un mois"
"25","Casablanca","El ouahabi Anass","Traiter au niveau","il y a 2 mois"
"25","Casablanca","Said Hatik","Excellent service, merci beaucoup et bonne chance !","il y a 2 ans"
"25","Casablanca","Laaroussi Adil","Boutique A7san Orange","il y a 2 mois"
"25","Casablanca","BLACKʕ•ᴥ•ʔ CAT","Malheureusement, le traitement était inapproprié.","il y a 4 ans"
"25","Casablanca","Zakaria Akhezzan","Service excellent","il y a 2 ans"
"25","Casablanca","Brahim Chafaa","Bon service","il y a 3 ans"
"25","Casablanca","Badr Mizo","Transaction claire et explicite","il y a 4 ans"
"25","Casablanca","M hamed","bon service","il y a 4 ans"
"25","Casablanca","Zekri Karim","Accueil convivial","Modifié il y a 7 ans"
"25","Casablanca","Boulman Mohamed","Services faciles","Modifié il y a 2 ans"
"25","Casablanca","jarox","mauvais service","il y a 2 ans"
"25","Casablanca","ZA CH","Pas très bon","il y a 5 ans"
"25","Casablanca","Simo Herradi","M.h123450","il y a 10 ans"
"25","Casablanca","Mustapha akzaou","haut","il y a 4 ans"
"25","Casablanca","aziki jamal","Aucun texte","il y a 2 mois"
"25","Casablanca","WALID AZOUAZ","Aucun texte","il y a 2 mois"
"25","Casablanca","Amine OUKKAS","Aucun texte","il y a un an"
"25","Casablanca","SONIA GLEZ","Aucun texte","il y a 3 ans"
"25","Casablanca","saida bdrd","Aucun texte","il y a 4 ans"
"25","Casablanca","salah isdaoune","Aucun texte","il y a 4 ans"
"25","Casablanca","Issam","Aucun texte","il y a 4 ans"
"25","Casablanca","Hamid Klat","Aucun texte","il y a 4 ans"
"25","Casablanca","Abdou Abderrahman","Aucun texte","il y a 4 ans"
"25","Casablanca","Khadija Naouar","Aucun texte","il y a 4 ans"
"25","Casablanca","Oussama ZIANE","Aucun texte","il y a 4 ans"
"25","Casablanca","Younes Elkhattat","Aucun texte","il y a 5 ans"
"25","Casablanca","Mohamed Amine Ech-Chakery","Aucun texte","il y a 5 ans"
"25","Casablanca","Ali Elkhal","Aucun texte","il y a 6 ans"
"25","Casablanca","Zouheir Atif","Aucun texte","il y a 6 ans"
"25","Casablanca","Anouar Limani","Aucun texte","il y a 7 ans"
"25","Casablanca","Moh Rochi","Aucun texte","il y a 7 ans"
"25","Casablanca","Mokhtar Hachane","Aucun texte","il y a 7 ans"
"25","Casablanca","bizoura mohamed","Aucun texte","il y a 7 ans"
"25","Casablanca","Harman Valdes","Aucun texte","il y a 9 ans"
"25","Casablanca","وسم العودة","Aucun texte","il y a 9 ans"
"25","Casablanca","Amine brahim","Aucun texte","il y a 9 ans"
"25","Casablanca","ادريس اسمي","Aucun texte","il y a 9 ans"
"25","Casablanca","Mostafa Mostafa","Aucun texte","il y a 9 ans"
"26","Casablanca","Mehdi Mehdi","Aucun texte","il y a 9 mois"
"27","Casablanca","Mikel KG","Le service était parfait et la dame au guichet très à l’écoute merci encore","il y a 5 mois"
"27","Casablanca","Adnan","Tres bon service et merci beaucoup mr hicham","il y a 9 mois"
"27","Casablanca","lina sabirisoth","la personne à l'accueil est minable , irrespectueuse. C'est bien dommage","il y a un an"
"27","Casablanca","HTL dev","L'agence ne se trouve pas exactement a l'endroit indiqué et plus j'ai trouvé l'agence férmée a 13h30 contairement a ce qui est indiqué sur cet fiche","il y a 4 ans"
"27","Casablanca","Maryam Mellal","La personne a l'accueil Irrespectueux, mauvais service malheureusement","il y a un an"
"27","Casablanca","Imrane Kasmi","Bon service et accueil très gentil","il y a un an"
"27","Casablanca","reese maabich","Informations erronées, partielles, approche contractuelle flou. Service déplorable","il y a 2 ans"
"27","Casablanca","Lotfi Slaoui","Très mauvais accueil !","il y a 2 ans"
"27","Casablanca","Elba Iman","Catastrophique","il y a 9 mois"
"27","Casablanca","Lola Tia","Un grand merci aux conseillers,Hafsa et Hicham, de l'agence orange val fleuri, pour leur patience et leur gentillesse. C'est un réel plaisir d'être accompagné par des personnes aussi compétentes et souriantes. Ne changez rien, vous faites un excellent travail","il y a 3 jours"
"27","Casablanca","belghiti rachid","Excellent service de la part du personnel de cette agence en particulier Mr Hicham et Madame Hafsa","il y a 3 jours"
"27","Casablanca","riyan fabre","Boutique et personnel au soin ! Rapide efficace je recommande Hafsa","il y a 6 jours"
"27","Casablanca","Grace Sharp","Les employés de cette agence d'Orange sont aimables et serviables. Cependant, l'entreprise dans son ensemble est déplorable. Leur connexion Wi-Fi à domicile a été interrompue neuf fois en un an. Lorsque j'ai voulu résilier mon contrat, j'ai …","il y a 8 mois"
"27","Casablanca","Moad","J'ai récemment eu la malheureuse expérience avec Orange et je me suis senti obligé de partager ma déception avec d'autres personnes concernant leurs services. Dès mon arrivée, j'ai compris que quelque chose clochait. La réceptionniste, dont …","il y a 2 ans"
"27","Casablanca","Justas Valantinavičius","Fermé à l'heure prévue. Il est 15h20 samedi, et personne ne travaille.","il y a 2 ans"
"27","Casablanca","Kamal Elghaffari","Cela fait un mois que j'essaie d'obtenir la fibre optique et je ne l'ai toujours pas reçue. De quel genre de service s'agit-il ?","il y a 7 mois"
"27","Casablanca","Hicham Hicham","Franchement, j'ai été très impressionné par l'accueil et la clarté des explications concernant les offres disponibles. Un grand merci !","il y a un an"
"27","Casablanca","bebe star","Bon accueil et bon traitement. Merci. Je suis très satisfait.","il y a un an"
"27","Casablanca","tony flores","Pas ouvert pendant les heures affichées","il y a 2 ans"
"27","Casablanca","Yassine Aqchach","Aucun texte","il y a un an"
"27","Casablanca","ELMAHDI LAYMED","Aucun texte","il y a un an"
"27","Casablanca","media energy","Aucun texte","il y a un an"
"27","Casablanca","FADIL Ayoub","Aucun texte","Modifié il y a 2 ans"
"27","Casablanca","Redouane Antaky","Aucun texte","il y a 2 ans"
"27","Casablanca","Mohamed Afkir","Aucun texte","il y a 2 ans"
"27","Casablanca","Orange Digital (Distributeur Télécom)","Aucun texte","Modifié il y a 3 ans"
"27","Casablanca","Amine Boukarine","Aucun texte","il y a 4 ans"
"27","Casablanca","Karama Mourad","Aucun texte","il y a 4 ans"
"27","Casablanca","hicham kasmi","Aucun texte","il y a 4 ans"
"28","Casablanca","znakhchen Alias i","Désormais j'ai vécu une très mauvaise expérience avec la conseillère de cette boutique ! Malheureusement je suis pas le seul à contesté, très désagréable, un acceuil froid,
Pas digne de ce job!","il y a 2 ans"
"28","Casablanca","Medi","Agence professionelle et tres bon service","il y a 4 ans"
"28","Casablanca","Hamza Amouche","Très bon service","il y a 2 semaines"
"28","Casablanca","Zakia Hamza","Très bon service","il y a 3 semaines"
"28","Casablanca","Houda Elhamadchi","Très bon service à l’agence ainsebaa srtt la fille qui m’a aidée très gentille et professionnel
Merci beaucoup","il y a 3 semaines"
"28","Casablanca","Fatima Safer","La réceptionniste du bureau est très aimable et accueillante envers tout le monde, et elle vous laisse suffisamment de temps pour comprendre.","il y a 3 semaines"
"28","Casablanca","Youness Ouaqdi","Très bon service","il y a 3 semaines"
"28","Casablanca","Samir sodki","Agence très professionnelle et très bon service","il y a un mois"
"28","Casablanca","saad kaidi","Aucun texte","il y a 2 semaines"
"28","Casablanca","Wafa hadad","La meilleure agence du monde","Modifié il y a 3 semaines"
"28","Casablanca","Nordine Ben Mhand","Service excellent","Modifié il y a un mois"
"28","Casablanca","Mohssine Boukaoui","Aucun texte","il y a un an"
"28","Casablanca","قناة الجسيس علي عبدالله غبرا الرسمية","Aucun texte","il y a 3 ans"
"28","Casablanca","ayoub khila","Aucun texte","il y a 4 ans"
"30","Casablanca","nouamane kaab","Wifi d’jib acheté après 2 jours je constate que sa batterie qui est censé normalement tenir huit heures ne tient même pas deux heures. Je reviens à la boutique pour demander un échange de batterie et la dame me dit ´que c’est trop tard on …","il y a 8 mois"
"30","Casablanca","Abdellah Zaid","personnels non polyvalant
mauvaise comunication et mauvais acceuil","il y a 2 ans"
"30","Casablanca","adil saber","Agence et gérant agréables !","il y a un an"
"30","Casablanca","Ossama Benbouidda","Un service client qui laisse globalement à désirer","il y a 4 ans"
"30","Casablanca","Maha Amouri","❤️❤️❤️❤️🫡🫡🫡🫡🫡 …","il y a un mois"
"30","Casablanca","Abou Adam","Aucun texte","il y a un mois"
"30","Casablanca","Sara Anouar","Aucun texte","il y a un mois"
"30","Casablanca","wallas cosmos","Aucun texte","il y a un an"
"30","Casablanca","abderazzak zarayak","Aucun texte","il y a 3 ans"
"31","Casablanca","RABIAAH RAHOUI","C'est du n'importe quoi...c'est fermé alors que je me suis tapé un long chemin","il y a 2 mois"
"31","Casablanca","med reda","Service tres mauvais, je ne recommande pas cette agence!! J’ai fait une demande dans cette agence a laquelle je n’ai pas encore eu de réponse jusqu’à présent, tandis que dans une autre agence, ma demande a été traitée et j’ai déjà eu l’installation de fibre optique faite","il y a 7 mois"
"31","Casablanca","SOLUTION TELECOM","Merci Mme SARA pour votre service, l'installation de mon abonnement Fibre optique dans le meilleur délai","il y a un an"
"31","Casablanca","معمل قفطان و جلابة المغرب","Tres Bon Service","il y a 3 mois"
"31","Casablanca","Moi Moi","Merci bcp sara","il y a un an"
"31","Casablanca","sabir elmeskine","Service de client est nul","il y a un an"
"31","Casablanca","Zakaria Shaki","Merci sara","il y a un an"
"31","Casablanca","Mostafa Bensassi","Bien","il y a 4 ans"
"31","Casablanca","mohamed malki","Le service est excellent et toutes les démarches se déroulent sans accroc. Je me sens comme en famille.","il y a un an"
"31","Casablanca","Mouad Boussengar","Service excellent","il y a 2 mois"
"31","Casablanca","said moha","Le service client est bon et conforme aux normes.","il y a 4 ans"
"31","Casablanca","Houda Mouttalib","Il était fermé aujourd'hui !","il y a 3 ans"
"31","Casablanca","amine fahhal","Aucun texte","il y a un an"
"31","Casablanca","Âzza officiel","Aucun texte","il y a un an"
"31","Casablanca","gesat gesat","Aucun texte","il y a un an"
"31","Casablanca","Jabrane Mouad","Aucun texte","il y a un an"
"31","Casablanca","Mostapha Adib","Aucun texte","il y a 3 ans"
"31","Casablanca","M hamed","Aucun texte","il y a 4 ans"
"31","Casablanca","Abdelkrim Sahmi","Aucun texte","il y a 4 ans"
"31","Casablanca","chouioukh mhamed","Aucun texte","il y a 4 ans"
"31","Casablanca","Nabil Echerki","Aucun texte","il y a 4 ans"
"31","Casablanca","Aissam Lgharoui","Aucun texte","il y a 5 ans"
"31","Casablanca","Masaba Masaba","Aucun texte","il y a 5 ans"
"32","Casablanca","Rihab Meziaty","Agence fermée à 10h10 alors que l'horaire d'ouverture est affiché à 9h. Aucun personnel sur place, rideau baissé, impossible d'obtenir des informations. Très décevant pour un service censé être accessible aux clients.","il y a 8 mois"
"32","Casablanca","mohamed el mouatassim","Très mauvais service. Kaydwi m3ak o mnefekh. Mauvais personnel","il y a 7 mois"
"32","Casablanca","Omar Felgata","Personnel incompétent et pas serviable,je suis alle a une autre agence ,ils ont traite le probleme vite et le persinnel accueillant et serviable bravo à eux ils se trouvent au prince moulay abdellah ´","il y a un an"
"32","Casablanca","hajar bouzit","Le monsieur sur place est gentil serviable il nous a tout expliqué je recommande","il y a 2 ans"
"32","Casablanca","Tolga Günaydın (“guidetolga”)","Vente de cartes invalides. Fraude","il y a 2 ans"
"32","Casablanca","Othmane Maouji","Aucun texte","il y a 5 mois"
"33","Casablanca","Rim Mah","Des étiquettes pour l’installation de la fibre Orange ont été collées sur ma maison sans aucune autorisation. Il s’agit d’une propriété privée et personne ne m’a demandé mon accord. J’ai des photos comme preuves. Merci de respecter les habitants et de demander l’autorisation avant d’intervenir.","il y a un mois"
"33","Casablanca","Zahra B.","Très bon service. Personnel à l'écoute du besoin réel et de bons conseils.
5 étoiles pour la disponibilité et les très bonnes explications concernant les différents abonnements et Pass
Merci.","il y a 2 ans"
"33","Casablanca","Miloud Benherref","Très bon service.","il y a 4 ans"
"33","Casablanca","Rachid Boufous","Ras","il y a 4 ans"
"33","Casablanca","Samira Amrhar","Merci pour le service et l'excellent accueil 🙏 …","il y a un an"
"33","Casablanca","Ambulance fast","Service impeccable 👍🏻 Bonne continuation …","il y a 2 ans"
"33","Casablanca","Fati Fati","Merci pour votre service, et pour votre écoute et votre accueil chaleureux.","il y a 5 ans"
"33","Casablanca","abderrahmane oubaha (“OubahaOfficial”)","bien","il y a 4 ans"
"33","Casablanca","Roslane M","Aucun texte","il y a 11 mois"
"33","Casablanca","Amira A","Aucun texte","il y a 11 mois"
"33","Casablanca","Ayoub TAleb","Aucun texte","il y a un an"
"33","Casablanca","Ahmed Hamza Zaki","Aucun texte","il y a 2 ans"
"33","Casablanca","MOHAMED ABDRMA","Aucun texte","il y a 3 ans"
"33","Casablanca","Haj KARIM","Aucun texte","il y a 3 ans"
"33","Casablanca","Hassan Oumoumad","Aucun texte","il y a 4 ans"
"33","Casablanca","ام الياس علياء","Aucun texte","il y a 4 ans"
"33","Casablanca","Jouana Clémence Mendy","Aucun texte","il y a 4 ans"
"33","Casablanca","Ahmed Oumari","Aucun texte","il y a 4 ans"
"33","Casablanca","Rachid ERAHHALI","Aucun texte","il y a 4 ans"
"33","Casablanca","Aziz Bouhaja","Aucun texte","il y a 4 ans"
"33","Casablanca","Adam Anass","Aucun texte","il y a 4 ans"
"33","Casablanca","inox verre","Aucun texte","Modifié il y a 4 ans"
"33","Casablanca","Elpha Kouame","Aucun texte","il y a 4 ans"
"33","Casablanca","CABINET JURIDIQUE BNIAICH2","Aucun texte","il y a 4 ans"
"33","Casablanca","Kevin","Aucun texte","il y a 4 ans"
"33","Casablanca","Mohamed Id ali","Aucun texte","il y a 4 ans"
"33","Casablanca","Ahmed Lamnai","Aucun texte","il y a 5 ans"
"33","Casablanca","Hicham Aito","Aucun texte","il y a 5 ans"
"33","Casablanca","Mostafa Boumlik","Aucun texte","il y a 5 ans"
"33","Casablanca","Anas Siham","Aucun texte","il y a 5 ans"
"33","Casablanca","Abdnour ait lamalem","Aucun texte","il y a 5 ans"
"33","Casablanca","Ahmed El kibir (STYLING.CAR)","Aucun texte","il y a 5 ans"
"33","Casablanca","JALAL JAWAD","Aucun texte","il y a 5 ans"
"33","Casablanca","Anis Bouqfar","Aucun texte","il y a 5 ans"
"33","Casablanca","Anass K.","Aucun texte","il y a 6 ans"
"33","Casablanca","Kam Nass","Aucun texte","il y a 6 ans"
"34","Casablanca","omar zahiri","Bonjour,
Je suis très satisfait, du comportement du vendeur Mr KHALID LACHGAR Magasin Ben Omar 743 Maarif pour tout le parcours ... …","il y a un an"
"34","Casablanca","Ho Si","Bonjour,
Je suis  Trés satisfait du vendeur
Mr khalid lachgar Magasin ben Omar …","il y a un an"
"34","Casablanca","ait hamou driss","Bonjour,
Merci de visiter l'agence BenOmar Maarif
Pour vous accompagner à réaliser vos besoins Orange, pour moi je suis très …","il y a un an"
"34","Casablanca","Afamor","Bonjour
Je suis très satisfait du comportement du vendeur Mr KHALID LACHGAR agence Ben Omar 743 maarif
Merci.","il y a un an"
"34","Casablanca","Walid Kabbourim","Bonjour
Je suis tres satisfait du vendeur Mr Khalid Lachgar agence Benomar Maarif
Merci","il y a un an"
"34","Casablanca","tarek izmousse","Impeccable.  Professionnalisme et maîtrise de si khalid lachgar ( agence benomar) du produit. Temps de prise en charge record avec des explications pointues","il y a un an"
"34","Casablanca","Karim Sabbar","bonjour
bonne service je remercie mr khalid
agence ben omar maarif","il y a un an"
"34","Casablanca","Mounir Baali","Merci beaucoup pour le bon service, très satisfait, agence ben omar maarif","il y a un an"
"34","Casablanca","Enangnon Serge MONTCHO","Bonjour
Je suis très satisfait du vendeur Mr Khalid Lachgar agence Ben Omar Maarif","il y a un an"
"34","Casablanca","Mohamed Reda HAFDAOUI","Trés bon service","il y a un an"
"34","Casablanca","Mohamed Amine Ezzaki","Ben Omar est une personne formidable, il fait de son mieux pour servir le client.","il y a 7 heures"
"34","Casablanca","Azedine Jbara","Aucun texte","il y a un an"
"35","Casablanca","mohammed sabir","Hassan ,très serviable,toujours souriant","il y a 6 ans"
"35","Casablanca","Med Caza","bon acueil et service","il y a 4 ans"
"35","Casablanca","Jalal Assaf","Professionnels!!","il y a 4 ans"
"35","Casablanca","RACHID ACHIR","Très, très bon","il y a 4 ans"
"35","Casablanca","majdouli med","UN","il y a 4 ans"
"35","Casablanca","عوينةawina Omarعمر","Aucun texte","il y a 5 mois"
"35","Casablanca","Aziz Aarab","Aucun texte","il y a 3 ans"
"35","Casablanca","Nahla Kaoutar","Aucun texte","il y a 3 ans"
"35","Casablanca","Id benomar Yassine","Aucun texte","il y a 4 ans"
"35","Casablanca","Zahid Bentaleb","Aucun texte","il y a 5 ans"
"35","Casablanca","Amin Rfk","Aucun texte","il y a 5 ans"
"35","Casablanca","Ysf Solo","Aucun texte","il y a 5 ans"
"35","Casablanca","Abdo Weldlhaj","Aucun texte","il y a 5 ans"
"35","Casablanca","Tamer abdelkabir","Aucun texte","il y a 5 ans"
"35","Casablanca","Safaà Ouri","Aucun texte","il y a 5 ans"
"36","Casablanca","Abdo BENMOUHAINE","Depuis le 23/08/2025, ma ligne est hors service à cause de travaux Orange dans le secteur. Malgré plusieurs relances, toujours aucune solution. Si ça continue, je vais résilier toutes les lignes de ma société. Je conseille à tout le monde …","il y a 7 mois"
"36","Casablanca","Boutika RB","Toujours la même expérience et pareil que les deux autres opérateurs principaux dans notre chèr pays...la première fois pour s'abonner tu es la bienvenue et tout se passe très bien après la signature du contrat et après 3 ans  4 ans de …","il y a un an"
"36","Casablanca","abderrahmane nor","Pour résilier j'ai du me déplacer depuis dar bouazza a cette adresse , et puis une fois sur place j'ai rempli le formulaire et le mec sur place m'a bien dit que tout est ok. …","il y a 3 ans"
"36","Casablanca","Yahia Echihabi","Sans mentir le service est super agréable pas de perte de temps tout mes abonnements passe par cette agence merci bonne continuation 👌🙏 …","il y a un an"
"36","Casablanca","Abel Elab","Salam alikom,
Je suis client d'orange plus que vingt ans,et je suis reconnaissant de cette agence pour le service …","il y a un an"
"36","Casablanca","karim sekkal","Je suis très satisfait du service de cette agence toujours toop merci et bonne continuation 🙏🙏🙏 …","il y a un an"
"36","Casablanca","Jihane Azzouzi","Service nuuuul! Ça fait 5jours que la fibre ne marche pas chez moi et aucun retour apres 10000 reclamations","il y a 2 ans"
"36","Casablanca","mohamed makel","Très satisfait du service de cette agence, toujours disponible pour n'importe quelle information.","il y a un an"
"36","Casablanca","Amina Abid","Service très bas et nul au agence imilzola à revoir","il y a 2 ans"
"36","Casablanca","youssef touham","Une très bonne expérience je suis satisfait","il y a un an"
"36","Casablanca","bio amine","La connexion wifi  ne marche pas à bouskoura !!!!","il y a 2 ans"
"36","Casablanca","Mustapha Messaoudi","Bon","il y a 3 ans"
"36","Casablanca","Vic Castleton","Le 6 mars 2023, je suis arrivé à 9h30, c'était fermé. On dirait que ça n'ouvre jamais ! Quelle perte de temps d'avoir marché 25 minutes pour y arriver !","il y a 3 ans"
"36","Casablanca","Ahlame Zahid","Mauvais service - ils m'ont également laissé attendre 14 jours d'affilée pour réparer mon wifi","il y a 3 ans"
"36","Casablanca","Alexandra Lessa","J'ai rapidement activé mon forfait internet (plus de Go que prévu, un bonus appréciable !).","il y a 2 ans"
"36","Casablanca","just a stranger","Ce lieu n'existe pas, sachez qu'il s'agit d'un troll et non d'une véritable agence.","il y a 5 ans"
"36","Casablanca","Oudib Oudib","La pire entreprise de télécommunications de tous les temps","il y a 4 ans"
"36","Casablanca","asem","😍👍 …","il y a 4 ans"
"36","Casablanca","Mohamed Chahbouni","Aucun texte","il y a 4 mois"
"36","Casablanca","Ayoub Tabit","Aucun texte","il y a 4 mois"
"36","Casablanca","Hasna Badaoui","Aucun texte","il y a 5 mois"
"36","Casablanca","Savio Ben","Aucun texte","il y a 7 mois"
"36","Casablanca","Laila Laila","Aucun texte","il y a un an"
"36","Casablanca","Pierre Junior REVIGNET-INGUEZA","Aucun texte","il y a un an"
"36","Casablanca","driss elkheffari","Aucun texte","il y a 3 ans"
"36","Casablanca","RACHID RAJAWI","Aucun texte","il y a 3 ans"
"36","Casablanca","abdellah Ouazri","Aucun texte","il y a 3 ans"
"36","Casablanca","Soumia eddamsria","Aucun texte","il y a 3 ans"
"36","Casablanca","Boutalib Mod","Aucun texte","il y a 3 ans"
"36","Casablanca","Mohamed Taha Mejbar","Aucun texte","il y a 3 ans"
"36","Casablanca","Mohammed Moujibe","Aucun texte","il y a 4 ans"
"36","Casablanca","Cookie","Aucun texte","il y a 4 ans"
"36","Casablanca","AL MEHDI MOUHAMED MEZIAT","Aucun texte","il y a 5 ans"
"36","Casablanca","Mohamed Elbrahmi","Aucun texte","il y a 5 ans"
"37","Casablanca","hasna elbaggar","Inacceptable ! Je me suis déplacé à 11h du matin pour me rendre à l’agence Orange et je l’ai trouvée fermée sans aucun mot, aucune explication. C’est un manque total de respect pour les clients. À quoi servent les horaires affichés si …","il y a 8 mois"
"37","Casablanca","Emiradéle","Sincerement vous feriez mieux de virer ce monsieur à ce post , sur 20demandes jamais au plus grand jamais 1 seule n’a été résolue, tu veux « une Box rupture de stock carte sim rupture de stock, machine ne marche pas , problème système, …","il y a un an"
"37","Casablanca","Ahmed Amine Bousnane (A736)","Il semble que votre système soit dépassé, datant des années 80, ou alors que votre service clientèle trouve constamment des excuses pour éviter de travailler. Je suis confronté à des va-et-vient incessants pour obtenir une eSIM sous …","il y a 2 ans"
"37","Casablanca","imanee idaam","Il m’a dit que il existe pas le dar box de 199 juste pour prendre celui qui est à 400 et il m’a pas répondu à mes questions clairement comme si il sait pas exactement le produit","il y a un an"
"37","Casablanca","Jamal Benbouziyane","L'agent est accueillant et ne manque de professionnalisme. Il m'a vendu deux services d'une manière fluide et charmante.
Dr Benbouziyane","Modifié il y a 4 ans"
"37","Casablanca","Papa Omar Diouf","Une boutique tout le temps fermée, accueil zéro , incompétent.","il y a un an"
"37","Casablanca","Hamza Youssoufi","Très bon service ! professionnel et à la hauteur.","il y a 2 ans"
"37","Casablanca","Rokhy Ly","Dommage que les paiements soient souvent en panne","il y a 4 ans"
"37","Casablanca","Ibrahima Thiam","Service rapide et efficace","il y a 7 ans"
"37","Casablanca","Cisse Mor","Un peu bien","il y a 5 ans"
"37","Casablanca","Mohamed AKAYA","Own shop Orange Maroc","il y a 5 ans"
"37","Casablanca","Anas Redouane","Service médiocre, le monsieur ne répond pas aux demandes comme il convient.","il y a 2 jours"
"37","Casablanca","Andi Mitia Fanoa RAZAFINDRABE","Incompétent, personnel impolie, mauvais accueil et expérience.
Si possible à éviter","il y a 4 semaines"
"37","Casablanca","Badjer Rileey","Service client déplorable.

L'agence donne l'impression d'être ouverte uniquement de nom, sans fournir de …","il y a 3 mois"
"37","Casablanca","Mourad El Marssi","Agence incompétente, toutes les demandes ne sont pas satisfaites, les hommes à l'accueil se prennent pour des rois !","il y a un mois"
"37","Casablanca","جواد الساقي","Bonjour, j'ai bien reçu une carte SIM Wi-Fi de votre part, mais elle ne fonctionne toujours pas.","il y a 3 mois"
"37","Casablanca","ZForm","Service vraiment déplorable. Ils prennent une pause de 2 heures, de 13h à 15h. Quand j'ai demandé à être servi à 13h20 et que j'ai expliqué que c'était la quatrième fois que je venais à 13h et qu'on me disait de revenir, ils se sont mis à …","il y a 3 ans"
"37","Casablanca","leo simo","Service nul","il y a 7 mois"
"37","Casablanca","Netflixaccount","Grossier et non professionnel. 👎 …","il y a un an"
"37","Casablanca","TOUNKARA AMADOU","Aucun texte","il y a 5 mois"
"37","Casablanca","Amadou","Aucun texte","il y a 5 mois"
"37","Casablanca","Am","Aucun texte","il y a 5 mois"
"37","Casablanca","mehdi Oumous","Aucun texte","il y a un an"
"37","Casablanca","Youssef El Amaoui","Aucun texte","il y a 2 ans"
"37","Casablanca","Hiba HB","Aucun texte","il y a 2 ans"
"37","Casablanca","DAMMAK Rayen","Aucun texte","il y a 4 ans"
"37","Casablanca","NABIL ARAYBECH","Aucun texte","il y a 4 ans"
"37","Casablanca","Tb Kasber","Aucun texte","il y a 4 ans"
"37","Casablanca","oussama lariouch","Aucun texte","il y a 4 ans"
"37","Casablanca","Benchekroune Khalil","Aucun texte","il y a 4 ans"
"37","Casablanca","Yassine Sadellah","Aucun texte","il y a 5 ans"
"37","Casablanca","Abdelouadoud Didi","Aucun texte","il y a 5 ans"
"37","Casablanca","Imane Essahel","Aucun texte","il y a 5 ans"
"37","Casablanca","Rachid Belaidi","Aucun texte","il y a 5 ans"
"37","Casablanca","merouane","Aucun texte","il y a 6 ans"
"37","Casablanca","Imad Chaobi","Aucun texte","il y a 6 ans"
"37","Casablanca","Hamid IGUELDISSEN","Aucun texte","il y a 6 ans"
"37","Casablanca","Gohan ssj int","Aucun texte","il y a 6 ans"
"37","Casablanca","Yvan Grébé","Aucun texte","il y a 6 ans"
"37","Casablanca","Nicolas Facello","Aucun texte","il y a 6 ans"
"38","Casablanca","rania Lf","Pour la première fois, j’ai vraiment aimé le service. L’accueil était chaleureux, le personnel était professionnel et très respectueux. Je me suis sentie à l’aise et bien prise en charge. Merci beaucoup! 👏🏻 …","il y a 2 mois"
"38","Casablanca","Ghrissi Driss","Un vrai service client.
Les filles sont tres serviables a l’écoute.
A dupliquer dans ttes les agences oranges.
Merci 🙏🙏 …","il y a 4 mois"
"38","Casablanca","OUJDA TELECOM","Très serviable surtout si vous trouvez  le hajj  abdellah  le gérant historique de magasin  bon explications  pour  les forfaits  disponibles  cher Orange  bon orientation  vers ce que  vous  voudrais et n'oubliez  pas l'autre  équipe …","il y a 2 ans"
"38","Casablanca","c'est moi","Service catastrophique a éviter","il y a 4 mois"
"38","Casablanca","Maison A&Z","bon service et bon accueil merci bcp  magnifique agence orange 👍👍👍 …","il y a 2 ans"
"38","Casablanca","Hiba Mouwahid","Un service de qualité","il y a 8 mois"
"38","Casablanca","Khadija Riame","Mauvaise expérience des personnes I responsable du foutage de gueule honte à vou","il y a 3 ans"
"38","Casablanca","Fatah Rca","Tres Bon service ❤️","il y a 2 ans"
"38","Casablanca","Daroune Abdelftah","Service très satisfait 😁 …","il y a 2 ans"
"38","Casablanca","RACHID KAZIM","Paix
Tout mon respect aux personnes qui travaillent dans cette agence. Elles ont un sens aigu du devoir, un respect mutuel et prennent le temps de comprendre mes …","il y a 2 ans"
"38","Casablanca","Salma Jaja","Une agence formidable en termes de traitement, de communication, de perfectionnement, de compréhension, d'appréciation, de respect et d'intégrité. Merci, Agent Abdelrahman.","il y a 2 ans"
"38","Casablanca","Abdourrahmane Boulaanait","Des services de qualité, et surtout un excellent service après-vente.","il y a une semaine"
"38","Casablanca","Noureddine OFF","Le service était extrêmement difficile ❤️","il y a un mois"
"38","Casablanca","Hafsa Miad","Aucun texte","il y a un an"
"38","Casablanca","Omar Ouaritini","Aucun texte","il y a un an"
"39","Casablanca","ILLICO PRODUCTION","Très bon accueil
Service rapide
Personnel compétent","il y a 2 mois"
"39","Casablanca","Hind Elmahmoudi","Aucun texte","il y a 2 mois"
"39","Casablanca","Chorouk Samaki","Aucun texte","il y a 2 mois"
"40","Casablanca","Othmane Alla","La fibre d’orange est la fibre la plus nulle que j’ai vue de ma vie elle est lente elle se casse tout le temps je ne vous la recommande surtout pas je donnerai même 0 étoile","il y a un an"
"40","Casablanca","Wac Chakir","Bien","il y a 9 mois"
"41","Casablanca","Abderrahim BOULAAJOUL","Code vendeur : RN08596. Faites attention de cette personne, elle m'a confirmé que j'aurais une remise de 50% sur les 3 premières factures or que l'offre avait ete deja expirée 1 mois avant. Aujourd'hui a ma surprise je recois la premiere …","il y a 3 ans"
"41","Casablanca","Soumia Sefrioui","Il vaut mieux fermer cette agence. C est une honte pour orange… un chargé  de clientèle avec des lunettes nous annonce toujours sans se gêner « système hors service 7 jours sur 7 » 0 professionnalisme, 0 sourire et 0 tact…Waww c est un prétexte pour ne pas faire son boulot…Vivement l agence Morroco Mall.","il y a 2 ans"
"41","Casablanca","Rachid ELKHATRI","la jeune demoiselle qu'elle a été à l'accueil ce matin (elle porte le foular ) est vraimenet nule j ai venu pour prendre des rensigniment pour un 2eme abonnement darbox et malheureusement la jeunne demoiselle n avait pas le temps ou plutot …","il y a 5 ans"
"41","Casablanca","Hajar Voyage","Bien accueilli
Bonne service
Excellente expérience
Merci orange","il y a un an"
"41","Casablanca","Maha Jawhari","La politesse, c’est gratuit","il y a un an"
"41","Casablanca","Elhassan Darid","Mavais actuellement","il y a 5 ans"
"41","Casablanca","Elijah Berzem","La personne responsable du service a laissé le magasin à moitié fermé… J'ai interpellé l'agent de sécurité et lui ai dit que le magasin devait être ouvert et que cette personne devait revenir rapidement. Après 30 minutes, toujours rien. Veuillez consulter les avis et prendre des mesures… c'est très inadmissible…","il y a 2 ans"
"41","Casablanca","fara everprosper","J'ai fréquenté la boutique Orange du Marina Mall. La vendeuse (j'ai oublié son nom) a été très serviable dès notre arrivée à Casablanca. Elle nous a été d'une grande aide et nous a conseillé le forfait idéal.","il y a un an"
"41","Casablanca","W S","Je suis venu dans ce magasin pour la troisième fois afin de recharger mon crédit. Les deux employés que j'ai rencontrés étaient tous deux maussades et sérieux. Ils ne savent pas sourire. J'imagine qu'ils ne veulent pas être dérangés par les clients.","il y a 2 ans"
"41","Casablanca","Виктор Стопалов","Ma carte SIM a été récupérée par son « ancien propriétaire ». Évitez cet endroit à tout prix, vous risquez de vous faire arnaquer.","Modifié il y a un an"
"41","Casablanca","Dahlan Sarl","Ma Hajar m'a offert un excellent service.","il y a 9 mois"
"41","Casablanca","Tom James","Je suis assis ici depuis 30 minutes et il n'y a littéralement personne.","il y a 3 ans"
"41","Casablanca","Hassan Akbli","Aucun texte","il y a un an"
"41","Casablanca","lamiaa El aiguel","Aucun texte","il y a un an"
"41","Casablanca","Mehdi Laraki","Aucun texte","il y a 2 ans"
"42","Casablanca","MERZOUK Anis","Un agent très serviable et gentil
Conseils pratiques, politesse et courtoisie, je recommande.","il y a 6 mois"
"42","Casablanca","Mohamed Esslimy","La vous ne serez pas déçu.le service commercial comme il faut vous ne serez pas déçu.","il y a 4 ans"
"42","Casablanca","Mahdi Ouhoud","Un agent par agence? Sérieusement?","il y a 2 ans"
"42","Casablanca","Abdelhak Meftah","Meilleurs services","il y a 4 ans"
"42","Casablanca","mostafa chnaidr","Voici mon magasin Orange ; vous pouvez y payer vos factures et acheter des abayas et des routeurs.","il y a 5 ans"
"42","Casablanca","Khalil Foulani","Bon service client","il y a 5 ans"
"42","Casablanca","Rania MO","Pas mal","il y a 5 ans"
"42","Casablanca","عبد القادر abdelkader","Meilleur programme","il y a 4 ans"
"42","Casablanca","Abdelhnin mardie","Aucun texte","il y a 4 ans"
"42","Casablanca","Issam Bdl","Aucun texte","il y a 4 ans"
"42","Casablanca","Machkour Mo","Aucun texte","il y a 4 ans"
"42","Casablanca","Hakim Eddadsi","Aucun texte","il y a 5 ans"
"42","Casablanca","Ahmed Safiri","Aucun texte","il y a 5 ans"
"42","Casablanca","karim aqesbi","Aucun texte","il y a 5 ans"
"43","Casablanca","omar chaouki","Très bon service 🙏 …","il y a un an"
"43","Casablanca","Rachid Yacoubi","Excellent accueil, si Dieu le veut.","il y a 2 mois"
"43","Casablanca","Soufiane Jari","Aucun texte","il y a 2 mois"
"43","Casablanca","Wald Casa","Aucun texte","il y a 2 ans"
"44","Casablanca","Oussama EL MAACHI","L'attitude inadmissible d'un agent de votre boutique Orange, négligeant ses responsabilités, reflète un grave manque de professionnalisme et nuit à l'image de votre enseigne. Des mesures disciplinaires sont vivement attendues.","il y a un an"
"44","Casablanca","abdou alaoui","Agence M. Farid Mers Sultan

Service client exceptionnel 5 étoiles ✅✅✅","il y a 2 semaines"
"44","Casablanca","Mohammed Ankoudi","Aucun texte","il y a 6 mois"
"45","Casablanca","El Ali","Très mauvais service
Personne non professionnelle","il y a 5 mois"
"45","Casablanca","Med Mes","Personne non professionnel du tout","il y a 6 mois"
"45","Casablanca","Said Saki","Ça fait 5 mois que je n'ai pas de connection
J'attends encore
Veuillez faire le nécessaire
Merci d'avance","il y a 5 ans"
"45","Casablanca","khattab khalid","l'offre est très faible","il y a 4 ans"
"45","Casablanca","ABDESSAMAD","agence  orange","il y a 6 ans"
"45","Casablanca","Amine Arif","Mauvais service","il y a 3 ans"
"45","Casablanca","Morad Wedad","Aucun texte","il y a 4 mois"
"45","Casablanca","Medo Ya","Aucun texte","il y a 5 ans"
"45","Casablanca","مرشد محلي سياحة","Aucun texte","il y a 5 ans"
"45","Casablanca","AOUACHI Abderrazak","Aucun texte","il y a 5 ans"
"45","Casablanca","abdennacer lebsir","Aucun texte","il y a 5 ans"
"46","Casablanca","ABDEL GHAFOUR","Aucun texte","Modifié il y a 8 mois"
"46","Casablanca","MEH GHACHA","Aucun texte","il y a 8 mois"
"47","Casablanca","Ilyas Aintomar","La damme qui travaille à cette agence est tout sauf professionnelle. Elle prend le paiement sans passer la commande qu'après une semaine et avec un dossier tout erroné. J'ai annuler l'abonnement après la période d'angagement à cause d'elle. …","il y a un an"
"47","Casablanca","Yassir Mafhoum","La porte est déjà fermé a 18:50 😏 …","il y a un an"
"47","Casablanca","Mehdi Elkheffari","Réactive","il y a 3 ans"
"47","Casablanca","Soumia Motii","Aucun texte","il y a 3 ans"
"48","Casablanca","Omar ALAMI OUALI","Je souhaite souligner le professionnalisme exemplaire de Souad Fadil lors de ma visite à l’agence Orange Maroc. Son expertise, son écoute attentive et sa capacité à proposer des solutions adaptées à mes besoins ont rendu cette expérience …","il y a un an"
"48","Casablanca","Thomas LAMMENS","Aucun texte","il y a 2 mois"
"48","Casablanca","Selim Lahlou","Aucun texte","il y a un an"
"48","Casablanca","Latifa EL QEBBAJ","Aucun texte","il y a un an"
"48","Casablanca","Yassir Mafhoum","Aucun texte","il y a un an"
"49","Casablanca","The Shooter","Je me suis rendu à cette agence Orange située sur l’avenue Mohammed V au rue mohammed diouri Casablanca afin d’acheter une carte SIM Internet au prix de 199 dirhams, tel qu’indiqué sur le site officiel d’Orange, sans matériel, puisque je …","il y a 2 mois"
"49","Casablanca","Mariama Teddy DIOUF","Samir le vendeur est très calme et professionnel !
L’agence n’est pas mal et le service est rapide.
Je suis satisfaite","il y a 2 ans"
"49","Casablanca","Khadija Moaad","Aucun texte","il y a 2 mois"
"49","Casablanca","samir tenni","Aucun texte","il y a 2 mois"
"50","Casablanca","chaimaa Okch","Très déçue du service Orange en général, et de cette agence en particulier. Le personnel manque d’écoute, et la jeune femme en charge s’est montrée hautaine et peu professionnelle. …","il y a 10 mois"
"50","Casablanca","Ayoub Zfr","J'ai été la bas a 09h45  pas encore ouvert","il y a un an"
"50","Casablanca","Dina Dynya","2em fois je viens, kal9ahoum sadin... ne sont pas professionnel !!! 7chouma o 3ib o 3ar y7elou o ysedou we9t li bghaw !!!!","il y a 5 mois"
"50","Casablanca","Wissam Salem","Le service client est extrêmement sympathique, le seul problème est que l'endroit est un peu petit, donc à plus de deux clients, le magasin devient vite bondé.","il y a 2 ans"
"50","Casablanca","MARIA SM","Ils ne respectent pas leurs horaires. Je suis allée deux jours de suite à 18h30 et 18h35, et c'était toujours fermé. C'est très peu professionnel. …","il y a un an"
"50","Casablanca","Ayoub Dkhissi","J'y suis allé deux fois ! Ils étaient censés être ouverts, mais la porte était fermée et il n'y avait personne. Service déplorable.","il y a un an"
"50","Casablanca","Pierre","Aucun texte","il y a un an"
"52","Casablanca","Ayoub Ounass","16:45 hadi o ba9i ma jach

Il est 16h45 et ce n'est toujours pas ouvert","il y a un an"
"52","Casablanca","Sara RD","Service excellent et de grande qualité","il y a un mois"
"52","Casablanca","ran lr","Aucun texte","il y a un mois"
"53","Casablanca","SOLUTION TELECOM","Je remercie Mme SARA pour votre service, vs êtes à l'écoute, le problème est résolu dans une 1 heure","il y a un an"
"53","Casablanca","Ami Ne","Très bon service","il y a 2 ans"
"53","Casablanca","Nour Z.G.I","Aucun texte","il y a 8 mois"
"53","Casablanca","Ayoub Hamdouchi","Aucun texte","il y a 8 mois"
"53","Casablanca","Sarita Shaki","Aucun texte","il y a 9 mois"
"53","Casablanca","Ayoub Naggar","Aucun texte","il y a un an"
"53","Casablanca","mouad lahbib","Aucun texte","il y a 2 ans"
"53","Casablanca","rachid ait salah","Aucun texte","il y a 2 ans"
"55","Casablanca","Yassine Safraoui","Aucun texte","il y a une semaine"
"55","Casablanca","Amin Bar","Aucun texte","Modifié il y a un mois"
"55","Casablanca","Casa Blanca","Aucun texte","il y a un mois"
"56","Casablanca","Amjad Fakhri","👏🏻 …","il y a 9 mois"
"57","Casablanca","K B","La responsable d'agence est très agréable, à l'écoute et donne de très bon conseilles
Merci","il y a 3 mois"
"57","Casablanca","Rachid Soumairi","Accueil au niveau","il y a 8 mois"
"57","Casablanca","Abdelilah LAABAR","Aucun texte","il y a 4 mois"
"58","Casablanca","Abdo Achhoubi","Le service était bon et respectait les normes établies par le gouvernement en matière de santé !","il y a 5 ans"
"58","Casablanca","Simo Saifeddine","Aucun texte","il y a 5 mois"
"58","Casablanca","Yaël METOGHO","Aucun texte","il y a 4 ans"
"58","Casablanca","Malak Taoussi","Aucun texte","il y a 4 ans"
"58","Casablanca","Meriem Elkacimi","Aucun texte","il y a 5 ans"
"58","Casablanca","aziz habazzane","Aucun texte","il y a 5 ans"
"58","Casablanca","all might","Aucun texte","il y a 5 ans"
"60","Casablanca","Mehdi Moussa","La responsable d’agence m’a très mal parlé et regardait son téléphone en même temps. Je suis venu la voir pour un problème de wifi et elle m’a dis de voir avec le service commercial par téléphone sans aucune explication. Pas de bonjour ni au revoir. À quoi sert cette agence ?","il y a 3 ans"
"60","Casablanca","Tarik","Personne dans l’agence catastrophique ! Il faut la changer au plus vite et recruter quelqu’un motivé à rendre service aux clients Orange.","il y a 3 ans"
"60","Casablanca","Mark","J'ai visité Orange à deux reprises à cet endroit et les deux messieurs ont été très serviables, Youness en particulier.","il y a un an"
"60","Casablanca","Abdessamad Blibli","Localisation incorrect","il y a 6 mois"
"60","Casablanca","khalid bakkaja","Aucun texte","il y a un an"
"60","Casablanca","Yain Baj","Aucun texte","il y a 3 ans"
"62","Casablanca","nouhaila jafri","Aucun texte","il y a 6 mois"
"63","Casablanca","Najia Nouga","Aucun texte","il y a 4 ans"
"64","Casablanca","Fahssy Safaa","Mauvaise expérience, je ne recommande pas cette entreprise. J’ai fait une demande d’installation de la fibre le 21/01 et, aujourd’hui, le 29/01, je n’ai toujours reçu aucun appel. Le commercial m’avait pourtant assuré que les techniciens …","il y a 2 mois"
"64","Casablanca","Ain Essaber","Zéro qualité de service, zéro professionnalisme","il y a un mois"
"66","Casablanca","Marie rose ABEN NGA","Votre agence de ferdaous, mauvais service , les conseillères clientèle impolies , mal éduquées, répondent très mal aux clients, raccroche au nez du consommateurs. Pour envoyer une équipe installer le wifi plus de 48 et elles ont l’audace de dire qu’elles ont trop de travail elles n’ont pas que ça à faire. Je suis déçu du service","il y a 2 ans"
"66","Casablanca","Alan Merlo","Ils ont été extrêmement impolis avec moi parce que mon français n'est pas très bon.","il y a un an"
"66","Casablanca","Simo Med","Excellent","il y a un an"
"66","Casablanca","Mar Ouane","Aucun texte","il y a 2 ans"
"66","Casablanca","kawtar ALIFDAL","Aucun texte","il y a 2 ans"
"66","Casablanca","m Farouki","Aucun texte","il y a 3 ans"
"66","Casablanca","MVI Hamza","Aucun texte","il y a 4 ans"
"68","Casablanca","abdelhakim El hamidi","Bjr
J ai acheté deux mois connection internet ,
Mais il ya plus de connectiô","il y a 7 mois"
"68","Casablanca","Abdellah Matar","Bonjour,
j'ai fais une demande pour un transfert de ma ligne fibre orange, suite à un déménagement . la commerciale en agence ne connait pas la procédure du déménagement …","il y a 3 semaines"
"68","Casablanca","ELIDRISSI Youssef","Très mauvaise expérience.
Pas de lumière, pas de Wi-Fi, pas de monnaie.
La dame qui travaille là-bas est arrogante.","il y a 6 mois"
"68","Casablanca","ahmed amellass","Orange dans cette zone ? À éviter…","il y a 6 mois"
"68","Casablanca","Musa Isa","Aucun texte","il y a 2 jours"
"69","Casablanca","Alexandre Blk","Personnel incompétent, la dame à l’accueil m’a mal expliqué mon abonnement et était désagréable. De plus, elle m’a demandé de la payée 250 Dirhams sauf que après vérification de mes factures Orange, le montant était de 200 Dirhams. Boutique à fuir.","il y a 11 mois"
"69","Casablanca","Touria Rahane","il y a une gentille et serviable employée je l'en courage et je la remercie pour son aide","il y a un an"
"69","Casablanca","Youssef","SERVICE IMPECCABLE, FILLE QUI PROPOSE MEILLEURE OFFRE QUI RÉPOND AUX BESOINS, MERCI BEAUCOUP","il y a 2 ans"
"69","Casablanca","Miloud EL MAROURI","Se trouve à côté d'un cyber. Il paraît que ça marche. Bon continuation","il y a 3 ans"
"69","Casablanca","Moulayomar Kadiri","Dommage trop petit pour le quartier","Modifié il y a un an"
"69","Casablanca","Ayoub Attini","Mauvaise opérateur","il y a 11 mois"
"69","Casablanca","abandarat S.O.S chef","Quelques services rendus","il y a 3 ans"
"69","Casablanca","Adnane Bouhajbine","Toopp","il y a 3 ans"
"69","Casablanca","Smayo Abdou","Aucun texte","il y a 2 mois"
"69","Casablanca","Abdelhak Elkhalouki","Aucun texte","il y a 5 mois"
"69","Casablanca","Mourad Chibane","Aucun texte","il y a 5 mois"
"69","Casablanca","Youssef Laanaya","Aucun texte","il y a 7 mois"
"69","Casablanca","Dr Najib Benjelloun","Aucun texte","il y a 7 mois"
"69","Casablanca","Taoufik Bj","Aucun texte","il y a 2 ans"
"69","Casablanca","Atae Sabate","Aucun texte","il y a 2 ans"
"69","Casablanca","Ayoub Baazzi","Aucun texte","il y a 2 ans"
"69","Casablanca","Abdo Mohsen","Aucun texte","il y a 3 ans"
"69","Casablanca","Hassan Bouhajbine","Aucun texte","il y a 5 ans"
"70","Casablanca","Klimou Gam","Je suis navré de vous informer que ma visite à la boutique Orange maroc a été extrêmement décevante. J'ai été déçu de la solution qui m'a été apportée pour résoudre mon problème. …","il y a 2 ans"
"71","Casablanca","Youness Benahmed","Bonjour,
Vers 14h30 j'ai fait une visite a votre agence et je peux vous dire que j'ai été choqué par l'attitude de la fille qui était au bureau, mal sens commercial, …","il y a un an"
"71","Casablanca","samir arjoune","M. Abdelghani est un homme aimable, toujours à votre service. Je le contacte pour toute question et il y répond immédiatement. Merci.","il y a 2 ans"
"71","Casablanca","Parakeet M","J'ai essayé de les joindre pour obtenir des renseignements, mais ils n'ont pas répondu. Ils ne respectent pas leurs clients. Je ne recommande pas cette agence.","il y a 2 ans"
"71","Casablanca","HICHAM MOUAD","Que la paix soit avec vous tous.

Malheureusement, ils ne méritent aucune étoile. Pourquoi ? Tout simplement parce qu'ils ne répondent pas au téléphone.","il y a 2 ans"
"72","Casablanca","Amine Hanyn","Merci pour les agents qui travaille a cette agence","il y a 6 mois"
"72","Casablanca","Omar Jouay","J ai eu l occasion de visiter l'agence c'était Bon le service","il y a 8 mois"
"72","Casablanca","Salma Mimid","Mouvaise service toujours le système ça marche pas entre midi et 14h
Vraiment hchoma","il y a 7 mois"
"72","Casablanca","doha mandour","Personnel accueillant et tres bon service","il y a 8 mois"
"72","Casablanca","Jacques Loussouarn","Acceuil catastrophique 2 personnes pour 10 clients …. Je pense que c’est la même société orange française ….je suis parti au bout d’une heure …. Déçu","il y a 2 ans"
"72","Casablanca","Ismail Kechouri","Très bon service","il y a 8 mois"
"72","Casablanca","MUSTAPHA KECHOURI","Très bon service","il y a 8 mois"
"72","Casablanca","Aymen El Idrissi","Équipe réactive et serviable 👌🏼 …","il y a un an"
"72","Casablanca","Oumaima Zrr","Personnelles à la hauteur","il y a 8 mois"
"72","Casablanca","Toretto","Terrible service. La dame entre ouvre la porte et me parle étant dehors, me bloquant l’entrée. Répondant à mes questions que pour s’en débarrasser, refuse de prendre ma réclamation en tant que client de la fibre Orange. Me redirige vers le …","il y a une semaine"
"72","Casablanca","jawad sat for","Bon service ou service défectueux","il y a 2 mois"
"72","Casablanca","Star Game","Bon service merci","il y a 7 mois"
"72","Casablanca","RED X SHOP","Bon service","il y a 7 mois"
"72","Casablanca","youness rami","Service nul","il y a un an"
"72","Casablanca","Moad MORTADI","Aucun texte","il y a 3 mois"
"72","Casablanca","Tarik Rbihi","Aucun texte","il y a 5 mois"
"72","Casablanca","Abderrahman BAHADOU","Aucun texte","il y a 10 mois"
"72","Casablanca","Karim Rachid","Aucun texte","il y a un an"
"73","Casablanca","Seddik Assaas","Je ne peux pas vraiment les noter ni leur attribuer un nombre d'étoiles, mais je peux dire que leur service était excellent. Ces jeunes hommes étaient très professionnels et courtois. Que Dieu les bénisse et qu'ils soient nombreux. Ils sont vraiment très appréciés.","il y a 2 ans"
"73","Casablanca","Youness Kabbab","Aucun texte","il y a un an"
"73","Casablanca","Latifa Daghmani","Aucun texte","il y a un an"
"74","Casablanca","Safaa Rhezzali","Service décevant.
Une personne clairement incompétente travaille dans cette agence. Je m’y suis rendue pour régler un problème de fibre optique et j’ai demandé à ce qu’une …","il y a 9 mois"
"74","Casablanca","abdelfettah latifi","Très satisfait.","il y a un an"
"74","Casablanca","Mr Hicham","Très satisfait","il y a un an"
"74","Casablanca","kaidi nabil","Aucun texte","il y a un an"
"75","Casablanca","el mahdi lafdi","Excellente expérience avec l’agence, en particulier avec Madame Nezha !
Elle est très professionnelle, accueillante et toujours à l’écoute. Grâce à elle, tout s’est passé de manière claire, rapide et agréable. …","il y a 6 mois"
"75","Casablanca","Mohammed Madih","Merci à l’agent qui s’est occupé de moi pour son professionnalisme et sa gentillesse. Je recommande","il y a 3 mois"
"75","Casablanca","new Mood","Je recommande la boutique surtout lbent li tema (Zineb)  super professionnelle gentille et accueillante allah isehel 3liha","il y a 4 mois"
"75","Casablanca","Fatimazahra Barghach","Le vendeur, M. Tariq, était très professionnel. Le problème de Wi-Fi a été résolu avec succès. Merci.","il y a un mois"
"76","Casablanca","ABDEL GHAFOUR","Agence Commercial","il y a 10 mois"
"77","Casablanca","Mohammed Alouane","Aucun texte","il y a 4 semaines"
"78","Casablanca","شهيوات جميلة الجبلية","Aucun texte","il y a un mois"
"79","Casablanca","Nohaila Soulane","Bonjour,
Je suis vraiment déçue par l’accueil de la secrétaire à l’agence Orange. Son attitude manque de professionnalisme et de courtoisie. Au lieu d’aider les clients …","il y a 6 mois"
"79","Casablanca","Sanad psycho-tourisme","service extrêmement mauvais","il y a 8 mois"
"79","Casablanca","Fikri Lamiaa","Service 0","il y a 10 mois"
"79","Casablanca","Ilyas Afoulous","bon service","il y a un an"
"79","Casablanca","reda nouamane","Mauvais service","il y a 2 ans"
"79","Casablanca","Issam Semmah","Aucun texte","il y a 4 mois"
"79","Casablanca","Mayssa Meknassi","Aucun texte","il y a 2 ans"
"81","Casablanca","Zouheir Atif","Fermé et ne respectant pas les horaires","il y a 7 mois"
"83","Casablanca","Wuro e Ladde","Le business model de cette agence est rien moins que surprenant: vendre au maximum, avec peu ou pas de service technique. Quid de la satisfaction du client? Avec Orange, et au Maroc, on devrait s’attendre à un meilleur service. Loin de moi …","il y a 11 mois"
"83","Casablanca","Aboubaker B","Café italien","il y a 5 ans"
"83","Casablanca","les Buddies","Aucun texte","il y a 9 mois"
"83","Casablanca","Mehdi Elkheffari","Aucun texte","il y a 3 ans"
"88","Casablanca","Elvmehdi","J’ai souscrit une demande de fibre chez Orange le 11 août avec un délai annoncé de 10 jours pour l’installation. Plus de 3 semaines après, toujours aucune intervention ni information claire. C’est inadmissible qu’une grande entreprise comme Orange ne respecte pas ses engagements et laisse ses clients sans suivi sérieux. Très déçu.","il y a 7 mois"
"88","Casablanca","Rachid Ac","Je remercier infiniment Mr. Jamal pour son professionalisme et pour son suivi serieusement de mon dossier autant que nouveau client d'Orange,
merci encore une fois 👍 …","il y a 2 mois"
"88","Casablanca","Karim B","Installation rapide, équipe professionnelle.
Un grand changement.
Service remarquable
Bravo!","il y a 8 mois"
"90","Casablanca","Kawtar Benchiguer","Mauvaise expérience avec ADSL Orange, ça fait 10 jours que nous n’avons pas d’internet sachant que toutes nos factures sont réglées. Nous sommes partis à l’agence aucune solution, on a appelé le technicien, il est venu 2 fois et il nous a …","il y a 6 mois"
"90","Casablanca","Wuro e Ladde","J’ai eu d’amères expériences avec Orange Maroc et Orange Money Maroc. A peine atterri à Casa, je saute sur le kiosque orange de l’aéroport pour acheter 3 puces pour ma famille, confortés par les expériences positives avec Orange dans …","il y a 6 mois"
"90","Casablanca","Hassan Adib","Service très décevant. J’ai demandé la portabilité le 30 avril et reçu ma SIM Orange le 3 mai. Ma ligne a été coupée le 5 mai et depuis je suis sans service. Plusieurs appels au service client, promesses non tenues. Aucun respect pour le client.","il y a 11 mois"
"92","Casablanca","HASSNA BIZRANE","Petite expérience “intéressante” avec Orange

Aujourd’hui, j’ai appris quelque chose d’intéressant : …","il y a un mois"
"92","Casablanca","Farid El Mouhsine","Je suis  agréablement surpris par la qualité du service à l’agence Orange Andalous.
Mon problème de fibre a été pris en charge avec une rapidité exceptionnelle et …","il y a 5 mois"
"93","Casablanca","Hassan Gharbi","Salutations respectueuses a orange et à tout les membres de personnelles j était et toujours bien reçu et bien servie","il y a 3 ans"
"93","Casablanca","A K","Les agents du service client ne sont absolument pas professionnels du tout, dit-il, comment vous pouvez fournir des services et ils ne connaissent pas les bases des services. Vous cherchez simplement à collecter des paiements mais à résoudre des problèmes, vous ne pouvez pas.","il y a 10 mois"
"93","Casablanca","Oussama LAABIDI","Aucun texte","il y a 3 semaines"
"94","Rabat","Mohamed el alami","Bon accueil bon service mérite l'attention les commerciaux sont recommandable","il y a un an"
"94","Rabat","LE M","Service beaucoup trop lent, il faudrait vraiment améliorer ce point.","il y a 7 mois"
"94","Rabat","Naim Ettayebi","Eafakm chno had chi rah vrmt c ma 2e fois wana knji agence service ghzaaaal bzzzzf kntmna ybqaw haka pour tjrs 🙏🏻❤️ …","il y a 9 mois"
"95","Rabat","Hammou","1. La localisation est fausse, le magasin se situe au sein du centre commercial (et non pas sur la rue Oued Fes) …","il y a 6 mois"
"95","Rabat","Ghita Majdoub","Une agence très professionnelle, sérieuse et à l’écoute. Un grand merci tout particulièrement à Yassmine pour son accompagnement, sa disponibilité et son professionnalisme. Elle a su me guider avec efficacité et bienveillance, ce qui m’a mise totalement en confiance. Je recommande vivement cette agence","il y a 4 mois"
"95","Rabat","Nurzat Baigazieva","J'ai attendu 20 à 25 minutes, et l'employé a tout simplement refusé de recharger mon compte sans donner d'explication. Il restait encore une heure avant la fermeture. Un service déplorable ! On perd son temps et on est traité de la sorte, et ce n'est pas la première fois.","il y a 5 mois"
"96","Rabat","Abdel","Ca fait plus de 15 jours que j’ai lancé une demande pour fibre optique en allant sur place a chaque fois, lancé premiere fois la dame a donné de fausses informations a mon employé qui était parti a la récolte d’info, pour rapidement se …","il y a 2 mois"
"96","Rabat","Ihssan himich","Nous nous sommes présentés à deux reprises pendant les horaires d’ouverture et nous avons trouvé l’agence fermée à deux reprises. Nous avons été informées que la responsable a été prendre sa pause déjeuner à 15h15, or une pause est déjà prévue de 13h à 15h. À quoi bon annoncer un horaire s’il n’est pas respecté ? C’est inadmissible!","il y a un an"
"96","Rabat","jafa samir","Bjr agence à éviter absolument, toujours le meme prétexte système en panne !!! On doit pas prendre les gens pour des cons, j ai refait le teste plus que 15 fois décalé dans temps et toujours le même prétexte, je vous conseille agence Fal Ould Amir le top du top gentillesse et service","il y a 10 mois"
"97","Rabat","Lalla Rkia El idrissi","Service top
Mademoiselle fatima est à  l'écoute très serviable et suit les demandes des adhérents jusqu'à  aboutissement du résultat final.
mes sincères remerciements à cette jeune.","il y a un an"
"97","Rabat","hicham mouhacine","La demoiselle est très professionnelle et courtoise. Le service est rapide et elle n'hésite pas à donner des informations avec sérieux et sourire.
Merci.","il y a un an"
"97","Rabat","Houda Semlali","J'ai eu affaire à Mme Fatima . Responsable et expérimentée . Grâce à elle , on a pu trouver l'origine du problème et on a pu avoir la ligne . J'ai fait 2 abonnements . Je suis amplement satisfaite du service .","il y a un an"
"98","Rabat","Rejean Beauchamp","Service correct pour un forfait internet très convenable et économique pour mon épouse. …","il y a 3 mois"
"98","Rabat","Achraf Saber","La pire agence Orange que j’aie jamais visitée.
Le personnel manque totalement de sens de l’accueil, de politesse et de professionnalisme. …","il y a 5 mois"
"98","Rabat","maha Maha","A l’heure où ils doivent être ouverts , c’est ferme et il y a personne","il y a 2 mois"
"99","Rabat","Driss Benmoussa","Je n'en crois pas mes yeux ! Je suis passé pour remplacer un routeur fibre optique défectueux. Bien qu'ils ne l'aient pas eu en stock (la demande officielle n'a donc pas pu aboutir), l'équipe a fait preuve d'un professionnalisme rare. Le …","il y a 2 mois"
"99","Rabat","SCALPER OMAR","Service absolument scandaleux. Personnel arrogant, irrespectueux et incapable de faire son travail.
Aucune aide, aucune écoute, juste du mépris total envers les clients.
Une expérience honteuse, je déconseille fortement cette agence.","il y a 2 mois"
"99","Rabat","Nassour Djerbo Mourno","Meilleur accueil et une qualité de service exceptionnelle. Mention spéciale à Mehdi.","il y a 2 mois"
"100","Rabat","Chaymae Youzouti","Rien à dire : une vraie qualité de service Mme nada.","il y a 2 mois"
"100","Rabat","Marouane Brahim","Très bonne expérience avec un bon service merci bcp nada","Modifié il y a 2 mois"
"100","Rabat","Jhon Wick","Merci bcp une belle agence avec un bon service merci orange","il y a 2 mois"
"101","Rabat","zakia lalaoui","Service après vente nul, j'avais contracté un abonnement professionnel fin décembre 2025, je voulais prendre avec un smartphone moyenne gamme et on m'a conseillé le Redmi A3 que j'ai pris pour 1000 dirhams, depuis mai il commence à montrer …","il y a 7 mois"
"101","Rabat","Ismail Say","Service et accueil excellents ; j'espère que cela restera toujours ainsi.","il y a un an"
"102","Rabat","lamia oulkadi","Bon accueil.  Très bon service. L'agent d accueil est serviable et professionnelle.","il y a 3 mois"
"102","Rabat","Salma Idrissi","Je tiens à remercier particulièrement les deux dames pour leur professionnalisme exceptionnel. Chaque fois que j'ai eu besoin d'aide, elles ont répondu rapidement et de manière très professionnelle. Elles ont su résoudre mes problèmes avec …","il y a un an"
"102","Rabat","Amine Boumehraz","Un grand merci à ces deux dames pour leur professionnalisme et leur accueil chaleureux. Leur sens du service et leur gentillesse rendent l’expérience en magasin encore plus agréable. Bravo pour votre excellent travail","il y a un an"
"103","Rabat","Me Don","J'étais dans cette agence  pour créer un contrat pour mon numéro Orange, et j'ai été scandalisé de découvrir qu'on m'imposait de souscrire à un forfait pour obtenir ce contrat. le personnel a refusé de procéder autrement, ce qui est …","il y a un an"
"103","Rabat","Bendalh Mouhcine","Plus de 5 jours pour brancher la fibre Optique. 45 min pour traiter ma demande. Je vais arreter mon contrat avant de se connecter .","Modifié il y a 4 ans"
"103","Rabat","Najat El","On attend depuis 7 jours pour installer la fibre optique et toujours pas de réponse, sachant qu'on est éligible bravo et merci orange","il y a 2 ans"
"104","Rabat","Souayibou Varissou","Aucun texte","il y a 4 mois"
"104","Rabat","Omar Chin","Aucun texte","il y a 6 mois"
"105","Rabat","hafid zagaoui","Très bon accueil excellent service.","il y a un mois"
"105","Rabat","Somia ammarri","Très bon service","il y a un mois"
"105","Rabat","Myriam Salhi","Bonjour je voudrais savoir si les horaires écrites sont juste vous êtes ouvert samedi de 15:30 à 20:00???","il y a 5 mois"
"106","Rabat","soufiane sabri","Je tiens à exprimer ma profonde gratitude envers cette boutique orange pour la qualité exceptionnelle des services offerts. Je souhaiterais également remercier tout particulièrement Monsieur Abdelghani pour son professionnalisme et son dévouement. Son aide précieuse a été grandement appréciée.","il y a un an"
"106","Rabat","Zahra Bedrane","Il ne fonctionne pas non plus en permanence, par exemple lorsqu'il démarre à 21h et reste allumé jusqu'à minuit, ou lorsqu'il est en mode 3ASSR 3LIK. Quand quelqu'un s'approche de moi, près de mon père, je n'ai à m'inquiéter de rien et je ne connais rien au moteur.","il y a 2 ans"
"106","Rabat","Hamza Asmar","Le personnel a des clients et fait défiler son téléphone 😐 …","il y a 6 mois"
"107","Rabat","Hasnaa Moens","Ils ne méritent même pas une étoile. Ma mère a voulu changer son abonnement pour passer à la fibre on lui refuse le changement parce que soit disant l'abonnement est sur le nom de quelqu'un qu'on connait même pas mais avec le numéro …","il y a 10 mois"
"107","Rabat","Salwa","Grande déception de l’accueil, la dame qui m’a servi est impolie elle crie sans aucune raison sous prétexte que c’est son ton normal et qu’elle va pas le changer parce que elle travaille chez orange depuis 2 ans. Je suis venue au magasin …","il y a 2 ans"
"107","Rabat","Hicham Drissi","A part Mr mohssin sur le service tech personne n'a essayé de résoudre mon problème et en plus une dame m'a rejeté directement pour consulter mon abonnement et ma ligne sachant bien que      j 'ai 3 abonnement orange 2 perso et 1 professionnel","il y a un an"
"108","Rabat","Sulli Ikhlass","Je tiens à exprimer ma profonde gratitude à la société Orange pour la qualité de ses services et son professionnalisme.
Un grand merci également à monsieur Hicham pour son accueil chaleureux, sa …","il y a 7 mois"
"108","Rabat","SOUKAINA AMARA","Bon service","il y a un mois"
"108","Rabat","Ash Ziadi","Bonne ambiance et rencontre agréable avec les costumes","il y a un mois"
"109","Rabat","M","Aucun texte","il y a 11 mois"
"109","Rabat","Taoufik yassil","Aucun texte","il y a 5 ans"
"110","Rabat","Lydia Nnomo","L’agence est fermée pourtant c’est mentionné ouvert il est 15h20","il y a 7 mois"
"110","Rabat","mustapha warchi","Je me suis adressé au Service Client Orange pour régler le problème de 4GPlus qui ne fonctionnait pas, mais...
Malheureusement, mon expérience avec votre service a été totalement …","il y a 2 ans"
"110","Rabat","Maria S","Nous sommes partis à 17h et l’agence était fermée alors que les horaires d’ouverture pendant l’après-midi sont de 15h à 21h30.
Nous voulions faire un abonnement chez eux mais ça nous pousse à douter de leur sérieux.","il y a 3 ans"
"111","Rabat","Badreddine Jebari","Trés bon services, staff professionnel, un gérant trés gentil et compréhensif.","Modifié il y a 6 ans"
"111","Rabat","nour houri","Un très bon service..","il y a 3 ans"
"111","Rabat","Anas Chraibi","Excellente agence efficace et créative","il y a un an"
"112","Rabat","David Roman","Service professionnel un geand merci à Madame Najoua une personne gentille et à l'écoute, elle m'a bien expliqué la différence entre les forfaits d'orange.
Je vous recommande cette agence","il y a 7 mois"
"112","Rabat","Brice Le Lyon","Hélas personne ne répond au numéro de cette agence dans Google. On reçoit un message nous indiquant le site web d'Orange et puis ça coupe!!","il y a 2 ans"
"112","Rabat","najoua boumelyk","👍 …","il y a un mois"
"113","Rabat","Free Man","Personnel incompétents surtout la voilée derrière son bureau, elle ne maitrise même pas ses produits ni les offres je suis venu pour une fibre, mais pas encore service là ou j’habite à Témara alors j'ai opté pour un DARBOX, elle a pris mes …","il y a 4 ans"
"113","Rabat","MONCEF CHAKIR","👍 …","il y a un an"
"113","Rabat","Amoula BUZIZ","9h39 toujours pas ouvert","il y a 4 mois"
"115","Rabat","king Robert","Le service impeccable, personnel très agréable très sympa, grande capacité d'écoute, maîtrise des procédures merci de votre professionnalisme bonne continuation.","il y a 5 ans"
"115","Rabat","Mounir","Un très bon accueil et fluidité","il y a 4 ans"
"115","Rabat","Mohamed Tafasrhi","Accueil formidable, service impeccable.","il y a 5 ans"
"119","Marrakech","Tim Aziz","« Expérience catastrophique : personnel arrogant et débit internet lamentable. Orange est à éviter absolument. Pour un service fiable et un meilleur débit, je recommande Maroc Telecom. »","il y a 2 mois"
"119","Marrakech","El hafyan Khalid","Nulle,
Je viens pour une connexion fibre optique a 11:00
Personne n'est a l'agence et s'est marqué ouvert et il ne ferme qu'à 13:00.
Bon bref nulle.","il y a 2 ans"
"119","Marrakech","IFL Sami","Service zéro!
Pas de professionnalisme.
Le commercial est tout sauf courtois, injoignable, et ne connait pas son métier! …","il y a 5 ans"
"120","Marrakech","Aymane Ahakour","Je suis allé sur place le 7 juillet 2025. Service catastrophique, je suis allé prendre un forfait à 200DH, l’agent sur place me demande de payer 240DH cash. Après lui avoir demandé pourquoi, il me dit « votre premier mois 200DH, et 40DH …","il y a 8 mois"
"120","Marrakech","Adnane El Alaoui (kechmania)","Agence Orange Massira 2 , résidence Raja.
Service et Assistante. Conseil et Démo .
Les abonnements téléphonique et Wifi et aussi vente de téléphone.
Personnels qualifié accueillant et chaleureux 👍 …","il y a 6 ans"
"120","Marrakech","Simo Simo","Bonjour
Je viens de quitter l'agence ça fait maintenant 10 minutes.l'agence était déjà fermée alors que c'est mentionné qu'elle est ouverte jusqu'à 19h30 et la personne …","il y a 3 ans"
"121","Tanger","Yannick Dubois","Premier contact au Maroc pour acheter une carte SIM locale valable 17 jours, à cheval sur deux mois, dans cette boutique Orange. Avec le recul, nous avons eu le sentiment de nous être fait avoir en payant relativement cher un abonnement …","il y a 2 mois"
"121","Tanger","Jean Paul Debout","Aucun respect du client...
Il font de grosses erreurs professionnelles et se n'est jamais de leur faute !.
Internet coupé parce que un employé orange 🍊 à oublier de mettre en fonction mon …","il y a 6 mois"
"121","Tanger","Roudabi Khadija","Mohamed amine ait jilali tbrlklh 3lih bonne service et très gentil , merci beaucoup Mohamed","il y a 7 mois"
"121","Tanger","Amal Takkal","Cette agence précisément est très malle le service zéro le comportement avec les clients est nulle les personnes qui travaillent là-bas sont mal éduqué et impolis","il y a 6 mois"
"121","Tanger","Jalal Sghir","Je suis extrêmement déçu par cette agence Orange. Ils sont constamment en rupture de stock des cartes eSIM, ce qui est très frustrant. De plus, le service des agents laisse vraiment à désirer. Ils ne sont ni serviables ni professionnels. Je …","il y a un an"
"121","Tanger","Jalal Sghir","Je suis vraiment déçu par cette agence Orange. Ils n'ont jamais de cartes eSIM en stock, ce qui est très agaçant. En plus, le service des agents est médiocre. Ils ne sont ni aimables ni compétents. Je déconseille fortement cette agence. Si vous voulez éviter des problèmes, cherchez ailleurs","il y a un an"
"121","Tanger","Yousra BAHAJI","Je suis très satisfaite du service fourni par cet agence Orange. L'accueil a été impeccable, M. Amine DOBLI était courtois, à l'écoute et très professionnel. Il a su répondre à mes questions avec clarté et efficacité, rendant l'expérience agréable et sans stress. Je recommande vivement cette agence pour leur excellent service client !","il y a un an"
"121","Tanger","Maro Kainry","Que des menteurs !
J’attends internet ça fait une semaine et toujours rien !
Quant vous souscrivez il sont à l’écoute !
Une fois abonné tout le monde s’en fou","il y a 8 mois"
"121","Tanger","Ryan Bouayadi","Grand merci à Amine de meknes d’avoir pu répondre à nos attentes et à fournir une qualité de service exemplaire. N’oubliez pas de régler la climatisation.  Le personnel tout comme le client méritent d’être dans de bonnes conditions. 15 min ont suffit pour que l’ont commence à transpirer.","il y a un an"
"121","Tanger","mounia badaoui","Je suis très satisfaite du service qui m'a été fourni. L'agent Amine Dobli a fait preuve de professionnalisme et d'efficacité tout au long de notre interaction. Merci pour cette expérience positive","il y a un an"
"122","Tanger","Basma Ben Ayad","J’ai venu pour un échange de carte SIM à l’agence Orange Drissia et vraiment je suis extrêmement satisfaite du service de l’agence Orange Drissia : accueil chaleureux, personnel professionnel et efficace, et prise en charge rapide. Une expérience vraiment impeccable !","il y a un mois"
"122","Tanger","Zaid Bakhlakh","Malheureusement, j’ai vécu l’une des pires expériences dans cette agence Orange.
Le commercial qui m’a reçu a fait preuve d’un manque total de respect et d’un …","il y a 4 mois"
"122","Tanger","oumaima ghziale","Très mauvaise expérience au sein de cette agence. Les vendeurs sont menteurs.
En 2023, j’avais la fibre optique, mais suite à mon déménagement à Tanger, il n’y avait pas de fibre dans le quartier Drissia. J’ai donc décidé de passer à …","il y a 4 mois"
"122","Tanger","Rabie Ezziani","Franchement je suis vraiment déçue de la qualité de service me suis rendu à 2 reprises à l'agence et à chaque fois je tombe sur le même commercial qui est à moitié endormi pas envie de réponde à mes questions …","il y a 5 mois"
"122","Tanger","Rida el rhiouane","J’ai récemment visité une boutique Orange et j’ai été agréablement surpris par la qualité du service. L’accueil était chaleureux et les conseillers très professionnels, prenant le temps de répondre à toutes mes questions. L’espace est bien …","il y a un an"
"122","Tanger","Elmakkaoui laila","En ce qui concerne l'accueil et la prise en charge initiale de mes besoins j'étais satisfaite, le personnel a été professionnel et réactif lors de notre premier contact, ce qui m’a donné une bonne impression. …","il y a un an"
"122","Tanger","rochdi allaoui","Je tiens à remercier l'équipe de l'agence Orange Drissia pour leur excellent service. J'ai été très satisfait de l'accueil chaleureux, de la rapidité et de la qualité du service offert. Une expérience client vraiment agréable","il y a un an"
"122","Tanger","Abdelkrim Lalaoui","Problème résolu en une minute, très satisfait du service","il y a 4 mois"
"122","Tanger","Nadia Boukhobza","Je suis très satisfaite du service fourni par cet agence Orange. Mr la bas était à l'écoute et très professionnel. Je recommande vivement cette agence pour leur excellent service.","il y a un an"
"122","Tanger","Diae El Ghzaoui","Je suis un ancien client d'orange et cette agence et l'une des raisons de rester fidèle à la compagnie, toujours servi à temps, l'équipe est très pro sur tt Mr Abdelkrim il est toujours ouvert à nos questions et multiples demandes.","il y a un an"
"122","Tanger","Hamza BOUHAYOUF","Très mauvaise service, et très mauvaise expérience, dommage qu’on ne peut pas mettre 0 étoile, les employés ne sont pas professionnels, communication zéro…","il y a un an"
"122","Tanger","Barça Fiska","Très bon service équipe serviable et bien qualifiée bravo et merci beaucoup je recommande vivement cette agence
Orange is here 🧡⚪ …","il y a un an"
"122","Tanger","Mariam","Très mauvaise expérience au sein de cette agence orange dommage qu'on ne peut pas mettre 0 étoile, on a refusé catégoriquement de rendre mon numéro de téléphone sans s'abonner à un forfait téléphonique, après plusieurs appels téléphoniques …","Modifié il y a 2 ans"
"122","Tanger","Samira Moujahid","Vendeur menteur qui vous fait acheter des abonnements inutiles pour vous soutirer de l’argent. Endroit à éviter je suis venue en vacances avec ma famille pour prendre un abonnement internet j’ai voulu recharger ma box (wifi d’jib) pour un …","il y a un an"
"122","Tanger","Sarah Kada","Très bonne expérience, l’équipe est très agréable et dynamique, je recommande vivement le service de cette agence","il y a un an"
"122","Tanger","Hajji Mohammed","Un très bon service clients, et surtout avec le nouveau responsable","il y a un an"
"122","Tanger","Fatiha beghiel","Le vendeur est super gentil et applique son travail à merveille !!","il y a 9 mois"
"122","Tanger","Naw Ks","Personnels très professionnels et attentifs, agence toujours propre. Je remercie spécialement MR. Bakr Marbahi pour son professionnalisme et son habilité 👍
Je recommande vivement cette agence ! …","il y a un an"
"122","Tanger","Mounaim El Gahem","Je suis client d'orange depuis le premier jour franchement  je suis satisfait du traitement que j'ai reçu de la part de l'agence orange Idrissia je vous souhaite du succès et de la continuité...","il y a un an"
"122","Tanger","neo neonaku","Une agréable agence avec des gens qui travaillent ailleurs très sympa très professionnelle, je recommande vivement","il y a un an"
"122","Tanger","Yunoho Nj (Yonichov)","Service rapide, cadre professionnel,  sympa et serviable, merci  à Mr Bakr de son professionnalisme et pour son aide de me fournir tous ce que j'avais besoin.
A recommander vivement.","il y a un an"
"122","Tanger","Said Ouardighi","Une équipe à saluer, très bonne qualité d'accueil et prise en charge rapide
Merci beaucoup","il y a un an"
"122","Tanger","Mouss Boughrad","La boutique est pleine de clients il y a une seul personne les autres déjeune à 15h16","il y a 9 mois"
"122","Tanger","abdelkarim elouahabi","Personnel accueillant et service au top bravo et bon courage.
Je la recommande vivement.","Modifié il y a un an"
"122","Tanger","mimoun akhammar","Bonjour
Les employés de cette agence ne sont pas professionnels du tout a l'image d' orange . …","il y a 2 ans"
"122","Tanger","Khalid Èl","Excellent service client et rapidité de traitement des commandes avec la capacité de communiquer efficacement.","il y a un an"
"122","Tanger","Rachida El Ouahabi","Service au top très belle prestation bonne continuation et Bravo l'équipe.
Orange toujours kayna","il y a un an"
"122","Tanger","Rabie Tanger","Je recommande vivement cette agence.
Des très bons personnes à l'écoute.
Bravo 👏 …","il y a un an"
"122","Tanger","Adil ben03","Merci à M. AbdelKarim pour ses efforts et à l'équipe d'Orange Idrissiya pour le bon traitement et l'accueil","il y a un an"
"122","Tanger","Badr el bakkali","Très satisfait + bonne qualité de service + disponibilité","il y a un an"
"122","Tanger","Abcdef Ghijk","Magasin bien oraganisée et service de qualite merci l'équipe","il y a un an"
"122","Tanger","Chakib t","Très sympa 👍
Ta3amol top de top avec mes salut a mr Abdelkrim …","il y a un an"
"122","Tanger","Bakhlakh Zaid","Service nul bzaaf","il y a 5 mois"
"122","Tanger","mohamed ibrahimi","Présentation et service magnifique
Bon continuation","il y a un an"
"122","Tanger","Fatima","Un très bon service
Orange is the best  🧡💛 …","il y a un an"
"122","Tanger","Fouad Azz","Une belle présentation avec un bon accueil","il y a un an"
"122","Tanger","Falsafat Alhayat","Excellent service client et traitement des réclamations.","il y a un an"
"122","Tanger","Ahmed Azibou","Tres bon service par l'agent commercial youssef","il y a un an"
"122","Tanger","Hjhdf Hjfjffh","Service impeccable merci bcp","il y a un an"
"122","Tanger","Aziza Aghbalou","Acceuil chaleureux et travail à la portée bravo l'equipe","il y a un an"
"122","Tanger","أيوب حمران","Un très bon service","il y a un an"
"122","Tanger","Omkaltoum","Merci pour votre service 🧡🤍 …","il y a un an"
"122","Tanger","Aziz en nanei","Service impeccable. Équipe de choc","il y a un an"
"122","Tanger","ben aboud Bilal","Bonne qualité de service","il y a un an"
"122","Tanger","You En","Personnel, attentif, serviable et professionnel","il y a un an"
"122","Tanger","Rim Rb","Très bon service","il y a un an"
"122","Tanger","Soulayman Achhab","Bonne service de client","il y a un an"
"122","Tanger","MOUAD EL FETOUH","Très bon service","il y a un an"
"122","Tanger","Anass Touil","Service impeccable 👍👍 …","il y a un an"
"122","Tanger","زازية البطاطي","j aime le service","il y a un an"
"122","Tanger","gharbil mariam","Bon service","il y a un an"
"122","Tanger","Anissa Fatima","Bien","il y a un an"
"122","Tanger","Ihssane El Ouahabi","Très bon service","il y a un an"
"122","Tanger","NIZAR HIRT","Service au Top ,","il y a un an"
"122","Tanger","mohammed ben","Bon service","il y a un an"
"122","Tanger","Aziz El Ghayati","Satisfaction totale","il y a un an"
"122","Tanger","saida achak","bien","il y a un an"
"122","Tanger","zineb el ouahabi","Très bon service","il y a un an"
"122","Tanger","Bk Abdelilah","👍 …","il y a un an"
"122","Tanger","jamal Gharrad","👍 …","il y a un an"
"122","Tanger","Mohamed Sliman","Bon service","il y a un an"
"122","Tanger","Tanger Medina","Bien","il y a un an"
"122","Tanger","elouahabi hamid","Formidables","il y a un an"
"122","Tanger","Yfyg Yhxibf","Bon service","il y a un an"
"122","Tanger","TARIK Da","Service déplorable, employés très arrogants et irrespectueux envers les clients 👎👎. Un employé refuse même de travailler. …","il y a 4 mois"
"122","Tanger","self Healer","Aucun lien de parenté, vous aviez demandé le Wi-Fi, il était hors service pendant un mois, et je l'ai donné à l'installateur.","il y a 5 mois"
"122","Tanger","Valestia H","Service très rapide, sympathique et compétent !
J'ai obtenu une carte SIM illimitée pendant 30 jours pour 200 DH.
Je recommande vivement.","il y a un an"
"122","Tanger","Fbidk Nsvkckd","Honnêtement, les services ont été excellents et le traitement irréprochable depuis l'arrivée de M. Abdul Karim en tant que directeur.","Modifié il y a un an"
"122","Tanger","Friteh Mohamed","Une équipe formidable et d'une humilité remarquable. Des explications claires, des informations précises et un travail excellent.","il y a un an"
"122","Tanger","Mohamed ait taleb","Je recommande vivement ce magasin ! L'accueil était chaleureux et le service excellent. Merci pour cette superbe expérience !","il y a un an"
"122","Tanger","Ali Med","Honnêtement, c'est la meilleure agence en termes de gestion des dossiers et d'explications des offres.","il y a un an"
"122","Tanger","Sanae Elmakhfi","Bonjour, mon numéro n'est toujours pas activé et cela fait environ une semaine.","il y a un an"
"122","Tanger","Mokhtar Halla","Excellent service, merci pour vos efforts, Orange Kayna","il y a un an"
"122","Tanger","mohamed Chakaf","Service de bonne qualité","il y a un an"
"122","Tanger","SAMIR KES KASSI","L'une des meilleures agences d'Orange en termes de service et d'accueil.","Modifié il y a un an"
"122","Tanger","Ayoub BOUJANNA","Des services professionnels au niveau requis, j'apprécie cela","il y a un an"
"122","Tanger","brahim ammone","Merci, frère Abdul Karim, pour l'excellent service.","il y a un an"
"122","Tanger","Ismail Ismaili","Que Dieu vous accorde le succès. Excellent service.","il y a un an"
"122","Tanger","0673304484 0673304484","Service excellent","il y a un an"
"122","Tanger","Reda 08","Mauvais service","il y a 3 mois"
"122","Tanger","med brecol","Service impeccable, excellent ! 👌 …","il y a un an"
"122","Tanger","Nasim Asosi","Service excellent, merci.","il y a un an"
"122","Tanger","mostafa ettouhami","Que Dieu nous guide vers la bonté","il y a un an"
"122","Tanger","Lamiae Baghouzi","Service rapide et efficace","il y a un an"
"122","Tanger","Zakaria El Ouahabi","Service excellent","il y a un an"
"122","Tanger","BUMAGECO BUMAGECO","service nul","il y a 5 mois"
"122","Tanger","Abou Anas Atiki","Bon service","il y a un an"
"122","Tanger","Safia Harakat","J'ai apprécié le service","il y a un an"
"122","Tanger","Msjjddhshs Hehdhheuwoa","Meilleur service","il y a un an"
"122","Tanger","Mohamed Boujanna","Service au niveau","il y a un an"
"122","Tanger","Accessoires Marbella","Ahsan mo3amala","il y a un an"
"122","Tanger","mouad moursi","Vous continuez ?","il y a un an"
"122","Tanger","Bouchaib Bouchaib","Merci, Arang","il y a un an"
"122","Tanger","yasmine bouayad","Service excellent","il y a un an"
"122","Tanger","Noureddine Essamadi","Débit au niveau.","il y a un an"
"122","Tanger","Salmane mouatassem","Parfait 🫡🙏 …","il y a un an"
"122","Tanger","Hamza","Que Dieu bénisse","il y a un an"
"122","Tanger","Mourad el amrani","Toujours brillant","il y a un an"
"122","Tanger","Mehdi Serghni","Aucun texte","il y a 3 jours"
"122","Tanger","Abdlben","Longue expérience et collaboration avec Orange","il y a 2 semaines"
"122","Tanger","El madani Azaouiat","Aucun texte","il y a 2 mois"
"122","Tanger","yousrita tangirina","Aucun texte","il y a 5 mois"
"122","Tanger","othman jallouli","Aucun texte","il y a 5 mois"
"122","Tanger","Sohaib Semlali","Aucun texte","il y a 5 mois"
"122","Tanger","Hassan Chiadmi","Aucun texte","il y a 6 mois"
"122","Tanger","Joan Amin","Aucun texte","il y a 6 mois"
"122","Tanger","Mehdi Tanjawi","Aucun texte","il y a 6 mois"
"122","Tanger","othi Rino","Aucun texte","il y a 10 mois"
"122","Tanger","Abde lkarim El wahabi","Aucun texte","il y a un an"
"122","Tanger","ليله مجاهيد","Aucun texte","il y a un an"
"123","Tanger","Karim S","Je suis devant l'agence sensée être ouverte à 9h30. Il est 10h et toujours pas l'ombre d'un conseiller disposé a ouvrir l'agence... C'est absoiument pas sérieux et en phase avec un groupe aussi important que Orange...","il y a 4 mois"
"123","Tanger","Investa Tanger","Aujourd'hui je me suis rendu à la boutique Orange Marjane Tanger, et ont m'as dit que j'avais une dette datant d'un ans, concernant une boxe que j'ai rendue le jour même en faisant une annulation, car la connexion chez moi était mauvaise. j'exige un remboursement et une mise a jour du système pour effacer cette sois disante dette.","il y a 6 mois"
"123","Tanger","AFAF DKHISSI","La fille avec le hijab manque de professionnalisme ..chatter sur wtsp et laisser le client attendre ca ce fait pas !! Merci de faire le nécessaire","il y a 2 mois"
"124","Tanger","Zakariae EL HARRAMI","Très mauvais service, on voulais résilier notre contrat, il nous dit qu’il faut contacter le support alors que l’engagement a été fait dans cette agence. On parlant avec cet agent il décide de fuir. C’est honteux.","il y a 6 mois"
"124","Tanger","Daoud Abou Soumaya","Une honte.
Le magasin doit ouvrir à 9h, l'employé arrive à 9h30. Il rentre, referme le magasin, ouvre le rideau en métal et repart... Attente... 20 minutes. …","il y a un an"
"124","Tanger","zedak iliass","Très mauvais service, les employés ne sont pas qualifiés. Je souhaite de changé ma cart SIM en ESIM. Ils me disent qu'il ne faut pas être abonné. Il faut résilier l'abonnement pour obtenir une carte ESIM. Mais maintenant, nous n'avons plus …","il y a un an"
"125","Tanger","Assiya Azouagh","Les horaires affichés ne correspondent pas à la réalité. Dimanche fermé mais selon les horaires affichés sur internet ouvert...","il y a 2 mois"
"125","Tanger","Bouchra M'tiri","Équipe très sollicitante avec accueil très chaleureux !","il y a 2 mois"
"125","Tanger","hamza bahili","Mon expérience avec cette agence a été très décevante. Suite à la souscription d’un contrat pour wifi, un problème d’adresse est survenu ""dont je n’ai jamais compris l’origine"". …","il y a un an"
"126","Tanger","Alexandre Pierre CLÉMENT","À éviter absolument

Le plus mauvais opérateur jamais vu au monde. Je le déconseille aux Français. Je …","il y a 6 ans"
"126","Tanger","malika smihi","Le service est nul et long j'ai acheté un tel cela fait 4 jours et la configuration n'a toujours pas été faite","il y a 4 ans"
"126","Tanger","AL AL","L adresse est fausse c est un magasin de sport maintenant . It s a wrong adresse now it s a sport shop","il y a un an"
"126","Tanger","zak you","Trés bon service et personnels sympas! Merci","il y a 2 ans"
"126","Tanger","Emrane B","La pire agence qui peut exister","il y a 4 ans"
"126","Tanger","Christopher Kong","Service impeccable et ultra-rapide ! Deux cartes SIM avec 5 Go de données chacune pour un total de 160 DH. Un excellent rapport qualité-prix !","il y a 2 ans"
"126","Tanger","Akram Akram","N'existe pas ici","il y a 6 mois"
"126","Tanger","Saad Moula","Expérience horrible. L'employé est d'une incompétence notoire. Après 40 minutes d'attente, il nous a simplement demandé d'aller dans un autre magasin, car il avait peur de se tromper. Quelle incompétence !","il y a 3 ans"
"126","Tanger","khadija tijani","Service déplorable, d'une lenteur exaspérante ! C'est incroyablement frustrant !","il y a 3 ans"
"126","Tanger","Татьяна Голяр","Boutique de téléphonie mobile située directement sur le boulevard, excellent service rapide !","il y a 3 ans"
"127","Tanger","Wail Chaouki","Service client nulll.je voulais des infos sur comment modifier mon forfait yoxo mais j'ai été clairement rejeté. À éviter clairement cette agence. J'utilise cet opérateur depuis longtemps ,mais ce faire ignorer comme ça c'est insupportable …","il y a 8 mois"
"127","Tanger","Peter Laraqui","Trop d attente personnel pas sympathique j' ai un abonnement de 49 dh j' ai acheté 3 recharges a 50dh chacune de data elles sont consommés a une vitesse incroyable.","Modifié il y a 3 mois"
"127","Tanger","Ines Abd","Un accueil très chaleureux, un personnel compétent et compréhensif. Une mention spéciale pour Loubna","il y a 8 mois"
"128","Tanger","hanane zorgan","Merci à Ismail pour son professionnalisme, son service rapide et sa grande écoute. Il reste disponible, ne bloque pas face aux difficultés et propose toujours des solutions","il y a un mois"
"128","Tanger","Amjad Alshbaiti","Très mauvaise expérience avec Orange.
Depuis jeudi après-midi, ma connexion Wi-Fi ne fonctionne plus. J’ai contacté le service client à plusieurs reprises, mais tout ce qu’on m’a proposé, ce sont …","il y a 5 mois"
"128","Tanger","Julien D","Vendeur très professionnel et gentil","il y a un mois"
"129","Tanger","mike enn","Service déplorable, personnel peu coopératif et incompétent, je suis très déçu par cette agence.","il y a 3 mois"
"129","Tanger","Iyad","Aucun texte","il y a un mois"
"129","Tanger","rachid ouannas","Aucun texte","il y a 6 mois"
"130","Tanger","El amrani Massaoud","Services médiocres
Négliger les informations sur les clients","il y a un an"
"130","Tanger","Mohamed Aghbalou","Trés modeste","il y a 4 ans"
"130","Tanger","أبو أسامه","Excellent et les prix sont bons","il y a 5 mois"
"131","Tanger","M Hichou","Très bon accueil chez Orange
Passage rapide en boutique ce matin. La technicienne était souriante, agréable et efficace. Ça fait plaisir de commencer la journée avec des personnes positives. Merci !","il y a 11 mois"
"131","Tanger","Ahmed Dahrouch","Très bien servi sur place, sauf pas de numéro de contact pour les appeler","il y a 5 ans"
"131","Tanger","Bil Electricité","Une des filles qui y travaille m'a fait signer un forfait alors que j'ai demandé une simple carte sim rechargeable","il y a 6 ans"
"132","Tanger","Clément Delatore","Très professionnel,très sympa et en plus pas chère ! Merci encore au personnel de la boutique ,je vais pouvoir passer un bon séjour ici au Maroc !","il y a 3 ans"
"132","Tanger","group Ha hna","Très bonne service","il y a 3 ans"
"132","Tanger","mariam bijou","Bon service","il y a 2 ans"
"133","Tanger","Yousra Discovery","service top.. des femmes simpas","il y a 4 jours"
"133","Tanger","Med Aziz","Ils ne méritent même pas une demi-étoile. Leur contrat ADSL est censé être à 20 Mbps, mais le débit n'atteint même pas 4 Mbps. C'est le pire opérateur. La seule solution est de changer.","il y a 2 mois"
"133","Tanger","نحن نسافر بأمان","Tanger","il y a 5 mois"
"134","Tanger","wiame taibi","Je tiens à remercier madame Charifa pour son accueil chaleureux et la qualité de service qu'elle offre pour les clients et son service après vente qui est très agréable.","il y a 6 mois"
"134","Tanger","Imane OULDGHANNOU","Je remercie infiniment madame charifa pour la qualité de service et le professionnalisme","il y a 6 mois"
"134","Tanger","Riri Mes","Les horaires c marqué ouvert mais sinon y’a aucun personnel à la boutique toujours fermé la personne n’est jamais là au comptoir lumière allumé mais personne","il y a un an"
"135","Tanger","Emilie B.","Accueil professionnel, chaleureux et service rapide. Je recommande cette boutique où le personnel est à l'écoute et où l'échange est agréable. Et en plus les horaires affichées sont respectés. Shokran bezzaf!","il y a 6 mois"
"135","Tanger","Dr Saeed Al-Ghadie","Leur horaire d'ouverture est incorrect. Ils ouvrent et ferment la porte à clé et restent à l'intérieur. Il est 9h17 et personne n'ouvre la porte. Pendant ce temps, ils sont à l'intérieur.","il y a 2 ans"
"135","Tanger","Yassine Yassine","Aucun texte","il y a 4 ans"
"136","Tanger","Kay L","L’agence est fermée pour aucune raison. Cette agence ne respecte pas les horaires. Catastrophe.","il y a 7 mois"
"136","Tanger","Emilie B.","Attention l'ouverture est notée à 9h mais personne avant 10h!","il y a 7 mois"
"136","Tanger","Med amine Mrabet","Ils ne prennent pas les gens au sérieux, je me suis rendu pas mal de fois pour réclamer au sujet de mon routeur wifi qui ne fonctionne pas. Et il me reponds en feuilletant son tablette que je peux faire une réclamation, il ne m’a même pas …","il y a 2 ans"
"137","Tanger","Samira Maroquia","Personne qui s'est occupé de moi très gentille et très professionnelle","il y a 4 ans"
"137","Tanger","mohammed el fezzak","C est bien passé","Modifié il y a 4 ans"
"137","Tanger","Abdelkader Khaddor","C'est un mauvais prestataire ici átanger","il y a 5 ans"
"138","Tanger","Abdelkrim","Bonjour
Je tiens à exprimer ma sincère gratitude envers les agents chargés de clientèle de cette agence, ainsi que la responsable de l’agence, pour leur …","il y a 2 mois"
"138","Tanger","Youssef Saber","Deux conseilleres accuillente souriante et plein d'energie . Je recommande vivement Mme hajar et Mme Lamiae","il y a 5 mois"
"138","Tanger","EUROGRUES Serigne Saliou Mbacke Ndiyae","trés professionelle et pratique.
Trés bone qualité de service …","il y a 4 mois"
"139","Tanger","Haikan Chess","Je tiens à remercier chaleureusement l’agence Orange Bni makada pour son professionnalisme et son accueil. Un grand merci particulièrement à l’agent qui m’a reçue, une jeune femme très serviable, patiente et à l’écoute. Elle a pris le temps …","il y a un mois"
"139","Tanger","fatimaazzahra NAMMAT","Bon service","il y a 8 mois"
"139","Tanger","Mohamed Amine Haddouba","L'entreprise ne respecte pas les horaires d'ouverture et de fermeture officiels, et ses services, tout comme ceux de l'agence, sont médiocres. Veuillez améliorer les services de cette agence afin de garantir la satisfaction de vos clients.","il y a un an"
"140","Tanger","Ali Kaitouni","Je voudrais bien partager mon expérience avec vous, vécu à l'agence Orange, située à Avenue Allal Ben Abdellah Rabat, personnel chaleureux et professionnel en particulier Mlle ou Mme Soukaina Lahbari. Vraiment Bravo","il y a 11 mois"
"140","Tanger","Ahmed Zahidi","Bon service au niveau du magasin, mais, les sièges réservés aux clients et aussi aux personnel ne sont pas confortables.","il y a 5 mois"
"140","Tanger","najib NAIBI","Orange élu meilleur service après vente de l’année
! C’est une blague ?
Ni le service du remplacement dun routeur défectueux …","il y a un an"
"140","Tanger","Hicham Hamid","Mauvais service, manque de politesse et absence de respect,","il y a 4 mois"
"140","Tanger","Ibourki Bouchra","Personnel désagréable…mauvaise expérience .
Ne mérite pas d étoiles","il y a 7 mois"
"140","Tanger","OAR OAR","Mention spéciale  à la personne aux lunettes  et sans cheveux , je pense qu'il fait sont travail  avec passion","il y a 2 ans"
"140","Tanger","hugo drawin","Deja 3 semaines pour un changement de routeur defectueux. Malgré les deplacements a l agence, les appels avec le support technique qui ne peut faire avancer le dossier, rien n'est fait pour regler le probleme. Le chef d'agence peut bien …","il y a un an"
"140","Tanger","A2ES CONSULTING","Je tiens à exprimer ma reconnaissance envers Soukaina pour son professionnalisme exemplaire. Lors de ma visite à la boutique, j’ai été particulièrement impressionné par son écoute attentive et sa réactivité. Soukaina a su répondre à mes …","il y a un an"
"140","Tanger","jerome crouzet","Ils sont trop fort plusieurs visites pour avoir un technicien pour un problème de box et le summum C'est que l on m envoi chez maroc Télécom pour avoir la fibre car orange ne livre pas la fibre si l'on n'est pas résident alors que je suis propriétaire de mon appartement.","il y a 11 mois"
"140","Tanger","ZAK BAH","Je donne 2 étoiles en raison du manque de professionnalisme des commerciaux. En tant que client depuis plus de 10 ans, j'ai souhaité suspendre mon forfait lors d'un déplacement hors du Maroc. Le service client téléphonique m'a mal informé …","il y a 2 ans"
"140","Tanger","adib bensaid","Aujourd’hui, je suis allé à l’agence Orange pour régler ma facture et recharger mon compte OrangeMoney. Malheureusement, comme à chaque fois, on m’a dit qu’il y avait un blocage sur le profil du caissier. C’est une situation récurrente, et …","il y a un an"
"140","Tanger","Yahya Dihmani","Service null et comportement arrogant du personnel. Centre d Appel fibre optique très très lent. Après plusieurs appels aucun service accompli. À revoir","il y a 9 mois"
"140","Tanger","Alae El alami elaroussi","Service très décevant. Aucune organisation, il n'y a même pas de système de gestion de file d'attente pour savoir quand c'est ton tour. En plus, aucun espace pour s'asseoir et patienter confortablement. L'expérience est vraiment désagréable. 👎 …","il y a un an"
"140","Tanger","Ilham Lahbari","Lors de ma visite chez Orange j'etais impressionné par le service de mademoiselle Soukaina était attentif et rapide. Elle a pu répondre à toutes mes questions et m'a aidé à choisir le meilleur service","il y a un an"
"140","Tanger","Arabi Dada","le person hicham hairich pas bon","il y a 4 mois"
"140","Tanger","Hajar S","Bonjour tt l monde
Après une demande de résiliation de la fibre optique le service me demande de déposer le routeur à l’agence pour ne pas inclure le prix dans la facture, je le …","il y a 2 ans"
"140","Tanger","Aymen Bayoudh","Très sympa, ils sont allés au bout du souci. Très patient et clair à la caisse","il y a un an"
"140","Tanger","Selim Deniel","Faites attention !! Les commerciaux essayent de vous forcer à prendre des abonnements, et si vous refusez, ils ne traitent pas votre demande.
J'ai fait la même demande à deux agences différentes, et clairement, les …","il y a 3 ans"
"140","Tanger","Jihane E","J'ai acheté un téléphone il y a deux semaines et la batterie ne tiens pas. Je pars à l'étranger début de semaine et ils n'ont aucune solution à me donner. Ils ne m'ont pas conseillé en amont sur le téléphone et maintenant ils mettent en …","il y a 6 ans"
"140","Tanger","Léa Khelo (Khei)","SAV LAMENTABLE !
Probablement le pire service client tout domaine confondu !
J’ai souscrit un abonnement téléphonique car c’est plus rentable que les …","Modifié il y a 4 ans"
"140","Tanger","Mohammed ZAIMI","Agence bien située, personnel agréable, souriant, très commercial.
Cependant, il y a eu des couacs comme un changement de propriétaire de ligne qui met plus de 2 mois, un contrat d'installation de la fibre optique signé mais …","Modifié il y a 6 ans"
"140","Tanger","Malik DOLCECREMA","Vraiment vraiment je va remercie vous etes les meilleurs, je viens pour acheter une wifi djib pour mes 10 jours restant, je suis extremement bien conseillé par la chargée clientèle qui m’oriente vers une e-sim a 5€ qui me permettra de …","il y a 3 ans"
"140","Tanger","Anthony DELACHAISE","Arrivant de France, on a été y acheter des cartes sim pour notre séjour au Maroc. Ça a été très rapide et les explications claires. Au top","il y a 2 ans"
"140","Tanger","Hajjam Driss","Le numéro de ma carte d'identité a été attribué a une tierce personne en 2010. Client chez eux en 2018. J'ai réclamé plusieurs fois, aucune solution. Mes factures arrivent toujours au nom de la personne X depuis 5 mois... ça mène en bateau …","Modifié il y a 7 ans"
"140","Tanger","Dipl.-Ing. Faycal","Un bon service clientèle compréhensif. J'ai eu la malchance de venir dans une heure de pointe ou y'avait beaucoup de monde en attente. Produits introuvables dans les petites agences. Il valait le coup de s'y rendre!","il y a 7 ans"
"140","Tanger","Hayat Sabri","Très bon service. Excellente assistance. Bravo si othmane, chef d'agence orange. Merci beaucoup.","il y a un an"
"140","Tanger","Pat Stz","Très insatisfait du SAV d'orange. Malgré l''apparente bonne volonté de mes interlocuteurs, aucune solution n'a été trouvé à une erreur de leurs part qui dure depuis près de 10 mois.","il y a 4 ans"
"140","Tanger","Youssef El Maroufy","Agent a la caisse en plus d'être désagréable, il a prioriser une personne de la part de l'agent de sécurité bien qu'il ait au moins 4 personnes dans la file d'attente. …","il y a 4 ans"
"140","Tanger","Aqua For","Professional mais a besoin de peut d'arrangement au niveau communication,a cause de la situation geographique du lieu,tres frequente par les nons residents de rabats et surtout chemin de passage pour beaucoup d'etrangers.
On ne doit pas avoir toujours besoin de demander ou faire ceci,ou faire cela.","il y a 7 ans"
"140","Tanger","abdelilah arsalane","Les promesses ne sont pas tenues par cet opérateur. Très mauvaise couverture que ce soit le réseau ou la 4G.je me remet avec maroc Télécom avec ma  flotte des le mois prochain.","il y a 7 ans"
"140","Tanger","Aicha Hakim","Très bon service de la part du chef d agence","il y a un an"
"140","Tanger","FILALI ISMAIL","Service nul . Personne mal polie à l accueil","il y a un an"
"140","Tanger","Othmane","Je suis trés satisfait du service.","il y a un an"
"140","Tanger","Sanaa","Très bon accueil, service à la hauteur de mes attentes","il y a un an"
"140","Tanger","firass ouahi","Nul ,c'est une épicerie sans plus.il n'y a que des vendeurs qui vous ignorent complètement si vous êtes là pour un problème.","il y a 4 ans"
"140","Tanger","Jacques Pache","Blablabla ! Déplacements inutiles pour résoudre les problèmes. Cette agence est incompétente.","il y a un an"
"140","Tanger","Omar Dasser","Service agreable, personnels chaleureux, bon travail.","il y a 3 ans"
"140","Tanger","amal bennis","Le service est excellent par Mr othmane","il y a un an"
"140","Tanger","Sellaoui Hassan","Accueil très moyen. Et beaucoup d'attente pour pas grand chose.","il y a 4 ans"
"140","Tanger","Hicham Benlemkaddem","très mal organisé, la majorité des commerciaux ne porte pas le masque correctement!!!","il y a 5 ans"
"140","Tanger","Bassam Sebbata","je vous jure les gens son nule ils ne savent pas comment travailler","il y a 2 ans"
"140","Tanger","simed simed","Service de qualité d'ailleurs moi aussi j'ai forfait Orange je le recommande vivement","il y a 4 ans"
"140","Tanger","Moslem Barrak","Ils ont très mal service après vente","il y a 5 ans"
"140","Tanger","Mamadou Koné","J'ai adoré ce lieu, magnifique avec un acceuil chaleureux. J'ai kiffé","il y a 6 ans"
"140","Tanger","Hassan Dabi","déçu  pas commercial aucun professionnalisme nulle","il y a 3 ans"
"140","Tanger","Alex Georges","Très bien
Personnel à votre écoute
Professionnel","il y a 2 ans"
"140","Tanger","hicham hicham","Il manque beaucoup a faire pour les clients ... Tu diis passer une heure pour voir un agent de orange","il y a 6 ans"
"140","Tanger","Youssef ZOUHRI","Ça va, rien a dire mais c est a eux de contacter le 121 de leur agence","il y a 4 ans"
"140","Tanger","Mohamed Zehri","Très mauvais service. Je déconseille Orange car le service est nul.","il y a 5 ans"
"140","Tanger","Aziz RACHID","Service envers clientèle nul + non respect  horaire de travail","il y a 5 ans"
"140","Tanger","bensaid samira","Aucun service
Il sont prêts à prendre votre argent sans répondre à vos attentes","il y a 4 ans"
"140","Tanger","Chihab Semmar","En tout cas l'accueil est mieux que chez Maroc Telecom","il y a 6 ans"
"140","Tanger","Rachid EL ATTAR","Le Pays-Bas est toujours disponible pour répondre à toutes les questions.","il y a 4 ans"
"140","Tanger","Hedoma Groupe","Attention au service commercial des entreprises, le commercial n'appartient pas à Orange, c'est de la sous-traitance, des pièges au informations fournies, consultez la haute ligne","il y a 6 ans"
"140","Tanger","Mehdi Oussoulous","Bonne service, et parfait.","il y a un an"
"140","Tanger","Tarik Bouhajra","Un agent trempant","il y a 7 mois"
"140","Tanger","Christopher Ntoutoume","L'attente est longue. Déjà que tous ne parlent pas bien Français","il y a 7 ans"
"140","Tanger","fatiha el idrissi","Beaucoup mieux que meditel le changement vers Orange en vaut la peine à conseiller vivement","il y a 7 ans"
"140","Tanger","JM SOW","Gestion très professionnelle des demandes de la clientèle. TOP","il y a 7 ans"
"140","Tanger","nabil OUACHI","Très mauvais service je déconseille !!!","il y a 5 ans"
"140","Tanger","cédric Mutuale","Déçu, hôtesses méprisantes voire impolies... Vraiment déçu","il y a 7 ans"
"140","Tanger","My Abdellah Jermouni","Un lieu parfait avec un acceuil chaleureux..","il y a 5 ans"
"140","Tanger","Alain-Philippe","Propose un tel et ensuite annonce qu'ils sont en rupture de stock","il y a 5 ans"
"140","Tanger","Adama Bodian","Le personnel est très efficace","il y a 4 ans"
"140","Tanger","Youssef Marjani","Le meilleur opérateur Télécom au maroc. Merci","il y a 8 ans"
"140","Tanger","Renaud Ahouansou","Magazin, show room et espace de travail orange Maroc.","il y a 4 ans"
"140","Tanger","mehdi ouanane","Bel endroit bons produits
A revisiter","il y a 4 ans"
"140","Tanger","Arsène Gaudé","Service utile et sympathique.","il y a 7 ans"
"140","Tanger","JEELISA -","trop bien super boutique","il y a 7 ans"
"140","Tanger","Hicham Bennani","Bonne aceuille client satisfait","il y a 4 ans"
"140","Tanger","Medo Medo","Très bien","il y a 4 ans"
"140","Tanger","maman sami","Très bon service 👍👍 …","il y a 6 ans"
"140","Tanger","Fathi Mustspha","Tres belles accueil","il y a 6 ans"
"140","Tanger","Fathallah Louidani","Mauvaise affaire connection médiocre","il y a 6 ans"
"140","Tanger","ILias CHOUH","Mauvaise service des caisses","il y a 5 ans"
"140","Tanger","Omar ALLALI","Bureau de vente principal et point de paiement de facture","Modifié il y a 6 ans"
"140","Tanger","Mohamed BOUCHOUR","J'adore","il y a 3 ans"
"140","Tanger","Alan Driss","Accueil aussi mauvais que Orange France","il y a 6 ans"
"140","Tanger","Azeddine Abya","Le service est mauvais","il y a 6 ans"
"140","Tanger","safae dib","Service client lamentable","il y a 2 ans"
"140","Tanger","Ornemaniste Mutation","Très satisfaite","il y a 5 ans"
"140","Tanger","Tetef El Ouardi","Grand agence orange commercial et services","il y a 8 ans"
"140","Tanger","Yassine","Service client impeccable","il y a 6 ans"
"140","Tanger","Khadija Elmoussaid","Pour payer ma facture","il y a 6 ans"
"140","Tanger","Boubou assad","bon accueil","il y a 5 ans"
"140","Tanger","Larsen Clarck MOUMPALA ZINGOULA","Jolie, aisance et relationnelle","il y a 6 ans"
"140","Tanger","Oufkir Cherif","Un accueil chaleureux","il y a 7 ans"
"140","Tanger","Kouadio KOUAKOU","Super accueil","il y a 5 ans"
"140","Tanger","Iris Lava","Service clientèle premium","il y a 7 ans"
"140","Tanger","achraf lachgar","Orange ancien meditel","il y a 5 ans"
"140","Tanger","Papa Baidy FALL","Accès facile","il y a 4 ans"
"140","Tanger","Elarraoui Abdelhay","Cede regional de Rabat ORANGE","il y a 8 ans"
"140","Tanger","Bouchra Nfinif","Bon service","il y a 3 ans"
"140","Tanger","Ben Demrane","Service excellent","Modifié il y a 6 ans"
"140","Tanger","abdelaati EL JIRARI","Service incomplet.","il y a 7 ans"
"140","Tanger","Bachouchi Nacer","Bien","il y a 7 ans"
"140","Tanger","Chraihi Abderrahim","Bon","il y a 6 ans"
"140","Tanger","lachkar chakir","Mauvais service","il y a 6 ans"
"140","Tanger","Farida Moussa","Propre","il y a 6 ans"
"140","Tanger","Chafik SABER","Super","il y a 6 ans"
"140","Tanger","Abdelaziz Essalhi","Mal acceuillie","il y a 3 ans"
"140","Tanger","Joel STERLING","Chic","il y a 4 ans"
"140","Tanger","h al","De mieux en mieux","Modifié il y a 8 ans"
"140","Tanger","CHTOUKI MOHAMMED LOTFI","Société de telecomunication","Modifié il y a 7 ans"
"140","Tanger","Mohammed Najib Benyahia","Bon accueil","il y a 6 ans"
"140","Tanger","Ba Mamy Dado","Magnifique","il y a 6 ans"
"140","Tanger","Chour TV","Orange","il y a 6 ans"
"140","Tanger","BENYAHIA ADIL","bon service","il y a 7 ans"
"140","Tanger","Najib KOUNSASSE","Mauvais service","il y a 6 ans"
"140","Tanger","samo sam","Bon service","il y a 6 ans"
"140","Tanger","soumiya mekrazi","Internet X
Escargot","il y a 6 jours"
"140","Tanger","Hicham Alaoui","Le réseau Orange marocain est une catastrophe, le service client est encore piiiire ! Moi qui avais orange en France j’ai pensé avoir la même qualité alors la je confirme qu’ils sont très loin. Achat d’une box dar qui ne fonctionne jamais …","il y a un mois"
"140","Tanger","Said**Said","Orange et son personnel sont catastrophiques ! Je vous conseille de changer d'opérateur ! Ils se moquent complètement des clients, c'est scandaleux. …","Modifié il y a 3 mois"
"140","Tanger","Hamza","Très mauvais service client, même lorsqu'ils appellent le responsable semble impuissant, haussement d'épaules seulement.","il y a 7 mois"
"140","Tanger","Graida Mourad","Internet 4 jours ou hya bra (fibre optique) 3afakoum ila bant likoum seftouhaa lyaa svp","il y a 6 mois"
"140","Tanger","desiree manicom","Service très efficace, serviable et aimable pour l'achat d'une carte SIM locale. Le responsable s'est même mis en quatre pour nous conduire dans un restaurant populaire.","il y a 9 mois"
"140","Tanger","Safaa Sajib","J'ai eu une expérience agréable, contrairement à celle d'il y a deux mois. Un employé s'est montré patient, compréhensif et aimable. J'espère que cette agence continuera à faire un travail remarquable et que son personnel continuera à traiter les clients avec respect.","Modifié il y a 2 ans"
"140","Tanger","Deanna P","J'avais laissé un avis négatif sur cet établissement il y a deux ans. J'y suis retourné aujourd'hui et j'ai bénéficié d'un service client exceptionnel, ce qui a considérablement amélioré mon expérience. Je le recommande vivement, compte tenu des changements apportés. Un grand merci à Said pour son aide.","il y a un an"
"140","Tanger","Mohamed Tamer","S'il n'y avait pas de note minimale, ce service la mériterait amplement.

L'entreprise et son application sont médiocres. Le service commercial est bon, …","il y a 2 ans"
"140","Tanger","Elektronen Tornado","J'ai acheté une carte SIM prépayée de voyage pas chère sans problème, j'ai payé 70 dirhams pour 10 Go. Il y avait pas mal de monde, donc il faudra peut-être patienter un peu.","il y a un an"
"140","Tanger","Edwin Fang","J'ai payé pour un mois, mais ils ont suspendu mon compte après seulement deux semaines d'utilisation. J'ai demandé des explications au personnel, qui a répondu qu'il n'en savait rien. Le prix est trois fois plus élevé que dans mon pays, mais le service est déplorable au Maroc. N'utilisez surtout pas Orange !","il y a un an"
"140","Tanger","TANER KÖKEN","J'ai attendu trois jours l'ouverture d'internet dans plusieurs villes marocaines à cause de l'Aïd al-Adha. …","il y a 3 ans"
"140","Tanger","ابو عزيز مصطفى","Chaque recharge de 10 Go coûte 100 dirhams, et la carte SIM est gratuite à l'aéroport. Le service inclut des recharges internet et appels ; les appels internationaux sont facturés séparément. Les recharges sont disponibles dans les épiceries et les supermarchés.","il y a 3 ans"
"140","Tanger","Yacoubi Othmane","Un seul caissier dans leur magasin principal, et il est beaucoup trop lent.","il y a un an"
"140","Tanger","Hassan WR","Le service fourni par cet endroit est bon et rapide à répondre en cas de besoin.","il y a 3 ans"
"140","Tanger","Hamza El yousfiyene","Service 0","il y a 5 mois"
"140","Tanger","Elisa","Service impeccable et carte SIM à un prix avantageux pour mon séjour de 3 semaines à Rabat. Je recommande la boutique près de la médina de Rabat.","il y a 6 ans"
"140","Tanger","Mina","Cette entreprise n'a jamais livré le téléphone que j'avais commandé en ligne et ne m'a pas remboursé. C'est une arnaque.","il y a un an"
"140","Tanger","Jonathan Murphy","Ils ont pris mon argent et n'ont jamais activé ma carte ; j'ai dû retourner les voir pour leur rappeler. Un simple haussement d'épaules…","il y a 7 ans"
"140","Tanger","Montasser Mohammed","J'ai bénéficié d'un bon service ici, et compte tenu des prix et des services proposés, leurs offres sont intéressantes.","il y a 7 ans"
"140","Tanger","HARVES FOOD","Les services sont de bonne qualité.","il y a un an"
"140","Tanger","Salaheddine sajid","Ils ont rencontré des problèmes avec le service de paiement, beaucoup de gens attendaient.","il y a 7 ans"
"140","Tanger","Zachary Fredell","Un seul caissier dans leur magasin principal, et il est beaucoup trop lent.","il y a 5 ans"
"140","Tanger","Yassine Afqir","Un service impeccable assuré par un personnel charmant et accueillant !","il y a 6 ans"
"140","Tanger","Javier Fole Callon","Magasin moderne appartenant à cet opérateur téléphonique.","il y a 6 ans"
"140","Tanger","MUSTAPHA BOUKHATEM","Bien.

Et. …","il y a 7 ans"
"140","Tanger","mzian abdellah","Mauvais accueil, mauvais service… soyez vigilants","Modifié il y a 3 ans"
"140","Tanger","Mohamed Balizi","Bon service, personnel serviable","il y a 6 ans"
"140","Tanger","Najib Adoua","Ils mentent un peu sur leurs services.","il y a 6 ans"
"140","Tanger","Oussama","Mauvais services je ne le recommande pas","il y a 5 ans"
"140","Tanger","KHALIL EL AADMI","Bravo à tous ceux qui sont compétents ! 👏 …","il y a 2 ans"
"140","Tanger","ON8EI, John","Service médiocre.","il y a 7 ans"
"140","Tanger","benaissa","Une dame très agréable avec qui discuter sur Orange Rabat","il y a 4 ans"
"140","Tanger","Eric Kooma","Les produits de base sont légèrement plus chers que prévu","il y a 6 ans"
"140","Tanger","rachid idrissi","service extrêmement médiocre","il y a 4 ans"
"140","Tanger","ECON Juridique","Bonne organisation","il y a 4 ans"
"140","Tanger","Amine immobilier","Services très bons","il y a 6 ans"
"140","Tanger","Oumaima Zamharir","Service médiocre","il y a un an"
"140","Tanger","elammari abderrahim","Service client médiocre","il y a 4 ans"
"140","Tanger","Bazoui Aziz","Excellent travail","il y a un an"
"140","Tanger","Omar Abqal","Service client médiocre","il y a 3 ans"
"140","Tanger","Muhamed Khamis","compétence","il y a 3 ans"
"140","Tanger","بحر b7r l","Bien","il y a 6 ans"
"140","Tanger","Adam Skande","Bon service","il y a 7 ans"
"140","Tanger","Yassin Echarouni","Balima","il y a 5 ans"
"140","Tanger","bamba fall","Correct","il y a 6 ans"
"140","Tanger","Nor-Eddine Tahiri","Rapide et poli","il y a 7 ans"
"140","Tanger","Omar Bou","Bon service","il y a 7 ans"
"140","Tanger","Mr Lahoucine Boudibat","Services Internet et téléphoniques","il y a 6 ans"
"140","Tanger","Wafaa Getxo","Mal","il y a 4 ans"
"140","Tanger","Gabriele L'Immaginifico","TRÈS PROFESSIONNEL","il y a 4 ans"
"140","Tanger","Abdou oudgririr","Aucun texte","il y a 2 mois"
"140","Tanger","Otmane Lemlih","Aucun texte","il y a 4 mois"
"140","Tanger","Safae Elfertas","Aucun texte","il y a 6 mois"
"140","Tanger","Hisoka Gon","Aucun texte","il y a un an"
"140","Tanger","Fadwa Toufik","Aucun texte","il y a un an"
"140","Tanger","brahim Rouguiague","Aucun texte","il y a un an"
"140","Tanger","Adnane Elm","Aucun texte","il y a 2 ans"
"140","Tanger","Filippo","Aucun texte","il y a 2 ans"
"140","Tanger","Ottman","Aucun texte","il y a 2 ans"
"140","Tanger","Jnaini Rachida","Aucun texte","il y a 3 ans"
"140","Tanger","Hamza Essabi","Aucun texte","il y a 3 ans"
"140","Tanger","Agent 47","Aucun texte","il y a 3 ans"
"140","Tanger","Djiby Diallo","Aucun texte","il y a 3 ans"
"140","Tanger","JACQUES STOCKLI","Aucun texte","il y a 3 ans"
"140","Tanger","Esira Makuloluwa","Aucun texte","il y a 3 ans"
"140","Tanger","Antonio L","Aucun texte","il y a 3 ans"
"140","Tanger","Mohamed El idrissi","Aucun texte","il y a 4 ans"
"140","Tanger","Rihana","Aucun texte","il y a 4 ans"
"140","Tanger","Abdessamad Mazgalda","Aucun texte","il y a 4 ans"
"140","Tanger","younes fourkane","Aucun texte","il y a 4 ans"
"140","Tanger","Epices et Traditions (EPITRA)","Aucun texte","il y a 4 ans"
"140","Tanger","Zaho Zizou","Aucun texte","il y a 4 ans"
"140","Tanger","UP Down","Aucun texte","il y a 4 ans"
"140","Tanger","Ghita Siteli","Aucun texte","il y a 4 ans"
"140","Tanger","zahra lachgar","Aucun texte","il y a 4 ans"
"140","Tanger","Mohamed Alhassane Traoré","Aucun texte","il y a 4 ans"
"140","Tanger","Asmaa Fadil","Aucun texte","il y a 4 ans"
"140","Tanger","mehdi mehdi","Aucun texte","il y a 4 ans"
"140","Tanger","musik son virtual","Aucun texte","il y a 5 ans"
"140","Tanger","Amina Sara","Aucun texte","il y a 5 ans"
"140","Tanger","ahmed kettani","Aucun texte","il y a 5 ans"
"140","Tanger","Mohamed البورقادي elbourakkadi","Aucun texte","il y a 5 ans"
"140","Tanger","Blaise Ursule Tresor ANYANGUEM","Aucun texte","il y a 5 ans"
"140","Tanger","Adam Nesson","Aucun texte","il y a 5 ans"
"140","Tanger","Youssef Meftoh","Aucun texte","il y a 5 ans"
"140","Tanger","Boutayna Drh","Aucun texte","il y a 5 ans"
"140","Tanger","Youssef bari","Aucun texte","il y a 5 ans"
"140","Tanger","Nourdine Tahya","Aucun texte","il y a 5 ans"
"140","Tanger","otmane khayat","Aucun texte","il y a 5 ans"
"140","Tanger","Hassan B","Aucun texte","il y a 5 ans"
"140","Tanger","Status Whatsap With Simo","Aucun texte","il y a 5 ans"
"140","Tanger","mina Makaoui","Aucun texte","il y a 5 ans"
"140","Tanger","LG","Aucun texte","il y a 5 ans"
"140","Tanger","EL HAJ EL GHEYATI","Aucun texte","il y a 5 ans"
"140","Tanger","EL Ghouari Abdallah","Aucun texte","il y a 5 ans"
"140","Tanger","Benadouj Brahim","Aucun texte","il y a 5 ans"
"140","Tanger","Amine","Aucun texte","il y a 6 ans"
"140","Tanger","Sohaib Bakcha","Aucun texte","il y a 6 ans"
"140","Tanger","Abid .M","Aucun texte","il y a 6 ans"
"140","Tanger","امينة اولاد القاضي","Aucun texte","il y a 6 ans"
"140","Tanger","hayat adrane","Aucun texte","il y a 6 ans"
"140","Tanger","Sall Ldyi","Aucun texte","il y a 6 ans"
"140","Tanger","Tarnue Govego","Aucun texte","il y a 6 ans"
"140","Tanger","El Mahdi Abbadi","Aucun texte","il y a 6 ans"
"140","Tanger","Mahmoud Hariri","Aucun texte","il y a 6 ans"
"140","Tanger","Immo Espérance","Aucun texte","il y a 6 ans"
"140","Tanger","Masin moulay ahmed Masin Massine","Aucun texte","il y a 6 ans"
"140","Tanger","Tijani Tij","Aucun texte","il y a 6 ans"
"140","Tanger","AHMED BELMAHFOUD","Aucun texte","il y a 6 ans"
"140","Tanger","Ahmed el mortada Belgnaoui","Aucun texte","il y a 6 ans"
"140","Tanger","Aroukche Hamza","Aucun texte","il y a 6 ans"
"140","Tanger","Lhour Lhor","Aucun texte","il y a 6 ans"
"140","Tanger","ALI AZONKED","Aucun texte","il y a 6 ans"
"140","Tanger","Bensouda Tarek","Aucun texte","il y a 6 ans"
"140","Tanger","omar medkouri","Aucun texte","il y a 6 ans"
"140","Tanger","Mus MIM","Aucun texte","il y a 6 ans"
"140","Tanger","Oussama Ben Moussa","Aucun texte","il y a 6 ans"
"140","Tanger","Mohamed Cherkaoui","Aucun texte","il y a 6 ans"
"140","Tanger","Moussa Fadimatou","Aucun texte","Modifié il y a 6 ans"
"140","Tanger","moi Nouairi","Aucun texte","il y a 6 ans"
"140","Tanger","Adib Fredj","Aucun texte","il y a 6 ans"
"140","Tanger","Vasilis Karamolegos","Aucun texte","il y a 6 ans"
"140","Tanger","Asta ADIA","Aucun texte","il y a 6 ans"
"140","Tanger","nada bouda","Aucun texte","il y a 6 ans"
"140","Tanger","Mehdi ZLE","Aucun texte","il y a 6 ans"
"140","Tanger","Mouad Nasseri","Aucun texte","il y a 6 ans"
"140","Tanger","Nabil Airoud","Aucun texte","il y a 6 ans"
"140","Tanger","Yassine Seghrouchen","Aucun texte","il y a 6 ans"
"140","Tanger","Nada Sebbar","Aucun texte","il y a 6 ans"
"140","Tanger","iamgildas","Aucun texte","il y a 6 ans"
"140","Tanger","Rachid Mohamed","Aucun texte","il y a 6 ans"
"140","Tanger","Hanae","Aucun texte","il y a 6 ans"
"140","Tanger","بو فهد","Aucun texte","il y a 6 ans"
"140","Tanger","blackwiner123 deMsp","Aucun texte","il y a 6 ans"
"140","Tanger","Intissar LABRACH","Aucun texte","il y a 6 ans"
"140","Tanger","klara hamel","Aucun texte","il y a 6 ans"
"140","Tanger","tarik babaharra","Aucun texte","il y a 6 ans"
"140","Tanger","Anis aouam","Aucun texte","il y a 6 ans"
"140","Tanger","khaled omar","Aucun texte","il y a 6 ans"
"140","Tanger","Rachid Ben mess","Aucun texte","il y a 6 ans"
"140","Tanger","Moncef Jaouai","Aucun texte","il y a 6 ans"
"140","Tanger","youssouf itzer","Aucun texte","il y a 6 ans"
"140","Tanger","zouhair belarhouizia","Aucun texte","il y a 6 ans"
"140","Tanger","Abderrahim Nassit","Aucun texte","il y a 7 ans"
"140","Tanger","ihsane ahdi","Aucun texte","il y a 7 ans"
"140","Tanger","atae story","Aucun texte","il y a 7 ans"
"140","Tanger","abdellah tabti","Aucun texte","il y a 7 ans"
"140","Tanger","Anas El","Aucun texte","il y a 7 ans"
"140","Tanger","Badr Benzeroual","Aucun texte","il y a 7 ans"
"140","Tanger","hamza serroukh","Aucun texte","il y a 7 ans"
"140","Tanger","Abdenasser loukili","Aucun texte","il y a 7 ans"
"140","Tanger","Anas Bimich","Aucun texte","il y a 7 ans"
"140","Tanger","soso nono","Aucun texte","il y a 7 ans"
"140","Tanger","Awatif ELGOUCHI","Aucun texte","il y a 7 ans"
"140","Tanger","Hasnae At","Aucun texte","il y a 7 ans"
"140","Tanger","Youssef Ifkirne","Aucun texte","il y a 7 ans"
"140","Tanger","El habib Chabadi","Aucun texte","il y a 7 ans"
"140","Tanger","Farid Moulay","Aucun texte","il y a 7 ans"
"140","Tanger","karim belhaj","Aucun texte","il y a 7 ans"
"140","Tanger","Maroua Laghrissi","Aucun texte","il y a 7 ans"
"140","Tanger","Mohamed Traoré","Aucun texte","il y a 7 ans"
"140","Tanger","Adnane BENNANI","Aucun texte","il y a 7 ans"
"140","Tanger","Maatir ezzohour Hijaoui","Aucun texte","il y a 7 ans"
"140","Tanger","Mohsine FALAQ","Aucun texte","il y a 7 ans"
"140","Tanger","Nestor Mavropoulos","Aucun texte","il y a 7 ans"
"140","Tanger","talal Lamoudni","Aucun texte","il y a 7 ans"
"140","Tanger","Ayoub Bigboss","Aucun texte","il y a 7 ans"
"140","Tanger","Mustapha Abinnour","Aucun texte","il y a 7 ans"
"140","Tanger","Hayoun Bouchra","Aucun texte","il y a 7 ans"
"140","Tanger","Badr Elouati","Aucun texte","il y a 7 ans"
"140","Tanger","KHALID EL BARAKA","Aucun texte","il y a 7 ans"
"140","Tanger","Adnan Serhani","Aucun texte","il y a 7 ans"
"140","Tanger","Sarah BENMERZOUK","Aucun texte","il y a 7 ans"
"140","Tanger","Elrhaddane Achraf","Aucun texte","il y a 7 ans"
"140","Tanger","Kawtar Lyachani","Aucun texte","il y a 7 ans"
"140","Tanger","Souad Mahsoune","Aucun texte","il y a 7 ans"
"140","Tanger","Mr ben7","Aucun texte","il y a 7 ans"
"140","Tanger","Taha Bensalmia","Aucun texte","il y a 7 ans"
"140","Tanger","Sidi El Hassan Sbai El Idrissi","Aucun texte","il y a 7 ans"
"140","Tanger","Sidiki Soukaina","Aucun texte","il y a 7 ans"
"140","Tanger","Aziza Faty","Aucun texte","Modifié il y a 7 ans"
"140","Tanger","maman Au travail","Aucun texte","il y a 7 ans"
"140","Tanger","Mohammed Machrouh","Aucun texte","Modifié il y a 7 ans"
"140","Tanger","Med Ayoub SEFIATTI","Aucun texte","il y a 7 ans"
"140","Tanger","Aoudi El","Aucun texte","il y a 7 ans"
"141","Tanger","Jonathan Le roi","J’ai eu une expérience très positive avec Orange. Leur service est excellent, et les personnes travaillant dans cette agence sont vraiment compétentes et accueillantes. Ils m’ont beaucoup aidé, et je suis très satisfait","il y a 5 mois"
"141","Tanger","Med Elmir","Très bon service ! L’équipe est toujours gentille et professionnelle. Je recommande 🙏🏽 …","il y a 5 mois"
"141","Tanger","Chaimaa Enar","Excellent service/ staff
Tjrs a l’écoute","il y a 5 mois"
"145","Tanger","DIAF NOUREDDINE","Serviable et serieux","il y a 6 mois"
"145","Tanger","Safaa aferiat","Équipe très réactive 👍 …","il y a 10 mois"
"145","Tanger","ABDERRAHIM ET-TOUYSY","Jaim pas 🤮 …","il y a un an"
"146","Tanger","Bacha Mohamed","D'accord","il y a 6 mois"
"146","Tanger","Hydral Élévateurs","Aucun texte","il y a 6 mois"
"146","Tanger","Hamza Ouhmidou","Aucun texte","il y a 10 mois"
"148","Fès","Najat","Service nul!!
Surtout l'agent khali. J'ai déposé une réclamation officielle consernant l'achat d'un forfait Orange. Je considère avoir été induite en erreur par une …","il y a 2 mois"
"148","Fès","Touche pas a mon poste","Grand merci Lamia pour votre aide !
Très satisfait, très bel accueil, efficacité
Tout dans le sourire
Merci beacoup","il y a 3 mois"
"148","Fès","Boutaina Rahhali","Je suis allé récemment chez Orange pour souscrire à un abonnement, et j’ai été vraiment surpris par les offres. Le service était impeccable ! Hajar, une des employées, a été super gentille et accueillante. Elle a tout réglé rapidement et de …","il y a un an"
"149","Fès","Karim Chiguer","Merci beaucoup pour le bon traitement, je pense que cette agence est l'une des meilleures agences pour Orang, grâce à Taoufq.  Je recommande d'y aller","il y a un an"
"149","Fès","Ayat Tayki","Je suis très satisfaite de mon passage à l’agence Orange Borj Fès. L’équipe est professionnelle, accueillante et à l’écoute. Le service a été rapide et efficace, et le conseiller a su répondre à toutes mes questions avec patience et clarté. Un grand merci pour leur aide et leur disponibilité ! Je recommande vivement cette agence.","il y a un an"
"149","Fès","tawfik hciki","""J'ai été très satisfait du service offert par l'agent commercial d'Orange à Borj Fès. Il a été très professionnel, à l'écoute et patient pour répondre à toutes mes questions. Grâce à ses conseils, j'ai pu choisir l'offre qui correspond …","il y a un an"
"150","Fès","Chouchou Joujou","Service nul pas de réponse pas réaction de la part des agents","il y a un an"
"150","Fès","Farid Cheqqaoui","Le cervice pas bon il ne veulent pas même te donner de temps pour acheter le wifi je ne généralise pas la fille qui simpa et le sécurité il fait son travail mieux que le vendeur a les gents respo.sable il faut qui le change pour ne perdu du clients  Merci","il y a 4 ans"
"150","Fès","Aicha Rouzi","satisfaite et bon service ♥️","Modifié il y a un an"
"151","Fès","Sanae Abouche","Un grand merci
Lors de ma visite, l’agence était très fréquentée, mais malgré le monde et la pression, ce commercial a su rester professionnel, efficace et très à l’écoute. Il …","il y a 9 mois"
"151","Fès","Kenza BERRADA","je suis honnête de mettre une seul étoile d'ailleur il ne merite meme pas cette etoile mauvaise service et d'ailleur j'ai achete un telephone ils m'ont dit que j'avais un garantie d'une an mais le jour suivant quand je suis parti pour changer il ont refusé","il y a 6 ans"
"151","Fès","Driss Sbai","C est nul ce matin","il y a un an"
"152","Fès","Mohamed Mohamed","Excellent service et très serviable
Tellement que je veux","il y a un an"
"152","Fès","Anzid Brahim","Bon service et très serviable
Bon continuation mr karim","il y a un an"
"152","Fès","abdellatif abatani","Ravie de partager mon expérience clientèle avec ce lieu, surtout la bonne communication et services dont je suis fier. Lors d'un problème, je n'hésite contacter mon agence préféré. Là où le problème résolu.  Merci beaucoup Mr KARIM KHAOULAJ, Avenue MED 5 FES","il y a un an"
"153","Fès","Aboly : échiquier sans Roi. Said","Maroc Fès Nord-west : Orange.
Cite : Oued Fès. Rue OKba  Ben Nfiae. Près du Renpoint la fontaine.
Service : spécialisé dans les télécommunications, réseaux Wi-Fi. Cherche des
Les données sur le site Google Maps sont fausses, ainsi que les photos.","il y a 7 ans"
"153","Fès","Maria Tnn","Je suis très satisfait du service client. Le personnel est toujours disponible et à l'écoute. Une expérience positive à chaque visite !","il y a un an"
"153","Fès","ABDESSELAM TBER","Bon endroit le personnel est très aimable je recommande vivement.
Je remercie Mme Idrissi pour son excellent service et surtout le service après vente.","il y a 5 ans"
"154","Fès","Walid Rakkas","!!Un bon service,merci Anas","il y a 3 mois"
"154","Fès","ismail anglais","Très bon personnel, dommage que Anas n'est plus là c'était un agent classe. Apart tout le personnel est jeune et gentil","il y a 11 mois"
"154","Fès","Hassan Alami","Merci pour votre visite","il y a 3 mois"
"155","Fès","Zakariae Laalaj","Très bon service","il y a 2 mois"
"155","Fès","Jouhoune El houssine","Très bon expériences
Merci infiniment","il y a un an"
"155","Fès","Simo Alaoui","Bon service","il y a un an"
"156","Fès","Shinobi445","C'est marqué ferme à 13h, et à 12h40 il n'y a déjà plus personne...","il y a 6 mois"
"156","Fès","Ziyad Mernissi-raouf","Je tiens à partager mon excellente expérience à l’agence Orange de Fès. Dès mon arrivée, j’ai été très bien accueilli, et je tiens à remercier le responsable Nabil pour son professionnalisme et sa gentillesse. Nabil a su répondre à toutes …","il y a un an"
"156","Fès","mamoun mernissi raouf","J’ai été agréablement surpris par l’amabilité et la bienveillance du service de cette agence , le responsable Nabil m’a été d’une grande aide , son sourire, sa joie de vivre et sa rigueur de travail prouvent que c’est une personne dévouée et déterminée a faire avancer la franchise , je recommande vivement , merci .","il y a un an"
"157","Fès","Rita","Dernièrement j’ai commandé une eSIM avec 5G illimité pendant 7j à 120MAD. La 5G a duré 3j puis a arrêté de fonctionner. J’ai appelé le service client et après un appel de 50 minutes et après avoir parlé a 4 personnes différentes du service …","il y a 3 mois"
"157","Fès","Rajae Guennouni","Je tenais à partager mon incroyable expérience avec cette agence. Leur professionnalisme et leu expertise ont dépassé mes attentes. Un grand MERCI à toute l’équipe pour son travail de qualité.","il y a un an"
"157","Fès","Ironmaaax","10:24 am. L’agence doit être déjà ouverte","il y a 5 mois"
"158","Fès","Kawtar T","Il y a deux jours, je me suis rendue dans cette agence et je ne peux que souligner le professionnalisme, l’écoute et le respect du jeune homme qui y travaille. J’ai été très satisfaite des conseils et de la qualité du service. Malgré les …","il y a 2 mois"
"158","Fès","Toufik Chahed","On sera peut être pas champion du monde de foot, mais les champions de l'incompétence c'est certain. …","il y a 3 ans"
"158","Fès","IS BA","Presque 15 jours et pas de connexion par rapport a la fibre nous demandons un clé de dépannage mais pas de solution","il y a 11 mois"
"159","Fès","K. ARZ","La dame à la réception est serviable. Bon service.","il y a 4 semaines"
"159","Fès","Douae Zahri","Aucun texte","il y a un an"
"160","Fès","Zakaria Idriss","Aucun texte","il y a 3 mois"
"160","Fès","Loic Teinturier","Aucun texte","il y a 6 mois"
"161","Fès","Yassir Daoudi","Vous êtes les propriétaire de l'espace, soyez les bienvenues.","Modifié il y a 6 ans"
"161","Fès","Simo Simo","👍 …","il y a 5 ans"
"161","Fès","Bouchra Mh","Les travaux d'excavation et le bruit des vendeurs ambulants sont gênants, mais tout ira bien dans les prochains mois.","Modifié il y a 8 ans"
"162","Fès","Ayoub Lahnin","Mauvaise experience ..cette agence mal accueilli les clients...( la femme)","il y a 9 mois"
"162","Fès","Lenaa Martin","Mon mari et moi avons acheté une carte SIM et tout a été très rapide — excellent service.","il y a 9 mois"
"162","Fès","laila karfi","Vous ouvrez aujourd'hui ?","il y a 3 mois"
"164","Fès","Omar Taroufi","Bon accueil, un service à la hauteur, servi comme il faut. Je recommande vivement cette boutique orange","il y a un an"
"164","Fès","Sarah Sarahh","À chaque visite chez Orange à Fès, le personnel est très attentionné et prend le temps de bien expliquer les offres. Une équipe au top!","il y a un an"
"164","Fès","Brika Rajae","A travers mon expérience avec boutique  Orange mentionné je le recommande vivement vu l'accueil chaleureux des conseillers ainsi qu'ils ont un esprit d'empathie et de la patience avec les clients","il y a un an"
"165","Fès","Sébastien PANNET","Très bon ressenti après être passé dans cette boutique Orange, de très bon renseignements,  on sent que la personne s'y connaît elle est très commerçante.
J'aime trouver des personnes compétentes, j'y retournerai","il y a un an"
"165","Fès","MOUHSSINE DEBBAGH","Je suis passé à votre agence Orange ce matin, le service était minable, vous faites fuir la clientèle. Je ne recommande pas du tout.","il y a un an"
"165","Fès","Yasmine","Non professionnelle et comportement inapproprié 👎🏻 …","il y a 7 mois"
"166","Fès","ziad11 reda","Bon service merci ifiniment","il y a un an"
"166","Fès","Laila Bellehcen","Très bon service","il y a un an"
"166","Fès","King Ayoub","tres bon service","il y a un an"
"167","Fès","Hôtel Nouzha","Un monsieur très sympa, il explique tres bien tous les détails et veille a ce que le client soit dans la meilleure configuration de son abonnement.
Bon courage ! …","il y a un an"
"167","Fès","منوعات","L'agence était injoignable à partir de 18h35 et j'ai attendu jusqu'à 19h15. Finalement, je suis parti. Maintenant, je suis votre voisin. Je dois aller jusqu'en ville pour obtenir ce dont j'ai besoin. C'est vraiment dommage.","il y a 11 mois"
"167","Fès","AissamZouhri","mauvais service","il y a 2 mois"
"168","Fès","MR GEEK","Fermer dans les horaires de travail","il y a 7 mois"
"168","Fès","Taoufik Alla","Service de pointe","Modifié il y a une semaine"
"168","Fès","Chaima Mazella","Service excellent","il y a 4 semaines"
"169","Fès","youness el guenany","commercial nule
acueil nul
effectif sur cette agence à changer","il y a 4 mois"
"169","Fès","Hamza Louarti","Une agence avec un service médiocre, la conseillère n'a même pas  pris le temps de vérifier mon dossier ou bien traiter ma demande, la conseillère m'a fourni comme réponse, ' allez voir soit disant à l' agence principale ' chaque mois je me …","il y a 2 ans"
"169","Fès","Imad Chakir","Il faut respecte le temp de travail 3:30 et l'agence toujour fermer c'est un scam","il y a un an"
"173","Fès","Ayoub Rachidi","Bonne expérience, merci pour votre aide","il y a un an"
"174","Fès","Larbi Larbi","Merci . Tres bon service","il y a un an"
"174","Fès","Mohammed Elharchaoui","Merci bon Meilleur services sur cette agence","il y a un an"
"174","Fès","AYYOUB OUADA","Tres bon service ❤️❤️❤️❤️","il y a un an"
"175","Fès","Othmane El Mghari","Manque d'information, mauvais comportment, service inacceptable","il y a 2 ans"
"175","Fès","BRAHIM HADDOU","toujours fermé","il y a 2 ans"
"175","Fès","Said Samour","😒 …","il y a un an"
"176","Fès","naji zakaria","Expérience catastrophique dans cette agence. Une vendeuse a fait preuve d'un mépris total envers moi, refusant carrément de prendre en compte ma demande de résiliation. En plus, ma demande de souscription d un abonnement Box 5G. …","Modifié il y a 3 mois"
"176","Fès","Zakaria Naji","Bonjour,
Suite à votre réponse, j'ai suivi vos instructions et j'ai déposé une réclamation via le lien fourni. On m'a alors promis par email (Accusé de réception) une …","il y a 3 mois"
"176","Fès","Aziz Hajji","Mauvaise Expérience, manque de professionnalisme et de communication. Une résiliation souhaitée pour changer à la nouvelle offre, l'agence refuse sous prétexte que cette procédure se fait par téléphone. Orange a besoin de revoir ses collaborateurs.","il y a 3 mois"
"176","Fès","Ziyad Mernissi-raouf","Je tiens à partager l’agréable expérience que j’ai eu dans l’agence orange de chafchaouni. A mon arrivé j’ai directement été accueilli par Mehdi, une personne adorable, serviable et professionnelle, a su répondre à mes besoin et a su me conseiller. Je recommande fortement !","il y a un an"
"176","Fès","mamoun mernissi raouf","À mon arrivée , j’ai été chaleureusement accueilli  par un jeune homme souriant , respectueux et sérieux, sa rigueur et sa discipline de travail m’ont convaincu de prolonger mon aventure en tant que client avec orange , merci Mehdi .","il y a un an"
"176","Fès","Houssine Berrada","Meilleur service avec une magnifique agent","il y a un mois"
"176","Fès","Rais Youssef","Meilleur service","il y a un mois"
"176","Fès","Mahfoud Oumaima","Bon service","il y a un mois"
"176","Fès","ROOSBEL MICHAEL TAIPE CHANCASANAMPA","Le vendeur m'a arnaqué, il m'a facturé 90 dirhams et ne m'a donné qu'un jeton de 20 dirhams.","il y a un an"
"176","Fès","centre dentaire rais","Aucun texte","il y a un mois"
"176","Fès","Stof Rhoni","Aucun texte","il y a 3 mois"
"176","Fès","Mehdi Zahraoui","Aucun texte","il y a 3 mois"
"176","Fès","dounia OUABBA","Aucun texte","il y a un an"
"176","Fès","youssra eddai","Aucun texte","il y a un an"
"178","Fès","Mahdi Guemrani","Aucun texte","il y a 7 mois"
"180","Agadir","zakaria bouabid","Je tiens à laisser un avis très positif suite à mon passage à l’agence Orange Agadir ( SOUK EL HED )
Le technicien qui s’est occupé de moi ( ZAKARIA )  a été très professionnel, …","il y a 3 mois"
"180","Agadir","Jazz K","Très mauvaise expérience.
Je me suis rendu en agence aujourd’hui à 11h. Le vendeur était occupé à rire et discuter avec son amie et ne m’a pas pris en charge immédiatement. …","il y a 4 mois"
"180","Agadir","Omar Amajid","Un tout grand merci à Zakaria de l’agence qui fait preuve de disponibilité pour la clientèle. Je vous recommande Zakaria de cette agence il est au top !","il y a 8 mois"
"181","Agadir","Fatma ALI ABDALLAH","Pareil que d’autres commentaire je me suis faite avoir
Le gars m’a mis un forfait qui appartient à quelqu’un d’autre donc impossible pour moi de faire quoi que ce soit sur une carte SIM qui n’est pas à mon nom… …","il y a 7 mois"
"181","Agadir","Samira Amrhar","Bonjour
Prière de m’expliquer pourquoi c’est noté sur votre profil que votre agence orange est ouvert le dimanche de 14h30 à 21h00, et je
la trouve ,aujourd’hui  dimanche le 28 décembre 2025, fermée !!!!","il y a 3 mois"
"181","Agadir","ismail assenghour","Excellent accueil et très bon service. Soufiane a été professionnel patient à l'écoute de mes besoins il m'as recommandé LADSL une technologie d'internet efficace","il y a 7 mois"
"182","Agadir","Amine Boukharmous","Aucun texte","il y a un mois"
"182","Agadir","Assam Imane","Aucun texte","il y a 4 mois"
"183","Agadir","Carla","Service impeccable avec Mohamed","il y a 11 mois"
"183","Agadir","Mohamed Chagouti","Aucun texte","il y a un an"
"184","Agadir","Yasmine Dwiri","Par la présente, je tiens à vous exprimer mon profond mécontentement suite à ma visite dans votre agence.
Après avoir patienté dans la file d'attente, j'ai été confronté à un manque de …","il y a 3 mois"
"184","Agadir","janane nisrine","J’ai été très bien accueilli par deux agents. Ils m’ont beaucoup aidé, ont tout expliqué clairement et m’ont donné de très bons conseils. Leur professionnalisme était remarquable, surtout en comparaison avec les autres agences situées sur la même avenue.","il y a 3 mois"
"184","Agadir","Bilbo lafont","Pris carte sim 11 Go plus 1 h phone pour 100 drh..activation immédiate et contrôle credit ok...très rapide..merci","il y a 2 mois"
"184","Agadir","ogni car-LOCATION DE VOITURE","Très bon service chez Orange ! Le personnel est professionnel et accueillant. Mention spéciale à Brahim, très gentil et serviable. Franchement, j’ai beaucoup aimé le service. Je recommande !","il y a 6 mois"
"184","Agadir","Michel Lamothe","Bonjour, j’ai pris une darbox dans l’agence de Tiznit. J’ai payé janvier. En fevrier je me suis rendu dans votre agence j’ai payé février et j’ai demandé de clôturer mon dossier. J’ai payé en liquide et j’ai demandé si c’était bien résilié, …","il y a un an"
"184","Agadir","Nabil Ouchan","D'après mon passage à l'agence j'étais satisfait du service et du comportement de conseiller driss","il y a 6 mois"
"184","Agadir","Didier LANERES","Malgre fibre coupure toutes les 7 secondes habitant agadir hassane
En france jamais sauf inondation","il y a 2 ans"
"184","Agadir","أصل الأشياء","Merci pour le service et la compétence très particulière du personnel","il y a un an"
"184","Agadir","real zapp","Équipe au top. La commerciale était très compétente.","il y a 2 ans"
"184","Agadir","sa ka (paradox)","Belle équipe","Modifié il y a un an"
"185","Agadir","A M","OK, merci pour les renseignements !","il y a un an"
"185","Agadir","Radia Jeglaoui","Bien","il y a 4 ans"
"185","Agadir","KHAD OTMA","Aucun texte","il y a 5 ans"
"186","Agadir","Dounia Elwafki","La dame à l’agence ne fait preuve ni de respect envers les clients ni de professionnalisme. Elle ne respecte pas les horaires de travail et, à chaque déplacement, je trouve l’agence fermée malgré les heures d’ouverture. L’agence est plus …","il y a 3 mois"
"186","Agadir","Latifa Outaoussout","J’ai eu une expérience exceptionnelle avec vous  L’équipe est très professionnelle, respectueuse des délais et toujours disponible pour répondre aux questions. Le suivi est impeccable du début à la fin. Je recommande vivement cette agence à toute personne qui cherche un service fiable et de qualité. Merci à toute l’équipe","il y a 7 mois"
"186","Agadir","Mauricio Tuna","Il est 10 hrs de matin il y a personne, Maroc telecom just en face est ouvert depuis 8:30 hrs….👎 …","il y a 4 mois"
"187","Kenitra","Rhachi Nada","Le service est nulle pas de respect pour les clients  dans le site la fermeture a 19:30 ils m’ont dit que ils ont fini 18:50 et le gens de service m’ont attaqué parce que je le questionne pourquoi","il y a 6 mois"
"187","Kenitra","zaid bachiri","J’ai souscrit à la fibre optique chez Orange, mais à peine un jour après l’installation, la ligne ne fonctionne déjà plus. Aucun réseau, aucun service ! J’ai contacté le personnel en agence, mais on m’a répondu qu’ils sont juste des …","il y a 9 mois"
"187","Kenitra","Lat Ifa","Je me suis déplacé pour resilier le contrat de la fibre! Jai du attendre 40minute a l’agence pour ca  et quand j’appelle le service , on m’ informe que rien n’a été fait et qie je dois se deplacer encore une fois pour que ca soit fait!!! Je …","il y a 9 mois"
"188","Kenitra","belas asm","Grâce à l’aide et à la gentillesse de Nouhaila, je recommande vraiment cet endroit.
Elle a pris le temps de tout m’expliquer en détail et a été extrêmement …","il y a un an"
"188","Kenitra","ADJEMI HAYAT","Super acceuil je recommande cette boutique. Nouha est une personne qui vous accompagne et vous oriente vers le meilleur service possible en fonction de vos besoins et de votre budget j'ai pris pour ma société toute une flotte. Et même à distance elle est toujours dispo et a l'écoute 👍 …","il y a 2 ans"
"188","Kenitra","Yusuf Zyech","Boutique Orange qui n'existe plus ! ❌ Quelle perte de temps, le minimum aurait été de mettre à jour la fiche google. 0 sérieux.","il y a un an"
"189","Kenitra","MOUAD ERRMILI","Il est 10h30, il n’y a personne sauf la femme de ménage. Nous sommes quatre personnes en attente et la boutique est fermée. Ce n’est pas sérieux pour une agence Orange","il y a 4 mois"
"189","Kenitra","Mostafa Meliani","Service médiocre personnel mal formé les clients repartent bredouille insatisfait
Je suggère le changement du personnel","il y a un mois"
"189","Kenitra","Driss Raaidi","Pas de téléphone fixe ni site internet ni horaire de travail... 9h de matin et la gence est fermée.","il y a 2 ans"
"190","Kenitra","amine kamil","Orange Maroc une mauvaise expérience en terme de relation client et services après vente.
Après avoir opté pour une souscription en ligne d’un contrat Internet ADSL (vue …","il y a un an"
"190","Kenitra","sullyvan Thomas","Le jeune homme qui reçoit etre très gentil et connaît parfaitement son travail. Mais surtout il règle tout les problèmes en un temps record. Je recommande vivement.","il y a 2 ans"
"190","Kenitra","MARIAM JANAHtbjhnm","Le jeune qui travaille dans cette agence est très compétent dans son domaine. Il essaye de trouver une solution à ton problème","il y a un an"
"191","Kenitra","Salma Elgourmati","Bon service merci","il y a un an"
"191","Kenitra","Abdel Arab","Localisation erronee","il y a 9 mois"
"191","Kenitra","Ni Ya","Aucun texte","il y a 8 mois"
"192","Meknès","Salma jhilal","Je tiens à exprimer mon mécontentement concernant la fibre Orange. La connexion est toujours instable, les coupures sont fréquentes, malgré les réclamations auprès du service clients, aucune solution !!!!! …","Modifié il y a 3 mois"
"192","Meknès","Tobe Ray","Très bon service client . Un staff à l’écoute et le top en résolution de problème , respect pour eux","il y a 6 mois"
"192","Meknès","Kamy Kamli","Accueil plus que satisfaisant. Le personnel est à l'écoute pour expliquer au client les offres et régler rapidement tout litige. Depuis plusieurs années nous sommes clients et le resterons auprès de cette agence qui nous a toujours donné  satisfaction. Merci Orange.","il y a 2 ans"
"193","Meknès","Sarah Tahiribelhboub","Bonjour,
Hier je me suis rendu à l'agence du Marché
Central pour déposer une réclamation. Cela fait maintenant 7 jours que je n'ai …","il y a 3 mois"
"193","Meknès","khouman bilal","Très bonne expérience à la Boutique Orange. Mlle Souhayla Kadiri Telmçani est très serviable, professionnelle et accueillante.
Je recommande vivement.","il y a 3 mois"
"193","Meknès","lamrani salah","Service rapide et personnel professionnel.
Très satisfait de mon passage à la boutique Orange.","il y a 3 mois"
"194","Meknès","Wijdane Esseffahi","Un grand merci à Madame Sabah, conseillère chez Orange, pour son professionnalisme, sa disponibilité et sa gentillesse Elle est très à l’écoute, patiente et efficace. Grâce à elle, tout s’est déroulé facilement et rapidement. Un service client exemplaire.","il y a 3 mois"
"194","Meknès","Driss Driss","Personnel trés acceuillant Mme IMANE en agence baladia meknes  . Sourire aux clients .service àla hauteur. Je recommande cette agence","il y a 2 mois"
"194","Meknès","hanane saaidi","Excellent travaille d’équipe un bon accompagnement surtout madame Sbah merci beaucoup pour votre service","il y a 3 mois"
"195","Meknès","Mounia Habibi","L'horaire de clôture samedi est de 21h,je suis passé à 19h45, l'agence est fermé et une dame à l'intérieur m'a dit qu'ils ferment à 19h30. Je me suis déplacé que pour réactiver ma puce. Ce n'est pas normal de mettre des informations erronées en ligne...","il y a 5 mois"
"195","Meknès","S","Je fais le tour de la ville pour trouver un orange qui a une carte SIM prépayé, le premier est ouvert mais n’en a pas et ce orange est fermé alors qu’il est 15h28. Normalement ça ferme à 19h45 les samedi","il y a 9 mois"
"195","Meknès","larbi amine","Excellent service 👍
Excellent accueil et conseil
Performances de très haut niveau
Grand merci 🙏 …","il y a un an"
"196","Meknès","A. H","Au top.
Accueil et écoute.
Je recommande.","il y a 6 ans"
"196","Meknès","Abdessamad Aouine","Se trouve au milieu du quartier zitoun","il y a 6 ans"
"196","Meknès","ARISTO HSL","Meilleure agence","il y a 6 ans"
"197","Meknès","Imane Belghiti","⚠️ Mauvaise expérience.  Communication floue, processus pas transparent. On sent que l’objectif est seulement de vendre. Faites attention.","il y a 9 mois"
"197","Meknès","kenobi obiwans","Achète une carte prépayée parfait","il y a 4 mois"
"197","Meknès","Mohamed EL","Les services d'accueil des clients ne sont pas extraordinaires et pas mauvais, je pense que la qualité des services devrait s'améliorer et les réponses devraient être sans ambiguïté.","il y a 3 ans"
"198","Meknès","Souka ouchari Souka ouchari","Bon service merci","il y a un an"
"198","Meknès","mhamda monaime","Je vous remercie bcp pour le service","il y a un an"
"198","Meknès","Ilham EL OUARIACHI","Merci beaucoup pour le service fiable et l'écoute attentive vous êtes magnifique","il y a un an"
"199","Meknès","Malika Arij","Très bon service soukaina merci bcq","il y a 3 mois"
"199","Meknès","Naima Saroute","Très bon service soukaina merci beaucoup","il y a 7 mois"
"199","Meknès","El azzouzi Soukaina","Très bn service soukaina merci bcq pour ta gentillesse","il y a un an"
"200","Meknès","Lily Lia","Je tiens à remercier chaleureusement Jouhayna pour son excellent service chez Orange-WiFi. Elle a été très professionnelle, patiente et à l’écoute de nos besoins. Grâce à son aide, toutes nos démarches ont été simples et efficaces. …","il y a 3 mois"
"200","Meknès","chaimae Jdoua","Je suis originaire de la ville de Taza et je vais toujours dans cette agence pour la qualité de leur service, surtout grâce à l’employée  Jouhaina, qui s’occupe très bien des clients et leur montre beaucoup de bienveillance. C’est une …","il y a 5 mois"
"200","Meknès","snoussi ihssane","Je tiens à remercier chaleureusement la jeune demoiselle qui m’a accueilli aujourd’hui chez Orange. Dès mon arrivée, j’ai été impressionné par son professionnalisme, sa gentillesse et son écoute. Elle est non seulement charmante et …","il y a 10 mois"
"201","Meknès","Hiba Chhaibi","Très bon service","il y a un an"
"201","Meknès","Julien R.","Désastreux.
On m’envoie des techniciens pour rien soit disant qu’il y a un problème au niveau du boîtier pour la fibre. Quand on leur demande à quand un retour, incapable …","il y a 2 ans"
"201","Meknès","Bouchra Stitou","Bon contusion top service","il y a un an"
"202","Meknès","Meron Meron","J’ai fait une portabilité d’une linge iam vers orange dans cette agence. Tout est passé bien. Merci orange","il y a 2 ans"
"202","Meknès","lahlali anas","Meilleur agence au niveau du meknes j'adore les jeunes la bas sont seriviables","il y a 2 ans"
"202","Meknès","Fedwa Karamani","Satisfaite.","il y a 2 ans"
"203","Meknès","Bouchra Bouibker","Aucun texte","il y a 8 mois"
"204","Meknès","Sara Sawsan","🥰 …","il y a 2 ans"
"204","Meknès","Neoa7a7","💙💙 …","Modifié il y a 9 mois"
"205","Meknès","Morit","bon idée d'avoir des agences partout, pour un bon sevice
il faut juste réduire un peut les prix","il y a 6 mois"
"205","Meknès","Aziz Elhachimi","Marché borj","il y a 3 ans"
"205","Meknès","Nadia Ouihrani","Bien","il y a 2 ans"
"206","Meknès","Siham SAFI","A fuir!","Modifié il y a un mois"
"206","Meknès","bassatine phone","Aucun texte","il y a un mois"
"206","Meknès","Ismail El aaffif","Aucun texte","il y a 3 ans"
"209","Meknès","Abdelaziz el jarjini","Excellent aceuil
Excellent service
Bonne continuation","il y a un an"
"209","Meknès","Sana HILALI","Agent à l'écoute très accueillant","il y a un an"
"209","Meknès","Ali Medagni","Aucun texte","il y a un mois"
"210","Meknès","rayanemaroc Bannières","Merci orange","il y a un an"
"210","Meknès","Malika Malika","Merci Orange","il y a un an"
"210","Meknès","Ziiad Benmoussa","Aucun texte","il y a 5 mois"
"211","Meknès","Mohammed Benfriha","Agence toujours fermée ne respecte jamais le temps d'ouverture et de fermeture on dirait un commerce dont le propriétaire ouvre et ferme à sa guise.
10h30 et toujours fermée 18h30 fermée alors que dans les horaires est écrit de 9h30 à 20h
N'importe quoi","il y a un an"
"211","Meknès","Aicha Aloual","Satisfaite de vos services.
Merci Mme Naima","il y a un an"
"211","Meknès","Room Accessoire","Service excellent. Un grand merci à Mme Naeema pour son dialogue et sa compréhension.","il y a un an"
"212","Meknès","Mehame Soniy","Je félicite lagencier orange Mohamed ouislan meknes","il y a un an"
"212","Meknès","Nabil Zin","Bon service mohamed agence ouislane","il y a un an"
"212","Meknès","amine alaoui","Très bon réception","il y a un an"
"212","Meknès","Med Mahsoune","Bien accueill","Modifié il y a 4 semaines"
"212","Meknès","Mehdi Marzouki","Khdma n9iya","il y a un an"
"212","Meknès","Nissrine Houache","Bon traitement","il y a un an"
"212","Meknès","Youssef Bellout","Parfait","il y a un an"
"212","Meknès","Mohssine Gardoui","Aucun texte","il y a 6 mois"
"212","Meknès","Ayano Kouji","Aucun texte","il y a 9 mois"
"215","Oujda","Meryem Qorchi","Service professionnel et efficace, avec une grande qualité d’exécution et un vrai respect des délais. Je suis très satisfaite de cette collaboration et je recommande vivement Bellous Ibtissam pour son sérieux et son professionnalisme.","il y a 2 mois"
"215","Oujda","Siyou Fs","Un grand merci à Bellous Ibtissam pour son aide précieuse pour l'installation de ma connexion internet ADSL à mon domicile à Oujda. Elle a été super efficace et a rendu le processus tellement simple.","il y a 2 mois"
"215","Oujda","Asmae","Très bon service. Un grand merci 🙏 pour votre gentillesse et votre bienveillance .❤️
Bellous ibtissam …","il y a 3 mois"
"215","Oujda","Rachid Naig","Tres bn service, je suis tres satisfied pour cette belle commerciale
""Souriante, serviciable, ""bent nas
Ibtissam Bellous","il y a 2 mois"
"215","Oujda","Sara Oisti","Excellente expérience, bonne écoute et suivi sérieux. Je recommande sans hésitation.
C.C Bellous ibtissam","il y a 2 mois"
"215","Oujda","mehdi bensaid","Excellente et professionnelle, service rapide et sympathique.
L’agent Bellous ibtissam est top.
Merci","il y a 2 mois"
"215","Oujda","Akram LABED","Tres bon service et merci pour accueil de la part de Mme Kaoutar oujda","il y a 2 mois"
"215","Oujda","Ilias El","Accueil chaleureux et très bon suivi bravo
Ibtissam bellous ❤️","il y a 2 mois"
"215","Oujda","Kamal Oujda","Un grand merci à Kawtar pour son accueil chaleureux et ses excellents conseils","il y a 2 mois"
"215","Oujda","ARI TUSS","Great expérience and hight qualité service and so much respect thank you orange
Bellous IBtissam","il y a 2 mois"
"216","Oujda","mohammed kaddari","J'ai eu le plaisir d'être un des clients de Mme Chouik depuis 2008, et je tiens à souligner son professionnalisme et son expertise. Elle a su répondre à toutes mes attentes avec une grande efficacité et a toujours fait preuve de réactivité …","il y a un an"
"216","Oujda","hamri Ahmed","Agence très serviable.merci beaucoup","il y a 6 mois"
"216","Oujda","Soukayna Louarradi","Bonjour
J ai passé ce matin à cette agence pour une information l agent m'a bien accueille très bon service","il y a un an"
"217","Oujda","Ben bilal Salma","Bonjour,
Nous sommes passés aujourd’hui à votre agence pour installer le Wi-Fi à la maison, mais nous vous avons trouvés fermés. …","il y a 3 mois"
"217","Oujda","Azdine Benblal","Bonjour,
Je souhaiterais avoir des informations concernant l’installation du Wi-Fi chez Orange. …","il y a 3 mois"
"217","Oujda","Abdel Gue","Service nul ! Personne a l'écoute ! Une fois l'argent encaissé pas de réclamation même 2 heures après l'achat ! J'avais demandé à la vendeuse si le réseau est accessible par tout ,sa réponse était oui ! Où j'habite aucun signal 1/10 ! …","Modifié il y a 8 mois"
"218","Oujda","Rachid Ajouaou","Aujourd'hui j'étais à l'agence Orange Lazaret bd Allal El Fassi franchement j'ai été bien accueilli par Mme Zohra et M. Salah Eddine et m'ont présentés un très bon service avec beaucoup d'informations. …","il y a 2 mois"
"218","Oujda","Mohamed Segmani","Services catastrophique a la part d’un fille voilée elle a pas envie de travailler du tout en plein de conversation il touche a son téléphone sur les réseaux sociaux service nul j’ai annulé d’être un client chez vous","il y a 2 mois"
"218","Oujda","tarek bekkaoui","Bon relation client je recommande volontiers","il y a 3 mois"
"219","Oujda","sherine chica","Professionnel","il y a un an"
"219","Oujda","Bilal","Excellent service","il y a 2 ans"
"220","Tetouan","Dina Youmouri","Service absolument déplorable chez Orange Maroc. Ma mère a souscrit une offre Unifi, a payé comme demandé, mais elle n’a jamais eu de réseau chez elle. Cela fait plus d’une semaine qu’elle attend, et malgré cinq visites à l’agence, rien n’a …","il y a 11 mois"
"220","Tetouan","Hmida Elaoui","J'ai acheté un téléphone chez eux, mais ils ne m'ont pas fourni le contrat d'achat en raison d'un problème technique. Je suis revenu plus tard et j'ai été informé que le contrat avait disparu. Leur comportement est inapproprié, ce qui nuit …","il y a 10 mois"
"220","Tetouan","Sam New","service client top merci soukaina","il y a 4 mois"
"221","Tetouan","Aniss AZZABAKH","J'ai acheté un appareil wifi de 600 Dh hier mercredi 7 janvier de cette agence, agence Orange avenue des FAR de Tétouan et le vendeur était TAIBI Zakaria.
Le wifi travaille très bien et tout est en règle.","il y a 3 mois"
"221","Tetouan","SOULAIMAN BENHSSAIN","Je tiens à exprimer ma profonde déception vis-à-vis du service ADSL fourni par l'agence Organe. J'ai souscrit à un abonnement ADSL le 8 octobre, mais depuis cette date, je n'ai pas pu utiliser le service, car la connexion Internet ne …","Modifié il y a un an"
"221","Tetouan","Youness EL HARTI","Manque de respect et de professionnalisme de la part de la personne chargée de recueillir les clients ! Son service est massacre.
Elle ne sait même écouter à vos demande et s'explique d'une manière qui ne peut …","il y a 2 ans"
"222","Tetouan","Ihsane Wahabi","Un numéro de téléphone, s'il vous plaît :)","il y a 10 mois"
"222","Tetouan","Mohamed almaghribi","Aucun texte","il y a un mois"
"222","Tetouan","Faris Ali","Aucun texte","il y a un an"
"223","Tetouan","Mhn chentoufi","Expérience formidable","il y a 6 mois"
"223","Tetouan","Taoufik Ridaoui","Aucun texte","il y a 7 mois"
"223","Tetouan","tarik addali","Aucun texte","il y a 7 mois"
"225","Tetouan","OMATEL SARL","Agence orange","Modifié il y a un mois"
"225","Tetouan","Nabil Irt","Je n'aime pas ça","il y a 5 mois"
"225","Tetouan","Akram Hamjan","Parfait","il y a 5 mois"
"226","Tetouan","OMATEL SARL","Aucun texte","il y a un mois"
"226","Tetouan","Adam Boumohcine","Aucun texte","il y a 9 mois"
"226","Tetouan","Abdelwahab El-kahoch","Aucun texte","il y a un an"
"228","Safi","Simohammed bouaraich","Aucun texte","il y a 3 ans"
"228","Safi","Abdullah Oujra","Aucun texte","il y a 4 ans"
"229","Safi","Nora Fahym","Bonjour,
Incompétence, après une semaine des aller retour toujours notre problème n’est pas résolu, faites attention avant de choisir cet opérateur","il y a 3 mois"
"229","Safi","Sila Belmri","Bon service merci mr redouane serviable et bien accueillant","il y a 10 mois"
"229","Safi","Rbayae Mohamed","Est ce que je peux avoir votre numéro de téléphone d'agence svp","il y a un an"
"229","Safi","Oussama Oussama","Bon service
merci","il y a un an"
"229","Safi","Ghizlane yacoubi","Bon service","il y a un an"
"229","Safi","عادل باكي","Très cool","il y a un an"
"229","Safi","abdelaali ait kassi","bon service","il y a un an"
"229","Safi","Mohamed Ailla","Après 12 jours d'attente, le Wi-Fi n'est toujours pas arrivé. Le service est un échec total.","il y a 2 mois"
"229","Safi","الصياد و البحر","Un accueil chaleureux et un service irréprochable pour assurer le confort des clients d'Orange.","il y a 3 ans"
"229","Safi","Ammora Samir","Bon traitement de la part de l'employé","il y a 2 ans"
"229","Safi","Redouane Safi","Service rapide et accueil au top","il y a un an"
"229","Safi","Sabir Harouch","Musa Harroush","il y a un an"
"229","Safi","Omar Joud","Aucun texte","il y a un an"
"229","Safi","ghizlane yacoubi","Aucun texte","il y a un an"
"230","Safi","Lamia Sakoumi","C'est un bon homme
Agence propre
Vendeur serviable","il y a un an"
"230","Safi","Marirh Khaoula","Très bonne service","il y a un an"
"230","Safi","brahim izmaoui","T bien","il y a 6 ans"
"231","Safi","Mohamed Laafaoui","Bonjour Espace service fidélité depuis plus de 23 ans pour leur dévouement aux clients bonne continuation","il y a un an"
"231","Safi","rajae aaraifa","Bon service 👍 …","il y a un an"
"231","Safi","Baqqali Med Ali","Bon service","il y a un an"
"232","Safi","Med Ti","Aucun texte","il y a 9 mois"
"232","Safi","Hassan Chfina","Aucun texte","Modifié il y a 10 mois"
"232","Safi","Keltoum Benbari","Aucun texte","il y a 10 mois"
"233","Safi","Badre Boudrouri","Bon service","il y a 4 mois"
"233","Safi","hamada laared","Bon service","il y a un an"
"233","Safi","nabila bouraddane","Facilité de transaction","il y a un an"
"235","El Jadida","El hin","Mauvais service !
Je suis arrivée à la boutique à 10h10 alors que l’ouverture est prévue à 10h,La boutique est ouverte mais il n’y a personne à l’intérieur. …","il y a 5 mois"
"235","El Jadida","anouar laaouatni","J’ai regretté aller dans cette boutique et d’avoir acheté une carte orange, la jeune fille est d’une incompétence et d’une vulgarité sans limite. Une recharge a été effectué sur le numéro de la esim et dès que c’est fait le numéro a changé. …","il y a 9 mois"
"235","El Jadida","rachid rami","j ai donné une etoile par ce que j ai pas trouvé moin , j ai vecu une tres mauvaise experience dans ce magasin et j ai regreter de s abonner a orange , tres mauvais service , apres un mois j ai demandé de resilier mon abonnement","il y a un an"
"236","El Jadida","Omar express","Service excellent, offres régulières","il y a 3 mois"
"236","El Jadida","Rachida Sakhraoui","Super 👍👍👍 …","il y a 8 mois"
"236","El Jadida","Hind Sakhraoui","Bon service","il y a un an"
"237","El Jadida","Ghassane Ibrahim","Une seule dame s'occupait de tous les clients ; elle était très gentille et attentionnée, mais la file d'attente pouvait être longue.","il y a 6 mois"
"237","El Jadida","Omar express","Orange
Bureau d'Orange","il y a 6 mois"
"238","El Jadida","Iss Im","Bonjour .
Je me suis rendu sur cette agence pour un simple service mais malheureusement la damme m'a dit qu'il n'est pas possible d'effectuer mon opération et qu'elle …","il y a 4 mois"
"238","El Jadida","Mohamed Montasir","Un merci spécial à la personne avec la barbe  pour son professionnalisme, son écoute et sa patience,Il a su répondre à toutes mes questions avec clarté.","il y a un an"
"238","El Jadida","Sylvain bilhaut","comment on vous joint? pas de téléphone?","il y a 7 mois"
"239","El Jadida","Mustafa Mohamad","Mauvais service","il y a un an"
"239","El Jadida","khalid alkhldo","mauvais cnx","il y a 11 mois"
"239","El Jadida","Chouaib Chetouani","Aucun texte","Modifié il y a 2 mois"
"241","El Jadida","Hammou","Excellent service, la damme à l'accueil est très sympa, à l'écoute et propose des solutions concrètes ! Je recommande cette agence ✨","il y a 6 mois"
"241","El Jadida","adam ben Khadra","Depuis le 26 décembre 2024, ma connexion Internet via la fibre optique est coupée, et malgré mes paiements réguliers et mes nombreuses tentatives de contact avec Orange, aucun effort n’a été fait pour résoudre ce problème. Le service client …","il y a un an"
"241","El Jadida","Fadwa Elhosni","Il ´y’a une panne internet depuis 2 jours sans aucune solution de leurs part j’appelle le service client ils m’ont dis qu’ils peuvent rien faire et que si j’ai besoin d’internet il faut que j’aille à l’agence de Orange et je dois acheter …","il y a 10 mois"
"242","El Jadida","Mouhib Wahed","A éviter surtout à sala aljadida. Ça fait 15 jours que ma ligne fibre optique orange est down sans aucune intervention de leur part malgré mes relances et mes réclamations chaque jour.
Service nul.","il y a 2 mois"
"242","El Jadida","Marwane Alilouch","Mauvaise expérience avec la connexion de fibre optique 200 mega ces derniers mois,  avec plusieurs réclamation sans retour. Sala el jadida résidence Salima av Hssain. J'ai demandé l'intervention d'un technicien, Silence Radio.","il y a 2 mois"
"243","Taza","Taza Taza","Tres bon service tres bon accueil. Merci l equipe 😊 …","il y a 3 mois"
"243","Taza","Racha Racha","Très bon service,un grand merci pour tout le personnel a sa fiabilité et sa attention","il y a un an"
"243","Taza","Tiplok Bolikm","Très satisfait du service je remercie tout le personnel pour son efficacité et sa courtoisie","il y a un an"
"244","Taza","Ammouri Zayna","Merci beaucoup vous êtes hyper gentil","il y a un an"
"244","Taza","يوميات سيدة تازية","Très belle équipe 👍👍 bon courage …","il y a un an"
"244","Taza","Hanan Rabiy","Très bon service","il y a un an"
"245","Taza","Aziz Rauouzi","Merci beaucoup, vous etes géniales","il y a 3 mois"
"245","Taza","Badrdin","Bon personnel et excellents services","il y a un an"
"245","Taza","Dynar BOUTHOUYAK","Service excellent","il y a un an"
"246","Settat","Ghita Nour-ellil","Service client déplorable. Après plusieurs appels et promesses non tenues, ma situation reste inchangée. Les conseillers ne sont ni à l’écoute ni efficaces, et les délais de résolution sont interminables. Orange, c’est clairement l’exemple parfait d’un service qui ne respecte ni ses engagements, ni ses clients","il y a 10 mois"
"246","Settat","Elhor Radouan","Excellent service,  personnel très pro et à l'écoute. Bonne continuation 👏👏 …","il y a un an"
"246","Settat","Abdo mob","Les conseillers/vendeurs n'ont pas même les informations essentiels pour répondre à des questions basiques sur des offres sur le site orange, en plus ils essaient d'inventer des trucs bidons pour couvrir sur la manque d'info, il n'y a pas …","il y a 2 ans"
"247","Settat","aimnsour abdeali","Mr mohamed bonne service merci","il y a un an"
"247","Settat","Said Bassou","Très bon service","il y a un an"
"247","Settat","Oz RS channel","Très bon service","il y a un an"
"249","Larache","boss hixam","L'imprimante ne fonctionne pas pendant un mois. Vous n'avez même pas la possibilité d'acheter une imprimante, comment résolvez-vous les commandes des clients ? Trouvez-vous cela normal?","Modifié il y a un mois"
"249","Larache","Haytame Samsung","L'employé était très serviable et a répondu à toutes nos questions","il y a un an"
"249","Larache","Bilal Amzieb","Bon service","il y a un an"
"250","Larache","Malak Dahbi","mauvaise qualité de service par la femme .toujours système en panne et nous oriente  vers cash plus
aucune considération pour l'image de marque d'orange
Ce conduite oblige les gens à  réfléchir pour changer d'opérateur","il y a un an"
"250","Larache","Team Zetroszone","Attention, ce sont des voleurs ! Ils m'ont extorqué 200 dirhams pour deux mois de coupure de service, et au bout d'un mois, ma ligne a été bloquée pour non-paiement. J'ai dû payer 99 dirhams supplémentaires à Orange pour que ma ligne soit …","il y a 2 ans"
"250","Larache","محمد بوعناني","Ta3mole momtaz","il y a un an"
