num_agence,Name,Comment,review_year,review_month,review_day,sentiment_score,topic,comment_length
1,Yassir Miftah,"Bonjour @(lien non disponible), je suis déçu par le manque de services en ligne proposés par votre entreprise. J'ai demandé à changer ma carte SIM pour une eSIM, mais je suis obligé de me rendre à l'agence pour finaliser la demande. De",2026,5,29,-0.81,carte sim et réseau,235
1,IS App,"J’ai eu un problème de carte SIM, j’appelle le service client depuis un mois. « Problème technique » en cours de traitement. Ils nous parlent de 72h max, j’en suis à un mois",2026,3,30,-0.66,carte sim et réseau,173
1,My Name,Je souhaite partager une situation regrettable que je vis actuellement avec INWI. J’ai réalisé une demande d’installation de fibre optique via un contrat digital.,2026,4,29,-0.43,internet fibre et box,162
2,Michaël Saro,"À chaque fois que je souhaite réaliser une démarche dans cette agence. Cela ne fonctionne pas. Les responsables devraient remettre de l’ordre, car c’est consternant. Dans ces conditions, là, il vaut mieux fermer l’agence que la laisser ouverte.",2026,7,28,-0.65,attente en agence et personnel,244
2,محمد سرود المسلم,"Un mauvais service, j'ai acheté un routeur idar-duo hier, et votre conseiller ma confirmer que la ligne sera active l'après midi et jusqu'à maintenant la ligne est inactive, et quand j'ai lui parler il a confirmé que la ligne est activée,",2020,7,29,-0.98,internet fibre et box,238
2,Jamila Drissi,Très mauvaise agence j ai rechargé 100dh qui n est pas passé je me demande si c'est pas dans la poche du vendeur en plus leur téléphone est faux,2022,7,29,-0.95,attente en agence et personnel,144
3,Ирина Чермянина,"ils travaillent très longtemps ! Je suis venu ce matin et j'ai attendu 30 minutes. Il y avait 2 filles qui travaillaient, pourquoi ne valorisent-elles pas le temps de leurs clients ? Embauchez plus de personnel, mon temps est précieux !",2025,9,1,0.62,attente en agence et personnel,236
3,Atar Inspirations,"Quand un conseiller clientèle parle anglais et ne veut pas rassurer un anglophone par téléphone, c’est une preuve de non professionnalisme ! Il réponds pas à toute mes question mais quand lui il veut, aujourd’hui la personne n’a pas voulu travailler à 10h du matin. Il m’a simplement énervé !!!!",2025,10,31,-0.77,service client et assistance,295
3,Arnaud Darbon,"Très bonne expérience avec cette agence. Le personnel est accueillant et bien informé, prêt à répondre à toutes mes questions. J'ai particulièrement apprécié la rapidité avec laquelle mon problème a été résolu. Le cadre est moderne et",2026,7,28,0.97,attente en agence et personnel,234
4,Jalil Oussama,"Agent de boutique totalement incompétent : aucune connaissance, aucune aide, perte de temps totale. Service honteux dans cette agence inwi.",2025,12,30,-0.6,attente en agence et personnel,139
4,Ahmed AbouSaad,J'ai eu une trés mauvaise expérience avec cette Agence. J'ai fait une commande d'une carte SIM et on m'a appelé pour confirmer  et on m'a dit que la carte est disponible a l'Agence.,2026,7,28,-0.97,attente en agence et personnel,181
4,zora,"Mon expérience avec cette agence (à côté de station tram nations unis) a été extrêmement décevante, principalement en raison du comportement agressif et irrespectueux de la part d'un certain conseiller . Non seulement il m'a parlé de",2024,7,28,-0.85,attente en agence et personnel,233
5,David Pinto,"Attention arnaque. L'agence vend les box fibres assurant que l'immeuble est connecté. Quand le technicien passe, il s'avère que l'immeuble n'est pas connecté à Inwi. Quand on retourne à l'agence, ils ne veulent pas annuler la commande et",2026,4,29,-0.81,internet fibre et box,237
5,Brahim Jaouhari,La conseillère ne connaît pas les procédures internes du groupe. J’ai dû payer 300dh alors qu’elle pouvait me faire un remboursement. Je ne conseille vraiment pas,2025,12,30,-0.48,facturation et prix,162
5,Tarik Janati,Super acceuil et efficace ! Bravo inwi👏,2026,3,30,0.98,autre,39
5,Noura Chahby,Très bon service Merci soukaina,2026,3,30,0.98,attente en agence et personnel,31
5,Nabila -,"Service incompétent. On me fournit une carte sans me remettre de contrat, on resilie sans mon consentement mon forfait de 250dh payé, au bout de 4 jours sans me prevenir. Lorsque j'y vais, on me dit seulement ""désolé on peut rien faire""",2024,7,28,-0.71,carte sim et réseau,236
5,JB,"Un des Personnel était agréablement gentil et serviable. Il nous a tout expliqué d'une manière claire et précise. Par contre, lors d'une deuxième visite pour un autre service, on était surpris de la froideur et l'accueil d'une autre",2021,7,29,0.5,attente en agence et personnel,232
5,Aurore Bertin,Pire sav du monde ! Fuyez !! Le vendeur vous dit tout un tas de choses fausses à savoir que vous allez recevoir un avis de paiement et résultats rien et vous vous apercevez que votre ligne,2020,7,29,0.52,attente en agence et personnel,188
5,Leo Jeanjean,Entreprise de voleur !! Ne jamais allez chez Inwi ! Facile de prendre une box soit disant sans engagement mais pour la restitution très compliqué ! Ne veulent pas vous rendre votre argent en échange de ma box ! De plus la connexion internet est de très mauvaise qualité fuyez !,2023,7,29,-0.92,internet fibre et box,277
5,Hind AZIZ,"Arnaqueur ..  !!!!!    je suis partie pour payer ma facture le conseiller ma donner une facture et non pas le reçu, quand j'ai verifié le règlement que j ai effectué au niveau de l'agence n'étais pas passé, je me suis dépacée a une autre",2022,7,29,-0.82,facturation et prix,237
5,TARIK BENSOUM,Les employés de cette agence ne sont pas à jour des nouveautés de service que propose leur entreprise. J'ai dû appeler le service client par téléphone pour demander les informations que je cherche.,2024,7,28,-0.4,attente en agence et personnel,197
5,manon Abadie,"Agence ne donnant pas toutes les informations à ses clients et les traitant sans aucune considération. J'ai demandé des excuses et ce qu'ils allaient Faire pour que la situation ne se reproduise plus, le responsable m'a repondu rien. Agence a fuir!",2023,7,29,-0.8,attente en agence et personnel,248
5,Ezzaim Abdessamad,Je me présente en plein horaires de travail ! Le mec me fait signe que c'est fermé le temps qu'il bouffe son sandwich !!!!,2021,7,29,-0.51,autre,122
5,soundouss alaoui,Service rapide et très bon accueil,2025,9,1,0.97,attente en agence et personnel,34
5,chorfi naji,Personne ne réponds au téléphone Agence n’a de téléphone,2025,10,1,0.0,service client et assistance,56
5,Mao,"Nul. Personnel inexpérimenté, Non professionnel et pas accueillant.",2019,7,30,-0.8,attente en agence et personnel,67
5,Mus Bel,Bon accueil agents compétents satisfait,2023,7,29,0.95,attente en agence et personnel,39
5,Maha Sadi,Très bon service et équipe à l'écoute,2019,7,30,0.98,attente en agence et personnel,37
5,Rezzouqi Walid,La pire entreprise telecom au Maroc,2023,7,29,-0.71,autre,35
5,Akrame EL MEZIANE,Réactivité et sympathie de personnels !,2024,7,28,0.54,autre,39
5,Nadiejna L 11,Très bon accueil de Hicham,2020,7,29,0.97,attente en agence et personnel,26
6,Sami,J’ai acheté un wifi sa fais 2mois il marche même plus quand je joue à la ps5 sa fais que beuger n’acheter jamais c nul Maroc telecome a vis inwi pire marque de wifi,2025,10,31,-0.54,internet fibre et box,164
6,Sony Ekfal,"La jeune fille qui travaille dans cette agence, il faut qu'elle apprenne la relation client car le comportement c'est zéro. Les clients ne sont pas tes copains du lycée.",2026,7,28,-0.64,attente en agence et personnel,169
6,Hafid Koutoubia,N Vous avez consomme  1 min 47 sec. Il vous reste 5 h 47 min  44 ss nationales ou 5 Go 772 Mo.Consultez le detail de votre solde en appelant le 1202 ou en composant *120*30#,2020,7,29,0.45,autre,173
7,Abde ssamad Elaissaoui,"Service déplorable. J’ai effectué une demande de portabilité, j’ai payé le forfait et activé la carte SIM, mais celle-ci n’a jamais fonctionné.",2026,4,29,-0.86,carte sim et réseau,143
7,MERR,"Très déçu par le service client. J’ai payé mon abonnement avant la date d’échéance, pourtant ma ligne a quand même été coupée sans raison valable.",2026,4,29,-0.95,attente en agence et personnel,146
7,Taoufiq Omar,"Dommage que nous ne pouvons pas mettre moins d'une étoile! Service deplorable, une semaine d'attente pour une simple activation d'une carte SIM donc je decide de me rétracter, service client nul! Des réponses en copier-coller! A fuir",2026,5,29,-0.9,attente en agence et personnel,233
8,Eddy Opina,"Je ne savais pas qu'on pouvais etre sans cœur face aux problèmes des autres, aujourd'hui j'ai perdu mon téléphone, j'avais juste besoin qu'on m'aide a retrouver mon numéro INWI pour m'aider a retrouver mon téléphone mais la fille qui tenais",2026,1,29,-0.57,service client et assistance,240
8,Bi Moi,"Ne souscrivez jamais à Inwi pour la fibre ou autre. Ils sont nuls, ça fait 1 semaine je n'ai pas internet quand tu appelles tout ce qu'ils savent dire c'est je relance la demande au service concerné depuis 1 semaine !!!!!!!!! Je suis en",2026,1,29,-0.54,internet fibre et box,236
8,Wissal Achiri,Ils sont fermés w katbin ouvert ! Rectifiw les horaires svp !,2025,12,30,0.77,autre,61
9,Yassin EL.,En travaux quand j’y étais ! Je ne sais pas si elle est toujours sous le fanion INWI ?!,2025,11,30,-0.63,autre,87
9,Ziad Bouahim,Nul g rien à dire dautre,2025,11,30,-0.47,autre,24
9,Ayman Lasgues,Je déconseille fortement. J'ai changé l'offre de i-Dar Duo à L'ADSL et ils m'ont pas expliqué que je dois résilier l'offre i-Dar Duo avant l'ADSL. J'ai pris le pack dépannage pendant 2 mois avec une avance de 200DH (tu signes une contrat,2022,7,29,-0.78,internet fibre et box,237
10,Mehdi Moussa,"Le personnel est super agréable. Toujours à l’écoute, toujours poli, toujours à essayer de trouver des solutions pour les clients. Si vous lisez ce message bravo et merci",2023,7,29,0.94,attente en agence et personnel,170
10,Med Amine Bennani,"Service minable, que ça soit la part de inwi ou de l'agence. À éviter",2025,11,30,-0.8,attente en agence et personnel,69
10,Mohamed Amine Benyezza Ettaghi,Bon acceuil et service approuvé,2018,7,30,0.93,attente en agence et personnel,31
11,Lux Tunes,"Je suis allé récemment à cette agence Inwi. Il y a une personne qui travaille là-bas, et elle est vraiment professionnelle et très sympathique. Elle m'a offert un service excellent, m'a expliqué tout clairement et rapidement, et a été très",2025,10,1,0.87,attente en agence et personnel,239
11,ABDELHADI OUMBARK,"Service impeccable ! Très satisfait du service reçu. La personne était professionnelle, à l’écoute et vraiment au top. Je recommande sans hésiter !",2025,10,1,0.82,attente en agence et personnel,147
11,Kabira Azouhri,Personnel agreable nottamment l agent que j e frequente la plupart du temps service de bonne qualite,2019,7,30,0.65,attente en agence et personnel,100
12,Adam Abdeljabbar,Très peu de personnel longue file d’attente et les siège sont vraiment pas confortable c’est littéralement des banquettes bas de gamme posée directement au sol !,2026,1,29,-0.6,attente en agence et personnel,161
12,Ettore Dimarul,Agence catastrophique déjà la il y a une seule personne c'est tout alors que c'est l'une des plus grandes de Casa. Ensuite j'ai eu un problème de paiement a cash plus quand je leurs donne mon num,2026,4,29,-0.85,attente en agence et personnel,195
12,Jade dolores,"Aucune compétence, aucun professionnalisme. Heureusement que je savais exactement ce que je voulais, car les explications étaient inexistantes. Incapables d’aligner une phrase correcte, et ça parle de leurs primes devant les clients comme",2025,9,1,-0.61,autre,238
13,Miloud Aayar,"Un personnel qui manque de compétences, amabilité ou encore pire de formation en accueil. Merci de m'avoir envoyé vers la concurrence",2026,1,29,-0.74,attente en agence et personnel,133
13,Imane Jafir,"Je passe chez la dame sur place elle m'informe que le système ne marche pas jusque là pas de souci puis je lui demande quels sont les horaires de travail afin que je puisse passer pendant que l'agence est ouverte, elle me dit je suis là en continue. Quand je passe maintenant il n y a personne, pire service qui existe.",2024,7,28,-0.54,attente en agence et personnel,319
13,Zakaria TAFOIKI,"Service nul concernant le contact clientel , normalement dans une agence on doit bien expliquer au clients et leurs faciliter les chosea , mais ce n etait pas le cas pour moi .. Merci de faire transmetre le message aux responsables pour qu'ils puissent au moins faire des formations en decipline a leurs personnels",2021,7,29,0.0,attente en agence et personnel,314
14,nouhaila yousfi,"Merci beaucoup Imane, c'était vraiment un service très agréable , je suis satisfaite 🥰",2026,7,28,0.93,attente en agence et personnel,86
14,Adil Marhi,Service après après-vente médiocre. Les opérateurs Télécom profitent de la fermeture du secteur face à une vraie concurrence et de la protection de l'état pour dépouiller les clients dépourvus de toute option de recours ou de défense,2020,7,29,-0.57,attente en agence et personnel,233
14,Gabriel Alami,Des voleurs Caution de 700 dh non remboursée Débit très mauvais sur la box 4g,2026,7,28,-0.85,carte sim et réseau,77
15,Imane Souieh,Service décevant. Le personnel n’est ni accueillant ni professionnel et ne m’a pas aidée du tout. Très mauvaise expérience,2026,3,30,-0.86,attente en agence et personnel,122
15,Yass,"Nullllll comme Service, boutique nullllllll",2026,5,29,0.4,attente en agence et personnel,43
15,Xcad Cfd,"Ce n'est pas une boutique, mais juste un stand!",2025,12,30,0.0,autre,47
16,Bila moustaid,"Très déçue par cette agence Inwi. Je me suis déplacée spécialement en me fiant aux horaires affichés (et confirmés en ligne), mais à mon arrivée, l’agence était fermée sans aucun avis, ni",2025,10,1,-0.94,attente en agence et personnel,187
16,Abdou Maataoui,Ouverture tres en retard il est 9h30 est toujours fermé alors que sur le panneau ouverture a 9h00,2026,7,28,-0.5,autre,97
16,reda Tech,"Très mauvaise expérience à l’agence Inwi de Marjane Casablanca. L’employé, dont je crois que le prénom est Achraf, a refusé de m’aider avec mon contrat alors qu’il avait clairement la possibilité de le faire. Son attitude était totalement",2026,7,28,-0.98,attente en agence et personnel,238
17,christophe julio,"Service client professionnel et serviable ils étaient à l'écoute et coopératif avec moi 👍, merci khoya et bonne continuation.",2026,2,28,0.85,attente en agence et personnel,125
17,Ali Embary,"Personnel compétant et à la hauteur serviable, rien à dire",2024,7,28,0.7,attente en agence et personnel,58
17,Ahmed MOULOUD,Il y a personne à 11h du matin. Seba comme on dit !,2020,7,29,0.39,autre,51
18,salma igzouz,"Process très long, à quel moment une agence ne dispose pas de stock de QR pour les cartes eSIM la seule solution que la conseillère me donne, c'est de faire le tour des agences à Casablanca, et traquée où se trouve la disponibilités des QR le code pour que je puisse profiter de mon numéro pleinement MDR la chasse au trésor",2026,2,28,-0.52,attente en agence et personnel,324
18,nouhaila khechani,"Le commercial qui porte des lunettes est irrespectueux, il me parle comme si j’étais son ennemi. TRÈS DÉÇU",2026,4,29,-0.91,autre,106
18,Said Ait-tahar,"Jamais on a vu une boutique fermée pour pause, et encore moins 30min avant la fin",2025,11,30,-0.44,autre,81
19,abdelilah,Bon service,2026,2,28,0.92,attente en agence et personnel,11
19,mo1960 simo,"Service moyen, lieu exigu pour une agence de télécommunications présente dans tout le Maroc",2022,7,29,-0.42,attente en agence et personnel,91
19,Mohamed Esslimy,Il ont dés agents très serviable.,2022,7,29,0.44,autre,33
20,Adil Saoud,Je ne recommande ni les offres ni les abonnements ni le réseau inwi Et encore moins leur assistance.,2026,7,28,0.0,carte sim et réseau,100
20,anas alaouicherifi,Tu trouves des gens accueillant,2021,7,29,0.88,autre,31
20,Taoufik Bahmad,sympatic .serieux .,2022,7,29,0.61,autre,19
21,lamia,"service 0 ""les conseillers"" ne servent à rien à chaque fois que tu leur demandent quelque chose ils te donnent un certain numéro à appeller mais ce numéro ne répond pas équipe incompétente que ce soit les "" conseillers"" les "" électriciens "" ou même le ""service à la clientèle"" je ne recommande. pas cette agence une équipe de bras cassé !",2026,7,28,-0.49,attente en agence et personnel,338
21,Abd errazzak,Service null 👎 pas des chaises 👎👎👎,2025,12,30,0.0,attente en agence et personnel,34
21,Yann Kevin,Très bon accueil et service excellent . Très satisfait,2019,7,30,0.98,attente en agence et personnel,54
22,mohammed sabir,"Malheureusement,ils ont encore besoin d'apprendre à mieux se comporter avec les clients",2026,7,28,-0.55,autre,87
22,Abdessamad Tibharine,Service très très nul je crois même pas que c’est une agence inwi vrai. A ne pas visiter du tout ils font que des arnaques. De préférence visiter d’autre agence inwi.,2023,7,29,-0.62,attente en agence et personnel,166
22,Youssef MAHMOUD,Service rapide par des gens qui connaissent leur travail. Dommage que leur voisins ne sont pas comme ça.,2019,7,30,0.43,attente en agence et personnel,104
23,Abderrahim Benamor,"boutique impeccable , j'ai attendu mon tour, mais malheureusement le préposé  ne peut faire la recharge  d'internet pour mon gsm c'est pour cela le service avec une étoile 🌟  pour la gentillesse :la faute à  qui?j'espère que j'aurais une réponse.",2025,12,30,-0.7,carte sim et réseau,246
23,Ali Embary,"Elle est proche de chez moi,le service est puisque les clients font eux même le bon travail devant  les deux guichets à l,absence d,un sécurité devant l,agence",2022,7,29,0.81,attente en agence et personnel,159
23,Ibrahim Rajawi,Très mauvais traitement et manque de disponibilité des deux routeurs,2025,10,1,-0.97,autre,68
24,Babacar Sarr,Trop nul. J’ai changer de tel et oublier de transférer ma carte e-sim l’agent me dit que c’est impossible de récupérer mon numéro je dois acheter un nouveau numéro. Je part à l’agence qui est au rond-point il me règle mon problème en moins de 20minutes. Très déçue,2026,5,29,-0.89,carte sim et réseau,264
24,Zineb Taghi,"Une honte!!!!!!!! La conseillère Inwi m’a littéralement arnaquée pour faire ses ventes. Elle m’a fait croire que j’étais obligée de changer d’opérateur, a promis de résilier mon",2026,2,28,-0.75,autre,177
24,hafid raghai,vraiment mauvais service client j'ai annuler mon abonnement un certain temps j'ai trouvé que l'abonnement est encore ouvert j'arrive pas à comprendre,2026,3,30,-0.97,facturation et prix,149
25,François F,"Qualité du wifi médiocre, même pas 1 méga. Le service client ne fait rien pour proposer une solution. Fuyez cet opérateur !",2026,7,28,0.34,internet fibre et box,123
25,Essoudi Rachid,L'agence imwi-HAY SALAMA se retrouve dans le boulevard MOHAMED BOUZIANE à côté du café ALHAOUDEJ et en face du snack TANJA.les agents de cette agence sont très  serviable ils font un grand effort à fin de satisfaire les clients. Bon courage vous êtes intéressés par un grand nombre de citoyens.,2019,7,30,0.92,attente en agence et personnel,294
25,Mou Hm,Service agence hay salama nulle,2026,7,28,-0.45,attente en agence et personnel,31
26,Nana Nanaa,"Y avait un conseiller un jeune homme qui était gentil serviable et à l'écoute, maintenant y a une jeune qui n est pas à l'écoute et n'a même pas l'envie d'expliquer et de répondre à ma question, a chaque demande elle dit appelez le 220 , j'ai fait le passage aujourd'hui et hier , une agence bien située mais le service nul",2026,3,30,-0.39,attente en agence et personnel,323
26,PPF MAROC,"Je ne recommande pas cette agence, elle est très mauvaise Le moment choisi est irrespectueux J'ai demandé à changer ce réseau Wi-Fi Je ne le recommande pas 👎👎👎",2026,2,28,-0.95,carte sim et réseau,159
26,mb Magri,Très mauvais service. On achète un abonnement en expliquant l'urgence du besoin. Mais le Monsieur oublie peut-être d'activer la ligne. On appelle numéro non attribué alors qu'il s'agit d'un opérateur téléphonique.,2022,7,29,-0.98,attente en agence et personnel,213
27,hamza maziane,Top service client bon continuation,2022,7,29,0.85,attente en agence et personnel,35
27,Dolly Vitta,le service est nul,2022,7,29,0.0,attente en agence et personnel,18
27,Nouhaila Nouri,Bonne service,2023,7,29,0.97,attente en agence et personnel,13
29,Ra Bab Ira,"⭐️⭐️⭐️⭐️⭐️ L’ancienne agence manquait clairement de propreté et de décoration. Mais depuis le changement, tout a été transformé !",2025,10,1,0.57,attente en agence et personnel,129
29,Bila moustaid,"Après m’être déplacée vers une première agence Inwi, fermée sans aucun avertissement malgré les horaires affichés, je me rends dans une deuxième agence inwi ´jawharà  pour découvrir qu’elle n’a pas accès à Internet.",2025,10,1,0.0,attente en agence et personnel,215
29,Nader A Hamid,M mauvais service agent désintéressée,2019,7,30,-0.92,attente en agence et personnel,37
30,Fleur Rose,"Pourquoi mentir,et laisser les gens se déranger Je suis passé hier, la boutique est au travaux et fermé",2026,1,29,-0.71,autre,103
30,alaoui jaouad,Excellent acceuil par Mehdi.Superbe.,2026,1,29,0.96,autre,36
30,Najib BenSeffaj,L'offre modem 4G est pleine de frais cachés!! 100 dhs de garantie et 200 dhs de frais d'activation 😏 En fait vous payez le modem ZTE très très basique à 300 dhs!!!,2020,7,29,0.49,carte sim et réseau,163
31,Stéphane Koman,"Meilleur Agence ,je recommande, j'aime surtout l'accueil et leurs respects... Bravo a vous je donne 10 étoiles",2022,7,29,0.98,attente en agence et personnel,110
31,Nisrine Chami,à 18h on doit attendre la dame jusqu'à ce qu'elle finisse son repas pour nous répondre allez dans une autre agence.,2026,7,28,-0.5,attente en agence et personnel,115
31,Abdellah El amri,Personnel très sympathique. Je suis excessivement satisfait de l'efficacité des produits inwi. الله إعمّر ها دار.,2024,7,28,-0.49,attente en agence et personnel,113
32,ouiam ferhane,"Un mauvais service, c’est catastrophique , il répondent plus au téléphone même le service est nul a déconseiller",2026,5,29,-0.98,attente en agence et personnel,112
32,fayçal nachit,"Une bande d'arnaqueur, le service technique d'inwi annule ma demande d'installation ADSL, et les deux incapables de ce point de vente refusent de récupérer le routeur et de me remettre mon dépôt de 100dh.",2026,7,28,-0.81,internet fibre et box,204
32,fay saw,"Les agents dans ce point de vente sont incompétents, et des arnaqueurs, refusent de rembourser 100dh de dépôt pour un adsl qui n'a pas été posé sous excuse qu'il y'a un bug dans le système.",2026,7,28,-0.87,internet fibre et box,189
32,Amine Khalid,"Le 24/06 à 10h30 du matin, je me suis rendu à l'agence d'Abdelmoumen afin de souscrire à l'offre ""VACAY"" chez inwi. L'opératrice présente m'a informé qu'elle devait vérifier avec son supérieur hiérarchique s'il y avait des démarches",2024,7,28,-0.6,attente en agence et personnel,232
32,Isma Belloua,"Service médiocre, ça fait une semaine que j’attends qu’on vienne pour m’installer le wi-fi, j’appelle personne ne répond alors qu’on devait venir me l’installer deux jours après",2026,7,28,0.35,attente en agence et personnel,177
32,Abdelilah Lebrigui,Très mauvais service d'INWI et de cette agence en particulier. A éviter.,2026,7,28,-0.97,attente en agence et personnel,72
32,Safaa Ait bouyoussef,Service médiocre/manque de responsabilité. Évitez cette agence.,2026,7,28,0.36,attente en agence et personnel,63
32,fahed,Trop lent . Une personne pour gérer j'ai du attendre 45mn pour être reçu,2020,7,29,0.51,autre,72
32,elhaila amine,Agent non serviable C’est toujours fermé avant l’heure de fermeture,2023,7,29,-0.68,autre,67
33,Hicham Alaoui,"J'étais plus sur l'agence a côté celle d'🍊, le monsieur est vraiment très serviable, compétant s'il y avait plus de 5 étoiles j'aurais mis plus",2023,7,29,0.7,attente en agence et personnel,143
33,zakaria marzougui,C'est la ou je paye mes factures,2018,7,30,-0.53,autre,32
33,Ahmed Taha Belmekki,Fermée la plupart du temps,2020,7,29,-0.47,autre,26
34,bineta toure,La personne ouvre la botique mais n’est pratiquement pas présent elle est dehors tout le temps,2026,2,28,0.0,autre,94
34,Salim Ettani,L'agent en charge manque radicalement de compétences relationnelles de base. Son language de communication est à la limite de celui de l'homme de neanderthal. Ça vous dégoûte complètement d'y rentrer une deuxième fois.,2026,7,28,-0.65,autre,218
34,Celestic Tarot,L'agence ne répond pas après que j'ai acheté la box chez eux et j'ai eu un problème avec celle-ci 👎👎👎👎,2022,7,29,-0.5,internet fibre et box,102
36,M6 Communication,"Très bon accueil Mr Oussama, service impeccable très gentille il respecte les clients ainsi que chacun son tour nous le souhaitons une bonne continuation Bravo Bravo",2025,12,30,0.98,attente en agence et personnel,165
36,mohamed amir azzouz,"Très bon accueil (Mr khalid), service impeccable ont vous trouver la solution adéquate rapidement.",2025,12,30,0.93,attente en agence et personnel,98
36,Abdel Fattah Belaouni,"Inwi , un mauvais choix d’internet Adsl ou modem 4g",2026,3,30,-0.94,carte sim et réseau,51
36,abdelhak Chahbouny,"Je tiens a remercier le chargé de clientèle ""Kamal"" pour son accueil, sa compréhension et son service professionnel. 👍",2026,7,28,0.82,attente en agence et personnel,118
36,mehdi ab,pas du tout serviable et ignorant des procédures !,2025,11,30,-0.56,autre,50
36,KHADIJA SOUGNI,"Accueil très chaleureux, compétence",2025,11,30,0.51,attente en agence et personnel,35
36,anaslaajily,Je souhaite adresser mes sincères remerciements à toute l’équipe Inwi Casa Port pour la qualité de leur accueil ainsi que leur professionnalisme exemplaire. Et surtout Mme safae qui est très sympathique et accueillante.,2026,7,25,0.73,attente en agence et personnel,219
36,Souleymane Diallo,"Un très bon service, agent à l’écoute et maîtrise bien le produit. 07/avril/2027 10h20 AM",2026,7,14,0.97,attente en agence et personnel,89
36,Lmeme idrissi,La fille comptoir n a aucune ma compétence par rapport au client. Elle était sur son téléphone alors nous nous sommes présenter pour des informations pour un abonnement. L agence était vide et nous avons attendu 10 min avant,2026,7,7,0.0,attente en agence et personnel,224
36,Vladi,Nous avons acheté une carte SIM à 49 dirhams pour 11 Go.  Le conseiller était poli. 👍,2024,7,28,-0.48,carte sim et réseau,85
37,Ahmed Lasry,Il n’y a pas d’agence inwi au Morocco mall. Ça sert à rien de se déplacer. Merci de supprimer cet emplacement qui n’existe pas,2026,7,28,-0.46,attente en agence et personnel,126
37,nisrine benouakas,Tres insatisfaite de leur service . Une inscription a la fibre depuis plus d un moi . Aucun instaltion na ete faite aucunr reponse de leur part meme apres plusieurs réclamation... je ne recommande pas la fibre chez inwi .,2023,7,29,-0.9,internet fibre et box,221
37,Housseini TOUMANI (Osin),Problème réguliers qui prend beaucoup de temps a être traité,2023,7,29,0.53,autre,60
38,Ahmed Amine Bousnane (A736),"Je me suis rendu à l’agence Inwi afin de récupérer ma nouvelle carte sim avec conservation de numéro et changement de plan tarifaire,  a mon grand étonnement on m’a annoncé que ce numéro est enregistré, mais pas à mon nom !! Alors que j’ai  tous les documents qui prouvent bien que ce numéro m’appartient !!!",2020,7,29,0.54,carte sim et réseau,308
38,hakim lazraq,Très bon accueil,2021,7,29,0.99,attente en agence et personnel,16
38,Sam Stone,Bon service,2020,7,29,0.92,attente en agence et personnel,11
39,Abdellah Manha,"Il faut vraiment formé les gens sur l'accueil, car c'est une catastrophe faite un effort",2026,2,28,-0.81,attente en agence et personnel,88
39,cen el,"Le pire service qu'on a jamais vue , pour une installation de fibres optiques qu'on a signé le contrat depuis le 21/08 et on est le 03/09 personne nous a contactés.",2026,7,28,-0.52,internet fibre et box,164
39,Taoufiq Mouhcine,On vient pour payer nos abonnements et le monsieur nous dit qu'il est actuellement pas possible de faire des paiements. Il faudra revenir 30 minutes après. On revient et on nous dit qu'on peut pas payer par carte. Il me semble qu'on est en 2023. En plus le monsieur est désagréable avec sa clientèle.,2024,7,28,-0.69,facturation et prix,300
40,hicham belg,Inwi ( arabe : إنوي ) (anciennement connu sous le nom de Wana ) est une entreprise de télécommunications au Maroc. C'est une filiale du groupe SNI et du groupe koweïtien Zain .,2020,7,29,0.51,autre,176
40,Bernard Pauporté,Cette agence n'existe plus,2023,7,29,0.0,attente en agence et personnel,26
40,Fikri Rouhi,Pas mal,2020,7,29,0.41,autre,7
41,Driss Moustaghni,Le bureau est très étroit on brûle de chaleur dedans les gens font la queue dehors sur le trottoir la climatisation évacue à travers un tuyau dehors sur la tête des passants,2024,7,28,-0.77,attente en agence et personnel,173
41,soraya Sorayati,Service nul ..,2026,1,29,-0.55,attente en agence et personnel,14
41,Mohamed OULEHIANE,.l'agent n'avais pas de téléphone pour dépanner.,2026,7,28,-0.47,service client et assistance,48
43,Amine 123,"Si je pouvais mettre un 0 je l’aurai mis et même moins, un staff impoli, tout sauf compétent,  parle tres mal, on dirait limite qu’on est mendiant de leur service! Ils nous sortent des excuses pour ne pas donner le service! HONTE A VOUS!!!",2026,2,28,-0.95,attente en agence et personnel,239
43,Dalila malak,"J'ai compté rentrer chez moi avec une box, hélas je suis rentré avec les nerfs...agent non complètemente...non polie...molle...fait passer d'autres clients alors que j'étais devant eux...bref inwi doit revoir son recrutement....",2025,10,1,-0.86,internet fibre et box,228
43,aline aline,"Certains employés manquent clairement de professionnalisme, en particulier une dame dont j’ai oublié le nom, mais dont le comportement mériterait d’être revu !",2025,10,31,-0.83,attente en agence et personnel,159
44,Fetah Fallouki,"Très mauvaise expérience a l’agence Inwi 2mars aucun accueil Je suis monté voir la personne qui s’occupe de la branche buisness, aucun accueil la personne est une femme avec un foulard qui été concentré sur son tel c’est",2026,7,28,-0.96,attente en agence et personnel,220
44,Rouchdi Youssef,"Nous avons souscrit à un abonnement Inwi dans le cadre d’un retour de ligne pour notre société. À ce jour, et malgré une semaine écoulée depuis le dépôt du dossier,",2026,3,30,0.42,facturation et prix,164
44,MOURID El Mehdi,Personnel incompétent. Pour un changement de carte sim pour un numéro qui m'appartient depuis plusieurs années. on me refuse le changement sous prétexte que la ligne n'est pas à mon,2025,10,1,-0.57,carte sim et réseau,181
45,Majda JAMAI,"Le personnel manque clairement de formation en service client, ils montrent clairement qu'ils ne veulent faire aucun effort sur leur travail, Je n’ai même pas eu le temps de clarifier ma demande qu’on m’a répondu “le système ne fonctionne",2026,3,30,-0.63,attente en agence et personnel,238
45,Brahim Amnoun,"Service null, j'ai perdu mon temps pour arriver à 11h. Et finalement on me dit que je dois revenir dans l'aprem car ils ont l inspection !!!!!",2022,7,29,-0.63,attente en agence et personnel,142
45,Anthony Adam,Bonne experience et bon conseil.,2025,11,30,0.99,autre,32
46,D R (Who),"L'agent est simpa et serviable ,Merci d'ajouter le numéro du téléphone d'agence correcte C'est 2025  ....",2025,11,30,0.66,attente en agence et personnel,105
46,mohamed massika,Magasin pour les services Inwi de téléphonie et d'internet,2022,7,29,0.82,autre,58
47,Celine-Emmanuella Adalia Iwenga,"Sincèrement, service nul. C’est bien beau d’être gentil et accueillant mais les vas-viens à nos propres frais pour les mêmes soucis c’est fatiguant d’autant plus qu’on paye ! Wifi payé depuis un mois, 0 installation, pour l’annulation il",2026,3,30,0.65,internet fibre et box,237
47,zina nour,"Je suis déçu du personnel de cette agence, la personne accueilliante n'est pas professionnelle du tout,j'ai payé une recharge internet de 100dh,puis il m'a dit que le numéro est suspendu et que c'est trop tard il peut rien faire.Norlalement",2025,11,30,-0.82,attente en agence et personnel,240
47,Hh Hindouna,"Un passage chez inwi Aeria mall cette matinée le samedi 9 août 2025,le monsieur travaillant ce jour là était très désagréable, non respectueux,franchement c'est de l'arnaque,cette agence à éviter !!!",2025,11,30,-0.95,attente en agence et personnel,199
47,mohammed hilout,Agence fermée à 16h le 29/07/2025. Aucun sens de responsabilité.,2025,11,30,0.0,attente en agence et personnel,64
47,Hassan SAADAOUI,Y a personnes entre 4h30 et 15h15,2026,1,29,0.41,autre,33
47,Issam Bouqayes,Service rapide agent très réactif et professionnel.,2026,7,28,0.55,attente en agence et personnel,51
47,Mona Ksibi,"Pire expérience client de ma vie. La fibre n’a jamais marché, le technicien n’est jamais venu, service client inutile en boutique et au call center alors qu’on s’y est rendu plusieurs fois pendant 2 mois. Je déconseille fortement les",2026,7,14,-0.68,internet fibre et box,233
47,David Hatch,"C'est de loin le plus beau magasin Inwi que j'aie jamais vu. Très moderne et élégant, presque comparable à ce qu'on trouve en Amérique ou en Europe. En revanche, le service client laisse à désirer et vous devrez patienter entre 30 minutes et une heure avant d'être pris en charge.",2026,3,30,0.54,attente en agence et personnel,280
47,Alex Santaella Torcello,"Un service pourri, j'ai des problèmes depuis le premier jour. J'ai d'abord dû attendre six jours pour avoir une connexion sur mon téléphone, puis ils coupent mon Wi-Fi toutes les semaines, et je dois venir leur demander de le réactiver.",2026,7,28,-0.62,carte sim et réseau,236
47,Artemijs,si lent que tu peux mourir et renaître à nouveau,2026,1,29,-0.54,autre,48
47,A. Ketre,Je n'ai jamais eu d'accès internet via InWi-Fi  Il n'y a qu'un seul employé dans l'agence. Il faut attendre longtemps pour répondre aux besoins des autres clients !,2026,7,28,-0.43,attente en agence et personnel,164
47,Oumayma Laamiri,Service client impeccable et personnel très agréable 👍👍,2024,7,28,0.52,attente en agence et personnel,55
47,Ritaa,Service client déplorable ! Surtout la dame qui était là.,2026,7,28,-0.94,attente en agence et personnel,57
47,nina dobrev,"La dame qui travaille dans cette agence est vraiment très désagréable. Nous sommes venus aujourd'hui vers 18h, car nous sommes tous abonnés à Inwi dans la famille. Nous voulions poser une question concernant notre forfait.",2026,7,28,-0.82,carte sim et réseau,222
47,Fares dehbi,"Gestion déplorable ! Ils ont collé un autocollant dans leur magasin indiquant que leurs horaires d'ouverture pendant le Ramadan, après l'Iftar, sont de 21h à 23h (comme vous pouvez le voir sur la photo). J'ai attendu 30 minutes, et toutes",2026,7,28,-0.93,autre,238
48,soukaina nafia,Ils ont un bon service,2019,7,30,0.97,attente en agence et personnel,22
48,Saber Zakariz,Les beaux jours la popularité,2019,7,30,0.91,autre,29
48,Amin Aithaddou,Service nul,2020,7,29,-0.45,attente en agence et personnel,11
48,زكرياء سابع,"Agence Inwi, Derb Sultan, rue Al Fida, près de la place Sraghna.",2021,7,29,0.46,attente en agence et personnel,64
49,Lahcen Oubijjane,"J'ai fait un abonnement d'internet optique a Firdaous, actuellement j'ai déménagé à Anfa et quand j'ai demandé le transfert pour la  nouvelle adresse pas possible car il n'ont pas d'installation optique et pour résilier,i m'ont exigé la",2021,7,29,-0.73,internet fibre et box,236
49,HAKIM DAOUDI,Absence de l'agent commercial tout le temps et l'absence de réseau. ... L'imprimante ne fonctionne pas pour avoir une facture. ...,2019,7,30,-0.66,carte sim et réseau,130
49,cheikhouna Bamba soumano,Le monsieur qui est là bas va vous faire perdre de la clientèle il est raciste en plus il n'est pas accueillant.,2022,7,29,-0.92,autre,112
49,Medson Sarl,"Bon accueuil, mais je suis plutôt client IAM .",2019,7,30,0.68,autre,46
49,Crash Oui,Absence d'agent commercial constament. Pas de service CMI. Manque d'outil de travail.,2019,7,30,-0.47,attente en agence et personnel,85
49,abdelilah el hassani,Pas beaucoup de choix en ce qui concerne les téléphones,2020,7,29,0.0,autre,55
49,zohra Cheji,Zohra El réfléchir très bien 1,2022,7,29,0.89,autre,30
49,Fils Akwe,La pire agence Inwi,2024,7,28,-0.5,attente en agence et personnel,19
49,Jaber Abouilyass,Pas mal espace un peu petit,2019,7,30,0.5,autre,27
49,Hamid Radi,Pas d'abonnement internet,2019,7,30,0.0,facturation et prix,25
49,katalina 91,Bon service,2026,7,28,0.92,attente en agence et personnel,11
49,Karim Said,Passable faible réseau,2020,7,29,0.56,carte sim et réseau,22
49,Joris Koumba,Bonne agence,2020,7,29,0.94,attente en agence et personnel,12
49,mohamed es-sbai,Des agents de métier.....,2019,7,30,0.47,autre,25
49,Rezki Youssef,Super,2019,7,30,0.78,autre,5
49,Majid,recharge téléphone,2019,7,30,0.47,carte sim et réseau,18
49,be happy,Lieu de travail,2019,7,30,0.67,autre,15
49,Yousra You,Lieu de travail,2019,7,30,0.67,autre,15
49,Prosper Sunkyedong,Service déplorable. J'avais l'impression qu'il me rendait service.,2019,7,30,-0.8,attente en agence et personnel,66
49,Abdesslam Elbakri,indisponible,2022,7,29,0.74,autre,12
49,Ujjal Halder,Service très mauvais,2022,7,29,-0.91,attente en agence et personnel,20
49,Fernand Lionel aristide Konan,Inwi,2022,7,29,0.52,autre,4
49,S Mahmoudi,Bn,2020,7,29,0.4,autre,2
49,Jamal Eddine Elidrissi,Correct,2019,7,30,0.5,autre,7
49,laaguel khadija,Beauséjour,2019,7,30,0.6,autre,10
50,Oualid Miloudi,"La meilleure agence que j'ai jamais visité, avec un personnel incroyable. Ils ont traité mon problème comme si c'était le leur.",2026,7,28,0.55,attente en agence et personnel,127
50,Bouchehboun Mbarek,"Rien de particulier. Toutefois,  sur le plan d'assistance technique beaucoup de choses restent à faire",2022,7,29,0.36,autre,102
50,prince zengaïs tanga,J'adore,2020,7,29,0.76,autre,7
50,karim berri,Bon service,2022,7,29,0.92,attente en agence et personnel,11
50,Bassana Géraud,Super,2020,7,29,0.78,autre,5
50,Omar Miri,Une agence offrant un bon service et sans foule.,2022,7,29,0.87,attente en agence et personnel,48
50,Mehdi Berrekkal,Service super lent,2024,7,28,0.61,attente en agence et personnel,18
50,stanley leo Reinhard,Grand moi,2019,7,30,0.82,autre,9
51,nabil chadi,Il n’ont pas de pack dépannage!,2025,10,31,-0.52,autre,31
51,youness syad,Bonne réception . J ai pas beaucoup attendu dans la queue .,2022,7,29,0.88,attente en agence et personnel,59
51,Abdellah Mouhssine,Tres bon service avec une bonne qualité,2024,7,28,0.98,attente en agence et personnel,39
51,Jaouad Had,Ils ont des Super forfaits internet et mobile,2022,7,29,0.91,autre,45
51,M D,très mauvais service (0 professionnalisme).,2022,7,29,-0.96,attente en agence et personnel,43
51,willy PIQUE,Très bon services et rapide,2022,7,29,0.98,autre,27
51,هشام الطاوسي,Service médiocre,2025,10,1,0.66,attente en agence et personnel,16
51,Hajar FETH,Très bon service,2018,7,30,0.98,attente en agence et personnel,16
51,0XxAngelOFDethxX0,Fermé pour aucune raison .....,2023,7,29,-0.49,autre,30
51,Abdelbasset Benlemkaddem,Bon service,2024,7,28,0.92,attente en agence et personnel,11
51,YAHYA Informatique,Bien,2024,7,28,0.75,autre,4
51,faycel mastour,Bon,2020,7,29,0.91,autre,3
51,adil ghardaoui,😇,2024,7,28,0.42,autre,1
51,EL GARAB Larbi,Petite agence inwi,2018,7,30,0.49,attente en agence et personnel,18
51,haizoune noureddine,Asse bonne,2021,7,29,0.92,autre,10
51,Ami InePro,Agence de inwi saada,2019,7,30,0.45,attente en agence et personnel,20
51,Driss Ait hmadou bram,Le personnel de Serbis Ayan Li Tama a fait preuve de manque de professionnalisme lors de l'accueil et des soins.,2024,7,28,-0.67,attente en agence et personnel,112
51,mero momo,"Boutique et centre de téléphonie  Ici, vous pouvez acheter des téléphones ou vous abonner au réseau Inwi.",2020,7,29,0.73,carte sim et réseau,105
51,hamim mouhamd,L'un des plus beaux endroits sur lesquels la municipalité ou la communauté a travaillé,2023,7,29,0.92,autre,86
51,Next level,très bien,2024,7,28,0.97,autre,9
51,Mohamed Amer,Service clientèle 0000,2024,7,28,0.5,attente en agence et personnel,22
51,محمد,Bienvenue à Dakhla,2021,7,29,0.72,autre,18
52,TARA AMGLEMB,Petite boutique qui ne paye pas de mine mais le personnel est super👍👍👍👍,2026,5,29,0.0,attente en agence et personnel,71
52,Raayne El Haraki,mauvaise service ! c mieux de changer mec et remplacer avec autre personne bien éduqué et respectueux,2026,7,28,-0.94,attente en agence et personnel,101
52,lilbfy,cette agence est si mauvaise,2023,7,29,-0.95,attente en agence et personnel,28
52,C.K variety,Mauvaise accueil,2022,7,29,0.76,attente en agence et personnel,16
52,Human On the Earth,Efficace,2023,7,29,0.49,autre,8
52,MiDo TouTa,👎👎,2024,7,28,0.42,autre,2
52,Mohamed EN-NAKHALI (‫محمد النخالي‬‎),Service client.,2019,7,30,0.53,attente en agence et personnel,15
52,Yassine Hadoui,Formidable,2018,7,30,0.68,autre,10
52,Abdessamade Achoub,Si ton frère li dyr ndadr da lia 50 dh ou glt lih rj3 l camera ou mbghach wlkin mmfakch m3ah kishbni jay mn... O comment m3rfnich wld bernoussi o ra 3arf rasso daba ou chb3an dwada dil nasb,2026,7,28,-0.46,autre,189
52,Younes El MOUTAMASSIK,Service nul,2025,12,30,-0.45,attente en agence et personnel,11
52,Olar Opi,Le mas qu'il travaille là-bas est si gentil,2021,7,29,0.39,autre,43
52,Hachmi Zakaria,Zakaria H,2018,7,30,0.62,autre,9
52,كوتر casa,Le plus doux,2022,7,29,-0.86,autre,12
53,Abdeslam Tay,"Personne alliant compétence et professionnalisme commercial à la différence des 2 personnes du rond point Tizi Ousli qui m'ont fait revenir trois fois (12, 13h30 et 15h30) sans résultat (résiliation de mon abonnement Inwi).",2024,7,28,-0.51,facturation et prix,223
53,Mehdi Sofyane,"Très mauvaise comportement avec les clients, je résilie mon abonnement avec inwi",2024,7,28,-0.98,attente en agence et personnel,80
53,fahd,C'est bien passé . j'ai demandé des infos et j'ai la réponse .agent professionnel maîtrise son métier.,2020,7,29,0.71,autre,102
53,Sadisco Sarl,Sadisco climatiseur splite carrier Avec bon prix,2021,7,29,0.84,facturation et prix,48
53,casa- 2025,Très bien,2019,7,30,0.99,autre,9
53,Mounir Jlila,Bon service,2019,7,30,0.92,attente en agence et personnel,11
53,Mustapha RADI,La Basse,2024,7,28,0.46,autre,8
53,Abderrahim Elmodn,"Endroit magnifique, qui mérite d'être visité.",2021,7,29,0.53,autre,45
53,البيضاوي البيضاوي,eau,2021,7,29,0.51,autre,3
53,Ikbal Ikbal,Correct,2019,7,30,0.5,autre,7
54,Karima (“Karima”),"Après résiliation de mon abonnement idar suite à de gros problèmes de debit, je n'ai pas été remboursée du prix du routeur que j'ai retourné (500 dh car contrat sans engagement), un bug ""informatique""dans leur système selon le commercial de",2026,7,28,-0.76,facturation et prix,240
54,Said M,Bon,2019,7,30,0.91,autre,3
54,ju manji,L'opérateur ennovant,2019,7,30,-0.51,autre,20
54,Hayat Kssiour,Haut niveau,2021,7,29,0.55,autre,11
54,Tabit LAAMOURI,Bons services,2019,7,30,0.93,autre,13
55,Human On the Earth,Nul. Le conseiller ne prend pas le temps de renseigner les gens. Il se lève avant qu'on ait fini de parler avec lui. Ne connait pas son métier et est incapable de répondre aux questions. Impolitesse incroyable. A croire que certains ont un,2024,7,28,-0.84,service client et assistance,239
55,achraff Taj,le mr et compétent a l'écoute et donne des conseils. bravo. je suis client satisfait.,2024,7,28,0.96,autre,85
55,MOHAMMED M,Service zéro et numéro téléphone d’agence erroné,2022,7,29,-0.54,attente en agence et personnel,48
55,Mahjoub Dihi,Le vendeur est sympathique,2018,7,30,-0.46,attente en agence et personnel,26
55,Sa Gueye,"Par ce que,  je veux localiser une téléphone",2021,7,29,0.44,service client et assistance,44
55,ilham abidou,Parfaite,2021,7,29,0.9,autre,8
55,El Mehdi Zine,agent serviable,2021,7,29,0.6,autre,15
55,Saad Ladjoua,"Bon service, personnel agréable, endroit propre",2020,7,29,0.95,attente en agence et personnel,47
55,يوسف أبو عبيدة,Plein de sans-abri,2026,7,28,0.42,autre,18
57,nonhou regis,"OK pour une action rapide si vous êtes en voiture , double clignotants, sinon si c'est pour une longue discussion et opération , problème pour se garer ...",2020,7,29,0.75,autre,155
57,aicha elmajdi,Il ya trois semaine que j'ai commandé Samsung a10,2020,7,29,0.49,autre,49
57,Achraf Elkari,Je le trouve toujours fermé ... je part à 12heure je trouve personne 🙄,2019,7,30,-0.58,autre,70
57,Arielle N.,Ça va en dehors du problème de monnaie,2023,7,29,0.0,autre,38
57,fouad benomar,accueil excellent. efficace,2019,7,30,0.99,attente en agence et personnel,27
57,Nabil Nabil,Nul,2020,7,29,-0.4,autre,3
57,Omar Laarifi,Des services dans divers domaines et présentant de multiples aspects positifs,2020,7,29,0.98,autre,77
58,أبو معاذ,🚨🚨Attention au arnaque 🚨🚨 Ils ont utilisé mon cachet de société pour ouvrir plusieurs ligne Le dossier au tribunal,2026,7,28,-0.62,facturation et prix,114
58,mohamed hadani,Bon coin,2024,7,28,0.89,autre,8
58,abdelkrim elmoatamid,Pas mal,2019,7,30,0.41,autre,7
59,Abdelwahed Chahbouni,je sais pas pourquoi vous êtes changer la réceptionniste Mm Bouchra il est très gentille avec les clients et maintenant le service dans cette agence c’est nulle à cause de ses changements merci de faire le nécessaire pour améliorer la qualité de réception des clients.,2026,7,28,-0.8,attente en agence et personnel,268
59,Nadia Boukham,"Null ne respecte pas le temps de travail ,pas de respect au client",2026,7,28,0.0,autre,66
59,MNAUTOMOTIVE Mécanique et diagnostic,Bien reçu,2023,7,29,0.67,autre,9
59,Said Safi,Très bien,2020,7,29,0.99,autre,9
59,Mohamed ABOUHACHEM,Bon accueil et bon service,2023,7,29,0.98,attente en agence et personnel,26
59,Said Zaatri,personnel sympa,2019,7,30,0.48,attente en agence et personnel,15
59,Statut Whatsapp AZ,Commerciale,2022,7,29,0.66,autre,11
59,youssef agnaou,Meilleur service,2026,3,30,0.95,attente en agence et personnel,16
59,User Resu,"Il y a un énorme délai, sauf pour mon idée d'avoir une connexion internet Max. Même mon frère regrette son abonnement.",2021,7,29,-0.53,carte sim et réseau,118
59,لفطح المصطفى الحداوي,C'est bon,2025,10,31,0.97,autre,9
61,Tandem Lake house,Service parfait surtout une jeune opératrice très serviable est professionnelle .,2026,4,29,0.91,attente en agence et personnel,81
61,Zineb Sennouni,"Personnel incompetent, ils veulent pas travailler, je me suis présenté à l'agence à 19h30 et ils ont refusé de m'accueillir j'ai fait une réclamation au service client j'espère qu'ils vont faire le nécessaire surtout la fille est impolie.",2026,7,28,-0.85,attente en agence et personnel,238
61,Omega Productions,Personnel Hyper incompétent surtout la femme qui s'appelle Hajar. Fuyez cette agence a tout prix!!,2025,10,1,0.61,attente en agence et personnel,98
61,R. A.,"Le personnel est incompétent,  loin d'être courtois ou serviable , leur système informatique est tjrs en panne. On ne sait pas si c'est vrai ou par négligence  ou juste pour ne pas travailler.  Je n y vais plus. J'ai changé d'agence.   Voilà mon avis honnêtement.  .",2023,7,29,-0.67,attente en agence et personnel,266
61,SoSo senhaji,Mauvaise expérience les conseiller il sont nul 👎🏻 et surtout responsable il re donne même pas le temps pour parler Moi je préfère le service de Maroc telecom et orange top du top Agence g5 a éviter 👎🏻👎🏻👎🏻👎🏻,2023,7,29,-0.47,attente en agence et personnel,206
61,Elsa Elm,"A chaque fois que j’y vais à cette agence le système est en panne, l’imprimante ne fonctionne pas, le personnel en charge n’est pas disponible ils sont jamais capables de faire le nécessaire pour rendre service aux clients et parfois même impolis et impatients",2024,7,28,-0.67,attente en agence et personnel,260
61,Faiçal BOUTI,"Mes 5 étoiles sont données pas pour le service de l'opérateur Inwi car j'étais tout le temps déçu de leurs part, la je donne et je partage mon avis avec d'autres personnes pour remercier surtout la personne et l'agent de l'agence Inwi G5",2018,7,30,-0.43,attente en agence et personnel,237
61,Omar Jirani,Conseils a tous clients et clientes de gardé vos reçus de paiement il y a qq choses ça va pas chez Inwi attention. Attention ???????,2020,7,29,-0.5,autre,132
61,larbi dabi,Relation avec la clientèle laisse beaucoup à désirer. C'est mon opinion personnelle.,2022,7,29,-0.71,autre,84
61,lagnidi othmane,Excellent service et personnel sympa et serviable,2024,7,28,0.95,attente en agence et personnel,49
61,Ahmed Chahir,Très rudimentaire. Le responsable de l'agence et son superviseur sont incompétents.,2020,7,29,-0.73,attente en agence et personnel,83
61,abdellah Amartini,Pas très professionnelle. Ne vous donnent pas toutes les info,2019,7,30,0.0,autre,61
61,rehimani mohammed,Mauvais accueil chez l'agence inwi J 5,2022,7,29,0.75,attente en agence et personnel,38
61,azzouz draalouz,Un bon service.,2020,7,29,0.97,attente en agence et personnel,15
61,Mohammed Bado,Très mouvais service,2020,7,29,0.56,attente en agence et personnel,20
61,Az,Mauvaise experience,2022,7,29,0.54,autre,19
61,Omar Jrairi,Magasin de vente de téléphone,2020,7,29,0.66,service client et assistance,29
61,Karima Amik,Nul,2019,7,30,-0.4,autre,3
61,Elbachir Bajji,assezbien,2022,7,29,0.43,autre,9
61,boumelyk ab,Service nulle,2023,7,29,-0.48,attente en agence et personnel,13
61,benrachid adil,Bien,2017,7,30,0.75,autre,4
61,mohammed Morrakochi,Des bons agents,2020,7,29,0.88,autre,15
61,med bouda,5/5,2022,7,29,0.57,autre,3
61,Hamza Chiboub,Service nul 🤮🤮🤮👎👎👎👎👎👎👎👎👎👎👎👎👎👎👎👎👎👎👎👎👎👎👎👎👎👎👎👎👎👎👎👎👎👎👎👎👎👎👎👎👎👎👎👎👎👎👎👎👎👎,2025,10,31,-0.53,attente en agence et personnel,65
61,Ahmed Hamidi,"Mauvaise expérience avec l'agence Inwi.  Manque de professionnalisme, accueil déplorable et peu d'intérêt pour les",2026,5,29,-0.56,attente en agence et personnel,114
61,Zahid Khan,L'attitude de la vendeuse est inadmissible ! Elle m'a vendu une carte SIM défectueuse et refuse de l'échanger ou de me rembourser. Elle a gardé la carte SIM et mon argent. Je vous conseille d'être très prudents,2023,7,29,-0.95,carte sim et réseau,210
61,Learnmoreaboutthisuser,"Un bon endroit sauf que les prix sont un peu élevés par rapport à ce qui se fait dans le monde, internet est souvent lent mais il faut juste être patient",2024,7,28,0.6,facturation et prix,153
61,Rocio Alarcon,Les gars étaient vraiment géniaux ! Très serviables et sympathiques.,2021,7,29,0.8,autre,68
61,Ayoub Dahbi,chars,2026,3,30,0.56,autre,5
61,Wahman Brahim,"Amal 2, bloc C, n° 91, quartier Yaacoub El Mansour, Rabat",2023,7,29,0.54,autre,57
61,Mouhamedou Zenvour,Bons clients et transaction fluide,2024,7,28,0.89,autre,34
61,Pockpilt,Génial,2025,10,31,0.59,autre,6
61,Aboubacar Diarra,Bonne qualité de service,2024,7,28,0.98,attente en agence et personnel,24
61,مركز النور للحجامة مركز النور للحجامة,Traitement au niveau requis,2024,7,28,0.4,autre,27
61,ahmad Sport,C'est un endroit merveilleux,2020,7,29,-0.67,autre,28
61,mohammed Jdili,Absolument.,2020,7,29,0.57,autre,11
61,Souad Jabrani,Excellent,2019,7,30,0.96,autre,9
61,Abdou Ait-louhi,Nooooooooo,2021,7,29,0.48,autre,10
61,Nour Nour,D'accord,2019,7,30,0.56,autre,8
61,Mohamed Ouajdi,Zwina,2020,7,29,0.65,autre,5
61,المستحيل المغربي,Hhhhh,2016,7,30,0.49,autre,5
61,محمد التورجي,Bien,2022,7,29,0.75,autre,4
61,Zakaria Zakaria,Lalla,2022,7,29,0.49,autre,5
61,Shookum Glister,Bon,2015,7,31,0.91,autre,3
62,ADAM BENSSI,"Très mauvais service : attente interminable, équipe molle et désorganisée. On te laisse patienter sans jamais t’indiquer le temps d’attente, et en plus ils font passer certaines personnes avant les autres, sans respecter l’ordre d’arrivée. Un vrai désordre !",2025,11,30,-0.98,attente en agence et personnel,258
62,Driss G,"La connexion 4G est nulle de chez nulle, elle est stable le soir à partir de 22 h et instable toute la journée (même pas de quoi télécharger une page) à cause des entreprises qui bouffent toute la bande passante et qui laisse aux",2022,7,29,-0.69,carte sim et réseau,229
62,AICHA YAZAMI,"Le gars qui travaille est très lent, aucun professionnalisme",2026,7,28,-0.41,autre,60
62,Ayat Karima,Toujours retard nul je vs conseille ps,2026,7,28,-0.56,autre,38
62,Docteur Doc,Aucune agence à l'emplacement indiqué 🤬🤬🤬🤬,2026,7,28,0.0,attente en agence et personnel,42
62,Intissar Ben Yedder,"Pas d'agence, emplacement incorrecte",2026,7,28,-0.45,attente en agence et personnel,36
62,Meriem Qouti,Super service et à  l'écoute,2024,7,28,0.91,attente en agence et personnel,28
62,Kastor Fordado,Pas d'agence inwi seulement des villas,2024,7,28,0.0,attente en agence et personnel,38
62,abdel cool,Ps d’agence,2024,7,28,0.43,attente en agence et personnel,11
62,Najib Belasmi,a revoir,2022,7,29,0.51,autre,8
62,Mustapha Fahmi,Bonne services,2019,7,30,0.96,autre,14
62,Mohammed Khaldi,Mauvaise experience a chaque fois je depose une reclamation ils me disent que je dois appeler autre service . Pas d'infos utile et insuffisant pas chaises...,2026,6,30,-0.49,attente en agence et personnel,157
62,Ghazal Lina,"Améliorons nos services : pas de réseau, pas de service, pas de réception.",2026,5,29,0.0,carte sim et réseau,74
62,mstapha mahdaoui,"Ces cafés sont tellement exigus, il n'y a pas de chaises, on est obligé de rester debout pendant plus d'une heure jusqu'à avoir mal aux pieds juste pour faire quelque chose, et au final, ils ne s'occupent même pas de votre demande. Zut alors !",2025,11,30,-0.64,autre,243
62,ASSOUAN ATIF,La façon dont le personnel de cette agence traite les clients est inacceptable 👎👎👎,2025,11,30,-0.53,attente en agence et personnel,82
62,Mohamed Amine Sellami,Le personnel ici est sympathique,2024,7,28,0.73,attente en agence et personnel,32
62,Otman Naim,En dessous de la norme 👎👎👎👎,2025,12,30,0.41,autre,27
62,Kamal Wydadi,L'agence est lourde,2025,12,30,-0.61,attente en agence et personnel,19
62,achraf ait hammou,Excellent,2018,7,30,0.96,autre,9
62,الحياة في سماء,bien,2022,7,29,0.96,autre,4
62,هشام سعودي,Services au niveau,2018,7,30,0.64,autre,18
63,Yassine Bajdadi,Ma faire perdre 6 mois et bloquer mon numero a cause de son manque que de professionnalisme j ai fais une résiliation et il na pas laisser son cacher le le doccument .. khadma dial hargawa,2026,5,29,-0.88,autre,188
63,SAID ENNAHLI (ENNAHLI),"Meme le numero de l agence revient à une autre personne particuliere, vraiment une agence de bas niveau",2024,7,28,0.49,attente en agence et personnel,103
63,Jad Almaghribi,Personnel accueillant et bienveillant,2019,7,30,0.97,attente en agence et personnel,37
63,rahmouni elmehdi,Excellent travail,2023,7,29,0.97,autre,17
63,Mohamed-Amine Es-sqalli,Serviable,2020,7,29,0.69,autre,9
63,meryeme boudlal,👍,2021,7,29,0.42,autre,1
63,Zineb,Service médiocre,2019,7,30,0.66,attente en agence et personnel,16
63,nadia anibou,Service top,2020,7,29,0.7,attente en agence et personnel,11
63,Chaimae Chalh,"Service client absolument déplorable.  Aucune réponse satisfaisante ; puis, on vous donne un interlocuteur incompétent",2025,12,30,-0.75,attente en agence et personnel,118
63,Chanita mia,"Même une seule étoile, c'est trop pour eux  En plus, le réseau est complètement inutile, le service client est déplorable  Ils emploient des personnes qui ne cherchent que les ennuis, qui vous insulteront et ne résoudront aucun problème  et ils vous menacent de toutes parts  Que Dieu les punisse",2025,12,30,-0.9,carte sim et réseau,296
63,Aquadrago 27,"Étrangement, il y a toujours foule, les employés ne veulent pas travailler et se moquent bien de votre temps.",2026,7,28,-0.85,autre,109
63,Jon Cino,Votre traitement est incomplet. Que Dieu vous punisse.,2026,7,28,-0.78,autre,54
63,Saidi tv SA,Le pire service jamais vu,2022,7,29,-0.62,attente en agence et personnel,25
63,رجل الالوان,en haut,2021,7,29,0.56,autre,7
64,Es-sahibi salah,Toujours pas de réseau por régler ses factures,2023,7,29,0.0,carte sim et réseau,46
64,Saad ben omar,Magnifique,2026,7,28,0.87,autre,10
64,imane alaoui,Jamais ouvert !!!!!,2026,7,14,0.84,autre,19
64,MED TOUR,"Après avoir appelé le 220 pour résilier ma ligne, on m'a demandé de me rendre dans une boutique INWI pour signer des papiers. Je suis allé à cette boutique, j'ai attendu mon tour, et la vendeuse m'a demandé ce dont j'avais besoin. Je lui ai",2026,5,29,-0.43,autre,240
65,Jasmine Labidi,"Très mauvaise agence ou un vendeur aux cheveux gris de 40-50 ans refuse de me vendre une recharge car je ne parle pas arabe. Du racisme?? Plus jamais chez Inwi, quand je viens au Maroc j’irais chez orange.",2025,12,30,-0.96,attente en agence et personnel,205
65,mohamed massika,"Cette personne qui s'occupe de cette agence est serviable , je le félicite pour son travail ...",2023,7,29,0.74,attente en agence et personnel,95
65,saif dazino,Mauvais accueil aucun professionnalisme Refus de répondre au question j'étais carrément rejeté,2024,7,28,-0.36,attente en agence et personnel,94
65,Ahmed Elbellage,Bon service,2023,7,29,0.92,attente en agence et personnel,11
65,Salma Demraoui,Veuillez changer le numéro de téléphone car je reçois sans cesse des appels de la même personne se faisant passer pour une agence Inwi (Idriss Elharti). Cela commence à m'inquiéter sérieusement et je vais engager des poursuites judiciaires,2026,5,29,-0.68,attente en agence et personnel,239
65,youssef agnaou,La pire expérience de ma vie ! Le réceptionniste était tellement désagréable que j'ai dû m'adresser à un autre organisme pour régler mon problème.,2026,3,30,-0.95,autre,146
65,Reda Mabrouki,Le pire service de tous les temps. El peor servicio de todos.,2023,7,29,-0.96,attente en agence et personnel,61
65,Abdelkarim Afrad,"Personnel d'accueil aimable, service rapide.",2023,7,29,0.91,attente en agence et personnel,44
65,Ayoub Draigui,"Honnêtement, c'était une bonne expérience ; l'entreprise commerciale maîtrise son métier.",2026,7,28,0.97,autre,89
66,hamza maziane,"Très belle agence, offrant un service de qualité Bonne continuation",2025,12,30,0.98,attente en agence et personnel,67
66,Abdelilah Yassine,Bon service 🥰,2025,11,30,0.92,attente en agence et personnel,13
66,banouss amine,"Ils se moquent des gens. Imaginez, je viens de loin et je les vois ne rien faire jusqu'à 20 heures. En marchant, je les trouve endormis. J'ai interrogé un monsieur et il m'a dit : « Ils n'ont pas le temps. Mon frère, le temps que tu leur donnes est à eux, et le temps que tu leur donnes, ils s'ennuient. » Ils se moquent des gens.",2026,1,29,-0.77,autre,330
67,Samia Taousse,"En effet, j’ai acheté une carte SIM Inwi et je l’ai rechargée avec un montant de 200 dirhams. Cependant, après l’activation de la ligne, j’ai constaté que le solde disponible n’était que de 50 dirhams, ce qui ne correspond pas au montant",2026,3,30,-0.45,carte sim et réseau,237
67,Yasmine,"Boutique souvent fermée, même quand elle est annoncée comme ouverte. Je suis passée plusieurs fois, et presque à chaque fois, c’était fermé, alors que les horaires indiquaient le contraire sur le site. Très étrange et peu fiable",2025,11,30,-0.5,application mobile et espace client,228
67,ilab zak,"Une grande agence, située sur un boulevard principal de la capitale en 2025, et l’agent nous dit que le système est en panne  “système taya7” Franchement, bravo !",2026,1,29,0.95,attente en agence et personnel,162
67,Abdoulaye Camara,Je regrette totalement du service Inwi qui m'a volé mes 150 dhs jamais rembourser. Ils m'ont tourné de gauche à droite jusqu'à ce que j'ai laissé à Allahou.,2025,12,30,-0.54,attente en agence et personnel,156
67,Sadik Bay,"Je suis choqué! J'utilise mon numero inwi depuis longtemps lié avec mon compte bancaire, whatsapp etc.. et là dernierement j'ai souscris un abonnement chez cette agence ""yassine"" avec le même numero inwi. Quelques jours apres l'activation,",2025,12,30,-0.96,attente en agence et personnel,239
67,Afas Safa,"L'agence INWI localisée à l'avenue Fal Ouled Amir à Agdal, Rabat est vraiment en deçà des attentes, le 21 juillet 2025 un client a demandé d'assainir sa situation suite aux erreurs commises sur son identité sur la base de données inwi,",2025,10,31,-0.78,attente en agence et personnel,235
67,Ilham BROUM,"Je suis extrêmement déçue par la qualité du service et l'attitude du personnel. Aucun respect, aucune courtoisie, on se sent complètement ignorée. L'accueil est inexistant, et l'ensemble de l'expérience a été très désagréable. Je",2026,7,28,-0.95,attente en agence et personnel,229
67,imane salouane,Agence simplement non qualifié reçu pas si Yassine qui serai le responsable* Je viens pour rendre mon équipement idarl et récupérer mon argent suite à une résiliation mais il semblerait que vu qu'il a était pris à Agadir il doit être,2024,7,28,-0.62,attente en agence et personnel,233
67,Zineb Marjan,Good service. Le personnel est tres sympa,2026,7,28,0.94,attente en agence et personnel,41
67,Taka Haro,Personnel peu accueillant..ne connaissent pas la signification du mot conseiller..ne respectent pas l'horaire de l'agence...,2019,7,30,-0.48,attente en agence et personnel,124
67,Mounir,"Très bonne réception et bon accueil, services et courtoisie irréprochable.",2023,7,29,0.95,attente en agence et personnel,74
67,Beniansou Annick Konan,L'agence inwi est très intéressante les agents courtois et accueillants . Le travail est fluide,2021,7,29,0.92,attente en agence et personnel,95
67,ahmed ghannami,Les conseillers de cette agence n ont aucun respect pour les clients une fois vous leurs demander un conseil ils vous répondent que le système est en panne,2020,7,29,-0.49,attente en agence et personnel,155
67,Al-arabi Adjid,Tu peux souscrire mais tu ne pourra pas resilie,2023,7,29,-0.44,autre,47
67,Zakaria HR,Personnel insolent Service médiocre Agence très sale en plein crise sanitaire,2021,7,29,-0.58,attente en agence et personnel,77
67,Asmaa El jaouhari,"Le service rapide ,et les agents trop gentils",2024,7,28,-0.49,attente en agence et personnel,45
67,Cédric Kiki-Migan,Assez simple et très efficace. Personnel impliqué et chaleureux,2019,7,30,0.87,attente en agence et personnel,63
67,Adil Seddiqi,C du n'importe quoi agence qui manque de tout je leur donne zéro,2020,7,29,-0.54,attente en agence et personnel,64
67,K SE,"En plein d'agdal, elle se situe a l'avenue fal oueld omir",2019,7,30,-0.49,autre,57
67,Esso-Yodou Nadège Bidassa,"Ils ont résolu mon problème, mais seulement lors de mon second passage!",2020,7,29,-0.64,autre,71
67,Mohammed Assermouh,Ne rendent pas la petite monnaie,2024,7,28,0.0,autre,32
67,F Abdelmouktadir,Agence située sur l'avenue de fal weld amir,2020,7,29,0.4,attente en agence et personnel,43
67,Thierry Koyu,Pas mal l'accueil,2021,7,29,0.64,attente en agence et personnel,17
67,Anass Berrahmoune,Personnels très professionnels et à l'écoute.,2022,7,29,0.77,autre,45
67,Abderrahim Lamaaizi,Service un peu lent,2022,7,29,0.5,attente en agence et personnel,19
67,Tayeb Layachi,Mauvais service,2025,10,1,0.57,attente en agence et personnel,15
67,Immo Espérance,Meilleur agence sur agdal de telecommunication,2019,7,30,0.92,attente en agence et personnel,46
67,Na BEN,Bon accueil,2026,7,28,0.95,attente en agence et personnel,11
67,benrachid adil,Bon coin,2019,7,30,0.89,autre,8
67,Amine Benhaddou,Très bon service,2020,7,29,0.98,attente en agence et personnel,16
67,Mohamed Traoré,Pas bien,2020,7,29,0.0,autre,8
67,Yousra Belhimer,Mauvais service,2025,9,1,0.57,attente en agence et personnel,15
67,BENZINA AMINE,Tous les operations inwi,2024,7,28,0.49,autre,24
67,Taha Taalibi,Personnel irrespectueux,2022,7,29,-0.85,attente en agence et personnel,23
67,h al,Grrr service grrr,2020,7,29,0.43,attente en agence et personnel,17
67,Lamiae Lamiae (“Lam”),Bien,2019,7,30,0.75,autre,4
67,Kibalo Alain Kabissa,Accueil intéressant,2022,7,29,0.74,attente en agence et personnel,19
67,Omar Jrairi,Opérateur téléphonique.,2020,7,29,0.56,autre,23
67,Iris Lava,Manque de personnel,2020,7,29,0.49,attente en agence et personnel,19
67,HAMID MANAR,Inwi Agdal,2020,7,29,0.56,autre,10
67,Med Az,"Agence inwi,",2020,7,29,0.45,attente en agence et personnel,12
67,akissat lyoutoub,"Tres mauvaise expérience avec la commerciale à la caise, mauvais accueil et aucune considération pour les clients😡",2026,7,28,-0.95,attente en agence et personnel,114
67,Maram Nedal,"Ces employés sont extrêmement irrespectueux ; ils refusent d’assurer le service simplement parce qu’ils n’ont pas envie de travailler. Ils sont d’une paresse incroyable. Lorsque j’ai appelé l’entreprise pour les en informer, alors que je",2026,3,30,-0.96,attente en agence et personnel,237
67,Zohra Cosima,"Ici, personne ne travaille. Ils discutent avec leurs copines en appel vidéo  C’est la deuxième fois que je viens et que je ne reçois ni soutien ni aide",2026,7,28,-0.52,service client et assistance,151
67,Yassine Y,"Attention ! Le personnel de cet établissement peut vous escroquer en vous proposant un service onéreux au lieu de celui que vous souhaitez, ou en vous fournissant des informations insuffisantes. Je le déconseille fortement. Le personnel d'INWI OP manque cruellement de respect envers ses clients.",2022,7,29,-0.89,attente en agence et personnel,296
67,ابو راشد,Je recommande de faire affaire avec lui.,2022,7,29,0.42,autre,40
67,Issam Elimrany,Personnel respectable,2021,7,29,0.94,attente en agence et personnel,21
67,abdelmajid said,Bon service 👍,2021,7,29,0.92,attente en agence et personnel,13
67,Youssef Mekkaoui,Très confortable,2021,7,29,0.85,autre,16
67,angel of death,Excellent travail,2021,7,29,0.97,autre,17
67,mohamed sadiki,Bon service,2021,7,29,0.92,attente en agence et personnel,11
68,Like Bleue,Inwi money mon porte monnaie opération magnifique gagné du temps éviter laque,2021,7,29,0.55,autre,77
68,ILYASS PHONE,👍,2025,12,30,0.42,autre,1
69,Reda,"DES VOLEURS!  Lors du règlement de la facture de janvier, j'ai constaté que la facture de",2026,5,29,-0.49,facturation et prix,89
69,abdellatif ACHADMI,Les horaires affichés sur site ne sont pas respectés,2025,12,30,-0.55,application mobile et espace client,52
69,anasse hr,I faut respecter l'heure d'ouverture s.t.p,2025,11,30,-0.37,autre,42
69,Hiba Sbai,Les horaires affichés sur site ne sont pas respectés,2024,7,28,-0.55,application mobile et espace client,52
69,Younes Assouak,Bonne service et bonne travail,2025,10,31,0.98,attente en agence et personnel,30
69,aziz berraho,En face Gare routière,2020,7,29,0.47,autre,21
69,said moha,Agence Inwi,2024,7,28,0.47,attente en agence et personnel,11
70,Youssef Greenoi,Équipe fiable est très professionnel,2026,4,29,0.67,autre,36
70,Zakaria Erd,Bon service 👍🏻,2026,7,28,0.92,attente en agence et personnel,14
71,Maryem Hou,Expérience nul avec cette agence . Les agents sont peu professionnels et pas du tout serviable sauf une ils connaissent juste le mot « معدنا منديرو ليك » sachant que j’ai une contra avec eux-mêmes et inscrit depuis un ans. J'ai attendu plus,2026,7,28,-0.6,attente en agence et personnel,240
71,Pascal la dalle,Accueil moyen je recommande pas,2026,1,29,0.42,attente en agence et personnel,31
71,Kamal Assila,"Le comportement d’agent dans l’accueil. Non respectueuse, et traiter les clients avec arrogance.",2025,9,1,-0.72,attente en agence et personnel,96
71,Нина Смирнова,J'aimerais bien raconter comment le fournisseur de services INWI a volé mon argent.,2022,7,29,0.9,facturation et prix,83
71,aziz hotelier,Je suis allé pour inscrire un abonnement pour la fibre obtique et j'étais déçu. On m'a dit que le service n'est pas disponible à al mansouria où j'habite. Vraiment je suis désolé pour la pub qu'on a fait.,2022,7,29,-0.81,internet fibre et box,204
71,anass-omar bougueddach,Équipe perdu... cherche tjrs a te facturer des trucs dont tu en a pas besoin... j'ai pas du tous aimé,2020,7,29,-0.66,autre,101
71,Sami Azzour,service nul avec des numeros de services qui ne fonctionne pas. vous faite honte a INWI,2021,7,29,-0.54,attente en agence et personnel,87
71,Rox Youssef,Toujours des retard pour payé une facture,2018,7,30,-0.43,facturation et prix,41
71,Mohamed Akamhi,Accueil avec sourire garanti.,2019,7,30,0.67,attente en agence et personnel,29
71,abdellatif dazzaze,Pas beaucoup de produit,2020,7,29,0.0,autre,23
71,HALIMA KOURIMI,Excellent service,2022,7,29,0.95,attente en agence et personnel,17
71,El Mehdi Ziani,Personnel incompétent,2023,7,29,-0.49,attente en agence et personnel,21
71,Nono Nono,Agence inwi pratique,2024,7,28,0.52,attente en agence et personnel,20
71,Oumaima Laaroussi,La transaction est nulle dès qu'ils commencent à travailler pour eux.,2026,3,30,-0.66,autre,69
71,khawla Samoudi,Nuuuuul bnadem mafahm walou w mkhadminou makyt3amlouch mzyan,2023,7,29,0.47,autre,60
71,Said,Les services sont si mauvais,2023,7,29,-0.9,autre,28
71,دكتور. سلطان بن عوض دريع,bien,2024,7,28,0.96,autre,4
73,Simo AeF,"Excellent service de Mlle Yousra ! Très efficace, et professionnelle",2026,5,29,0.98,attente en agence et personnel,68
73,David Hatch,"Très bon magasin Inwi. Le service était exceptionnel. Mohammed, le vendeur, s'est vraiment mis en quatre pour m'aider. Dans d'autres magasins Inwi, on se contente rarement d'offrir un service, mais Mohammed était vraiment très serviable dans celui-ci.",2026,7,14,0.87,attente en agence et personnel,251
76,elmahdi rabya,👌👌👌👌,2026,7,28,0.42,autre,4
77,Wolfgang Schuster,Super centre commercial !,2026,1,29,0.93,autre,25
78,BENALI CHAKIB,Bien,2020,7,29,0.75,autre,4
78,Sabhaoui Abderrahim (Moi uniquement),Non freconter,2026,7,28,0.0,autre,13
78,Hamza Salim,Endroit agréable,2018,7,30,0.62,autre,16
79,abdellatif Mouma,Nul. Ma connexion fibre inwi est coupé depuis presque deux mois et personne pour faire le nécessaire. Malgré que j'ai fait des réclamations téléphoniques et réglé toutes mes factures. Maintenant je change d'opérateur,2026,4,29,-0.65,carte sim et réseau,216
79,Iltizam El Fersioui,"Pire agence du monde! Absence total du sens du service, incompétence, et fainéantise. Quand je parle de ‘l’agence’, c’est plus une seule personne, qui traite les",2025,12,30,-0.77,attente en agence et personnel,161
79,Zakia Haddouch,"C'est la première fois que je regrette que le système de notation Google ne comporte pas zéro étoile, zéro ou moins étant la note amplement méritée par le service nullisime de cette agence. Dire que la nana, qui affirme être la seule",2025,12,30,-0.58,attente en agence et personnel,233
79,Marwan Miro,Service null 👎 Accueil Null Dommage,2026,4,29,-0.54,attente en agence et personnel,35
79,LAMIA El arabi,"Ne souscrivez jamais la fibre , risque de signer un contrat et ne jamais l avoir car il prenne la ligne de ittisalat al magrib et cette dernière leur refuse et vou vous retrouverais avec un contrat (refus d annulation) et pas d internet , le service est médiocre .",2026,1,29,-0.7,internet fibre et box,264
79,Kenza Raddaoui,Merci infiniment à Abderrahim et Hicham c'est les seuls qui ont compris mon problème et qui m'ont aidé efficacement,2026,1,29,0.57,autre,115
79,Latifa Benyakhlef,C'est une agence où les employés pensent qu'ils sont là pour bloquer les clients pour tout et n'importe quoi. Leur spécialité c'est dire non à tout. Ils ont même refusé mon RIB disant que ce n'était pas l'original 😅.,2026,7,28,-0.69,attente en agence et personnel,216
79,Amine Fariss,"Un des pires services à la clientèle jamais vu, si ce n'est pas le pire !  J'arrive à l'aéroport CMN, je prends une carte SIM inwi et je paye 200 dhs pour",2026,7,28,-0.64,carte sim et réseau,154
79,Nouha Guedira,"Service clientel médiocre ! on ne prend aucune responsabilité envers les faille de leurs system applicatif. Il ya 2 ans que je paye mes factures en temps ,et puis le jours ou leurs application ne fonctionnait pas corrêctement on me bloque",2024,7,28,-0.63,attente en agence et personnel,238
79,R Marie Alaoui,"Personnels non professionnels .service zero zero zero ..et il ne rende pas la monnaie si vous devez payer des facture porté la monnaie avec vous ...oooff typique attitude du personne qui souffre du ""  monfoutisme ""car il n  y a pas de contrôle qualité services",2026,7,28,-0.78,facturation et prix,260
79,Ikram Bouzaidi,"Très mauvaise expérience, à cause du personnel (les trois Monsieurs), irrespectueux grossiers et incompétents, ils ne savent traiter ni les clients ni leurs requêtes (une demande qui pour eux était impossible, à été résolu ailleurs sans",2024,7,28,-0.98,attente en agence et personnel,236
79,Hicham D,L'agence Inwi est une agence de fournisseur d'internet qui offre des services à ses clients avec un personnel serviable et gentil. Ces agents travaillent pour assurer un soutien et une expérience client satisfaisante.,2024,7,28,0.82,attente en agence et personnel,217
79,Tarik Chemlal,"Agence toxique, personnel très désagréable et donne envie de résilier le plus vite possible...",2025,9,1,-0.8,attente en agence et personnel,94
79,Laila Elmajdi,"Service catastrophique. Pour échanger les points fidélités en téléphone,  ils me  font aller et venir pas moins de 5 fois sous prétexte qu'ils ont les appareils mais non encore référencé sur le système. SÉRIEUX.  Pour échanger la puce qui",2020,7,29,-0.78,carte sim et réseau,238
79,Radi Anas,"Mauvais service 2 semaines d’attente pour l’Esim, nous avons visité toutes les agences inwi en rabat et à sale, déçus de passer de Orange à Inwi",2024,7,28,-0.55,attente en agence et personnel,144
79,Yanis Yanis,"un simple  transfert de ligne adsl a pris 15 jours,et après plusieurs va et viens on me dit qu'il n y a aucune demande visible sur le système,et on accepte ma demande d annulation sans le moindre effort pour me retenir en tant que client,",2022,7,29,0.0,internet fibre et box,238
79,El Mehdi Labied,"Très mauvaise expérience, à cause du personnel. Escrocs et incompétents. Malheureusement, cette agence donne une mauvaise réputation à l'entreprise.",2026,7,28,-0.98,attente en agence et personnel,148
79,somaya el kachari,"Service médiocre, le personnel n'a aucune réponse aux réclamations des clients, la seule solution selon eux est d'appeler le centre d'appel. Ils ne savent même pas expliquer le détail de calcul d'une facture.",2024,7,28,0.0,attente en agence et personnel,208
79,GROUPE FmrFactory,"Probleme debit sur idar duo depuis 3 mois. Ils m'ont changé la puce, resultat plus rien ne fonctionne. Obligé d'y retourner le lendemain pour qu'on me dise que leurs puces ne fonctionnent pas et qu'il faut aller dans un autre point de vente sans me preciser que celui-ci n'ouvrait que dans 1h30. Soit à 16h30...",2020,7,29,-0.73,carte sim et réseau,311
79,amine rmiss,"Mauvaise experience a cause du personnel le gar qui travaille ici le soir n'est pas bien éduqué, s'en fous pas mal des gens, il m'a renvoyer en me disant que pma demande etais impossible a traiter et d'une façon malsaine, je suis partis a lagence margane la femme me la traiter aucun soucis avec gentillesse.",2024,7,28,-0.92,attente en agence et personnel,308
79,Zakaria Ardouz,Bonne experience pour l’achat d’une box 4g . C’etait vide le samedi matin,2026,7,28,0.94,carte sim et réseau,73
79,rime el fassi,En terme de compétence du personnel chez inwi c est les meilleurs. Mais il est dommage  qu il n y ai qu une seule personne qui s occupe des contrats.,2020,7,29,0.47,attente en agence et personnel,149
79,SAID CHTIR,Personnel accueillant Top,2025,12,30,0.92,attente en agence et personnel,25
79,Mohammed Bouzoubaa,Le personnel est gentil et serviable.,2026,7,28,0.8,attente en agence et personnel,37
79,EL ALAOUI LALLA HALIMA,Agence de téléphone mobile de la société Inwi à Hay Ryad. Bel emplacement. Bien fréquentée.,2024,7,28,0.63,attente en agence et personnel,91
79,Mohamed Aitbella,"service commercial entreprise catastrophique l'agent n'a pas activé mon service, j'ai payé et remis tous les documents nécessaires, après 17 jours il répond pas a mes appels",2022,7,29,-0.74,attente en agence et personnel,173
79,Bilal TAGHDOUTI,Très très très mauvaise service je vous le recommande pas.,2024,7,28,-0.96,attente en agence et personnel,58
79,Team Control Brésilien Jiu-Jitsu,Hyper lent même pour deux clients qui attendent,2024,7,28,0.61,autre,47
79,Anas Cherkaoui,"Agence top, personnel très serviable. Je recommande",2023,7,29,0.79,attente en agence et personnel,51
79,Nayadji,Agence désertique ..des articles ...sur l'avenue principale de la capitale Non mais sérieux..?!!! Va falloir s'améliorer en 2050,2020,7,29,-0.77,attente en agence et personnel,128
79,KHATWA PARTNERS (EL OUARZAZI),"service très lent, mauvais accueil",2022,7,29,-0.86,attente en agence et personnel,34
79,Pierre B.,"Service catastrophique, à  fuir",2026,7,28,-0.77,attente en agence et personnel,31
79,Hamza Chiboub,Service nul,2025,10,31,-0.45,attente en agence et personnel,11
79,ouardi abdelmajid,C lent ne sont pas expéditifs,2021,7,29,0.0,autre,29
79,Ali Bouzndag,Très bon magasin,2018,7,30,0.98,autre,16
79,Faiçal BOUTI,"Un bon point Inwi, bien situé !!",2018,7,30,0.98,autre,32
79,AMBS Gams,Il ne répond pas 🤬,2026,7,28,0.0,autre,18
79,Abdelaziz Benrahal,Bel parcours pour se rincer les yeux,2020,7,29,0.86,autre,36
79,Ali Bouhayat,Très bien 9/10,2021,7,29,0.93,autre,14
79,imane sghiar,Très bon service,2023,7,29,0.98,attente en agence et personnel,16
79,issam achik,Un espace pour paiement des factures,2019,7,30,0.54,autre,36
79,mixox,Pue la khra,2026,7,28,0.38,autre,11
79,Rachid ABOUELKHAWATIM,Pas mal,2020,7,29,0.41,autre,7
79,Rabab Boudad,Bonne agence inwi,2024,7,28,0.91,attente en agence et personnel,17
79,Mohamed El mrabet,"Empathie, serviabilité et écoute",2022,7,29,0.79,autre,32
79,almadkouri nouh,Une grande lenteur,2021,7,29,0.54,autre,18
79,Aziz El Hezmir,Esim indisponible,2024,7,28,0.66,autre,17
79,Lumia Kr,Un bon accueil 👍,2023,7,29,0.98,attente en agence et personnel,16
79,Ouladcheikh Abderrazzak,Mauvais service,2024,7,28,0.57,attente en agence et personnel,15
79,Lila lali,Personnel désagreable,2019,7,30,-0.68,attente en agence et personnel,21
79,Mustapha Benzaid,Satisfait,2024,7,28,0.89,autre,9
79,riad ouadni,Service clients nulle,2022,7,29,-0.57,attente en agence et personnel,21
79,yassine chifaa,Service à améliorer !,2022,7,29,0.94,attente en agence et personnel,21
79,Oussama Elharrak,Service nul,2023,7,29,-0.45,attente en agence et personnel,11
79,Bien Art,Parfait,2020,7,29,0.8,autre,7
79,Bajji Mohamed,Au service,2022,7,29,0.58,attente en agence et personnel,10
79,fatiz fa,Mauvais service,2023,7,29,0.57,attente en agence et personnel,15
79,Mohammed Rouani,Je suis très déçu de mon expérience. J'ai attendu plus de 45 minutes et personne ne s'est occupé de moi. L'employé était constamment au téléphone et n'a aucun respect,2026,7,28,-0.91,service client et assistance,166
79,Zakaria Jaafari,Les pires agences du Maroc. Utilisateurs paresseux.,2025,12,30,-0.68,autre,51
79,Mustapha Benouahmane,"Le service était bon, le conseiller accueillant, et le responsable également flexible et serviable.",2023,7,29,0.98,attente en agence et personnel,99
79,محمد الكبيسي,"Service médiocre, retards pour le client et connaissances insuffisantes des services.",2025,10,31,-0.43,attente en agence et personnel,85
79,Flow,"Lors du partage de l'âge, la couleur du téléphone orange de 7 ans est livrée avec la même fibre ou hiya m9tou3a 3 extrémités ou le fait réel du téléphone, puis les 3 jours suivants iyet koulla ou l'âge de la mère, l'âge de la mère, 9ch",2023,7,29,0.55,service client et assistance,235
79,Mido Madi,"Le pire service client jamais vu : un seul agent desservant toute une zone, ce qui a entraîné des embouteillages dans l'agence en pleine pandémie de COVID-19. C'est de la folie, d'où viennent les ministres de la Santé de ce pays ?",2022,7,29,-0.84,attente en agence et personnel,230
79,Hassan Konaté,"Service client vraiment mauvais... Malheureusement, une étoile est la note la plus basse que je puisse donner",2021,7,29,-0.96,attente en agence et personnel,109
79,Wiam WIAM,Des arnaqueurs ! Une longue description sera rédigée.,2022,7,29,-0.8,autre,53
79,Brave Heart,Ils ne répondent pas au téléphone,2018,7,30,0.0,service client et assistance,33
79,Derek Giroulle,Service rapide sans attente,2023,7,29,0.53,attente en agence et personnel,27
79,chakir zenfouh,"Utilisateurs de l'agence, catastrophe !!!!",2021,7,29,-0.95,attente en agence et personnel,42
79,Zakaria Meziane,Service amical,2026,7,28,0.6,attente en agence et personnel,14
79,El Mehdi El Idrissi,Service médiocre,2023,7,29,0.66,attente en agence et personnel,16
79,Redouane Benhassou,Si Youssef est un homme bien,2021,7,29,0.92,autre,28
79,جعفر أبو يوسف,Services au niveau,2019,7,30,0.64,autre,18
79,ilyass,nul,2020,7,29,0.0,autre,3
79,Antoine Gomis,Cool,2021,7,29,0.91,autre,4
79,Rachad EL ASRI,Des gens bien,2020,7,29,0.96,autre,13
79,Abdellah Chibani,Mauvais service,2020,7,29,0.57,attente en agence et personnel,15
79,Anny karoliny Leite,Pourquoi ce numéro de téléphone ne fonctionne-t-il pas ???,2026,7,28,-0.47,service client et assistance,58
79,MOUAD ERRMILI,"Je voulais récupérer mon numéro chez Inwi, et le vendeur m'a dit que je devais l'échanger contre un forfait à 100 dirhams, alors que je ne voulais que celui à 50 dirhams. Il a prétendu que ce n'était pas possible, et je n'y comprenais rien.",2026,7,28,-0.74,carte sim et réseau,240
81,Mehdi B.,"J'avais l'impression de les déranger. Aucun sourire, accueil inexistant, aucun service. Il semblerait qu'il soit impossible de recharger désormais en agence. J'ai des doutes !!! Bref agence à éviter.",2026,7,28,-0.85,attente en agence et personnel,199
81,Hamza Hcine,"Service nul a 1000 pour cent , ttes mes factures reglées et ils mont suspendu la ligne ,ni apels sortant ni reception dappels, et je travail avec mon numero ,et ni lagence ni les centre dappels ne font le necessaire la catastrophe",2024,7,28,-0.55,attente en agence et personnel,230
81,Khona Officiel,"Je trouve que cette agence est vraiment spéciale, on est bien traités, le personnel montre le vrai sens du mot professionnel, parmi toutes les agences par lesquelles je suis passé dans le royaume, celle-là est la meilleure. Bravo pour votre travail et continuez comme ça 👍",2020,7,29,0.95,attente en agence et personnel,272
81,Stéphane Fey,"Accueillants, sympathiques et rigoureux",2020,7,29,0.8,autre,39
81,Adil Lafnouch,Mauvaise service,2024,7,28,0.55,attente en agence et personnel,16
81,Harbaz Salah Eddine,Service excellent,2021,7,29,0.96,attente en agence et personnel,17
81,Ahmed Halim Guerraoui,Trop chiiiiche,2021,7,29,0.54,autre,14
81,Amina MAKNASSI AL AHIYANE,Mauvais service,2020,7,29,0.57,attente en agence et personnel,15
81,Faiiiza fariiid,Parfait merci,2020,7,29,0.84,autre,13
81,salah loza,Très mauvais,2026,7,28,-0.94,autre,12
81,Zakaria,Bon traitement,2026,7,28,0.86,autre,14
81,ZAETONA El MANSOURI,Service horrible..,2021,7,29,-0.92,attente en agence et personnel,18
81,Master IIDSCM Master,Bon service,2019,7,30,0.92,attente en agence et personnel,11
81,Hachouche Faycal,Bien,2023,7,29,0.75,autre,4
85,Florian Declercq (Siflain),"4 jours que je réclame pour récupérer mon appareil, il est enfin arrivé mais avec des pièces manquantes. Ils promettaient de donner des news et d'apporter les éléments manquants, plus de réponse.",2025,10,31,-0.49,autre,195
85,Mohamed Amine Noure,Pas de service je me suis déplacé pour riens,2025,11,30,-0.59,attente en agence et personnel,44
85,K M,J'y suis allée pour acheter des accessoires de téléphone. Je trouve que c'est des gens honnêtes,2025,10,31,-0.6,service client et assistance,95
86,Yass,rikadab 3la 5oh htayahad mi 3awnaka Toutes les agences Inwi de Casablanca ne servent absolument à rien que du baba merci de ne pas choisir cette agence pour votre bien,2026,5,29,-0.43,attente en agence et personnel,167
89,Laila Rissafi,"Salam,  Je suis une immigrante marocaine et je souhaitais acheter une carte SIM pour mes",2025,12,30,0.58,carte sim et réseau,88
89,Tasnim Legdah,"Service nul et les employés ne traitent pas bien les clients, ils ne se soucient pas des clients et prétendent qu'ils ne connaissent pas la solution à votre problème.",2025,12,30,-0.6,attente en agence et personnel,166
89,EL RHOUL MED,Personnel très accueillant,2026,1,29,0.95,attente en agence et personnel,26
89,Bassam Amine,Agence nule,2026,7,28,-0.55,attente en agence et personnel,11
89,Mouad Laaziri,Le pire service client que j'aie jamais vu.,2026,3,30,-0.6,attente en agence et personnel,43
89,Yasmin,Personnel désagréable. Ils se sont moqués d'un client.,2025,10,31,-0.88,attente en agence et personnel,54
89,boubker maazouz,"Service client déplorable, personne n'est en mesure de vous guider ou de vous fournir une assistance.",2026,7,28,-0.7,attente en agence et personnel,101
89,Yazami Pro,mowadafun 3eyanin,2026,2,28,0.55,autre,17
89,TIE PROD,Cette entreprise n'est pas digne de confiance.,2024,7,28,0.0,autre,46
89,Naoufal Amani (Nodapok),Super,2024,7,28,0.78,autre,5
89,Aboubacar Diarra,Service lent,2024,7,28,0.53,attente en agence et personnel,12
89,Oliver HD,zirooo mo3a mala,2026,7,7,-0.54,autre,16
90,Réda El mdaghri Ben Omar,Cette boutique n'existe plus !! Déplacement pour rien,2025,12,30,-0.71,autre,53
90,Yves Boscherel,L’agence n’existe plus à cet endroit,2026,2,28,0.0,attente en agence et personnel,36
90,Ouiam Zr,Toujours déçue de la qualité de service d'INWI. une certaine madame Leila qui a la casquette d'une responsable (aucune info de quoi exactement) inaperçue sur le site et parle sur téléphone avec arrogance sans aucune explication ni réponse,2024,7,28,-0.78,attente en agence et personnel,238
90,Nabil Bojji,"Un excellent service reçu de la part d'Abdellatif chez Inwi ! Son professionnalisme, son écoute attentive et son efficacité ont rendu mon expérience des plus agréables. Merci beaucoup!",2026,7,28,0.98,attente en agence et personnel,184
90,Safia Anwar,Je suis très contente par leur service surtout la responsable qui s appelle Laila toujours a l écoute et souriante,2024,7,28,0.94,attente en agence et personnel,114
90,Francoise Kempf,Reçue par un jeune homme très aimable et très professionnel qui a pu répondre d une manière claire à mon problème !,2024,7,28,0.9,service client et assistance,115
90,ELKINANI Mohamed,Fermé Fausse information sur l'agence elle est fermée,2026,7,28,-0.54,attente en agence et personnel,53
90,Med Moh,Vraiment une pire expérience j ai attendu une heure pour être écouté 3 minutes,2022,7,29,0.42,autre,78
90,Ami Co,Même pas un numéro qui marche. Honteux,2022,7,29,0.0,autre,38
90,Nizar Skounti,Service déplorables,2025,12,30,-0.65,attente en agence et personnel,19
90,Abdeljalil El Quessar,"Fermé toute la journée, déception.",2023,7,29,-0.78,autre,34
90,KHATWA PARTNERS (EL OUARZAZI),un trés mauvais service,2022,7,29,-0.92,attente en agence et personnel,23
90,rime el fassi,En decadence...,2021,7,29,-0.59,autre,15
90,Sarra Teri,Non seulement pas de téléphone joignable mais l’agence n’existe plus sur marjane.déception totale.vraiment inwi revoyez votre communication .,2026,7,23,-0.62,attente en agence et personnel,141
90,Abdeljabbar Elgabli,"Le service était déplorable. J'ai été prise en charge par une jeune femme nommée Leila, qui était à l'extérieur de l'agence en train de discuter avec sa famille, laissant les clients attendre.",2024,7,28,-0.91,attente en agence et personnel,192
90,Younness Boufaress,Très bien,2020,7,29,0.99,autre,9
90,Wiam WIAM,La pire agence qui soit,2020,7,29,-0.68,attente en agence et personnel,23
91,Zakaria زكرياء,"Tart m3za wahd nessaba f had the agence bagha tbi3 lya forfait sehha tayhssab liha ga3 nass 3nd hom lwdnin, wana baghi ​​​​sim card prepayé..... katgoli m3ndi mndir lik hadchi li kayn, 3ayat l sce client kay2akdo lya dakchi knt 3arf",2026,1,29,0.63,carte sim et réseau,232
91,zakaria sbai,kaysthamro nass,2026,1,29,0.4,autre,15
93,HAKIM BADI,Je suis partie pour avoir une Recharge de 500Dh illimité internet et Appels 30jours J’ai une Réponse de la dame : cette recharge n’est existe pas j’ai reçu un mail,2025,10,31,-0.45,carte sim et réseau,163
93,issa bak,"Service lent, le mec est méprisant, n'aide pas beaucoup, me fais revenir + de 5 fois pour payer et me redis de repasser la fois d'après à chaque fois, et fait payer 200dhiram de frais de service car il sait que je suis étranger.",2026,7,28,-0.53,attente en agence et personnel,228
93,Jean Yves Quentin,Cette vendeuse distribue des cartes sans donner de contrat et n'active pas les lignes mais encaisse 250 dirhams à chaque contrat N'ayant pas de contrat les clients ne peuvent réclamer lorsque qu'ils constatent,2024,7,28,-0.59,autre,209
93,Mohamed EL ATTARI,"Des agents arnaqueurs. On m'a fait payé 200 DHs pour la mise en service du forfait toute en rassurant que c'est la première mensualité. D'autres agents complices, qui manquent du professionalisme. du coup, j'ai résilié mon forfait. Bref NUL. Méfiez- vous!!!!!",2021,7,29,-0.86,carte sim et réseau,259
93,h al,La demoiselle voulait à tout prix écouler les forfaits alors qu'on n'a demandé qu'une puce 4g qui contient 20 dh de crédit et que la soi disant conseillère a omis de dire en affirmant qu'il fallait recharger derechef! Mauvaise foi ou inompétence??,2021,7,29,-0.68,carte sim et réseau,247
93,Azeddine EL FIGUIGUI,"Très mauvais service après vente, j'ai souscrit chez eux et depuis 1 mois je n'ai pas internet et ils ont rien fait pour moi. Je vous déconseille cette agence et cet opérateur",2023,7,29,-0.96,attente en agence et personnel,175
93,Hicham Belimane,"Le personnel ne fait pas correctement son boulot, ils n'ont pas les bonnes infos sur les offres , pas de sourire que de l indifférence dans leurs traitements et comportement avec les clients , il faut arrêter de faire fuir les clients, c est grâce à nous que vous êtes payer.",2023,7,29,-0.61,attente en agence et personnel,275
93,Pascal Bonis,"Accueil sympa et compétent. Par contre beaucoup d'attente (1 personne devant moi, 20 mn ...)",2023,7,29,-0.69,attente en agence et personnel,92
93,jamal chahy,"pas de professionnalisme dans le traitement des demande des clients ,j'ai demandé la portabilité de iam vers inwi et depuis 3 semaine je galère avec cette agence ,mauvaise image de inwi.",2019,7,30,-0.92,attente en agence et personnel,186
93,faiteh abdennebi,Magasin dont le personnel est peu professionnel. Manque d'offres satisfaisante pour le public.,2020,7,29,0.47,attente en agence et personnel,94
93,Khalid Barkat,Bon service.. satisfait de ma migration de Maroc Télécom vers inwi pr le momen.. 👍,2020,7,29,0.92,attente en agence et personnel,82
93,ASMA El FARISSI,0 en débit wifi portable Un grand 0000000,2024,7,28,0.58,carte sim et réseau,41
93,Abdel Tzn,Nul,2026,1,29,-0.4,autre,3
93,Sandro Hunziker,Un un service de la part de la jeune dame qui ns à servi,2023,7,29,-0.41,attente en agence et personnel,56
93,Amri boujemaa,"Merci,inwi bon travail, excellents services.",2023,7,29,0.99,autre,44
93,Laila Elmajdi,Serice correct et agent serviable. I' agence hay riad a le pire service.,2020,7,29,-0.53,attente en agence et personnel,72
93,Jaouad El Kettani,Accueil à la hauteur. Personnel professionnel. Service rapide.,2018,7,30,0.68,attente en agence et personnel,62
93,nada ji,Ils ne t'aident pas,2023,7,29,-0.53,autre,19
93,amira dikre,"à proximité, très bon service",2024,7,28,0.97,attente en agence et personnel,29
93,IDRISS LAKBIRI,mauvaise service et mauvaise qualité,2026,7,28,-0.94,attente en agence et personnel,36
93,Taha Chakir,Personnels très professionnel et accueillant,2020,7,29,0.9,autre,44
93,Bou-souf EL Mostafa,Je n'aime pas,2020,7,29,-0.43,autre,13
93,moi Nouairi,Très bon service,2020,7,29,0.98,attente en agence et personnel,16
93,khalilou GUEYE,les gens sont pro !,2023,7,29,0.55,autre,19
93,imrane oufqir,Personnel top professionnel,2021,7,29,0.7,attente en agence et personnel,27
93,Abdessamad BARGAZ,Service Fidélité nul.,2019,7,30,-0.41,attente en agence et personnel,21
93,Youssef Marjani,Pas mal,2018,7,30,0.41,autre,7
93,Naima Calviac,Trés serviable,2019,7,30,0.67,autre,14
93,Yassin Yassine,bien agence,2024,7,28,0.93,attente en agence et personnel,11
93,EL ALAOUI LALLA HALIMA,Agence spécialisée dans la vente de produits inwi,2020,7,29,0.47,attente en agence et personnel,49
93,stanline eugenie mangle,Rapide,2022,7,29,0.63,autre,6
93,ayoub live,Service froid,2020,7,29,-0.43,attente en agence et personnel,13
93,M Loustani,Manque de professionnalisme,2019,7,30,0.43,autre,27
93,Rachid Ben mess,Bien,2020,7,29,0.75,autre,4
93,Chraihi Abderrahim,Bon,2020,7,29,0.91,autre,3
93,EL AIDI SAID,Service à la hauteur,2018,7,30,0.71,attente en agence et personnel,20
93,Salkhi Aymen,Respectable,2019,7,30,0.85,autre,11
93,Boubaker OUHMOUCH,Bon,2020,7,29,0.91,autre,3
93,Sarra Teri,Agence marquée comme ouverte le dimanche.j’ai attendu jusqu’à 17h .téléphone injoignable.vous vous foutez des gens,2026,7,23,-0.75,attente en agence et personnel,114
93,carl gregory,"Je ne recommande absolument pas cette entreprise. Ils m'ont facturé 200 MAD (environ 20 $ US) pour une carte SIM et 20 Go de données (du moins, c'est ce qu'ils m'ont dit). En réalité, je n'avais que 2 Go. Non seulement c'est cher, mais",2026,7,28,-0.44,facturation et prix,235
93,Brutus Lee,"Responsabilité nulle : ils vous donnent de mauvaises informations, vous renvoient vers un organisme gouvernemental pour déposer vos plaintes, et refusent ensuite de corriger leurs erreurs, si bien que vous finissez par acheter le produit dont vous avez besoin deux ou trois fois.",2026,7,28,-0.96,autre,279
93,Simone Turk,Service excellent.,2026,4,29,0.97,attente en agence et personnel,18
93,youssef balahloul (BALHNOUD),Pour nos clients. Services et avantages exclusifs. my inwi. Gérez vos numéros en accédant à votre espace personnel. +Découvrez. club inwi. Cumulez des points et choisissez votre cadeau chaque mercredi.,2020,7,29,0.64,attente en agence et personnel,201
93,Abdelaziz Lafqui,"Une horrible dame qui travaille là-bas, jltita ne sait pas parler respectueusement",2023,7,29,-0.78,autre,82
93,Amir Khan,Ils ont changé de locaux sans préavis.,2026,7,28,-0.44,autre,38
93,mohamed bourhanem,"Alléchant, surprenant et bon",2020,7,29,0.98,autre,28
93,Hicham Rey,"Boutique d'opérateur de téléphonie mobile, service de qualité et agents professionnels",2020,7,29,0.77,attente en agence et personnel,86
93,طريق العطاري,Excellent emplacement et services haut de gamme,2020,7,29,0.92,autre,47
93,Halima Wjdiya,Salutations 1234,2020,7,29,0.6,autre,16
93,Abdilah 1234567891234567899,Un endroit magnifique qui vaut le détour,2020,7,29,-0.52,autre,40
93,mohamed sadiki,👎,2021,7,29,0.42,autre,1
93,Jamal emiste,service agréable,2020,7,29,0.67,attente en agence et personnel,16
93,asmaa ab,B1,2020,7,29,0.56,autre,2
93,zakaria aitelhoucine,Service de qualité,2019,7,30,0.82,attente en agence et personnel,18
93,khalil bennani,Bon service,2017,7,30,0.92,attente en agence et personnel,11
93,Dah Man,C'est beau,2020,7,29,0.95,autre,10
93,Hanne Chihani,Personnel agréable,2021,7,29,0.62,attente en agence et personnel,18
93,salah,Agent impoli,2022,7,29,-0.39,attente en agence et personnel,12
93,Andre Grecu,Il m'a aidé sans aucun problème.,2026,7,7,0.61,autre,32
93,Various Videos,"Trop d'attente, pas de chaises, un seul employé",2026,6,30,0.43,attente en agence et personnel,47
94,Karim AKKACH,"Équipe très sympa. Le local est certes petit. Donc, parfois des queues. Ne pas oublier que beaucoup d'étrangers sont clients et demandent par groupe des cartes isim ou autres et la paperasse leur fait perdre du temps mais pas leurs",2026,1,29,-0.74,autre,231
94,Asmae,"L'agence est correcte, mais il y a quelques points à améliorer. Le personnel est poli, mais parfois un peu débordé, ce qui rallonge les délais d'attente. Les informations sont globalement claires, bien que certaines réponses manquent de",2026,7,28,-0.65,attente en agence et personnel,236
94,M Darouy,Abdelghafour au top ! Très compétent et toujours serviable. Merci pour ses explications claires et la résolution efficace des problèmes.,2025,11,30,0.96,autre,136
94,Badr Meed,"Le 12 février à 19h45, j'étais simplement venu pour une information qui ne prend même pas 5 minutes. L'agent m'a répondu de manière impolie, en criant qu'il avait terminé, alors qu'il était encore au bureau.",2026,7,28,-0.58,autre,207
94,Omar LOUGLILY,"Je suis passé juste pour résilier mon  abonnement car malheureusement depuis octobre 2021 je ne reçois pas le débit compatible avec ce que je paie. Quand j'ai appelé pour essayer de trouver une solution, j'ai compris que, en effet, la",2022,7,29,-0.69,carte sim et réseau,234
94,Daniel Rehm,"Le guichet est tout petit, tous les services ne sont pas forcément disponibles (routeur wifi par exemple, recharges téléphoniques...), mais le personnel prend le temps qu'il faut avec chaque client, c'est important quand on se présente en tant que touriste.",2020,7,29,0.41,internet fibre et box,257
94,Ahmed ARIBBAN,J ai acheter un galet 4g et je l'ai recharger 300dh et un mois plus tard je vien pour recharger 100dh il me disent que l'offre n est pas valable,2023,7,29,-0.69,carte sim et réseau,144
94,B N,"Super vendeuse ! Accueillante ,souriante et vous explique très bien les abonnements ! Merci à lala inwi",2026,7,28,0.93,autre,103
94,Gilles Oneill,A 9h00 sur l appli on arrive et bah non c est 10h merci maintenant il faut trouver une agence ouverte a 9h00 merci inwi,2026,7,28,-0.36,attente en agence et personnel,119
94,Sam 2090,Telephone ne repod pas l agent tjs sur tele personnel service non dispo,2024,7,28,0.0,attente en agence et personnel,71
94,Walid Hd,"Service nul, personnel incompétent qui nuit à l'image de l'opérateur",2023,7,29,-0.64,attente en agence et personnel,68
94,Amine EL HADDAJ,Mettez à jour vos horaires svp pour être sûr de ne pas se déplacer pour rien.,2024,7,28,-0.39,autre,77
94,Med,Ne peut pas effectuer les paiements de facture.,2019,7,30,0.0,facturation et prix,47
94,Firdaous Kerroudi,toujours un problème au niveau du système. nuuuuuul,2023,7,29,-0.62,autre,51
94,amine bellal,C'est pas bon,2022,7,29,-0.4,autre,13
94,B L,Pas mal,2021,7,29,0.41,autre,7
94,LUIS OJEDA,Une agence très sérieuse.,2022,7,29,0.46,attente en agence et personnel,25
94,Sam Laat,👍,2023,7,29,0.42,autre,1
94,Aziz Kerdoud (“Keraz”),Toujours fermer a évité,2022,7,29,-0.46,autre,23
94,Marvin Ottersberg,"Le type était très sympa et serviable, et il parlait bien anglais. Il nous a demandé combien de jours nous restions et nous a donné des cartes prépayées avec données illimitées pour 300 DH pour 30 jours.",2026,4,29,0.88,autre,203
94,Anna James,"L'homme qui nous a servis était formidable ! Il parlait bien anglais et a équipé nos deux téléphones de nouvelles cartes SIM et de forfaits internet illimité pour les trois mois de notre voyage au Maroc. Il les a installés en boutique, ce",2026,7,28,0.92,carte sim et réseau,238
94,YOUSSEF RHANEM,"Service très médiocre. La vendeuse doit savoir parler aux clients et surtout expliquer clairement les choses. De plus, elle doit baisser la voix lorsqu'elle s'adresse aux clients, car nous ne travaillons pas pour elle. On dirait qu'elle",2024,7,28,-0.7,attente en agence et personnel,236
94,Junior Santi,"C'était inadmissible ! J'étais cliente d'INWI depuis toujours, mais je change de fournisseur. Ni la réceptionniste ni le responsable (Marouane ou quelqu'un d'autre) n'ont voulu nous aider ni su comment faire ; ils voulaient juste qu'on",2026,7,28,-0.92,autre,235
94,Youssef g,Personnel aimable et compétent,2026,1,29,0.92,attente en agence et personnel,30
94,Tony Summers,La jeune femme parlait très bien anglais et a rechargé nos cartes SIM. J'y retournerai sans hésiter.,2024,7,28,0.86,carte sim et réseau,100
94,Yyjyhyhy Yuyuyuyy,"Zéro pour le deal, surtout une des dames là-bas, elle est comme un hibou que les Égyptiens ont fait son visage couper la levure de la maison, elle est la raison pour laquelle j'ai changé l'abonnement",2024,7,28,-0.67,facturation et prix,199
94,maitre naimi,Le téléphone ne répond pas toujours et donne des numéros qui ne fonctionnent pas.,2024,7,28,-0.48,service client et assistance,81
94,Roy Adamson,Faites vos achats chez Marjane. J'ai trouvé exactement ce que je voulais à un prix intéressant.,2024,7,28,0.53,facturation et prix,95
94,Alex,Service client déplorable,2024,7,28,-0.76,attente en agence et personnel,25
94,Amine El malah,👎👎👎👎👎👎👎,2024,7,28,0.42,autre,7
95,Youssef Rc,"Mon expérience à l'agence Inwi de Mediouna a été très décevante. Le service est médiocre et les employés semblent totalement indifférents aux clients. Malheureusement, mon expérience a été catastrophique. Le professionnalisme est quasi",2026,2,28,-0.85,attente en agence et personnel,235
95,take note,Le service chez Makinish était médiocre ; j'ai regretté d'y être allé.,2026,4,29,0.45,attente en agence et personnel,70
95,Yahya Amraoui,J'en ai besoin de beaucoup,2026,3,30,0.5,autre,26
97,Amine Ballaj,L'agence était fermée pendant les heures d'ouverture indiquées sur Google maps.,2026,7,28,-0.49,attente en agence et personnel,79
97,safi karim,J'aime,2022,7,29,0.93,autre,6
97,Nabil Karimi,pas mal !,2018,7,30,0.58,autre,9
97,Mohamed Lachhab,Nul,2020,7,29,-0.4,autre,3
97,aziz Eljamali,Excellent,2019,7,30,0.96,autre,9
97,Ismail Khacheb,Agence,2020,7,29,0.49,attente en agence et personnel,6
97,glenn rider,J'étais près de lui mais je n'y suis pas allé,2025,11,30,0.0,autre,45
97,sebti med,Ramadan Moubarak,2026,5,29,0.56,autre,16
97,North Dexy,"Un service client exceptionnel, tant au niveau de l'écoute et de la réactivité que des suggestions pertinentes pour le client.",2024,7,28,0.57,attente en agence et personnel,126
97,fathi,agence fermée.,2026,7,28,0.47,attente en agence et personnel,14
97,Othmane EL KOHLI,agent très serviable appelé Jawad,2020,7,29,0.68,autre,33
97,المهدي بن عبدالله,Je lui ai rendu visite il y a deux semaines,2023,7,29,0.55,autre,43
97,anis anwar,Beau,2021,7,29,0.59,autre,4
97,adil adiil,Cool,2021,7,29,0.91,autre,4
97,Ouboukdir Youness,J'ai l'intention,2021,7,29,0.46,autre,16
97,Abdilah Hakam,Mazyan,2021,7,29,0.55,autre,6
99,Julie W,À fuir accueil déplorable le 9 décembre 2025 au soir 3 jeunes femmes qui rient entre elles et n'ont aucune considération envers de potentiels clients .. du coup je suis allez chez la concurrence Orange à côté,2026,3,30,-0.86,attente en agence et personnel,208
99,v gal,A l’aéroport de Casa on m’a vendu un forfait à 500mad ( payé 50€ soit 533mad) pour 1 mois de 4g et appels illimités avec 500 sms  au bout de 15 jour ligne coupée avec demande de recharge!!! Je ne recommande pas!,2026,1,29,-0.65,carte sim et réseau,211
99,ceryne jad,Des arnaqueurs les agents ne rendent pas la monnaie et quand tu paies en devise c’est pire ils n’ont pas froid aux yeux vraiment une très mauvaise image se reflète,2026,2,28,-0.89,autre,163
99,AE,"Bonjour,  Arnaque n’allez pas chez INWI il mon volé 20€ dés mon arrivée et ils sont 4 à se",2026,7,28,0.44,facturation et prix,90
99,fk fatima,Arnaque. Vous devez prendre la carte sim gratuit puis vous recharger ailleurs.. si non fait attention...,2026,7,28,0.0,carte sim et réseau,104
99,reza derdar,Très high tech! Aux normes internationales ! Une plus value pour le tourisme de masse... Car l'aéroport Mohamed 5 s'est doté de 3 terminaux !,2023,7,29,0.96,autre,141
99,Roberte Robert,Arnaque   pas de recharge  de fait Attention  pas sérieux,2018,7,30,0.0,carte sim et réseau,57
99,hicham mounfid,super,2019,7,30,0.92,autre,5
99,Montel MOUSSOUNDA,Simple et bien,2021,7,29,0.93,autre,14
99,Lina Nu,Arnaque. Ils voulaient détruire ma carte SIM de mon pays d'origine. Ils ne m'ont pas donné le code PIN et maintenant je ne peux ni la déverrouiller ni l'utiliser.,2026,7,28,-0.7,carte sim et réseau,162
99,Lhassan Jarir,Soyez prudents et vérifiez votre solde avant de quitter le magasin ; ce sont des arnaqueurs. Ils ont essayé de me voler deux fois en deux ans.,2022,7,29,-0.78,autre,142
99,Auto Tip Top Fouad Yehia,"Très mauvaise entreprise, ils ne vendent que des cartes SIM à 20 euros avec 20 gigaoctets d'internet, sans possibilité de recharge.",2023,7,29,-0.97,carte sim et réseau,131
99,Fawzy Mohamed,Excellent aéroport mais nécessite un développement architectural pour suivre le rythme,2024,7,28,0.9,autre,86
99,الهاشمي الركراكي,Hajj 2023,2024,7,28,0.52,autre,9
99,Туся Лавруша,C'est dommage qu'ils n'autorisent pas les personnes en deuil à entrer.,2024,7,28,-0.86,autre,70
99,Nayeem Mohammad,Il est temps de prendre le prochain vol.,2024,7,28,-0.38,facturation et prix,40
99,Adnan Merhabi,Trop lent à servir,2022,7,29,0.52,autre,18
99,abdalaziz saeed abudegin,Leur service est bon,2024,7,28,0.98,attente en agence et personnel,20
99,ALKHABER TRAVEL,Beau,2024,7,28,0.59,autre,4
99,Ahmed Halim Guerraoui,Abeille,2024,7,28,0.53,autre,7
100,Elkasmi Mohamde,Bonjour c'est formidable cette tablou,2017,7,30,0.87,autre,37
102,Bilal Filali,Cela fait Plusieurs fois que je passe et comme d’habitude la boutique est fermée. Toujours pareil  et ça a n’importe quelle heure,2026,2,28,-0.67,autre,129
102,Adnane Khaddam,Je comprends pas c’est indiquer ouvert jusqu’à 20h il est 16h et toujours fermer c’est inadmissible,2025,10,31,-0.51,autre,99
102,Ahmed Guider,Inwi + bloc de numéros,2026,5,29,0.51,autre,22
103,Karim Amrani,Veuillez supprimer le numéro de téléphone de cette entreprise. Ce numéro appartient désormais à une agence de location de voitures.,2025,11,30,0.4,attente en agence et personnel,131
103,Rania CHAWKI,Mauvaise opérateur internet ni service technique  ni agence ni support et manque de respects c vraiment nuuuul 👎🏻👎🏻👎🏻👎🏻👎🏻👎🏻👎🏻,2025,9,1,-0.76,attente en agence et personnel,125
103,adil byaz,Serviable et accueillant,2025,12,30,0.93,autre,24
103,es.salmy hamza,"Mauvais service, le gars manque de respect et de bon relationnel, il a même pas les qualités d'un chargé de clientèle, on est client oui , mais on accepte pas ce genre de vous représenter 👎👎👎👎",2023,7,29,-0.57,attente en agence et personnel,192
103,Soufia Oumena,Service rapide et personnel professionnel,2025,9,1,0.74,attente en agence et personnel,41
103,ELALAOUI rachid,"Mauvais service ,manque du respect des horaires  horaires de travail.on dirait une ferme familiale.",2022,7,29,-0.78,attente en agence et personnel,99
103,mohamed elhari,Qui ferme quand il  veut,2022,7,29,-0.5,autre,24
103,Jawad Lassas,Agence ferme à 16 h,2021,7,29,0.39,attente en agence et personnel,19
103,Mehdi Alaoui,Service qui laisse à désirer,2020,7,29,-0.73,attente en agence et personnel,28
103,Aziza Bakkar,Nul agence,2020,7,29,0.36,attente en agence et personnel,10
103,Adam Belhadad,Service 3eyyan,2022,7,29,0.57,attente en agence et personnel,14
103,hayat zineelabidine2021,"Khdit wifi mn eandhom galiya 3j max ayji siyed y saybolik db ktar mn 5j mazal ma3aytliya hta wahed, normalement ana dej kont dayra had wifi f casa meme pas 2j makaynach jaw saybohli hta jit hena mafhmtch had service dyal Inwi hena ead les",2026,3,30,0.4,internet fibre et box,238
103,abdelhamid barakat,nari 3la ta3ali9 silbiya,2026,2,28,0.54,autre,24
103,ZEYROX BYH,Traiter avec les clients 0,2025,12,30,0.53,autre,26
103,Hicham Mkadem,Le type qui y travaille est vraiment désagréable. À éviter absolument !,2026,7,28,-0.83,autre,71
103,Med Choukri Salim,"Mon fils aîné y est actuellement, je lui souhaite le meilleur.",2020,7,29,0.83,autre,62
103,هوائي مكافئ,excellent,2026,7,28,0.97,autre,9
103,Kacimi Jawad,Inwi essahel,2022,7,29,0.57,autre,12
103,Moncef Bayoud,Agence Inwi,2019,7,30,0.47,attente en agence et personnel,11
105,Sfajlemra,"5 déplacements, 0 solution : Résiliation impossible et personnel déplorable Expérience absolument inacceptable. J'ai dû me déplacer trois fois pour la résiliation (informations téléphoniques jamais transmises) et deux fois pour la",2026,2,28,-0.69,attente en agence et personnel,230
105,Islam,"Le monsieur était très malpoli, je lui demandais des informations pour la fibre et quand je lui dit que son collègue m’avait dit que si je veux arrêter le wifi je vais payer un moi sans consommation. Il m’a mal parlé et il a dit que je",2026,1,29,-0.96,internet fibre et box,235
105,insaf elkoussia,"Je me suis rendue à l’agence et j’ai constaté un manque de professionnalisme dans le service. L’agent en charge de mon accueil parlait simultanément avec plusieurs personnes, ce qui a nui à la qualité de l’échange. Lorsque j’ai exprimé mon",2025,11,30,-0.89,attente en agence et personnel,239
105,hanan oulahyan,"Un grand merci à Hanna pour son professionnalisme, sa gentillesse et son service irréprochable. Elle a été très patiente, à l’écoute, et m’a vraiment bien accompagnée dans toutes les démarches. Une personne serviable et agréable, comme on aimerait en rencontrer plus souvent !",2025,10,31,0.88,attente en agence et personnel,276
105,Afas Safa,"L'agence INWI localisée à l'avenue des nations unies, Agdal Rabat est vraiment en deçà des attentes, le 21 juillet 2025 un client a demandé d'assainir sa situation suite aux erreurs commises sur son identité sur la base de données inwi,",2025,10,31,-0.76,attente en agence et personnel,236
105,Belguerch jamila,"Excellente Agence, conseillers très accueillants . Merci Badr de m’avoir reçu et bien renseigné pour les offres en cours. Un accueil chaleureux 🥰 je recommande vivement",2026,7,28,0.98,attente en agence et personnel,168
105,Samir Idrissi,"Agence un peu défraîchie avec un personnel qui fait de son mieux mais qualité de service assez moyenne Je n""ai pas pu avoir de facture au nom de la société parce que soit disant le",2020,7,29,-0.66,attente en agence et personnel,180
105,Saïd Zeghari,J'ai visité cet endroit pour un abonnement.  Service très moyen. C'était à moi d'insister auprès du vendeur pour avoir le type d'abonnement que je voulais ! et insister pour avoir des informations. Le personnel n'est pas du tout,2023,7,29,-0.51,attente en agence et personnel,228
105,Tarik Chemlal,"Agent accueillant, compétent et disponible. Je recommande cette agence.",2025,9,1,0.85,attente en agence et personnel,71
105,h al,"J'ai fait une demande de dégroupage adsl il y a maintenant 1 mois et demi, on m'apprend que la demande n'ayant pas abouti, pour des raisons techniques (propres à inwi), elle a donc été annulée. Seulement, le commercial de l'agence où j'ai",2019,7,30,-0.68,internet fibre et box,238
105,ilham ABD EL MOUMNI,"NUL (accueil et service) Jamais joignable, il faut se déplacer pour le moindre soucis. Je suis  obligé de mettre une étoile juste pour valider autrement ça passe pas",2023,7,29,-0.52,attente en agence et personnel,165
105,Yousra Belhimer,Mauvais service . Ne les croyez pas,2025,9,1,0.0,attente en agence et personnel,35
105,zakariae belfarhounia,"Service catastrophique. Pour me donne duplicata de contrat sans engagement ,Sans parler du comportement inapproprié des agents",2023,7,29,-0.86,attente en agence et personnel,126
105,Samir Hachim,"une agence avec un service null, et repons jamais a leur télephone fixe",2024,7,28,-0.45,attente en agence et personnel,71
105,Tamo Jwadi,Personnel débordé ou non expérimenté..système toujours très lent...service à rénover,2023,7,29,-0.62,attente en agence et personnel,84
105,BOUH EL HOUSSAIN,Merci pour votre super et très bonne qualité de service!,2023,7,29,0.99,attente en agence et personnel,56
105,EMMANUEL C.A,Bonne agence.service rapide . très bonne amplitude horaire.,2022,7,29,0.98,attente en agence et personnel,59
105,جيراري مريم الاء,"Tres bonne reception ,les agents sont sympathiques et accueillants",2022,7,29,0.96,autre,66
105,lakhdar hachim,Très bonne agence avec personnel serviable,2018,7,30,0.96,attente en agence et personnel,42
105,jawad fakir,Éviter d'aller dans cette âgence.. Il y en a beaucoup d'autres plus sympa,2018,7,30,-0.42,attente en agence et personnel,73
105,Ahmed Zahidi,"Bon emplacement au centre de l'Agdal, facilement accessible.",2020,7,29,0.84,autre,60
105,Moha Derfouf,Non satisfait de leur service,2023,7,29,-0.51,attente en agence et personnel,29
105,Khalid EL AMRANI,Personnel très serviable.,2020,7,29,0.8,attente en agence et personnel,25
105,La Citadine,Dessus . Agence a évité .,2026,7,28,-0.69,attente en agence et personnel,25
105,Hassan Nejjari,Très satisfait,2021,7,29,0.92,autre,14
105,Mustapha,Bon accueil,2022,7,29,0.95,attente en agence et personnel,11
105,Medo Medo,Bonne service,2024,7,28,0.97,attente en agence et personnel,13
105,Karim Sourouri,Service satisfaisant,2022,7,29,0.74,attente en agence et personnel,20
105,Amine Hammouti,Un esprit professionnel 👌,2024,7,28,0.79,autre,25
105,Majdoulin Lyazghi,service client zéro,2023,7,29,0.55,attente en agence et personnel,19
105,Amoussa Sanoussi,Magnifique,2026,7,28,0.87,autre,10
105,Said IGOUJIME,Bon travail,2021,7,29,0.95,autre,11
105,F B,Bon,2020,7,29,0.91,autre,3
105,Khalil Boukri,Personnelle insupportable,2020,7,29,-0.79,autre,25
105,Official Trailers,👍🏼👍🏼👍🏼,2024,7,28,0.42,autre,6
105,Simo Bou,Bon service,2021,7,29,0.92,attente en agence et personnel,11
105,Laila Lily,J'avais une expérience très décevante manque de professionnalisme absence d’écoute et surtout un comportement impoli que ce soit de la part du personnel ou même de la directrice,2026,7,14,-0.87,attente en agence et personnel,177
105,Ramsés Rodríguez Ureña,"Je suis arrivé à 17h45 et, à peine entré, on m'a dit que je devais revenir demain. Pourquoi indiquez-vous une fermeture à 20h si vous n'assurez pas les services avant cette heure ?",2025,10,1,-0.64,autre,180
105,Андрей Кошкош,"L'application est hors service depuis six mois. L'agence ne peut pas modifier mon forfait, je dois donc appeler. À quoi bon avoir une agence, alors ? La connexion internet est catastrophique.",2024,7,28,-0.7,attente en agence et personnel,191
105,Omar Adam,"Je suis allé là-bas hier pour obtenir une carte SIM pour mon nouvel iPhone 15. Après avoir attendu près de 20 minutes, le vendeur m'a dit que je devais attendre au moins un mois, car ils ne l'avaient pas, et tous les magasins ne l'avaient",2024,7,28,-0.48,carte sim et réseau,238
105,Mustapha Benouahmane,"Service impeccable et personnel très serviable, jamais déçu. Ils sont à l'écoute de toutes les demandes des clients. Mon expérience avec leur service client a été très positive.",2023,7,29,0.9,attente en agence et personnel,177
105,Dr.Sultan Alali,Les meilleurs employés du service à la clientèle au monde sont M. Bader et Mme Noha.,2026,7,28,0.89,attente en agence et personnel,84
105,Aziz Hicham,J'ai rencontré plusieurs problèmes lors du transfert de mon numéro de téléphone de mon ancien opérateur vers Inwi.,2021,7,29,-0.5,service client et assistance,114
105,Simo Him,"Le personnel était compétent et serviable, et a fourni des explications claires.",2023,7,29,0.61,attente en agence et personnel,80
105,Micheal Deroi,Ils ne sont pas intéressés à me fournir une connexion Wi-Fi fibre optique.,2023,7,29,0.0,carte sim et réseau,74
105,عبد الرحمانem الساقيbu,Mieux que ce à quoi je m'attendais,2021,7,29,0.47,autre,34
105,Mohamed Drissi Bakhkhat,Bon service.,2016,7,30,0.95,attente en agence et personnel,12
105,thevionn maziane,Service excellent,2022,7,29,0.96,attente en agence et personnel,17
105,Said tahiri,makynch fin tblasi,2022,7,29,0.4,autre,18
105,Hanane Koraibi,Horrible,2024,7,28,-0.74,autre,8
105,Mimi Moon,Bien,2020,7,29,0.75,autre,4
105,Houda Lk,Bon service,2024,7,28,0.92,attente en agence et personnel,11
105,I T,"Service déplorable, immense bureau et employé totalement incompétent.",2026,7,25,-0.82,attente en agence et personnel,69
113,Alae-dine Belgada,-5 étoile si il faut des incompétents à éviter savent même pas travailler En plus irrespectueux,2026,7,28,-0.84,autre,95
113,Mohammed Chourifi,Pas mal,2020,7,29,0.41,autre,7
113,aziz berraho,Bonne coine et bonne service,2019,7,30,0.97,attente en agence et personnel,28
116,Chaimae Gannouni,"Malgré mes nombreuses tentatives de contact, l’agence m’indique systématiquement que le système est en panne et qu’aucun traitement n’est possible. ""سمحيلينا السيستيم طايح!!!!""",2026,3,30,-0.66,attente en agence et personnel,176
116,hachem boussif,Personnel très décevant. La personne en charge du magasin ne sait pas communiquer correctement et est très impolie. Je ne recommande pas cette agence.,2026,2,28,-0.82,attente en agence et personnel,150
116,Na BEN,"Très bonne agence INWI, la responsable est très bien formée et présente de manière optimale les produits. Son accueil est professionnel et cordial, on en ressort tout à fait satisfaits. De plus, contrairement à beaucoup d'agences INWI il n'y a presque pas d'attente.",2026,7,28,0.77,attente en agence et personnel,266
118,Zakia Saffar,Très satisfaite du service. Le conseiller était à l'écoute.,2026,2,28,0.93,attente en agence et personnel,59
119,Agnes Firmine Oulabou Tazekene,"On voulait acheter une carte Sim et comme suis noire le gar m'a dit que c'est 200dhs au lieu de 20dhs. Quand j'ai appelé notre chauffeur qui est marocain, l'agencié à dit c'est 20dhs. Il voulait m'arnaquer.",2019,7,30,-0.77,carte sim et réseau,206
119,Mehdi Hilali,Pack wifi vacay  illimité.  Je ne le recommande pas,2023,7,29,-0.5,internet fibre et box,51
119,Lasfar Ali,"Sympa, les 2 agents sont compétents",2019,7,30,0.5,autre,35
119,yassir laouani,Khona Sed l'agence w mcha,2022,7,29,0.42,attente en agence et personnel,25
119,Houda Daali,"Personnels accueillants, polis et professionnels",2021,7,29,0.8,autre,48
119,Roonyboss officiel224,J'adore,2020,7,29,0.76,autre,7
119,mostapha cherad,Bon service,2020,7,29,0.92,attente en agence et personnel,11
119,FRANCK NAMA,Travail soigné,2019,7,30,0.58,autre,14
119,samira reghay,Service lent,2021,7,29,0.53,attente en agence et personnel,12
119,Boubaker OUHMOUCH,Lourd service,2020,7,29,0.56,attente en agence et personnel,13
119,mils,A fuir.......,2020,7,29,-0.57,autre,13
119,Mehdi Levi,"Service déplorable et ligne téléphonique inexistante depuis 11 jours. J'exige une amélioration du débit, qui ne dépasse pas 1 mg, et aucune solution n'a encore été apportée. 👎👎👎",2026,7,28,-0.67,carte sim et réseau,177
119,Yassine Benslassi,Ils offrent un bon service et un excellent accueil.,2023,7,29,0.99,attente en agence et personnel,51
119,abdel elghemari,"Bien situé, services agréables",2019,7,30,0.78,autre,30
119,Saad Eznauloui,Je soutiens mon Maroc bien-aimé,2021,7,29,0.96,autre,31
119,Hind Bouras (‫ام محمد‬‎),excellent,2022,7,29,0.97,autre,9
119,Aissaoui Abdellatif,Être......,2021,7,29,0.43,autre,10
119,أبو امحمد,vardavarda,2022,7,29,0.59,autre,10
120,Jdjdjfj Djxjjx,Trés bon service,2026,4,29,0.89,attente en agence et personnel,16
120,Med mehdi Hassini,C'est une mauvaise agence dans Rabat,2026,7,28,-0.97,attente en agence et personnel,36
120,Anas Jad,Un service très très mauvais,2026,7,28,-0.92,attente en agence et personnel,28
120,yassine ahsina,Services médiocres,2026,3,30,0.58,autre,18
120,Elkasmi Hicham,Heures de travail,2026,7,28,0.58,autre,17
121,Kawtar Mahassine,"Je souhaite partager une expérience décevante avec le service client Inwi. J’ai voulu transférer mon contrat Internet vers un nouvel appartement, car je ne compte évidemment pas payer deux abonnements en parallèle. Normalement, une",2026,1,29,0.63,attente en agence et personnel,231
121,Sylvian Girard,Ils ne servent à rien. Pas capable de nous vendrent des données mobiles en recharge. Pas sympatique. On a l'impression de les embêter.,2026,4,29,0.0,carte sim et réseau,134
121,Riyad Mokhtari,Une personne travaille seule dans cette boutique alors que les clients sont nombreux. Pas de chaise disponible. Le service Inwi est truffé de bug et d’incohérence.,2023,7,29,-0.42,attente en agence et personnel,163
121,Dato Outban Habib,c'est un service qui laisse à désirer.   franchement je regrette d'avoir un abonnement Adsl avec ce service . je ne conseillerai jamais jamais jamais leur service à mon entourage.,2023,7,29,-0.85,attente en agence et personnel,179
121,ilus,"Système souvent en panne, imprimante hors service (donc pas de reçus). 1 seul employé au guichet, souvent attentes interminables.",2023,7,29,-0.44,attente en agence et personnel,129
121,touria Cherkaoui,Trés satisfaite des prestations fournies par le conseiller qui est trés gentil. Trés bel acceuil des clients. Ne changez rien à cette agence. Grand merci à vous,2020,7,29,0.63,attente en agence et personnel,160
121,Mme A Rifai,"Pas de réponse au niveaux de centre d'appels ce qui conserne les requettes, un retard immense pr la réparation de la ligne plus que deux mois",2022,7,29,-0.67,autre,141
121,Amina Alaoui,L employer est pas trop serviable je ne m y rendrai jamais 😒,2022,7,29,0.0,autre,60
121,Nouemane Demnati,Inwi une société internet provider. Pas sérieux,2024,7,28,0.0,autre,47
121,hafid Elkharraf,Très aimable le monsieur qui y travaille... Et bon conseiller,2019,7,30,0.96,service client et assistance,61
121,Peniel Salahou,Service correct personnelle plutôt serviable.,2020,7,29,0.59,attente en agence et personnel,45
121,Hind Ezzakrani,Très bon,2023,7,29,0.98,autre,8
121,Anas Dahhou,Effectif trop réduit,2019,7,30,0.48,autre,20
121,hafid fassi fihri,Minable,2021,7,29,0.46,autre,7
121,charaf ZAROUAL,Bon service,2024,7,28,0.92,attente en agence et personnel,11
121,Mouna Ramili,Service impeccable,2020,7,29,0.5,attente en agence et personnel,18
121,abderahi aitrhou,👎,2021,7,29,0.42,autre,1
121,Alami Nacer,Bonne courage,2022,7,29,0.98,autre,13
121,Mouncef EL MAROUDI,Services 0,2019,7,30,0.57,autre,10
121,Ali El messaoudi,"Agence fermée, personne n’y est! Et pourtant c’était l’heure de travail (15h 30min)",2026,7,24,-0.58,attente en agence et personnel,83
121,Mohamed Tamer,"S'il y avait eu moins d'une étoile, cela aurait été la véritable évaluation. Un service honteux, sans aucun respect pour le client, comme si vous vouliez une faveur, pas un abonnement. Un abonnement à la fibre optique. Même l'obtention du",2024,7,28,-0.44,facturation et prix,238
121,Max Ali,Note mauvaise,2026,7,28,-0.88,autre,13
122,faica faical,"Temps d’attente enorme! Ne venez surtout pas entre midi et deux, les gens viennent en masse et vous trouverez un employé sur deux ( l’autre sera en pause déjeuner )",2020,7,29,-0.84,attente en agence et personnel,164
122,Abdo Chaki,Service bien fait et agents responsables,2019,7,30,0.95,attente en agence et personnel,40
122,Mouhssine lachgar,Agent serieux et sympathique,2023,7,29,0.79,autre,28
122,nada ji,Pas mal,2023,7,29,0.41,autre,7
122,Mohamed Traoré,Très serviable,2020,7,29,0.91,autre,14
122,younes zinbi,👍,2026,7,28,0.42,autre,1
122,Mennaoui Mohammed,Service moyenne,2020,7,29,0.56,attente en agence et personnel,15
122,Moh Simochoc04,Joli coins,2020,7,29,0.53,autre,10
122,ayoub live,Mauvais service,2020,7,29,0.57,attente en agence et personnel,15
122,Mohamed Lachhab,Moyen,2020,7,29,0.46,autre,5
122,moi Nouairi,Parfait,2020,7,29,0.8,autre,7
122,Mike Shinsun,"Pourquoi est-ce toujours fermé et, quand c'est ouvert, il n'y a personne à l'intérieur, comme s'ils prenaient un jour de congé tous les jours ?",2026,1,29,-0.65,autre,143
122,Wael Chnani,"L'agence était fermée un jour ouvrable normal, c'est-à-dire lundi dernier.  Je ne recommande pas cette agence.",2025,11,30,-0.48,attente en agence et personnel,110
122,ROSA SALVE,J'ai attendu une heure pour recharger mon téléphone. La personne qui était là l'après-midi n'était pas très compétente.,2023,7,29,-0.4,service client et assistance,119
122,Djiby Diallo,Nickel 👌,2023,7,29,0.47,autre,8
123,Maha Tahry,"Bonjour,  Je souhaite déposer une réclamation officielle concernant mon dossier fibre",2026,4,29,0.6,internet fibre et box,85
123,Mbaye Diop,C'est ici que j'ai payé mes factures,2026,3,30,-0.5,autre,36
123,NABIL EL BIYYADI,"Très mauvais service surtout les agents qui sont à l'accueil et encore pire la dame,et pour l'option satisfait ou remboursé c'est juste de l'arnaque , j'ai testé le retour ça va pas marché mais la commerciale ne voulait pas accepter le retour a cause de l'emballage  qui en carton",2026,7,28,-0.98,attente en agence et personnel,280
123,Aziz Sassi,"La jeune dame est en train de se taper tout le boulot de la région ! Une file d’une dixaine de personnes (Massira I disent que “سيسطيم"" et “login” ). Elle maintient le sourire الله يجازيها بخير ويعينها",2023,7,29,0.59,autre,201
123,youssef jabairi (Jabairi87),"Attente d'au moins 50 min car une seule personne présente, je voulais convertir mes points de fidélité mais apparemment y a plus de téléphone dispo. Même chose inwi centre temara, idem inwi rabat route zaers (carrefour).",2021,7,29,-0.56,attente en agence et personnel,220
123,abdellatif elmoukadam,"Service nul 👎🏼 La 07/01/2025,15h50.",2026,7,28,-0.39,attente en agence et personnel,35
123,Abdelkader Benaissat,Je suis profondément déçu par leur comportement peu professionnel et leur manque de considération envers les clients.,2024,7,28,-0.88,attente en agence et personnel,117
123,JAWAD COP,"Le mec toujours à son poste, souriant et serviable. Beau travail et bonne continuation",2024,7,28,0.91,autre,86
123,intissar nhaila,"Service nul, on attend trop à cause des problèmes de wifi de l’agence! Une personne po",2024,7,28,-0.75,attente en agence et personnel,86
123,Med TELE,Mauvaise service,2025,12,30,0.55,attente en agence et personnel,16
123,Zouhair (“Wazeur”),2 personnes pour une queue de plus de 15 personnes c de l'arnaque,2023,7,29,-0.43,attente en agence et personnel,65
123,Hassan Siraj,Bon accueil. Certains services ne peuvent être traités sur place.,2020,7,29,0.82,attente en agence et personnel,65
123,Askour Jamal,Personnel réduits et délai d'attente treees long,2021,7,29,-0.44,attente en agence et personnel,48
123,amina guerrab,Il faut leur apprendre leur produit et le métier du service client,2022,7,29,0.53,attente en agence et personnel,66
123,yassine cy,Mauvaise service dima réseau taye7 pffff,2023,7,29,0.52,carte sim et réseau,40
123,Hicham Oulad Akdim,Personnel nul aucune conaissence des procedures,2021,7,29,0.0,attente en agence et personnel,47
123,FAYE SANOR PRO,On perd beaucoup de temps pour payer sa facture,2021,7,29,-0.49,facturation et prix,47
123,Guillaume Lafontaine,"Poli, mais ne font que le strict minimum.",2019,7,30,0.0,autre,41
123,Nidae Yassir,Trop cher même par rapport au autres carfour,2020,7,29,-0.41,facturation et prix,44
123,Ismael Bensghir,Parfois fermer dans les horaires d ouverture,2020,7,29,-0.43,autre,44
123,Hassan Siraj,Certains services ne sont pas disponibles,2020,7,29,-0.43,autre,41
123,angel of death,Pas mal,2021,7,29,0.41,autre,7
123,Abdessamad Raqioui,Mauvais service clientèle,2022,7,29,0.58,attente en agence et personnel,25
123,Fettah Mohsil,Bien,2026,7,28,0.75,autre,4
123,Ben abed,Pas de couverture suffisante.,2019,7,30,0.0,autre,29
123,Réda BELKHO,Un service pitiable,2021,7,29,-0.76,attente en agence et personnel,19
123,Younes Messi (YouMes),Nul,2023,7,29,-0.4,autre,3
123,nadia berkouat,Bon service,2022,7,29,0.92,attente en agence et personnel,11
123,Khalil ElKhayati,Génial,2021,7,29,0.59,autre,6
123,Rich Fikri,Pas intéressant,2019,7,30,0.0,autre,15
123,Lili Future,Nulle,2022,7,29,-0.37,autre,5
123,youness ben miloud,des enfants irresponsable,2022,7,29,-0.77,autre,25
123,Mohammed Benlamallem,Sce rapide,2019,7,30,0.61,autre,10
123,je suis o ana,Sévices de qualité,2020,7,29,0.59,autre,18
123,zineb,pas mal,2020,7,29,0.7,autre,7
123,Karim NANOU,Bon service,2019,7,30,0.92,attente en agence et personnel,11
123,Aya Kournif,Hadak li mkhdmin tma gher kijri likom 3la les clients .. khdmo chi wahd ki3rf yhdr wyt3aml,2026,1,29,-0.39,autre,90
123,Rabiê GHANAM,"Très incomplète dans ses relations. La dame ne comprend rien au jeu. Vous lui dites ADSL, elle vous dit Fibre Optique. Je lui demande des informations sur le site officiel de l'entreprise. Elle me dit que c'est leur service, pas le nôtre.",2024,7,28,-0.54,internet fibre et box,238
123,Moto CluB,"Les plus gros éboueurs sont ceux qui y travaillent. Essayez de les remplacer, sinon vous perdrez vos clients.",2026,7,28,-0.75,autre,109
123,Mery Jem,"Si c'est quelqu'un qui a fait ça, 9al de l'étoile, wahda ghandirha... Inwi kolha 0 de la loi, parle-lui, il viendra à toi, ou il reviendra 3lik, ce sont eux qui le voulaient 00000000000000 nuuuuul",2024,7,28,-0.55,autre,196
123,Angel,"La plupart des employés d'Inwi sont impolis et incompétents, comme s'ils appartenaient à l'agence de leur père. Ils sont tous nerveux et font attendre les gens pour des broutilles. L'entreprise devrait recruter des employés qui ne draguent",2023,7,29,-0.92,attente en agence et personnel,239
123,HOSSINE JO,J'ai eu une expérience désastreuse avec Inwi ce mois-ci. Je n'arrive pas à croire que ces opérateurs ne veuillent pas envoyer quelqu'un installer la fibre. Je ne les contacterai plus jamais.,2022,7,29,-0.79,internet fibre et box,190
123,Adam Dubois,L'agent était très impoli et irrespectueux ; il ne connaissait absolument rien à la box Internet Idar Duo.,2020,7,29,-0.93,internet fibre et box,106
123,Radouane H.R,"L'agence est toujours bondée ; il faut attendre pour obtenir un service, sans parler des pannes de réseau occasionnelles.",2022,7,29,-0.8,attente en agence et personnel,121
123,Massinissa,"Mauvais service, il faut plus d'une heure juste pour payer l'abonnement et employés peu respectables",2022,7,29,0.6,facturation et prix,100
123,Matjare Al Fadila,Actuellement fermé.  Service déplorable.,2026,7,28,-0.79,attente en agence et personnel,40
123,slimane hosni,Accueil et service au niveau souhaité.,2026,7,28,0.81,attente en agence et personnel,38
123,Mohamed El haddioui,"Explorer et voyager à travers le Royaume est une expérience unique et agréable, incomparable à toute autre.",2023,7,29,0.77,autre,107
123,Abu Chanabe,Bon traitement avec un bon accueil et à l'écoute des clients.,2022,7,29,0.98,attente en agence et personnel,61
123,oplex oplex,"Un employé de cette agence manque d'expérience, et de nombreuses erreurs sont commises avec les clients.",2020,7,29,-0.84,attente en agence et personnel,104
123,Elvis Adinasco,Le prestataire de services est très sympa avec les clients.,2019,7,30,-0.55,autre,59
123,AYMAN EL AIMACH,"Le service est tellement bon, j'adore !",2021,7,29,0.98,attente en agence et personnel,39
123,alsaeef,L'emplacement est bon et le service est excellent.,2023,7,29,0.98,attente en agence et personnel,50
123,Ben Lhayl,"Au nom de Dieu, le Tout Miséricordieux, le Très Miséricordieux. Louange à Dieu, Seigneur de l'univers.",2023,7,29,0.85,autre,102
123,kimo nour,L'employé est impoli.,2026,7,28,-0.71,attente en agence et personnel,21
123,Othmane El haddadi,Cela s'est avéré utile malgré le manque d'employés.,2023,7,29,-0.41,autre,51
123,S3DOx,"Service correct, acceptable",2022,7,29,0.7,attente en agence et personnel,27
123,Issam Hamdane,"Une bonne agence, merci 🙏",2021,7,29,0.91,attente en agence et personnel,25
123,Ayoub Khaddou,Une réception offensante pour l'entreprise,2022,7,29,-0.7,autre,42
123,Mohammad Moha,Service de paiement de factures Inwi,2023,7,29,0.52,attente en agence et personnel,36
123,abou Chabib,Cela ne remplit pas son objectif.,2020,7,29,0.0,autre,33
123,bencharki mounir,C'est bon,2022,7,29,0.97,autre,9
123,said oussaada,mziana,2026,7,28,0.5,autre,6
123,Hk Hk,Au niveau requis👍👍,2021,7,29,0.55,autre,18
123,Mohamed elmoumine,Excellent,2023,7,29,0.96,autre,9
123,Rocko Vlog,bien,2024,7,28,0.96,autre,4
123,Mike Fischer,Bien,2022,7,29,0.75,autre,4
123,omar omar,excellent,2022,7,29,0.97,autre,9
123,Dahb Yassine,J'aime 1,2018,7,30,0.84,autre,8
123,Ahmad Aya,bien,2020,7,29,0.96,autre,4
123,Mohamed Moutawakil,👎🏻👎🏻👎🏻👎🏻,2024,7,28,0.42,autre,8
123,Mouhamadou Bamba DRAME (Dr Bamba DRAME),Service médiocre,2021,7,29,0.66,attente en agence et personnel,16
123,abdellah yacoubi.sahli,Correct  👍,2019,7,30,0.46,autre,10
123,Karima Ouaiddi,Bien,2019,7,30,0.75,autre,4
123,AHmed BEn sEltan,Service médiocre,2026,7,28,0.66,attente en agence et personnel,16
128,Yousra Belhimer,Service décevant. Leur promesse ne reflète pas la réalité.,2025,9,1,-0.51,attente en agence et personnel,58
128,Ilyass AGHBABOU,Service de l9lwiii,2025,12,30,0.6,attente en agence et personnel,18
128,Jawad Jaad,Service excellent,2024,7,28,0.96,attente en agence et personnel,17
129,Mathieu Ruch,"Je suis passé en magasin pour un  accessoire exposé. Après avoir fait la queue et attendu, on m’annonce que l’article n’est pas en stock et qu’il n’est pas possible de le commander. À quoi bon exposer des produits si on ne peut ni les acheter ni les commander ? Cela fait perdre du temps aux clients...",2026,3,30,-0.66,attente en agence et personnel,302
129,Wassila El haddad,Commercial irrespectueux avec qui j’ai eu affaire ce jour . Aucun professionnalisme . On passe d’une agence à une autre avec des discours différents . Service client catastrophique. Jamais un agent ne m’a parlé comme il m’a parlé ! C’est une honte !,2026,4,29,-0.92,attente en agence et personnel,249
129,ghita Ghita,"Franchement très déçue par cette agence. Service nul, manque de professionnalisme et aucune considération pour les clients",2026,7,28,-0.91,attente en agence et personnel,122
129,SO STYLISTE,Je laisse cet avis car monsieur Abdellah a été très professionnels pour m’accompagner sur les abonnements . En revanche aucun service pour installer mon adsl on m’a fait poireauter pendant 1 semaine en me promettant de venir installer mais,2025,12,30,0.45,internet fibre et box,239
129,Elouafi Inès,Visite le 24 janvier à 11h00. Accueil très décevant : la vendeuse s’est montrée très hautaine et peu professionnelle,2026,4,29,0.57,attente en agence et personnel,116
129,Meh MeH,"Catastrophique, limite de la publicité mensongère, le vendeur ne veut pas s’occuper de ma résiliation durant ma période d’essais I-dar. j’avais une semaine pour avoir mon remboursement car je n’étais pas satisfait du réseau (car je capte",2025,9,1,-0.8,carte sim et réseau,237
129,Jaber Oua,"Service trop lent, faut bouger un peu et embaucher plus de personnes, que 2 employés pour un inwi en plein centre ville, durée d’attente une demi heure alors que y’avait 2 personnes avant moi c’est fou, je dis meme service nul et le plus",2025,11,30,-0.81,attente en agence et personnel,237
129,Fati Masrar,"Après avoir fait plusieurs passages dans différentes agences Inwi acıma Allal elfassi  mhamid Marjane sans succès, je suis enfin tombé sur une agence qui a vraiment pris le temps de comprendre mon problème. Mon souci concernait une demande",2025,10,31,-0.74,attente en agence et personnel,239
129,Eric Duval,Très très mauvais service Je ne recommande pas cette agence,2026,1,29,-0.95,attente en agence et personnel,59
129,Marouane Doubaj,Trop de retards un seul employé dans l'agence ne suffit pas.,2026,4,29,-0.51,attente en agence et personnel,60
129,Adam René Carlier,"J'ai été enfin satisfait du service car le service après vente laisse souvent à désirer. On doit faire énormément de réclamations où on vous dit : "" Nous montons votre",2026,7,28,0.6,attente en agence et personnel,167
129,Hajarochka,"il y a 9 mois Le 17 décembre 2024 Professionnalisme absent, un ton et comportement tres désagréable de la part de",2026,7,28,-0.68,attente en agence et personnel,113
129,mohamed el intidami,"Après une mauvaise expérience dans l'agence INWI située au N°305, Hay Iziki, avenue Laâyoune à Marrakech, j’ai été agréablement surpris par la qualité d’accueil et de service à l’agence principale INWI de Guéliz. Je m’y suis rendu le 26 mai",2025,10,1,-0.82,attente en agence et personnel,240
129,WISS CREATIONS,"Professionnalisme absent, un ton et comportement tres désagréable. Le 8 mars 2024 on arrive à l'agence pour restituer le matériel à 19h40 et ils refusent catégoriquement ( l'agent de sécurité et la conseillère) de nous faire rentrer à",2024,7,28,-0.83,attente en agence et personnel,234
129,Gilles G,"Les commerciaux sont tous formater pour répondre et renseigner...... Allez voir les avis sur le net.... Je me suis renseigné pour le wifi et suivant le forfait et le mode de réception,",2026,7,28,0.64,carte sim et réseau,184
129,Rida Houar,Agence récemment rénovée. Ma réclamation a été traitée rapidement et avec professionnalisme. Un grand merci à Hamza pour sa disponibilité et sa diligence dans le traitement de mon cas.,2026,7,28,0.54,attente en agence et personnel,184
129,AMALIK Adil,"Merci à Simohamed , très professionnel Un excellent service client 👏🏻👏🏻👏🏻",2026,1,29,0.96,attente en agence et personnel,73
129,Kenza,Je tiens à exprimer ma profonde déception et insatisfaction concernant le service que j'ai reçu de la part de votre agence Inwi. j'ai contacté votre agence pour mettre mon numéro de téléphone sous contrat et j'ai été confrontée à une,2024,7,28,-0.87,attente en agence et personnel,233
129,Khadija Nimgharn,"Très mauvais accueil. Ai trouvé les deux conseillères en pleine discussion privé et malgré mon entrée, ne se sont pas senties obligées de me recevoir. J'ai du attendre que ces dernières en finissent. Après cela il m'est demandé le",2022,7,29,-0.96,attente en agence et personnel,230
129,Jules Meunier,"Si je pouvais j’aurai mis 0 étoile. Mais impossible. Service client déplorable, un forfait à 249 Dirham, 45 minutes en agence pour une carte Sim qui ne fonctionne pas après multiples passages en agence, messages à leur « service client INWI ». Je ne recommande ni cette agence, ni cette marque. Fuyez vite !",2023,7,29,-0.8,attente en agence et personnel,307
129,jourjon sylvie,"Côté Ourika, (KM 24) va falloir faire quelque chose !!! Si ces dernières années le service Inwi était celui qui fonctionnait le mieux face aux concurrents, désormais je dirai que le service est nul de chez nul, ni",2024,7,28,-0.51,attente en agence et personnel,213
129,Mariam Elkoufi,J'aimerai bien remercier l'équipe de inwi chacun de son prénon Niima Mohamed Siham et hamza de leurs services favorable. Bonne continuation,2025,11,30,0.95,autre,139
129,Zamzam Hocine,Le réseau sur marrakech targa catastrophe  j'ai payé deux moins d'abonnement pour rien incroyable. Impossible de travailler,2026,7,28,-0.69,carte sim et réseau,123
129,Juan Milooze,Qu’est ce que c’est nul inwi .. Maroc Telecom bien meilleur.,2025,10,31,0.41,autre,60
129,KAOUTHAR MOUJBIR,L2o5t Nouaamae ahamdane vraiment c'est une fille très gentille ta3amol flmostawa,2026,7,28,0.6,autre,80
129,Michel Hontas,Excellent accueil et beaucoup de bonne volonté pour me dépanner de la part de mon interlocutrice. Un grand bravo à elle avec mes sentiments reconnaissants,2023,7,29,0.98,attente en agence et personnel,154
129,El_AlbariCok_,"Tentative d’escroquerie de la part du vendeur, voulant me faire souscrire d’un abonnement d’un an",2025,9,1,-0.8,attente en agence et personnel,97
129,Jl,Personnel très à l'écoute des requêtes des clients .,2025,11,30,0.61,attente en agence et personnel,52
129,Sasou Bada,L'opérateur telephonique  Inwi fait de superbe promotion et offre illimité etc limité Je m'y suis rendu pour m'informer... L'agent est patient vu que je suis le genre à trop poser de questions.. Je pense pouvoir faire affaire avec Inwi.. Offres trop alléchantes..,2019,7,30,-0.58,autre,263
129,Charaf Charaf,Je remercie Simo meilleur service  très très bon qualité service 👍🏻👍🏻👍🏻 bon continuation 💪💪,2026,7,28,0.97,attente en agence et personnel,91
129,Naima Zine,Merci bcp lala niama,2026,1,29,0.6,autre,20
129,Zineb Ab,Merci niama pour le service top,2025,10,31,0.91,attente en agence et personnel,31
129,Christine Dompsin,"Personnel agréable, serviable et patiente. Je recommande",2026,7,28,0.85,attente en agence et personnel,56
129,Hicham Aboumalek,En tant qu'opérateur c nul comme service connexion internet très faible et en tant qu'agence tu peux même pas trouver une place pour s'assoir à éviter,2020,7,29,-0.69,attente en agence et personnel,150
129,Lina Chehab,Lbnita alah y3mrha dar merci pour le service,2026,7,28,0.58,attente en agence et personnel,44
129,wiam hmidouch,Connexion 0 Service telephonique 0,2025,11,30,0.52,carte sim et réseau,34
129,Farah El Alem,Mauvais service Inwi c'est le pire opération existe ni service client ni rien je recommande pluuuuss !!!! 0 étoile,2023,7,29,-0.45,attente en agence et personnel,114
129,Mouna Belhouari,A éviter c'est honteux,2025,11,30,-0.65,autre,22
129,Rkia Klilich,Le monsieur a lagence mal Service,2025,10,31,-0.83,attente en agence et personnel,33
129,KBZ,"Très bonne agence, personnel professionnel.",2024,7,28,0.96,attente en agence et personnel,43
129,Najat Amara,Merci beaucoup bn équipe,2025,10,31,0.87,autre,24
129,Bart Joke,Trop de temps d'attente et ne parle pas bien la langue.,2019,7,30,-0.74,attente en agence et personnel,55
129,Mahdi Birhral,Téléphone fix de l'agence est toujours indisponible 😏😏,2021,7,29,0.5,attente en agence et personnel,54
129,Pierre Pierre,Bonjour très bien très serieux,2024,7,28,0.98,autre,30
129,smail Pychachi,Pas de réponse,2025,10,31,0.0,autre,14
129,Jamalo Hicham,Très bon accueil,2022,7,29,0.99,attente en agence et personnel,16
129,benyoucef abderrahmane,Il m' a mal informe,2020,7,29,-0.82,autre,19
129,salman chahboune,Nulle comme agence,2023,7,29,-0.37,attente en agence et personnel,18
129,abdelaziz cohen,Très intéressant comme agence,2019,7,30,0.95,attente en agence et personnel,29
129,MOURAD,Très bon service,2022,7,29,0.98,attente en agence et personnel,16
129,يونس غاني,Pas mal,2022,7,29,0.41,autre,7
129,Abdelaziz Cohen,Très intéressant comme.agence,2019,7,30,0.93,attente en agence et personnel,29
129,Ahmed El Ghozail,Mauvais services,2026,7,28,0.61,autre,16
129,Taoufiq Abalaid,Service parfaite,2020,7,29,0.92,attente en agence et personnel,16
129,بوعبيد,Agence centrale INWI de Marrakech,2019,7,30,0.45,attente en agence et personnel,33
129,Salim Berradi,Perte de temps !,2022,7,29,0.49,autre,16
129,Ash Oulbig,Service nul,2022,7,29,-0.45,attente en agence et personnel,11
129,HICHAM ELBARHOUMY,Demander M saad,2020,7,29,0.57,autre,15
129,mohamed amir azzouz,Bon service,2019,7,30,0.92,attente en agence et personnel,11
129,Ghassane ghassane,Agents accueillants,2020,7,29,0.83,autre,19
129,Hicham Sports de combat,😍,2020,7,29,0.42,autre,1
129,yassin kemlaoui,Magnifique,2022,7,29,0.87,autre,10
129,Youssef Bendaoud,Je suis perdu entre cette agence et service clients pour un simple service (devoir )qu'apparemment personne n'a sait rendre au plutôt personne ne veut pas me le rendre en plus une commerciale de cette agence ma traiter d une manière offensive. Bref inwi est nulle,2026,6,30,-0.75,attente en agence et personnel,263
129,Fouzia MEF,"Si je pouvais mettre 0 étoile, je l’aurais fait.  Je me suis rendue dans cette agence suite à une réclamation auprès du service",2026,6,30,0.64,attente en agence et personnel,127
129,paolo tedesco,Personnel très sympathique,2026,6,30,0.74,attente en agence et personnel,26
129,G A-L,Vend une esim qui ne fonctionne pas et il me fait tourner en rond avec les différents numéros à appeler pour régler le souci,2026,7,28,-0.57,autre,124
129,Samir Slimani,"Je suis allée là-bas car j'avais un problème avec mon numéro. J'ai dû l'enregistrer, et le problème, c'est qu'ils vous poussent à payer le plus possible. Ils se fichent complètement du service et de leur réputation. J'ai dit à la",2025,10,1,-0.66,attente en agence et personnel,229
129,Sicily Italy,Les employés sont d'une lenteur exaspérante ; nous avons attendu plus d'une demi-heure pour trois clients.,2020,7,29,-0.81,autre,106
129,ADIL BELKHALFI,"Malheureusement, la qualité de votre service ne s'améliore pas. Lors du lancement d'un nouveau service, veuillez vous assurer qu'il est accessible à tous... je pense notamment à Esim...",2024,7,28,-0.62,attente en agence et personnel,185
129,Aïcha Lahdili,Merci pour votre accueil chaleureux à sœur Na'ma.,2025,10,31,0.97,attente en agence et personnel,49
129,Jawad Moussaddak,Kon kan momkin n7it 0 n7itha ma kaynch isti2bal ma tay3rfoch yhidro M3a lkilyan ou inwi kamlha fiha l9walb ghadi nbdilha day3oni f 10993 no9ta,2022,7,29,-0.35,autre,142
129,Daniel Pires,Les prestataires sont aimables et serviables. C'est un endroit idéal pour obtenir des informations et de l'aide lors de la création d'un numéro de téléphone ou d'un service.,2022,7,29,0.76,attente en agence et personnel,173
129,Scott Drescher,"Manque de personnel, d'où un temps d'attente excessif, mais personnel aimable et serviable.",2024,7,28,0.7,attente en agence et personnel,91
129,Anas Boujoudi,bien,2026,4,29,0.96,autre,4
129,sara massa,Pas le meilleur,2026,1,29,0.6,autre,15
129,Emy Jenbari,J'ai beaucoup apprécié la dame qui nous a aidé à résoudre le problème de wifi,2022,7,29,0.56,internet fibre et box,77
129,Mitham Hadi hassan,"Bon service, l'endroit idéal pour faire le plein pendant les vacances",2019,7,30,0.96,attente en agence et personnel,69
129,"Trev-e -Luz ,",Je suis allé recharger mon forfait internet mobile.,2024,7,28,0.68,carte sim et réseau,51
129,Yassine Sekkine,Service médiocre sans suivi client.,2024,7,28,0.42,attente en agence et personnel,35
129,Mohamed Janane,Service médiocre et accueil de qualité inférieure,2022,7,29,0.62,attente en agence et personnel,49
129,Ahmed El Aaddaoui,Le service était beaucoup trop lent.,2026,7,28,-0.4,attente en agence et personnel,36
129,Najib vlogs مغربي في ايطاليا,Parler français est une langue exagérée et coloniale.,2023,7,29,0.4,autre,53
129,Ushiha Madara,Manque de matériaux,2025,11,30,0.51,autre,19
129,OUIRGANE DISCOVERY,Haut,2025,9,1,0.44,autre,4
129,Hamza Tachrimante,Nouamé ahamdane,2026,7,28,0.47,autre,15
129,boujemaa attouggani,À votre service,2020,7,29,0.6,attente en agence et personnel,15
129,Rihab Hammour,Nouaamae ahamdane,2026,7,28,0.51,autre,17
129,Taha Jaakar,Service 0/10  😑😑😑,2022,7,29,0.52,attente en agence et personnel,17
129,ahmad,Vite🌹,2022,7,29,0.42,autre,5
129,Didier Duval,Pro,2024,7,28,0.6,autre,3
129,Fadi Tannous,Services médiocres,2019,7,30,0.58,autre,18
129,NO LI FE,Services invalides,2026,7,28,-0.41,autre,18
129,Lhafidi Khalid,Khalid,2026,7,28,0.56,autre,6
130,Dr TBH,"Visite extrêmement décevante dans cette agence Inwi. Dès l’accueil, aucun sens du service: une personne nonchalante, hautaine, répondant à chaque question avec agacement et mépris.",2026,4,29,-0.59,attente en agence et personnel,180
130,Yasmine El Baqali,"Fuyez ! 0/5 ! Service déplorable. Connexion Internet inexistante depuis 6 jours, sans aucune solution proposée par le service client. On vous promet un « satisfait ou",2025,10,1,-0.56,attente en agence et personnel,166
130,F.Z Saddouq,Je suis super déçu par le service de l'agence. Le personnel est carrément arrogant et vraiment incompétent. J'ai passé un moment hyper frustrant et tout sauf satisfaisant. Je ne recommande pas cette agence ..vraiment 0.,2026,7,28,-0.92,attente en agence et personnel,219
130,Junior Di,Toujour problem de réseau tu quitte loin pour payer tes facture on te parle de réseau je pense que vous devez dépassé cette stat Mariane gueliz toujours meme motif 😡😡😡,2025,9,1,-0.57,carte sim et réseau,167
130,rj benbel,"Bonjour, C'est une catastrophe! Le service client est complètement inexistant. Les demandent ne sont pas traitées! Leur système est toujours en panne.",2026,7,28,-0.97,attente en agence et personnel,150
130,Oualid,"Le Monsieur au guichet n'a envie de rien faire. J'ai un souci d'une ligne de fibre et il me demande de partir à l'agence qui m'a fait la demande, et quand je lui dis que c'est un commercial itinérant qui m'a fait la demande, il s'est moqué",2023,7,29,-0.76,internet fibre et box,239
130,Léo,Horrible service. J'ai acheté une sim inwi 4g et déjà rechargée. je suis venu demander de l'aide car je n'avais pas internet on te dit de te démerder ou d'aller voir un réparateur. Heureusement j'ai pu trouver la solution en regardant des tutos en ligne.,2023,7,29,-0.85,carte sim et réseau,254
130,GUY MERMILLOD,J'ai un abonnement de 50 mo avec la fibre j'ai eu une panne sur le réseau et maintenant on me livre du 20 mo voisin dans la même montée d'immeuble lui n'a pas ce problème je suis passé 10 fois à l'agence j'ai téléphoné 10 fois au service,2023,7,29,-0.39,attente en agence et personnel,237
130,Moutawakil Said (Wakil vlog),Inconcevable. Faire passer une cliente avant moi sans me le demander alors que j'étais là bien avant elle et en cours de prise d'un forfait. Nul et mérite un ZÉRO !,2024,7,28,0.51,carte sim et réseau,164
130,Koya cars,Mouvaise service la vérité je un client depuis 15 ans j'ai parti à cette agence pour la convention des far il sont fai un erreur et j'ai revien plusieurs fois sont remédier la communication 0 comportement 0 le mec sur l'agence il fai des lunettes c le chef d'agence inwi acima malheureusement il est pas compétent.,2023,7,29,-0.9,attente en agence et personnel,314
130,mehdi Mk,J’ai passé aujourd’hui pour faire mon payement le service est honteux les personnels et l’agent de sécurité avec un service très nul je retourner jamais là-bas,2022,7,29,-0.75,attente en agence et personnel,159
130,Baxha Mos (Mb),"Nous avons visité hier, il n'y avait pas de bonne explication des services qu'ils fournissent, seulement une explication superficielle, le client doit être le premier selon la pyramide de Maslow",2024,7,28,0.0,autre,194
130,khaoula essakhi,le service est nul il n'ont pas encore activer l'offre que j'ai demandé après plus d'un mois d'attend et même le service clientèle de l'agence ne répond pas,2021,7,29,-0.46,attente en agence et personnel,156
130,Tic Tic,"Pas aimable, on a juste l'impression de deranger madame, aps un sourire rien, a peine bonjour et ce permet de parlez avec ses amis plutot que de servir la clientele",2020,7,29,0.61,autre,164
130,ADIL AARAB,Service lent  fallait attendre 20 min pour une simple question pour être confronté a un conseiller indifférent par la suite,2020,7,29,-0.4,attente en agence et personnel,123
130,Tommy Egan,"service déplorable, engagement non respecté.",2026,7,28,-0.92,attente en agence et personnel,44
130,Dr.souhir,Service zeroo pour les agences inwi ils ne c est même pas parlé respectueux,2023,7,29,0.36,attente en agence et personnel,75
130,Shine Slm,Serviable et accueillant,2026,2,28,0.93,autre,24
130,KBZ,"Catastrophique, vous pouvez passer 100 appels pour avoir quelqu’un et vous n’aurez personne. 😒",2026,7,28,-0.65,autre,94
130,Hyacinthe Vlavonou,Je ne comprends pas pourquoi il y a toujours un problème de système dans cette agence pourtant au cœur de la ville,2021,7,29,0.0,attente en agence et personnel,114
130,Zamzam Hocine,Nul incapable de répondre Sur les forfaits Franchement il faut former les vendeurs,2023,7,29,-0.52,service client et assistance,82
130,Latifa ALLAM EL FADLI,Personnel très désagréable  sourtout la dame a l'accueil Je suis très déçu de leur prestation,2019,7,30,-0.89,attente en agence et personnel,93
130,Lilou Swag,Fuyez! On prend vraiment les gens pour des chiens. Service au client en dessous de zéro.,2019,7,30,0.82,attente en agence et personnel,88
130,Vigo Lafin,Service nul....la femme est très très très désagréable.,2019,7,30,-0.84,attente en agence et personnel,55
130,WISSAL GUERDAM,Les personnels 👎🏻 pas professionnels,2026,7,28,0.0,autre,36
130,Elbachir Bajji,bon.ras,2022,7,29,0.95,autre,7
130,adil kharbouch,nul un agent sur une grand boite a geluiz,2019,7,30,-0.62,autre,41
130,samy sami,Service un peux long,2019,7,30,0.55,attente en agence et personnel,20
130,salah eddine Mahla,Tres bien,2019,7,30,0.95,autre,9
130,Salim Hilale,Toujours aussi nul que d'habitude,2022,7,29,-0.44,autre,33
130,Radouane Laaouissi,"Service nul, panne du système...",2022,7,29,-0.54,attente en agence et personnel,32
130,Nouh EL AFAOUI,my agence,2018,7,30,0.53,attente en agence et personnel,9
130,malik vandamme,Bon service,2023,7,29,0.92,attente en agence et personnel,11
130,Med Tr,Serviable,2020,7,29,0.69,autre,9
130,zakaria el khabar,Mauvais service,2022,7,29,0.57,attente en agence et personnel,15
130,Younes Touil,Nulle,2022,7,29,-0.37,autre,5
130,Bouchra Sabab,Mauvais service,2021,7,29,0.57,attente en agence et personnel,15
130,Anton Sova,"Lors de ma visite dans cette boutique de téléphonie mobile, j'ai trouvé l'endroit agréable et bien situé, près du centre-ville. Le personnel était accueillant et s'est montré très serviable, prenant en compte mes préoccupations. Ils ont",2024,7,28,0.84,attente en agence et personnel,236
130,N. O (Nora),Arnaqueurs ! Ils essaient de vendre des abonnements à des étrangers. Je n'ai jamais vu une équipe aussi incompétente. Ils ne parlent que lorsqu'on leur pose des questions. Personne ne vous accueille à l'entrée du magasin. Quatre personnes seulement y travaillent : une perte d'argent !,2023,7,29,-0.85,facturation et prix,285
130,Gisler Daniel,"N'allez pas chez Inwi ! Ils vendent 30 jours d'internet illimité et proposent un abonnement télécom onéreux. En tant qu'étranger, vous ne pouvez pas voir cela et devez payer mensuellement avec une période de résiliation de 30 jours. Allez chez Maroctelecom !",2024,7,28,-0.68,facturation et prix,258
130,Adriano Pinto,"C'est horrible ! Allez plutôt à celui de la gare ! Le personnel essaie de vous faire dépenser beaucoup plus que nécessaire ! Croyez-moi, allez à celui de la gare !",2026,7,28,-0.98,attente en agence et personnel,163
130,Bouchra Wahbi,"S'il y avait eu une note de zéro, je l'aurais donnée  La dame qui travaillait là-bas était insupportable. Je suis allée la voir et elle m'a dit que le système était en panne. Je suis partie, puis revenue et j'ai attendu mon tour. Elle m'a",2020,7,29,-0.83,autre,238
130,Spencer,"Personnel très aimable ! Leur système avait des problèmes, mais le monsieur qui travaillait là-bas nous a accompagnés jusqu'à un magasin voisin pour nous aider à obtenir une carte mémoire !",2024,7,28,0.93,attente en agence et personnel,189
130,ABDELKRIM MOUSSAOUI,"Service déplorable, le pire que j'aie jamais vu à tous les niveaux : manque de professionnalisme et service irréprochable. Un mépris total des besoins personnels des clients et un traitement digne d'une esclave.",2021,7,29,-0.95,attente en agence et personnel,211
130,Hamid A.E.A,"Si j'ai besoin de quelque chose, je dois aller à cette agence. La dame sur place n'a rien fait. Elle m'a dit que le système était en panne. Je suis donc allé à l'agence située dans le garage et ils se sont occupés de tout sans problème et avec le sourire.",2020,7,29,-0.44,attente en agence et personnel,255
130,Mahdi Bouya,Service correct. Ils ont besoin de motivation ! On dirait qu'ils travaillent à la mairie !,2019,7,30,0.74,attente en agence et personnel,90
130,Taoufiq Samali,Service médiocre ; les clients de l’agence devraient être remplacés.,2021,7,29,0.43,attente en agence et personnel,68
130,تاج الدمام,"Service excellent et rapide, même aux heures de pointe.",2021,7,29,0.95,attente en agence et personnel,55
130,ALI GOMAA,La qualité des services doit être améliorée.,2021,7,29,0.79,autre,44
130,simplex (“Simplex”),Le traitement que la dame me réserve à l'agence est incomplet !,2020,7,29,-0.71,attente en agence et personnel,63
130,abde ljalil hrou,Service inexistant 👎,2026,7,28,0.46,attente en agence et personnel,20
130,Haitem Tiskarte,La pire méthode de vente.,2021,7,29,-0.65,autre,25
130,ABDELHAMID ZITOUNI (‫حجاج بن علي بن العربي‬‎),magnificence,2022,7,29,0.58,autre,12
130,Yassine MELLOUKI,Service médiocre 👎👎👎👎👎👎👎👎👎,2022,7,29,0.63,attente en agence et personnel,26
130,ANEFNAF MOHAMED,J'apprécie tout le personnel ici,2026,7,7,0.69,attente en agence et personnel,32
130,Jesika L,"J'ai demandé de l'aide car aucun terminal de carte Inwi ne fonctionne à Marrakech ! Un employé m'a répondu : « Eh bien, c'est un pays du tiers monde. » Quelle ignorance ! Au lieu de s'attaquer au problème, ils ont tout fait pour me",2026,7,28,-0.66,autre,231
131,Evann Kamga,"Zéro professionnalisme,zéro service client. L’un des deux agents présents faisait mine de ne pas vouloir m’aider; pendant que je lui explique mon problème il fait ses affaires et il me donne le dos en",2026,4,29,-0.62,attente en agence et personnel,200
131,Nakhil Nakhil,Service nul de chez nul. Contrat conclu pour avoir l'appréciation au téléphone juste après la signature et puis silence Radio!!!!!,2026,4,29,-0.72,attente en agence et personnel,130
131,Yad Yas,Salam. Je suis très satisfait de l'accueil et le professionnalisme dont fait preuve les agents de cette agence (kawtar). Je leur souhaite bonne continuation et succès dans l'exercice de leurs fonctions.,2026,5,29,0.82,attente en agence et personnel,202
131,Ismaël Delarte,J’ai eu la chance de tomber sur un messieur qui s’appelle Hamza alaae il a su me diriger dans mon choix d’abonnement téléphonique ainsi que m’accompagner dans ma demande de fibre qui pour l’instant était en stand by et grâce à lui tout va,2026,5,29,0.58,internet fibre et box,238
131,ABDELAALI MESKALI,"Service nul. Très mauvaise expérience avec cette agence. J’ai un problème avec eux depuis un moment et personne n’arrive à le résoudre. Aucun suivi, aucune explication, et un manque total de professionnalisme. Je ne recommande pas cette agence.",2026,2,28,-0.96,attente en agence et personnel,244
131,Mony Kech,"Pour avoir traiter à plusieurs reprises avec la boutique INWI MARRAKECH GARE, j’ai trouvé que c’était l’une des agences les plus professionnelles. J’ai eut comme Interlocuteur Abdellah qui a gérer mon dossier d’une main de maître. Signature",2026,1,29,0.56,autre,240
131,Hajar Babih23,"Service nul , mauvaise expérience et Malheureusement, l’accueil n’était pas satisfaisant. Je suis venue pour régler un problème d’application, mais on ne m’a pas accordé le temps nécessaire. Une employée m’a répondu que ce n’était pas son travail. J’espère que la direction prendra cela en considération pour améliorer le service client.",2025,12,30,-0.89,attente en agence et personnel,337
131,François L1,"Je suis vraiment très satisfait de l'équipe de l'agence Inwi - Gare de Marrakech (écoute et suivi clients, cordialité).",2026,1,29,0.84,attente en agence et personnel,119
131,faycal,"Excellente expérience à l’agence Inwi de la gare grâce à l’agent commercial Mr. Abdellah. Il a géré ma demande de portabilité et la souscription à un nouveau forfait en un temps record, avec professionnalisme et efficacité. Merci pour son accueil chaleureux et sa réactivité exemplaire.",2025,10,1,0.95,attente en agence et personnel,286
131,Noureddine TN,"Excellent service, personne affable et souriant, mon problème à été réglé rapidement par Mr Abdellah sousane,merci infiniment",2026,1,29,0.8,attente en agence et personnel,125
131,Sara,"Pire service clientele à marrakech , les agents ne veulent simplement pas travailler ni aider à trouver une solution , ils ne font que compliquer les choses et t’envoyer vers d’autres agences",2026,3,30,-0.5,attente en agence et personnel,191
131,Christiant poilvet,Suite à un souci technique j’ai été admirablement bien aidé et conseillé par Abdellah Sousane. Il m’a aidé à trouver un bon abonnement pour mes besoins et a pu résoudre toutes les difficultés avec sourire et grande gentillesse. Je recommande vivement l’agence Inwi de la gare ONCF de Marrakech et demander Abdellah. 5 étoiles !!!,2026,7,28,0.96,attente en agence et personnel,329
131,Madame Rêve,"Excellente expérience à la boutique. Abdellah très professionnel, installation en -24h, suivi installation, je recommande Inwi et plus particulièrement cette boutique en Gare de Marrakech",2025,11,30,0.96,internet fibre et box,187
131,Rose Kyoshi,"Le comportement du personnel est tout simplement inacceptable. Ils ne respectent pas du tout les clients ! Non seulement ils ne prennent pas le temps d'écouter, mais en plus, leur manière de parler est carrément arrogante et méprisante. Ils",2026,7,28,-0.81,attente en agence et personnel,240
131,ktr,Malheureusement je ne peux pas mettre zéro étoile mais le cœur y est.,2026,4,29,-0.55,autre,69
131,Archana Ahilan,WARNING TO TOURISTS – Avoid INWI!!!!  We paid 30€ for an INWI SIM at Marrakech airport. overpriced but expected. It,2026,7,28,0.52,carte sim et réseau,115
131,Noreddine laamouri,Le jeune monsieur qui travail dans cette agence n'est pas respectueux envers les clients je déconseille cette agence,2025,12,30,-0.67,attente en agence et personnel,116
131,yamna ajaajji,"La personne à l'acceuil de l'agence ""gare"" est d'une arrogance sans nom. Aucuns professionalismes, il ne répond à aucunes de nos questions et se montre complètement ininteressé a la clientèle.",2026,7,28,-0.52,attente en agence et personnel,192
131,El moumny Azddine,L'agent abdellah sousane m'a aidé fixer provlémes avec tou ses efforts,2026,1,29,-0.43,autre,70
131,Manal Ziad,"Service nul , le comportement du personnel trés provocateur et impoli comme si tu vien demander de la charité , surtout un mec qui est débutant et humble en plus qui reponds a tous mes problémes par ( j'ai rien a faire pour toi )",2026,7,28,-0.9,attente en agence et personnel,229
131,Rene Lachance,"Ce matin, je suis allé recharger ma ligne mobile et j’ai eu un très bon service de la part de la préposée au service à la clientèle. L’interaction a durée moins de 5 minutes.",2026,7,28,0.93,attente en agence et personnel,174
131,Tariq Essifer,Merci à toutes l'équipe Ils ont répondu à toutes mes questions,2026,5,29,0.9,autre,62
131,NAIMA EL FATTOUK,Trop nul comme personnels de cette agence mal polie surtout celui qui est derrière un bureau il te parle en parlant au téléphone c’est comme nous sommes des gents qui sont  venu demander la charité et lorsque nous sommes rentrées nous avons,2026,7,28,-0.77,attente en agence et personnel,240
131,Abdelwafi El houdna,Mauvaise expérience vraiment service null sertôt la famma. 15/06/2025,2025,12,30,-0.5,attente en agence et personnel,69
131,Ann-Kelly Gilbert,"Je donne 1 étoile car je ne peux pas en mettre 0. Je n'ai jamais autant rencontré  de problème avec une agence de communication qu'avec Inwi. Ils ne sont pas transparent avec leur client. Voyageur, je vous déconseille d'y aller. Allez ailleurs.",2023,7,29,-0.47,attente en agence et personnel,244
131,M She,"Bonjour, je tiens à remercier Melle Latifa pour son professionnalisme et ses conseils. Je recommande à 100 %. Et je reviendrai pour d autres produits.",2026,7,28,0.9,autre,150
131,babouch boo,"Personnel 2 de tensions! Même pas de quoi installer une carte SIM dans un iPhone, j’ai du aller chez le concurrent orange!! Et en plus aucune information sur comment trouver mon numéro",2023,7,29,-0.82,carte sim et réseau,184
131,marrakech spa SPA,Mr Soussan Abdellah est un excellent commercial.  Très serviable et à l'écoute,2026,7,28,0.97,autre,78
131,Jean P. Grandjean,"Je ne voulais pas sortir nous sommes dimanche mais sur le site il est écrit ouvert, je fais 15km aller et 15km retour  . Agence fermée Ça c’est un service client 😡",2024,7,28,0.0,attente en agence et personnel,163
131,Zakaria Atifi,"La plus nulle agence d'internet au monde.  Je dis à l'agent que ma 4G ne fonctionne pas merci de vérifier, il me dit ,",2023,7,29,-0.8,carte sim et réseau,118
131,Asmahane W,Réactif sympa à l'écoute,2026,3,30,-0.43,autre,24
131,Sonia BITTON -Guyot,Incompétence du personnel de l’agence ne voulant pas faire une résiliation  comme il se doit De ce fait j’ai à envoyer mon dossier à Inw Casablanca Le mr ayant reçu pour cette résiliation ne donne pas son nom mais code CMS 14 *************Attention************,2023,7,29,-0.43,attente en agence et personnel,260
131,Oum Oum,"Je recommande Mina de l'agence  Très professionnelle et très souriante, c'est cool d'avoir ce genre de personne mashaaALLAH",2024,7,28,0.87,attente en agence et personnel,123
131,Nour Zoubairi,Des gens inutiles aucun professionnalisme une attitude provocante Matestahloch had l étoile 😡,2026,7,28,-0.83,autre,93
131,Jean-François Provost-Blais,Service très mauvais! On c'est fait arnaquer par un autre Inwi et il a été très condescendant et grand manque de professionnalisme. Je déconseille.,2023,7,29,-0.99,attente en agence et personnel,147
131,Bewan Marvin,Mon numéro est bloqué depuis une semaine et demi j'attends toujours qu'il me le débloques du coup je serai obligé de changer d'opérateur les opérateurs téléphoniques sont incapables de résoudre les problèmes.,2021,7,29,-0.84,autre,208
131,Abdelhadi GRINE,Je suis très satisfait par les services consentis.,2026,7,28,0.82,autre,50
131,Maanane Karim,Bon service les commerciaux sont très professionnel je le recommande,2024,7,28,0.88,attente en agence et personnel,68
131,Ben Magha Elhoussien,Très bon service chapeau,2026,7,28,0.96,attente en agence et personnel,24
131,A M,Zero service clients ! J’ai changé d’operateur,2022,7,29,0.48,attente en agence et personnel,46
131,mazirh mohamed,"Service nul, 30 mins de retard + absence des agents..!",2021,7,29,-0.5,attente en agence et personnel,54
131,Michel Humbert,Le point inwi de la gare est toujours avec un service parfait.,2020,7,29,0.75,attente en agence et personnel,62
131,Oumkeltoum katim,Les employés sont très réceptifs et accueillants,2019,7,30,0.64,autre,48
131,Bernard augustin,"Efficacité, professionnalisme, qualité de l'accueil de Kawtar.",2022,7,29,0.85,attente en agence et personnel,62
131,Hicham Benmanssour,Service client très mauvais,2026,7,28,-0.91,attente en agence et personnel,27
131,hervé Ganem,Toujours un excellent accueil amical et professionnel,2020,7,29,0.92,attente en agence et personnel,53
131,GG 13,Personnel à l’écoute Seul bémol pour accéder à l’agence,2021,7,29,0.65,attente en agence et personnel,55
131,Madiha Nassih,Service nul,2025,11,30,-0.45,attente en agence et personnel,11
131,Ez_nadia Ezzahir,Le responsable est serviable,2022,7,29,0.68,autre,28
131,A H,Retard de plus de 30 minutes incroyable !!!!!,2019,7,30,-0.75,autre,45
131,Mohamed Lechheb,"Service rapide,",2026,7,28,0.75,attente en agence et personnel,15
131,Nouh EL AFAOUI,mieux,2018,7,30,0.76,autre,5
131,Elbachir Bajji,manque moyens,2022,7,29,-0.48,autre,13
131,mohamed el intidami,"Je remercie vivement Mme Kaoutar Sebti de l’agence Inwi ONCF Marrakech pour son accueil chaleureux, sa gentillesse et son grand professionnalisme. Elle a été très serviable et à l’écoute tout au long de ma prise en charge. Le service était d’excellente qualité. Je recommande vivement cette agence.",2026,7,28,0.96,attente en agence et personnel,298
131,Nouamane ElJazouli,Très nul ! Rapide pour signer le contrat et après ils ne répondent plus ! Presque 1 mois que j ai souscrit pour un abonnement professionnel (avec Abdelah) et il ne répond plus ni aux appels ni aux messages. On m a livré la box mais aucun technicien n est venu installer la fibre. Je déconseille,2026,7,28,-0.92,internet fibre et box,294
131,Wohn-mobil statt Wohn-ung,"Très sympathique, rapide, bon service - je suis très heureux dans cet endroit aujourd'hui un dimanche, la femme était sympathique",2026,7,28,0.98,attente en agence et personnel,129
131,Fadoua Sf,"Service client déplorable. Trois agents qui ne faisaient que scroller sur leurs appareils 😒. Pas un bonjour, pas un sourire, et ils nous ont fait sentir indésirables, comme si nous les dérangions.",2025,9,1,-0.81,attente en agence et personnel,196
131,Mourad N,Personnel aimable. Merci à Kaoutar S pour sa patience et son aide 🙏.,2026,2,28,0.96,attente en agence et personnel,68
131,Jordy B,"Le service client laisse à désirer, et la connexion internet est catastrophique : j’ai opté pour le forfait portable, et elle est vraiment mauvaise. Toutes les nuits, je n’ai internet que par intermittence, entre 10 h et 20 h.",2026,7,28,-0.98,carte sim et réseau,226
131,K Al,"Merci Latifa et Abdallah. Excellent service client, très satisfait. Je recommande vivement cette agence Inwi.",2026,7,28,0.97,attente en agence et personnel,109
131,Jorge Gómez Guerrero,"J'ai reçu un message me demandant de payer ma mensualité au bureau. Je me suis rendu au bureau à 16h30, mais il était fermé alors qu'il aurait dû être ouvert. J'ai attendu 40 minutes et personne n'est venu m'ouvrir, je n'ai donc pas pu payer ma mensualité.",2026,7,28,-0.67,facturation et prix,256
131,Laryssa Nunes,Expérience excellente. Sousane Abdellah est une vendeuse formidable et très serviable ! Merci ✨,2026,7,28,0.98,autre,95
131,Adriano Pinto,"Le personnel était très agréable et sympathique, nous nous souviendrons certainement de notre expérience avec la personne qui s'est occupée de nous !",2026,7,28,0.77,attente en agence et personnel,149
131,Carsten Sanonym,"Ils m'ont arnaqué en me mentant qu'il n'y avait pas d'autre solution pour recharger ma carte SIM, sauf un prix exorbitant. N'allez surtout pas dans ce magasin. Inamical et arnaqueur !",2020,7,29,-0.83,facturation et prix,183
131,Jalal Afani,Belle publicité : Abdellah SOUSANE,2026,1,29,0.89,autre,34
131,Mia May,"Personnel super professionnel, serviable et compétent ! J'ai trouvé les modems 4G que je cherchais partout ! Merci beaucoup !",2020,7,29,0.98,carte sim et réseau,125
131,KT,Service client défaillant ! Le personnel aurait besoin d'être formé pour comprendre et aider le client. Très décevant. J'ai acheté un Wi-Fi.,2020,7,29,-0.85,attente en agence et personnel,140
131,fabio giacomo sardini,"L'attente est parfois longue, mais au final le service est bon.",2024,7,28,0.87,attente en agence et personnel,63
131,Juanillo Gallego,"Ils ignorent complètement la vente d'abonnements prépayés, inventant mille excuses pour vous forcer à en acheter pour deux mois.",2024,7,28,-0.81,autre,128
131,Pes528,Wlad l97ab kankheles 250 dh ou tal9in Lina 5mb ya wlad l97ab ya chfara,2024,7,28,0.5,autre,70
131,Raklami Anas,Service client déplorable. Je ne le recommande pas.,2026,7,28,-0.75,attente en agence et personnel,51
131,ISMAIL AITOUTALEB,Très mauvais service client. Je ne le recommande pas. Très mauvais service client Je ne le recommande pas,2021,7,29,-0.87,attente en agence et personnel,105
131,Robert Albion,Le pire réseau de tous les temps,2025,10,31,-0.66,carte sim et réseau,32
131,boujemaa attouggani,Une excellente agence dotée du meilleur réseau qui soit.,2019,7,30,0.97,carte sim et réseau,56
131,Ayoub Regdal,Excellent accueil,2025,10,1,0.97,attente en agence et personnel,17
131,MOHAMED LBHAR,Le service est plutôt lent.,2024,7,28,0.0,attente en agence et personnel,27
131,youness laadam,haut,2025,10,1,0.56,autre,4
131,El kabba Youness,La demoiselle a tout expliqué et s'est montrée professionnelle.,2020,7,29,0.56,autre,63
131,Mohamed m.m,Service 0,2024,7,28,0.58,attente en agence et personnel,9
131,Mohamad El Dirany,C'est bon,2022,7,29,0.97,autre,9
131,Ayoub Achkar,Beau,2023,7,29,0.59,autre,4
132,Nakhil Nakhil,En résumé : Service nul. Injoignables. Promesse de rappel sans jamais rappeler. Manque d'informations chez les personnes d'accueil...etc,2026,4,29,-0.74,attente en agence et personnel,136
132,Ayoub Sekkou,"Très mauvaise expérience avec cette agence Inwi. J’y suis allé deux fois pour régler un problème de Wi-Fi, mais aucune solution concrète. Le service client m’a demandé de changer la carte SIM, pourtant l’agence prétendait ne pas en avoir,",2025,12,30,-0.96,attente en agence et personnel,238
132,salma E,"Très mauvaise expérience avec l'agence Inwi de Marjane route casablanca. Je suis vraiment déçue du service. L'équipe ne semble pas savoir gérer correctement les dossiers, et le personnel manque de professionnalisme. J'ai dû attendre",2025,11,30,-0.97,attente en agence et personnel,232
132,Rachid Nadif,"Très mauvaise expérience dans cette agence INWI. Le personnel est désagréable, peu professionnel et ne respecte pas les clients. J’ai été mal accueilli(e), mal informé(e), et traité(e) avec un manque total de",2025,11,30,-0.98,attente en agence et personnel,208
132,Meryem Essafti,"La boutique a changé, devenant un local grand et accueillant, ouvert les dimanches. Le personnel est très très serviable, je n'ai jamais vu un service aussi",2026,7,28,0.81,attente en agence et personnel,156
132,Adam René Carlier,Le personnel est incompétent et désagréable et ce dans les deux Inwi visité à Majorelle. De plus il n'ont même pas de box en stock pour échanger votre box défectueux.,2026,7,28,-0.76,internet fibre et box,166
132,Yassine Marouan,"J'ai été extrêmement impressionné par la qualité du service client chez Inwi. L'agent qui m'a pris en charge Mr Karzouti Mourad a été très professionnel, courtois et surtout, très efficace pour résoudre mon problème configuration 4g sur",2025,9,1,0.97,carte sim et réseau,236
132,Ad Phi,"Hyper longue attente car elles discutent entre elles, sont sur leur téléphone et quand c'est enfin votre tour après une très très longue attente elles refusent de vous donner ou vous vendre une puce alors que 5 min avant elles en avaient",2025,9,1,-0.62,attente en agence et personnel,237
132,yahya nadif,Pourquoi un numero si il est toujours éteint,2026,5,29,-0.47,autre,44
132,Yassir (“Yassirjaw”),"La dame au sein de l’agence n’a pas su m’aider , elle a meme pas tenter de récupérer le numero de ma ligne pour voir mon soucis alors que le service client m’avais orienté de me diriger vers l’agence , ni elle a essayer de me retenir en",2026,7,28,-0.49,attente en agence et personnel,236
132,Mia May,"La dame qui est a cette agence connait les produits, les offres et les contrats de inwi mieux que personne! 1 - Elle m'a aide a localiser les agences qui vendent le modem d'alcatel que",2020,7,29,0.75,attente en agence et personnel,184
132,Ghita El,"Excellent service avec beaucoup de professionnalisme de la part de mademoiselle Fadela Baamoudi he tiens à la remercier de m’avoir aidé a résoudre mon problème, je la recommande fortement 👏🏼",2026,7,28,0.89,attente en agence et personnel,190
132,Passe Boarding,Je peux pas payé ma facture par carte ci nulle comment on peux avoir agence son cmi j ai pas de cash je peux  pas payé ci null,2026,7,28,-0.51,attente en agence et personnel,126
132,mohamed benkhalti,Très mauvais service irrespectueux,2025,12,30,-0.98,attente en agence et personnel,34
132,ness you,Du jamais vu Une agence qui vous oriente vers la concurrence... L'incompétence en personne,2023,7,29,-0.55,attente en agence et personnel,90
132,El Houssine MZAOUROU,"Le service est d'une lenteur inadmissible, je ne recommande pas",2021,7,29,-0.63,attente en agence et personnel,63
132,Azough Ayoub,Une mauvais expérience Accueil de mauvaise qualité Agence à éviter,2023,7,29,-0.96,attente en agence et personnel,66
132,steve rayan,Tu peut pas payé les fature chez eux,2019,7,30,-0.59,autre,36
132,Oma yma,Le meilleur service client de tout Marrakech. Ils prennent le temps de vous écouter attentivement et font tout leur possible pour résoudre votre problème ou vous orienter vers la solution la plus adaptée.,2026,2,28,0.92,attente en agence et personnel,204
132,Amine Noha,"Cette agence est un désastre. Mme Kensoul n'a même pas daigné me regarder ; elle s'est contentée de me dire qu'il n'y avait pas de connexion, c'est tout. Ailleurs, on m'a laissé patienter et on m'a expliqué que la fibre optique serait",2025,9,1,-0.8,carte sim et réseau,234
132,salma ch,J'ai utilisé ce service pendant tout un mois il y a 3 ans.,2025,11,30,0.48,attente en agence et personnel,58
132,hassan hida,Je n'ai trouvé personne. J'ai attendu plus de 15 minutes.,2024,7,28,0.0,autre,57
132,Adam Kaissi,Un des pires services que j'aie jamais vus ; ils ne connaissent rien.,2026,7,28,-0.68,autre,69
132,Dezle Den,Aucun problème avec le service et la carte SIM de données 👍,2024,7,28,0.0,carte sim et réseau,59
132,Stubborn X,Il ne répond pas !! Service m9awda 3lih wa chokran,2022,7,29,-0.53,attente en agence et personnel,50
132,Mohamed Ait Alghazi (“‫محمد ابن عبد الله‬‎”),C'est bon,2024,7,28,0.97,autre,9
132,Hasna Ba,Service très lent sans raison apparente.,2026,7,28,0.0,attente en agence et personnel,40
132,news Feed,Vous ne pouvez pas payer vos factures de téléphone ici.,2020,7,29,-0.4,service client et assistance,55
132,ثقافة عامة شكرا على اشتراكك,bien,2020,7,29,0.96,autre,4
132,Mohamed Layichi,"J'ai eu une excellente expérience avec cette agence et toute son équipe. Dès le départ, ils ont fait preuve de professionnalisme, de réactivité et d'une réelle compréhension de nos besoins. La communication était toujours claire et ils ont",2026,7,28,0.86,attente en agence et personnel,239
133,HAMID BOUIMEZGANE,0 services 0 respect de temps 0 respect es clients,2026,3,30,0.72,autre,50
133,Aziz Elazhari,"Ma récente visite à cette agence Inwi a été extrêmement décevante. Après un trajet de 15 km pour arriver à l'agence la plus proche, je m'attendais à un service professionnel et amical, mais malheureusement, ce n'était pas du tout le cas.",2024,7,28,-0.8,attente en agence et personnel,237
133,DOMENICO MANTA,"le pire agent Inwi que l'on puisse trouver... à un problème de réactivation du service, la jeune fille a répondu, trop occupée et dérangée pour regarder le réseau social ""appelle ce numéro je n'ai pas le temps"" ce personnel est choisi",2024,7,28,-0.84,attente en agence et personnel,234
133,SA AF,"Apparemment, les agents de inwi sont tous des fainéants, surtout celle-ci et celle de bab hmer. Tu peux aller faire la queue pour le même problème pour des dizaines de fois sans arriver à une solution. Inwi à de l'art de choisir un tel personnel.",2024,7,28,-0.46,attente en agence et personnel,246
133,ffonoon Fonoon,Une agence de l'opérateur Telecom INWI bien placée géographiquement. Malheureusement trop étroite et il n'y a qu'un seul agent pour vous servir. Si vous  pressée je ne vous la conseille pas. Mais reste bien utile.,2021,7,29,0.39,attente en agence et personnel,213
133,Patrick Brisset,J'ai été accueilli très aimablement et la personne présente à résolu mon problème.,2024,7,28,0.94,autre,82
133,sarra 02,Fermer  à l'heure  d'ouvert Pas de respect au client,2026,4,29,-0.41,autre,52
133,serge LEFEVRE,Parfaitement pour moi,2025,10,31,0.89,autre,21
133,Thug life,Pas mal service,2020,7,29,0.0,attente en agence et personnel,15
133,Abdelfatah Talbi (ABDELFATAH TALBI),Manque des caméras surveillances.,2022,7,29,0.39,autre,33
133,على المباشر,Bien,2022,7,29,0.75,autre,4
133,Abdellah Darmouch,Manque d'ordres !,2022,7,29,0.47,autre,17
133,UNCLE Happy DAY,Un bon réseau,2020,7,29,0.96,carte sim et réseau,13
133,Adventure Guide,Service top,2021,7,29,0.7,attente en agence et personnel,11
133,chaimaa el meryny,"Le mercredi 20 août 2025, j'ai vécu une très mauvaise expérience avec deux vendeurs de cette agence. Ils m'ont traité avec une indifférence totale, alors même que je souhaitais acheter un boîtier Wi-Fi et souscrire un abonnement.",2025,11,30,-0.97,attente en agence et personnel,229
133,Bigane Said,"Vous vous comportez comme des monstres et vous n'avez aucune idée de ce qu'est le service client. Franchement, vous ne méritez pas qu'on ait affaire à vous.",2025,12,30,0.0,attente en agence et personnel,156
133,jemy alwest,"Ils ne vous aideront pas s'ils ne touchent pas de commission. Par contre, si vous voulez acheter quelque chose, ils seront ravis de vous aider puisqu'ils reçoivent une commission. Le service est déplorable et ils font semblant de ne rien comprendre pour que vous repartiez sans rien demander.",2025,9,1,-0.78,attente en agence et personnel,292
133,Isabella Giardini,"Ils sont gentils, mais ils ne parlent que français et pas très bien, ils nous ont aidé à régler un problème avec la carte de manière satisfaisante même si nous sommes arrivés à l'heure de fermeture.",2024,7,28,-0.76,autre,198
133,蔡汶玲,C'est une arnaque ! N'y allez pas ! Je me suis fait arnaquer et je n'ai pas reçu internet. 😭😭😭,2025,12,30,-0.92,facturation et prix,94
133,Dezle Den,Le personnel est très calme 😂 après qu'une femme africaine devant moi ait crié et crié sur la femme derrière pendant au moins 15 minutes et ils ont réglé mon problème avec la carte SIM de données 👍,2024,7,28,-0.94,carte sim et réseau,197
133,Alvaro Mate,Ils ne m'ont pas rendu ma carte d'identité.,2026,7,28,0.0,autre,43
133,Rui Caetano,Ils étaient très aimables et ont résolu le problème rapidement.,2018,7,30,0.78,autre,63
133,على قيد الحياة,"Uniquement pour les téléphones à paiement de factures à vendre, très peu",2021,7,29,0.45,autre,72
133,كأس العالم روسيا 2018,"Ce numéro ne fonctionne pas, veuillez le modifier.",2026,7,28,-0.4,autre,50
133,Ayman Nadir,Incompétent et non professionnel,2026,7,28,-0.48,autre,32
133,Aissam Gamer,Ce fut une expérience merveilleuse,2022,7,29,-0.62,autre,34
133,Mohmed Wiregan,Bien,2020,7,29,0.75,autre,4
133,Ghazwani Rahmani,Mifle,2022,7,29,0.52,autre,5
133,Siham Sihamitta,bien,2020,7,29,0.96,autre,4
134,Saad Fieldy,"mauvais endroit, ni sens de responsabilités ni professionnalisme",2025,10,31,-0.82,autre,64
134,zakaria kadi,Mauvais souvenir J'ai payé un branchement d adsl (internet) depuis 8 mois et j. Attend toujours à vous de juger,2023,7,29,0.52,internet fibre et box,111
134,mohamed lamzaraa,Si tu veux faire un abonnement Inwi . Très bonne service et pas loin de magdonal sidi abbad,2020,7,29,0.84,attente en agence et personnel,91
134,Kaukabi,"Personnel aimable , professionnel et accueillant.",2022,7,29,0.95,attente en agence et personnel,49
134,james Hadrouchi,agence operateur inwi,2018,7,30,0.49,attente en agence et personnel,21
134,Shegun Akobi,J'ai réussi à faire ce que j'avais à faire ce que je voulais,2022,7,29,0.55,autre,60
134,Rim Zhn,Personnel qui manque du professionnalisme 👎🏻,2023,7,29,-0.67,attente en agence et personnel,44
134,Hamza Sultan,Iwn agence portes de Marrakech,2026,7,28,0.49,attente en agence et personnel,30
134,Moses Bouka,Tout le temps fermé,2024,7,28,0.42,autre,19
134,Najwa Naoumy Ep Laflaoui,Service laisse à désirer,2020,7,29,-0.62,attente en agence et personnel,24
134,Hamza Flouly,Bon service.,2021,7,29,0.95,attente en agence et personnel,12
134,Chaabi Hamza,Nul,2018,7,30,-0.4,autre,3
134,molay mhamed simohamed,Non,2019,7,30,0.0,autre,3
134,Younes AIT DRISSI,Bon service,2021,7,29,0.92,attente en agence et personnel,11
134,David Hatch,"Le personnel est exceptionnel et très serviable. De plus, ils parlent plusieurs langues, ce qui est très pratique si vous êtes étranger !",2023,7,29,0.82,attente en agence et personnel,137
134,Mounim Elmoussaddar,L'agence Inwi... compte deux agents sur place et il n'y a pas grand-chose à y voir à part payer pour quelque chose.,2020,7,29,0.0,attente en agence et personnel,115
134,Leonardo,Leurs services sont nuls 😩😩😩 Ils vendent de la publicité et des discours. Je me suis abonné et je le regrette amèrement !,2020,7,29,-0.82,autre,121
134,Said Waha,Irresponsabilité et comportement non professionnel 👎🏻,2024,7,28,-0.77,attente en agence et personnel,53
134,2AD2N A3ITDR,"Le service de W9 est déplorable, la connexion internet est catastrophique et le service client d'INWI est tout simplement exécrable. Pfff !",2024,7,28,-0.94,attente en agence et personnel,139
134,Farid Ouhadou,L'affaire était excellente,2023,7,29,0.99,autre,26
134,Mohmed Her,Les employés qui agissent de manière professionnelle,2020,7,29,0.57,autre,52
134,Zakaria Mojahid,Mauvais service,2024,7,28,0.57,attente en agence et personnel,15
134,Khalid Faris,incroyable,2020,7,29,-0.49,autre,10
135,Fettah Hellale,"Ils font de leur mieux les pauvres , c 'est le grand siège de la dite inwi qui ne font rien pour améliorer les choses .",2023,7,29,-0.67,autre,119
135,Nourdine Ait Elhour,"Service abonnement internet telephonique, en faite tous les services loee a l'operateur INWI sauf un espace pro",2024,7,28,0.39,attente en agence et personnel,111
135,Ben Mustapha,"Franchement, il y a un travailleur dans cette agence qui ne mérite pas d'être le visage d'une entreprise qui traite honteusement",2023,7,29,-0.48,attente en agence et personnel,128
135,Oualid Zaouich,Dommage on ne peut pas mettre 0 étoile.,2023,7,29,0.0,autre,39
135,M Boss Paris,"Service un peu long, mais généralement cv",2019,7,30,0.47,attente en agence et personnel,41
135,Kentaoui Mustapha,Très bien,2021,7,29,0.99,autre,9
135,Bradassa,"Agence Inwi, payer facture",2020,7,29,0.41,facturation et prix,26
135,Adventure Guide,Parfait,2021,7,29,0.8,autre,7
135,Aidali Yassine,Bon service,2021,7,29,0.92,attente en agence et personnel,11
135,Mohamed Anas,Travail,2022,7,29,0.57,autre,7
135,HAMZA RAZAD,Ils ont une bonne alimentation et sont soucieux de la propreté.,2026,7,28,0.96,autre,63
135,JAVI PEREZ,"Pendant mon voyage, j'ai acheté une carte SIM prépayée à 2 € avec un crédit de 5 €. J'avais largement assez d'internet et d'appels. Le vendeur ne parlait pas espagnol, mais on arrivait à se comprendre. Il a configuré ma carte SIM car ma connexion internet ne fonctionnait pas.",2020,7,29,-0.42,carte sim et réseau,276
135,youssef tube,"Que Dieu vous bénisse, quelle agence formidable ! L'endroit est très bien organisé et le service est rapide et agréable. Tout cela grâce au monsieur qui y travaille ; c'est une des personnes les plus gentilles que je connaisse. Je crois qu'il s'appelle Radwan ou Marwan.",2021,7,29,0.93,attente en agence et personnel,270
135,Fatiha Ouatta,"Vous nous bloquez et nous coupez la connexion internet. Nous avons fait tout le trajet jusqu'à la porte pour vous trouver en train de nous bloquer, nous laissant sans Wi-Fi.",2026,7,28,-0.51,carte sim et réseau,173
135,fati Chakir,Mon expérience avec l'internet par fibre optique d'Inwi a été catastrophique. Je ne les recommande pas car leurs délais de traitement sont interminables. Nous sommes le 15 et le technicien n'est toujours pas venu.,2023,7,29,-0.84,internet fibre et box,213
135,developpeur Med I_H,Dart adsl exta 3tawni rotor 9diiiiim,2024,7,28,0.48,internet fibre et box,36
135,رشيد النزاري,Il est situé à proximité d'un atelier de réparation de vélos et près de la porte menant au centre commercial.,2019,7,30,0.38,autre,109
135,Rachid Jeddi,L'endroit est sale ; vous devriez contacter un membre du personnel de nettoyage.,2019,7,30,0.43,attente en agence et personnel,80
135,قناة تائب للمقاطع الدعوية .,C'est bon,2023,7,29,0.97,autre,9
135,Are Imal,Fourniture de services de télécommunications,2024,7,28,0.48,autre,44
135,ELHADOUI OUSSAMA,Très agréable,2026,7,28,0.8,autre,13
135,mohamed el akkad,"Bon endroit avec un bon agent d'intérim, merci.",2020,7,29,0.97,autre,47
135,khalid tanrouit,Fournir tous les services,2019,7,30,0.75,autre,25
135,عبداللطيف اورحو,Chfara,2026,7,28,0.52,autre,6
135,mustapha mahji,réception médiocre,2023,7,29,0.55,autre,18
135,marouane MB,Service client 0,2024,7,28,0.51,attente en agence et personnel,16
135,sandoubi karim,"Zéro, la foule et Sir Tatji",2024,7,28,-0.67,autre,27
135,Mouad zizi,Toujours Système tay7 😵👎🏼👎🏼👎🏼,2020,7,29,0.55,autre,29
135,Chafik Rachid,Mauvais service,2026,7,28,0.57,attente en agence et personnel,15
135,khalid tafezrati,Merci Mourad,2019,7,30,0.73,autre,12
135,Yassine Kharmoudi,Agence Inwi,2021,7,29,0.47,attente en agence et personnel,11
136,Raphaël Chabert,"Dommage que je ne peux pas mettre 0. Arnaque sur la vente de carte SIM dans cette boutique INWI. Elle te propose 30€ tout illimité, mais en réalité, tu as 2Go, puis impossible de téléphoner.",2026,1,29,-0.57,carte sim et réseau,190
136,Adam S,"ARNAQUEEE !! Vous payez 200 dirhams pour 20Go, et le forfait s’épuise avant. Si vous appelez le service client ils vous diront d’envoyer une réclamation qui vont traiter en",2026,2,28,0.51,service client et assistance,172
136,Thibaut Oyon,"Je suis d'accord avec les autres commentaires, ce kiosque semble être une vrai arnaque. Pour information, vous pouvez demander à avoir une carte sim vierge, on vous la remettra gratuitement (et il est sûrement possible de la recharger",2025,9,1,-0.75,carte sim et réseau,234
136,Elza Vigneron,Je me suis fait arnaquer par deux vendeuses inwi avant même d’être sorti de l’aéroport . J’achète 4 puces inwi avec recharge au stand inwi arrivée aéroport Marrakech,2023,7,29,-0.47,carte sim et réseau,165
136,Miriam,"DES VOLEURS ! Je viens pour acheter une carte SIM neuve avec un crédit de 10GB de data, deux semaines plus tard je j'ai plus rien et quand j'appelle le service client, ils",2024,7,28,0.42,carte sim et réseau,171
136,Kamylia Kamylia,"INWI stand de l’aéroport de Marrakech se sont des arnaqueurs  professionnels , j ai payé 200 dirhams de forfaits internet pour un mois mais ils ne l’ont jamais activer, surtout ne jamais quitter le stand tant que vous ne voyez pas un text",2025,10,31,-0.63,autre,238
136,Yaya ANARGHI,Je tiens à vous partager mon expérience avec Orange boutique aereport marrakech.  J ai pris une carte sim. J ai payé 200 dh de recharge....pour 20 giga internet,2026,7,28,0.63,carte sim et réseau,160
136,clement P,"Comme d’autres commentaires, mauvaise expérience. Les 2 filles montré sur la photo d’un autre commentaire veulent vous vendre une recharge à 200dh sans chercher à savoir si c’est ce que vous avez besoin. Désagréables au plus haut point,",2024,7,28,-0.97,carte sim et réseau,236
136,Vincent MARTIN,"Personne arrogante, indique qu'ils prennent la carte bancaire, puis au moment de payer ne veulent prendre que des espèces.",2020,7,29,-0.82,facturation et prix,122
136,rachid imai,"5 puces achetées à 20€ chacune, est aucune de recharger. Des vrais voleuses !!!",2025,10,31,0.46,autre,79
136,Albert Ohayon,"« Service » hyper bâclé. On peut même dire hypra bâclé. Direction de Inwi, reprenez ça en main. Pas la peine d’investir autant d’argent en panneaux publicitaires pour détruire tout ça en deux trois remarques destinées uniquement à se débarrasser du client.",2024,7,28,-0.56,attente en agence et personnel,256
136,Chakib Khalid,Dommage je ne peut pas vous donner zéro étoile Mefiance...mefiance...mefiance Leur stand de l aeroport est tenu par des filles arrogantes,2020,7,29,-0.53,autre,137
136,Samira Elbouzidi,Arnaques ils ont donné à mon fils une carte qui devait être illimité à 50 euros elle li à regarder que 20  éviter l arnaque commence dès l arrivé,2024,7,28,-0.55,facturation et prix,145
136,Pixx Le box,"Arnaque, à fuir. On partage notre data avec d'autres utilisateurs. Prenez orange ou Maroc Télécom si vous allez au Maroc",2024,7,28,-0.68,facturation et prix,120
136,Lamia Bouchenafa,Des gros gros voleurs !!! Ils nous proposent 200dhr pour avoir un internet illimité mais cela se repeigne avant la fin du séjour car en réalité ce n’est que 2gb qui proposent !!!  À FUIR !!!,2026,7,25,0.71,autre,190
136,Dimitri Ponedelkow,"Madame a l’accueil super sympa, service rapide, elle présente le valeur de la carte sur le téléphone que je lui ai confié, elle m’a remis la carte SIM avec le code pin et le code PUK: j’ai demandé une valeur de 300dh pour 72go uniquement",2026,7,28,0.88,attente en agence et personnel,237
136,Patrícia Castanheira,"Soyez prudent lorsque vous achetez une carte SIM ici, car vous pourriez vous faire arnaquer, comme cela m'est arrivé. Assurez-vous qu'elle fonctionne parfaitement avant de partir. Il est préférable d'en acheter une place Jamaa Fna. Orange est un meilleur choix.",2026,5,29,0.64,carte sim et réseau,261
136,Lucas Colo,"Carte SIM vendue à 200 dirhams alors que sa valeur réelle est de 50 dirhams, et même clonée car ce numéro appartenait à un garçon depuis 4 ans  À signaler",2026,5,29,0.42,carte sim et réseau,154
136,Haadee Javed,"Arnaque pure et simple. On nous a dit qu'avec 400 DH, on aurait 20 Go chacun, mais on n'en a eu que 2. Le personnel du stand Orange à côté avait l'air sympa.",2025,12,30,0.0,attente en agence et personnel,157
136,Kuba Wyszynski,"Arnaque ! Je devais avoir 30 Go de données pour 20 €, mais je n'en ai eu que 6. C'est très désagréable et choquant que ce soit autorisé dans un aéroport international.",2026,5,29,-0.89,facturation et prix,167
136,Esa Abdul,"Je voulais aller voir les différents stands de cartes SIM pour voir les prix, et j'ai remarqué qu'ils étaient tous les mêmes. Mais le plus dur, c'est que lorsque je demandais les prix, ils parlaient arabe, un arabe grossier. Ils ne savaient",2025,12,30,-0.74,facturation et prix,240
136,Juan carlos Shahi,"ESCROCS ! J'ai eu tort de ne pas avoir lu les avis. Ils m'ont facturé 20 euros pour une carte SIM 2G. En dehors de l'aéroport, on peut en obtenir une partout pour 5 euros pour 20 G.",2025,11,30,-0.48,carte sim et réseau,181
136,Marco,"Une expérience formidable à la boutique Inwi ! Le personnel était accueillant, serviable et très professionnel, toujours prêt à répondre à mes questions et à m’aider à choisir la meilleure option. L’atmosphère est moderne et chaleureuse, et",2025,12,30,0.96,attente en agence et personnel,240
136,kompresor hookah,"Nous avons passé un bon moment pendant nos 5 jours au Maroc, le seul bémol était que c'était beaucoup plus cher à l'aéroport qu'en ville, et nous nous sommes sentis un peu arnaqués.",2026,1,29,-0.5,facturation et prix,181
136,nahye chang,"L'employée semblait proférer des injures ou m'insulter. Dès que j'ai demandé le prix, elle m'a demandé de lui passer mon téléphone. Pendant qu'elle changeait la carte SIM, elle m'a annoncé le prix : 20 €. Mais sans plus de précisions (par",2026,7,28,-0.64,facturation et prix,238
136,Ben Llewellyn,Bienvenue au Maroc ! J'espère que vous avez apprécié votre première arnaque.  Vous ne lirez probablement pas ceci avant qu'ils ne vous volent  mais ils le,2024,7,28,0.71,facturation et prix,154
136,Toshi Ghani,***ARNAQUEURS***  Des arnaqueurs proposent des cartes SIM à 20 euros.,2023,7,29,0.51,carte sim et réseau,69
136,Alex Becker,"Je me suis fait arnaquer. J'ai payé pour une carte SIM censée avoir 20 Go de données, mais elle n'en avait que 2 et ne fonctionnait même pas. Je vous recommande cet endroit si vous voulez vous faire arnaquer et si vous voulez des cartes SIM qui ne fonctionnent pas. De plus, on ne peut payer qu'en espèces.",2024,7,28,-0.6,carte sim et réseau,306
136,Paula Trujillo Hernández,"ARNAQUE !  Avant de partir pour le Maroc, on nous a conseillé d'acheter une carte SIM à",2023,7,29,0.6,carte sim et réseau,87
136,Robert Omundsen,"Allez dans une boutique en ville ; le personnel ne vous proposera qu'un forfait minimum de 20 Go pour 20 euros, et d'autres avis indiquent que le contenu ne correspond même pas à ce pour quoi vous payez. En revanche, l'installation en ville a été très simple et j'ai obtenu 11 Go, appels et SMS inclus pour 100 dirhams sur 30 jours.",2024,7,28,0.0,carte sim et réseau,332
136,margareth torres,"N'achetez surtout pas de cartes SIM à l'aéroport. On m'a volé 20 euros pour une carte et on ne m'a même pas fourni de forfait internet. Le personnel était très désagréable et incompétent. En centre-ville, dès la sortie du bus de l'aéroport,",2024,7,28,-0.72,carte sim et réseau,240
136,Slinky Malinky,"J'ai acheté une carte SIM ici à mon arrivée. J'ai laissé mon téléphone au personnel et je suis allé retirer de l'argent pendant qu'il était chargé. Entre-temps, ils ont confondu ma carte SIM d'origine (pays d'origine) avec celle d'un autre",2020,7,29,-0.44,carte sim et réseau,239
136,Pau B,Nous sommes arrivés vers 23h45 et il y avait un stand qui distribuait des cartes SIM gratuites. J'avais lu des avis et je n'ai pas eu besoin de recharger ma carte. C'est un peu stressant de se faire prendre en photo pour son passeport avec,2020,7,29,-0.58,carte sim et réseau,239
136,Chisom Ekwem,J'ai récupéré des cartes SIM gratuites et je les ai rechargées dans une petite épicerie près de mon hôtel. 10 MAD pour 1 Go.,2025,9,1,0.41,carte sim et réseau,124
136,Nicky Saldanha,"N'utilisez pas ce service. Ils facturent trop cher et fournissent des cartes SIM avec peu de données, ce qui vous fera vite manquer de données. Nous sommes allés chez INWI en ville et avons dû recharger quelques jours après avoir payé 20 € pour ce qui était censé être de la 10G.",2023,7,29,-0.8,carte sim et réseau,279
136,Wendy Sui Wern Ooi,"J'étais au comptoir il y a quelques mois, le service était déplorable : ils ne semblaient pas s'intéresser aux clients ni répondre aux questions, ils étaient trop occupés à jouer sur leur téléphone. Du coup, je suis allé aux autres guichets.",2024,7,28,-0.89,service client et assistance,241
136,Štěpán Šubík,"À éviter absolument : service irresponsable et peu fiable. Nous avons payé 20 € pour 20 Go de données et 3 heures d'appels inclus. Après 1,15 Go et 15 minutes d'appels, la carte SIM a cessé de fonctionner en pleine nature. Impossible",2020,7,29,-0.54,carte sim et réseau,233
136,Italo Mar,"Ce sont des escrocs et des malhonnêtes, et ils ternissent la réputation du pays en vous obligeant à payer 200 dirhams supplémentaires même si votre séjour au Maroc ne dure que deux jours.",2026,7,28,-0.89,facturation et prix,187
136,West,Tout va bien. 10 € 20go,2025,9,1,0.92,autre,23
136,Flavio Sousa Monteiro,Expérience horrible ! Le prix varie selon le nombre de participants. Trop cher et le service est médiocre. Internet est lent.,2023,7,29,-0.97,facturation et prix,125
136,Mouad El Mahjaj,Avait lklab makijawboch 3la aseila barin ri idiw lik flosk tfo 3la service 🐕‍🦺🐕‍🦺🐕‍🦺🐕‍🦺🐕‍🦺🐕‍🦺,2024,7,28,0.44,attente en agence et personnel,93
136,Ibz,"Ils essaient de vous arnaquer et de vous faire payer en euros ou en livres sterling, PAYEZ EN MAD !",2024,7,28,-0.65,facturation et prix,99
136,Ana Pereira,Service déplorable. Ils m'ont volé ma carte mémoire !,2024,7,28,-0.84,attente en agence et personnel,53
136,Centre Copie,Internet fabriqué au Maroc...,2026,7,28,-0.49,autre,29
136,Lore,ESCROCS,2023,7,29,0.53,autre,7
136,Alexander Weber,Peu aimable et peu disposé à aider.,2019,7,30,0.38,autre,35
137,mohamed el intidami,"Le 23 mai 2025, j’ai reçu un message de la part de l’opérateur INWI m’informant, en tant que client fidèle, de l’éligibilité à une offre de remplacement gratuit du routeur Wi-Fi. L'opérateur m'invitait à me rendre dans une agence avec",2025,10,1,0.62,internet fibre et box,234
137,Khalid,"Nul de chez nul, il faut se méfié des personnel là bas, ils signent les contrat à la place des abonnés, ainsi le plus grave ils m'ont donné la box sans signature, ils sont bcp de contrant non signé pareil, il les pauvres font deq va est viens pour avoir le service",2024,7,28,-0.82,attente en agence et personnel,264
137,Classy Sanaa,L'agente quu travaille la bas n a aucun professionalisme. Elle m a fait attendre une demi heure en faisant semblant qu'elle remplit des documenta pour que a la fin me dit que le service que je veux n'est pas possible pour le moment.,2024,7,28,-0.48,attente en agence et personnel,232
137,المستشار التربوي,L'agent en charge des clients pour ce moment est le meilleur que j'ai pu voir jusqu'ici. Que Dieu le bénisse,2022,7,29,0.94,autre,108
137,عبد الصمد الغغاي,Bon rêve les plus café dont toucher à vent posé la signature,2020,7,29,0.92,autre,60
137,Fouad Elmarbouh,"Agence de téléphone les offres pour internet dont intéressants, les employés sont excellents et compréhensives",2018,7,30,0.96,attente en agence et personnel,110
137,mabrouk hamza,Je trouve ici de bonnes services,2022,7,29,0.96,autre,32
137,abdelhalim kasbaoui,Petite boutique de service,2019,7,30,0.6,attente en agence et personnel,26
137,أبو مكة,Bien,2022,7,29,0.75,autre,4
137,Fennoune Mohamed,Parfait,2019,7,30,0.8,autre,7
137,hamdaoui elhoussien,Bon service,2022,7,29,0.92,attente en agence et personnel,11
137,hamza herni,😂😂,2019,7,30,0.42,autre,2
137,ELHABIB,Bien,2019,7,30,0.75,autre,4
137,Coopérative celia Coopérative celia,Connexion 0,2026,7,28,0.53,carte sim et réseau,11
137,OMAR AKHOULF,Bon service,2019,7,30,0.92,attente en agence et personnel,11
137,Redone Banani,"Service déplorable, non-respect des horaires de travail et fermeture prématurée 👎👎👎👎👎👎",2026,5,29,-0.82,attente en agence et personnel,86
137,youssef Day,"La pire agence ; le service est médiocre, surtout la personne qui répond au téléphone ; ils ne respectent pas le client ou sont partiaux.",2026,1,29,-0.82,attente en agence et personnel,137
137,Hi Cv,"La pire agence en termes de service client ; une étoile ou plus, c'est déjà trop pour eux.",2026,4,29,-0.52,attente en agence et personnel,90
137,Amine Lakraa,"Un utilisateur grossier, se moquant des gens, un serviteur forcé",2026,5,29,-0.75,autre,64
137,Faysal Kachoun,"Le pire service client que j'aie jamais vu. C'est une véritable arnaque, tant de la part d'Inwi que du service client.",2023,7,29,-0.84,attente en agence et personnel,118
137,rachid ait said,Je n'ai pas reçu les informations demandées. Service 000,2024,7,28,-0.42,attente en agence et personnel,56
137,Jalal Zalzouli,"Bon service, grâce à la disponibilité du personnel.",2019,7,30,0.99,attente en agence et personnel,51
137,haddou oufouta,La couverture n'inclut pas toutes les zones,2020,7,29,0.0,autre,43
137,Hassan Ben Alioua,"Je suis passé devant, mais je ne suis pas entré.",2022,7,29,0.0,autre,48
137,عبدالغني حكوم,Bon service client,2022,7,29,0.87,attente en agence et personnel,18
137,M'y youssef El alaoui,Aucun problème.,2022,7,29,0.0,autre,15
137,Hamza AALA,Goode,2026,7,28,0.95,autre,5
137,Othmane Elkhald,Akbra matrilan chathom,2023,7,29,0.51,autre,22
137,قيمة المواطن,Problème de points mensuels,2019,7,30,0.55,autre,27
137,ahmed kamal,Beau,2024,7,28,0.59,autre,4
137,Hicham Aboumalek,Bon Service client,2019,7,30,0.82,attente en agence et personnel,18
137,Younes Alaoui,milieu,2024,7,28,0.52,autre,6
137,younes serhani,Communications et mobilisation,2020,7,29,0.64,autre,30
138,Baxha Mos (Mb),"Une petite agence, mais ses services sont excellents et excellents. L'employée de l'agence est une personne décente et aime son travail. Excellents services en termes d'explication et de priorité à un client, en termes de gentillesse dans les relations avec les clients et en donnant plus détails...",2024,7,28,0.98,attente en agence et personnel,299
138,Phillipe Adrian,Parfait dans les réponses l'employé est courtois et rend les services demandés très bonne agence,2025,9,1,0.64,attente en agence et personnel,96
138,Mouna Belhouari,"A éviter, service nul",2025,11,30,-0.45,attente en agence et personnel,21
138,Abdeljabbar Dyani,Très bien,2022,7,29,0.99,autre,9
138,Riad Dar Mamouni,Très bien situé,2022,7,29,0.95,autre,15
138,Mustapha Mektan,VERY BAD SERVICE PFFFFFFFFFFF,2020,7,29,0.58,attente en agence et personnel,29
138,om adam,Service excellent bravo,2022,7,29,0.99,attente en agence et personnel,23
138,dounia,Bon service,2022,7,29,0.92,attente en agence et personnel,11
138,beauty of Morocco,Service déplorable ! La personne qui y travaille ne respecte pas les clients.,2026,7,28,-0.95,attente en agence et personnel,77
138,KBZ,Un employé incompétent qui oriente les clients vers d'autres agences. Quelqu'un qui ne veut pas travailler et me dit d'« aller me coucher ». Pour m'enfuir.,2024,7,28,-0.71,autre,155
138,Jonathan Taviv,"Un endroit idéal pour tout ce qui concerne Inui et les téléphones portables. En tant que touriste, j'ai été très bien accueilli par le personnel, qui a fait preuve d'une grande patience pour résoudre un problème que je rencontrais. Un grand merci à eux !",2022,7,29,0.88,attente en agence et personnel,254
138,Mounir mourad,Excellent service de la part du responsable du bureau. Il traite chaque client avec le respect qu'il mérite.,2020,7,29,0.96,attente en agence et personnel,108
138,KHARBOUCH Soufiane,J'ai été mal traité par l'agence.  J'ai découvert que mon numéro de téléphone était enregistré au nom d'une autre,2023,7,29,-0.91,attente en agence et personnel,113
138,Evgenia Kadochkina,Annas est la MEILLEURE !!!! Elle m'a aidée à résoudre tous mes problèmes !!!,2026,7,28,0.49,autre,76
138,Marjan vR,Charmante terrasse donnant sur les jardins Majorelle. Service très aimable.,2019,7,30,0.9,attente en agence et personnel,75
138,jalil jasa,Le jeune homme qui nous a accueillis nous a offert un excellent service. Un grand merci à lui.,2020,7,29,0.99,attente en agence et personnel,94
138,alahyan mohamed,Service déplorable. Très peu de temps à l'heure.,2018,7,30,-0.83,attente en agence et personnel,48
138,Younes Laarif,"Bon service, merci les filles",2020,7,29,0.96,attente en agence et personnel,29
138,Imgdal إمڭدال,traitement de qualité inférieure,2024,7,28,0.0,autre,32
138,Yahia Demnati,Bon service,2021,7,29,0.92,attente en agence et personnel,11
138,Walid Essouli,Parfait,2020,7,29,0.8,autre,7
139,Lio GVN,"Accueil très peu chaleureux. De plus, le responsable de l'agence est de très mauvaise fois et donne volontairement  de fausses informations au client. Il y a d'autres agences Inwi dans le périmètre....",2026,7,28,-0.96,attente en agence et personnel,201
139,Olthy 33,Petite agence avec un personnel très efficace et sympa. Le stricte nécessaire.,2023,7,29,0.8,attente en agence et personnel,78
139,Lupo 18,Fermer définitivement,2026,3,30,0.42,autre,21
139,rabah hamadi,Carte Sim gratuite,2018,7,30,0.77,carte sim et réseau,18
139,LE JOUR D'APRÈS,Trop d'attente,2020,7,29,0.43,attente en agence et personnel,14
139,Claire Weiß,"Hautement recommandé, même pour les visiteurs de Marrakech !  19 janvier 2026 : J'ai acheté 10 Go (+1 Go offert) de données mobiles et une",2026,4,29,0.7,autre,138
139,Emerson Kmargo,La personne qui travaille dans cette agence Inwi m'a semblé très aimable et m'a aidée jusqu'à ce que ma carte SIM soit activée et fonctionne parfaitement. Je reviendrais sans hésiter.,2026,1,29,0.75,carte sim et réseau,183
139,Bart Koopman,"Nous avons acheté une carte SIM pour une semaine de vacances dans une petite boutique d'opérateurs. L'offre la moins chère coûtait 50 dirhams pour 11 Go (valable un mois). Il y avait un seul vendeur et une file d'attente, nous avons donc dû",2023,7,29,-0.58,attente en agence et personnel,240
139,Nicolas Lemay,"J'ai pu acheter une carte SIM ici à un prix bien inférieur à celui pratiqué dans la plupart des boutiques de la médina. Environ 49 dirhams pour 11 Go valables 30 jours, carte SIM incluse. Ils proposent d'autres forfaits. Ils acceptent les",2023,7,29,0.57,carte sim et réseau,238
139,Maria S. B.,"Le gérant de cette boutique était très aimable. Il m'a vendu une carte SIM pour 50 dirhams, avec internet pour une semaine. Il m'a demandé mon passeport pour l'enregistrer. Il a été très gentil et compréhensif malgré le fait qu'il ne parlait pas la langue. Je le félicite pour son excellent service et son accueil des touristes.",2024,7,28,0.45,attente en agence et personnel,328
139,Marco Giancani,Service impeccable !  Je recommande cette boutique.,2026,7,28,-0.52,attente en agence et personnel,51
139,Badr Sabor,Bons services pour les nouvelles cartes SIM et les informations,2017,7,30,0.92,carte sim et réseau,63
139,Jonathan Taviv,Boutique de télécommunications pour acheter une carte SIM avec un forfait Internet à des prix bon marché et un bon service du personnel,2022,7,29,0.94,carte sim et réseau,135
139,Damar Bou,"Cette agence n'a aucun lien avec l'entreprise ; leur service est déplorable, à l'image de l'entreprise elle-même. Ce sont tous des voleurs ; je vous déconseille fortement de faire affaire avec eux.",2020,7,29,-0.77,attente en agence et personnel,197
139,Chris G,50% moins cher que la carte SIM à l'aéroport,2023,7,29,-0.43,carte sim et réseau,44
139,Will Alexander,"Ils parlent anglais, service rapide et aimable !",2023,7,29,0.96,attente en agence et personnel,48
139,Samir Tktk,"Ouverture à 10h, il est tard !",2026,7,28,0.54,autre,30
139,COMPRENDRE j,Très mauvais traitement des utilisateurs,2026,7,28,-0.96,autre,40
139,Sergei Klimenko,Endroit agréable. Excellente carte. Terrasse.,2019,7,30,0.96,autre,45
139,aziz mazouz,Pas trop de choses,2020,7,29,0.0,autre,18
139,mounir el,Chfara,2024,7,28,0.52,autre,6
139,Youness Idali,Bonne connexion,2018,7,30,0.93,carte sim et réseau,15
139,omar lbachir,ISO faible,2022,7,29,0.44,autre,10
139,FRANCISCO RAMIREZ,Marques de téléphones à Marrakech,2019,7,30,0.49,autre,33
139,Honza Hrstka,"Fortement recommandé, idéal pour les touristes. L'obtention de la carte SIM a été rapide (quelques minutes) et nous avons bénéficié de 11 Go de données et d'une heure d'appels pour 70 MAD, soit environ 7 € (il s'agissait apparemment d'une promotion ; le prix normal est de 100 MAD).",2026,7,14,0.72,carte sim et réseau,282
140,Abdelghafour Chokoko,Service clients nul Ça fait 3 jrs que j'ai payé mon fibre  et les techniciens n'ont pas encore arrivés,2026,7,28,-0.53,internet fibre et box,102
140,Tasnime Nassim,inwi nous a menti et nous a trompés nous a fait attendre Internet et nous étions avec une société de télécommunications et leur avons demandé de couper voire de se livrer à des effluents inwi mais malheureusement nous reviendrons vers eux.,2023,7,29,-0.85,autre,239
140,Paper Arts,Il y a un trés bon service,2021,7,29,0.95,attente en agence et personnel,26
140,Disfruta Marruecos Viajes,L’accueil très très mal,2026,7,28,-0.93,attente en agence et personnel,23
140,El hafyan Khalid,Personnel peu acceuillant.,2020,7,29,-0.37,attente en agence et personnel,26
140,Latifa Tahar,Employés professionnels et accueillant,2024,7,28,0.89,autre,38
140,Simplifier l'informatique,Le système est toujours en panne,2023,7,29,-0.5,autre,32
140,Imane el Arabe Meslahi,Ça va,2019,7,30,0.36,autre,5
140,BLH ADE,Service médiocre,2024,7,28,0.66,attente en agence et personnel,16
140,Hasna El idrissi,Service nul,2024,7,28,-0.45,attente en agence et personnel,11
140,moulay mustapha oueldammou,Nul,2021,7,29,-0.4,autre,3
140,GUIDE GOLD,Pas de telephones,2019,7,30,0.0,autre,17
140,Hassan Faiz,Agence Serviable,2024,7,28,0.55,attente en agence et personnel,16
140,Abdeltif BOUSSARHANE,Bravo,2022,7,29,0.92,autre,5
140,Jahid Kara,Merci,2018,7,30,0.86,autre,5
140,farah mentougue,Zéro professionnalisme !  Conseillère impoli !!! Un problème technique qui dure depuis plus de 20 jours en plus un service clients irrespectueux  du jamais vu ; la conseillère à la boutique a eu l’audace de nous inviter à résilier si on,2026,7,14,-0.91,attente en agence et personnel,236
140,Safae Salaheddine,Service client déplorable 👎🏻,2026,3,30,-0.79,attente en agence et personnel,28
140,Boum Tarik,Num mkhadmach dyrinha bl3ani,2026,3,30,-0.4,autre,28
140,HAMID AOURIK,Pourquoi dois-je débourser de l'argent pour obtenir une carte SIM à mon nom ? N'avons-nous pas le droit d'obtenir une carte à notre nom sans débourser de l'argent ?,2023,7,29,-0.49,facturation et prix,164
140,Mahdi Bouya,Je m'y suis rendu le samedi 30 avril 2022 à 13h pour demander à recharger mon compte InwiMoney et la fille m'a répondu négativement avec un sourire ! Je suis complètement insatisfait de son attitude non professionnelle !,2023,7,29,-0.95,application mobile et espace client,220
140,Robert Albion,Le pire réseau de tous les temps 👎,2025,10,31,-0.65,carte sim et réseau,34
140,Othmane EL KOHLI,Les agents n'ont pas pu m'aider à résoudre mon problème malgré la fourniture de mon contrat et de mes factures.,2023,7,29,-0.6,autre,111
140,Amine Elmouatacim (Amino),"Bon emplacement, bon service mais l'attente est longue.",2023,7,29,0.87,attente en agence et personnel,55
140,Fayroz Bek,Le niveau est extrêmement bas. Je veux connaître le nom des sœurs qui y travaillent ; je veux porter plainte contre elles.,2023,7,29,-0.62,autre,122
140,Anax Brawl Stars (Brawl Stars),Le service est bon. L'endroit est moderne. Très pratique,2019,7,30,0.96,attente en agence et personnel,56
140,Abbass Fansouni,Nadine ✌🏻🩷❤️,2026,3,30,0.5,autre,12
140,Morad Houlmane,Personnel agréable et bon service,2021,7,29,0.96,attente en agence et personnel,33
140,Abdo Zaouiat,Il n'existe pas de hérissons lisses.,2024,7,28,0.0,autre,36
140,كأس العالم روسيا 2018,Num makheddamach,2026,7,28,0.41,autre,16
140,abasouhail ارام,Bon traitement,2024,7,28,0.86,autre,14
140,Chour TV,Inwi,2020,7,29,0.52,autre,4
140,Taha Assakhir,Bon service,2024,7,28,0.92,attente en agence et personnel,11
140,Hassan Marbre,Service magnifique,2021,7,29,0.85,attente en agence et personnel,18
140,Shop BenBrahim,👍,2024,7,28,0.42,autre,1
140,Hamza Smartphone,excellent,2022,7,29,0.97,autre,9
140,عزالدين حجوبي,incroyable,2020,7,29,-0.49,autre,10
140,معي انا إلهام,Inwi est excellent,2019,7,30,0.96,autre,18
141,elkhouzari othman,Cette agence est médiocre et peu professionnelle ; le personnel est désinvolte. Je suis allée a consulter une réclamation et personne ne m'a reçue un utilisateur a répondu de manière impolie : « Contactez le service client. ». Une autre,2026,3,30,-0.8,attente en agence et personnel,236
141,Abderrahman Hilali,Accueil indigne d une grande entreprise.... Agent à la limite de l agressivité,2026,2,28,0.48,attente en agence et personnel,78
141,Jamal Bartaouch,"Agence toujours pleine donne idée sur la qualité du service de cet opérateur 20 mn d'attente au minimum, service très lent, manque du personnel Ferme à 19h30",2024,7,28,-0.46,attente en agence et personnel,157
141,MOHAMED GAOUTI,Petit local (comme agence). Personnel efficace mais débordé par le nombre de clients. C'est la seule agence de proximité à Mhamid.,2026,7,28,-0.39,attente en agence et personnel,130
141,Fayssal HADDOUCHI,Nous avons voulu rendre la boxe 4g que nous avions acheté dans cette boutique. Les vendeurs de la boutique nous ont indiqué que leur logiciel ne fonctionne plus à partir de 13 heure et qu’il n’était donc pas possible de rendre la boxe,2026,7,28,-0.53,carte sim et réseau,234
141,Disfruta Marruecos Viajes,"L’accueil très très très mal, très mal service",2026,7,28,-0.94,attente en agence et personnel,46
141,Khalid Boudine,0 servis toujour les meme arguments pas de conexiont...sesteme empagne.......0/0,2020,7,29,0.0,autre,80
141,أبو يحيى,Bon endroit pour payer ses factures inwi Des collaborateurs dynamique est sympa,2020,7,29,0.69,facturation et prix,79
141,Gilles G,"Près de chez moi, ils sont sympa et vous dépanne...",2020,7,29,-0.63,autre,51
141,LABRINI Mohamed,Il faut ajouter une autre agence a mhamid ?! Une ne suffit ps,2023,7,29,-0.51,attente en agence et personnel,61
141,Ahmed Chaqouri,Facile à trouver et bon espace pour les clients,2024,7,28,0.94,autre,47
141,ndiaga kebe,Il y''a pas de chaise d'attente,2022,7,29,0.0,attente en agence et personnel,31
141,saad berrada,Je ss pas pourquoi il ferme a 19:00 h!!!?,2021,7,29,0.0,autre,41
141,bibis hygiéniste,Toujours plein des clients par ce que un seul du personnel pour trentaine des clients,2021,7,29,0.55,attente en agence et personnel,85
141,Ba sattof,Agence minable. Ne rend pas service aux clients.,2021,7,29,-0.8,attente en agence et personnel,48
141,Amahrouk Abdellatif,"Payement,abonnement ,pour société de communication inwi.",2024,7,28,0.57,facturation et prix,56
141,Rachid Aitouha,Négative . horaires pas respecté,2019,7,30,-0.59,autre,32
141,EZZ LAHCEN,Bonne reception et bon service,2020,7,29,0.99,attente en agence et personnel,30
141,Good intentions,Salam est une bonne,2022,7,29,0.91,autre,19
141,Tarik RHAFLI (“Le Docteur”),Service assez bien,2022,7,29,0.97,attente en agence et personnel,18
141,Badr Benzamroun,Il faut patienter,2019,7,30,-0.45,autre,17
141,B. Ig.,Bon,2026,7,28,0.91,autre,3
141,M T.,Nul,2024,7,28,-0.4,autre,3
141,قيمة المواطن,Bien,2019,7,30,0.75,autre,4
141,Mansour Koram,Mauvaise expérience,2023,7,29,0.5,autre,19
141,IRAOUI OUMAIMA,Service nul,2021,7,29,-0.45,attente en agence et personnel,11
141,Mohammed Koussari,Satisfait,2019,7,30,0.89,autre,9
141,علوي مرتضى,Pas de stock,2021,7,29,0.37,autre,12
141,Abdallah Belhadi,Lieu étroit,2020,7,29,0.55,autre,11
141,Oz RS channel,Bad service.,2022,7,29,-0.52,attente en agence et personnel,12
141,Jabrane Il,Service nulle,2022,7,29,-0.48,attente en agence et personnel,13
141,S. Ezzine,Des arnaqueurs,2022,7,29,-0.5,autre,14
141,khalid eladmaoui,🙅🏼‍♂️🙅🏼‍♂️🙅🏼‍♂️🙅🏼‍♂️🙅🏼‍♂️🙅🏼‍♂️,2026,7,28,0.42,autre,30
141,Nouhaila El Maslouhi,Une perte de temps et d'argent totale. Le personnel était incompétent et ignorait tout des procédures de base. L'employée ne savait même pas comment imprimer le contrat. J'ai dû faire son travail à sa place et lui demander de tourner l'ordinateur portable vers moi pour pouvoir l'imprimer moi-même.,2025,12,30,-0.73,attente en agence et personnel,298
141,HASSAN Bakhouch,"Service : 0, Transactions : 0, Emplacement : 0, Places assises dans le salon client : 0, Propreté : 7/10, Rapidité de traitement des commandes : 0",2025,11,30,0.61,attente en agence et personnel,146
141,Houiria Hamza,Je suis allé me ​​renseigner sur le Wi-Fi à la maison et il m'a dit d'aller demander à mes voisins s'ils en avaient un dans le quartier.,2025,9,1,0.49,autre,136
141,حساب محذوف,Le personnel est compétent.  L'agence peut être bondée car c'est la seule du quartier d'Al-Mahamid.,2024,7,28,-0.63,attente en agence et personnel,99
141,ABDEL OUAHED,Mauvais service  Je songe à quitter Inwi.,2025,10,31,0.42,attente en agence et personnel,41
141,esca per (escaper01),Vous pouvez y aller le jour de Pâques sans faire la queue.  Ils ouvrent tard et ferment tôt.,2026,7,28,-0.45,attente en agence et personnel,92
141,Abelmounaim Elboustani,"Je suis allé à l'agence Inwi de Marrakech pour récupérer ma carte téléphonique et j'ai payé 150 dirhams, mais elle ne fonctionne toujours pas. Quelle est cette négligence ? Nous sommes vos clients depuis longtemps.",2026,7,28,-0.63,attente en agence et personnel,214
141,elephant,"Je suis venu deux fois le même jour. La première fois, la porte vitrée était fermée et des gens étaient déjà à l'intérieur. La seconde fois, j'ai trouvé une quinzaine de personnes qui attendaient et un seul agent au guichet. C'est absurde",2024,7,28,-0.79,autre,238
141,Othmane El,"Interrogé sur la possibilité d'installer la fibre optique, il a répondu : « On ne sait pas  Allez demander à vos voisins. » 👎",2026,7,28,-0.5,internet fibre et box,125
141,Mounir ELHADNI,"Le magasin est complètement vide, sans aucun appareil à vendre.  Ni téléphones portables, ni routeurs.",2023,7,29,0.0,autre,102
141,A. Aboilyasse,"Le personnel fait de son mieux, mais l'endroit est petit pour une seule agence couvrant une vaste zone comme Al-Mahamid, il y a donc foule et pas de chaises pour attendre.",2022,7,29,-0.62,attente en agence et personnel,171
141,Oussama Erouijel,"Les gars ici sont sympas, mais l'entreprise n'est pas fiable à mon avis.",2026,7,28,-0.66,autre,72
141,Youssef EL JAOUAHIRY,ila ktter 3lihom bnadem kaygolo lik système tay7 bach issedrook...machi mrra whda,2026,7,28,-0.52,autre,81
141,SKY COACHES LIMITED,"Le pire fournisseur d'accès Internet du Maghreb a acheté 20 Go pour 200 dirhams et n'a jamais fonctionné plus de 24 heures. Il est plein de menteurs. Ne faites jamais confiance à ces gens-là. Ils ne savent pas gérer une seule plainte, sans parler de la gestion d'une grande entreprise de télécommunications.",2020,7,29,-0.82,autre,307
141,TrustBDK,"Service de qualité inférieure, 10 jours et pas de machine d'impression, les employés ici dans la région d'Al-Muhammad nuisent à la réputation de l'entreprise",2024,7,28,-0.6,attente en agence et personnel,157
141,Khalid Aet,"Un service de qualité inférieure, un favoritisme excessif et un népotisme parmi les employés de cette agence sont de qualité inférieure et nuisent à la réputation de l'entreprise.",2024,7,28,-0.93,attente en agence et personnel,179
141,Echaghafi Abdelouahad,Service ponctuel. Le travailleur met tout en œuvre malgré l'affluence.,2022,7,29,0.49,attente en agence et personnel,70
141,niver jems,Les employées ne sont pas à la hauteur en matière de relation client.,2026,7,28,0.0,autre,69
141,Enrique G. Vázquez Páez,Le service est bon. Mais les horaires d'ouverture sont aléatoires.,2020,7,29,0.93,attente en agence et personnel,66
141,Othmane Tizrit,"Vous pouvez acheter une carte SIM ici, le personnel était aimable",2023,7,29,0.78,carte sim et réseau,65
141,Hicham Bo,Longue file d'attente... Service déplorable.,2022,7,29,-0.67,attente en agence et personnel,44
141,Anaso AnasSo,Très mauvais 😞,2026,7,28,-0.93,autre,14
141,Rachid,Khdmo nas.. Mtkhliwch bnadm ysayn bswsy3,2024,7,28,0.43,autre,40
141,Y8N YT,Ce n'est pas sympa,2026,7,28,0.0,autre,18
141,Mohamed matrouf,Non reputation aceuilante,2018,7,30,0.0,autre,25
141,DALIL brahim,Bon service,2023,7,29,0.92,attente en agence et personnel,11
141,وكالة كاش بلوس المسيرة,La3ya,2023,7,29,0.54,autre,5
141,killer boss,Longue attente,2022,7,29,0.57,attente en agence et personnel,14
141,Old Gold,J'ai attendu 2 heures,2023,7,29,0.54,autre,21
141,Moha Bari,Excellent,2022,7,29,0.96,autre,9
141,AYOUB ayoub,Toujours bondé,2023,7,29,0.75,autre,14
141,Mohamed Mahboubi,Ok correct,2022,7,29,0.47,autre,10
141,Issam Ben Mohimd,Mauvais service,2023,7,29,0.57,attente en agence et personnel,15
141,Rgige Abdilah,incroyable,2019,7,30,-0.49,autre,10
141,Mamane Bijoux,Bab Mallah Médine,2019,7,30,0.51,autre,17
142,Safaa Essahraoui,L’agent était désagréable et ne donnait pas les infos clairement. Pas contente du service nul nul nul 👎🏻👎🏻👎🏻👎🏻,2025,12,30,-0.77,attente en agence et personnel,110
142,Anas Bahid,"Je suis extrêmement déçu par le manque de professionnalisme et l'incompétence des agents de cette agence. Le service est médiocre, aucune résolution n'a été apportée à mes problèmes, et des informations erronées ont été communiquées aux clients. Cette expérience a été profondément décevante ❌️❌️",2025,9,1,-0.93,attente en agence et personnel,296
142,oxdev one,Déçu par la qualité de service. L'agent en charge n'était pas à la hauteur en termes de réactivité et de clarté. Des améliorations à apporter pour éviter ce genre de désagrément à l'avenir.,2026,7,28,-0.43,attente en agence et personnel,189
142,Yousra k-b,"Le non-professionnel et l'incompétence des agents surtout de cette agence comme jamais vu. service nul, pas de résolution et ils communiquent de fausses informations au clients , très déçu",2022,7,29,-0.85,attente en agence et personnel,188
142,Amine Damoun,"Un service n'est pas la hauteur Un employé ""Achraf"" il n'a pas ni le respect our les clients ni l'attitude pour gérer les clients.",2022,7,29,0.0,attente en agence et personnel,130
142,Hicham,"Service médiocre, sur le site de Inwi on nous demande d aller à l agence, une fois a l agence l employé a sa propre version de comment les choses marchent, veux même pas écouter et fixe les règles.",2023,7,29,-0.43,attente en agence et personnel,197
142,PANG BATAM,"Très bonne équipe, le responsable d'agence est très réactif, compétent et de bon conseil. Je n'en dirais pas tant de certaines autres agences inwi.",2021,7,29,0.9,attente en agence et personnel,147
142,Saida Khanjer,Agent serviable mais système inwi pas à la hauteur des concurrents,2024,7,28,0.0,autre,66
142,Badr Dermoumi,"Service polis et vite, merci beaucoup 🥰",2022,7,29,0.63,attente en agence et personnel,39
142,Dounia Farah,le personnel est tres serviable,2020,7,29,0.56,attente en agence et personnel,31
142,B. Ig.,Bon lieu,2026,7,28,0.85,autre,8
142,P30 Pro,Service clients disponibles et intéressés,2024,7,28,0.73,attente en agence et personnel,41
142,K AE,Bon accueil,2026,7,28,0.95,attente en agence et personnel,11
142,Marocco TALBAJT,Sympa ET services bien,2020,7,29,0.92,autre,22
142,MOURAD,Équipe jeune et dynamique,2020,7,29,0.74,autre,25
142,Aasmae Benhssayne,Faible,2020,7,29,0.4,autre,6
142,Ghazwani Rahmani,Bon service,2020,7,29,0.92,attente en agence et personnel,11
142,Simo Elaasri,Mauvais service,2020,7,29,0.57,attente en agence et personnel,15
142,ZAKARIA EL HARCHAOUI,Bon service,2019,7,30,0.92,attente en agence et personnel,11
142,Oma yma,"Service client déplorable. À peine avais-je dit bonjour et posé poliment ma question que j'ai reçu une réponse extrêmement agressive, presque hurlante. Aucun désir ni capacité de fournir d'explications, et visiblement aucun intérêt à travailler.",2026,2,28,-0.91,attente en agence et personnel,245
142,KBZ,Un employé incompétent qui oriente les clients vers d'autres agences. Quelqu'un qui ne veut pas travailler et qui me demande d'aller dans une agence à 20 kilomètres de chez lui. Pour fuir.,2024,7,28,-0.76,attente en agence et personnel,188
142,Koulmen Ilyas,Le pire service client que j'aie jamais vu.  L'opérateur se comporte comme si on devait le payer juste pour qu'il nous parle.,2026,7,28,-0.62,attente en agence et personnel,125
142,Manal,"Service sympa, le gars sur place était trop accueillant et gentil. je recommande 👍",2026,7,28,0.75,attente en agence et personnel,82
142,Wax Msaali,"Mauvais service, même une étoile, ils ne la méritent pas",2024,7,28,0.5,attente en agence et personnel,56
142,Deco Marabesque,J'apprécie leurs services.  J'y suis allé pour faire rectifier des documents relatifs au service réseau.,2021,7,29,0.62,carte sim et réseau,104
142,Abdelghani Tokki,Bon service,2025,9,1,0.92,attente en agence et personnel,11
142,aziz mazouz,J'en étais content.  C'est marrant.,2020,7,29,-0.49,autre,35
142,Salah Charadi Hadij,Bon service.,2019,7,30,0.95,attente en agence et personnel,12
142,Tarik TOUFIK,Comme,2020,7,29,0.75,autre,5
142,ممدوح محسن,Service rapide,2026,7,28,0.73,attente en agence et personnel,14
142,mourad charif,Carrière,2019,7,30,0.53,autre,8
142,soufiane taraoui,✌🏻✌🏻✌🏻,2022,7,29,0.42,autre,6
143,alain pal,"Personnel accueillant. Cependant,  les offres sont differentes de celles proposées sur internet d'une part et à Casablanca d'autre part de plus les prix pratiqués lors de ma visite sont difficilement justifiables, 250 MDH a Casablanca, 750 MDH à Marrakech pour une offre inférieure. Très discutable...",2026,1,29,-0.59,attente en agence et personnel,301
143,Yassine Touilila,"Cela fait plus d’un mois et jusqu’à présent, aucun technicien n’est venu installer les équipements de la fibre optique, malgré les deux réclamations que j’ai déposées auprès de cette agence. Ce qui est étonnant, c’est qu’on m’a déjà envoyé",2025,10,31,-0.69,internet fibre et box,239
143,akabli ismail,Tes bon service rien a reprocher,2026,3,30,0.83,attente en agence et personnel,32
143,didi hind,"Très mauvaise agence, très mauvais opérateur. Je ne le recommande pas.",2025,10,1,-0.96,attente en agence et personnel,70
143,Samir Alchaar,"Une excellente entreprise de télécommunications offrant des services performants à des prix avantageux. La qualité du réseau est bonne, et le service client ainsi que les abonnements sont rapides et pratiques. Leurs prix sont compétitifs,",2026,3,30,0.98,facturation et prix,238
143,Youssef Elhoust,"La pire entreprise avec laquelle j'ai jamais eu affaire. Ils font n'importe quoi, empruntent du matériel aux voisins et prétendent que c'est de la fibre optique.",2025,10,1,-0.64,internet fibre et box,161
144,Amel,"Très mauvaise agence. Le vendeur fait une erreur mais c’est quand même au client de payer. C’est inadmissible. Je demande le même forfait que mon ancien forfait, et il m’a mit un autre",2026,3,30,-0.98,carte sim et réseau,184
144,yahya nadif,Pourquoi un numéros si il est toujours éteint et pourquoi un horaire si vous toujours ferme ?,2026,5,29,-0.62,autre,93
144,ghizlane farouk,Service nul et aucune réponse,2025,10,1,0.0,attente en agence et personnel,29
144,Othman Oumouss,"Le service était déplorable et les explications étaient inexistantes. Cette entreprise est une véritable bande de voleurs et d'escrocs. J'ai payé 250 dirhams par mois pour le Wi-Fi, et après 20 jours, j'ai découvert que je devais débourser 361 dirhams supplémentaires pour Inwi et Orange. Ils sont pires que vous.",2026,4,29,-0.94,attente en agence et personnel,313
144,Chef Simo,Service nul,2025,10,31,-0.45,attente en agence et personnel,11
145,Andree Sartis,Cette agence n'ouvre pratiquement jamais aux heures d'ouverture et le système informatique est souvent en panne. Il a fallu que l'on vienne 3 fois avant de pouvoir payer mon abonnement,2019,7,30,-0.63,facturation et prix,184
145,med taher,service zéro et null ds cette agence,2024,7,28,-0.46,attente en agence et personnel,36
145,EL RHOUL MED,Très bien,2026,7,28,0.99,autre,9
145,AHMED HMIDDOUCH,Inwi nuuuuuuul Non recommandés Services zeros,2023,7,29,0.0,autre,45
145,omar el aabdallaoui,J'ai passer  à côté et du magasin,2020,7,29,0.57,autre,33
145,GG 13,personnel très accueillant je recommande,2020,7,29,0.9,attente en agence et personnel,40
145,Ismail Boussaboune,Je crois que c'est fermé,2019,7,30,-0.65,autre,24
145,El hafyan Khalid,Acceuil désagréable malheureusement,2020,7,29,-0.91,autre,35
145,سارة حمامة السلام,Bien,2019,7,30,0.75,autre,4
145,Taib Mouhssine,Mal service,2021,7,29,0.37,attente en agence et personnel,11
145,Aziz Elhafyan,Rachid,2018,7,30,0.62,autre,6
145,Hafid El gaamouch,1/10,2022,7,29,0.51,autre,4
145,Adil Ramadane,Catastrophe,2026,7,28,-0.7,autre,11
145,MideMikeSunX,Service réseau 0 -0 ... 7ssen sedo l'agence,2026,5,29,0.39,attente en agence et personnel,43
145,Aziz,"C'est trop lent et assurez-vous de recevoir votre commande immédiatement, n'attendez pas, sinon vous risquez de vous faire arnaquer et de perdre votre argent.",2026,7,28,-0.53,facturation et prix,158
145,David Hatch,Des gens très sympathiques ! Excellent service ! Généralement très rapide. Climatisation ! Ils parlent anglais aussi.,2022,7,29,0.97,attente en agence et personnel,117
145,Oussama Bana,"Malheureusement, une agence a échoué. L'un des employés ne répond pas aux normes requises.",2026,7,28,-0.85,attente en agence et personnel,90
145,Abdellah H'maidouch,Mauvais service,2026,1,29,0.57,attente en agence et personnel,15
145,Rida Gouyghanimn,service 00 khdit men 3endhom wahd idar duo 5 jours oma khadamch tan mchi 3endhom,2020,7,29,0.5,attente en agence et personnel,80
145,Abd rahmane Barwane,Ce fut une expérience formidable et un succès.,2024,7,28,0.98,autre,46
145,Deco Marabesque,"Franchement, ils ne donnent pas toutes les informations, leur service est déplorable.",2021,7,29,-0.72,attente en agence et personnel,85
145,PLAY _ZR,Hhh wifi tlmghrib,2024,7,28,0.44,internet fibre et box,17
145,عبدالغني حكوم,Niveau inacceptable avec les clients,2022,7,29,0.39,autre,36
145,Freerun Opa,"Toujours serviable, parlant anglais",2021,7,29,0.55,autre,35
145,Simo Simo,www.,2019,7,30,0.47,autre,4
145,Savo Sabati,Bonne chance,2020,7,29,0.95,autre,12
145,bruno ellade,Petit mais professionnel,2019,7,30,0.69,autre,24
145,KIdr REdty,Pour le remplissage,2019,7,30,0.6,autre,19
145,Nizar Aouatif,Mauvais service..,2021,7,29,0.54,attente en agence et personnel,17
145,Jamal Twis Tata123456789,marhabzn,2019,7,30,0.41,autre,8
145,youssef yo,Jmili,2020,7,29,0.62,autre,5
145,Ghazwani Rahmani,Négatif,2020,7,29,-0.7,autre,7
145,Houda Kanaoui,Correct,2021,7,29,0.5,autre,7
145,Radouane Allam,incroyable,2018,7,30,-0.49,autre,10
146,Amed Abdo,Service clients nulle,2023,7,29,-0.57,attente en agence et personnel,21
146,Maria Krasnova,"Nous payons de l’argent, mais nous n’obtenons pas de service.",2026,7,28,-0.46,attente en agence et personnel,61
147,HB,"Si vous voulez être déçu, vous êtes à la bonne adresse. Personnel incompétent, et service médiocre  À fuir !",2026,2,28,-0.63,attente en agence et personnel,108
147,Mir4culouslyy Mir4culous,La fille qui y travaille a une très mauvaise attitude. On a l'air qu'on vient la déranger dans son agence. 😂,2022,7,29,-0.98,attente en agence et personnel,108
147,Saida Khanjer,Désolant que ce genre de service existe...mauvaise équipe + sim cart indisponible dans une agence inwi!!,2024,7,28,-0.96,attente en agence et personnel,104
147,AMA GARDEN Lynda,Nul j'ai demandé une assistance depuis 1 mois et jusqu'à aujourd'hui je n'ai rien eu,2022,7,29,0.0,autre,84
147,Rachid ELLAOUNI,Pourquoi donner un numéro de téléphone qui n'existe pas ??!!,2026,7,28,-0.49,service client et assistance,60
147,Meriem Laassibi,Je remercie yassine pour son service ainsi son acceuil,2021,7,29,0.68,attente en agence et personnel,54
147,soufiane taraoui,Very nice employe,2022,7,29,0.98,autre,17
147,Nouh EL AFAOUI,abonnement,2018,7,30,0.48,facturation et prix,10
147,Med Dardour,Merci asmaa pour ton aimable accueil et ton service irréprochable,2026,7,28,0.78,attente en agence et personnel,65
147,mokhtar soumair,"Oh, ça va vite ici, c'est petit, comme on dit en allemand, mais ça va. Il y a un arrêt tout près, même le Marjane. J'ai demandé au chauffeur ce que « inwi » signifiait ou était censé signifier, et il m'a dit que ça avait un rapport avec les souhaits, les souhaits qui se réalisent. Je n'ai aucune idée de comment « inwi » y parvient.",2026,3,30,-0.43,autre,333
147,Ya El,"Service déplorable et escroquerie de la part du personnel de l'agence. Ils m'ont induit en erreur en me faisant croire que mon abonnement iDar Duo avait été résilié et ont repris mon appareil. À ma grande surprise, la facturation et la",2026,4,29,-0.91,attente en agence et personnel,235
147,Mohamed Adarraz,"Service très médiocre. L'agent ne nous a pas fourni les informations correctes concernant les offres. Il ne savait pas exactement quand le technicien viendrait, mais a dit juste demain ou après-demain. Aucun technicien ne nous a été envoyé",2026,7,28,-0.58,internet fibre et box,239
147,Jan Van vaerenbergh,"16h, personne en vue  je vais manger",2025,10,31,-0.39,autre,36
147,Adaoud Noureddine,Il y a du clientélisme dans la transaction,2020,7,29,-0.44,autre,42
148,Hiba Alaoui,Service nuullll de chezz nullll Le personnel qui balance des mensonges dans l’air Service client PIRE ENCOREE,2026,7,28,-0.54,attente en agence et personnel,109
148,S piment,"agence dans un quartier populaire, l'agence mal équipée, les conseillés ne connaissent pas leurs produits, les expats sont là, nous allons bien les former, daoudiate mérite mieux.",2024,7,28,-0.83,attente en agence et personnel,179
148,Badr-eddine Laamyem,Pour les clients de tout le quartier c est important d avoir une agence dans ce lieu.surtout en plein avenue allah en tfaqsi.,2020,7,29,0.72,attente en agence et personnel,125
148,Soulaimane Fadili,Bon emplacement Service bien Des gens sympas et bien discipliné,2019,7,30,0.93,attente en agence et personnel,63
148,Réda Chaouf,Merci pour l'accueil et la gentillesse de la vendeuse.,2023,7,29,0.97,attente en agence et personnel,54
148,Y O (“Yohnny”),Le meilleur reste a venir,2018,7,30,0.8,autre,25
148,mourad charif,bien,2020,7,29,0.96,autre,4
148,Kouta Mostafa,Des efforts à faire,2020,7,29,0.65,autre,19
148,JB,Attention ! Ce vendeur ne donne pas d’informations honnêtes. Il essaie de vous induire en erreur en vous faisant accepter des offres inutiles assorties de frais cachés.,2026,7,28,-0.74,attente en agence et personnel,168
148,Abderrahmane Semmoum,"0/10, mauvais service",2024,7,28,-0.84,attente en agence et personnel,21
148,soufiane taraoui,C'est bon,2022,7,29,0.97,autre,9
148,Ihsan Mouhadab,Nuul,2022,7,29,-0.41,autre,4
148,My Abdelaziz HADIGUI,Inwi,2022,7,29,0.52,autre,4
148,MUSTAPHA AIT BENDRA,Parfait,2023,7,29,0.8,autre,7
148,Mr Abdul,Service médiocre 😞,2022,7,29,0.63,attente en agence et personnel,18
148,Noureddine elbouz,Avec un,2020,7,29,0.62,autre,7
149,قناة تائب للمقاطع الدعوية .,Les services sont lents,2023,7,29,0.5,autre,23
152,Moha Med,"Je tiens à exprimer toute ma satisfaction concernant l’assistante. Elle se distingue par son professionnalisme, sa disponibilité et son sens de l’écoute. Toujours souriante et réactive, elle sait répondre avec précision et efficacité aux",2026,2,28,0.8,service client et assistance,237
152,Tariq Echchetoui,"Service na9s bzzzzzzzzzzzzzzzf , on a un problème au niveau de router fibre optique pendant plus que +15j , (une semaine d'aller retour a l'agence ) sans retour sans visite technique sans diagnostic sans rien .",2026,5,29,-0.61,attente en agence et personnel,210
152,Mamouche,Très bonne service,2025,10,1,0.96,attente en agence et personnel,18
152,Abdelghafour Bouchettou,Service (0)😏,2025,9,1,0.5,attente en agence et personnel,12
154,mehdi saad,"Agence qui ferme ses portes pour une periode indetermineè pour dejeuner , agents desagreable .",2026,1,29,-0.77,attente en agence et personnel,94
154,Fahd Abounabl,"Employé grossier, la dame est un peu accueillante mais le gars est tellement grossier",2026,1,29,0.83,autre,85
155,Mohamed El Manzal,"Le Service est nulle, comportement nulle des agents",2026,4,29,-0.8,attente en agence et personnel,51
155,Jaouad Elgraoui,Service médiocre,2026,4,29,0.66,attente en agence et personnel,16
157,Mariam Boukhriss,"Malheureusement, une dame travaillant chez Inwi, boulevard Pasteur, ne souhaitait visiblement pas accomplir son travail. J’ai attendu près de 30 minutes pour entendre simplement , j’ai terminé, veuillez attendre qu’un autre collègue soit",2026,2,28,-0.67,autre,237
157,Mohammed Ahmiri,Je suis très déçu du service d'Inwi. J'ai un problème avec mon abonnement qui n'a pas été résolu malgré mes multiples tentatives de contact. Le manque de réactivité et de suivi est vraiment frustrant. J'espère que l'entreprise prendra des mesures pour améliorer son service client.😡😡😡😡😡,2026,7,28,-0.97,attente en agence et personnel,286
157,Ikram Boussmadi,Je suis extrêmement déçu par le service clientèle de cette agence Inwi. J'ai récemment eu un problème avec ma carte CIM qui a été bloquée et donnée à une autre personne sans mon consentement. Malgré mes multiples tentatives pour récupérer,2026,7,28,-0.96,attente en agence et personnel,238
157,Hafid Saoud,Service nul et délai d'attente trop long,2023,7,29,-0.47,attente en agence et personnel,40
157,Ayoub Boulidat,Ça ce passe bien malgré il y a un peu de retard,2024,7,28,0.73,autre,47
157,Ahmad Seck,"Ils ont règles mon problème de portabilité, et il m'ont appelé pour la confirmation",2023,7,29,-0.45,autre,83
157,Nizar benouicha,manque du personnel il faut attendre trop pour contacter le commercial,2020,7,29,-0.68,attente en agence et personnel,70
157,Khalid Khalladi,"Service nul, couverture du réseau est complètement nul.",2023,7,29,-0.58,carte sim et réseau,55
157,KAHOUACH HOUSSAIN,"Ils ne répondent jamais au téléphone, services zéro pointé.",2018,7,30,-0.42,service client et assistance,59
157,Driss Idrissi Yadini,Société de télécommunication qui use d'astuces malicieuses pour tromper ses clients,2022,7,29,-0.53,autre,83
157,Mohamed Benmira,Ils ont un bon service merci inwi,2021,7,29,0.93,attente en agence et personnel,33
157,Salah BEKKARI (‫البكاري صالح‬‎),Agence Inwi sor  lm3gazine.,2019,7,30,0.48,attente en agence et personnel,27
157,K B (Kb),Toujours trop de monde,2023,7,29,0.6,autre,22
157,Mohamed Sehlane,Bon service,2024,7,28,0.92,attente en agence et personnel,11
157,Mohamed ElMehdi,Non professionnel,2021,7,29,0.0,autre,17
157,Ali Rhoulimi,Bien,2022,7,29,0.75,autre,4
157,خالد فوزي,Bonne,2020,7,29,0.95,autre,5
157,younes younes,Bonne journée,2020,7,29,0.94,autre,13
157,N. Zaraali,Procédures compliquées,2018,7,30,0.53,autre,22
157,Driss Idrissi Yadini,Agence de télécommunication,2022,7,29,0.45,attente en agence et personnel,27
157,A V,"Le personnel était très aimable et serviable, mais les chaises étaient extrêmement inconfortables : sans dossier ni coussin. Je n'y suis restée que 10 minutes et je l'ai ressenti, alors je n'imagine pas comment le personnel peut gérer des",2026,1,29,0.0,attente en agence et personnel,238
157,MaHmOuD Bouzid,"Je suis allé demander une carte ESM, mais on m'a dit qu'elle n'était pas disponible et on m'a conseillé d'aller dans un autre organisme. Là-bas, on m'a demandé de revenir. À mon retour, ils n'ont pas répondu à ma demande.",2025,12,30,-0.48,autre,221
157,Souhail El Amrani,"Agréable et propre mais il y avait une fille qui travaillait là-bas qui criait sur les gens, elle n'est pas du tout professionnelle, travailler dans un endroit comme celui-là demande beaucoup de patience 🤔",2026,1,29,-0.49,autre,205
157,Silver Q,"Je donnerais zéro si je pouvais.  Le service est super lent, khdamin b zez, j'attends depuis une éternité, nidam walu",2026,3,30,0.6,attente en agence et personnel,117
157,Önder Özkan,Ils ne valent pas une étoile.,2026,3,30,0.0,autre,29
157,Mohamed Chliyah,"Le personnel n'est pas accueillant, mieux vaut choisir un autre magasin.",2026,3,30,-0.59,attente en agence et personnel,72
157,Montasser MEJDOUBI,Très mauvaise agence... il n'y a que 2 agents et il faut attendre longtemps pour juste un petit service,2025,12,30,-0.96,attente en agence et personnel,103
157,ABDULLAH ALGHAMDI,Excellent et solide filet et service merveilleux ✅,2026,1,29,0.95,attente en agence et personnel,50
157,youssra tribak,"Le service client de l'agence est déplorable, tant en termes de rapidité que de professionnalisme. Le personnel est extrêmement lent, prenant entre 20 et 30 minutes par personne, alors que l'attente est longue. Veuillez améliorer vos services ou remplacer le personnel.",2025,9,1,-0.76,attente en agence et personnel,269
157,Bouchouf Omar,"Bonjour à tous, je peux vous dire que c'est de loin la pire agence que j'aie jamais vue ! C'est à cause du personnel.",2022,7,29,-0.69,attente en agence et personnel,117
157,Lamia Missiria,Une très mauvaise équipe 🙃,2026,1,29,-0.96,autre,26
157,Selim Abiriga,Mauvais service,2026,3,30,0.57,attente en agence et personnel,15
157,Derek Giroulle,"Deux conseillers clientèle disponibles, service médiocre. J'ai dû souscrire un abonnement au lieu d'une formule prépayée, mais rien n'était disponible. Dans ce bureau, les gens viennent régler leurs factures.",2023,7,29,-0.39,attente en agence et personnel,208
157,A B K H,Makn propose des services de facturation mensuelle postpayée et est accessible aux personnes en fauteuil roulant.,2023,7,29,0.61,autre,113
157,MOHAMMED IDRIS,Très mauvais. Ces femmes hommes,2023,7,29,-0.96,autre,31
157,omar eissa,super magasin omar a été très serviable et a répondu à toutes nos questions !,2021,7,29,0.92,autre,77
157,ossaka boom,Franchement. Ils sont tellement lents ! J'y perds beaucoup de temps pour rien. Ils devraient penser à accélérer les affaires.,2020,7,29,-0.51,autre,125
157,PANDA- MAN,Cela ne mérite même pas une étoile.,2026,7,28,0.0,autre,35
157,Anoir BH,"J'ai besoin d'un routeur wifi aujourd'hui, le 30 avril, est-ce possible ?",2021,7,29,-0.44,internet fibre et box,73
157,CaramelisedGuy,Le service client est vraiment déplorable.,2017,7,30,-0.87,attente en agence et personnel,42
157,Chakhseya bariza,"Ici, on vous traite très bien.",2020,7,29,0.95,autre,30
157,Mohamad Awkan,Bon endroit,2020,7,29,0.88,autre,11
157,youssef Iich,"Honnêtement, sa gestion est nulle.",2015,7,31,-0.65,autre,34
157,Safae Laabas,service médiocre,2023,7,29,0.64,attente en agence et personnel,16
157,Ibrahim Bianconeri,Inwi est une grande agence de télécommunications,2021,7,29,0.73,attente en agence et personnel,48
157,otman andaloussi shop,Khaiba,2023,7,29,0.58,autre,6
159,Othmane,Inadmissible il répondent pas au téléphone je prend une puce elle est toujours pas activé.  Depuis hier personne ne répond au téléphone.  C est scandaleux,2025,10,31,-0.85,service client et assistance,154
159,Yacine Sakri,Le service client 0,2026,2,28,0.52,attente en agence et personnel,19
159,Emma,N’existe plus,2026,3,30,0.0,autre,13
159,Yahya Yahyaoui,Bonne traitement trop professionnel service rapide,2022,7,29,0.96,attente en agence et personnel,50
159,Abdellah BAKKALI,Bon accueil,2026,7,28,0.95,attente en agence et personnel,11
159,Mustapha Ououtari,Entreprise sans valeur. Ils refusent même de payer la facture. Le système est soi-disant hors service.,2025,11,30,-0.8,facturation et prix,102
159,Anna James,"Expérience catastrophique ! En tant que touristes cherchant de l'aide pour une nouvelle carte SIM dans un pays étranger où nos téléphones ne fonctionnaient pas et où nous avions besoin d'une connexion Internet, la vendeuse nous a proposé",2026,7,28,-0.97,carte sim et réseau,237
159,Dr Simed,"Si je pouvais mettre moins d'une étoile, je le ferais. Catastrophique.",2026,2,28,-0.77,autre,70
159,Oumaima Haizo,Le personnel est désagréable et ne répond à aucune question de manière logique.,2025,10,1,-0.53,attente en agence et personnel,79
159,Mohamed Hassouni,Service très médiocre,2026,2,28,0.67,attente en agence et personnel,21
159,Soulaiman Moumen,Il n'y a rien de bon là-dedans.,2025,12,30,0.0,autre,31
159,Zad Elfassy,Ouverture à 9h  Sur Google,2026,7,28,0.53,autre,26
159,Sabir Mouaad,Il n'y a absolument aucun réseau.,2024,7,28,0.0,carte sim et réseau,33
159,mechbal2,Bon accueil,2026,7,28,0.95,attente en agence et personnel,11
159,Abdel Bzt,C'est bon,2023,7,29,0.97,autre,9
159,Othman Hemimd,Bon service,2021,7,29,0.92,attente en agence et personnel,11
159,OUSSAMA HD,"Merci, j'ai l'intention",2023,7,29,0.73,autre,23
159,Bilal Ag,bien,2023,7,29,0.96,autre,4
159,Abdsamad L3askri,"Mes frères, cet endroit est fermé maintenant.  N'y allez pas, vous perdrez votre temps.",2026,7,28,-0.6,autre,87
160,Katia M,Je n’arrive même pas à Poste D’avis tellement il y a aucun réseau avec cette puce que je ne recommande absolument pas. De plus je me fais harceler par les messages de l’opérateur. 50 fois par jours c’est horrible réseau a fuir !!!!!,2024,7,28,-0.83,carte sim et réseau,232
160,Atae ZEKRI,Excellent accueil et top professionnel 👍🏻 Droit au but 👍🏻,2026,7,28,0.94,attente en agence et personnel,57
160,ghizlane MAIMOUNE,Couverture moyenne,2018,7,30,0.45,autre,18
160,Abdel MalIK,Numéro de téléphone faut,2022,7,29,-0.58,service client et assistance,24
160,Said Souab,Manque de .......,2026,7,28,0.4,autre,17
160,Lila Kerroum,"Le vendeur m'a tout expliqué sans problème, car je suis quelqu'un de difficile. Internet fonctionne bien et je n'ai rencontré aucun problème ces deux derniers mois.",2026,7,28,-0.45,attente en agence et personnel,164
160,Cem Egrikavuk,Il nous a facturé 200 dirhams pour 40 Go. Nous avons ensuite compris qu'il avait installé le forfait de 20 Go à 100 dirhams et empoché le reste.,2024,7,28,-0.53,carte sim et réseau,144
160,Chris G,49 dirhams pour 11 Go + 2 heures d'appels - très pratique pour les touristes,2025,9,1,0.73,autre,76
160,Lina Naradine,"Un employé incompétent, désagréable et paresseux, est revenu plusieurs fois sans résoudre mon problème concernant ma carte Inwi.",2026,7,28,-0.8,autre,128
160,ken diment,Endroit sympa et facile pour obtenir votre carte SIM illimitée à seulement 249 Dirhams par mois,2024,7,28,0.74,carte sim et réseau,95
160,ossaka boom,Service très lent 😴 Ils devraient apprendre à sourire 😃,2026,7,28,0.61,attente en agence et personnel,55
160,HAMID (BOLOGNA),"Évitez le type à l'intérieur, il ne se soucie pas vraiment des intérêts du client, le plus important pour lui est de gagner de l'argent.",2021,7,29,0.0,facturation et prix,136
160,تركي فهد,Un employé se plaint de la lenteur du serveur.,2019,7,30,-0.59,autre,46
160,Omar El Gholebzouri,Service exceptionnel,2024,7,28,0.51,attente en agence et personnel,20
160,marion mourad,très mauvais,2021,7,29,-0.91,autre,12
160,Abdellatif Oukhyi,bien,2024,7,28,0.96,autre,4
160,Ahmed Baiti,d'accord,2019,7,30,0.59,autre,8
160,Said Kamal,Mauvais service,2020,7,29,0.57,attente en agence et personnel,15
160,la contessa,Mauvais emplacement !,2024,7,28,0.66,autre,21
161,mohamed zaoui,"Très mauvaise connexion ! J'ai pris l'abonnement IDar, la connexion est catastrophique, les techniciens sont incompétents et le service clientèle se moque de vous, il vous font tourner en rond.",2026,3,30,-0.99,carte sim et réseau,193
161,The Fadwaa,"Bonjour, j'ai acheté un i-DAR Duo pour la connexion, car il n'y a pas de branchement de fibre dans notre région. Je suis allé chez Inwi à Marjane route de rabat  pour avoir plus d'explications. La personne qui était là ne m'a rien expliqué",2026,7,28,-0.4,carte sim et réseau,239
161,Farid Belmouden,"Le numéro de téléphone affiché n’est pas attribué,  pour un opérateur téléphonique c'est n’est pas sérieux du tout.",2025,10,31,0.0,service client et assistance,115
161,brahim benabail,Un très bonne service comme même deux fois je me suis rendez la bas pour des problème au niveau de mon modem. Les gens à l'accueil au service de client,2023,7,29,0.9,attente en agence et personnel,151
161,Houda Loudiyi,Enfin un agent inwi qui est poli et explique bien.,2026,7,28,0.67,autre,50
161,said yahya,Service clientèle agréé par INWI maroc,2019,7,30,0.45,attente en agence et personnel,38
161,MONSEF SEBBAR,Faux Numéro,2025,10,31,-0.63,autre,11
161,Me Is me,Nul,2026,7,28,-0.4,autre,3
161,Pun Pun,Service nul.,2026,7,28,-0.52,attente en agence et personnel,12
161,Miftah Echame,Bon service,2020,7,29,0.92,attente en agence et personnel,11
161,abdellatif meziati,bien,2019,7,30,0.96,autre,4
161,Bilal Elbattioui,"Nul ,..........",2024,7,28,-0.5,autre,15
161,Khalid Douahri,Bon service,2019,7,30,0.92,attente en agence et personnel,11
161,Hams Drie s,"Aucun service après-vente, seulement des ventes. Très mauvais.",2026,4,29,-0.89,attente en agence et personnel,62
161,CHETIOUI Mohamed,Le pire service que j'aie jamais vu !  Je n'arrive pas à y croire !,2024,7,28,-0.75,attente en agence et personnel,67
161,Rasko Linkov,Service excellent. Un monsieur très poli et respectueux.,2025,10,1,0.98,attente en agence et personnel,56
161,abderrahmane zaki,Aucun service.,2023,7,29,0.0,attente en agence et personnel,14
161,Issam Elimrany,Bien,2021,7,29,0.75,autre,4
162,Loubna ELKHATIR,Très bon service,2024,7,28,0.98,attente en agence et personnel,16
162,Boukhoubza,Excellent service de la part du responsable de l'agence ; accueil chaleureux et professionnel.,2024,7,28,0.98,attente en agence et personnel,94
162,عالم طبخ,L'agence Inwi met à notre disposition tous ses services essentiels pour nous proposer les meilleures offres.,2021,7,29,0.89,attente en agence et personnel,108
162,Said Elmajjaoui,Un bon accueil de la part de M. Zakaria,2026,7,28,0.98,attente en agence et personnel,39
162,Mouhssin Ch,bien,2023,7,29,0.96,autre,4
162,mohamed samadi,Bien,2024,7,28,0.75,autre,4
162,otmane souraj,Bien,2021,7,29,0.75,autre,4
162,Bilal Day,Vivre en paix,2026,6,30,0.86,autre,13
163,OMG WORLD,"Une très mauvais expérience dans cette agence! La demoiselle commerciale n’a aucune compétence , ni accueil ni service. Je déconseille 👎",2026,7,28,-0.95,attente en agence et personnel,136
163,Hajar El bakkali,Il s’agit pas de l’agence inwi😤,2025,10,1,0.0,attente en agence et personnel,31
163,Abdellah Darmouch,Bon conseil,2020,7,29,0.91,autre,11
163,Abdel illah Fouad,Agence de télécommunication comme les autres.,2020,7,29,0.42,attente en agence et personnel,45
163,Safae el,Mauvaise expérience à ce jour,2026,5,29,0.5,autre,29
163,عبدالإله الشاط,"Excellent ! Bienvenue à tous ! Des services excellents, pratiques, rapides et économiques, conformes aux normes requises. Bienvenue à tous à nouveau !",2026,7,28,0.99,autre,150
163,Imad IG,"L'employé qui sert les clients ment à ces derniers, les maltraite et ne leur donne pas suffisamment d'informations ; le service est déplorable.",2021,7,29,-0.91,attente en agence et personnel,143
163,Elhaddad Safae,bien,2026,4,29,0.96,autre,4
163,Elyamlahi med said,Service déplorable.  M. Lee Khaddam est un parasite qui court après le client.,2020,7,29,-0.89,attente en agence et personnel,78
163,Mohamed Limama,"Le service client n'est pas pertinent, les transactions sont incomplètes, pour être honnête.",2021,7,29,-0.63,attente en agence et personnel,92
163,Yassine Ben zahra,d'accord,2026,5,29,0.59,autre,8
163,Ali Yousfi,Prix ​​injustes et service déplorable,2019,7,30,-0.84,attente en agence et personnel,37
163,Mohamed Afazaz,Il n'y a de force ni de puissance qu'en Dieu.,2023,7,29,0.0,autre,45
163,Mohamed Benyounes,Le pire service de fraude,2023,7,29,-0.81,attente en agence et personnel,25
163,Hilal Akhrif,J'aime ça,2019,7,30,0.85,autre,9
163,YOUSSEF CHENTOUF,bel endroit,2020,7,29,0.64,autre,11
163,Omar Elazhari,Assistance clientèle à Inwi,2020,7,29,0.66,autre,27
163,Muhamed bnh,Parfum Prestige in Black,2020,7,29,0.66,autre,24
163,solamane M (“Maroc”),Solaimane hobi212,2019,7,30,0.65,autre,17
163,محمد البشري,Bien,2019,7,30,0.75,autre,4
163,otman andaloussi shop,Momtaz,2021,7,29,0.47,autre,6
163,Soulaiman Halhouli,Les services sont médiocres.,2020,7,29,0.52,autre,28
163,Abdmoumin El Mossati,Peut,2019,7,30,0.45,autre,4
164,Rachid Farhane,Très mauvaise expérience dans cette agence. Le service est vraiment médiocre : aucun professionnalisme et personne ne prend le temps d’accompagner ou d’expliquer correctement.,2026,3,30,-0.97,attente en agence et personnel,175
164,Ali Dje,"Le panneau à l'entrée de la boutique, ainsi que la page Google affichent une ouverture en continu de 9h à 20h.",2025,11,30,0.49,autre,110
164,Thomas Le BOURHIS,Emplacement mal indiquée : la boutique est dans la gare,2026,1,29,-0.87,autre,55
164,transfert royal,Service déplorable ne respecte pas ces engagements a fuire,2026,1,29,-0.72,attente en agence et personnel,58
164,Dba,Vendeuse pas pro du tout,2026,3,30,-0.41,autre,24
164,Ismael MAA,"Ça n'existe pas, c'est un mensonge.",2025,10,31,-0.47,autre,35
165,abdelkrim filal,"Service nulle, j'ai voulu faire un abonnement internet ADSL, une fille travail là-bas comme si ne travaille pas chez INWI, un client de plus ou de moins elle s'en fou.",2022,7,29,-0.77,internet fibre et box,167
165,Boubacar Boiro,Depuis mon arrivée au Maroc j'ai toujours la puce Inwi c'est une bonne agence et ils ont une bonne couverture de réseau mais je demande à la direction d'augmenter la capacité du WiFi à la maison pour qu'on puisse regarder les chaînes normalement,2021,7,29,0.9,carte sim et réseau,245
165,SOUKAINA EL BORDIJI,Service nulle 🅾️,2026,1,29,-0.52,attente en agence et personnel,16
165,Saad.T,Pad serviable du tt. Ne rep po qu tel...,2019,7,30,0.38,autre,40
165,Wiam ayrir,Employés très serviable et toujours présents,2020,7,29,0.83,autre,44
165,abdelfattah ELMENSSOUFI,Très bon service,2019,7,30,0.98,attente en agence et personnel,16
165,Mohamed Ennaji Oudghiri Idrissi,Services moyens,2026,7,28,0.6,autre,15
165,zakaria dissouri,Mauvaise services,2024,7,28,0.6,autre,17
165,rachid rachid,Bien,2018,7,30,0.75,autre,4
165,Brahim Patron,Brahim haddad,2019,7,30,0.58,autre,13
165,Mohammad Hamdan,👍👍👍,2022,7,29,0.42,autre,3
165,Bouchra Benhammad,Manque de personnel,2024,7,28,0.49,attente en agence et personnel,19
165,aves hicham,Tanger,2019,7,30,0.52,autre,6
165,Adel El,Tanger mesnana,2019,7,30,0.5,autre,14
165,Said Sahim,"Pas de carte Rizo de tous côtés, pas de service, pas de Ziz",2026,2,28,0.0,attente en agence et personnel,59
165,Mohamed Slwani,"Malheureusement, le service est déplorable. Le réseau est extrêmement faible et, deuxièmement, si vous appelez le service client, l'attente est d'une demi-heure, et même alors, personne ne répond. De plus, en cas de problème de connexion",2022,7,29,-0.9,attente en agence et personnel,237
165,Zouhair Benben,"Le service est déplorable, ils laissent les gens attendre dehors.",2026,2,28,-0.91,attente en agence et personnel,65
165,MOHSIN MD,"Bien située à l'intérieur du marché de M'sannane, à côté de la station de taxis. L'agence est plutôt petite, mais elle remplit parfaitement sa fonction.",2022,7,29,0.43,attente en agence et personnel,152
165,andallah chouaib,"Ils ne vendent ni téléphones, ni ordinateurs portables, ni rien d'autre, mais les employés sont gentils et très serviables.",2021,7,29,0.0,autre,123
165,Khalida Ataoui,Des relations de haut niveau et un service haut de gamme,2026,7,28,0.69,attente en agence et personnel,56
165,Zaro9 Sofiane,Merveilleux. Et le client est par ailleurs une personne très cultivée et serviable.,2022,7,29,0.87,autre,83
165,YOUSSRA ACHAMLAL,"Il était censé être ouvert aujourd'hui comme indiqué, mais au lieu de cela, il est fermé",2026,7,28,-0.61,autre,88
165,youssef sbai,"Malheureusement, nous constatons souvent que les serveurs ne fonctionnent pas.",2022,7,29,-0.76,autre,78
165,Xiaomi A5,"Malheureusement, l'agence a besoin de plus de personnel et de plusieurs renforts.",2019,7,30,-0.65,attente en agence et personnel,81
165,Abdlmalik Sbai,"Un employé de Lagoons, à Msenia, n'est pas à la hauteur.",2022,7,29,0.0,autre,56
165,Mohamed El Fassi,"Bon traitement, personnel plus que bon, mes salutations",2021,7,29,0.98,attente en agence et personnel,55
165,ابو عبيدة الطنجاوي,Confort et absence de fumée - excellent,2020,7,29,0.94,autre,39
165,Khalid Boudairi,Bian,2026,7,28,0.5,autre,4
165,news divers mohammed,Le meilleur pack,2026,7,28,0.89,autre,16
165,Youssefe tawnati شاد ستون,Très bon et merveilleux endroit,2019,7,30,0.98,autre,31
165,Sayed Abd El Rahman El Maleh,Absolument magnifique et splendide,2020,7,29,0.92,autre,34
165,Knowme,Bon service,2024,7,28,0.92,attente en agence et personnel,11
165,hamza abakali,Numéro de téléphone incorrect,2022,7,29,-0.67,service client et assistance,29
165,A y o u b i N A I M i,Faible communication avec les clients,2024,7,28,0.51,autre,37
165,Fahsi Ben Sellam Mouad,Boutique de réseaux ISP et téléphoniques,2018,7,30,0.57,autre,40
165,guts senpai,Je n'ai aucune idée,2021,7,29,0.0,autre,19
165,Mouad EL BERKANI,Parmi eux se trouve le menteur,2022,7,29,0.45,autre,30
165,mark widdo,Service zérooooo,2023,7,29,0.57,attente en agence et personnel,16
165,Hajar Elouardy,Bien,2020,7,29,0.75,autre,4
165,You Ak,👎👎,2022,7,29,0.42,autre,2
165,tumeurs tout,Gouda,2023,7,29,0.57,autre,5
165,Zakaria Agbalou,normale,2022,7,29,0.5,autre,7
165,Zakaria Fes,Décoré,2022,7,29,0.5,autre,6
165,عبد الرحمان الركابي,Mazyan,2019,7,30,0.55,autre,6
166,Investa Tanger,"Mauvaise connexion ADSL. Nouvelle mise à jour 18:octobre 2025 16h20: je téléphone au service client qui me fait faire des manipulation sur le routeur, pour ensuite me raccrocher au nez.",2026,1,29,-0.66,internet fibre et box,185
166,Yasmina Elj,"Service catastrophique ! Hotspot 5 GHz totalement inutilisable, 2,4 GHz instable, et l’opérateur ne propose aucune solution fiable. Pour le prix qu’on paye, c’est honteux. Zéro fiabilité, zéro considération pour les clients",2025,12,30,-0.87,attente en agence et personnel,223
166,Macha Maria,Service assez lent. Laisse à désirer,2019,7,30,0.52,attente en agence et personnel,36
166,Hassan Rahimine (“‫رحمين‬‎”),Faible,2023,7,29,0.4,autre,6
166,m f,non professionnel,2023,7,29,0.0,autre,17
166,Yassine Douass,Bien,2021,7,29,0.75,autre,4
166,Mourad Souri,Lieu inaccessible,2021,7,29,0.47,autre,17
166,El ketami Abderrafie,"J'ai payé la facture, mais on ne m'a pas donné le reçu et on m'a dit que la facture avait été réglée. J'ai été surpris de constater que la ligne n'était pas connectée. Lorsque j'ai appelé le 220, on m'a dit que la facture n'avait pas encore été payée.",2026,7,28,-0.6,facturation et prix,251
166,عبدالإله الشاط,Cette photo représente le centre de traitement des toxicomanies de Bir Shifa.,2020,7,29,0.59,autre,77
166,Ya pumpkin spice latte,"Endroit facile à repérer, le service était bon",2020,7,29,0.96,attente en agence et personnel,46
166,Pedro J Sanchez,"Agence d'opérateurs de téléphonie mobile, Maroc",2021,7,29,0.48,attente en agence et personnel,47
166,Khaddari Adil,Bonne agence,2024,7,28,0.94,attente en agence et personnel,12
166,Hajoui Ben,Personnel actif et à jour,2020,7,29,0.64,attente en agence et personnel,25
166,simo znaydiya,Inwi,2020,7,29,0.52,autre,4
166,abdellatif meziati,d'accord,2019,7,30,0.59,autre,8
166,Mok Mad,mauvais traitement,2024,7,28,-0.87,autre,18
166,aghola ahmed,Des services distinctifs,2019,7,30,0.67,autre,24
166,YOUSSEF CHENTOUF,bien,2020,7,29,0.96,autre,4
167,Gzbr Gzbr,J’ai payer 300 dh de carte SIM pour avoir internet sauf qu’il s’avéra que la vendeuse s’est mis 100 dh dans la poche à tanger 3chouma,2025,10,31,-0.58,carte sim et réseau,133
167,nadia Lalan,Ce commentaire est pour la boutique du ferry tanger med et pas pour cette agence. Lors de nôtre arrivé au maroc nous avons acheté 2 cartes sim et pris un forfait,2026,7,28,0.5,carte sim et réseau,161
167,Marouan Khattabi,La dame voilée qui y travaille est très compétente. Elle  explique en détail et avec fluidité les droits et obligations du contrat ainsi que l'aspect technique. Merci,2022,7,29,0.82,autre,166
167,Anthony Desbonnet,Je n’ai rien acheté mais la responsable m’a très bien renseigné.,2026,7,28,0.46,autre,64
167,soukayna Benjelloun,Il y a très peu d'agences inwi c'est la seule au niveau du centre ville,2022,7,29,-0.48,autre,71
167,DINTA DTS,5/5 rien a dire la bonne personne au bon endroit,2019,7,30,0.91,autre,48
167,Chakib Tetouani,Le commercial est un type gentil,2019,7,30,0.44,autre,32
167,mo mo,Toujours le même message et la même réponse. Désolé.,2021,7,29,0.48,autre,52
167,الجديد عادل,Bon service,2026,7,28,0.92,attente en agence et personnel,11
167,Zerieuh Abdelmonim,Super,2020,7,29,0.78,autre,5
167,Karima Mardy,Service nul,2020,7,29,-0.45,attente en agence et personnel,11
167,Selim Abiriga,J'ai été sans internet pendant 6 jours,2026,3,30,0.0,autre,38
167,Diogo Saraiva,"Malgré mes efforts pour résoudre mon problème de carte SIM, il persistait. C'est de ma faute, je ne parle ni français ni arabe.",2024,7,28,-0.77,carte sim et réseau,127
167,Vlada AKA VK,"Les horaires d'ouverture ne correspondent pas au planning. Le vendredi, tout est fermé. Ils ne respectent pas leurs clients.",2025,10,1,-0.6,autre,124
167,Ziko Chan,Hassan Al-Mu'amalah,2020,7,29,0.58,autre,19
168,Anad Jemo,On s'est faite arnaquées par les 3 filles. On a demandé seulement de la connection à 100dirhams et on nous facturé appels et internet pour 200dirhams. On a protesté mais elles n'ont rien voulu savoir. Aucun scrupule. Hasbinallah wa ni3mawakil.,2025,10,1,-0.74,facturation et prix,243
168,Hamza Lahlimi,"Vous faites l'annonce de la vente de carte e-sim alors que vous ne les avez plus depuis plus de 3 mois, affaire très peu professionnelle",2025,11,30,-0.5,carte sim et réseau,136
168,SAFAE SITTEL (‫صفاء‬‎),Le manque de professionnalisme est clairement démontré par le staff dernièrement.,2023,7,29,-0.79,autre,81
168,JACKY AMAR,Agréable et professionnel 👍😎,2025,10,31,0.67,autre,28
168,Ahmed Elgartili,Pas mal,2024,7,28,0.41,autre,7
168,Mr. Potter,Ça a ete parfait,2022,7,29,0.81,autre,16
168,Marouane Abdelmoumen,Merciii,2022,7,29,0.7,autre,7
168,Aziz en nanei,Super,2020,7,29,0.78,autre,5
168,Mohamed Meknes,"Je me suis rendu en magasin samedi à 19h pour désactiver mon abonnement téléphonique. À l'accueil, j'ai trouvé un responsable et lui ai demandé si je pouvais désactiver temporairement mon numéro jusqu'à lundi. Il m'a répondu que le service",2026,4,29,-0.53,attente en agence et personnel,239
168,Josef Pschierer,"Nous sommes allés à la boutique hier et avons acheté deux cartes SIM pour notre voyage au Maroc. M. Bakkali nous a donné d'excellents conseils dans un anglais parfait, a activé les cartes SIM immédiatement et les a testées. Malheureusement,",2026,7,28,0.72,carte sim et réseau,240
168,Mostafa,"La jeune femme qui travaillait là-bas avait le téléphone pointé vers moi, mais elle ne pouvait pas parler. Deux étoiles seulement pour le type qui a réussi à me donner le numéro du service client d'Inwi.",2024,7,28,0.0,service client et assistance,203
168,Yassin Shark,"Service waloo, ila bghiti t9ad chi haja kola mara ayb9a ygolik ghada ila ssewelti 3la chi haja makijawbch ga3, o nsseb 3liya f contrat d wifi 7diw rasskom",2023,7,29,-0.41,internet fibre et box,154
168,Imrane El bakouri,Quel âge avez-vous ?  Service walo,2026,7,28,0.4,attente en agence et personnel,34
168,otman andaloussi shop,M3lahxi,2023,7,29,0.54,autre,7
168,SAM ART,Ils ne laissent pas les problèmes de côté et ils ne vous accordent pas votre temps.,2022,7,29,0.0,autre,83
168,Aziz Chaz,Bon traitement,2022,7,29,0.86,autre,14
168,abdo ah,bien,2024,7,28,0.96,autre,4
168,ismail Gaffa,Beau,2023,7,29,0.59,autre,4
168,Youssef Ibn Sarhir,bien,2019,7,30,0.96,autre,4
169,mohamed zaoui,"Une honte , Boutique fermée aux heures d'ouverture !",2026,3,30,0.73,autre,52
169,Brahim Meknassi,Bon services,2023,7,29,0.93,autre,12
169,عبدالإله الشاط,"L'endroit en lui-même, mais aussi ma propre entreprise, ont une multitude de problèmes, et personne n'écoute.",2020,7,29,-0.59,autre,109
169,عبدالإله الشاط,Il ne sera pas inquiété. Je ne connais pas cet endroit.,2020,7,29,0.0,autre,55
169,mymazigha_bilal&hakim _IBM_arifi_inou,Ay_newi&inexistant Inwi(mymazigha_IBM_ماي مازيغا_ع.ب.م,2020,7,29,0.44,autre,54
169,Elotmani Mohammed,Service excellent et traitement de qualité,2019,7,30,0.96,attente en agence et personnel,42
169,Mostafa Sanida,Meilleur magasin Inwi,2026,7,28,0.9,autre,21
169,سميرة الحناوي,"Oui, bien",2020,7,29,0.94,autre,9
169,Anas Fly,Excellent service,2022,7,29,0.95,attente en agence et personnel,17
169,Gallouj Ali,Super,2022,7,29,0.78,autre,5
169,Touman_kun,bien,2020,7,29,0.96,autre,4
170,Boukhoubza,Il ya de changement.....,2022,7,29,-0.46,autre,24
170,Haitout Zakaria,Lieux inexistant,2026,7,28,-0.41,autre,16
170,Reda kodad,Il n'y a pas d'agence ici !,2026,4,29,0.0,attente en agence et personnel,27
170,Ayoub,Il n'y a rien ici,2024,7,28,0.0,autre,17
171,abder nouri,ADSL loin de la réalité,2023,7,29,-0.38,internet fibre et box,23
171,Aissa Courriel,Bon accueil et bon services,2019,7,30,0.98,attente en agence et personnel,27
171,FERDAOUS,Bon service,2026,7,28,0.92,attente en agence et personnel,11
171,CaramelisedGuy,"Ils n'en ont pas ici ! RIEN ! Pas de cartes SIM vides pour récupérer son numéro, pas de modems, pas de smartphones à vendre, juste des babioles sur les étagères ! Beurk !",2019,7,30,-0.82,carte sim et réseau,170
171,Ghaidaa Alkhouly,"Le service client était très respectueux et calme, et le personnel était toujours souriant.",2024,7,28,0.86,attente en agence et personnel,91
171,khatib badre,Vérifiez-le.,2019,7,30,0.56,autre,12
172,Sara Ghz,Ne prends pas la temps de donner des explications claires sous prétexte qu'il y a beaucoup de monde. A éviter.,2026,7,28,-0.46,autre,110
172,Saad rifai,Il n'y a pas de professionnalisme au travail et un mauvais suivi,2022,7,29,-0.62,autre,64
172,Mounir Benaouda,mal organisation par employé et Fausses promesses.,2022,7,29,-0.79,autre,50
172,Ahmed Raji,Bon service,2026,7,28,0.92,attente en agence et personnel,11
172,Si mohammed Zeifri,5/5,2024,7,28,0.57,autre,3
172,gro max,Toujours disponibles,2020,7,29,0.54,autre,20
172,déco élec,"L'agence Inwi Al Awama propose tous les services de la société Inwi Communications, ainsi que les services Internet et Wi-Fi. Elle se distingue par la variété de ses offres, adaptées aux besoins de chaque client, à des prix attractifs et",2019,7,30,0.9,attente en agence et personnel,237
172,abdelhakim el guennouni,💕Rimi,2021,7,29,0.42,autre,5
172,Ammuri,"Aucun service, malheureusement",2021,7,29,-0.87,attente en agence et personnel,30
172,ABDERRAHIM BARDDAN,Mieux,2021,7,29,0.58,autre,5
172,Hah Vah,xf,2019,7,30,0.43,autre,2
172,A B K H,bien,2022,7,29,0.96,autre,4
173,Dieter Kossack,"Attention ! C’est la première et unique fois que je me fais arnaquer : j’ai acheté deux cartes SIM à la vendeuse, une avec 20 Go de données et l’autre avec 50 Go. Je les ai payées 250 + 200 dirhams, sans reçu ni facture. J’ai vérifié auprès",2026,4,29,-0.46,carte sim et réseau,240
173,meryem marrakchi benjaafar,Mauvaise expérience avec l agence et même inwi n a pas pris en charge ma réclamation.  Je ne recommende pas inwi,2023,7,29,-0.52,attente en agence et personnel,112
173,abdelfattah ELMENSSOUFI,Bon service,2020,7,29,0.92,attente en agence et personnel,11
173,Alex Wells,"Service impeccable de cette agence. Rien à redire, et le service après-vente du représentant Inwi a été excellent. Si vous avez besoin d'une carte SIM pour votre séjour au Maroc, n'hésitez pas à vous rendre dans cette boutique.",2024,7,28,0.83,attente en agence et personnel,227
173,abdelouahab zahidi,Bon service ! Personnel attentionné et attentionné !,2025,11,30,0.99,attente en agence et personnel,52
173,youssef balahloul (BALHNOUD),Accord au niveau 👍,2025,12,30,0.47,autre,18
173,Morad Name.naciri,mourad.naciri..wade.kirmane.no.33.amerah..keseba.tanger.maroc,2020,7,29,-0.8,autre,61
173,bander mohammed,Excellent service de la part de l'employé,2019,7,30,0.97,attente en agence et personnel,41
173,Fathia Glaoui,Agence téléphonique normale,2020,7,29,0.48,attente en agence et personnel,27
173,mohammed admi,👍🇲🇦💪👍,2026,7,28,0.42,autre,5
173,عمار اليعقوبي,L'aide est ici,2020,7,29,0.77,autre,14
173,Mohamed Chebaby,Itzy,2020,7,29,0.62,autre,4
173,Ahamed Bakali,Bon service,2020,7,29,0.92,attente en agence et personnel,11
173,King TARIK,En haut,2026,7,28,0.59,autre,7
173,Mohamed Anas,Fil de fer à Tanger,2022,7,29,0.52,autre,19
174,mohamed zaoui,La boutique est fermée alors qu'il est 14h50,2026,3,30,-0.6,autre,44
174,Reda kodad,Très mauvais accueil,2026,4,29,-0.94,attente en agence et personnel,20
174,Abdallah Adidi,ferme avant l heure,2019,7,30,0.39,autre,19
174,Ahmed Elgartili,Pas d'agent comptents,2024,7,28,0.0,autre,21
174,Mehdi Halabi,Mauvais réseau généralement,2024,7,28,0.52,carte sim et réseau,27
174,Ahmed Raji,Bonne Service,2026,7,28,0.95,attente en agence et personnel,13
174,samira khamamme,Ils ne traitent pas avec vous et ils ne travaillent pas pour vous.,2026,5,29,0.0,autre,66
174,Melinoe Morana,"Le type qui travaille là-bas ne respecte absolument pas les horaires de travail ; à chaque fois que j'y vais, l'agence est fermée et je finis par attendre longtemps.",2026,7,28,-0.46,attente en agence et personnel,165
174,mohamed fadli,"Parfois, il manque des choses importantes, comme une nouvelle carte pour récupérer son numéro de téléphone.",2018,7,30,-0.47,service client et assistance,107
174,Mouad Issa,Les heures de travail sont tellement longues 🤬🤬🤬,2024,7,28,-0.4,autre,48
174,Francisco Sánchez Sanz,Ils se consacrent au vol de téléphones en Europe,2020,7,29,0.57,facturation et prix,48
174,ismail dessin,😠,2021,7,29,0.42,autre,1
174,Daniel GM,Ils vendent des téléphones portables volés,2024,7,28,-0.56,autre,42
174,majid ben si ali,lieu proche,2020,7,29,0.47,autre,11
174,samirovtch word,Tu es zéro.,2019,7,30,0.42,autre,11
174,نقيد العقاب,incroyable,2018,7,30,-0.49,autre,10
175,mohamed zaoui,"Très mauvais accueil, pas du tout professionnel.",2026,3,30,-0.92,attente en agence et personnel,48
175,steve lorans,"Des standards médiocres et un manque de respect envers les clients, comme si c'était leur propre entreprise.",2026,7,28,-0.8,autre,108
175,عبدالإله الشاط,"D'excellents services au niveau requis, mais nous aspirons toujours à être de mieux en mieux",2020,7,29,0.91,autre,92
175,Add Cloud,Mauvais style ou plutôt pas à la hauteur de l'accueil des clients.,2024,7,28,0.0,attente en agence et personnel,66
175,Riyad Aoulad ben ayad,Ils contiennent du t9ahhbn,2026,4,29,0.43,autre,26
175,Amine Dinar,LE PIRE DE TOUS LES TEMPS !,2025,9,1,0.61,autre,27
175,Mouhssine Kaddouri,très bien,2021,7,29,0.97,autre,9
175,Ayoub DAHMAN,Mauvaise affaire,2019,7,30,-0.49,autre,16
175,Mouad Loco,Très bien,2018,7,30,0.99,autre,9
175,Issam samadi,Le meilleur agent du monde,2020,7,29,0.96,autre,26
175,Med Ilyass Faniri,Succursale de la société Inwi,2020,7,29,0.57,autre,29
176,Sarah Shabbir,"Publicité mensongère : boîtier vakaw acheter 300 dhs + 300 dhs pour le rechargement pour avoir une connexion illimité , une des vendeuses me dis que l’offre est toujours disponible à tout moment , quand je suis retourné les voir pour",2026,5,29,-0.5,carte sim et réseau,233
176,H Rb,Ne prenez pas inwi si vous êtes dans la région de Mahdia ! Réseau nul ! Et service client 1/10. Leurs seul but est de prendre votre argent !,2026,5,29,-0.76,carte sim et réseau,140
176,Mostafa Meliani,Bien que l'agence est située dans un quartier dynamique il manque de moyen pour mieux servir les clients pas de TPE pas de payement par carte bancaire,2020,7,29,-0.56,attente en agence et personnel,150
176,Rajae Qf,le numéro mentionner est erroné,2026,7,28,-0.78,autre,31
176,Mohamed Ouajdi,tjrs probleme de resau,2019,7,30,-0.54,autre,22
176,Mathilde Sh',Tjr fermé  où  pas d réseau,2023,7,29,-0.37,carte sim et réseau,27
176,Abdo Mr,Bonne accueil,2024,7,28,0.96,attente en agence et personnel,13
176,Abdellatif El Bouanani,Pas mal,2023,7,29,0.41,autre,7
176,Hafida Moussaoui,J’aime pas,2024,7,28,0.47,autre,10
176,nice music,Mauvaise service de clientèle,2018,7,30,0.54,attente en agence et personnel,29
176,kaoutar gamraou,Pas de chaises,2023,7,29,0.43,autre,14
176,Hedoma Groupe,Ouverte jusqu'à 20:00,2020,7,29,0.46,autre,21
176,Elasri NaouFal,Médiocre,2022,7,29,0.56,autre,8
176,Mohammed Rida GRIR,service nul,2024,7,28,0.0,attente en agence et personnel,11
176,J Z,Magasin de téléphone mobile,2019,7,30,0.65,service client et assistance,27
176,Ayoub Lumiere,Bon service,2026,7,28,0.92,attente en agence et personnel,11
176,JALAL WARDI,Pas mal,2019,7,30,0.41,autre,7
176,Mohammed Sihi,Service,2020,7,29,0.57,attente en agence et personnel,7
176,erissay,Agence INWI!,2017,7,30,0.49,attente en agence et personnel,12
176,ARRAHMOUNI SANAE,Masters avec 4 et ils recherchent sur Google ce qu'ils font actuellement,2026,4,29,0.53,autre,72
176,القدس عربية و الصحراء مغربية,"Tout s'est bien passé, j'ai reçu l'aide que j'attendais.",2020,7,29,0.82,autre,56
176,Hassan Elmoqaddam,Merci pour ces cartes 4G Inwi,2018,7,30,0.94,carte sim et réseau,29
176,mehdi sahli,Nuuuuuul,2026,7,28,0.46,autre,8
176,Youssef EL OMRANI,Bon niveau,2023,7,29,0.92,autre,10
176,Ayman Kibou,Beau,2026,7,28,0.59,autre,4
176,Yousra B. André,Service correct !,2019,7,30,-0.38,attente en agence et personnel,17
176,Jalal Hosny,Service de déménagement,2024,7,28,0.59,attente en agence et personnel,23
176,Iliasse Youssef,Profitez avec Inwi,2022,7,29,0.67,autre,18
177,med amin,Très bonne service Agent très serviable,2023,7,29,0.96,attente en agence et personnel,39
177,aabaslama Abdelmounim,Petite agence de banlieue,2020,7,29,0.49,attente en agence et personnel,25
177,Rac Bel,Bon service,2020,7,29,0.92,attente en agence et personnel,11
177,Alian mssbb,"Une très mauvaise expérience. J'ai tenté à plusieurs reprises de transférer mon numéro d'un autre opérateur vers Inwi auprès de cette agence, en raison d'une erreur dans mes informations personnelles enregistrées chez mon ancien opérateur.",2026,5,29,-0.98,attente en agence et personnel,239
177,Amine Sbaihi,"Nous avons passé un séjour exceptionnel dans cet hôtel ! L'accueil était chaleureux, le personnel très serviable et la chambre confortable et impeccable. J'ai adoré la vue depuis ma fenêtre et le petit-déjeuner était délicieux.",2024,7,28,0.86,attente en agence et personnel,227
177,اسرار صحة الجمال والجسد,"Que la paix soit avec toi, mon frère Majid. Ton ami Sufyan m'appelait. Tu m'as donné une carte de crédit de 20 Go hier, mais aujourd'hui, quand j'ai rechargé, je n'ai eu que 5 Go. Je ne comprends pas. L'appel a duré une heure. Peux-tu",2021,7,29,-0.55,carte sim et réseau,234
177,عبدالله بويه abdellah bouih,"Agence Inwi, Rue Ibn Al-Haytham, District d'Al-Inbaat, Province de Tabriquet, Salé, Maroc",2019,7,30,0.47,attente en agence et personnel,89
177,مسوق الكتروني,"Monsieur Li, j'ai un gentil domestique là-bas.",2021,7,29,0.44,autre,46
177,fetah lmohajire,Vous pouvez les gérer,2019,7,30,0.49,autre,21
177,Marwane Elammri,Merci pour l'aide.,2026,7,28,0.97,autre,18
177,مجبور 22,👌👍,2024,7,28,0.42,autre,2
177,Adil Aziz,Hahahahaha,2020,7,29,0.6,autre,10
177,Gretchen Ethan,Ça allait,2021,7,29,0.4,autre,9
177,youssef el hanbali,mauvais service,2022,7,29,-0.85,attente en agence et personnel,15
179,Tydesign Ko,Services catastrophique,2026,2,28,-0.64,autre,23
179,ismail EL OUIZGANI,Passage février 2026 Ce gars est incompétent incapable de me dire les bonnes informations suite à une résiliation,2026,7,28,0.59,autre,113
180,Mostafa Meliani,"La seule agence Inwi de ce quartier malheureusement l'employé de cette agence ne rend pas un bon service, il manque de compétence, son comportement et son attitude font de lui une personne indésirable, aussi en matière de performance professionnelle il est très faible.",2019,7,30,-0.91,attente en agence et personnel,269
180,Zayd M'barki,Service trés mauvais! Perte de temps et de nerfs.,2023,7,29,-0.98,attente en agence et personnel,49
180,Houda Mrhili,Bon comportement,2024,7,28,0.87,attente en agence et personnel,16
180,ABDELLAH SALMI,L'agence et le centre névralgique nécessitent une carte VIA et un smartphone.  Mon établissement est bien équipé et le personnel est compétent. Venez nous rendre visite !,2024,7,28,0.76,attente en agence et personnel,170
180,Zakaria Ezzine,Ici vous pouvez vous abonner ou payer toutes vos factures (Nw) en plus de certains appareils électroniques tels que les téléphones....,2019,7,30,0.48,facturation et prix,134
180,Themo,La meilleure expérience dans les entreprises de télécommunications avec inwi,2026,7,28,0.91,autre,76
180,Mido Benaroube,Des individus frauduleux ayant un intérêt purement commercial,2022,7,29,-0.73,autre,61
180,Good luck,Le pire service,2026,7,28,-0.47,attente en agence et personnel,15
180,Fouad Kenitramaroc99,Service moyen,2024,7,28,0.57,attente en agence et personnel,13
180,Younes Khoubaz,Service impeccable 💯💯,2024,7,28,0.46,attente en agence et personnel,21
180,nawfal hamdi,Kk,2022,7,29,0.38,autre,2
180,Younes mahdi,Beau,2023,7,29,0.59,autre,4
180,mi ohamed,excellent,2020,7,29,0.97,autre,9
180,AutoMoto GARAGE,Bon service,2023,7,29,0.92,attente en agence et personnel,11
180,Zaime Abdelghani,Quelque chose,2024,7,28,0.4,autre,13
180,Benhamdia Hamza,Mauvais,2019,7,30,0.52,autre,7
181,oum sunyas Djem,"Accueil parfait , insaf m’a réglée ma box wifi sans soucis et le magasin propose plein de chose en papeterie que mes enfants ont beaucoup aimé , équipe honnête et efficace je recommande vivement et je comprend les 5 étoiles merci beaucoup",2025,11,30,0.7,internet fibre et box,238
181,Karl Burkamp,Personnel agréable et sympathique ! Nous avons eu internet illimité pour 200 DHM. Je recommande vivement. Il y a un parking à quelques mètres.,2026,7,28,0.49,attente en agence et personnel,142
181,Sascha Hörr,Nous avons reçu une aide précieuse pour l'achat d'un forfait data mensuel. Une équipe très sympathique. Merci 💖,2026,7,28,0.84,carte sim et réseau,111
181,JANEMBA,Le service était déplorable. Je ne recommanderais jamais ce centre.,2026,7,28,-0.83,attente en agence et personnel,67
183,Zou Zou,Service nul genre d agent commercial qui connaît tout mais qui ne rend pas service dn fin de compte,2021,7,29,0.0,attente en agence et personnel,99
183,Amine Aaboud,J'AI JAMAIS VU UN SERVICE AUTANT NUL QUE CELUI DE VOTRE AGENCE,2023,7,29,0.53,attente en agence et personnel,62
183,Elias,Agence de quartier correct. Agent sympathique. RAS,2024,7,28,-0.46,attente en agence et personnel,50
183,Plana Vid,Bon service top opérateur au maroc,2020,7,29,0.89,attente en agence et personnel,34
183,ABDELOUAHED EL KABILY,P cv,2020,7,29,0.43,autre,4
183,Mustapha Bouzinab,Très sympa !!,2019,7,30,0.82,autre,13
183,Cookies Apockaa,"C'est la pire agence Inwi que j'aie jamais vue. Je ne recommande à personne d'y aller. Allez plutôt à celle du boulevard Medina, elle est bien meilleure.",2026,7,28,0.51,attente en agence et personnel,153
183,Abdulkareem Ibraheem Abdulwahab (Albadawiy),Assez compétents  Ils sont assidus,2019,7,30,-0.59,autre,34
183,Mohamed Louikili,Excellent service et résolution des problèmes des clients en toute simplicité,2020,7,29,0.92,attente en agence et personnel,77
183,Zerieuh Abdelmonim,Très mauvais service du vendeur,2023,7,29,-0.97,attente en agence et personnel,31
183,Soukaina na,Nuuuuuul,2023,7,29,0.46,autre,8
183,Alami Hamdi,Jawal,2023,7,29,0.52,autre,5
183,Youssef Benhammou,Très bien,2021,7,29,0.99,autre,9
183,Mohsin Tanger,CVS I..,2019,7,30,0.46,autre,7
183,Bilal Akalay,Service excellent,2019,7,30,0.96,attente en agence et personnel,17
183,Ahmed Raji,Merci,2024,7,28,0.86,autre,5
183,Yassir Mrabet,dormir,2019,7,30,0.51,autre,6
184,Othmane Bentayeb,"Service client très décevant. Mon problème dure depuis plus d’un mois sans solution concrète. À chaque appel, je reçois la même réponse sans aucun suivi réel. Je ne recommande plus cette entreprise et je conseille aux gens de réfléchir",2026,4,29,-0.71,service client et assistance,235
184,Zorette,"UN GRAND merci à Khawla qui m'a solutionné un problème complexe. Sa maîtrise du français fut d'un grand secours. Merci à Kawta ,Zineb Et Sarah pour leur patience et leur sourire.",2026,5,29,0.8,autre,178
184,Omar Coffee,Agents à l'écoute et très patients (surtout avec mon coup de colère inapproprié) encore désolé et un grand merci à madame sara !!! mes respects .,2025,11,30,0.5,autre,145
184,Abdellatif ARAAI,Un mois pour installer la fibre optique et jusqu’à présent rien n’est encore arrivé,2025,11,30,0.0,internet fibre et box,83
184,Ousseine KARAMBIRI,Les agents sont très réactif 👍👍👍,2026,1,29,-0.75,autre,32
184,abdelaziz amine-sadik,Très mauvais service. Absence d'écoute client.et ne remontent pas les incohérences process et règles de gestion  métier.,2022,7,29,-0.97,attente en agence et personnel,120
184,Bernard Mamin,Un super accueil très compétent et super agréable un service au top merci au personnel de l’agence,2024,7,28,0.97,attente en agence et personnel,98
184,romano fabrizo,Je ne sais pas comment je peux retourner dans cet endroit alors que je suis si mal traité,2026,7,28,-0.61,autre,89
184,Hicham Aljiad,"Très bon service, agent aimable, à l'écoute et explique bien",2023,7,29,0.99,attente en agence et personnel,60
184,ali haloui,service nul,2026,2,28,0.0,attente en agence et personnel,11
184,fatimzahra labrim,mauvaise service,2019,7,30,-0.9,attente en agence et personnel,16
184,Chakib Elalaoui,Bien,2019,7,30,0.75,autre,4
184,chafik faramane,😡😡😡😡😡😡,2025,9,1,0.42,autre,6
184,Emy Hani alnomani,Je vous déconseille fortement de faire affaire avec cette entreprise. Ils ont intégré le réseau de fibre optique le 3 septembre et ne l'ont toujours pas mis hors service. Des habitants du même complexe résidentiel ont rejoint Orange Telecom,2026,2,28,-0.65,carte sim et réseau,240
184,Richard Garland,"Excellent service cette année encore, assuré par la vendeuse seule dans la boutique un samedi de forte affluence. INWI offre également une excellente couverture dans tout le Maroc.",2024,7,28,0.9,attente en agence et personnel,180
184,Ouafaa Gmih,"Le personnel, désagréable et arrogant, refuse de travailler  Note inférieure à 0",2024,7,28,-0.85,attente en agence et personnel,80
184,Yassine EL Hajoui,"Le service était excellent, merci 👍🏻",2026,7,28,0.97,attente en agence et personnel,36
184,Khalifa Khalifa,Service médiocre et plus cher que dans les autres agences Inwi,2024,7,28,0.53,attente en agence et personnel,62
184,Mus Ti,Bonnes affaires,2022,7,29,0.9,autre,15
184,Mustafa Kestane,Ravitaillement en carburant bon marché,2022,7,29,0.86,autre,38
184,الموقع الحالي محمد,Il a été achevé,2019,7,30,0.56,autre,15
185,rachid bouthim,"Incompétence des services,tjs problème du système. Vendredi tjs fermé a 15h.",2026,7,28,-0.48,autre,76
185,Omar Jrairi,"Opérateur INWI, khabbazat kenitra. Plusieurs choix de portables",2020,7,29,0.57,autre,63
185,السيدة لطيفة,Bon affaire,2023,7,29,0.93,autre,11
185,fouad arfa,Bonne service,2023,7,29,0.97,attente en agence et personnel,13
185,fouad bendenguir,Meilleure service,2021,7,29,0.93,attente en agence et personnel,17
185,Mohamed Laftouhi,Personnel au niveau.,2022,7,29,0.56,attente en agence et personnel,20
185,Fikri Fikri,chamaia,2020,7,29,0.5,autre,7
185,issam omari,top service,2018,7,30,0.84,attente en agence et personnel,11
185,Jasmin Gensch,"Service déplorable. Je souhaitais une offre de carte SIM spécifique et, au départ, le vendeur m'a assuré que ce n'était pas un problème. Après de nombreuses discussions, le prix a considérablement augmenté et je n'en voulais plus. Il m'a",2026,3,30,-0.67,attente en agence et personnel,237
185,نبيل بونويظرات,Peu fiable,2020,7,29,0.54,autre,10
185,Tahiri mohamed,bon service,2024,7,28,0.96,attente en agence et personnel,11
185,HAFID LablaQ,Très très bien,2019,7,30,0.99,autre,14
185,yahya aouadi,bien,2024,7,28,0.96,autre,4
185,وقل ربي زدني علما العلم نور والجهل عار,Service et traitement incomplets,2020,7,29,0.62,attente en agence et personnel,32
185,azid100,Beau,2021,7,29,0.59,autre,4
185,Raafet Ayachi,ennuyeux,2020,7,29,-0.7,autre,8
186,Serge Van Rompay,"Le service inwi est une véritable catastrophe, le temps d attente est beaucoup trop long,je comprend pas pourquoi inwi ne mets pas plus de personnel. Le minimum est d abord d avoir un service efficace et rapide. J arrive pas à comprendre ce système archaïque.",2026,7,28,-0.82,attente en agence et personnel,259
186,N. A.,"Attention ARNAQUE !!! un proche s'est rendu à cette agence pour payer sa facture, l'agent a encaissé le montant de la facture sans payer la facture.",2023,7,29,-0.61,facturation et prix,148
186,Aicha Guerraoui,"Vraiment , je suis très satisfaite de cette petite agence, et des services que propose mr Badr .il avait une grande patience et beaucoup de professionnalisme.",2026,7,28,0.92,attente en agence et personnel,158
186,Med Amine,J' ai trop apprécié leur service,2025,10,1,0.6,attente en agence et personnel,32
186,Anass Karine,Je suis allé chez cette agence qpres que la première me dit que son ilorilante est hors fonction. À la deuxième agence sis à avenue hassan II kénitra: mauvaise acceuil et mauvais traitement du client. J'ai voulu arrêter mon abonnement et le,2019,7,30,-0.96,attente en agence et personnel,240
186,youssef mohni,Service des années 90. Plus que 30 min pour une client.,2026,7,28,0.61,attente en agence et personnel,55
186,Kaoutar Marzouki Rougani,"Très bon service, le commercial est très accueillant et très coopératif",2021,7,29,0.99,attente en agence et personnel,71
186,amine ox ke,il n 'a pas inwi money et tu ne peut pas payé votre bille,2021,7,29,0.0,autre,57
186,mohammed kallouai,Absence de l’agent lors des heures de travail,2024,7,28,-0.45,autre,45
186,Rida Allah BELAKHMIMA,Bon service,2026,7,28,0.92,attente en agence et personnel,11
186,Fouad Elmarbouh,Passable dans l'ensemble,2019,7,30,0.71,autre,24
186,Sarah Shabbir,Arnaqueur,2023,7,29,0.48,autre,9
186,hassan zghari,Passable,2019,7,30,0.68,autre,8
186,Maareeiinnee Lzl,Accueillants,2019,7,30,0.53,autre,12
186,Azzedine Bernoussi,Bon service,2019,7,30,0.92,attente en agence et personnel,11
186,Fahad Algnidh,"J'ai les meilleurs opérateurs de télécommunications au Maroc, Inwi et Safi 🇲🇦",2026,2,28,0.94,autre,77
186,Anouar Ball,Excellent service. Le serveur était très compétent.,2023,7,29,0.97,attente en agence et personnel,51
186,Simon El,"Tellement peu professionnel, très impoli et irrespectueux.",2026,7,28,-0.92,attente en agence et personnel,58
186,Abdelilah Mhimdi,Service excellent,2026,7,28,0.96,attente en agence et personnel,17
186,Ben zouine,homme gentil,2022,7,29,0.57,autre,12
186,نبيل بونويظرات,Toujours le meilleur 😀😉,2019,7,30,0.88,autre,23
186,elbouhali essaid,Bon service,2026,7,28,0.92,attente en agence et personnel,11
186,Mohammed Sihi,Un cotr,2020,7,29,0.5,autre,7
186,fatima zahra,Utile,2026,7,28,0.61,autre,5
186,Edd Mourad,Hhh,2023,7,29,0.47,autre,3
186,Art by maro,Service t9iiiiiiiiiiiiiiiil,2022,7,29,0.58,attente en agence et personnel,27
186,Finn,"Employé très agréable, il parle même allemand.",2026,7,14,0.55,autre,46
187,Rach El,Le personnage a lunettes avec sa grosse tête. il se travestis à malabata,2025,11,30,-0.78,autre,72
187,Abderahim El boukhesyby,Atention atención  Des grand voleur.il von vous volé votre argen a fuire. ne jamai allé dans c'est agence. Tres mal polie.il insulte les etrangé .atention une equipe de voleur profesionel.il mon volé Atención atention a tous les etrangé venu d'europe.ne jamai allé dans c'est agence des profesionel du vol vous atende  pour vous volé,2021,7,29,-0.89,attente en agence et personnel,333
187,Rabiaa El mahboubi,"J’ai jamais vue des incapables comme cela, aucun professionnalisme, vous allez perdre votre temps et votre argent fuyez.",2024,7,28,-0.7,facturation et prix,120
187,Bonjour Bonsoir,"J’ai jamais vue des incapables comme cela, aucun professionnalisme, vous allez perdre votre temps et votre argent fuyez.",2023,7,29,-0.7,facturation et prix,120
187,Mohamed Boulakhrif,Bon cdc,2020,7,29,0.79,autre,7
187,Said Moubarek,Emplacement idéal et timing parfait.  Je vois des groupes de personnes faire leurs courses là-bas tous les jours.,2023,7,29,0.77,autre,113
187,Dr.MUSTPHA EZZAHID,C'est bon,2024,7,28,0.97,autre,9
187,Abdo 44,Traitement 0 (H et les enfants de L....),2022,7,29,0.41,autre,40
187,سميرة الحناوي,"Oui, je lui rends visite parfois quand je suis en voyage.",2020,7,29,0.5,autre,57
187,majid ben si ali,Un service pratique et rapide,2020,7,29,0.84,attente en agence et personnel,29
188,عثمان بوعيد,"Je vous conseille d'éviter la visite de cette agence puisque il existe une personne homme incompétent, il vous offre des informations insuffisantes pour orienter vos choix au lieu d'offrir des informations suffisantes. Donc faites attention",2026,7,28,-0.67,attente en agence et personnel,240
188,katty jam,Où sont les agents inwi ? 1h d’attente personne; à inwi Marjane idem : 2heures d’attente sans être servi. Pourquoi on embauche pas plus de monde surtout en période estivale ?! changer d’opérateur .,2026,7,28,-0.76,attente en agence et personnel,197
188,Michel,"Bonjour en tant que tourisme Français, je laisse mon avis, J'ai été en ville chez Inwi en Tétouan, un monsieur très professionnel et sympathique c'est occupé de moi en 15 minutes pour internet illimité c'est 200 Di sur place et 200 Di par",2024,7,28,0.7,autre,238
188,Fatima Hamda,"J'aurais donné 0 étoile, mais pas moyen!! Conseiller mal poli, ne veut même pas parler, je suis partie pour une offre wifi entreprise, il m'a dit qu'il ne le fait plus sous pretexte qu'il n'a pas envie!!!",2024,7,28,-0.82,internet fibre et box,204
188,Assistance Tetouan,C'est un simple shop 3m sur 2m presque réservé pour les demande de recharge Inwi carte et abonnement c'est tout,2018,7,30,0.47,carte sim et réseau,111
188,فضول,Nul agence,2026,1,29,0.36,attente en agence et personnel,10
188,Yasmina Akni,"Fuyez ! Ce sont de vrais voleurs ! Ils n'ont pas expliqué toutes les conditions générales, et quand vient le moment de résilier, ils vous font payer deux factures.",2026,7,28,0.51,facturation et prix,163
188,Mo El Yaichi,"Le magasin n'ouvre pas à 9h00. Les horaires affichés sont de 9h30 à 13h30 et de 16h00 à 20h00. Je suis arrivé à 9h00 car c'était indiqué en ligne. Une fois devant la porte, j'ai constaté que les horaires étaient différents. À 9h50, le",2026,7,28,0.0,autre,234
188,BADRY ABD ERRAHMANE,Peut être occupé mais peut offrir tous les services liés à inwi,2025,11,30,0.58,autre,63
188,samra Ba,"Service absolument horrible, service client déplorable, je changerai de fournisseur dès que possible !",2025,10,1,-0.94,attente en agence et personnel,102
188,Diaa Alhak EL FALLOUS,"Le pire qui puisse vous arriver, c'est de souscrire à un abonnement internet ADSL. Internet est inutilisable et le service est encore pire, surtout avec cet opérateur.",2023,7,29,-0.68,internet fibre et box,167
188,Taha Tabarani,Bon traitement,2024,7,28,0.86,autre,14
188,Bonnita Bartelings,Des gens bons et sympathiques,2026,7,28,0.97,autre,29
188,Hafsa Frihmatt,Comportement inapproprié,2026,7,28,-0.57,attente en agence et personnel,24
188,عبداللطيف المصمودي,moins,2024,7,28,0.48,autre,5
188,Ridwan Ridwan,Vendre des numéros de téléphone Inwi,2020,7,29,0.51,service client et assistance,36
188,Dina dina,bien,2020,7,29,0.96,autre,4
188,Mohamad Elghzaoui,Bon traitement,2022,7,29,0.86,autre,14
188,Mourad Zerkti,👎🏼👎🏼👎🏼👎🏼👎🏼👎🏼👎🏼👎🏼👎🏼👎🏼👎🏼👎🏼  Testahlo 0,2026,2,28,0.48,autre,36
188,Houda Nassir,bien,2020,7,29,0.96,autre,4
189,mohammed senhaji,"Le magasin ferme à 13h, alors que la page indique qu'il ferme à 18h",2026,1,29,-0.4,autre,67
189,Mourad Iberkdichen,Toujours système en panne aussi mauvais service,2026,1,29,-0.87,attente en agence et personnel,47
189,Éric Gilquin,"Accueil déplorable, les personnes au comptoir se prennent pour des supers stars directrice d'agence, elles sont hautaines et méprisantes, alors qu'elles ne sont que des vendeuses, et non pas des commerciales, puisque dans leurs métiers",2024,7,28,-0.81,attente en agence et personnel,235
189,Abdellah Arroub,"Aujourd'hui, je suis allé  pour savoir pourquoi la ligne Wi-Fi avait été déconnectée malgré notre dernière payement. L'employé a répondu que le système était en panne. Ce qui est étrange, c'est qu'après notre départ, j'ai remarqué qu'il",2022,7,29,-0.74,autre,236
189,Mouhcine MLIHI,"Le service clientèle n'est pas de bonne réputation. On se sent mal à l'aise dans une agence Inwi, mais je préfère les services digitaux proposés par Inwi, je parle de Win c'est le meilleur service au Maroc.",2020,7,29,-0.44,attente en agence et personnel,206
189,Music BEE,"Le service de cette agence est déplorable, service zero",2026,7,28,-0.86,attente en agence et personnel,55
189,amine sehlaoui,Système en panne tout le temps pour s’échapper au service des clients.,2026,7,28,-0.45,attente en agence et personnel,70
189,Mostafa Meliani,Service amélioré,2025,12,30,0.61,attente en agence et personnel,16
189,Hakim idrissi,"Faites attention quand vous prenez votre monnaie , je ne suis pas le seul à mettre fait voler",2020,7,29,-0.72,autre,93
189,mohammed kallouai,Excellent service de l’agent Azeddine,2024,7,28,0.93,attente en agence et personnel,37
189,briqat nour-eddine,Le chargé de clientèle ne respecte pas les clients.,2021,7,29,0.0,autre,51
189,Driss MEZIANE,Toujours mieux que IAM,2026,7,28,0.57,autre,22
189,majid bensellam,Un service lamentable,2026,7,28,-0.78,attente en agence et personnel,21
189,نبيل بونويظرات,Très mal,2020,7,29,-0.94,autre,8
189,Nina Walli,Un service de top,2026,7,28,0.85,attente en agence et personnel,17
189,Ilham Sahli,Bon service,2026,7,28,0.92,attente en agence et personnel,11
189,Abdelkbir Elbouhtouri,Paiement des abonnements pour l'opérateur inwi,2021,7,29,0.44,autre,46
189,Aziz Tamsna,Correcte,2023,7,29,0.52,autre,8
189,Hassan Souabni,Agence principale INWI.,2020,7,29,0.45,attente en agence et personnel,23
189,Morocco 2030,Bien présenté,2020,7,29,0.76,autre,13
189,zouhair jlila,Rien,2024,7,28,0.52,autre,4
189,Mustapha Bakkar,Fiable,2021,7,29,0.63,autre,6
189,M MNSR,Nul,2020,7,29,-0.4,autre,3
189,NIZARITO RBH,", ❤️",2020,7,29,0.39,autre,4
189,Univers descovry,Service médiocre,2020,7,29,0.66,attente en agence et personnel,16
189,Zaynab Edd,"Service déplorable. Accueil lamentable. L'agent ne m'a même pas laissé le temps d'expliquer mon problème et s'est empressé de me proposer une solution inutile pour éviter de travailler. Si vous détestez votre travail à ce point, changez-le",2026,7,28,-0.94,attente en agence et personnel,239
189,Sd Aat,"Cette agence, quand vous vous adressez à elle, Dieu vous apporte quelque chose qui arrivera directement chez vous. Service Zero00oooooooooooooo",2025,9,1,0.82,attente en agence et personnel,143
189,Kamal Elmallouki,Service inexistant. Ils ne vous accordent aucune attention. Ils cherchent juste à se débarrasser de vous au plus vite pour pouvoir se reposer.,2026,7,28,0.0,attente en agence et personnel,142
189,Khalid AlNafisah,Il n'y a qu'un seul employé.  Il n'y a pas de chaises pour les clients.,2026,7,28,0.0,autre,71
189,ahmed alhajji,Personnel très serviable,2019,7,30,0.81,attente en agence et personnel,24
189,عبد العالي البوخصيمي,Bien,2026,7,28,0.75,autre,4
189,lamlih Elhaddadi,Hhhhhhh,2019,7,30,0.5,autre,7
189,Abdelhakim Jabrani,Des gens bien,2020,7,29,0.96,autre,13
189,Youssef LEBBAR,D'accord,2020,7,29,0.56,autre,8
189,Zouhir Bravo,Dans l'actualité,2020,7,29,0.45,autre,16
189,طريق العطاري,Agence de communication,2020,7,29,0.48,attente en agence et personnel,23
189,HNIZAR45,Intéressant,2021,7,29,0.83,autre,11
190,I E,"Ich hatte damals meinen PIN-Code vergessen und bin dorthin gegangen, um mir helfen zu lassen. Statt mir einfach zu sagen, dass der PIN 0000 ist, hat er jedoch so getan, als müsste er mir eine neue Karte mit einem neuen Datentarif für 500 DH",2026,3,30,-0.65,autre,240
190,Red Yu,Agence inwi Marjane à éviter à tout prix! La vendeuse du prénom de Souad est une arnaqueuse de première catégorie. Elle est très agressive et désagréable qui plus est! Pour exemple j'ai eu le sentiment de l'ennuyer pour avoir les,2026,7,28,-0.96,attente en agence et personnel,229
190,Patate Vanlife,Très bien touriste Francais qui savait ce qu'il voulait. Un forfait uniquement data illimité pour le camping car et une ligne mobile avec 1h d'appel et 25 go d'internet.,2024,7,28,0.87,carte sim et réseau,169
190,Michel,"La Femme présente n'a pas voulu s'occuper de moi à 12h35, le magasin ferme à 13h00. A évite pour les tourisme Français. (Ma fait acheté carte sim prépayée pour soi disant validation l'abonnement internet) j'ai acheté cette sim de numéro en",2024,7,28,-0.57,carte sim et réseau,239
190,katty jam,Une femme seule a l’accueil Inwi 2 heures d’attente sans être servi : pourquoi vous n’embaucher pas?! Je change d’opérateur !,2026,7,28,-0.54,attente en agence et personnel,125
190,Najib BKRS,"La dame qui travaille dans cette agence doit changer de métier, elle n'est pas contente apparemment. Elle n'a même pas le temps de parler aux clients. À éviter",2024,7,28,-0.57,attente en agence et personnel,159
190,Az Az,La dame qui travaille dans cette agence est désagréable et démotivée. Mauvaise image pour la marque Inwi ! Robert,2024,7,28,-0.81,attente en agence et personnel,113
190,MCHICH CHEBLI,"Lieu magnifique romantique,  faut seulement être Front avec les clients,  concernant les conditions d'accès au départ",2024,7,28,0.55,autre,117
190,Hamza SMIRI,ADSL à Tetouan Très très ...... très nullll,2026,7,28,-0.54,internet fibre et box,43
190,Claud Goog,Très bon accueil. Personne à l'écoute de vos besoins.,2023,7,29,0.99,attente en agence et personnel,53
190,Jesus Remedios Oliva,Personnel serviable,2024,7,28,0.68,attente en agence et personnel,19
190,Rebe Fashion by Rehab,Magnifique,2023,7,29,0.87,autre,10
190,christine menon,Super agence Bon conseil Et très bon service,2026,7,28,0.97,attente en agence et personnel,44
190,Valerie S.,"Nous avons eu des problèmes avec la carte SIM. Nous voulions souscrire un abonnement de deux mois et on nous a dit que nous devions payer en espèces à l'avance pour les deux mois, mais nous n'avons pas reçu de reçu officiel.",2026,7,28,-0.64,facturation et prix,224
190,Karin Lanz,"Nous avons acheté une carte SIM chez inwi aujourd'hui. L'employé mérite plus de 10 étoiles ! Extrêmement serviable, compétent et très sympathique. Un grand merci encore pour votre patience et votre aide ! Cordialement de Munich",2026,7,28,0.82,carte sim et réseau,227
190,M Belkadi,"Nous y sommes allés plusieurs fois, et à chaque fois, on nous a dit que les cartes Wi-Fi étaient épuisées. Le vendeur nous a alors dit de revenir le lendemain vers 16h30, car ils étaient certains d'en avoir plein en stock. Nous y sommes",2026,7,28,-0.6,attente en agence et personnel,236
190,L W (EX366),"Un grand merci au conseiller. J'ai pu acheter facilement une carte SIM à forfait, qui a été installée et activée immédiatement.",2026,7,28,0.91,carte sim et réseau,127
190,Omar Yacichi,"À mon arrivée, je recharge toujours ma carte SIM. La première fois, le système ne fonctionnait pas correctement, alors je suis allé au magasin local aujourd'hui et j'ai réessayé d'utiliser internet. Le système ne fonctionne toujours pas,",2024,7,28,-0.57,carte sim et réseau,237
190,uwe coordes,"La vendeuse sur place n'avait visiblement aucun intérêt à nous vendre une carte SIM de données de 30 jours, mais nous avons trouvé ce que nous cherchions dans la boutique Maroc de l'autre côté de la rue.",2023,7,29,-0.49,carte sim et réseau,203
190,Yanis Bajki,"La dame à l'accueil était vraiment désagréable. Elle pensait que je ne comprenais pas le darija, mais tant pis pour elle, je le comprends parfaitement.",2026,7,28,-0.66,attente en agence et personnel,151
190,Jesus Lesma,"Service et attention excellents. Ahmed, le vendeur, est fantastique et très serviable. Je le recommande vivement.",2026,7,28,0.98,attente en agence et personnel,113
190,Kathryn (“Socje”),Ils sont souvent fermés à différentes heures de la journée. Le processus de paiement d'Inwi pour les services en cours est complexe.,2024,7,28,-0.39,autre,132
190,aziza Azouz,"Que la paix soit avec vous. Je déconseille d'aller dans les supermarchés Marjane. L'accueil est chaleureux au premier abord, mais en cas de problème, on vous épargne les démarches ou on vous abandonne.",2024,7,28,-0.6,attente en agence et personnel,201
190,Lamy Sad,"Agents sympathiques, aussi bien la femme que le homme.",2024,7,28,0.91,autre,54
190,A Z,"Un chiffre est exclu, et la paix n'est absolument pas acceptée.",2019,7,30,-0.56,autre,63
190,Mohamed chami,👍,2021,7,29,0.42,autre,1
190,Ahmed Toula - أحمد تولة,Inwi 3g,2021,7,29,0.51,autre,7
190,Nahlacar,Traitement au niveau,2024,7,28,0.51,autre,20
190,Ayman Daif,Beau,2026,7,28,0.59,autre,4
190,EL MOUSSAOUI BRAHIM,Mauvais,2020,7,29,0.52,autre,7
192,Sedik Bensaid,Très petit agence comme un épicier.c malhonnête d'avoir un agence comme cela pr une grande société de télécommunication comme INWI,2021,7,29,-0.7,attente en agence et personnel,130
192,Boch Ra,Le service client est très mauvais,2024,7,28,-0.95,attente en agence et personnel,34
192,Abdelilah Elkhdim,Bien localisé,2018,7,30,0.56,autre,13
192,Driss LABYAD,Manque d'équipements,2018,7,30,0.54,autre,20
192,Younes El Mellouki,Le réceptionniste de l'agence était incompétent. Il a falsifié un contrat de numéro de téléphone et l'a transféré illégalement à une autre personne.,2026,7,28,-0.87,attente en agence et personnel,148
192,ABrãhäm Lîncöln,Travail : 0  Service client : 0,2024,7,28,0.58,attente en agence et personnel,31
192,droid vpn,Un magnifique village historique ; le visiter procure un sentiment de paix.,2026,7,28,0.89,autre,75
192,yucef baghouss,"Service impeccable, bien mérité à Taourirt",2022,7,29,0.93,attente en agence et personnel,42
192,HAMZA TOMAS,Mauvais service,2025,9,1,0.57,attente en agence et personnel,15
192,Sof Yan,Service 0,2024,7,28,0.58,attente en agence et personnel,9
192,Amine immobilier,Agence non professionnelle,2020,7,29,-0.52,attente en agence et personnel,26
192,Sehit Majda,normale,2020,7,29,0.5,autre,7
192,Hjhg Vgvg,👎👎👎👎 10:01,2024,7,28,0.48,autre,10
193,Assia Moi,La boutique top parcontre le technicien abusé qui arrive sans donnez d heure si tes pas la tempis abusé la moindre des choses c et d appeler et dire j arrive entre telle et telle heures,2026,1,29,-0.74,internet fibre et box,185
193,youssef8173,"Ne veulent pas donner le routeur pour l’offre wifi vacay sous prétexte que leur stock est faible.. alors même que le service client m’indique que c’est chez eux que je dois récupérer le matériel.. Bref personnel incompétent, essaie de vous",2026,7,28,-0.68,internet fibre et box,239
193,Amin Bendada,"J'ai visité cette agence INWI pour bénéficier d'un abonnement et j ai trouver un très bon servie, ainsi je tien a remercié infiniment le chef d'agence de ça disponibilité!",2019,7,30,0.87,attente en agence et personnel,171
193,Malika Zakraoui,"C une agence à tetouan au centre de la ville, le service est long il n'y a qu'un seul agent pour servir les clients, il faut être très patient.",2022,7,29,-0.44,attente en agence et personnel,143
193,Said Rami,Un tres bon personnel et plus 1 bon service  merci bpc,2019,7,30,0.94,attente en agence et personnel,54
193,Ben Karim,Le personnel est aimable et serviable.,2023,7,29,0.89,attente en agence et personnel,38
193,Jesus Remedios Oliva,"Personnel à l'écoute, très professionnel",2022,7,29,0.75,attente en agence et personnel,40
193,Mohamed Ouazani,Accueil chaleureux et commercial très compétente,2022,7,29,0.59,attente en agence et personnel,48
193,boulouah redouane,De gens très serviables,2022,7,29,0.71,autre,23
193,Mohammed Fetchat,Bon service,2020,7,29,0.92,attente en agence et personnel,11
193,Agi Nvt,"C'était bondé, une seule personne travaillait. Il y avait bien une autre dame, mais elle n'aidait personne, alors que 15 personnes attendaient et que d'autres arrivaient encore. Un comportement vraiment antisocial.",2026,7,28,-0.92,attente en agence et personnel,214
193,Sarra Safhi,Service client déplorable : certains employés manquent de professionnalisme et de respect pour le temps des clients.,2024,7,28,-0.91,attente en agence et personnel,116
193,Derek Giroulle,"Les files d'attente deviennent interminables. C'est bien d'avoir du monde dans le magasin, mais si seulement une caisse sur trois est ouverte",2023,7,29,-0.43,attente en agence et personnel,141
193,Bilal Abdou,Le travailleur était gentil et son travail en expliquant bien les services mais pas un visage souriant,2024,7,28,0.43,autre,102
193,HamZa H,"L'agent masculin est très arrogant dans sa façon de parler aux clients, et en plus, il est très lent !",2026,7,28,-0.83,autre,102
193,rachida addhmani,"Il y a là-bas des gens qui travaillent à un certain niveau, et honnêtement, j'apprécie de traiter avec eux avec le plus grand respect et la plus grande reconnaissance.",2022,7,29,0.89,autre,167
193,mohamed elhaddad,Traitement de niveau,2025,9,1,0.51,autre,20
193,Youssef Zobair,Personnel sympathique et serviable,2023,7,29,0.87,attente en agence et personnel,34
193,amin man,Aucun employé,2025,10,1,0.0,autre,13
193,Youssef El jaoujat,la pire agence de tous les temps,2024,7,28,-0.79,attente en agence et personnel,32
193,Aghattas Omar,Très agréable,2019,7,30,0.8,autre,13
193,Karim Elmanir,Salutations à frère Mahdi,2020,7,29,0.72,autre,25
193,Anass Lechhab,Service client médiocre,2021,7,29,0.62,attente en agence et personnel,23
193,Jouanel,Correct,2022,7,29,0.5,autre,7
193,Rochdi anakar,👍,2022,7,29,0.42,autre,1
193,Mohamed El hajjouji,Meilleur traitement,2022,7,29,0.9,autre,19
193,A'b تنوعات,👍👍👍,2020,7,29,0.42,autre,3
193,محمد انوار الهوتة,traitement,2021,7,29,0.57,autre,10
193,Abou Ayoub,agence inwi.,2020,7,29,0.49,attente en agence et personnel,12
194,RAED ASOFI,L'agence a besoin de maintenance,2024,7,28,0.6,attente en agence et personnel,32
194,Brahim BARHOUMI,Ce lieu n'est pas bien situé. Il n'y a pas d'agence de ce type ici. Son véritable emplacement est à Boukhalf.,2026,7,28,0.0,attente en agence et personnel,109
194,Ayoub,Il n'y a rien à cet endroit,2026,7,28,0.0,autre,27
194,Mohamed Hassani,Localisation de la panne,2026,5,29,-0.4,autre,24
194,Dima Wac1937,rien,2026,7,28,0.42,autre,4
195,abdelmoujib marrakchi,Je remercie infiniment le personnel de cette agence inwi pour leur travail precieux professionnel et bonne qualité Sans leur aide le probleme fait par l'agence inwi saada n'aurait pas être resolu,2026,7,28,0.69,attente en agence et personnel,195
195,Fatiha Bajjou,Très déçu par l'accueil ce manque de professionnalisme ne donne pas envie de revenir,2025,10,1,-0.93,attente en agence et personnel,84
195,Nordine MAAZOUZI,Bon service et conseil disponible,2018,7,30,0.91,attente en agence et personnel,33
195,AGRAR Walid,Nul inwi,2024,7,28,-0.42,autre,8
195,Chaïmae,Pas mal,2020,7,29,0.41,autre,7
195,Amine BELHADY,Serviable,2024,7,28,0.69,autre,9
195,Redouane Chraitab,Agence magnifique,2019,7,30,0.54,attente en agence et personnel,17
195,EL OMARI (EL OMARI),Extraordinaire,2024,7,28,0.61,autre,14
195,ABDELHAK EL BAKKALI,"Je déconseille fortement cette agence, en particulier leur commercial. Ils sont très présents au moment de la signature du contrat, mais une fois engagé, le service devient inexistant.",2026,6,30,-0.8,attente en agence et personnel,184
195,Efren Rangel,"Mise à jour : si vous voyagez, évitez les eSIM ou les cartes SIM d’Inwi, leur service est déplorable. J’ai demandé de l’aide et on m’a dit d’appeler le service client ; le service est vraiment mauvais, Orange est bien meilleur.",2026,7,28,-0.86,attente en agence et personnel,227
195,Yusuf Cihat Dağüstü,"J'ai acheté une carte SIM et un forfait internet de 25 Go avec WhatsApp illimité ici jeudi. Je n'ai pas vérifié la connexion internet sur place, ma batterie était faible, et après être parti, je me suis rendu compte que je n'avais pas",2024,7,28,-0.49,carte sim et réseau,234
195,Etienne Berne,Excellent,2026,2,28,0.96,autre,9
195,Harry Cordon,Service excellent,2026,2,28,0.96,attente en agence et personnel,17
195,mehdi hakki,"J'ai fait une demande de crédit auprès de cet organisme, mais je ne l'ai jamais reçu.",2022,7,29,0.0,autre,85
195,Monsieur B,ils ont vendu une carte SIM censée être pour un mois de données. Elle n'a duré que 3 jours. et pour 100 dirhams. pas sympa.,2019,7,30,-0.45,carte sim et réseau,123
195,Zouhir Alouch,"La pire entreprise de télécommunications du Maroc, merci.",2024,7,28,-0.74,autre,57
195,Ziyad Ziyad,"Je ne le recommande pas. Ils ne reçoivent pas de clients, même s'ils sont ouverts.",2021,7,29,0.0,autre,82
195,aman alaman,Très mauvais service,2024,7,28,-0.95,attente en agence et personnel,20
195,أم العفاسي الصغير,Merci pour votre gentillesse.,2022,7,29,0.96,autre,29
195,Abdoulaye FALL LAYE (“Abdoulaye FALL”),Fes . Cheikh Ahmed Tidiane #fes #tidianie #NIASS *NIASS*,2026,7,28,0.52,autre,56
195,Mohammed Elfani,Inwi est un peu bon,2024,7,28,0.95,autre,19
195,Khalid garfour,C'est bon,2023,7,29,0.97,autre,9
195,khalid Moufid,Gare centrale de Fès,2020,7,29,0.52,autre,20
195,Hanane Amri,Inwi est une entreprise de télécommunications,2022,7,29,0.56,autre,45
195,TAP top,Super,2022,7,29,0.78,autre,5
195,Mly ismaail Boufhama,Merci,2023,7,29,0.86,autre,5
196,Amal amoula,Manque d'informations. Nul .ma ligne est occupée depuis longtemps ils n'ont pas pu intervenir,2026,1,29,-0.5,autre,93
196,Lamis Bb,"Bonjour Je me permets de mettre un avis défavorablee à cette agence suite à ma propre expérience. J’ai souscrit un abonnement box Idar Je me suis acquitté de 500dh ,",2026,7,28,-0.48,internet fibre et box,165
196,Om Hamza,J'avais un souci concernant le wifi et retard d'installation mais la fille qui s'appelle Ghita vraiment m'a aidé elle a appelé avec son tel et Il a fait son max merci beaucoup vraiment tu es professionnel,2026,7,28,-0.43,internet fibre et box,204
196,ben ben,Service déplorable ! La dame connait meme pas les offres  et se montre agacé par vos questions.,2020,7,29,-0.94,attente en agence et personnel,95
196,jamal chafiq,"Assez bon service ,éviter les heures de pointe surtout si vous êtes en voiture.",2019,7,30,0.92,attente en agence et personnel,79
196,Chaima Nabaha,J'ai mon téléphone intelligent Samsung Galaxy note pro et perso je suis en train de faire une photo,2019,7,30,0.73,service client et assistance,99
196,Fouad Faddal,"Des gens sympas, très accueillants et à l'écoute. Rien à reprocher",2021,7,29,0.9,autre,66
196,Hamid Gennani,Plein de joie avec des bons services et réceptions des clients,2018,7,30,0.91,autre,62
196,Said Ait lmoudden,Excellant service client vraiment rien a dire,2018,7,30,0.92,attente en agence et personnel,45
196,ALI Eagle,Service impecable,2022,7,29,0.56,attente en agence et personnel,17
196,abdesslam laydy,Fes,2021,7,29,0.43,autre,3
196,Tijani Mohammed,Agence principale de Fes,2019,7,30,0.45,attente en agence et personnel,24
196,Salima Filali,"Le pire service que j'aie reçu depuis un mois ! J'ai commandé le Wi-Fi, et à leur arrivée, ils ont prétendu l'avoir installé. Ça ne fonctionne toujours pas. J'ai essayé de les appeler, mais ils n'ont pas répondu. Je ne les recommande absolument pas ; ils vont vous rendre fou !",2025,10,1,-0.83,attente en agence et personnel,277
196,said bakrimi,"Service médiocre. La femme qui y travaille, en particulier, n'a jamais compris ce que signifie être un bon service. J'ai eu un problème avec Internet, mais elle a été très sèche et a montré",2019,7,30,-0.39,attente en agence et personnel,189
196,Abderrahim Benameur,"Votre travail est d'une précision remarquable, et vous vous caractérisez par un sens aigu des responsabilités et de l'engagement.",2026,7,28,0.86,autre,129
196,aman alaman,Leur service est déplorable et ils n'offrent aucune solution aux problèmes liés à leur réseau.,2024,7,28,-0.72,carte sim et réseau,94
196,Bendidi Mohamed Othmane,bien,2025,11,30,0.96,autre,4
196,Mohamed Elmsyah,Momken anyakon jayed,2024,7,28,-0.53,autre,20
196,Simo Nouri,Haut,2023,7,29,0.44,autre,4
196,djemaa aymen,bons services,2023,7,29,0.94,autre,13
196,Mastour Abdrafie,Fès et tous les habitants de Fès,2020,7,29,0.47,autre,32
196,H Bachtal,Service médiocre,2018,7,30,0.66,attente en agence et personnel,16
196,Zakaria Ouazzani Touhami,Le numéro appelé est faux,2026,7,28,-0.63,autre,25
197,Mohammed ali Bekhiche,"Très déçu(e) par le service de cette agence. Longue attente, personnel peu réactif, et mon problème n’a toujours pas été résolu après plusieurs visites. J’espère une amélioration rapide.",2025,9,1,-0.95,attente en agence et personnel,186
197,You Aj,"Personnels ignorants et toxique, services long et inapproprié. Manque total de professionnalisme. Inwi risque de perdre ltrop de clients dans ce quartier",2025,10,1,-0.86,autre,153
197,Ahmed T.,"Retard infini, professionnalisme à revoir",2026,7,28,-0.45,autre,41
197,سناء البلغيتي,Service nul a ne pas visiter toujours  fermé. En fait la porte est ouverte mais le responsable n'existe pas c'est la 10 fois que je le trouve pas.,2023,7,29,0.0,attente en agence et personnel,146
197,Abderrahim Filali,Le responsable est accueillant et dynamique mais il lui faut de l aide exemple un 2eme collaborateur,2023,7,29,0.61,autre,100
197,EL Madani BANOU,"Beaucoup de monde en attente, système informatique en panne, qualité de service minable, agent commercial nerveux..... C'est comme ça toujours !!!!😠😠",2020,7,29,-0.82,attente en agence et personnel,149
197,nabila zbiri,"Conseiller très accueillant, serviable et compétant.",2026,7,28,0.96,service client et assistance,52
197,Joerandy Mbumba Luyindula,Très gentille l'agent. Explication et précis,2021,7,29,0.6,autre,44
197,CHEICK Kone,Très bon service,2024,7,28,0.98,attente en agence et personnel,16
197,Outman Amazighi,bon comportement avec les clients!,2019,7,30,0.98,attente en agence et personnel,34
197,Amal amoula,Manque d'information,2026,1,29,0.43,autre,20
197,Amrhil Youness,Le service est agréable,2020,7,29,0.63,attente en agence et personnel,23
197,Siham Idrissii,Le service est incroyable,2023,7,29,-0.53,attente en agence et personnel,25
197,Stéphane K,Toujours les problèmes avec ce type là,2023,7,29,-0.39,autre,38
197,Mohamed Houssein Farah,Inwi pour tout et pour toujours haute qualité ..!!!❤️🤤,2022,7,29,0.9,autre,54
197,Anouar RHAJDI,Très bien satisfait,2020,7,29,0.98,autre,19
197,Moulay yousef kerroumi,Accueil chaleureux,2020,7,29,0.52,attente en agence et personnel,18
197,Mohamadou Abdoul Bagui,Service lent,2021,7,29,0.53,attente en agence et personnel,12
197,Tijani Mohammed,Agence cash plus,2019,7,30,0.62,attente en agence et personnel,16
197,mohamed alami,Le service est déplorable et le comportement de l'employée est encore pire. Je conseille aux clients d'Inwi de s'adresser à n'importe quelle autre agence. Le réseau d'Inwi est excellent ; mon problème concerne uniquement l'employée. Son comportement était inadmissible.,2026,7,28,-0.73,attente en agence et personnel,269
197,bilal tadlawi,"L'employé de cette agence est aimable, excellent et très professionnel. Je recommande vivement cette agence réputée à toute personne ayant un problème à résoudre ou tout autre besoin. Merci infiniment pour ton aide ❤️",2024,7,28,0.95,attente en agence et personnel,217
197,Mimi Mimi,"Service déplorable  traitement indigne  nous avons été contraints d’attendre plus d’une heure debout  retards dans le paiement des factures  vous payez, ils refusent la facture, prétextant une panne du système",2023,7,29,-0.86,attente en agence et personnel,209
197,East and West,Son emplacement est pratique... et l'employé est responsable... bon service.,2019,7,30,0.89,attente en agence et personnel,76
197,Fadoua Elmghari,Service médiocre 👎,2025,9,1,0.63,attente en agence et personnel,18
197,H A T I M ¿?,Bien,2026,7,28,0.75,autre,4
197,solayman abdaoui,Traiter au niveau,2023,7,29,0.57,autre,17
197,omar elghouli,mauvais,2026,7,28,-0.73,autre,7
197,jalal Mabrok,Inwi,2019,7,30,0.52,autre,4
198,m c,Très bon service à la clientèle,2025,10,1,0.98,attente en agence et personnel,31
198,Zakaria Er-Rahmouny,Mauvaise service .,2026,5,29,0.54,attente en agence et personnel,18
198,noissini derras,Très professionnel,2025,10,31,0.71,autre,18
198,Aba midou,très bon accueil,2024,7,28,0.98,attente en agence et personnel,16
198,mohammed senhaji,Service nul,2026,7,28,-0.45,attente en agence et personnel,11
198,zhor chergui bouhaja,Excellente,2022,7,29,0.98,autre,10
198,Driss_Agoumi DR7,Excellent service,2026,1,29,0.95,attente en agence et personnel,17
198,vadi fes,Bien,2023,7,29,0.75,autre,4
198,Oussama Dkhaissi,D'accord,2026,7,28,0.56,autre,8
199,SOFAP sarl FABRICATION CITERNES EN POLYESTER,Trop d'attente pour avoir seulement une réponse à une question.,2026,5,29,-0.52,attente en agence et personnel,63
199,Hicham Mellouki,"Le Pire service qui puisse exister  des arnaqueurs, impossible de résilier un contrat, on te trouves toute sorte d’excuses pour te faire payer un abonnement. On te di Satisfait ou remboursé pendant 8 jours, je reviens le lendemain pour",2026,7,28,-0.83,facturation et prix,235
199,Reviewer007,"Des fauteuils qui sont placés dans l'autre côté du magasin, ce qui fait que les gens restent debout. La pauvre dame qui travaille dans l'agence est la seule et je pense que c'est beaucoup de travail pour elle vu le nombre de clients.. Je pense qu'il faudra recruter plus d'employer car les gens restent beaucoup de temps.",2024,7,28,-0.74,attente en agence et personnel,321
199,Ayman Sounni,"temps d’attente trop long et pas assez d’employés, catastrophe !",2026,7,28,-0.9,attente en agence et personnel,64
199,EL HIMANI Abdelghani,Beaucoup d'attente : une seule personne pour servir les clients.,2024,7,28,-0.51,attente en agence et personnel,64
199,Chakib Zemmouri,Bon service avec un personnel agréable je recommande,2023,7,29,0.92,attente en agence et personnel,52
199,El Mostafa Zeggauoi,"Une bon agence pour payer vos factures, et faire vos transactions, abonnements, resiliations de contras, bonne service",2020,7,29,0.94,attente en agence et personnel,118
199,nezha el meknassi,Des gents simpa bon sercice,2021,7,29,0.94,autre,27
199,ABDERRAZZAK ELANSSARI,Meilleur service avec kader et hicham,2019,7,30,0.92,attente en agence et personnel,37
199,Celia Zar,Service médiocre,2025,9,1,0.66,attente en agence et personnel,16
199,Hamza Moumen,La dame est perdue. Pas pro,2020,7,29,-0.68,autre,27
199,Mohamed alaoui chrifi,Une grande agence parfait,2019,7,30,0.88,attente en agence et personnel,25
199,hamid oukessou,bon service,2026,7,28,0.96,attente en agence et personnel,11
199,Sazil Didra,Très mauvais service,2022,7,29,-0.95,attente en agence et personnel,20
199,Ahmed Akafou,Au top. service à l'européenne.,2022,7,29,0.82,attente en agence et personnel,31
199,Omar Elmahdaoui,Un bon SAV,2022,7,29,0.96,autre,10
199,Saber Sbihi,Service d'expertise,2020,7,29,0.64,attente en agence et personnel,19
199,MIRDASS Fatima,Mauvais accueil,2021,7,29,0.78,attente en agence et personnel,15
199,Abderrahim Kamal,Peu professionnel,2021,7,29,0.5,autre,17
199,anasse belghiti alaoui,Service impeccable,2019,7,30,0.5,attente en agence et personnel,18
199,lahsen akk,Bon,2019,7,30,0.91,autre,3
199,Amina Bouzkraoui,Bien,2020,7,29,0.75,autre,4
199,jaouhar hamza,Service nulle,2021,7,29,-0.48,attente en agence et personnel,13
199,Fatima Rami,Des voleurs,2020,7,29,0.61,autre,11
199,Abdallah Dafal,"Aujourd'hui, 10 février 2026, le service est très mauvais.",2026,5,29,-0.89,attente en agence et personnel,58
199,reda rhora,Li b5a yday3 chi 2h yji lhna,2026,5,29,0.42,autre,28
199,abdelaziz benomar,Excellent traitement,2026,2,28,0.86,autre,20
199,Mohsin Ahmed,"N'ouvre jamais à l'heure. N'indiquez pas 9h30 si vous n'avez pas l'intention d'ouvrir à cette heure-là. Souvent, il n'y a qu'une seule personne pour le personnel. Longues files d'attente.",2024,7,28,-0.45,attente en agence et personnel,187
199,Hans G. Beck,"Beaucoup de clients, trop peu d'agents (sympathiques, certes !), et aucun endroit où s'asseoir pour patienter. De toute façon, la file d'attente n'est pas clairement délimitée.",2024,7,28,-0.6,attente en agence et personnel,176
199,Y M,La responsable était très serviable.,2024,7,28,0.75,autre,36
199,ABDENBI SAYAH,L'encadrement et le travail acharné sont des facteurs fantastiques qui méritent d'être encouragés.,2023,7,29,-0.48,autre,98
199,mm jj,mauvais service,2024,7,28,-0.85,attente en agence et personnel,15
199,issam lharwi,Le saut est toujours lourd,2023,7,29,0.38,autre,26
199,Penouel Ntumba,Amusant,2023,7,29,0.63,autre,7
199,Salim Benjelloun,Faible,2020,7,29,0.4,autre,6
199,Driss kharchafi,Une très mauvaise expérience,2026,7,14,-0.96,autre,28
199,Youssef Es-sébbar,Bon traitement,2026,7,7,0.86,autre,14
200,BENZAKOUR,J'avais besoin de payer ma facture alors chaque fois que je m'adresse à l'agence je trouve toujours de la queue et que la personne qui traite le paiement ou bien n'importe quel service prend 5 minutes à 6 minutes pour régler avec le client et ça fait plus qu'une semaine que je fais le va et vient sans paiement de facture,2024,7,28,-0.45,attente en agence et personnel,322
200,Slawi,"J'avais une abonnement adsl fix, lorsque j'ai demandé de résilier le contrat, ils m'ont surpris q je dois attendre 1 mois pour que le contrat soit résilier !!!??? Et le pire je dois payer ce mois !!!!!!????? Arnaqueur",2026,7,28,-0.77,facturation et prix,217
200,redouane saidi,"Mauvaise organisation pour obtenir un remboursement et au final attendre 3 mois !!! Une des conseillères sur place est méprisante, elle a insulté un autre client de",2024,7,28,-0.85,facturation et prix,164
200,mohammed senhaji,Service médiocre... Manque de professionnalisme,2025,10,1,0.55,attente en agence et personnel,47
200,Smail,Je vous déconseille fortement cette agence qui a 1ere vue semble de qualité hors jai été reçu par une conseillère : sanaa mzegoui ( nom retenu de tête) qui s'est montrée très hautaine incompétente et sans réelle envie de conseiller ou,2022,7,29,-0.66,attente en agence et personnel,234
200,El Mostafa Zeggauoi,"Bon endroit, bon service, les gens sont vraiment serviable",2020,7,29,0.97,attente en agence et personnel,58
200,Charifa Gaouz,"Très mauvaise expérience, service après vente inexistante, sauf si vous allez acheter, ou bien payer Comme des toiles d'araignée",2024,7,28,-0.97,attente en agence et personnel,128
200,H F,mauvaise organisation / Un agent  de sécurité qui privilégie comme il veut le passage en caisse pour paiement 😳,2024,7,28,-0.96,autre,111
200,driss erghouni,"Une des pires agences qui existe au monde Je vous conseille d'aller à maroc telecom. Elle a un réseau comparable avec celui de free, sans les avantages de location de mobile de free .",2019,7,30,0.0,carte sim et réseau,183
200,Naj Abdel,service déplorable. Ils répondent pas aux appels des clients. Le personnel est agressif.,2026,7,28,-0.86,attente en agence et personnel,88
200,Hakim Hicham,"Le fille dans l'accueil est très gentille, elle explique très bien les choses et vous donne toutes les informations nécessaires..merci Je parle de l'agence et non pas de l'opérateur 😉",2021,7,29,0.8,attente en agence et personnel,183
200,zakaria,Mauvais accueil personnelle qui est tres long c est vraiment.pas professionnel je vous déconseille,2022,7,29,0.49,attente en agence et personnel,98
200,AGRI BIO,"Très mauvaise , un 'système  informatique ' fou, aucun respect du temps du client,  bcp d'attente !!!",2023,7,29,-0.98,attente en agence et personnel,101
200,karim reda-fathmi,"Bons conseils, bonnes explications des produits et des frais engagés. Personnel accueillant.",2023,7,29,0.99,attente en agence et personnel,92
200,Mourad Hamdadi,Vraiment une bonne service. Inwi reste pour moi le leader. Merci inwi,2022,7,29,0.94,attente en agence et personnel,69
200,m c,Pas mal,2025,10,1,0.41,autre,7
200,Thierry Ocula,Bof... pas terrible. Accueil minimum.,2022,7,29,0.0,attente en agence et personnel,37
200,Mourad ZBAIRI,Accueil très chaleureux. Merci à vous tous.,2023,7,29,0.86,attente en agence et personnel,43
200,Mehdi Benzekri,Tres mauvaise expérience a évité,2024,7,28,-0.93,autre,32
200,Amine Bekkali,Le service dégueulasse,2025,10,1,-0.68,attente en agence et personnel,22
200,Driss Idrissi Yadini,Les prix imposés par ces agences sont exorbitants,2022,7,29,-0.63,facturation et prix,49
200,Youness Hmidani,Je suis un nouveau client d'elle,2022,7,29,0.63,autre,32
200,mounir elotmani,Tres bon service,2022,7,29,0.94,attente en agence et personnel,16
200,siham Bl,Très MOVAISE ACCUEIL,2018,7,30,0.71,attente en agence et personnel,20
200,Mohammed Andaloussi,Bon service,2022,7,29,0.92,attente en agence et personnel,11
200,adam nox,Satisfait de l'accueil,2022,7,29,0.66,attente en agence et personnel,22
200,ALI Eagle,Agence inwi,2022,7,29,0.48,attente en agence et personnel,11
200,mhamed elalami,Le téléphone ne répond jamais Services médiocres. Accueil infernal,2026,7,28,-0.48,attente en agence et personnel,66
200,Mohammed TALHAOUI,Service extrêmement lent 👎🏼👎🏼  Beaucoup de clients à l'intérieur (15/17) et seulement deux agents du service,2026,7,28,0.5,attente en agence et personnel,108
200,Omar Fakraoui,"Après deux ans de galère avec l'internet ADSL, nous payons nos factures à temps sans aucune tolérance, malgré une connexion réduite à quelques heures par jour à cause des coupures fréquentes et des problèmes techniques.",2025,11,30,-0.69,carte sim et réseau,219
200,예정Jin,"Le personnel était très aimable et la connexion internet a été activée sans problème. On m'a dit que les données seraient opérationnelles dans 5 minutes, alors j'ai attendu dans le magasin pour vérifier que tout fonctionnait correctement avant de partir.",2024,7,28,0.81,carte sim et réseau,254
200,Minoushka,"Le service est déplorable. J'ai appelé et on m'a fait attendre 33 minutes. J'ai même fait une capture d'écran de l'appel pour déposer une réclamation, car j'ai payé il y a quatre jours et ma connexion internet n'est toujours pas rétablie.",2026,7,28,-0.92,service client et assistance,238
200,Simo,"Service client épouvantable. L'internet Inwi est quasiment inactif. Il est en panne la plupart du temps. En plus, ils vous font tourner en rond et, zut, quand vous êtes enfin prêt à accepter n'importe quel service, on vous dit qu'ils n'ont",2026,7,28,-0.66,attente en agence et personnel,239
200,Mina Cruz,"Le problème concerne l'ensemble de l'agence Inwi, et pas seulement les utilisateurs. C'est au responsable chez Inwi de trouver une solution à ce problème de connexion.",2026,7,28,-0.46,carte sim et réseau,167
200,Marilo Ramos,Ils nous ont reçus à merveille.  Nous avons acheté une carte SIM data uniquement à 5 € avec 5 Go de données  mais,2019,7,30,0.54,carte sim et réseau,113
200,Hicham Benlamine,La gentillesse et la patience dont la réceptionniste a fait preuve à notre égard témoignent de sa compétence et de sa bonne moralité.,2024,7,28,0.67,autre,133
200,Random Person,"C'est bien, mais vous allez attendre BEAUCOUP, beaucoup, et le service n'est pas très bon, comme si je parlais avec un employé d'Inwi et il était au téléphone en train de rire, me parlant à peine.",2024,7,28,-0.64,attente en agence et personnel,196
200,driss erghouni,llh yakhoud fihoum 7e9 agence akfasse cheftha fe 7yati maki3rfouch t3amlo m3a kliane,2019,7,30,0.48,attente en agence et personnel,84
200,Hicham Elalami,"Si vous parvenez à joindre cette agence, sachez que Dieu vous aime, car lorsque Dieu aime un serviteur, il le met à l'épreuve.",2024,7,28,0.83,attente en agence et personnel,126
200,Mohammed Elhaid,Service dlwiil yeee3,2025,11,30,0.53,attente en agence et personnel,20
200,عزيز لشهب,"Le numéro de téléphone est purement fictif.  J'ai appelé à plusieurs reprises, mais personne n'a répondu.",2024,7,28,-0.49,service client et assistance,105
200,BOUAOUINATE ZAKARIA,"Inwi Agency, le meilleur réseau mobile du Maroc",2024,7,28,0.89,carte sim et réseau,47
200,East and West,Emplacement idéal près de la mosquée de Tunis.,2019,7,30,0.54,autre,46
200,aman alaman,Service et traitement très médiocres,2024,7,28,0.48,attente en agence et personnel,36
200,Mehdi Chkif,Merveilleux,2025,11,30,0.62,autre,11
200,younes moukhafi,mauvais traitement,2026,7,28,-0.87,autre,18
200,abdelbari El mojahid,Bonne agence à Inwi,2023,7,29,0.93,attente en agence et personnel,19
200,Ahmed Habaly,Service très médiocre,2023,7,29,0.67,attente en agence et personnel,21
200,Driss Benomar,Une agence affiliée à Inwi,2021,7,29,0.6,attente en agence et personnel,26
200,Ls Zahi,Toujours bondé de clients,2018,7,30,0.62,autre,25
200,vadi fes,D'accord,2023,7,29,0.56,autre,8
200,Ratiba klik,bien,2023,7,29,0.96,autre,4
200,Outman Amazighi,bon service,2021,7,29,0.96,attente en agence et personnel,11
200,Mohamed Hourri,👎👎👎,2022,7,29,0.42,autre,3
200,REDA FAGROUCHE,Service Nule,2026,7,14,0.36,attente en agence et personnel,12
201,Mohamed Slaoui,J'ai jamais vu une agence de Télécom sans numéro de téléphone pour le rejoindre,2026,7,28,0.0,attente en agence et personnel,79
201,Zakaria Ouazzani Touhami,Cet appel est faux,2026,7,28,-0.71,service client et assistance,18
202,rokya elatyani,L'endroit n'est pas organisé alors que le quartier semble moderne et contemporain.,2024,7,28,0.0,autre,82
202,smiri said,Bien pour vous connection,2021,7,29,0.8,autre,25
202,CELATEC,Un bon service. Une bonne équipe,2019,7,30,0.99,attente en agence et personnel,32
202,RACHID AAMRANI,Une équipe professionnelle,2023,7,29,0.62,autre,26
202,Btissam Jebari,"Le service est inexistant, ils vous donneront un laissez-passer de qualité inférieure aux normes.",2026,4,29,-0.67,attente en agence et personnel,97
202,SAAD EL ANSARI,"J'ai été très déçu par inwi. Au début, je pensais que c'était une bonne chose de soutenir une entreprise marocaine, mais malheureusement, c'était pire. Leur service était vraiment mauvais, les gens qui y travaillaient étaient incompétents",2026,7,28,-0.95,attente en agence et personnel,238
202,fatima zouhra,"Que Dieu se venge de toi, sale servante, tu as des Flagons qui vendent des vêtements rue Rotorat. Fais attention à elle. J'ai des lames. Que Dieu se venge d'elle.",2026,7,28,-0.74,autre,162
202,bilal tadlawi,"Mauvais service, si vous avez un problème, ne venez pas ici, ils vous enverront dans une autre agence pour éviter de faire leur travail, comment puis-je donner moins d'une étoile 😏",2024,7,28,-0.53,attente en agence et personnel,180
202,Scott Haynes,"Très aimable et professionnel, toujours serviable.",2021,7,29,0.95,autre,50
202,Synchhf7,L'endroit est plutôt sale.,2026,7,28,0.35,autre,26
202,Bamba,Bien,2021,7,29,0.75,autre,4
203,jennifer benayada,Personnel très sympa et accueillant,2024,7,28,0.92,attente en agence et personnel,35
203,Salma Akhatar,Mauvais service zeeero,2024,7,28,0.6,attente en agence et personnel,22
203,Mouad Ennahli,Très mauvais service.,2022,7,29,-0.96,attente en agence et personnel,21
203,Taib Karrim,La responsable est pas correct,2020,7,29,-0.44,autre,30
203,Sima Mazi,la femme gentille.  serviable,2019,7,30,0.81,autre,29
203,Abderrahmane Kella Bennani,Service correcte,2026,7,28,0.44,attente en agence et personnel,16
203,ASMAE MASAOUDI,Bien accueilli,2019,7,30,0.94,autre,14
203,Driss OUSLIMANE,Service médiocre,2023,7,29,0.66,attente en agence et personnel,16
203,ASMAE MASAOUDI,Super,2021,7,29,0.78,autre,5
203,YOUSSEF ELABBASSI,Service déplorable  Nettoyer le sol pendant que les clients attendent leur tour et passent leur chemin  C’est une blague !,2024,7,28,-0.94,attente en agence et personnel,122
203,Simohmmed Baligh,Mauvais service Zerooo Ils ne répondent pas au téléphone. Je ne sais pas pourquoi ils ont appelé ce numéro. Ils ne répondent pas.,2026,7,28,-0.45,attente en agence et personnel,129
203,Hamid Boussouf,Négociez au niveau requis,2025,11,30,0.42,autre,25
203,Ahmed Sebti,Les employés sont très gentils et souriants. Merci.,2023,7,29,0.68,autre,51
203,Amine Ezzahir,Plutôt bien,2022,7,29,0.88,autre,11
203,Ahmed Elnaciri,Chokran,2018,7,30,0.56,autre,7
204,MERYEM B,A fuir si je pouvais leur donner un 0 je n’hésiterai pas Inwi la pire de toutes les agences Telecom au Maroc ma mère de 72ans a Fès subit l'une des plus compliqué expérience chez l'agence Inwi la Meryem à Fès pour une simple résiliation,2024,7,28,-0.72,attente en agence et personnel,236
204,driss erghouni,"La plus pire des agences qui existe au monde,  que des voleurs.",2019,7,30,-0.94,autre,63
204,Mohammed Fares,Des conseiller jeunes a l écoute et serviable,2020,7,29,0.77,service client et assistance,45
204,Hatim Bakari,C'est une belle agence,2019,7,30,0.96,attente en agence et personnel,22
204,TAOUFIK EL-HASSOUNI,9riba wbon services,2020,7,29,0.56,autre,19
204,Mohammed Naoufal Ghamri,Toujours plein,2020,7,29,0.6,autre,14
204,Djamel ben,Catastrophe,2020,7,29,-0.7,autre,11
204,Selma Mikdam,"Je suis passé à 16h ; il n’y avait personne en magasin et personne ne répondait. C’est vraiment frustrant, car on perd des clients comme ça ; on aimerait prendre un abonnement.",2024,7,28,-0.85,facturation et prix,176
204,Mohammed Elfani,"L'agence Inwi à Fès est bien, mais le réseau internet est très faible en dehors de la ville.",2024,7,28,0.7,carte sim et réseau,92
204,Badr Dulieu Alaoui,C'est ici que vous allez avec vos amis pour prendre une tasse de café et quelque chose à manger,2020,7,29,0.59,autre,95
204,Mastour Abdrafie,Très beau,2019,7,30,0.98,autre,9
204,mohammed mhaji,Parfait.,2019,7,30,0.79,autre,8
204,Ali Hassani,Leurs services sont nuls.,2020,7,29,-0.55,autre,25
204,Raja Boussetta,D'accord,2020,7,29,0.56,autre,8
205,Negro Negro,"Service nulle, siyed Li f réception katlb mno informations fhali kats3ah.. b dak mal traitement mchit drt contrat m3a autre opérateur 👎👎👎",2026,7,28,-0.62,attente en agence et personnel,137
205,Saad Rida,Très mauvais service,2026,5,29,-0.95,attente en agence et personnel,20
205,Aboly : échiquier sans Roi. Said,"Maroc ville de Fes Agence Inwi Oued Fes : spécialisée dans les télécommunications. Désigne : style moderne, espace très limité.",2019,7,30,0.4,attente en agence et personnel,127
205,Driss BENABDELLAH RHADDI,Grand chapeau au serviteur Omar ...un très bon service .,2020,7,29,0.95,attente en agence et personnel,56
205,Kaoutar Elyaagoubi,Personnelle gentil et serviable,2019,7,30,0.81,autre,31
205,Belrhmi Neureddine,Parce que le plus beau de quartier,2019,7,30,0.86,autre,34
205,Mohammed Naoufal Ghamri,Service zéro désolé,2020,7,29,0.41,attente en agence et personnel,19
205,mohammed zerhouni,Coul,2019,7,30,0.47,autre,4
205,aman alaman,"Service déplorable, aucun support client et aucune solution aux problèmes liés à leur réseau très médiocre.",2024,7,28,-0.62,carte sim et réseau,107
205,zizoo zizoo,Mécontent,2025,11,30,0.43,autre,9
205,ouassen reda,Service Télécom,2026,7,28,0.5,attente en agence et personnel,15
205,HamZa Malali,Service 3iyaaaaaaan,2024,7,28,0.57,attente en agence et personnel,19
205,Driss Mas,sava,2019,7,30,0.53,autre,4
205,Kharbache Younes,👍👍👌,2023,7,29,0.42,autre,3
205,SOUHAIB AITMOH,Bien,2019,7,30,0.75,autre,4
206,justin G,"M’ont aidé avec ma esim acheté à l’aéroport qui avait un problème, ont réglés mon soucis après plusieurs minutes passés à tenter de me trouver une solution, ne m’ont absolument rien demandé de payer en plus ou quoi que ce soit, la femme de l’accueil a été très gentille et compréhensive",2026,1,29,-0.62,attente en agence et personnel,286
206,Tonino Valenti,"Attention arnaque !. J'ai demandé une carte prépayée à 100 Dh pour utiliser mon GPS avec Internet (je suis Français), le vendeur nous a finalement édité un contrat !!",2023,7,29,-0.9,attente en agence et personnel,166
206,Asmae Boutaba,"Je regrette bcp le faite d’être cliente chez vous ni qualité ni une bonne cnx , ainsi que le comportement d’un conseiller qui s’appelle alae est désagréable, vulgaire , il donne l’impression qu’il fait ce travail pour nous faire plaisir Et pas parce qu’il est un représentant de la société INWI , Bref Très mauvaise expérience",2023,7,29,-0.94,attente en agence et personnel,326
206,myzedcard myzedcard,Mauvaise expérience. Personne agressive et mal honnête. Je ne recommande pas cette boutique.,2023,7,29,-0.8,autre,92
206,Ismail rahhal,Des arnaqueurs,2023,7,29,-0.5,autre,14
206,Simone Mannini (IW5EDI),Personnel sympathique. J'ai acheté une carte SIM pour accéder à Internet.,2025,12,30,0.63,carte sim et réseau,73
206,Blanca Caimari,"J'ai acheté une carte SIM pour 100 MAD. On m'a assuré qu'elle serait activée en une heure. Or, c'est faux : la carte ne fonctionne pas et ils n'ont proposé aucune solution. De plus, aucun reçu n'a été fourni. Argent perdu. À éviter absolument !",2023,7,29,-0.72,carte sim et réseau,244
206,Cloudy Windy,"À mon arrivée à l'aéroport de Fès, juste après avoir récupéré mes bagages, des personnes proposaient des cartes SIM gratuites (de marque INWI). Ne sachant pas comment l'activer, j'ai demandé de l'aide au personnel de l'hôtel une fois",2019,7,30,-0.4,carte sim et réseau,233
206,oum kaltoum,Je préfère régler mes factures là-bas car l'employé est poli et courtois. Mes salutations à lui.,2021,7,29,0.65,autre,96
206,Saad marketer,"Ce type qui travaille là-bas est un menteur, il dit qu'il est au chômage alors qu'il ne l'est pas, il ment aux gens.",2024,7,28,-0.79,autre,116
206,Anna Kitzmüller,Bravo !,2026,7,28,0.99,autre,7
206,حميد فاس المسكين,incroyable,2023,7,29,-0.49,autre,10
206,Outman Amazighi,service agréable,2020,7,29,0.67,attente en agence et personnel,16
207,Radio Invest,Très désagréable. Respect pas les horaires d’ouverture. Pour un problème de connexion sur ma box ils vous font revenir 10 fois sans régler le problème next inwi,2026,7,28,-0.88,carte sim et réseau,160
207,4143 Momo,"Catastrophique a fuir absolument, des vendeurs très désagréables Astaghfiroullah 😭",2026,7,28,-0.81,autre,82
207,Fettah Seffar,Inui est le pire opérateur téléphonique au Maroc. C' une énorme arnaque !,2022,7,29,-0.95,facturation et prix,73
207,jihad el-figha,Une meilleure chargé de clientèle Je félicite pour son meilleur travail,2020,7,29,0.96,autre,71
207,Mohamed Taib,"Service impeccable,personnel accueillant,serviable et chaleureux",2023,7,29,0.89,attente en agence et personnel,64
207,Asmae Mouzouad,Service nul et fonctionnaires très désagréables avec les clients ........,2022,7,29,-0.83,attente en agence et personnel,73
207,Tarek 404,"Agence inutile qui ne sert aucun service, a eviter",2024,7,28,-0.58,attente en agence et personnel,50
207,Ma Chaoui,Service correct. Personnel aimable,2022,7,29,0.56,attente en agence et personnel,34
207,rawan benhessin,La personne qui y travaille n'est pas utile,2024,7,28,-0.61,autre,43
207,Khabbaz Reda,Mauvais service. Mauvais accueil. Mauvais personnelle,2023,7,29,0.87,attente en agence et personnel,53
207,Olivia Leo,Bon service,2026,7,28,0.92,attente en agence et personnel,11
207,روعة الفارس,Très mauvais service,2024,7,28,-0.95,attente en agence et personnel,20
207,Driss Idrissi Yadini,Agence de téléphonie mobile,2020,7,29,0.49,attente en agence et personnel,27
207,chef jalal eddine,Pratique,2018,7,30,0.58,autre,8
207,Omar Choaibi,top service,2022,7,29,0.84,attente en agence et personnel,11
207,Ali Benaali,Agence de télécommunications,2020,7,29,0.46,attente en agence et personnel,28
207,All in one MyTelecom,MERYEM Tu es vraiment une fille intelligente. Tu travailles très vite. Mashallah. Je prie Allah de t'accorder une longue vie.,2026,1,29,0.91,autre,125
207,Elcio P,Ce magasin vend un iPhone 13 Pro Max volé à l'aéroport de Barcelone il y a deux semaines.,2024,7,28,0.51,autre,89
207,Vagner Paes,Ce magasin vend des iPhones volés à des personnes honnêtes qui ont travaillé dur pour les acquérir. N'achetez pas ces iPhones et signalez-le à la police si l'on vous propose un iPhone d'occasion suspect.,2024,7,28,-0.6,autre,203
207,rawan rawan,"Modification : Excellent service, sympathique, bon traitement et résolution rapide du problème. Merci.",2026,7,28,0.98,attente en agence et personnel,102
207,haddadi karim,"Ce magasin est destiné au service inwi, et vend des téléphones et des tablettes, sous forme d'abonnement.",2026,7,28,0.65,attente en agence et personnel,105
207,NET LEADER,"Je ne hais rien, car le monde est beau. Allez découvrir ce monde meilleur, vous ne le regretterez pas.",2021,7,29,0.83,autre,102
207,Osama Morocco,"Bien, je le recommande",2026,7,28,0.58,autre,22
207,ABDELHAMID HACHIMI,Service médiocre et accueil froid,2019,7,30,0.58,attente en agence et personnel,33
207,H Bachtal,Très mauvais,2018,7,30,-0.94,autre,12
207,Hicham Hidani,Bon service,2022,7,29,0.92,attente en agence et personnel,11
207,NAOIFAL BENANI,Dans je,2022,7,29,0.57,autre,7
208,Mohamed mehdi Berrada,Un bon acceuil,2019,7,30,0.96,autre,14
208,Yassine Briness,Bravo génial,2022,7,29,0.93,autre,12
208,Driss Lagnidi,Bon service,2020,7,29,0.92,attente en agence et personnel,11
208,Abdallah El Attar,Bien,2022,7,29,0.75,autre,4
208,Abdelali Ben,"Grâce à cette agence, je suis passé d'Inwi à Orange.",2025,12,30,0.86,attente en agence et personnel,52
208,Elochi Abdou,"Service médiocre, je ne le recommande pas.",2024,7,28,0.0,attente en agence et personnel,42
208,Ayobe Bardi,"Sans style, il ne mérite même pas une étoile.",2025,9,1,0.0,autre,45
208,عيد العزيز رزاقي,Un bon accueil et des explications de grande qualité ont été fournis.,2024,7,28,0.98,attente en agence et personnel,69
208,Elochi Abdou,Je ne le recommande pas. Ils ne savent que recouvrer les factures. Il faut remplacer les débutants par des professionnels expérimentés et capables de résoudre les problèmes.,2024,7,28,0.0,autre,173
208,Zakariae Ezzahaf,Nous serons heureux de recevoir votre réception à domicile.,2026,7,28,0.63,autre,59
208,wachinton wachinton,Un endroit que je ne recommande pas de visiter,2019,7,30,0.0,autre,46
208,Abdelfatah janati,bel endroit,2020,7,29,0.64,autre,11
208,AHMED HASSAN,Excellent,2026,7,28,0.96,autre,9
208,Youssef Hamade,🤑🤑,2026,7,28,0.42,autre,2
208,Mohsin Kraat,excellent,2022,7,29,0.97,autre,9
208,SAID ES-SALMI,Bons services,2022,7,29,0.93,autre,13
209,Amine Houti,Des animateurs et agents sympas. Mais le service et la connexion internet sont pas au niveau  requis ou offert. J'espère que vous répondrez à ce détail car les clients et les clients potentiels font davantage confiance à la recommandation d'un ami ou d'un voisin qu'à la publicité et à la promotion.,2023,7,29,-0.41,carte sim et réseau,299
209,zineb Kadri,Un bon service et un bon prix je conseille vivement cette agence,2020,7,29,0.97,attente en agence et personnel,64
209,El Mostafa Zeggauoi,"bonne agence de service INWI , le gérant est sympa et serviable",2020,7,29,0.94,attente en agence et personnel,63
209,Hassan Krouni,Nul,2023,7,29,-0.4,autre,3
209,Khalid Lachhab,Bien services,2019,7,30,0.85,autre,13
209,Mohammed Sahnoune,"Cette employée ne sait même pas ce que signifie ADSL, et chaque fois que j'ai besoin d'aide, elle me dit de les appeler. Qui sont ces gens que je suis censée appeler ? Qui représentez-vous, et quel numéro dois-je composer ? Franchement, elle est incompétente.",2026,4,29,-0.56,internet fibre et box,259
209,Younes Mabchour,Service médiocre et il faut attendre une journée pour poser une question,2026,4,29,-0.37,attente en agence et personnel,72
209,Omar Kabalan,"La pire agence que j'aie jamais vue, surtout leur représentant, qui était vraiment désagréable et impoli. Je ne recommande absolument pas cette agence.",2024,7,28,-0.91,attente en agence et personnel,151
209,محمد Boukili,"Bonne usine, Mazyan",2021,7,29,0.93,autre,19
209,اسماعيل بوشمال,mais,2019,7,30,0.48,autre,4
210,Ikram Lkbir,Service tres faible,2026,7,28,0.46,attente en agence et personnel,19
210,atelierdefes BlueArt,Tres faible,2021,7,29,0.5,autre,11
210,Bakkali Simohammed,Tres faible,2019,7,30,0.5,autre,11
210,YP Team,"Malheureusement, leur ton de voix est très bas, comme s'ils parlaient à un voleur et non à un client.",2026,4,29,-0.78,autre,101
210,omar elbourakadi,"Un autre service est disponible dans cette agence.  Moi : Bonjour, je souhaite retourner ce train.",2026,7,28,0.72,attente en agence et personnel,98
210,andrew obrien,"J'ai finalement trouvé une carte SIM de 5 Go. Le vendeur ne parlait pas beaucoup anglais et mon français et mon espagnol sont limités, mais on est arrivés et je suis reparti content.",2019,7,30,-0.44,carte sim et réseau,182
210,Youness Jabori,Le pire service que j'aie jamais vu de ma vie.,2021,7,29,-0.59,attente en agence et personnel,46
210,Hassan Amine,C'est un bon service,2022,7,29,0.98,attente en agence et personnel,20
210,yassine elmounadil,Bon traitement,2022,7,29,0.86,autre,14
210,driss Elkhomri,Beau et bon,2019,7,30,0.97,autre,11
210,Mohammed Andaloussi,Service et compétence,2019,7,30,0.73,attente en agence et personnel,21
210,MED HRH,Société de communication de rue populaire,2018,7,30,0.64,autre,41
210,Arabe Belkhire,Maman,2019,7,30,0.54,autre,5
210,Baya Mny,une agence,2019,7,30,0.51,attente en agence et personnel,10
211,Anass Maftah,⚡Merci pour l'excellent service,2026,4,29,0.95,attente en agence et personnel,31
213,nassim salam,Tout est mauvais:le service;l'acueil avec un personnel......,2023,7,29,-0.98,attente en agence et personnel,60
213,amigo amigo,C bien,2018,7,30,0.75,autre,6
213,Hamza Rami,"Bon service, moins fréquenté que l'autre agence, et le personnel est super sympa ✌️",2022,7,29,0.85,attente en agence et personnel,83
213,الحداد محمد,Frais et merveilleux,2023,7,29,0.47,autre,20
214,Mohammed El Khoumssi,Malgres je ne suis pas votre abonné mais je suis toujours parmis ceux qui admirent cet établissement de communication vos publicités sont bien suivis par moi et je les notte avec mention très bien.,2020,7,29,0.74,autre,197
214,Myali Kerkour,Je me sent bien,2021,7,29,0.92,autre,15
214,Abdesamade El Badaoui,Mrc,2023,7,29,-0.41,autre,3
214,SKY INFO2020,Service médiocre,2019,7,30,0.66,attente en agence et personnel,16
214,Elhassani omar,Bon service,2022,7,29,0.92,attente en agence et personnel,11
214,Mohammed Boutarfass,Marchandises,2021,7,29,0.56,autre,12
214,صفرو موبايل,D'accord,2021,7,29,0.56,autre,8
214,Bouchaib Abbadi,clients de niveau,2022,7,29,0.58,autre,17
215,Houssine,"Agence qui n'est même pas présente sur Google maps donc pour s'y rendre c'est pas évident. Et une fois qu'on y ai , attendez vous à beaucoup d'attente. Un seul agent de disponible et c'est comme ça à chacune de mes visites. Pour une grande",2025,11,30,-0.58,attente en agence et personnel,239
215,Camille Camelia,"N’existe pas (ou plus) car introuvable. Fausse adresse, Fausse pub. Hic j'ai fait 3 fois le tour pour digérer.",2026,4,29,0.0,autre,110
215,Aoukachi Jana,Très mauvaise expérience. J’ai demandé un forfait sans engagement car j’étais en vacances à Agadir. Le vendeur Simo m’a assuré que c’était le cas. Résultat : je reçois une facture et on m’impose un préavis de 30 jours pour résilier. ❌ Mensonge et arnaque. À fuir !,2025,10,31,-0.98,facturation et prix,264
215,Mina Nana Officiel,Agence du 37 avenue Hassan 2 Agadir ! Très mauvaise expérience mal reçu par le vendeur Mr Lahcen qui m’a dit ici on est pas en France ?Alors que je lui parlais en darija ! Très nerveux 😥 du coup j’ai préféré aller plus loin à l’agence inwi,2026,7,28,-0.98,attente en agence et personnel,239
215,YY HH,"Très belle équipe , la meilleur sur agadir , les autre comme j mentionné sur plusieurs commentaires c des mokataat",2025,12,30,0.91,autre,114
215,Hassan LEMSOUGUY,"J'ai signé un contrat à cette agence en juillet dernier. Ma fibre a bien été installée dans les temps comme convenu mais là n'est pas le problème. S'agissant d'une société, j'ai donc fourni le nécessaire comme le RC et prévois donc de payer",2026,7,28,0.0,internet fibre et box,240
215,Bouayache Ali,Téléphone qui sert à rien il ne réponde jamais ppfffffffff,2026,3,30,0.0,service client et assistance,58
215,"Xoxo ,",Service nul absence totale de l’agent de sécurité toujours au téléphone . Une queue d’une quinzaine de personne et quant il s’agit de quelqu’un qu’ils connaissent il passe avant tout le monde . Y avait un client mécontent des qu’il est,2022,7,29,-0.42,attente en agence et personnel,235
215,Michel Gruet,Attente très longue pour régler 2 facture s et en plus comme toujours le terminal de paiement carte bancaire ne fonctionne pas donc il faut aller retirer des dirhams au distributeur inadmissible pour une telle société,2024,7,28,-0.55,attente en agence et personnel,217
215,Moal peinture bâtiment Locronan,Très bien reçu  bonne accueil professionnel le prix intéressant également,2026,7,28,0.98,attente en agence et personnel,73
215,SUPPLEMENTPHARM_PROTEINES,"Malgré le paiement des factures, le numéro de téléphone reçoit des appels sans pouvoir appeler sans solution pendant plusieurs jours, un manque total de professionnalisme",2024,7,28,-0.78,service client et assistance,170
215,Sam Laat,Tres mauvais acceuil Service qui manque d'effectifs professionels Chef de service qui n'intervient pas pour resoudre les problemes,2022,7,29,-0.96,attente en agence et personnel,130
215,Mkass Hussein,"Manque de personnelle, mais je met 5 étoiles pour leur professionnalisme 👍",2023,7,29,0.79,autre,74
215,Mohamed Adrdour,Très bon rapport qualité prix,2024,7,28,0.98,facturation et prix,29
215,Zakaria Sassioui,Ils ne fait rien,2024,7,28,0.0,autre,16
215,JAMAL BOUSSELHAM,Service nulle malheureusement,2023,7,29,-0.86,attente en agence et personnel,29
215,KARIM BENHAYOUN,"Siège régional, bon accueil.",2018,7,30,0.98,attente en agence et personnel,28
215,Alexandre Paquet,N’existe pas,2026,7,28,0.0,autre,12
215,azokni friche,Bonne,2024,7,28,0.95,autre,5
215,H Mokhles,Bon service,2026,7,28,0.92,attente en agence et personnel,11
215,chaour tarik,Les amis d'autre fois.,2022,7,29,0.56,autre,22
215,Tyma Fatim zohra Bizrane,Bon accueil,2021,7,29,0.95,attente en agence et personnel,11
215,Josseline Faucheret,Attente.mauvais accueil.,2020,7,29,-0.91,attente en agence et personnel,24
215,haf ben (‫سبحان الله‬‎),mauvais service.,2021,7,29,-0.89,attente en agence et personnel,16
215,Youssef Abdenbi Elbaslaoui,Service clientèle,2019,7,30,0.57,attente en agence et personnel,17
215,Mustapha El Haimeur,Mauvaise ressibtion,2023,7,29,-0.63,autre,19
215,LATIF70,Complet,2020,7,29,0.72,autre,7
215,El Mehdi FIHR,:p,2018,7,30,0.45,autre,2
215,SYE F,bad service,2022,7,29,-0.85,attente en agence et personnel,11
215,Oussama Bensarjane,Mauvais service,2021,7,29,0.57,attente en agence et personnel,15
215,isabelle cartier,Longue attente car 1 seule personne pour recevoir,2026,7,28,0.49,attente en agence et personnel,49
215,Martyn Wheatley,"Depuis quelques mois, je rencontre des problèmes de connexion, surtout pendant les intempéries. De passage à Agadir, je suis allé dans une boutique pour me renseigner sur mon domicile à Ghazoua. Seule une employée était assise à son bureau,",2026,5,29,-0.53,carte sim et réseau,240
215,Mukhtar bin Siddique,"Le magasin est bien, mais son principal inconvénient est la lenteur du service client pendant le service du matin.",2026,1,29,0.76,attente en agence et personnel,114
215,Youssef Tani,"Malheureusement, c'est ma deuxième visite dans ce service pour une raison simple, et je n'ai pas reçu le service souhaité. Le niveau de service et de communication est insatisfaisant, à l'exception de l'employé du guichet 2, qui fait de",2026,7,28,-0.72,attente en agence et personnel,236
215,Khadija El massoudi,"Aujourd'hui, je suis allé à l'agence et elle était ouverte. Il n'y avait pas un seul employé, à part le portier. J'ai attendu environ une demi-heure, puis quelqu'un est venu me dire que le système était en panne ! Puisque le système était en panne, pourquoi sont-ils dans l'agence ? Malheureusement, le traitement n'est pas à la hauteur.",2025,10,31,-0.65,attente en agence et personnel,337
215,Misbah Uddin,Le magasin a-t-il fermé définitivement mais l'information n'a pas été mise à jour sur les cartes ?,2026,3,30,-0.49,application mobile et espace client,98
215,Halima Khaliha,"Le comportement du personnel était inadmissible. Je souhaitais retourner un appareil et en obtenir un portable, mais l'employé a refusé de le prendre. Lorsque je lui ai dit que j'allais me plaindre auprès de la direction, il m'a répondu",2026,7,28,-0.8,attente en agence et personnel,236
215,Iraqisurfer,"C'était presque ça, mais sur Google, c'est indiqué comme ouvert.",2025,10,1,0.0,autre,64
215,Tazzle & Moose,Fermeture définitive,2026,5,29,0.46,autre,20
215,Linda Fernandes,Fermé,2026,5,29,0.52,autre,5
215,Rokni Nadia,"Salut, bon restaurant, excellente cuisine et bon shawarma à la viande 👍",2024,7,28,0.98,autre,71
215,alekcei yxov,"Un personnel agréable et attentionné ! Et surtout, des tarifs raisonnables ! Je suis passé de Telecom à INVI !",2019,7,30,0.73,attente en agence et personnel,110
215,Ariana Grande,Il n'existe plus.,2025,10,1,0.0,autre,17
215,M Sabir,"Il n'existe plus, il n'y a plus qu'un restaurant.",2026,7,28,0.0,autre,49
215,أبو زيد الأنصاري,Une entreprise de télécommunications compétitive avec une excellente couverture,2019,7,30,0.93,autre,79
215,Abdolah Bouhem (Bouhem abdolah coiffure),Excellent accueil,2026,7,28,0.97,attente en agence et personnel,17
215,Lakhlifi Amal,Bonn,2026,7,28,0.73,autre,4
215,OuLahyane Larbi,d'accord,2020,7,29,0.59,autre,8
215,Abdessamad Essenhaji,Bien  très bien,2021,7,29,0.97,autre,15
215,Fayçal Akounad (PigaTy),Bien,2019,7,30,0.75,autre,4
215,Adil O,Bien,2021,7,29,0.75,autre,4
215,Kaban Pyatak,Ce bureau est FERMÉ (vérifié en mars 2026). Ne vous y rendez pas.,2026,6,30,-0.46,autre,65
216,christian revelen,"Super accueil pour avoir un accés sur le réseau Marocain pour une durée limité, installation réalisée par la responsable de l'agence et résiliation programmée par ces soins.",2026,5,29,0.89,attente en agence et personnel,173
216,Philippe,Longue attente mais bon accueil,2025,12,30,0.95,attente en agence et personnel,31
216,Aziz Bouamama,"Bon service, j y etais pour acheter un abonnement idar sans engagement, d'apres un mois d'utulisation je ne regrette pas cet achat. Tres bonne connection, rapide et illimitée. Pour l'agence tres bon accueil par une fille gentille, souriante",2019,7,30,0.76,attente en agence et personnel,240
216,Mohamed Adrdour,J'ai fréquenté cet établissement pour la première fois et j'y ai vécu une expérience satisfaisante tant grâce à la qualité de l'offre qu'au comportement du personnel. Bravo Inwi,2024,7,28,0.96,attente en agence et personnel,177
216,Nordinne BABOUCH,"La conseiller a ete gentille, cependant le service pourra etre meilleur, car chacun se lance la balle: on me dit de contacter le service a la clientele au telphone, puis quand j’appelle au telephone, on me refere l’agence. Dommage, car la solution que j’avais et d’aller a la concurance",2020,7,29,0.53,attente en agence et personnel,286
216,Claudine Bontemps,Gentil accueil. Sérieux et professionnels,2024,7,28,0.92,attente en agence et personnel,41
216,OMAR AKHOULF,Très bon service.,2023,7,29,0.98,attente en agence et personnel,17
216,kaoutar gamraou,Très bien,2022,7,29,0.99,autre,9
216,AGADIRI Man,toujours problème de connexion de leurs postes,2019,7,30,-0.59,carte sim et réseau,46
216,Mostafi Mohammed hassane,J'ai apprécié,2022,7,29,0.59,autre,13
216,Mohamed Masmoudi,Nullll comme service,2021,7,29,0.43,attente en agence et personnel,20
216,abderrahim faquihi,Rien a signaler,2024,7,28,0.45,autre,15
216,google smartess,❤️❤️❤️,2023,7,29,0.42,autre,6
216,Jad KARAMO (BENSH),Service lent,2021,7,29,0.53,attente en agence et personnel,12
216,ABDERRAHMAN OUTCHADMIT (Abdel),service nul,2020,7,29,0.0,attente en agence et personnel,11
216,Kouta Mostafa,Rien à dire,2020,7,29,0.5,autre,11
216,salah jaa (shope55),"Une agence réputée, à l'accueil chaleureux et au service rapide. Je remercie les deux employés de cette agence.",2026,5,29,0.88,attente en agence et personnel,111
216,youness habou,Le service de cette agence est vraiment décevant. Le personnel vous traite comme si vous n'existiez pas. Ils ne semblent pas se soucier de résoudre vos problèmes et vous finissez par vous sentir ignoré et frustré. Il est clair qu'ils ne,2026,7,28,-0.78,attente en agence et personnel,236
216,ميشلان,C'est bon,2026,2,28,0.97,autre,9
216,Laith Ghachou,"Bienvenue, je jure que je n'ai rien à vous dire dès le premier jour du Ramadan, si Dieu le veut, cela sera utile au serviteur, quel que soit le poids d'un atome de l'immensité des cieux et de la terre dans son cœur, cela appartient à Dieu,",2020,7,29,0.64,autre,239
216,Amin Lamin,Wifi hsn mno 2G 250dh ghir hakak,2024,7,28,0.45,internet fibre et box,32
216,Hassan Moussair,"Le traitement est bon, mais la couverture est très faible, inférieure à",2024,7,28,0.72,autre,71
216,Ziko Ou,"Le temps d'attente est beaucoup trop long, avec un seul caissier presque tous les jours.",2023,7,29,-0.41,attente en agence et personnel,88
216,moussa Mahfoud,"Élevez-les forts et indépendants, car un jour, ils pourraient bien être votre seul soutien. Photo du Maroc",2019,7,30,0.77,autre,106
216,لطوفه إم يوسف,Traitement terrible et exploitation,2022,7,29,-0.95,autre,35
216,Mohamed (Alias),Fermé définitivement,2025,12,30,0.46,autre,20
216,Nagora cuisine Beldi,Haut,2025,9,1,0.44,autre,4
216,Jihad Drif,Services et cadres de travail au plus haut niveau,2023,7,29,0.67,autre,49
216,Hafida Rizqy,Pas mal,2023,7,29,0.41,autre,7
216,Fed Gsrdeals,Mauvais service client,2023,7,29,0.53,attente en agence et personnel,22
216,SFRRI NKI,Transaction (zéro),2023,7,29,0.55,autre,18
216,oussous mohamed,excellent,2023,7,29,0.97,autre,9
216,EDARAKOUI AYOUB,Haut,2022,7,29,0.44,autre,4
216,Fer Zamudio,Prenez de l'orange 🍊,2026,7,24,0.78,autre,20
217,Smail Garmoum,"Une étoile, et encore elle ne la mérite pas. L’agence a refusé de reprendre le décodeur après la résiliation du contrat, en prétextant que je devais le rapporter uniquement à l’agence où je l’avais pris,",2026,1,29,-0.57,attente en agence et personnel,203
217,nouhaila elfalaky,Refus de portabilité de ma ligne iam vers inwi sous prétexte des problèmes techniques. Inwi est incapable de faire cette operation sans problème?,2026,1,29,-0.71,autre,145
217,Mina Nana Officiel,"Très bien accueilli par la vendeuse Ilham j’ai eu toutes les informations nécessaires et le suivi, j’ai pris l’offre idar 249dh l’agence se trouve immeuble Oumlil 115 avenue Hassan 2 je recommande cette agence inwi",2026,7,28,0.93,attente en agence et personnel,214
217,Pierre ROBINET,Ne devenez pas client chez Inwi. Il ne m'ont jamais rendu mes 500 dh pour le retour d'une box 4g car leur logiciel ne marchait pas... alors que j'avais bien résilié le contrat dans les temps. Ensuite ils inventent des délais et des conditions non écrites sur le contrat. A fuir,2024,7,28,-0.75,carte sim et réseau,277
217,latsou chan,Service 0 Numéro de téléphone makhdamach a quoi ça sert numéro de téléphone makhdamach !!!?????,2024,7,28,-0.39,service client et assistance,95
217,Amer Qaq,"Très nul. J'ai un roteur inwi et je paye la facture normalement le 12 à chaque mois mais j'ai payé la facture le 07 de se mois mais aucun connexion jusqu'à l'instant. À chaque jour pendant 16h et 20h le ping arrive à 24,62% mais apres le",2020,7,29,-0.57,facturation et prix,237
217,H S,Il ne sont pas du tout à la hauteur service nulle aucun professionnalisme la réceptionniste ne demande que se débarrasser des clients.......,2024,7,28,0.0,attente en agence et personnel,140
217,Alice Morin,"Pire agence, ne sert à rien. A chaque fois ils nous rajoutent un problème et ne trouvent pas de solution. Tout ça pour l'argent. Et la connexion est nulle. A fuir !",2023,7,29,-0.77,carte sim et réseau,164
217,Badr Fathallah,Équipe très serviable et professionnelle. Attention changement horaire. Apres midi a partir de 16h,2023,7,29,0.8,autre,98
217,Zakaria Chirifi,"Bon accueil, service rapide et efficace, réponse immédiate et professionnelle à vos dispositions.",2022,7,29,0.97,attente en agence et personnel,97
217,Hasna Marzouki,Service top les filles étaient à l écoute. bonne continuation .,2024,7,28,0.9,attente en agence et personnel,63
217,Martine Denis-richard.,Employé très serviable. Merci,2026,7,28,0.95,autre,29
217,Youssef MAFTAH EL KHEIR,Une agence et des employés minables..Qui à chaque réclamation vous demandent d'appeler le service clients pour se soustraire à toute responsabilité et cacher leur incompétence.,2023,7,29,-0.84,attente en agence et personnel,176
217,Roberta Bracale,Très gentil et d'ede! Merci beaucoup,2024,7,28,0.93,autre,36
217,Lolo play1 Lolo,Très bon réseau et les forfaitd a prix raisonnable,2023,7,29,0.98,carte sim et réseau,50
217,U.J.P #,lieu commercial agence de telecommunication. rien de speciale,2024,7,28,0.42,attente en agence et personnel,61
217,Mohamed Oudaali,Accueil minable. Dès que midi approche ils chassent les clients.,2023,7,29,-0.81,attente en agence et personnel,64
217,Jean-michel NOTTE,"A éviter, pas sérieux !",2023,7,29,0.0,autre,23
217,Evers everglades,Mauvais souvenir Mauvais accueil,2026,7,28,0.81,attente en agence et personnel,32
217,Samir EL JASMI,Bon service,2022,7,29,0.92,attente en agence et personnel,11
217,Luc de froidmont,Col,2022,7,29,0.5,autre,3
217,Didier LANERES,Ne pas deranger,2020,7,29,0.0,autre,15
217,redouan jabri,Marjan agadir,2020,7,29,0.51,autre,13
217,Régis 73,Efficace et avec le sourire,2026,7,28,0.54,autre,27
217,Dong joo Kim,Merci de fournir des conseils avisés et des services d'enregistrement aux voyageurs étrangers.,2026,2,28,0.93,autre,94
217,Abi Gilbert,"Service très serviable et courtois, merci.",2026,5,29,0.84,attente en agence et personnel,42
217,martin ryan,"En tant que nouveau client ayant une question concernant ma nouvelle installation ADSL, on m'a dit qu'ils ne pouvaient pas m'aider et que je devais appeler le service technique. Lorsque je leur ai expliqué que je les avais déjà appelés et",2024,7,28,-0.51,internet fibre et box,238
217,Sarah,ALERTE ARNAQUE.  Je suis allé recharger mon compte il y a quelque temps. On m'a proposé une offre,2026,7,28,0.49,facturation et prix,97
217,Luca Franceschini,"Malheureusement, c'est de loin la pire expérience client que j'aie eue au Maroc (j'y vis depuis 5 mois).",2023,7,29,-0.82,autre,104
217,Pavel H.,"Ils nous ont aidés à installer une deuxième carte SIM, ont rapidement rechargé notre crédit et configuré les téléphones. En quelques minutes, c'était réglé. Le service était excellent et nous avons pu nous mettre d'accord sur tous nos",2023,7,29,0.95,carte sim et réseau,234
217,Hajar Az,La femme de ménage était incompétente. Nous nous sommes rendus à l'agence pendant les heures d'ouverture.,2024,7,28,-0.48,attente en agence et personnel,105
217,سحابة خير,"Qu'un seul employé d'une grande entreprise comme Inwi fasse attendre 20 clients est inadmissible. Chacun a ses propres soucis, et moi, je dois perdre une demi-journée à attendre ? C'est honteux et scandaleux.",2026,7,28,-0.95,autre,208
217,Maria,Prix ​​intéressants et avantageux. 5 € pour 11 Go.,2026,7,28,0.87,facturation et prix,50
217,Hannah,"Des conseils rapides et utiles ! De plus, un excellent réseau à petit prix.",2026,7,28,0.99,carte sim et réseau,75
217,Tony TANTAWI,Je les ai déjà utilisés et ils sourient toujours 😊,2024,7,28,0.5,autre,50
217,tokyo phone,"Traitement irrespectueux de la part des employés du siège social. Aucun service, aucun respect. Manque de savoir-vivre et absence totale de responsabilité.",2023,7,29,-0.9,attente en agence et personnel,155
217,Mehmood Rafai,Excellent service client. Un plaisir de faire affaire avec vous.,2026,7,28,0.97,attente en agence et personnel,64
217,Saad benkarroum,Le personnel est très serviable et on s'y sent vraiment bien accueilli.,2020,7,29,0.91,attente en agence et personnel,71
217,Ali Al-Muqdadi,"Personnel très serviable, ils ont réglé ma demande.",2024,7,28,0.76,attente en agence et personnel,51
217,Christoph Hinzelmann,Internet est cher pour les Marocains,2026,7,28,-0.42,facturation et prix,36
217,أبو زيد الأنصاري,Un magnifique complexe hôtelier pour les familles,2020,7,29,0.76,autre,49
217,Abdolah Bouhem (Bouhem abdolah coiffure),nouveau,2026,7,28,0.65,autre,7
217,Jennifer Bellamy,Très serviable et très sympathique,2020,7,29,0.95,autre,34
217,giuseppe coluccio,Service excellent,2022,7,29,0.96,attente en agence et personnel,17
217,Tomáš Holata,Recharge de crédit rapide,2023,7,29,0.62,carte sim et réseau,25
217,hunaidi Zahrani,magnificence,2023,7,29,0.58,autre,12
217,Matti Rantala,Service correct.,2022,7,29,-0.38,attente en agence et personnel,16
217,Mohamed Hremt Ellah,Numéro de téléphone erroné,2019,7,30,-0.7,service client et assistance,26
218,Badr Fathallah,Agence au service nul!! Queue interminable avec un seul agent! Pas de sièges pour l'attente des clients! Pas d'organisation! Local sal!!!,2025,9,1,-0.85,attente en agence et personnel,137
218,OUMAIMA HALLA,"Service déplorable ! J’ai payé mon abonnement, mais le wifi ne fonctionne toujours pas. L’agence est fermée tout le week-end, et personne ne répond aux appels. Aucune solution pour les clients en cas de problème. Très déçue du manque de professionnalisme !😡👎🏻",2026,7,28,-0.96,attente en agence et personnel,259
218,Diroma,"Cette agence est un désastre à tous les niveaux, accueil déplorable,personnel incompétent ,médiocre , zéro communication et qui prennent le client de haut...inwi devrait revoir le niveau d'étique et de professionnalisme de ses collaborateurs...",2026,7,28,-0.95,attente en agence et personnel,244
218,bouiali Mohamed,Mauvaise service client,2026,4,29,0.5,attente en agence et personnel,23
218,Moussa Charioui,"Je recommande pas , service zero , mauvais comportement , au lieu de rassurer les clients , l agent blame son collegue",2022,7,29,-0.89,attente en agence et personnel,118
218,Haroui Aziz,Nul incompétent. Ouvre à 9h30 .Le personnel est arrivé à 10h,2024,7,28,-0.55,attente en agence et personnel,60
218,Alain SPAITE,Petite agence avec un vendeur très sympathique et compétent.,2022,7,29,0.72,attente en agence et personnel,60
218,Benchouikh Abdelkarim,Comportement nul mauvais Services,2026,7,28,-0.86,attente en agence et personnel,33
218,voirol jean-marie,TRAIT BIEN SUR TOUT LES POINTS,2019,7,30,0.54,autre,30
218,Rachid Taghazout,Service pas mal,2021,7,29,0.69,attente en agence et personnel,15
218,Asmaa Med FAHIM,Bon service,2023,7,29,0.92,attente en agence et personnel,11
218,Ali O,Service rapide,2020,7,29,0.73,attente en agence et personnel,14
218,El habib arkiss,"Après avoir utilisé leur service pendant deux mois et payé l'intégralité des frais mensuels, je n'ai absolument pas bénéficié de leur connexion internet. Malgré toutes mes réclamations, le commercial m'a demandé de partir et de ne plus le",2026,2,28,-0.46,carte sim et réseau,238
218,YY HH,0 notions service client,2026,1,29,0.5,attente en agence et personnel,24
218,Professor I,Le service est déplorable. Le responsable est incompétent et malpoli envers les clients. Je regrette d'être client d'INWI depuis toutes ces années.,2023,7,29,-0.98,attente en agence et personnel,147
218,Zigzage YT,Un endroit magnifique avec une télévision pour regarder le football et tout ce qui touche au sport.,2022,7,29,-0.49,autre,99
218,Khadija Kilani,"Il essayait d'aider, mais  C'est le prix à payer quand on confie les rênes à la mauvaise personne.",2022,7,29,-0.79,facturation et prix,98
218,Eloualidi Hassan,Le service était excellent et impeccable. Je recommande vivement de faire appel à leurs services.,2023,7,29,0.92,attente en agence et personnel,97
218,Abdelkader Elbchari,La société Inwi ne répond pas aux appels des clients.,2023,7,29,0.0,autre,53
218,Karl Francis,Quelle carte SIM mobile emporter au Maroc ?,2019,7,30,-0.4,carte sim et réseau,43
218,Yas sin,service nuul,2024,7,28,-0.46,attente en agence et personnel,12
218,Fer Zamudio,"À votre arrivée à l'aéroport, n'oubliez pas de prendre une orange 🍊, cela vous évitera bien des ennuis.",2026,7,24,-0.69,autre,103
219,A M,"Bon service en agence, mais numéro de téléphone toujours obsolète sur Google Map.",2026,7,28,0.72,attente en agence et personnel,81
219,Abdelaziz ELHELLOUMI,Une agence pour acheter pour acheter un portable ou charger et pour fair un abonnement,2020,7,29,0.78,attente en agence et personnel,86
219,Eric Marty,Acceuil et prise charge parfaite,2026,7,28,0.89,autre,32
219,hakibou hakibou,Très bon réseau et pas cher,2023,7,29,0.91,carte sim et réseau,27
219,Youssef,Bonne réception,2021,7,29,0.94,autre,15
219,Thomas Headroomsie,"Je voulais un forfait internet illimité. On m'a proposé IDAR à 249 DH. J'ai accepté. Je ne parle ni arabe ni français. La réception étant très mauvaise, j'ai résilié mon abonnement. On me dit maintenant que les 249 DH payés initialement",2026,7,28,-0.88,carte sim et réseau,236
219,ba ei,"J'ai attendu 30 minutes pour que la fille m'explique qu'ils proposaient trois offres différentes d'abonnements internet, mais elle ne les connaissait pas vraiment. Elle n'a pas non plus réussi à m'expliquer pourquoi j'avais besoin de mon",2024,7,28,-0.52,autre,237
219,Paul M.,"Très déçue. Je devais renouveler leur forfait internet illimité pour touristes à 300 dirhams. La conseillère a dit comprendre, mais je n'ai reçu que 30 Go pour 300 dirhams. J'aurais pu faire la même chose avec Orange et avoir une meilleure couverture.",2023,7,29,-0.91,carte sim et réseau,251
219,birgit aigner,Ce magasin n'existe plus !,2026,4,29,-0.64,autre,26
219,Mohamd Said,"Service déplorable, ils vous ont dit que le système ne fonctionnait pas.",2025,9,1,-0.81,attente en agence et personnel,72
219,Sergei Konkov,"La jeune fille parlait anglais, alors je me suis rapidement connecté à Internet et je suis reparti satisfait.",2026,7,28,0.49,autre,109
219,anass elghousni,"Le magasin est fermé, il n'existe plus.",2025,12,30,-0.47,autre,39
219,ABDENNASSER REBHI,C'est bon,2022,7,29,0.97,autre,9
219,Candy6219. srv,Super,2026,7,28,0.78,autre,5
219,elhatimi hicham,Ahsan,2022,7,29,0.54,autre,5
219,el hakimy el arbi,mauvais services,2020,7,29,-0.84,autre,16
219,A T,La boutique est fermée depuis longtemps et Inwi devrait mettre à jour les informations sur Google Maps.,2026,7,23,-0.44,autre,103
220,Ha Cha,"Je me suis presenté hier a cette agence , le conseillier commercial M. Lahen m'a servi avec beaucoup de gentillesse et professionnalisme  . Merci beaucoup M. Lahcen .J'espère qu'inwi aille conaissance de votre vrai valeur .",2026,7,28,0.58,attente en agence et personnel,223
220,El habib arkiss,"Le service est déplorable, tant de la part du conseiller que de l'entreprise.  Malgré de nombreux signalements et demandes de réparation, ma connexion internet",2026,2,28,-0.84,carte sim et réseau,159
220,Sunrise,Il faut attendre longtemps avant que ce soit votre tour. Et ils ne tiennent pas leurs promesses.,2025,11,30,0.0,autre,96
220,Leszek An,"Service aimable, tout a été fait efficacement et conformément au tarif. Je recommande.",2025,9,1,0.87,attente en agence et personnel,86
220,Youness Hmaïddouche,Service de costumes médiocre et mauvais et fermeture avant l'heure réelle 👎🏼👎🏼👎🏼👎🏼,2024,7,28,-0.85,attente en agence et personnel,82
220,Houcine Houcine,Excellent service client...,2022,7,29,0.92,attente en agence et personnel,27
220,Karim El grifi,Ferme avant l'heure exacte,2020,7,29,-0.4,autre,26
220,Abd El Hamid chat,Service client médiocre,2023,7,29,0.62,attente en agence et personnel,23
222,BLUE JUMP (“Saturnz”),"Bonjour, ne prenez pas la fibre inwi si vous habitez à tilila car ils ne sont vraiment pas professionnel. Je paye 350dh pour 100mbps et j’ai max 20 mbps depuis 1 mois donc je vous conseille d’aller chez orange ou Maroc telecom car inwi c’est vraiment a chier",2026,2,28,-0.41,internet fibre et box,258
222,Talal Houdif,"Si y avais une option en étoile négatif j’aurais mis. Aucune amabilité, un monsieur avec des lunettes qui n’est pas compétent si donne pas d’explication et du sens.",2025,10,31,-0.71,autre,164
222,H. Talibi (Talibi),"Si je pouvais mettre 0 étoile c'est ce qu'elle mérite cette agence!!! Grosse arnaque, j'ai pris un abonnement sans engagement idar duo. J'ai payer 750dh en tout .normalement le wifi doit fonctionner au bout 2h ,mais surprise ça",2025,10,31,-0.75,facturation et prix,227
222,Sou edy,"Je suis allé à l’agence qui était indiquée comme ouverte sur Google Maps, mais je l’ai trouvée fermée. Nous aimerions discuter de la possibilité de nous rendre à votre agence.”",2026,7,28,-0.54,attente en agence et personnel,176
222,Hassan Akensssous,"Je me suis déplacé et trouvé portes close,  3h de pause déjeuner ! 8h30 13h 16h 19h30 Des fonctionnaires.",2024,7,28,-0.65,autre,105
222,NASSIRI,Je suis venue pour une migration de ligne ADSL. L’agence est tellement médiocre et sombre que ça m’a fait changé d’avis.,2023,7,29,-0.79,internet fibre et box,120
222,Fatima K.,"Très bon service, je recommande cette agence.",2024,7,28,0.98,attente en agence et personnel,45
222,Patrick,L employé de cette agence ne semblait pas vouloir travailler ce jour là ..,2024,7,28,-0.52,attente en agence et personnel,74
222,Lahcen Katrani,👍🏻,2025,11,30,0.42,autre,2
222,uwe i,Apathique et désintéressé. Ce n'est pas ainsi que devrait être un service de qualité.,2026,7,28,-0.54,attente en agence et personnel,85
222,Iraqisurfer,En espèces seulement  :(,2025,10,1,0.0,autre,24
222,Mr. Elhassan,Services de qualité moyenne,2026,7,28,0.66,autre,27
222,elasri elasri,Pas un mauvais traitement,2019,7,30,0.0,autre,25
222,Rachid Segrani,Fournir de fausses informations.,2026,7,28,-0.49,autre,32
223,Said hassnaoui,Service médiocre ! Personnel impolie,2025,10,31,-0.47,attente en agence et personnel,36
223,Med Tnz,"Mauvais accueil, plus de 10 min le responsable parlait au téléphone et après, rien...",2021,7,29,0.5,attente en agence et personnel,85
223,Ilyas 22,le réseau est mauvais,2019,7,30,-0.91,carte sim et réseau,21
223,YASSINE AIT ADDI,Bon service,2024,7,28,0.92,attente en agence et personnel,11
223,achmed el,"J'ai commandé et payé un appareil Wi-Fi iDAR, mais pour l'instant, le Wi-Fi ne fonctionne pas.",2026,7,28,-0.4,autre,94
223,Ahmed Idwanaw,"Vous attendrez une éternité, ils ne proposent aucune aide spécifique. Mieux vaut contacter le support directement par téléphone plutôt que de perdre votre temps ici. Ils ne font que vous vendre des produits. Mais pour les problèmes graves, ils n'ont rien à faire !",2022,7,29,-0.51,service client et assistance,264
223,Nadine,Elle m'a vraiment menti sur les prix ! Elle m'a dit que 10 Go d'internet coûtaient 50 DH alors que c'est 10 DH. Vilaine fille !,2026,7,28,-0.65,facturation et prix,127
223,Sbak Ntas,"Service déplorable. J'ai souscrit un abonnement ADSL il y a un mois et j'attends toujours qu'un technicien vienne effectuer le raccordement et activer la ligne, malgré mes nombreux appels.",2023,7,29,-0.82,internet fibre et box,188
223,Khadija Kilani,"Le pire service de tous les temps. Aucune communication, aucun retour. Beaucoup d'arrogance et une expérience client catastrophique. Je ne recommande plus vraiment leur réseau.",2022,7,29,-0.72,carte sim et réseau,176
223,elasri elasri,"Inwi est le troisième opérateur de services mobiles, fixes et internet au Maroc. Fondée en 2010, elle est considérée comme un leader dans son secteur. L'entreprise a connu plusieurs fluctuations dans son développement et sa structure.",2020,7,29,0.79,autre,234
224,AICHA ZAKARIA,Avant 12h aujourd'hui l agence est déjà fermée.  ..  très decue et énervée.  On se déplace de loin.,2026,7,28,-0.78,attente en agence et personnel,99
224,fati fatifati,Ils ont pas choisi le lieu .une vraie cachette,2023,7,29,-0.57,autre,46
224,Chaymae Elfarouki,Rapide,2026,1,29,0.63,autre,6
224,Abdellah Ahbane,"Mauvais service, ferme avant l'horaire mentionné ici..",2023,7,29,0.44,attente en agence et personnel,54
224,ABDO NOU,Personne serviable et à la hauteur.,2023,7,29,0.77,autre,35
224,Ste tous matériaux Construction de bâtiments,Meilleurs qualités Meilleurs prix,2023,7,29,0.95,facturation et prix,33
224,Imad El garab,Mauvais choix,2023,7,29,0.62,autre,13
224,Noureddine Tiflit,Agence,2022,7,29,0.49,attente en agence et personnel,6
224,ASURA,Mauvais service Le personnel n'est pas disposé à aider et ferme avant l'heure indiquée.,2026,5,29,0.0,attente en agence et personnel,87
224,Robert Sturm,"Comme dans beaucoup de boutiques Inwi, je n'ai reçu aucune aide.  À Midelt, j'ai acheté une carte prépayée avec données illimitées. 30 jours pour",2026,7,28,0.0,autre,145
224,RIDA SESCO,mauvais service,2026,1,29,-0.85,attente en agence et personnel,15
224,Saad Alfredi,L'éthique du personnel est extrêmement mauvaise.,2025,10,1,-0.96,attente en agence et personnel,48
224,Hassan Waskiss,La personne à l'accueil est formidable et prend le temps de répondre aux clients. Que Dieu vous facilite la tâche.,2023,7,29,0.93,attente en agence et personnel,114
224,Go Makia25,Mauvais service Le personnel n'est pas disposé à aider et ferme avant l'heure indiquée.,2023,7,29,0.0,attente en agence et personnel,87
224,Ilyass Idk,bon,2025,12,30,0.96,autre,3
224,simo ben razzouq,"Ô Allah, bénis et accorde la paix à notre maître Muhammad, à sa famille et à tous ses compagnons.",2021,7,29,0.94,autre,97
224,Khalid Errami,C'était cool 😊 ! Le service est sympa.,2021,7,29,0.93,attente en agence et personnel,38
224,Adil Ziyani,C'est bon,2023,7,29,0.97,autre,9
224,AHMED LAADIMI,bel endroit,2019,7,30,0.64,autre,11
224,Boujemaa Azouay,Où régler cette facture,2024,7,28,-0.6,facturation et prix,23
225,Dias 7680,"Professionnel, le vendeur m'a aidé gratuitement à configurer un routeur que j'avais acheté. Équipe organisé et disponible, bravo 👏🏾",2026,7,28,0.96,internet fibre et box,131
225,BADI OTHMANE,"Le rotor a été vendu et les mécaniciens ne l'ont pas installé. Cela fait un mois que je m'en plains, et malgré mes réclamations quotidiennes, personne ne répond.",2026,5,29,-0.75,autre,161
225,Anna Root,Le bureau ferme à des heures impossibles ! Je suis arrivé à 15h20 et l'agence était fermée !,2025,10,31,-0.88,attente en agence et personnel,92
225,YY HH,Nous disons la vérité,2025,11,30,-0.4,autre,21
225,Linda Fernandes,C'est fermé,2026,5,29,-0.58,autre,11
225,Daniel,Meilleurs téléphones Meilleur prix,2024,7,28,0.88,facturation et prix,34
226,Homeland 09,Très mauvaise agence tous les jours des contrôles le Personelle est vraiment ouf 😥,2026,7,28,-0.98,attente en agence et personnel,82
226,Aicha Lahloumi,La personne qui travaille n est vraiment pas compétente dans le poste qu elle occupe je suis désolée mais j essaye d être le plus juste possible sans chercher à être  nuire à personne .,2022,7,29,-0.44,autre,185
226,Abdelghafarr Hagouch,Bonne service donc cette agence,2023,7,29,0.98,attente en agence et personnel,31
226,ADIL ALAMI,Mauvais service qualité du résrau mediocre pffff,2019,7,30,0.7,attente en agence et personnel,48
226,HAMMADI JABBARI,Mauvais comportement de la réceptionniste,2026,7,28,-0.61,attente en agence et personnel,41
226,Aya bouassila,J'ai adoré de ouf,2020,7,29,0.41,autre,17
226,Mohamed El Alaoui,"Les horaires, pas comme tout le monde",2020,7,29,0.0,autre,37
226,rachid mtai,Pas mal  Envoyé,2022,7,29,0.49,autre,15
226,Goulferni Mustapha,Nul,2022,7,29,-0.4,autre,3
226,Ik Lk,Parfait,2019,7,30,0.8,autre,7
226,Said Aj,5/5,2020,7,29,0.57,autre,3
226,Rehshyet Khadash Gill,"Une dame très gentille m'a aidée à régler une facture que, pour une raison ou une autre, je n'arrivais pas à payer en ligne. J'ai passé deux heures à essayer de joindre quelqu'un pour expliquer mon problème. Heureusement, les personnes au bureau étaient bien plus aimables que celles avec qui j'ai discuté en ligne ! Merci encore ! 🙏🏻😊",2025,10,1,0.63,facturation et prix,335
226,Mohamed Essayyah,"La façon dont les frères vous traitent dépend de votre tenue vestimentaire et du temps que vous leur consacrez. Désormais, je ne suis plus client Inwi.",2023,7,29,-0.39,autre,151
226,HATTA CONSULTING,Hors service,2025,12,30,0.54,attente en agence et personnel,12
226,Youness Oulachger,"Service déplorable, personnel paresseux et impoli",2023,7,29,-0.87,attente en agence et personnel,49
226,Abe Yusuf,Fantastique,2025,9,1,0.91,autre,11
226,الناصري الناصري,Je n'aime pas ça,2020,7,29,0.0,autre,16
226,elmahdi bensouafa,magasin de téléphonie mobile,2019,7,30,0.53,autre,28
226,Abderrahim,Service médiocre,2020,7,29,0.66,attente en agence et personnel,16
226,Abdellah Jaber,Bon service,2022,7,29,0.92,attente en agence et personnel,11
226,Go4FitMorocco Tomasz Szala,Service professionnel et convivial. Je recommande vivement.,2026,7,28,0.73,attente en agence et personnel,59
226,عبدالله الحمري,Dieu a fait de mon maître Hassan un serviteur.,2026,7,14,0.65,autre,46
227,Idriss Amine El hajjaji,Service excellent. Réactivité rien a dire bonne continuation,2026,5,29,0.95,attente en agence et personnel,60
227,aziz bouchbouk,Bon service,2026,1,29,0.92,attente en agence et personnel,11
227,linae linae,Service Bn,2026,1,29,0.49,attente en agence et personnel,10
227,Elyacoubi Abdo,Excellent service client,2026,7,14,0.92,attente en agence et personnel,24
229,Yes Yes1,Service nul à fuir,2024,7,28,-0.48,attente en agence et personnel,18
229,Soukaina Erraji,Service nul à éviter,2020,7,29,-0.46,attente en agence et personnel,20
229,Brims K'cher,Service médiocre,2025,11,30,0.66,attente en agence et personnel,16
229,Hicham Errami,Service pas mal,2019,7,30,0.69,attente en agence et personnel,15
229,Mohamed Timzourhine,Pour faire abonnment mais parfoie plienne,2020,7,29,0.37,autre,41
229,Addi Rzig,Lieu propre personnal serviable,2019,7,30,0.73,autre,31
229,Abderrahmane Rajawi,Nulle service 🤬🤬,2024,7,28,0.4,attente en agence et personnel,16
229,Radouane Mazroui,Mauvais services,2020,7,29,0.61,autre,16
229,SOUKAINA EL ASRI,Service null,2021,7,29,-0.44,attente en agence et personnel,12
229,Tegro Gro,"Nous souhaitions simplement renouveler notre carte Inwi. Ils ont tenté de nous facturer des frais de traitement supplémentaires d'un montant identique. Malgré nos explications, cela n'a rien changé. Alors, évitez cette agence à tout prix ! Il s'agit ni plus ni moins d'une tentative d'escroquerie.",2026,5,29,-0.63,attente en agence et personnel,297
229,Brahim Brahim,Il n'y a aucun problème. Il n'y a qu'un seul employé et beaucoup de clients. J'attends depuis plus de 15 minutes.,2025,11,30,0.0,autre,113
229,Kary Kari,"Bon service, bon traitement",2026,7,28,0.97,attente en agence et personnel,27
229,Omar Amassine,"Excellent service, gens sympas.",2018,7,30,0.95,attente en agence et personnel,31
229,Yassin Yahoo,La khadma zina la mji bakri,2019,7,30,0.49,autre,27
229,elasri elasri,Il n'y a rien de mal à cela.,2021,7,29,0.0,autre,28
229,dinaas Perla,Nooooooooooooo,2024,7,28,0.49,autre,14
230,Fer Zamudio,Acheter des oranges 🍊 vous évitera bien des ennuis,2026,7,24,-0.44,autre,50
231,اوهمو الحسن,La société Inwi' j'ai rien à dire Les agents du centre d'appel 220 sont à la hauteur. Mais cet agence est très faible en ce qui concerne le service après-vente et,2024,7,28,-0.55,attente en agence et personnel,162
231,MB. PRODUCTION,Sévice nul. Des agents incompétents. Je vous conseille de pas aller à cette agence. Mauvaise expérience. Nul de nul.,2022,7,29,-0.7,attente en agence et personnel,116
231,Fatimazahra Errachidi,"Service nul , côté relationnel catastrophique , je  recommande pas cette agence 👎👎👎👎",2023,7,29,-0.71,attente en agence et personnel,84
231,jamal mouahbi,Service à ne pas recommander. Nul,2023,7,29,-0.48,attente en agence et personnel,33
231,Khalid Abbou,Mauvais service. Tjrs panne de système,2021,7,29,0.53,attente en agence et personnel,38
231,Belkassem Meziane,J'aime bien,2024,7,28,0.98,autre,11
231,Malika Traym,Service nuuuuul👎👎👎,2022,7,29,0.56,attente en agence et personnel,18
231,Yes Yes1,Service médiocre,2022,7,29,0.66,attente en agence et personnel,16
231,Mohammed Ouibourk,Les injecteurs électronique,2021,7,29,0.44,autre,27
231,Mohamed AIT AL-LA,"Le service client de cette agence est déplorable et en dessous des normes. À chaque fois qu'on s'y rend pour une démarche, on nous dit de revenir le lendemain, contrairement aux agences de Dcheira et Takwin, dont le service est bon.",2021,7,29,-0.53,attente en agence et personnel,232
231,Bilali Sghir,"Honnêtement, cela n'a rien à voir avec l'agence. Par Dieu, je vais à Tiquine ou à Dcheira pour régler mes affaires. L'accueil y est déplorable, surtout de la part d'une certaine Zina Azal. Elle traite les gens avec mépris et se comporte avec arrogance, comme si elle était la propriétaire. Que Dieu protège sa création.",2019,7,30,-0.85,attente en agence et personnel,319
231,saidi nesrine,"Le personnel de Dcheira était désagréable, ils ne se soucient pas des clients 😒 et ne donnent pas assez d'informations.",2023,7,29,-0.58,attente en agence et personnel,119
231,younsse ou,"J'aime bien cette entreprise de télécommunications, mais parfois la connexion internet est un peu lente.",2023,7,29,0.86,carte sim et réseau,104
231,Zineb Belcadi,Le traitement est déficient depuis de nombreuses années et n’a jamais changé.,2024,7,28,0.53,autre,77
231,karim bounou كريم بونو,0/10,2025,9,1,0.48,autre,4
231,abdelkarim alhyan,Bon traitement,2024,7,28,0.86,autre,14
231,Karim Bohla,Très agréable,2019,7,30,0.8,autre,13
231,ABDELLATIF ANAFLOUS,Pas mal de service,2020,7,29,0.54,attente en agence et personnel,18
231,Mohammed Latrache,En dessous des normes,2022,7,29,0.47,autre,21
231,anafal hassan,Au niveau requis,2019,7,30,0.51,autre,16
232,Breit Rolo,Sympa et compétent. Parle anglais.,2026,7,28,0.63,autre,34
232,Ahmed Camal,Bon accueil. Agents très serviables,2026,7,28,0.97,attente en agence et personnel,35
232,mohamed arsmouk,lieu sûr,2021,7,29,0.45,autre,8
232,Ali Ali,services de qualité inférieure,2025,12,30,0.51,autre,30
232,أبو حذيفة اليحياوي,Il y a beaucoup de monde et vous ne trouverez rien dans cette maison,2021,7,29,0.0,autre,68
232,mustapha aziyan,Il n'y a pas d'échange,2022,7,29,0.0,autre,22
232,MUSTAPHA NADIF,Services excellents,2023,7,29,0.97,autre,19
232,Mustapha JENKHAR,bien,2018,7,30,0.96,autre,4
232,Zainab Amgdoul,😻😻😻,2019,7,30,0.42,autre,3
232,Fer Zamudio,"À votre arrivée à l'aéroport, évitez absolument cette compagnie et optez plutôt pour Orange ; cela vous évitera bien des ennuis.",2026,7,24,-0.48,autre,128
232,omar el idrissi,"Service zéro à Had Anwi. Que Dieu leur pardonne, c'est tout.",2026,7,28,0.5,attente en agence et personnel,60
233,Fer Zamudio,"Prenez orange, ça vous évitera bien des ennuis.",2026,7,24,-0.46,autre,47
234,Mk,"Relationnel merdique, communication d'un agent inwi qui ne veut pas travailler ! À fuir !",2026,2,28,-0.92,autre,89
234,Samia Tourni,"Si je pouvais mettre moins je le ferais. Une agence avec un très mauvais service. Attitude irrespectueuse, manque de respect et mauvais comportement auprès des clients. A fuir. Je ne recommande pas.",2026,7,28,-0.97,attente en agence et personnel,198
234,hassan elmandi,Bon accueil. Informations disponible,2026,4,29,0.93,attente en agence et personnel,36
234,Breit Rolo,"Inwi, le top et dans les boutiques, ça parle français.",2026,2,28,0.79,autre,54
234,Mohammed ISSOR,"mauvaise communication, avec une attitude indésirable, je ne recommande pas d'aller attendre 30 à 45 minutes pour avoir votre tour",2023,7,29,-0.96,autre,130
234,MAROUANE AIT BENAYAD,L'Agent commercial est professionnel,2021,7,29,0.56,autre,36
234,Hani salim Boustari,Bon service,2022,7,29,0.92,attente en agence et personnel,11
234,jack Comptea,Manque de respect,2023,7,29,0.77,autre,17
234,MEHDI ABOUAITA,"Ces salauds ! J'ai acheté mon routeur ADSL chez eux  ça a pris six jours, et il a grillé. Quand je suis retourné le faire remplacer, ils m'ont traité comme un chien  Quelle honte pour votre service !",2022,7,29,-0.54,internet fibre et box,199
234,Yassine BOURRICH,Ils ne vous offrent pas le meilleur service,2021,7,29,0.37,attente en agence et personnel,43
234,elomri Yassine,Les utilisateurs font preuve de coopération et de compréhension.,2021,7,29,-0.46,autre,64
234,Ayoub Dakh,Service-1,2024,7,28,0.56,attente en agence et personnel,9
234,el hakimy el arbi,"Bon service, merci Inwi",2021,7,29,0.92,attente en agence et personnel,23
234,youssef khalil,Très beau,2023,7,29,0.98,autre,9
234,Hamza Salim,"Serbis, que Dieu bénisse sa maison",2019,7,30,0.55,autre,34
234,abdel wal,Excellent,2026,7,28,0.96,autre,9
234,Mohsin atmart,Le riz est stagnant et les yeux sont malades,2021,7,29,-0.92,autre,44
234,ABDELHAKIM ELKANOUNI,Normes inférieures,2026,7,28,0.0,autre,18
235,Ayoub LhaShmi TV,Service 0 ta3amol 0 kaybghiw ghir itfko mnk,2025,10,1,0.48,attente en agence et personnel,43
235,ismail nait mbarek,Service impeccable Personnel excellent Inwi est un endroit charmant,2024,7,28,0.93,attente en agence et personnel,67
235,Osi Dakir,"Très bien, le représentant du service clientèle est un homme charmant.",2024,7,28,0.98,attente en agence et personnel,70
235,Tekaa Tekaaa,Service excellent,2026,7,14,0.96,attente en agence et personnel,17
236,Mustapha,Bon service 👏,2025,10,31,0.92,attente en agence et personnel,13
236,moulay mohamed tamri,Inezgane devant les bus,2023,7,29,-0.42,autre,23
236,asia kherbouch,"Bon service, mais parfois le wifi n'est pas très rapide.",2026,7,28,0.44,internet fibre et box,56
238,Ko Phine,"Nous avons acheté une carte SIM de voyage ici. Service aimable, rapide et simple – merci !",2026,3,30,0.94,carte sim et réseau,90
238,aziz dadas,Cette agence emploie une personne agréable et pratique,2026,4,29,0.76,attente en agence et personnel,54
238,linae linae,Service Bn 🫶🏻,2026,2,28,0.46,attente en agence et personnel,13
238,Tekaa Tekaaa,Service au top ♥️,2026,7,14,0.79,attente en agence et personnel,17
238,abdo labaali,"Service excellent, accueil formidable, merci !",2026,7,28,0.99,attente en agence et personnel,46
247,simo homme,Endroit fermé et peu d'espace,2026,5,29,0.4,autre,29
247,Mostafa Meliani,Mauvais réseau mauvaise couverture,2023,7,29,-0.83,carte sim et réseau,34
247,Halima Rezki,Prcq meilleur service,2022,7,29,0.8,attente en agence et personnel,21
247,bella chica,"Service client déplorable ; manque d’expérience et de formation, compétences en communication écrite et orale très faibles.",2025,10,31,-0.9,attente en agence et personnel,123
247,abd ellatif hillali,Ils ont encore besoin de formation,2024,7,28,0.51,autre,34
247,آدم لعباب,L'application ne fonctionne pas !!!!,2024,7,28,-0.7,application mobile et espace client,36
249,farah rouwassi,Horaire d ouverture 9h Je viens volontairement à 9h30 pour leur laisser le temps de commencer mais personne,2026,7,28,0.51,autre,107
249,Fox-Hamad,"L'agence Marjane de la route d'Akourai est propre, mais malheureusement, le service de certains employés est déplorable et manque cruellement d'hospitalité. Les 11 et 12 décembre 2025, dans l'après-midi, je me suis adressé à un employé qui",2026,3,30,-0.92,attente en agence et personnel,239
249,M J,La personne à l’accueil est très gentille mais le service inwi archi nulle!!!!! Impossible de recharger son téléphone car le logiciel ou la mise à jour etc ne fonctionne pas. C’est inadmissible.,2026,1,29,-0.88,attente en agence et personnel,194
250,John So,"Très bon service dans cette agence Inwi. Nadya m’a bien aidé et a pris le temps de régler mon problème. Rien à dire, je recommande.",2025,9,1,0.94,attente en agence et personnel,131
250,harry micco,Très bon service conseiller au top 😊,2024,7,28,0.97,attente en agence et personnel,36
250,Soufiane Nejmi,Inwi vous ètes les meilleurs,2023,7,29,0.93,autre,28
251,Laila,"tres mauvaise service , les gens sont impolis et ne veulent pas t aider. en plus adsl NUL .",2026,4,29,-0.97,internet fibre et box,91
251,Amel Ouerdi,Service honteux et absolument pas professionnel.  Deux années de suite que je vis exactement la même galère avec Inwi. Cette,2025,10,31,-0.61,attente en agence et personnel,124
251,Amina HAJJI,"Le manque d’explications était flagrant. J’ai eu l’impression de devoir “mendier” chaque information. En tant que client, nous ne sommes pas experts en téléphonie et avons besoin d’accompagnement.",2026,7,28,-0.91,autre,196
252,Med JEBB,"Durant les mois d'été, cette agence devient insupportable pour les clients du fait de la grande chaleur accumulée durant les longues journées de l'été. Prière de trouver une solution pour la climatisation.",2025,12,30,-0.89,attente en agence et personnel,205
252,salvadore,endroit pour payer les facture uniquement possibilité de souscrire aucun contrat puis on vous donne des facture sans detail et pour finir la caissiere est tres desagreable un conseil si vous voulez la fibre chez ou l'adsl prenez orange,2024,7,28,-0.58,facturation et prix,235
252,Hamada DD,"Driss, le chef d'agence, est très efficace dans le service à la clientèle. Il arbore toujours un sourire chaleureux, ce qui en fait un excellent représentant d'Inwi.",2024,7,28,0.95,attente en agence et personnel,165
255,Mery Amir,Et si je pourrais noter zero je le ferais  Je souhaite signaler mon expérience avec une employée dans l’une de vos agences,2026,3,30,-0.43,autre,122
255,Anas Labdairi,"J’ai contacté le service client Inwi qui m’a clairement informé que j’avais droit à un Wi-Fi de dépannage en attendant l’activation de la fibre. Mais une fois à l’agence, on m’a refusé cette solution sous prétexte que ma ligne provient d’un",2025,11,30,-0.53,attente en agence et personnel,240
255,AL 6,"Il y a une conseillère très professionnelle, qui résout les problèmes et donne des conseils rapidement. Malheureusement, ce n’est pas le cas des autres : mieux vaut ne pas être pressé ni s’énerver trop vite.",2025,10,31,-0.52,autre,207
256,Youssef BERADY,Personnel serviable maîtrise leur produits,2025,12,30,0.78,attente en agence et personnel,42
256,Mouhssine LAFRAOUZI,J'ai donné 5 que pour les personnelles qui travaillent ici ❤️,2025,10,31,0.64,autre,61
256,Badr eddine AÏT OULAÏD,Agent d'accueil très serviable mais il est tout seul et la taille de l'agence est beaucoup trop petite... Il est souhaitable d'envisager l'ouverture d'une agence plus grande et proportionnelle à la demande...,2021,7,29,0.46,attente en agence et personnel,208
257,Barnossi Construction,Pas climatisée. Le personnel est pas à l'écoute.,2025,11,30,0.0,attente en agence et personnel,48
257,Khabbaz abdelaziz,C'est une agence de vente de la marque inwi. Un très bon emplacement le coeur de taza un très bon service de la part des deux employés un bon matériel,2020,7,29,0.92,attente en agence et personnel,150
257,EL HRICHI Hassan,Mauvaise ste,2026,3,30,0.46,autre,12
257,Mohamed Metrkati,Je suis aime la agence inwi,2018,7,30,0.83,attente en agence et personnel,27
257,Jaja Spuds,Pas sérieux.,2026,7,28,0.0,autre,12
257,hicham belghit,Nul,2023,7,29,-0.4,autre,3
257,Kamal EL HASSAK,Service à la hauteur,2023,7,29,0.71,attente en agence et personnel,20
257,Lahlali Abdelkrim,Agence de télécommunications,2020,7,29,0.46,attente en agence et personnel,28
257,أبو سليمان البرنوسي,"Si vous entrez dans le Jones d'Inwi, vous aurez l'impression d'être revenu à 2000 en termes de réception et de traitement, mais la connexion ne fonctionne pas et il y a un problème",2023,7,29,-0.45,carte sim et réseau,180
257,Salaheddine Eddine,Il vous reste encore de nombreux jours devant vous...,2018,7,30,0.41,autre,53
257,Hamza Bouaouinat,Bien,2024,7,28,0.75,autre,4
257,Zaid Kassal,Premier amour,2022,7,29,0.9,autre,13
257,المتوكل على الله,Hôpital Ourida,2018,7,30,0.46,autre,14
259,Malak RAGHIB,"Ce magasin inwi offre un service catastrophique et irrespectueux. Le conseiller qui travaille là-bas ne sait absolument pas comment traiter les clients. Il parle d’une manière impolie, arrogante, sans respect. Il ne répond pas",2025,11,30,-0.94,attente en agence et personnel,226
259,Khaled elkhaldi,"j ai visité votre agence aujourdhui matin pour demander un service. malheureusement je n ai trouve aucun respect . La fille qui était la bas est impolie, mal eduquee, irrespectueuse. Le personnel d acceuil doit avoir un gout avec les visiteurs et les client ce que j ai vu cest vraiment la honte. Ca sera ma derniere visite desolee",2020,7,29,-0.94,attente en agence et personnel,331
259,Nabil Oqab,Mauvaise,2025,12,30,0.5,autre,8
259,nab nab,Le chef d'agence elle se croit le PDG d'Inwi,2019,7,30,-0.51,attente en agence et personnel,44
259,Ben abed,N'est au service de l'apprenant( e),2020,7,29,0.0,attente en agence et personnel,35
259,Abdelghani BOUDAOUD,ça  va,2020,7,29,-0.38,autre,6
259,BOULEMANE Car S.A.R.L,Agents et services médiocre,2021,7,29,0.64,autre,27
259,mouad karmi,Pas mall,2018,7,30,0.0,autre,8
259,BOURZGUI MORAD,bon,2020,7,29,0.96,autre,3
259,manar abdelhaq,Bon travail,2022,7,29,0.95,autre,11
259,abdelaziz bouargan,Trouver,2021,7,29,0.53,autre,7
259,abed action,Vérifiez la factures...,2019,7,30,0.44,autre,23
259,Hassan Hassan,👍,2020,7,29,0.42,autre,1
259,harit amine,Excellent,2020,7,29,0.96,autre,9
259,Khalid GOU,👍🏼👌🏼👌🏼👍🏼,2020,7,29,0.42,autre,8
259,Ahmed Elrharib,Des agents professionnel,2022,7,29,0.52,autre,24
259,Abdelhadi,Service nul,2019,7,30,-0.45,attente en agence et personnel,11
259,Yassine Yassine,Des escros,2024,7,28,-0.6,autre,10
259,Nabila Zine,Service null,2019,7,30,-0.44,attente en agence et personnel,12
259,pokegz,la dame qui travaille dans cette agence n'a pas voulu resilier l'abonnement de ma box wifi et m'a dit que je n'ai pas payer le mois de decembre et janvier et que je devais payer 300dirham pour resilier l'abonnement alors que j'ai payer,2026,7,28,-0.55,facturation et prix,235
259,mohamed ouahib,"Que la paix soit avec vous. Le service est excellent dans toutes les agences de Settat, et je tiens tout particulièrement à mentionner le formidable frère Ahmed Lahmidi.",2019,7,30,0.97,attente en agence et personnel,169
259,Amina Housin,Abdasslam bannejma Traveux bannejema srl,2025,10,31,0.45,autre,40
259,‫شمس عبدالحميد غني (عبد الحميد)‬‎,"Je n'ai acheté chez eux qu'une carte SIM, mais leur Wi-Fi est complètement hors service.",2023,7,29,0.0,carte sim et réseau,88
259,Ilham Eddahby,Vous êtes des voleurs qui gagnez 200 dirhams par mois et qui ensuite les coupent tous les jours.,2019,7,30,0.54,autre,96
259,ساعد المالكي,Belle entreprise de télécommunications au Maroc..,2022,7,29,0.89,autre,49
259,HL HAMID,mauvais service,2024,7,28,-0.85,attente en agence et personnel,15
259,Smail Elhwat,Bonne communication,2020,7,29,0.96,autre,19
259,Hjvhg Vjhvgh,Service excellent,2020,7,29,0.96,attente en agence et personnel,17
259,Nourdine Nourdine,bien,2023,7,29,0.96,autre,4
260,Ala Chababi,Très bon service. Le revendeur est très serviable,2020,7,29,0.98,attente en agence et personnel,49
260,Bouchaib Ech-chabbi,Settat,2021,7,29,0.59,autre,6
260,Zineb Solaihi,L'arnaque 👎👎👎👎,2020,7,29,-0.62,facturation et prix,14
260,زكرياء سابع,"Agence Inwi, Settat, Nzala Cheikh, rue Haj Bouchaib Ben Labssir, face au marché Chotiba.",2021,7,29,0.5,attente en agence et personnel,88
260,Hossin Oqaili,C'est la première fois que je termine. Le service est incroyable ! 😍😍😍,2022,7,29,-0.63,attente en agence et personnel,70
260,العابس الملك,Que Dieu soit avec toi,2025,10,31,0.55,autre,22
260,Hamiti202 Hicham,Personnel très aimable,2020,7,29,0.89,attente en agence et personnel,22
260,EL ARBI ABDOUNI,Maziane,2024,7,28,0.59,autre,7
260,Amine As,Bghit n9ol tbrklah ela siyed li khedam tmaaaak vrmt kay5alik t5roj satisfait ♥️,2026,7,7,0.52,autre,79
261,Hama Vtc,"J’ai une très bonne expérience, la conseillère m’a très rapidement débloqué la situation, je la remercie personnel de qualité",2025,11,30,0.75,attente en agence et personnel,125
261,c5,"J’ai souscris à un abonnement Adsl xtra (une extra entourloupe) dans cette agence, le 29.12.2023.",2024,7,28,0.4,internet fibre et box,97
261,N CHARGUI,Boutique d’escrocs! Le pseudo-conseiller a contracté un abonnement avec engagement d’un an sans m’en avoir informé !,2026,7,28,-0.75,service client et assistance,116
261,ABDESSAMAD ABDELOIHIDIN,"J'appelle le téléphone mais le répondeur automatique me préviens que ce numéro n'est pas attribué, veuillez procéder à l'arrangement de ce problème",2026,7,28,-0.45,service client et assistance,147
261,YASSINE El,Service rapide et conseillé clientèle professionnel,2018,7,30,0.78,attente en agence et personnel,51
261,sanae el matni,Très bien,2020,7,29,0.99,autre,9
261,Hasnaoui Mustapha,Propre. Personnel  très gentil.,2020,7,29,0.65,attente en agence et personnel,31
261,Mohamed Ghailan,Nice place,2018,7,30,0.75,autre,10
261,Davide Marino,"Ce sont des arnaqueurs ! Ils m'ont fait revenir trois fois parce que la connexion internet ne fonctionnait pas, puis ils ont prétendu que le problème venait de mon téléphone et m'ont envoyé voir quelqu'un pour le vérifier. Mon téléphone",2026,4,29,-0.89,service client et assistance,236
261,Sebastiaan Kikkert,"Je ne recommande absolument pas cette boutique Inwi. La carte SIM que j'ai reçue était censée fonctionner après trois heures de traitement. Or, elle était désactivée (le service client d'Inwi me l'a confirmé, mais n'a pas pu résoudre mon",2024,7,28,-0.6,carte sim et réseau,237
261,Tatyanna Wilkinson,Service toujours excellent.,2026,2,28,0.97,attente en agence et personnel,27
261,José Felix Correa Hernández,Cela faisait longtemps que je n'avais pas vu une personne aussi impolie.,2025,9,1,-0.7,autre,72
261,OUBEL Design,Mauvais service je ne le recommande pas seulement à Larache,2021,7,29,0.0,attente en agence et personnel,59
261,Septembre J,Expérience formidable,2025,10,1,0.77,autre,21
261,VIN47,Service client déplorable,2024,7,28,-0.76,attente en agence et personnel,25
261,aymane Rokni,Je ne sais pas trop hh,2020,7,29,-0.4,autre,22
261,SPKCHKTL SPKCHKTL,Inwi,2020,7,29,0.52,autre,4
261,Hafida Elabiad,Surgenord,2020,7,29,0.56,autre,9
261,abdalouahad rochd,excellent,2020,7,29,0.97,autre,9
261,BEN AZZOUZ,Bon service,2020,7,29,0.92,attente en agence et personnel,11
261,Saida Mejoud,Services,2019,7,30,0.56,autre,8
261,Abou salah,faible,2020,7,29,0.52,autre,6
262,Momo Horoscope,Générations 5G migration 5G bien,2026,4,29,0.76,carte sim et réseau,32
262,Mohamed Ali DHIBA,Bon service client. Rigueur et accueil. La restitution de la garantie a été moins que ce que j'ai déposé au début. Mais c'est pas grave. Bon continuation.,2023,7,29,0.79,attente en agence et personnel,154
262,ABDESSAMAD ABDELOIHIDIN,J'appelle le téléphone mais sans réponse,2026,7,28,0.0,service client et assistance,40
262,Société Med horoscope trans s.a.r.l,Bien,2026,7,28,0.75,autre,4
262,Ahmed el boulifi,Mauvaise reception,2021,7,29,0.58,autre,18
262,Mourad Abdou,Bonne  services,2023,7,29,0.96,autre,15
262,Simohamed Rabie t,👍👍,2024,7,28,0.42,autre,2
262,Septembre J,Ce n'était pas bon. Il parlait au téléphone. Un minimum d'effort.,2025,10,1,-0.75,service client et assistance,65
262,Hanna Limiszewska,"Super, le monsieur nous a beaucoup aidé, nous a bien expliqué et nous avons acheté Internet sans aucun problème.",2024,7,28,0.88,autre,112
262,Said Kanoufi,Siyad li tama so9o khawi mo3amala 0.,2024,7,28,0.44,autre,36
262,Yassine Faiz,Service médiocre de la part du personnel de l'agence,2020,7,29,0.6,attente en agence et personnel,52
262,Donatien Dao,Le service n'est pas mauvais,2024,7,28,0.45,attente en agence et personnel,28
262,Albini,Bien,2025,10,1,0.75,autre,4
262,Sayeh Moad,👌,2023,7,29,0.42,autre,1
262,Mohamed Ghailan,Bons services,2018,7,30,0.93,autre,13
262,redouane zniker,région de Khénifra,2020,7,29,0.51,autre,18
