num_agence,nom_agence,adresse,ville,operateur,url
1,inwi - Siège,"
Boulevard Sidi Mohamed Ben Abdellah, Casablanca",Casablanca,INWI,"https://www.google.com/maps/place/inwi+-+Si%C3%A8ge/@33.5383962,-7.7944367,12z/data=!4m10!1m2!2m1!1sINWI+Casablanca!3m6!1s0xda62d17e01c09e1:0x3fa77d0a38243c68!8m2!3d33.5383962!4d-7.6420014!15sCg9JTldJIENhc2FibGFuY2EiA4gBAVoRIg9pbndpIGNhc2FibGFuY2GSASN0ZWxlY29tbXVuaWNhdGlvbnNfc2VydmljZV9wcm92aWRlcuABAA!16s%2Fg%2F1tg7tc8q?entry=ttu&g_ep=EgoyMDI2MDQyMS4wIKXMDSoASAFQAw%3D%3D"
2,Boutique inwi,"
N°51 Bd d'Anfa, Casablanca 20250",Casablanca,INWI,"https://www.google.com/maps/place/Boutique+inwi/@33.5383962,-7.7944367,12z/data=!4m10!1m2!2m1!1sINWI+Casablanca!3m6!1s0xda7d29265127a3f:0xb82cd8319e6f3f7!8m2!3d33.5936655!4d-7.6298346!15sCg9JTldJIENhc2FibGFuY2EiA4gBAVoRIg9pbndpIGNhc2FibGFuY2GSARBjZWxsX3Bob25lX3N0b3Jl4AEA!16s%2Fg%2F1hdywqr2r?entry=ttu&g_ep=EgoyMDI2MDQyMS4wIKXMDSoASAFQAw%3D%3D"
3,inwi,"
Boulevard Bir Anzarane, Casablanca",Casablanca,INWI,"https://www.google.com/maps/place/inwi/@33.5383962,-7.7944367,12z/data=!4m10!1m2!2m1!1sINWI+Casablanca!3m6!1s0xda7d2c27dae75b5:0x85af9f083cb8ff84!8m2!3d33.5824341!4d-7.6410419!15sCg9JTldJIENhc2FibGFuY2EiA4gBAVoRIg9pbndpIGNhc2FibGFuY2GSAQhzaG9wcGluZ5oBI0NoWkRTVWhOTUc5blMwVkpRMEZuU1VOc01VdGZXa2RuRUFF4AEA-gEECAAQJw!16s%2Fg%2F1vpq87k1?entry=ttu&g_ep=EgoyMDI2MDQyMS4wIKXMDSoASAFQAw%3D%3D"
4,Boutique inwi,"
Angle Bd hassan II et Bd de Paris, Casablanca",Casablanca,INWI,"https://www.google.com/maps/place/Boutique+inwi/@33.5383962,-7.7944367,12z/data=!4m10!1m2!2m1!1sINWI+Casablanca!3m6!1s0xda7d29b0f296e4b:0x11b3e029b910552e!8m2!3d33.593!4d-7.6187215!15sCg9JTldJIENhc2FibGFuY2EiA4gBAZIBEGNlbGxfcGhvbmVfc3RvcmXgAQA!16s%2Fg%2F11df3qyy2c?entry=ttu&g_ep=EgoyMDI2MDQyMS4wIKXMDSoASAFQAw%3D%3D"
5,Boutique inwi,"
219 Bd Mohammed Zerktouni, Casablanca 20250",Casablanca,INWI,"https://www.google.com/maps/place/Boutique+inwi/@33.5383962,-7.7944367,12z/data=!4m10!1m2!2m1!1sINWI+Casablanca!3m6!1s0xda7d2eca203e8c9:0x289b576ed4ab812!8m2!3d33.5892329!4d-7.6345617!15sCg9JTldJIENhc2FibGFuY2EiA4gBAZIBEGNlbGxfcGhvbmVfc3RvcmXgAQA!16s%2Fg%2F11df3qwl7l?entry=ttu&g_ep=EgoyMDI2MDQyMS4wIKXMDSoASAFQAw%3D%3D"
6,Boutique inwi,"
N°355, Bd Driss El Harti, Casablanca",Casablanca,INWI,"https://www.google.com/maps/place/Boutique+inwi/@33.5383962,-7.7944367,12z/data=!4m10!1m2!2m1!1sINWI+Casablanca!3m6!1s0xda632dc5e38d4cb:0x87f8595a3cc389c7!8m2!3d33.5465547!4d-7.5759992!15sCg9JTldJIENhc2FibGFuY2EiA4gBAVoRIg9pbndpIGNhc2FibGFuY2GSARBjZWxsX3Bob25lX3N0b3Jl4AEA!16s%2Fg%2F11dz1cdfv0?entry=ttu&g_ep=EgoyMDI2MDQyMS4wIKXMDSoASAFQAw%3D%3D"
7,Win by inwi,"
Où tu veux, win by inwi, 10000",Casablanca,INWI,"https://www.google.com/maps/place/Win+by+inwi/@33.5383962,-7.7944367,12z/data=!4m10!1m2!2m1!1sINWI+Casablanca!3m6!1s0xda877c1cd8f319b:0xa111b8b193062a8d!8m2!3d33.5385741!4d-7.6418449!15sCg9JTldJIENhc2FibGFuY2EiA4gBAVoRIg9pbndpIGNhc2FibGFuY2GSARF0ZWxlcGhvbmVfY29tcGFueZoBRENpOURRVWxSUVVOdlpFTm9kSGxqUmpsdlQyMUZlazlJUms1Wk1HOHlWR3RPWVZVeVRtNWhNRFZoVG1wT1JFMUZSUkFC4AEA-gEECAAQHg!16s%2Fg%2F11h7v75xrx?entry=ttu&g_ep=EgoyMDI2MDQyMS4wIKXMDSoASAFQAw%3D%3D"
8,Boutique inwi,"
Angle rue François Ponsard & Rue Cellini, Résidence Val Joli, Derb Ghalef, Casablanca",Casablanca,INWI,"https://www.google.com/maps/place/Boutique+inwi/@33.5383962,-7.7944367,12z/data=!4m10!1m2!2m1!1sINWI+Casablanca!3m6!1s0xda7d2b74dba2eb9:0x7cc678161b8b752a!8m2!3d33.5719602!4d-7.6279891!15sCg9JTldJIENhc2FibGFuY2EiA4gBAVoRIg9pbndpIGNhc2FibGFuY2GSARBjZWxsX3Bob25lX3N0b3Jl4AEA!16s%2Fg%2F11dz1chl72?entry=ttu&g_ep=EgoyMDI2MDQyMS4wIKXMDSoASAFQAw%3D%3D"
9,Boutique inwi,"
103 Bd d'Afghanistan, Casablanca 20250",Casablanca,INWI,"https://www.google.com/maps/place/Boutique+inwi/@33.5383962,-7.7944367,12z/data=!4m10!1m2!2m1!1sINWI+Casablanca!3m6!1s0xda7d338569a4775:0x3bc82eb4221c0d6f!8m2!3d33.5722396!4d-7.6740887!15sCg9JTldJIENhc2FibGFuY2EiA4gBAVoRIg9pbndpIGNhc2FibGFuY2GSARBjZWxsX3Bob25lX3N0b3Jl4AEA!16s%2Fg%2F11dz1cfl10?entry=ttu&g_ep=EgoyMDI2MDQyMS4wIKXMDSoASAFQAw%3D%3D"
10,Boutique inwi,"
42 Bd du 11janvier, Casablanca 20250",Casablanca,INWI,"https://www.google.com/maps/place/Boutique+inwi/@33.5383962,-7.7944367,12z/data=!4m10!1m2!2m1!1sINWI+Casablanca!3m6!1s0xda7d29c3bf0f21f:0x288da742c9372be7!8m2!3d33.5911238!4d-7.6152232!15sCg9JTldJIENhc2FibGFuY2EiA4gBAVoRIg9pbndpIGNhc2FibGFuY2GSARBjZWxsX3Bob25lX3N0b3Jl4AEA!16s%2Fg%2F11df3qwdg1?entry=ttu&g_ep=EgoyMDI2MDQyMS4wIKXMDSoASAFQAw%3D%3D"
11,Boutique inwi,"
205 Bd de la Croix, Casablanca 20250",Casablanca,INWI,"https://www.google.com/maps/place/Boutique+inwi/@33.5383962,-7.7944367,12z/data=!4m10!1m2!2m1!1sINWI+Casablanca!3m6!1s0xda7cd47e46cd45b:0xbc09a0160f0880a2!8m2!3d33.57528!4d-7.590668!15sCg9JTldJIENhc2FibGFuY2EiA4gBAVoRIg9pbndpIGNhc2FibGFuY2GSARBjZWxsX3Bob25lX3N0b3Jl4AEA!16s%2Fg%2F11df3qy2dq?entry=ttu&g_ep=EgoyMDI2MDQyMS4wIKXMDSoASAFQAw%3D%3D"
12,Boutique inwi,"
Angle bd Bir Anzarane et Caid Al Achtar, Casablanca",Casablanca,INWI,"https://www.google.com/maps/place/Boutique+inwi/@33.5383962,-7.7944367,12z/data=!4m10!1m2!2m1!1sINWI+Casablanca!3m6!1s0xda7d2c27debfc6f:0x22c27215ecb1e2a7!8m2!3d33.5823786!4d-7.6412673!15sCg9JTldJIENhc2FibGFuY2EiA4gBAVoRIg9pbndpIGNhc2FibGFuY2GSARBjZWxsX3Bob25lX3N0b3Jl4AEA!16s%2Fg%2F11dz3wfmml?entry=ttu&g_ep=EgoyMDI2MDQyMS4wIKXMDSoASAFQAw%3D%3D"
13,Boutique inwi,"
Bd Haj Fateh, Casablanca",Casablanca,INWI,"https://www.google.com/maps/place/Boutique+inwi/@33.5383962,-7.7944367,12z/data=!4m10!1m2!2m1!1sINWI+Casablanca!3m6!1s0xda62cb9ab34321b:0x4ffd67ab9bd3ecf0!8m2!3d33.544333!4d-7.6788663!15sCg9JTldJIENhc2FibGFuY2EiA4gBAZIBEGNlbGxfcGhvbmVfc3RvcmXgAQA!16s%2Fg%2F11df3qwzz1?entry=ttu&g_ep=EgoyMDI2MDQyMS4wIKXMDSoASAFQAw%3D%3D"
14,Boutique inwi,"
Angle avenue Yâacoub El Mansour & avenue Socrate, Casablanca",Casablanca,INWI,"https://www.google.com/maps/place/Boutique+inwi/@33.5383962,-7.7944367,12z/data=!4m10!1m2!2m1!1sINWI+Casablanca!3m6!1s0xda7d2c4dea44deb:0x573722d687f4fbac!8m2!3d33.5748463!4d-7.6430226!15sCg9JTldJIENhc2FibGFuY2EiA4gBAVoRIg9pbndpIGNhc2FibGFuY2GSARBjZWxsX3Bob25lX3N0b3Jl4AEA!16s%2Fg%2F11dz3x6rcw?entry=ttu&g_ep=EgoyMDI2MDQyMS4wIKXMDSoASAFQAw%3D%3D"
15,Boutique inwi,"
Angle avenue Yâacoub El Mansour & avenue Socrate, Casablanca",Casablanca,INWI,"https://www.google.com/maps/place/Boutique+inwi/@33.5383962,-7.7944367,12z/data=!4m10!1m2!2m1!1sINWI+Casablanca!3m6!1s0xda7cd6e7906b9d9:0xb6e6653db4c42fc0!8m2!3d33.594526!4d-7.5953035!15sCg9JTldJIENhc2FibGFuY2EiA4gBAVoRIg9pbndpIGNhc2FibGFuY2GSARBjZWxsX3Bob25lX3N0b3Jl4AEA!16s%2Fg%2F11df3qyc2p?entry=ttu&g_ep=EgoyMDI2MDQyMS4wIKXMDSoASAFQAw%3D%3D"
16,Boutique inwi,"
Marjane Ain Sebaâ, Quartier Beausite, Casablanca, Casablanca",Casablanca,INWI,"https://www.google.com/maps/place/Boutique+inwi/@33.5957,-7.6829458,12z/data=!4m10!1m2!2m1!1sINWI+Casablanca!3m6!1s0xda7cc9fb3d3f9b1:0xeef7b331e84a227c!8m2!3d33.5957!4d-7.5305105!15sCg9JTldJIENhc2FibGFuY2EiA4gBAVoRIg9pbndpIGNhc2FibGFuY2GSARBjZWxsX3Bob25lX3N0b3Jl4AEA!16s%2Fg%2F12hpyq7np?entry=ttu&g_ep=EgoyMDI2MDQyMS4wIKXMDSoASAFQAw%3D%3D"
17,Boutique inwi,"
Marjane Derb Sultane, Bd Mohammed VI Angle Bd Abou Bouchaib Doukkali, Casablanca, Casablanca",Casablanca,INWI,"https://www.google.com/maps/place/Boutique+inwi/@33.5957,-7.6829458,12z/data=!4m10!1m2!2m1!1sINWI+Casablanca!3m6!1s0xda632b48d82faa9:0x8d66a700cc4b50e!8m2!3d33.56142!4d-7.5939799!15sCg9JTldJIENhc2FibGFuY2EiA4gBAVoRIg9pbndpIGNhc2FibGFuY2GSARBjZWxsX3Bob25lX3N0b3JlmgEkQ2hkRFNVaE5NRzluUzBWSlEwRm5TVVJLWDNaMVUzQkJSUkFC4AEA-gEECAAQOg!16s%2Fg%2F11df3r0b7v?entry=ttu&g_ep=EgoyMDI2MDQyMS4wIKXMDSoASAFQAw%3D%3D"
18,Boutique inwi,"
Marjane Californie, Route de Bouskoura, Casablanca",Casablanca,INWI,"https://www.google.com/maps/place/Boutique+inwi/@33.54449,-7.7925585,12z/data=!4m10!1m2!2m1!1sINWI+Casablanca!3m6!1s0xda62d3b8c4f27d1:0x8daa172b59d578e5!8m2!3d33.54449!4d-7.6401232!15sCg9JTldJIENhc2FibGFuY2EiA4gBAVoRIg9pbndpIGNhc2FibGFuY2GSARBjZWxsX3Bob25lX3N0b3Jl4AEA!16s%2Fg%2F11dz3xnvz1?entry=ttu&g_ep=EgoyMDI2MDQyMS4wIKXMDSoASAFQAw%3D%3D"
19,Boutique inwi,"
N° 17, Bd Mohamed Zefzaf, Casablanca",Casablanca,INWI,"https://www.google.com/maps/place/Boutique+inwi/@33.59211,-7.6510831,12z/data=!4m10!1m2!2m1!1sINWI+Casablanca!3m6!1s0xda7cb15f17c82cb:0x3f18fae9fc0db713!8m2!3d33.59211!4d-7.4986478!15sCg9JTldJIENhc2FibGFuY2EiA4gBAVoRIg9pbndpIGNhc2FibGFuY2GSARBjZWxsX3Bob25lX3N0b3Jl4AEA!16s%2Fg%2F11df3qy8v6?entry=ttu&g_ep=EgoyMDI2MDQyMS4wIKXMDSoASAFQAw%3D%3D"
20,Boutique inwi,"
32 Bd Driss El Harti - hay My Rchid, Casablanca",Casablanca,INWI,"https://www.google.com/maps/place/Boutique+inwi/@33.59211,-7.6510831,12z/data=!4m10!1m2!2m1!1sINWI+Casablanca!3m6!1s0xda6333599298473:0xf49261609a7f969a!8m2!3d33.5635561!4d-7.5477679!15sCg9JTldJIENhc2FibGFuY2EiA4gBAVoRIg9pbndpIGNhc2FibGFuY2GSARBjZWxsX3Bob25lX3N0b3JlmgEjQ2haRFNVaE5NRzluUzBWSlEwRm5TVVJpYkdaVE0wMW5FQUXgAQD6AQQIABAN!16s%2Fg%2F11dz1cfy63?entry=ttu&g_ep=EgoyMDI2MDQyMS4wIKXMDSoASAFQAw%3D%3D"
21,Boutique inwi,"
N° 359 bd chouhada, Casablanca 20250",Casablanca,INWI,"https://www.google.com/maps/place/Boutique+inwi/@33.59211,-7.6510831,12z/data=!4m10!1m2!2m1!1sINWI+Casablanca!3m6!1s0xda7cd1fdffab875:0xe621faf68cd5d7ff!8m2!3d33.5887976!4d-7.5680918!15sCg9JTldJIENhc2FibGFuY2EiA4gBAVoRIg9pbndpIGNhc2FibGFuY2GSARBjZWxsX3Bob25lX3N0b3JlmgEkQ2hkRFNVaE5NRzluUzBWSlEwRm5TVU5vTFRsNVJYQjNSUkFC4AEA-gEECAAQDg!16s%2Fg%2F11df3qzwnz?entry=ttu&g_ep=EgoyMDI2MDQyMS4wIKXMDSoASAFQAw%3D%3D"
22,Boutique inwi,"
Av. des Forces Auxiliaires, Casablanca 20250",Casablanca,INWI,"https://www.google.com/maps/place/Boutique+inwi/@33.59211,-7.6510831,12z/data=!4m10!1m2!2m1!1sINWI+Casablanca!3m6!1s0xda7cccde3d6ecfb:0x240fd2111bbab9b!8m2!3d33.5706544!4d-7.5562576!15sCg9JTldJIENhc2FibGFuY2EiA4gBAZIBEGNlbGxfcGhvbmVfc3RvcmXgAQA!16s%2Fg%2F11dz1cjd9b?entry=ttu&g_ep=EgoyMDI2MDQyMS4wIKXMDSoASAFQAw%3D%3D"
23,Boutique inwi,"
N° 308 Bd La Grande ceinture,Panoramique, Casablanca",Casablanca,INWI,"https://www.google.com/maps/place/Boutique+inwi/@33.5544536,-7.7534838,12z/data=!4m10!1m2!2m1!1sINWI+Casablanca!3m6!1s0xda632afd13082e5:0x8c7c24f6c017fa1!8m2!3d33.5544536!4d-7.6010485!15sCg9JTldJIENhc2FibGFuY2EiA4gBAVoRIg9pbndpIGNhc2FibGFuY2GSARBjZWxsX3Bob25lX3N0b3JlmgEjQ2haRFNVaE5NRzluUzBWSlEwRm5TVVJzY1dFMlpVTlJFQUXgAQD6AQQIABAf!16s%2Fg%2F11c56r55bm?entry=ttu&g_ep=EgoyMDI2MDQyMS4wIKXMDSoASAFQAw%3D%3D"
24,Boutique inwi,"
Route 1029, Résidence Médina Sidi Maarouf, Casablanca",Casablanca,INWI,"https://www.google.com/maps/place/Boutique+inwi/@33.5544536,-7.7534838,12z/data=!4m10!1m2!2m1!1sINWI+Casablanca!3m6!1s0xda62d0352370311:0x2315d9b1adb45e51!8m2!3d33.5269287!4d-7.6500902!15sCg9JTldJIENhc2FibGFuY2EiA4gBAVoRIg9pbndpIGNhc2FibGFuY2GSARBjZWxsX3Bob25lX3N0b3JlmgEjQ2haRFNVaE5NRzluUzBWSlEwRm5TVU5vYjFvMk9XTlJFQUXgAQD6AQQIABAm!16s%2Fg%2F11df3qynnf?entry=ttu&g_ep=EgoyMDI2MDQyMS4wIKXMDSoASAFQAw%3D%3D"
25,Boutique inwi,"
N°26, 3 Av. Mohamed Bouziane, Casablanca 20670",Casablanca,INWI,"https://www.google.com/maps/place/Boutique+inwi/@33.5544536,-7.7534838,12z/data=!4m10!1m2!2m1!1sINWI+Casablanca!3m6!1s0xda6332db908b7d9:0xcf9f0ed780001d0d!8m2!3d33.5618518!4d-7.558939!15sCg9JTldJIENhc2FibGFuY2EiA4gBAVoRIg9pbndpIGNhc2FibGFuY2GSARBjZWxsX3Bob25lX3N0b3JlmgEjQ2haRFNVaE5NRzluUzBWSlEwRm5TVU5QTjFCdVUwMW5FQUXgAQD6AQQIABAc!16s%2Fg%2F11df3qyjp2?entry=ttu&g_ep=EgoyMDI2MDQyMS4wIKXMDSoASAFQAw%3D%3D"
26,Boutique inwi,"
N°68 Bd Oued Melouya, Casablanca",Casablanca,INWI,"https://www.google.com/maps/place/Boutique+inwi/@33.5544536,-7.7534838,12z/data=!4m10!1m2!2m1!1sINWI+Casablanca!3m6!1s0xda62cb43e43115f:0xae7bbaefe99c0d3d!8m2!3d33.5538394!4d-7.680301!15sCg9JTldJIENhc2FibGFuY2EiA4gBAVoRIg9pbndpIGNhc2FibGFuY2GSARBjZWxsX3Bob25lX3N0b3JlmgEjQ2haRFNVaE5NRzluUzBWSlEwRm5TVU5QWjAxUVJWVm5FQUXgAQD6AQQIABAs!16s%2Fg%2F11dz1cgqks?entry=ttu&g_ep=EgoyMDI2MDQyMS4wIKXMDSoASAFQAw%3D%3D"
27,Boutique inwi,"
8 , Bd Colonel Allam - Lalla Meriem, Casablanca",Casablanca,INWI,"https://www.google.com/maps/place/Boutique+inwi/@33.5544536,-7.7534838,12z/data=!4m10!1m2!2m1!1sINWI+Casablanca!3m6!1s0xda63336a8e9230b:0x4162c4a5a66433ab!8m2!3d33.5604197!4d-7.5517872!15sCg9JTldJIENhc2FibGFuY2EiA4gBAVoRIg9pbndpIGNhc2FibGFuY2GSARBjZWxsX3Bob25lX3N0b3JlmgEjQ2haRFNVaE5NRzluUzBWSlEwRm5TVU5QTlhJemVWUlJFQUXgAQD6AQQIABAN!16s%2Fg%2F11dz1cggqj?entry=ttu&g_ep=EgoyMDI2MDQyMS4wIKXMDSoASAFQAw%3D%3D"
28,Boutique inwi,"
Marjane Derb Sultane, Bd Mohammed VI Angle Bd Abou Bouchaib Doukkali, Casablanca, Casablanca",Casablanca,INWI,"https://www.google.com/maps/place/Boutique+inwi/@33.5544536,-7.7534838,12z/data=!4m10!1m2!2m1!1sINWI+Casablanca!3m6!1s0xda632b48d82faa9:0x8d66a700cc4b50e!8m2!3d33.56142!4d-7.5939799!15sCg9JTldJIENhc2FibGFuY2EiA4gBAVoRIg9pbndpIGNhc2FibGFuY2GSARBjZWxsX3Bob25lX3N0b3JlmgEkQ2hkRFNVaE5NRzluUzBWSlEwRm5TVVJLWDNaMVUzQkJSUkFC4AEA-gEECAAQOg!16s%2Fg%2F11df3r0b7v?entry=ttu&g_ep=EgoyMDI2MDQyMS4wIKXMDSoASAFQAw%3D%3D"
29,Boutique inwi,"
5, établissemnt Jawhara - Sidi Moumen, Casablanca",Casablanca,INWI,"https://www.google.com/maps/place/Boutique+inwi/@33.5544536,-7.7534838,12z/data=!4m10!1m2!2m1!1sINWI+Casablanca!3m6!1s0xda7cb66dfe68ed9:0xb3681bba63743308!8m2!3d33.5933!4d-7.5179858!15sCg9JTldJIENhc2FibGFuY2EiA4gBAVoRIg9pbndpIGNhc2FibGFuY2GSARBjZWxsX3Bob25lX3N0b3JlmgFEQ2k5RFFVbFJRVU52WkVOb2RIbGpSamx2VDJ4YWRsWXdPVFpoU0Vwb1kxWkZNVkpHU2xsbFJHUldXbXR3VTJNell4QULgAQD6AQUIvgIQLA!16s%2Fg%2F11df3q_0ly?entry=ttu&g_ep=EgoyMDI2MDQyMS4wIKXMDSoASAFQAw%3D%3D"
30,Boutique inwi,"
N°57 Rue Bâakil, Casablanca",Casablanca,INWI,"https://www.google.com/maps/place/Boutique+inwi/@33.5544536,-7.7534838,12z/data=!4m10!1m2!2m1!1sINWI+Casablanca!3m6!1s0xda7d2f0a903a161:0xd82cedd2ad3a818d!8m2!3d33.59892!4d-7.6437611!15sCg9JTldJIENhc2FibGFuY2EiA4gBAVoRIg9pbndpIGNhc2FibGFuY2GSARBjZWxsX3Bob25lX3N0b3JlmgEjQ2haRFNVaE5NRzluUzBWSlEwRm5TVU5DY0RodExVRm5FQUXgAQD6AQQIABAh!16s%2Fg%2F11df3qyyx8?entry=ttu&g_ep=EgoyMDI2MDQyMS4wIKXMDSoASAFQAw%3D%3D"
31,Boutique inwi,"
Marjane Hay Hassani, Bd Oued Abi Raqraq Angle rue Oued Laou, Casablanca",Casablanca,INWI,"https://www.google.com/maps/place/Boutique+inwi/@33.5544536,-7.7534838,12z/data=!4m10!1m2!2m1!1sINWI+Casablanca!3m6!1s0xda7d33627252d1b:0xf8e19cd10e2cc921!8m2!3d33.5658787!4d-7.6764538!15sCg9JTldJIENhc2FibGFuY2EiA4gBAVoRIg9pbndpIGNhc2FibGFuY2GSARBjZWxsX3Bob25lX3N0b3JlmgEkQ2hkRFNVaE5NRzluUzBWSlEwRm5TVVJQZEUxWWVISlJSUkFC4AEA-gEECAAQQA!16s%2Fg%2F11df3q_f5v?entry=ttu&g_ep=EgoyMDI2MDQyMS4wIKXMDSoASAFQAw%3D%3D"
32,Boutique inwi,"
Rés. Jawharate, 131 Bd Abdelmoumen, Casablanca 20250",Casablanca,INWI,"https://www.google.com/maps/place/Boutique+inwi/@33.5544536,-7.7534838,12z/data=!4m10!1m2!2m1!1sINWI+Casablanca!3m6!1s0xda7d2bb9a7892f9:0x951404aee16935ca!8m2!3d33.577193!4d-7.6254121!15sCg9JTldJIENhc2FibGFuY2EiA4gBAVoRIg9pbndpIGNhc2FibGFuY2GSARBjZWxsX3Bob25lX3N0b3JlmgEjQ2haRFNVaE5NRzluUzBWSlEwRm5UVU4zY0RkRWJGbDNFQUXgAQD6AQQIABAY!16s%2Fg%2F11df3qzg1l?entry=ttu&g_ep=EgoyMDI2MDQyMS4wIKXMDSoASAFQAw%3D%3D"
33,Boutique inwi,"
A56 Hay Najah Sidi Mâarouf, Casablanca",Casablanca,INWI,"https://www.google.com/maps/place/Boutique+inwi/@33.5544536,-7.7534838,12z/data=!4m10!1m2!2m1!1sINWI+Casablanca!3m6!1s0xda62c554bad9141:0x4db255fc56776f07!8m2!3d33.5140828!4d-7.6550043!15sCg9JTldJIENhc2FibGFuY2EiA4gBAVoRIg9pbndpIGNhc2FibGFuY2GSARBjZWxsX3Bob25lX3N0b3JlmgFEQ2k5RFFVbFJRVU52WkVOb2RIbGpSamx2VDJ0amVsbFVTa1JPTW1oQ1pVUk5lbFp1VmxGVU1VSXlaVVZHTVZaWVl4QULgAQD6AQQIABAY!16s%2Fg%2F11dz3wkmks?entry=ttu&g_ep=EgoyMDI2MDQyMS4wIKXMDSoASAFQAw%3D%3D"
34,Boutique inwi,"
N° 88 BD la Résistance, Casablanca",Casablanca,INWI,"https://www.google.com/maps/place/Boutique+inwi/@33.5544536,-7.7534838,12z/data=!4m10!1m2!2m1!1sINWI+Casablanca!3m6!1s0xda7cd6437cc8081:0xa7c5fd9c38b528c6!8m2!3d33.5920933!4d-7.6039068!15sCg9JTldJIENhc2FibGFuY2EiA4gBAZIBEGNlbGxfcGhvbmVfc3RvcmXgAQA!16s%2Fg%2F11dz1chm21?entry=ttu&g_ep=EgoyMDI2MDQyMS4wIKXMDSoASAFQAw%3D%3D"
35,inwi,"
Boulevard Bir Anzarane, Casablanca",Casablanca,INWI,"https://www.google.com/maps/place/inwi/@33.5544536,-7.7534838,12z/data=!4m10!1m2!2m1!1sINWI+Casablanca!3m6!1s0xda7d2c27dae75b5:0x85af9f083cb8ff84!8m2!3d33.5824341!4d-7.6410419!15sCg9JTldJIENhc2FibGFuY2EiA4gBAVoRIg9pbndpIGNhc2FibGFuY2GSAQhzaG9wcGluZ5oBI0NoWkRTVWhOTUc5blMwVkpRMEZuU1VOc01VdGZXa2RuRUFF4AEA-gEECAAQJw!16s%2Fg%2F1vpq87k1?entry=ttu&g_ep=EgoyMDI2MDQyMS4wIKXMDSoASAFQAw%3D%3D"
36,Boutique inwi,"
Gare ONCF Casa port, Casablanca",Casablanca,INWI,"https://www.google.com/maps/place/Boutique+inwi/@33.5544536,-7.7534838,12z/data=!4m10!1m2!2m1!1sINWI+Casablanca!3m6!1s0xda7d2827936beeb:0x62d1dc587d232df4!8m2!3d33.599146!4d-7.6130047!15sCg9JTldJIENhc2FibGFuY2EiA4gBAVoRIg9pbndpIGNhc2FibGFuY2GSARBjZWxsX3Bob25lX3N0b3JlmgFEQ2k5RFFVbFJRVU52WkVOb2RIbGpSamx2VDI1R2JGcHJSalZXTTBKNVdUSldWMVZJUmxkWlZYQlhZbXc1TVZFell4QULgAQD6AQQIABBC!16s%2Fg%2F11df3qxz4r?entry=ttu&g_ep=EgoyMDI2MDQyMS4wIKXMDSoASAFQAw%3D%3D"
37,Boutique inwi,"
Morocco Mall, Angle bd de la Corniche et bd de l'océan, Casablanca",Casablanca,INWI,"https://www.google.com/maps/place/Boutique+inwi/@33.5751113,-7.8607781,12z/data=!4m10!1m2!2m1!1sINWI+Casablanca!3m6!1s0xda7d4a345b08e39:0xa11ce9ba61e10a90!8m2!3d33.5751113!4d-7.7083428!15sCg9JTldJIENhc2FibGFuY2EiA4gBAZIBEGNlbGxfcGhvbmVfc3RvcmXgAQA!16s%2Fg%2F11dz1cj430?entry=ttu&g_ep=EgoyMDI2MDQyMS4wIKXMDSoASAFQAw%3D%3D"
38,Boutique inwi,"
Hay al Masjid, 226 Av. 2 Mars, Casablanca 20250",Casablanca,INWI,"https://www.google.com/maps/place/Boutique+inwi/@33.5751113,-7.8607781,12z/data=!4m10!1m2!2m1!1sINWI+Casablanca!3m6!1s0xda7cd553d1980cb:0x4d159e6d322e6766!8m2!3d33.5639787!4d-7.6095577!15sCg9JTldJIENhc2FibGFuY2EiA4gBAVoRIg9pbndpIGNhc2FibGFuY2GSARBjZWxsX3Bob25lX3N0b3Jl4AEA!16s%2Fg%2F11dz1chnmn?entry=ttu&g_ep=EgoyMDI2MDQyMS4wIKXMDSoASAFQAw%3D%3D"
39,Boutique inwi,"
Bd El khalil hay Moulay Abdellah, Casablanca",Casablanca,INWI,"https://www.google.com/maps/place/Boutique+inwi/@33.54797,-7.7517022,12z/data=!4m10!1m2!2m1!1sINWI+Casablanca!3m6!1s0xda632bb3fef60af:0x4b2cd42410e49798!8m2!3d33.54797!4d-7.5992669!15sCg9JTldJIENhc2FibGFuY2EiA4gBAVoRIg9pbndpIGNhc2FibGFuY2GSARBjZWxsX3Bob25lX3N0b3JlmgEjQ2haRFNVaE5NRzluUzBWSlEwRm5TVU10WjAxUGVVMW5FQUXgAQD6AQQIABAx!16s%2Fg%2F11dz1ch231?entry=ttu&g_ep=EgoyMDI2MDQyMS4wIKXMDSoASAFQAw%3D%3D"
40,Boutique inwi,"
203,Bd Mustapha Maani, Casablanca",Casablanca,INWI,"https://www.google.com/maps/place/Boutique+inwi/@33.54797,-7.7517022,12z/data=!4m10!1m2!2m1!1sINWI+Casablanca!3m6!1s0xda7d29eb5b02385:0x81e78d0085873525!8m2!3d33.5886999!4d-7.6166627!15sCg9JTldJIENhc2FibGFuY2EiA4gBAZIBEXRlbGVwaG9uZV9jb21wYW554AEA!16s%2Fg%2F11dz1chr0v?entry=ttu&g_ep=EgoyMDI2MDQyMS4wIKXMDSoASAFQAw%3D%3D"
41,Boutique inwi,"
Bd, Av. Abdellah Senhaji, Casablanca",Casablanca,INWI,"https://www.google.com/maps/place/Boutique+inwi/@33.54797,-7.7517022,12z/data=!4m10!1m2!2m1!1sINWI+Casablanca!3m6!1s0xda7cd357c45f875:0x298db716b4432d12!8m2!3d33.5664684!4d-7.5891694!15sCg9JTldJIENhc2FibGFuY2EiA4gBAVoRIg9pbndpIGNhc2FibGFuY2GSARBjZWxsX3Bob25lX3N0b3Jl4AEA!16s%2Fg%2F11df3qxtfb?entry=ttu&g_ep=EgoyMDI2MDQyMS4wIKXMDSoASAFQAw%3D%3D"
42,Win by inwi,"
Où tu veux, win by inwi, 10000",Casablanca,INWI,"https://www.google.com/maps/place/Win+by+inwi/@33.54797,-7.7517022,12z/data=!4m10!1m2!2m1!1sINWI+Casablanca!3m6!1s0xda877c1cd8f319b:0xa111b8b193062a8d!8m2!3d33.5385741!4d-7.6418449!15sCg9JTldJIENhc2FibGFuY2EiA4gBAVoRIg9pbndpIGNhc2FibGFuY2GSARF0ZWxlcGhvbmVfY29tcGFueZoBRENpOURRVWxSUVVOdlpFTm9kSGxqUmpsdlQyMUZlazlJUms1Wk1HOHlWR3RPWVZVeVRtNWhNRFZoVG1wT1JFMUZSUkFC4AEA-gEECAAQHg!16s%2Fg%2F11h7v75xrx?entry=ttu&g_ep=EgoyMDI2MDQyMS4wIKXMDSoASAFQAw%3D%3D"
43,Boutique inwi,"
Bld El Qods EL Inara ( residence al majd ), Casablanca",Casablanca,INWI,"https://www.google.com/maps/place/Boutique+inwi/@33.54797,-7.7517022,12z/data=!4m10!1m2!2m1!1sINWI+Casablanca!3m6!1s0xda632978f701489:0xc3f96b03c8f77dfd!8m2!3d33.5392337!4d-7.6005908!15sCg9JTldJIENhc2FibGFuY2EiA4gBAVoRIg9pbndpIGNhc2FibGFuY2GSARBjZWxsX3Bob25lX3N0b3JlmgEkQ2hkRFNVaE5NRzluUzBWSlEwRm5UVU5CT1RkUFQyMUJSUkFC4AEA-gEECAAQEw!16s%2Fg%2F11df3qywm_?entry=ttu&g_ep=EgoyMDI2MDQyMS4wIKXMDSoASAFQAw%3D%3D"
44,Boutique inwi,"
117 Av. 2 Mars, Casablanca 20250",Casablanca,INWI,"https://www.google.com/maps/place/Boutique+inwi/@33.54797,-7.7517022,12z/data=!4m10!1m2!2m1!1sINWI+Casablanca!3m6!1s0xda7d2a8497cab55:0x73ac6369c5cdf9be!8m2!3d33.5711566!4d-7.6130291!15sCg9JTldJIENhc2FibGFuY2EiA4gBAVoRIg9pbndpIGNhc2FibGFuY2GSARBjZWxsX3Bob25lX3N0b3JlmgEjQ2haRFNVaE5NRzluUzBWSlEwRm5TVU5QTmpWSWIweEJFQUXgAQD6AQQIABAV!16s%2Fg%2F11df668mvz?entry=ttu&g_ep=EgoyMDI2MDQyMS4wIKXMDSoASAFQAw%3D%3D"
45,Boutique inwi,"
Lot lina n 328 Sidi Mâarouf, Casablanca",Casablanca,INWI,"https://www.google.com/maps/place/Boutique+inwi/@33.54797,-7.7517022,12z/data=!4m10!1m2!2m1!1sINWI+Casablanca!3m6!1s0xda62d01374a90c5:0x24edd0578523ff85!8m2!3d33.5193902!4d-7.6500028!15sCg9JTldJIENhc2FibGFuY2EiA4gBAVoRIg9pbndpIGNhc2FibGFuY2GSARBjZWxsX3Bob25lX3N0b3JlmgEkQ2hkRFNVaE5NRzluUzBWSlEwRm5UVVJSTldKTFRteFJSUkFC4AEA-gEECAAQIA!16s%2Fg%2F11df66qzrx?entry=ttu&g_ep=EgoyMDI2MDQyMS4wIKXMDSoASAFQAw%3D%3D"
46,Inwi 6 novembre,"
Eco.freres SAF, Casablanca",Casablanca,INWI,"https://www.google.com/maps/place/Inwi+6+novembre/@33.54797,-7.7517022,12z/data=!4m10!1m2!2m1!1sINWI+Casablanca!3m6!1s0xda633e7da18ed7d:0x71af0ad45d4faaac!8m2!3d33.5523407!4d-7.5831357!15sCg9JTldJIENhc2FibGFuY2EiA4gBAZIBBXN0b3Jl4AEA!16s%2Fg%2F11r276805q?entry=ttu&g_ep=EgoyMDI2MDQyMS4wIKXMDSoASAFQAw%3D%3D"
47,Inwi 6 novembre,"
Eco.freres SAF, Casablanca",Casablanca,INWI,"https://www.google.com/maps/place/Boutique+inwi/@33.54797,-7.7517022,12z/data=!4m10!1m2!2m1!1sINWI+Casablanca!3m6!1s0xda7d3b58de396bb:0x68e44e8b511697fb!8m2!3d33.563029!4d-7.6638175!15sCg9JTldJIENhc2FibGFuY2EiA4gBAVoRIg9pbndpIGNhc2FibGFuY2GSASN0ZWxlY29tbXVuaWNhdGlvbnNfc2VydmljZV9wcm92aWRlcpoBI0NoWkRTVWhOTUc5blMwVkpRMEZuVFVSUmFrbFRWa3AzRUFF4AEA-gEECAAQMw!16s%2Fg%2F11y207nlcc?entry=ttu&g_ep=EgoyMDI2MDQyMS4wIKXMDSoASAFQAw%3D%3D"
48,Boutique inwi,"
271 Bd el fida Derb sultan, Casablanca",Casablanca,INWI,"https://www.google.com/maps/place/Boutique+inwi/@33.54797,-7.7517022,12z/data=!4m10!1m2!2m1!1sINWI+Casablanca!3m6!1s0xda7cd51628802a9:0xafe166a6f8319186!8m2!3d33.5686459!4d-7.6042618!15sCg9JTldJIENhc2FibGFuY2EiA4gBAVoRIg9pbndpIGNhc2FibGFuY2GSARBjZWxsX3Bob25lX3N0b3Jl4AEA!16s%2Fg%2F11df3qy2zs?entry=ttu&g_ep=EgoyMDI2MDQyMS4wIKXMDSoASAFQAw%3D%3D"
49,Boutique inwi,"
Résidence Al Firdaouss – Bd Oum Rabii, Casablanca",Casablanca,INWI,"https://www.google.com/maps/place/Boutique+inwi/@33.54797,-7.7517022,12z/data=!4m10!1m2!2m1!1sINWI+Casablanca!3m6!1s0xda7d33342665e1f:0x6598528b87dd8c88!8m2!3d33.5600307!4d-7.6700791!15sCg9JTldJIENhc2FibGFuY2EiA4gBAVoRIg9pbndpIGNhc2FibGFuY2GSARBjZWxsX3Bob25lX3N0b3Jl4AEA!16s%2Fg%2F11bwh5fzpg?entry=ttu&g_ep=EgoyMDI2MDQyMS4wIKXMDSoASAFQAw%3D%3D"
50,Boutique inwi,"
L80 GH1 A, Bd Moustakbal Sidi Maarouf, Casablanca",Casablanca,INWI,"https://www.google.com/maps/place/Boutique+inwi/@33.54797,-7.7517022,12z/data=!4m10!1m2!2m1!1sINWI+Casablanca!3m6!1s0xda62d1b946cd615:0x8b8e8af28c067ce8!8m2!3d33.530683!4d-7.6482095!15sCg9JTldJIENhc2FibGFuY2EiA4gBAVoRIg9pbndpIGNhc2FibGFuY2GSASV0ZWxlY29tbXVuaWNhdGlvbnNfZXF1aXBtZW50X3N1cHBsaWVymgEjQ2haRFNVaE5NRzluUzBWSlEwRm5TVVJVTFY5NldFWkJFQUXgAQD6AQQIShA1!16s%2Fg%2F11dz3yctvc?entry=ttu&g_ep=EgoyMDI2MDQyMS4wIKXMDSoASAFQAw%3D%3D"
51,Boutique inwi,"
122 Bd Al Garnaoui - Hay Sâada, Casablanca",Casablanca,INWI,"https://www.google.com/maps/place/Boutique+inwi/@33.54797,-7.7517022,12z/data=!4m10!1m2!2m1!1sINWI+Casablanca!3m6!1s0xda7cb09b1fa2d57:0xf5202607554cce24!8m2!3d33.6119815!4d-7.4952647!15sCg9JTldJIENhc2FibGFuY2EiA4gBAVoRIg9pbndpIGNhc2FibGFuY2GSARBjZWxsX3Bob25lX3N0b3JlmgEkQ2hkRFNVaE5NRzluUzBWSlEwRm5TVVJzYnpVdGVYRlJSUkFC4AEA-gEECAAQJw!16s%2Fg%2F11df3qy9v1?entry=ttu&g_ep=EgoyMDI2MDQyMS4wIKXMDSoASAFQAw%3D%3D"
52,Boutique inwi,"
Bloc 92 , n° 6 - Sidi El Bernoussi, Casablanca",Casablanca,INWI,"https://www.google.com/maps/place/Boutique+inwi/@33.54797,-7.7517022,12z/data=!4m10!1m2!2m1!1sINWI+Casablanca!3m6!1s0xda7cb7443782917:0xd3588a07628c0544!8m2!3d33.6096528!4d-7.5063852!15sCg9JTldJIENhc2FibGFuY2EiA4gBAVoRIg9pbndpIGNhc2FibGFuY2GSARBjZWxsX3Bob25lX3N0b3JlmgFEQ2k5RFFVbFJRVU52WkVOb2RIbGpSamx2VDJwS1ZWTldaekZQUms1UVpWVmtNRnBYT0hwa1dFSlJaVlZLYUZSdFl4QULgAQD6AQQIABBH!16s%2Fg%2F11df3qwynj?entry=ttu&g_ep=EgoyMDI2MDQyMS4wIKXMDSoASAFQAw%3D%3D"
53,Boutique inwi,"
Bd haj Ahmed Makouar place Fkassifkak N° 42 Ain Sbâa, Casablanca",Casablanca,INWI,"https://www.google.com/maps/place/Boutique+inwi/@33.54797,-7.7517022,12z/data=!4m10!1m2!2m1!1sINWI+Casablanca!3m6!1s0xda7cc63ff05ff51:0x160e6a5aa3a30115!8m2!3d33.6167134!4d-7.5408043!15sCg9JTldJIENhc2FibGFuY2EiA4gBAVoRIg9pbndpIGNhc2FibGFuY2GSARBjZWxsX3Bob25lX3N0b3Jl4AEA!16s%2Fg%2F11dz1cjd91?entry=ttu&g_ep=EgoyMDI2MDQyMS4wIKXMDSoASAFQAw%3D%3D"
54,inwi,"
lot. Anassi, bd Essalam, Grp.1, entrée 2, n°61, Casablanca",Casablanca,INWI,"https://www.google.com/maps/place/inwi/@33.54797,-7.7517022,12z/data=!4m10!1m2!2m1!1sINWI+Casablanca!3m6!1s0xda7cb3eecec547f:0x3ee241f9144a832d!8m2!3d33.5878678!4d-7.4991225!15sCg9JTldJIENhc2FibGFuY2EiA4gBAZIBI3RlbGVjb21tdW5pY2F0aW9uc19zZXJ2aWNlX3Byb3ZpZGVy4AEA!16s%2Fg%2F1q64qtfdf?entry=ttu&g_ep=EgoyMDI2MDQyMS4wIKXMDSoASAFQAw%3D%3D"
55,Boutique inwi,"
N°3, ROND POINT TIZI OUSLI. AIN SEBAA, Casablanca",Casablanca,INWI,"https://www.google.com/maps/place/Boutique+inwi/@33.54797,-7.7517022,12z/data=!4m10!1m2!2m1!1sINWI+Casablanca!3m6!1s0xda7cc8eccf1d15f:0x82bab1c8cffa93d3!8m2!3d33.6056788!4d-7.5392437!15sCg9JTldJIENhc2FibGFuY2EiA4gBAVoRIg9pbndpIGNhc2FibGFuY2GSARBjZWxsX3Bob25lX3N0b3JlmgEkQ2hkRFNVaE5NRzluUzBWSlEwRm5TVU5HYTE4MmMyOVJSUkFC4AEA-gEECAAQNA!16s%2Fg%2F11dz1cg3yc?entry=ttu&g_ep=EgoyMDI2MDQyMS4wIKXMDSoASAFQAw%3D%3D"
56,Boutique inwi,"
N°86 bd Boukrâa en face de la mosquée, Quartier el Hajari",Casablanca,INWI,"https://www.google.com/maps/place/Boutique+inwi/@33.54797,-7.7517022,12z/data=!4m10!1m2!2m1!1sINWI+Casablanca!3m6!1s0xc3772e7b02e7301:0x8882157ff2f49bec!8m2!3d33.5791844!4d-7.6032752!15sCg9JTldJIENhc2FibGFuY2EiA4gBAVoRIg9pbndpIGNhc2FibGFuY2GSARBjZWxsX3Bob25lX3N0b3Jl4AEA!16s%2Fg%2F11df3qzjvg?entry=ttu&g_ep=EgoyMDI2MDQyMS4wIKXMDSoASAFQAw%3D%3D"
57,Boutique inwi,"
233 Bd Ziraoui, Casablanca 20250",Casablanca,INWI,"https://www.google.com/maps/place/Boutique+inwi/@33.54797,-7.7517022,12z/data=!4m10!1m2!2m1!1sINWI+Casablanca!3m6!1s0xda7d2f2ac9f2095:0x33f4d0eb6cf19cdd!8m2!3d33.5948172!4d-7.6331521!15sCg9JTldJIENhc2FibGFuY2EiA4gBAVoRIg9pbndpIGNhc2FibGFuY2GSARBjZWxsX3Bob25lX3N0b3JlmgEkQ2hkRFNVaE5NRzluUzBWSlEwRm5TVVF5ZFdScFJ6ZDNSUkFC4AEA-gEECAAQJg!16s%2Fg%2F11df3qzhgb?entry=ttu&g_ep=EgoyMDI2MDQyMS4wIKXMDSoASAFQAw%3D%3D"
58,Boutique inwi,"
14, 16 Pl. de Sidi Maârouf, Casablanca 20250",Casablanca,INWI,"https://www.google.com/maps/place/Boutique+inwi/@33.54797,-7.7517022,12z/data=!4m10!1m2!2m1!1sINWI+Casablanca!3m6!1s0xda7cd5313a62175:0x3980186fd007a41!8m2!3d33.564767!4d-7.60446!15sCg9JTldJIENhc2FibGFuY2EiA4gBAZIBEGNlbGxfcGhvbmVfc3RvcmXgAQA!16s%2Fg%2F11df3qy2lp?entry=ttu&g_ep=EgoyMDI2MDQyMS4wIKXMDSoASAFQAw%3D%3D"
59,Boutique inwi,"
76 Bd Joulane, Casablanca",Casablanca,INWI,"https://www.google.com/maps/place/Boutique+inwi/@33.54797,-7.7517022,12z/data=!4m10!1m2!2m1!1sINWI+Casablanca!3m6!1s0xda633172ee91633:0xb9d6693f346c2167!8m2!3d33.5385172!4d-7.5554776!15sCg9JTldJIENhc2FibGFuY2EiA4gBAVoRIg9pbndpIGNhc2FibGFuY2GSARBjZWxsX3Bob25lX3N0b3JlmgEkQ2hkRFNVaE5NRzluUzBWSlEwRm5TVU5DTWs4eVNuZDNSUkFC4AEA-gEECAAQGg!16s%2Fg%2F11hcj2c9g_?entry=ttu&g_ep=EgoyMDI2MDQyMS4wIKXMDSoASAFQAw%3D%3D"
60,Boutique inwi,"
Quartier des hôpitaux , résidence fraternelle N° 18, Casablanca",Casablanca,INWI,"https://www.google.com/maps/place/Boutique+inwi/@33.54797,-7.7517022,12z/data=!4m10!1m2!2m1!1sINWI+Casablanca!3m6!1s0xda7cda91c6c6b49:0x5a9a640b68dd949e!8m2!3d33.57308!4d-7.589776!15sCg9JTldJIENhc2FibGFuY2EiA4gBAZIBEGNlbGxfcGhvbmVfc3RvcmXgAQA!16s%2Fg%2F11h5mnmcbz?entry=ttu&g_ep=EgoyMDI2MDQyMS4wIKXMDSoASAFQAw%3D%3D"
61,Boutique inwi,"
G5, n° 752 Av. Al Massira, Rabat",Casablanca,INWI,"https://www.google.com/maps/place/Boutique+inwi/@33.98195,-7.0336026,12z/data=!4m10!1m2!2m1!1sINWI+Casablanca!3m6!1s0xda76d21c9b2804d:0xbd06a533390d160a!8m2!3d33.98195!4d-6.8811673!15sCg9JTldJIENhc2FibGFuY2EiA4gBAVoRIg9pbndpIGNhc2FibGFuY2GSARBjZWxsX3Bob25lX3N0b3JlmgEjQ2haRFNVaE5NRzluUzBWSlEwRm5TVVJzWDB4MlUxZDNFQUXgAQD6AQQIABAx!16s%2Fg%2F11df66l58w?entry=ttu&g_ep=EgoyMDI2MDQyMS4wIKXMDSoASAFQAw%3D%3D"
62,Boutique inwi,"
Boulevard El Oued Résidence Rachidi, Bouskoura",Casablanca,INWI,"https://www.google.com/maps/place/Boutique+inwi/@33.4567498,-7.8024334,12z/data=!4m10!1m2!2m1!1sINWI+Casablanca!3m6!1s0xda62e6a483144bb:0x8d4e33f1c930d3a4!8m2!3d33.4567498!4d-7.6499981!15sCg9JTldJIENhc2FibGFuY2EiA4gBAVoRIg9pbndpIGNhc2FibGFuY2GSARBjZWxsX3Bob25lX3N0b3JlmgEjQ2haRFNVaE5NRzluUzBWSlEwRm5TVVJrTkdSdGVGRjNFQUXgAQD6AQQIABAc!16s%2Fg%2F11df3qyyqs?entry=ttu&g_ep=EgoyMDI2MDQyMS4wIKXMDSoASAFQAw%3D%3D"
63,Boutique inwi,"
Bd Sijilmassa N° 576 - Hassania, Mohammédia",Casablanca,INWI,"https://www.google.com/maps/place/Boutique+inwi/@33.6813799,-7.5445557,12z/data=!4m10!1m2!2m1!1sINWI+Casablanca!3m6!1s0xda7b6897fa90215:0xa90bdf4d0fc68a4a!8m2!3d33.6813799!4d-7.3921204!15sCg9JTldJIENhc2FibGFuY2EiA4gBAVoRIg9pbndpIGNhc2FibGFuY2GSARBjZWxsX3Bob25lX3N0b3JlmgEjQ2haRFNVaE5NRzluUzBWSlEwRm5TVVJQYkhWaU4wWkJFQUXgAQD6AQQIABAR!16s%2Fg%2F11dz1cfw8k?entry=ttu&g_ep=EgoyMDI2MDQyMS4wIKXMDSoASAFQAw%3D%3D"
64,Agence Inwi Brahim Roudani,"
Ex-Route Al Jadida، 537 Bd Brahim Roudani, Maarif",Casablanca,INWI,"https://www.google.com/maps/place/Agence+Inwi+Brahim+Roudani/@33.5738413,-7.7927022,12z/data=!4m10!1m2!2m1!1sINWI+Casablanca!3m6!1s0xda7d2c5ba023d75:0x11c50b86a18d1b47!8m2!3d33.5738413!4d-7.6402669!15sCg9JTldJIENhc2FibGFuY2EiA4gBAZIBI3RlbGVjb21tdW5pY2F0aW9uc19zZXJ2aWNlX3Byb3ZpZGVy4AEA!16s%2Fg%2F1q64p7hgh?entry=ttu&g_ep=EgoyMDI2MDQyMS4wIKXMDSoASAFQAw%3D%3D"
65,Agence inwi driss el harti,"
799 Bd Commandant Driss Al Harti, Casablanca 20670",Casablanca,INWI,"https://www.google.com/maps/place/Agence+inwi+driss+el+harti/@33.5738413,-7.7927022,12z/data=!4m10!1m2!2m1!1sINWI+Casablanca!3m6!1s0xda633ce2f37aafd:0xd655afe25c324d97!8m2!3d33.550899!4d-7.5687885!15sCg9JTldJIENhc2FibGFuY2EiA4gBAVoRIg9pbndpIGNhc2FibGFuY2GSAQVzdG9yZeABAA!16s%2Fg%2F11p6s5dkk3?entry=ttu&g_ep=EgoyMDI2MDQyMS4wIKXMDSoASAFQAw%3D%3D"
66,Agence Inwi Azhar,"
Casablanca",Casablanca,INWI,"https://www.google.com/maps/place/Agence+Inwi+Azhar/@33.6005784,-7.6366623,12z/data=!4m10!1m2!2m1!1sINWI+Casablanca!3m6!1s0xda7cb00041ab295:0xa57b9c79fe8502ef!8m2!3d33.6005784!4d-7.484227!15sCg9JTldJIENhc2FibGFuY2EiA4gBAVoRIg9pbndpIGNhc2FibGFuY2GSARBjb21tZXJjaWFsX2FnZW50mgFEQ2k5RFFVbFJRVU52WkVOb2RIbGpSamx2VDJ0MFJsUnNUbmhPUlVvd1VXNU9URTFVU2paalZtUk9WVEJrYkZKSVl4QULgAQD6AQQIABAN!16s%2Fg%2F11ydqn6q2r?entry=ttu&g_ep=EgoyMDI2MDQyMS4wIKXMDSoASAFQAw%3D%3D"
67,Boutique inwi,"
Av. Fal Ould Oumeir, Rabat",Casablanca,INWI,"https://www.google.com/maps/place/Boutique+inwi/@33.9980279,-7.0014963,12z/data=!4m10!1m2!2m1!1sINWI+Casablanca!3m6!1s0xda76c8e4e4f707f:0x457f17d132007f2e!8m2!3d33.9980279!4d-6.849061!15sCg9JTldJIENhc2FibGFuY2EiA4gBAVoRIg9pbndpIGNhc2FibGFuY2GSARBjZWxsX3Bob25lX3N0b3JlmgEjQ2haRFNVaE5NRzluUzBWSlEwRm5TVVIxZFY5MlkxbG5FQUXgAQD6AQQIABBK!16s%2Fg%2F11dz1chfh4?entry=ttu&g_ep=EgoyMDI2MDQyMS4wIKXMDSoASAFQAw%3D%3D"
68,inwi money,"
Toutes les agences inwi, Casablanca 20150",Casablanca,INWI,"https://www.google.com/maps/place/inwi+money/@33.5387546,-7.7943717,12z/data=!4m10!1m2!2m1!1sINWI+Casablanca!3m6!1s0xda4df77ed056cf1:0x235ba4a4df4ac337!8m2!3d33.5387546!4d-7.6419364!15sCg9JTldJIENhc2FibGFuY2EiA4gBAZIBEXRlbGVwaG9uZV9jb21wYW554AEA!16s%2Fg%2F11j3k9pkky?entry=ttu&g_ep=EgoyMDI2MDQyMS4wIKXMDSoASAFQAw%3D%3D"
69,Boutique inwi,"
X4RH+HGM, AV KIFAH BLOC b N 19 CYM KAMRA, Rabat",Casablanca,INWI,"https://www.google.com/maps/place/Boutique+inwi/@33.99144,-7.0202307,12z/data=!4m10!1m2!2m1!1sINWI+Casablanca!3m6!1s0xda76ce58faedff5:0x4dff23006cb3be45!8m2!3d33.99144!4d-6.8677954!15sCg9JTldJIENhc2FibGFuY2EiA4gBAVoRIg9pbndpIGNhc2FibGFuY2GSARBjZWxsX3Bob25lX3N0b3JlmgFEQ2k5RFFVbFJRVU52WkVOb2RIbGpSamx2VDI1Q2ExTklXbEZaZWxKbVVWaFNhRTVxV21aaWJYaEpXbXRzZW1WWFl4QULgAQD6AQQIABAe!16s%2Fg%2F11df66khfk?entry=ttu&g_ep=EgoyMDI2MDQyMS4wIKXMDSoASAFQAw%3D%3D"
70,Agence inwi hay ousra,"
GCQ6+35P, Bd de Smara, Casablanca",Casablanca,INWI,"https://www.google.com/maps/place/Agence+inwi+hay+ousra/@33.5377191,-7.7419717,12z/data=!4m10!1m2!2m1!1sINWI+Casablanca!3m6!1s0xda633004ebd56df:0x517a80ccf3f2325d!8m2!3d33.5377191!4d-7.5895364!15sCg9JTldJIENhc2FibGFuY2EiA4gBAVoRIg9pbndpIGNhc2FibGFuY2GSARBjZWxsX3Bob25lX3N0b3JlmgFEQ2k5RFFVbFJRVU52WkVOb2RIbGpSamx2VDIxc2JGcFhaRmRXYkdoNFRraFZlRmd4YkVSalZXd3dZMWRTZEZWdFl4QULgAQD6AQQIABAk!16s%2Fg%2F11w_z7trjf?entry=ttu&g_ep=EgoyMDI2MDQyMS4wIKXMDSoASAFQAw%3D%3D"
71,Boutique inwi,"
16 Bd de la Résistance - El Alia, Mohammédia",Casablanca,INWI,"https://www.google.com/maps/place/Boutique+inwi/@33.6864491,-7.5336764,12z/data=!4m10!1m2!2m1!1sINWI+Casablanca!3m6!1s0xda7b69320a422d5:0xa80172794a7ec1b1!8m2!3d33.6864491!4d-7.3812411!15sCg9JTldJIENhc2FibGFuY2EiA4gBAVoRIg9pbndpIGNhc2FibGFuY2GSARBjZWxsX3Bob25lX3N0b3JlmgEjQ2haRFNVaE5NRzluUzBWSlEwRm5TVU5hTW1JeVNWcG5FQUXgAQD6AQQIABAU!16s%2Fg%2F11df3q_gvc?entry=ttu&g_ep=EgoyMDI2MDQyMS4wIKXMDSoASAFQAw%3D%3D"
72,Boutique inwi,"
Bd My Hassan - Derb Baladia, Casablanca",Casablanca,INWI,"https://www.google.com/maps/place/Boutique+inwi/@33.5727213,-7.7597615,12z/data=!4m10!1m2!2m1!1sINWI+Casablanca!3m6!1s0xda7cd576b99326d:0x9c89c174f1697bca!8m2!3d33.5727213!4d-7.6073262!15sCg9JTldJIENhc2FibGFuY2EiA4gBAZIBEXRlbGVwaG9uZV9jb21wYW554AEA!16s%2Fg%2F11df3qxdhc?entry=ttu&g_ep=EgoyMDI2MDQyMS4wIKXMDSoASAFQAw%3D%3D"
73,Boutique inwi,"
184 Bd Ghandi, Casablanca 20000",Casablanca,INWI,"https://www.google.com/maps/place/Boutique+inwi/@33.5727213,-7.7597615,12z/data=!4m10!1m2!2m1!1sINWI+Casablanca!3m6!1s0xda7d312e49dc023:0xa11dd330937371a1!8m2!3d33.5708304!4d-7.646557!15sCg9JTldJIENhc2FibGFuY2EiA4gBAVoRIg9pbndpIGNhc2FibGFuY2GSASN0ZWxlY29tbXVuaWNhdGlvbnNfc2VydmljZV9wcm92aWRlcpoBRENpOURRVWxSUVVOdlpFTm9kSGxqUmpsdlQyczFWbUZWVm1oV2EwcHlaRlpXZWxKcWJGSmxhVEUxVEZkV2IyTXpZeEFC4AEA-gEECAAQIg!16s%2Fg%2F11xl432cfv?entry=ttu&g_ep=EgoyMDI2MDQyMS4wIKXMDSoASAFQAw%3D%3D"
74,Inwi,"
HF68+J88, Casablanca",Casablanca,INWI,"https://www.google.com/maps/place/Inwi/@33.5727213,-7.7597615,12z/data=!4m10!1m2!2m1!1sINWI+Casablanca!3m6!1s0xda633005e3ac2dd:0x822160558ebbe782!8m2!3d33.561535!4d-7.5341628!15sCg9JTldJIENhc2FibGFuY2EiA4gBAZIBEGNlbGxfcGhvbmVfc3RvcmXgAQA!16s%2Fg%2F11ybtl6swh?entry=ttu&g_ep=EgoyMDI2MDQyMS4wIKXMDSoASAFQAw%3D%3D"
75,AGENCE INWI,"
8 étage 3, Abraj Office Centre, résidence Al Wiam, N 12 Bd Mohamed Zefzaf, Casablanca 20630",Casablanca,INWI,"https://www.google.com/maps/place/AGENCE+INWI/@33.5727213,-7.7597615,12z/data=!4m10!1m2!2m1!1sINWI+Casablanca!3m6!1s0xda7cb0058f87373:0x3f5d01709240302a!8m2!3d33.5864702!4d-7.5028481!15sCg9JTldJIENhc2FibGFuY2EiA4gBAZIBF21vYmlsZV9uZXR3b3JrX29wZXJhdG9y4AEA!16s%2Fg%2F11x717cbkg?entry=ttu&g_ep=EgoyMDI2MDQyMS4wIKXMDSoASAFQAw%3D%3D"
76,Agence inwi ANASSI,"
Res abraj atlas magasin, 2 Bd Mohamed Zefzaf, Casablanca",Casablanca,INWI,"https://www.google.com/maps/place/Agence+inwi+ANASSI/@33.5727213,-7.7597615,12z/data=!4m10!1m2!2m1!1sINWI+Casablanca!3m6!1s0xda7cb0051a50113:0x61565cb3882d5c7f!8m2!3d33.5863881!4d-7.5028521!15sCg9JTldJIENhc2FibGFuY2EiA4gBAZIBBXN0b3Jl4AEA!16s%2Fg%2F11md7t55lp?entry=ttu&g_ep=EgoyMDI2MDQyMS4wIKXMDSoASAFQAw%3D%3D"
77,Nouveau siège INWI - Marina shopping Center,"
J94H+HJH, Casablanca",Casablanca,INWI,"https://www.google.com/maps/place/Nouveau+si%C3%A8ge+INWI+-+Marina+shopping+Center/@33.5727213,-7.7597615,12z/data=!4m10!1m2!2m1!1sINWI+Casablanca!3m6!1s0xda7d300373ae291:0x8ab6d44449c15fb0!8m2!3d33.6064414!4d-7.6208979!15sCg9JTldJIENhc2FibGFuY2EiA4gBAZIBF21vYmlsZV9uZXR3b3JrX29wZXJhdG9y4AEA!16s%2Fg%2F11wp7rft7b?entry=ttu&g_ep=EgoyMDI2MDQyMS4wIKXMDSoASAFQAw%3D%3D"
78,Sahatel (Inwi (ag. hay Hassani)),"
Opération El Baraka, GH3, immeuble L28، 2 Bd d'Afghanistan, Casablanca",Casablanca,INWI,"https://www.google.com/maps/place/Sahatel+(Inwi+(ag.+hay+Hassani))/@33.5727213,-7.7597615,12z/data=!4m10!1m2!2m1!1sINWI+Casablanca!3m6!1s0xda7d348a8c3e40b:0x6aa19805951f6306!8m2!3d33.5690169!4d-7.6813326!15sCg9JTldJIENhc2FibGFuY2EiA4gBAZIBI3RlbGVjb21tdW5pY2F0aW9uc19zZXJ2aWNlX3Byb3ZpZGVy4AEA!16s%2Fg%2F11bbrjvkp2?entry=ttu&g_ep=EgoyMDI2MDQyMS4wIKXMDSoASAFQAw%3D%3D"
79,Boutique inwi,"
AV Annakhil Imm CDG Hay Ryad, Rabat",Casablanca,INWI,"https://www.google.com/maps/place/Boutique+inwi/@33.95374,-7.0172565,12z/data=!4m10!1m2!2m1!1sINWI+Casablanca!3m6!1s0xda71331ab0df2d3:0x108273380550292b!8m2!3d33.95374!4d-6.8648212!15sCg9JTldJIENhc2FibGFuY2EiA4gBAVoRIg9pbndpIGNhc2FibGFuY2GSARBjZWxsX3Bob25lX3N0b3JlmgFEQ2k5RFFVbFJRVU52WkVOb2RIbGpSamx2VDJ4V2EwNHdSbE5WVmxveFVsaHNXVTVyU20xamJFSXlVM3BDVkZnd1JSQULgAQD6AQQIABAZ!16s%2Fg%2F11df3r0lk2?entry=ttu&g_ep=EgoyMDI2MDQyMS4wIKXMDSoASAFQAw%3D%3D"
80,Agence inwi Farah essalam,"
G8V4+47G, Casablanca",Casablanca,INWI,"https://www.google.com/maps/place/Agence+inwi+Farah+essalam/@33.5425301,-7.8465216,12z/data=!4m10!1m2!2m1!1sINWI+Casablanca!3m6!1s0xda62d006e902ddd:0xbf693b012f41de7a!8m2!3d33.5425301!4d-7.6940863!15sCg9JTldJIENhc2FibGFuY2EiA4gBAZIBEGNlbGxfcGhvbmVfc3RvcmXgAQA!16s%2Fg%2F11msczkbd6?entry=ttu&g_ep=EgoyMDI2MDQyMS4wIKXMDSoASAFQAw%3D%3D"
81,Boutique inwi,"
609 Bd Abdelkrim Al Khattabi, Mohammédia",Casablanca,INWI,"https://www.google.com/maps/place/Boutique+inwi/@33.69073,-7.5395175,12z/data=!4m10!1m2!2m1!1sINWI+Casablanca!3m6!1s0xda7b6f3addda6b1:0x3f60e9b6db0589b1!8m2!3d33.69073!4d-7.3870822!15sCg9JTldJIENhc2FibGFuY2EiA4gBAVoRIg9pbndpIGNhc2FibGFuY2GSARBjZWxsX3Bob25lX3N0b3Jl4AEA!16s%2Fg%2F11df3qx22n?entry=ttu&g_ep=EgoyMDI2MDQyMS4wIKXMDSoASAFQAw%3D%3D"
82,Siege inwi,"
J95H+2G9, Bd des Almohades, Casablanca",Casablanca,INWI,"https://www.google.com/maps/place/Siege+inwi/@33.6075433,-7.7736744,12z/data=!4m10!1m2!2m1!1sINWI+Casablanca!3m6!1s0xda7d3006f761c1d:0xf6883aea5101d1db!8m2!3d33.6075433!4d-7.6212391!15sCg9JTldJIENhc2FibGFuY2EiA4gBAZIBEGNvcnBvcmF0ZV9vZmZpY2XgAQA!16s%2Fg%2F11w36tl4p_?entry=ttu&g_ep=EgoyMDI2MDQyMS4wIKXMDSoASAFQAw%3D%3D"
83,Siege inwi,"
J95H+2G9, Bd des Almohades, Casablanca",Casablanca,INWI,"https://www.google.com/maps/place/Inwi+Atw+Berrechid/@33.6075433,-7.7736744,12z/data=!4m10!1m2!2m1!1sINWI+Casablanca!3m6!1s0xda632ee63dcf59f:0x98b8959db06f09a3!8m2!3d33.5332956!4d-7.5834294!15sCg9JTldJIENhc2FibGFuY2EiA4gBAZIBEGNlbGxfcGhvbmVfc3RvcmXgAQA!16s%2Fg%2F11b6j01fvm?entry=ttu&g_ep=EgoyMDI2MDQyMS4wIKXMDSoASAFQAw%3D%3D"
84,Agence Inwi tit mellil,"
HG28+QM4 Agence, Tit Mellil",Casablanca,INWI,"https://www.google.com/maps/place/Agence+Inwi+tit+mellil/@33.5518758,-7.6357173,12z/data=!4m10!1m2!2m1!1sINWI+Casablanca!3m6!1s0xda635001a61572f:0xd1620333d849bb87!8m2!3d33.5518758!4d-7.483282!15sCg9JTldJIENhc2FibGFuY2EiA4gBAZIBI3RlbGVjb21tdW5pY2F0aW9uc19zZXJ2aWNlX3Byb3ZpZGVy4AEA!16s%2Fg%2F11ynz_fm68?entry=ttu&g_ep=EgoyMDI2MDQyMS4wIKXMDSoASAFQAw%3D%3D"
85,Agence Inwi tit mellil,"
HG28+QM4 Agence, Tit Mellil",Casablanca,INWI,"https://www.google.com/maps/place/FoniFor/@33.5518758,-7.6357173,12z/data=!4m10!1m2!2m1!1sINWI+Casablanca!3m6!1s0xda881028e139347:0x97a92accbfe48153!8m2!3d33.5217436!4d-7.8176014!15sCg9JTldJIENhc2FibGFuY2EiA4gBAVoRIg9pbndpIGNhc2FibGFuY2GSARBjZWxsX3Bob25lX3N0b3JlmgFEQ2k5RFFVbFJRVU52WkVOb2RIbGpSamx2VDJwc2NGUXhiRVJsVjFJMVZGVjBjbVJYV25WUk1HeHJVakZHVEdGdVl4QULgAQD6AQQIOhAl!16s%2Fg%2F11ltxwx8yn?entry=ttu&g_ep=EgoyMDI2MDQyMS4wIKXMDSoASAFQAw%3D%3D"
86,Agence inwi anassi,"
1er étage N, abraj office, centre 8, Bernoussi Anassi En face du terminus, tramwayBd mohamed zefzaf, 5Casablanca",Casablanca,INWI,"https://www.google.com/maps/place/Agence+inwi+anassi/@33.5217436,-7.9700367,12z/data=!4m10!1m2!2m1!1sINWI+Casablanca!3m6!1s0xda7cb0044f443ff:0x9c0618c76a6bc4ff!8m2!3d33.5903838!4d-7.4963826!15sCg9JTldJIENhc2FibGFuY2EiA4gBAZIBBXN0b3Jl4AEA!16s%2Fg%2F11md1pk96h?entry=ttu&g_ep=EgoyMDI2MDQyMS4wIKXMDSoASAFQAw%3D%3D"
87,Agence inwi anassi,"
1er étage N, abraj office, centre 8, Bernoussi Anassi En face du terminus, tramwayBd mohamed zefzaf, 5Casablanca",Casablanca,INWI,"https://www.google.com/maps/place/Agence+inwi+anassi/@33.5903838,-7.6488179,12z/data=!4m10!1m2!2m1!1sINWI+Casablanca!3m6!1s0xda7cb0044f443ff:0x9c0618c76a6bc4ff!8m2!3d33.5903838!4d-7.4963826!15sCg9JTldJIENhc2FibGFuY2EiA4gBAZIBBXN0b3Jl4AEA!16s%2Fg%2F11md1pk96h?entry=ttu&g_ep=EgoyMDI2MDQyMS4wIKXMDSoASAFQAw%3D%3D"
88,Agence INWI,"
HFPF+74Q, Casablanca 20250",Casablanca,INWI,"https://www.google.com/maps/place/Agence+INWI/@33.5903838,-7.6488179,12z/data=!4m10!1m2!2m1!1sINWI+Casablanca!3m6!1s0xda7cd002d6aa24f:0x41a961650ccb2dd0!8m2!3d33.5857094!4d-7.5271398!15sCg9JTldJIENhc2FibGFuY2EiA4gBAZIBGWludGVybmV0X3NlcnZpY2VfcHJvdmlkZXLgAQA!16s%2Fg%2F11xkw97l8s?entry=ttu&g_ep=EgoyMDI2MDQyMS4wIKXMDSoASAFQAw%3D%3D"
89,Agence Inwi,"
X4H7+3J6, Rabat",Casablanca,INWI,"https://www.google.com/maps/place/Agence+Inwi/@33.977655,-7.0384133,12z/data=!4m10!1m2!2m1!1sINWI+Casablanca!3m6!1s0xda76d714ef70ce7:0x203e8605da709e92!8m2!3d33.977655!4d-6.885978!15sCg9JTldJIENhc2FibGFuY2EiA4gBAVoRIg9pbndpIGNhc2FibGFuY2GSARBjZWxsX3Bob25lX3N0b3JlmgFEQ2k5RFFVbFJRVU52WkVOb2RIbGpSamx2VDJ4S1VWRXlSbk5QVnpsU1kwZEtjbHBJYUVOTmJWbzBUWHBWTlZwdFl4QULgAQD6AQQIABAa!16s%2Fg%2F11vbyc1b2l?entry=ttu&g_ep=EgoyMDI2MDQyMS4wIKXMDSoASAFQAw%3D%3D"
90,Boutique inwi,"
Marjane Hay Riad Rabat Route de Tanger Rabat, Rabat",Casablanca,INWI,"https://www.google.com/maps/place/Boutique+inwi/@33.977655,-7.0384133,12z/data=!4m10!1m2!2m1!1sINWI+Casablanca!3m6!1s0xda71348e38755df:0xa31e3e7822d79a33!8m2!3d33.95392!4d-6.8530021!15sCg9JTldJIENhc2FibGFuY2EiA4gBAVoRIg9pbndpIGNhc2FibGFuY2GSARBjZWxsX3Bob25lX3N0b3JlmgEkQ2hkRFNVaE5NRzluUzBWSlEwRm5TVVF6YWsxMWVuQjNSUkFC4AEA-gEECAAQPQ!16s%2Fg%2F11dz1cfqmq?entry=ttu&g_ep=EgoyMDI2MDQyMS4wIKXMDSoASAFQAw%3D%3D"
91,Agence inwi Beni yakhlef,"
MMM5+VVX, Beni Yakhlef",Casablanca,INWI,"https://www.google.com/maps/place/Agence+inwi+Beni+yakhlef/@33.6847347,-7.4926917,12z/data=!4m10!1m2!2m1!1sINWI+Casablanca!3m6!1s0xda7b1004d549879:0xef9a4785fcb81b99!8m2!3d33.6847347!4d-7.3402564!15sCg9JTldJIENhc2FibGFuY2EiA4gBAZIBF21vYmlsZV9uZXR3b3JrX29wZXJhdG9y4AEA!16s%2Fg%2F11xp7thtnn?entry=ttu&g_ep=EgoyMDI2MDQyMS4wIKXMDSoASAFQAw%3D%3D"
92,Inwi agence,"
HF49+8QF, Casablanca",Casablanca,INWI,"https://www.google.com/maps/place/Inwi+agence/@33.554752,-7.6832353,12z/data=!4m10!1m2!2m1!1sINWI+Casablanca!3m6!1s0xda633003097c1cb:0x7568efb0da55efad!8m2!3d33.554752!4d-7.5308!15sCg9JTldJIENhc2FibGFuY2EiA4gBAZIBGG1vYmlsZV9waG9uZV9yZXBhaXJfc2hvcOABAA!16s%2Fg%2F11z0yjts28?entry=ttu&g_ep=EgoyMDI2MDQyMS4wIKXMDSoASAFQAw%3D%3D"
93,Boutique inwi,"
Agence Rabat ONCF, Ave Mohammed V, Rabat",Casablanca,INWI,"https://www.google.com/maps/place/Boutique+inwi/@34.0166487,-6.9882737,12z/data=!4m10!1m2!2m1!1sINWI+Casablanca!3m6!1s0xda76c78794ccd79:0x114e152cc146f576!8m2!3d34.0166487!4d-6.8358384!15sCg9JTldJIENhc2FibGFuY2EiA4gBAVoRIg9pbndpIGNhc2FibGFuY2GSARBjZWxsX3Bob25lX3N0b3JlmgEkQ2hkRFNVaE5NRzluUzBWSlEwRm5TVVJhTkV0aWRHMVJSUkFC4AEA-gEECAAQHQ!16s%2Fg%2F1td49b52?entry=ttu&g_ep=EgoyMDI2MDQyMS4wIKXMDSoASAFQAw%3D%3D"
94,Boutique inwi,"
Marjane Mohammedia, route secondaire N°101",Casablanca,INWI,"https://www.google.com/maps/place/Boutique+inwi/@33.707747,-7.4994291,12z/data=!4m10!1m2!2m1!1sINWI+Casablanca!3m6!1s0xda7b12bc0636089:0x93e6d92e5b7ddfb4!8m2!3d33.707747!4d-7.3469938!15sCg9JTldJIENhc2FibGFuY2EiA4gBAVoRIg9pbndpIGNhc2FibGFuY2GSARBjZWxsX3Bob25lX3N0b3JlmgFEQ2k5RFFVbFJRVU52WkVOb2RIbGpSamx2VDIxa2EwOUdiM3BsVjNCVVVtc3hUbHBWVm1salZrNUlZVzFrUTB4V1JSQULgAQD6AQQIABAV!16s%2Fg%2F11dz1chds5?entry=ttu&g_ep=EgoyMDI2MDQyMS4wIKXMDSoASAFQAw%3D%3D"
95,Agence INWI Mediouna,"
FF3P+6W8, Mediouna",Casablanca,INWI,"https://www.google.com/maps/place/Agence+INWI+Mediouna/@33.707747,-7.4994291,12z/data=!4m10!1m2!2m1!1sINWI+Casablanca!3m6!1s0xda637fd01fb6527:0x89d37cb3244b6b94!8m2!3d33.4530487!4d-7.5126744!15sCg9JTldJIENhc2FibGFuY2EiA4gBAZIBDG1hbnVmYWN0dXJlcuABAA!16s%2Fg%2F11rq22wmp8?entry=ttu&g_ep=EgoyMDI2MDQyMS4wIKXMDSoASAFQAw%3D%3D"
96,Agence INWI Mediouna,"
FF3P+6W8, Mediouna",Casablanca,INWI,"https://www.google.com/maps/place/Agence+INWI+Mediouna/@33.4530487,-7.6651097,12z/data=!4m10!1m2!2m1!1sINWI+Casablanca!3m6!1s0xda637fd01fb6527:0x89d37cb3244b6b94!8m2!3d33.4530487!4d-7.5126744!15sCg9JTldJIENhc2FibGFuY2EiA4gBAZIBDG1hbnVmYWN0dXJlcuABAA!16s%2Fg%2F11rq22wmp8?entry=ttu&g_ep=EgoyMDI2MDQyMS4wIKXMDSoASAFQAw%3D%3D"
97,Boutique inwi/WAFACASH,"
AV ASSALAM HAY EL BARID YACOUBAL MANSOUR, Rabat",Casablanca,INWI,"https://www.google.com/maps/place/Boutique+inwi%2FWAFACASH/@33.9998435,-7.0213293,12z/data=!4m10!1m2!2m1!1sINWI+Casablanca!3m6!1s0xda76cfa22ccd147:0x22358ee54aada463!8m2!3d33.9998435!4d-6.868894!15sCg9JTldJIENhc2FibGFuY2EiA4gBAZIBEGNlbGxfcGhvbmVfc3RvcmXgAQA!16s%2Fg%2F11dz1chwn1?entry=ttu&g_ep=EgoyMDI2MDQyMS4wIKXMDSoASAFQAw%3D%3D"
98,Centre copie et Inwi money,"
n 90, Jamila 4, Rue 89, Casablanca",Casablanca,INWI,"https://www.google.com/maps/place/Centre+copie+et+Inwi+money/@33.5465768,-7.7189758,12z/data=!4m10!1m2!2m1!1sINWI+Casablanca!3m6!1s0xda6330043634847:0x760464c51f1aed4a!8m2!3d33.5465768!4d-7.5665405!15sCg9JTldJIENhc2FibGFuY2EiA4gBAZIBDWludGVybmV0X2NhZmXgAQA!16s%2Fg%2F11xsg88dym?entry=ttu&g_ep=EgoyMDI2MDQyMS4wIKXMDSoASAFQAw%3D%3D"
99,Boutique inwi,"
Aéroport Med V (Terminal 2), Casablanca",Casablanca,INWI,"https://www.google.com/maps/place/Boutique+inwi/@33.3724127,-7.7330212,12z/data=!4m10!1m2!2m1!1sINWI+Casablanca!3m6!1s0xda63a91cd1a8045:0x1f7367a7dba34bdf!8m2!3d33.3724127!4d-7.5805859!15sCg9JTldJIENhc2FibGFuY2EiA4gBAVoRIg9pbndpIGNhc2FibGFuY2GSARBjZWxsX3Bob25lX3N0b3JlmgEkQ2hkRFNVaE5NRzluUzBWSlEwRm5TVVJDYVdKSFRtdDNSUkFC4AEA-gEECAAQDw!16s%2Fg%2F11dz1cj3gw?entry=ttu&g_ep=EgoyMDI2MDQyMS4wIKXMDSoASAFQAw%3D%3D"
100,Ténor (Inwi (ag. C.y.m. Kifah)),"
Bloc A H (c.y.m.)، 12 Av. Al Kifah, Rabat 10000",Casablanca,INWI,"https://www.google.com/maps/place/T%C3%A9nor+(Inwi+(ag.+C.y.m.+Kifah))/@33.9908722,-7.0267989,12z/data=!4m10!1m2!2m1!1sINWI+Casablanca!3m6!1s0xda76ce3bbe21507:0x9617c94d09b0ba85!8m2!3d33.9908722!4d-6.8743636!15sCg9JTldJIENhc2FibGFuY2EiA4gBAZIBI3RlbGVjb21tdW5pY2F0aW9uc19zZXJ2aWNlX3Byb3ZpZGVy4AEA!16s%2Fg%2F1q5bmblyn?entry=ttu&g_ep=EgoyMDI2MDQyMS4wIKXMDSoASAFQAw%3D%3D"
101,Agence inwi lamkanssa 4,"
GCHG+J58, Casablanca",Casablanca,INWI,"https://www.google.com/maps/place/Agence+inwi+lamkanssa+4/@33.5289412,-7.7270338,12z/data=!4m10!1m2!2m1!1sINWI+Casablanca!3m6!1s0xda633005eb4d05f:0x1792fc197391a9e!8m2!3d33.5289412!4d-7.5745985!15sCg9JTldJIENhc2FibGFuY2EiA4gBAZIBEGNvbW1lcmNpYWxfYWdlbnTgAQA!16s%2Fg%2F11xp25plh6?entry=ttu&g_ep=EgoyMDI2MDQyMS4wIKXMDSoASAFQAw%3D%3D"
102,Boutique inwi,"
MALL CARROUSEL,ANGLE AVENUE MOUSTAPHA ESSAYEH, Av. des Forces Armées Royales, Rabat 10000",Casablanca,INWI,"https://www.google.com/maps/place/Boutique+inwi/@33.9821747,-7.0463615,12z/data=!4m10!1m2!2m1!1sINWI+Casablanca!3m6!1s0xda76d223c800a51:0x6a6e76d156b75bc5!8m2!3d33.9821747!4d-6.8939262!15sCg9JTldJIENhc2FibGFuY2EiA4gBAZIBI3RlbGVjb21tdW5pY2F0aW9uc19zZXJ2aWNlX3Byb3ZpZGVy4AEA!16s%2Fg%2F11yfn7wdx2?entry=ttu&g_ep=EgoyMDI2MDQyMS4wIKXMDSoASAFQAw%3D%3D"
103,Boutique inwi,"
N° 19 route El Jadida, Had Essoualem",Casablanca,INWI,"https://www.google.com/maps/place/Boutique+inwi/@33.4185202,-8.010876,12z/data=!4m10!1m2!2m1!1sINWI+Casablanca!3m6!1s0xda8839c7e099479:0x269e48d1461be85b!8m2!3d33.4185202!4d-7.8584407!15sCg9JTldJIENhc2FibGFuY2EiA4gBAVoRIg9pbndpIGNhc2FibGFuY2GSARBjZWxsX3Bob25lX3N0b3JlmgFEQ2k5RFFVbFJRVU52WkVOb2RIbGpSamx2VDJ0MGFHSnNWa3hrZW14T1RraENhRmxWVG5CUFJrSjJXWHBXUW1KSVl4QULgAQD6AQQIABAY!16s%2Fg%2F11df3qyvvx?entry=ttu&g_ep=EgoyMDI2MDQyMS4wIKXMDSoASAFQAw%3D%3D"
104,Rocharge express orange inwi maroc telecom,"
HCC7+242, Casablanca 20320",Casablanca,INWI,"https://www.google.com/maps/place/Rocharge+express+orange+inwi+maroc+telecom/@33.5700215,-7.7396773,12z/data=!4m10!1m2!2m1!1sINWI+Casablanca!3m6!1s0xda7cd0063c338f7:0xeb38df7a34415d6c!8m2!3d33.5700215!4d-7.587242!15sCg9JTldJIENhc2FibGFuY2EiA4gBAZIBDWdlbmVyYWxfc3RvcmXgAQA!16s%2Fg%2F11x6cn986k?entry=ttu&g_ep=EgoyMDI2MDQyMS4wIKXMDSoASAFQAw%3D%3D"
105,Boutique inwi,"
N° 1 Angle avenue des nations unies & Av Omar Ibn khattab Agdal, Rabat",Rabat,INWI,"https://www.google.com/maps/place/Boutique+inwi/@33.9984504,-6.9201988,13z/data=!4m10!1m2!2m1!1sINWI+Rabat!3m6!1s0xda76c850fd9b6d1:0x2cbc11d17c5f5f9c!8m2!3d33.9984504!4d-6.8439811!15sCgpJTldJIFJhYmF0IgOIAQGSARBjZWxsX3Bob25lX3N0b3Jl4AEA!16s%2Fg%2F11dz1cdh2z?entry=ttu&g_ep=EgoyMDI2MDQyMS4wIKXMDSoASAFQAw%3D%3D"
106,Boutique inwi,"
G5, n° 752 Av. Al Massira, Rabat",Rabat,INWI,"https://www.google.com/maps/place/Boutique+inwi/@33.9984504,-6.9201988,13z/data=!4m10!1m2!2m1!1sINWI+Rabat!3m6!1s0xda76d21c9b2804d:0xbd06a533390d160a!8m2!3d33.98195!4d-6.8811673!15sCgpJTldJIFJhYmF0IgOIAQFaDCIKaW53aSByYWJhdJIBEGNlbGxfcGhvbmVfc3RvcmXgAQA!16s%2Fg%2F11df66l58w?entry=ttu&g_ep=EgoyMDI2MDQyMS4wIKXMDSoASAFQAw%3D%3D"
107,Boutique inwi,"
Av. Fal Ould Oumeir, Rabat",Rabat,INWI,"https://www.google.com/maps/place/Boutique+inwi/@33.9984504,-6.9201988,13z/data=!4m10!1m2!2m1!1sINWI+Rabat!3m6!1s0xda76c8e4e4f707f:0x457f17d132007f2e!8m2!3d33.9980279!4d-6.849061!15sCgpJTldJIFJhYmF0IgOIAQGSARBjZWxsX3Bob25lX3N0b3Jl4AEA!16s%2Fg%2F11dz1chfh4?entry=ttu&g_ep=EgoyMDI2MDQyMS4wIKXMDSoASAFQAw%3D%3D"
108,Boutique inwi,"
AV Annakhil Imm CDG Hay Ryad, Rabat",Rabat,INWI,"https://www.google.com/maps/place/Boutique+inwi/@33.9984504,-6.9201988,13z/data=!4m10!1m2!2m1!1sINWI+Rabat!3m6!1s0xda71331ab0df2d3:0x108273380550292b!8m2!3d33.95374!4d-6.8648212!15sCgpJTldJIFJhYmF0IgOIAQGSARBjZWxsX3Bob25lX3N0b3Jl4AEA!16s%2Fg%2F11df3r0lk2?entry=ttu&g_ep=EgoyMDI2MDQyMS4wIKXMDSoASAFQAw%3D%3D"
109,Boutique inwi,"
X4RH+HGM, AV KIFAH BLOC b N 19 CYM KAMRA, Rabat",Rabat,INWI,"https://www.google.com/maps/place/Boutique+inwi/@33.9984504,-6.9201988,13z/data=!4m10!1m2!2m1!1sINWI+Rabat!3m6!1s0xda76ce58faedff5:0x4dff23006cb3be45!8m2!3d33.99144!4d-6.8677954!15sCgpJTldJIFJhYmF0IgOIAQGSARBjZWxsX3Bob25lX3N0b3Jl4AEA!16s%2Fg%2F11df66khfk?entry=ttu&g_ep=EgoyMDI2MDQyMS4wIKXMDSoASAFQAw%3D%3D"
110,Boutique inwi,"
Agence Rabat ONCF, Ave Mohammed V, Rabat",Rabat,INWI,"https://www.google.com/maps/place/Boutique+inwi/@33.9984504,-6.9201988,13z/data=!4m10!1m2!2m1!1sINWI+Rabat!3m6!1s0xda76c78794ccd79:0x114e152cc146f576!8m2!3d34.0166487!4d-6.8358384!15sCgpJTldJIFJhYmF0IgOIAQGSARBjZWxsX3Bob25lX3N0b3Jl4AEA!16s%2Fg%2F1td49b52?entry=ttu&g_ep=EgoyMDI2MDQyMS4wIKXMDSoASAFQAw%3D%3D"
111,Boutique inwi,"
Marjane Hay Riad Rabat Route de Tanger Rabat, Rabat",Rabat,INWI,"https://www.google.com/maps/place/Boutique+inwi/@33.9984504,-6.9201988,13z/data=!4m10!1m2!2m1!1sINWI+Rabat!3m6!1s0xda71348e38755df:0xa31e3e7822d79a33!8m2!3d33.95392!4d-6.8530021!15sCgpJTldJIFJhYmF0IgOIAQGSARBjZWxsX3Bob25lX3N0b3Jl4AEA!16s%2Fg%2F11dz1cfqmq?entry=ttu&g_ep=EgoyMDI2MDQyMS4wIKXMDSoASAFQAw%3D%3D"
112,Agence Inwi,"
X4H7+3J6, Rabat",Rabat,INWI,"https://www.google.com/maps/place/Agence+Inwi/@33.9984504,-6.9201988,13z/data=!4m10!1m2!2m1!1sINWI+Rabat!3m6!1s0xda76d714ef70ce7:0x203e8605da709e92!8m2!3d33.977655!4d-6.885978!15sCgpJTldJIFJhYmF0IgOIAQGSARBjZWxsX3Bob25lX3N0b3Jl4AEA!16s%2Fg%2F11vbyc1b2l?entry=ttu&g_ep=EgoyMDI2MDQyMS4wIKXMDSoASAFQAw%3D%3D"
113,Boutique inwi,"
Bloc T7, N° 24 YACOUB EL MANSOUR, Rabat",Rabat,INWI,"https://www.google.com/maps/place/Boutique+inwi/@33.9984504,-6.9201988,13z/data=!4m10!1m2!2m1!1sINWI+Rabat!3m6!1s0xda76ce46120c825:0x59ed3613497268fd!8m2!3d33.9918743!4d-6.8712954!15sCgpJTldJIFJhYmF0IgOIAQFaDCIKaW53aSByYWJhdJIBEGNlbGxfcGhvbmVfc3RvcmXgAQA!16s%2Fg%2F11df3qx5gh?entry=ttu&g_ep=EgoyMDI2MDQyMS4wIKXMDSoASAFQAw%3D%3D"
114,Boutique inwi,"
MALL CARROUSEL,ANGLE AVENUE MOUSTAPHA ESSAYEH, Av. des Forces Armées Royales, Rabat 10000",Rabat,INWI,"https://www.google.com/maps/place/Boutique+inwi/@33.9984504,-6.9201988,13z/data=!4m10!1m2!2m1!1sINWI+Rabat!3m6!1s0xda76d223c800a51:0x6a6e76d156b75bc5!8m2!3d33.9821747!4d-6.8939262!15sCgpJTldJIFJhYmF0IgOIAQGSASN0ZWxlY29tbXVuaWNhdGlvbnNfc2VydmljZV9wcm92aWRlcuABAA!16s%2Fg%2F11yfn7wdx2?entry=ttu&g_ep=EgoyMDI2MDQyMS4wIKXMDSoASAFQAw%3D%3D"
115,Boutique inwi/WAFACASH,"
AV ASSALAM HAY EL BARID YACOUBAL MANSOUR, Rabat",Rabat,INWI,"https://www.google.com/maps/place/Boutique+inwi%2FWAFACASH/@33.9984504,-6.9201988,13z/data=!4m10!1m2!2m1!1sINWI+Rabat!3m6!1s0xda76cfa22ccd147:0x22358ee54aada463!8m2!3d33.9998435!4d-6.868894!15sCgpJTldJIFJhYmF0IgOIAQGSARBjZWxsX3Bob25lX3N0b3Jl4AEA!16s%2Fg%2F11dz1chwn1?entry=ttu&g_ep=EgoyMDI2MDQyMS4wIKXMDSoASAFQAw%3D%3D"
116,Boutique inwi,"
Label vie Rte de Zair ( Av Imam Malik ), Rabat",Rabat,INWI,"https://www.google.com/maps/place/Boutique+inwi/@33.9984504,-6.9201988,13z/data=!4m10!1m2!2m1!1sINWI+Rabat!3m6!1s0xda76b50ba97b1e3:0x2f8828a092c8a2bf!8m2!3d33.97423!4d-6.8290196!15sCgpJTldJIFJhYmF0IgOIAQGSARBjZWxsX3Bob25lX3N0b3Jl4AEA!16s%2Fg%2F11dz1cfqn8?entry=ttu&g_ep=EgoyMDI2MDQyMS4wIKXMDSoASAFQAw%3D%3D"
117,Ténor (Inwi (ag. C.y.m. Kifah)),"
Bloc A H (c.y.m.)، 12 Av. Al Kifah, Rabat 10000",Rabat,INWI,"https://www.google.com/maps/place/T%C3%A9nor+(Inwi+(ag.+C.y.m.+Kifah))/@33.9984504,-6.9201988,13z/data=!4m10!1m2!2m1!1sINWI+Rabat!3m6!1s0xda76ce3bbe21507:0x9617c94d09b0ba85!8m2!3d33.9908722!4d-6.8743636!15sCgpJTldJIFJhYmF0IgOIAQGSASN0ZWxlY29tbXVuaWNhdGlvbnNfc2VydmljZV9wcm92aWRlcuABAA!16s%2Fg%2F1q5bmblyn?entry=ttu&g_ep=EgoyMDI2MDQyMS4wIKXMDSoASAFQAw%3D%3D"
118,Boutique inwi,"
Marché dar essalam, Rabat 10000",Rabat,INWI,"https://www.google.com/maps/place/Boutique+inwi/@33.9489799,-6.9095357,13z/data=!4m10!1m2!2m1!1sINWI+Rabat!3m6!1s0xda7159026f538e3:0xb5fd732277fb2a03!8m2!3d33.9489799!4d-6.833318!15sCgpJTldJIFJhYmF0IgOIAQFaDCIKaW53aSByYWJhdJIBI3RlbGVjb21tdW5pY2F0aW9uc19zZXJ2aWNlX3Byb3ZpZGVymgFEQ2k5RFFVbFJRVU52WkVOb2RIbGpSamx2VDI1b2VscHNaRVJpUjFaRlQwZEtVV1F4VWt0YVNGcEVZbGR3UkZsc1JSQULgAQD6AQQIABAb!16s%2Fg%2F11xmv9_r2y?entry=ttu&g_ep=EgoyMDI2MDQyMS4wIKXMDSoASAFQAw%3D%3D"
119,Boutique inwi,"
N°1 Av el Haouz, Rabat",Rabat,INWI,"https://www.google.com/maps/place/Boutique+inwi/@33.9489799,-6.9095357,13z/data=!4m10!1m2!2m1!1sINWI+Rabat!3m6!1s0xda76b42955f1345:0x2cf0251a33517cd4!8m2!3d33.9868067!4d-6.8194898!15sCgpJTldJIFJhYmF0IgOIAQFaDCIKaW53aSByYWJhdJIBEGNlbGxfcGhvbmVfc3RvcmXgAQA!16s%2Fg%2F11dz1cfw10?entry=ttu&g_ep=EgoyMDI2MDQyMS4wIKXMDSoASAFQAw%3D%3D"
120,Inwi takadoum,"
18 Ave Al Haouz, Rabat",Rabat,INWI,"https://www.google.com/maps/place/Inwi+takadoum/@33.9489799,-6.9095357,13z/data=!4m10!1m2!2m1!1sINWI+Rabat!3m6!1s0xda76b29225827fb:0xa9617fe19cfb7f95!8m2!3d33.9849834!4d-6.8237577!15sCgpJTldJIFJhYmF0IgOIAQFaDCIKaW53aSByYWJhdJIBEGNlbGxfcGhvbmVfc3RvcmWaAURDaTlEUVVsUlFVTnZaRU5vZEhsalJqbHZUMnBHVVZReU9EQmFWbHB2VmtWSmVHTjZaM2xZTUhoWFdIcEtWV05JWXhBQuABAPoBBAgAEBA!16s%2Fg%2F11qb3dj8r7?entry=ttu&g_ep=EgoyMDI2MDQyMS4wIKXMDSoASAFQAw%3D%3D"
121,Boutique inwi,"
Bis 252 axe hassan II (dirour Jamaa3), Rabat",Rabat,INWI,"https://www.google.com/maps/place/Boutique+inwi/@34.0140584,-6.9241838,13z/data=!4m10!1m2!2m1!1sINWI+Rabat!3m6!1s0xda76c648c573985:0x3fa6af51686e89c8!8m2!3d34.0140584!4d-6.8479661!15sCgpJTldJIFJhYmF0IgOIAQGSARBjZWxsX3Bob25lX3N0b3Jl4AEA!16s%2Fg%2F1tfjxn6b?entry=ttu&g_ep=EgoyMDI2MDQyMS4wIKXMDSoASAFQAw%3D%3D"
122,Boutique inwi,"
38 Av. Chellah, Rabat",Rabat,INWI,"https://www.google.com/maps/place/Boutique+inwi/@34.0140584,-6.9241838,13z/data=!4m10!1m2!2m1!1sINWI+Rabat!3m6!1s0xda76b858d9d6ef1:0x3c29199a643d93f5!8m2!3d34.0181757!4d-6.8288557!15sCgpJTldJIFJhYmF0IgOIAQGSARBjZWxsX3Bob25lX3N0b3Jl4AEA!16s%2Fg%2F11df3qymkp?entry=ttu&g_ep=EgoyMDI2MDQyMS4wIKXMDSoASAFQAw%3D%3D"
123,Boutique inwi,"
à côté terminus bus, 27 Ave Moulay Ali Chrif, Témara",Rabat,INWI,"https://www.google.com/maps/place/Boutique+inwi/@33.926659,-6.9726451,13z/data=!4m10!1m2!2m1!1sINWI+Rabat!3m6!1s0xda712f27f2cb2bd:0x73289357c6ce4c30!8m2!3d33.926659!4d-6.8964274!15sCgpJTldJIFJhYmF0IgOIAQFaDCIKaW53aSByYWJhdJIBEGNlbGxfcGhvbmVfc3RvcmXgAQA!16s%2Fg%2F11dz1ck3hy?entry=ttu&g_ep=EgoyMDI2MDQyMS4wIKXMDSoASAFQAw%3D%3D"
124,Agence inwi av mly Rachid,"
W3FM+QQR, شارع مولاي رشيد, Temara",Rabat,INWI,"https://www.google.com/maps/place/Agence+inwi+av+mly+Rachid/@33.926659,-6.9726451,13z/data=!4m10!1m2!2m1!1sINWI+Rabat!3m6!1s0xda713e280c7a053:0xd20860ad6c3b01f8!8m2!3d33.924509!4d-6.9156666!15sCgpJTldJIFJhYmF0IgOIAQGSARBjZWxsX3Bob25lX3N0b3Jl4AEA!16s%2Fg%2F11jz8psv2t?entry=ttu&g_ep=EgoyMDI2MDQyMS4wIKXMDSoASAFQAw%3D%3D"
125,Inwi takadoum,"
18 Ave Al Haouz, Rabat",Rabat,INWI,"https://www.google.com/maps/place/Inwi+takadoum/@33.9849834,-6.8999754,13z/data=!4m10!1m2!2m1!1sINWI+Rabat!3m6!1s0xda76b29225827fb:0xa9617fe19cfb7f95!8m2!3d33.9849834!4d-6.8237577!15sCgpJTldJIFJhYmF0IgOIAQFaDCIKaW53aSByYWJhdJIBEGNlbGxfcGhvbmVfc3RvcmWaAURDaTlEUVVsUlFVTnZaRU5vZEhsalJqbHZUMnBHVVZReU9EQmFWbHB2VmtWSmVHTjZaM2xZTUhoWFdIcEtWV05JWXhBQuABAPoBBAgAEBA!16s%2Fg%2F11qb3dj8r7?entry=ttu&g_ep=EgoyMDI2MDQyMS4wIKXMDSoASAFQAw%3D%3D"
126,Pop inwi rabat,"
6 Av. Mehdi Ben Barka, Rabat 10100",Rabat,INWI,"https://www.google.com/maps/place/Pop+inwi+rabat/@33.9849834,-6.8999754,13z/data=!4m10!1m2!2m1!1sINWI+Rabat!3m6!1s0xda713a9f5d4c7e1:0xc6b35689c86d8a63!8m2!3d33.9537602!4d-6.8634346!15sCgpJTldJIFJhYmF0IgOIAQGSARFnb3Zlcm5tZW50X29mZmljZeABAA!16s%2Fg%2F11pcsh1v3m?entry=ttu&g_ep=EgoyMDI2MDQyMS4wIKXMDSoASAFQAw%3D%3D"
127,Boutique inwi,"
Marché dar essalam, Rabat 10000",Rabat,INWI,"https://www.google.com/maps/place/Boutique+inwi/@33.9849834,-6.8999754,13z/data=!4m10!1m2!2m1!1sINWI+Rabat!3m6!1s0xda7159026f538e3:0xb5fd732277fb2a03!8m2!3d33.9489799!4d-6.833318!15sCgpJTldJIFJhYmF0IgOIAQFaDCIKaW53aSByYWJhdJIBI3RlbGVjb21tdW5pY2F0aW9uc19zZXJ2aWNlX3Byb3ZpZGVymgFEQ2k5RFFVbFJRVU52WkVOb2RIbGpSamx2VDI1b2VscHNaRVJpUjFaRlQwZEtVV1F4VWt0YVNGcEVZbGR3UkZsc1JSQULgAQD6AQQIABAb!16s%2Fg%2F11xmv9_r2y?entry=ttu&g_ep=EgoyMDI2MDQyMS4wIKXMDSoASAFQAw%3D%3D"
128,Boutique inwi,"
Groupe Zitoune N° 16, Rabat",Rabat,INWI,"https://www.google.com/maps/place/Boutique+inwi/@33.9849834,-6.8999754,13z/data=!4m10!1m2!2m1!1sINWI+Rabat!3m6!1s0xda76b5e2a6341b7:0xcb0fa0a0616f7af5!8m2!3d33.9852981!4d-6.8176896!15sCgpJTldJIFJhYmF0IgOIAQGSARBjZWxsX3Bob25lX3N0b3Jl4AEA!16s%2Fg%2F11h5mnsq6n?entry=ttu&g_ep=EgoyMDI2MDQyMS4wIKXMDSoASAFQAw%3D%3D"
129,Boutique inwi,"
Centre, 2, Angle Avenue Yaacoub El Mansour et, Rue Loubnane, Marrakech",Marrakech,INWI,"https://www.google.com/maps/place/Boutique+inwi/@31.6374419,-8.0868049,13z/data=!4m10!1m2!2m1!1sINWI+Marrakech!3m6!1s0xdafee8f13020873:0xf9eb081d95dc6f12!8m2!3d31.6374419!4d-8.0105872!15sCg5JTldJIE1hcnJha2VjaCIDiAEBkgEQY2VsbF9waG9uZV9zdG9yZeABAA!16s%2Fg%2F11df3qx8qn?entry=ttu&g_ep=EgoyMDI2MDQyMS4wIKXMDSoASAFQAw%3D%3D"
130,Boutique inwi,"
GUELZ AV ABDELKRIM EL KHATTABI ,ACIMA GUELIZ, Marrakech",Marrakech,INWI,"https://www.google.com/maps/place/Boutique+inwi/@31.6374419,-8.0868049,13z/data=!4m10!1m2!2m1!1sINWI+Marrakech!3m6!1s0xdafee90f23246ef:0x335eecec1bf772f7!8m2!3d31.6369555!4d-8.0178144!15sCg5JTldJIE1hcnJha2VjaCIDiAEBWhAiDmlud2kgbWFycmFrZWNokgEQY2VsbF9waG9uZV9zdG9yZeABAA!16s%2Fg%2F11df3q_m_m?entry=ttu&g_ep=EgoyMDI2MDQyMS4wIKXMDSoASAFQAw%3D%3D"
131,Boutique inwi,"
Nouvelle gare de marrakech ONCF, Marrakech",Marrakech,INWI,"https://www.google.com/maps/place/Boutique+inwi/@31.6374419,-8.0868049,13z/data=!4m10!1m2!2m1!1sINWI+Marrakech!3m6!1s0xdafee93beae0f2b:0xc50a6ce49d08148f!8m2!3d31.6311172!4d-8.0175647!15sCg5JTldJIE1hcnJha2VjaCIDiAEBkgEQY2VsbF9waG9uZV9zdG9yZeABAA!16s%2Fg%2F11dz1cfywm?entry=ttu&g_ep=EgoyMDI2MDQyMS4wIKXMDSoASAFQAw%3D%3D"
132,Boutique inwi,"
Marjane Menara Route de Casablanca, Marrakech",Marrakech,INWI,"https://www.google.com/maps/place/Boutique+inwi/@31.6374419,-8.0868049,13z/data=!4m10!1m2!2m1!1sINWI+Marrakech!3m6!1s0xdafec3746c3cfb3:0xddc7675414b12e99!8m2!3d31.6681494!4d-8.0127171!15sCg5JTldJIE1hcnJha2VjaCIDiAEBkgEQY2VsbF9waG9uZV9zdG9yZeABAA!16s%2Fg%2F11df3qzvk1?entry=ttu&g_ep=EgoyMDI2MDQyMS4wIKXMDSoASAFQAw%3D%3D"
133,Boutique inwi,"
13, Bv Youssef Iben Tachefine Sidi Mimoun, Marrakech",Marrakech,INWI,"https://www.google.com/maps/place/Boutique+inwi/@31.6374419,-8.0868049,13z/data=!4m10!1m2!2m1!1sINWI+Marrakech!3m6!1s0xdafee5ad5723a7d:0xf2d9896bdbc69b1f!8m2!3d31.6201838!4d-7.9924287!15sCg5JTldJIE1hcnJha2VjaCIDiAEBkgEQY2VsbF9waG9uZV9zdG9yZeABAA!16s%2Fg%2F11dz1cg2nq?entry=ttu&g_ep=EgoyMDI2MDQyMS4wIKXMDSoASAFQAw%3D%3D"
134,Boutique inwi,"
Av. Abdelkrim Khatabi Residence Sofia Palemeraie 2, Marrakech",Marrakech,INWI,"https://www.google.com/maps/place/Boutique+inwi/@31.6374419,-8.0868049,13z/data=!4m10!1m2!2m1!1sINWI+Marrakech!3m6!1s0xdafec20d6c359f5:0x6548971dbc8a7646!8m2!3d31.65226!4d-8.0197128!15sCg5JTldJIE1hcnJha2VjaCIDiAEBkgEQY2VsbF9waG9uZV9zdG9yZeABAA!16s%2Fg%2F11dz1ch0lb?entry=ttu&g_ep=EgoyMDI2MDQyMS4wIKXMDSoASAFQAw%3D%3D"
135,Boutique inwi,"
55, Toualat Bab Hamr SYBA, Marrakech",Marrakech,INWI,"https://www.google.com/maps/place/Boutique+inwi/@31.6374419,-8.0868049,13z/data=!4m10!1m2!2m1!1sINWI+Marrakech!3m6!1s0xdafee36ebd60bb3:0x9d74ab9eb091a4bf!8m2!3d31.6145341!4d-7.9771546!15sCg5JTldJIE1hcnJha2VjaCIDiAEBkgEQY2VsbF9waG9uZV9zdG9yZeABAA!16s%2Fg%2F11df3qwlb4?entry=ttu&g_ep=EgoyMDI2MDQyMS4wIKXMDSoASAFQAw%3D%3D"
136,Boutique inwi,"
Aéroport Marrakech Ménara, Marrakech",Marrakech,INWI,"https://www.google.com/maps/place/Boutique+inwi/@31.6374419,-8.0868049,13z/data=!4m10!1m2!2m1!1sINWI+Marrakech!3m6!1s0xdafef210215bd5f:0x99097cdcfe44aceb!8m2!3d31.6018036!4d-8.0273326!15sCg5JTldJIE1hcnJha2VjaCIDiAEBkgEQY2VsbF9waG9uZV9zdG9yZeABAA!16s%2Fg%2F11dz1cglcg?entry=ttu&g_ep=EgoyMDI2MDQyMS4wIKXMDSoASAFQAw%3D%3D"
137,Boutique inwi,"
N° 305 Hay IZIKI, avenue Laayoune, Marrakech",Marrakech,INWI,"https://www.google.com/maps/place/Boutique+inwi/@31.6374419,-8.0868049,13z/data=!4m10!1m2!2m1!1sINWI+Marrakech!3m6!1s0xdafe93836eea83b:0x8fbebd9eb73012b0!8m2!3d31.6222348!4d-8.0587115!15sCg5JTldJIE1hcnJha2VjaCIDiAEBWhAiDmlud2kgbWFycmFrZWNokgEQY2VsbF9waG9uZV9zdG9yZeABAA!16s%2Fg%2F11dz1chc9l?entry=ttu&g_ep=EgoyMDI2MDQyMS4wIKXMDSoASAFQAw%3D%3D"
138,Boutique inwi,"
26 AV ALLAL EL FASSI IMM MOUTAC, Marrakech",Marrakech,INWI,"https://www.google.com/maps/place/Boutique+inwi/@31.6374419,-8.0868049,13z/data=!4m10!1m2!2m1!1sINWI+Marrakech!3m6!1s0xdafee7ce19a7127:0x9fe745402895df41!8m2!3d31.64134!4d-7.9999234!15sCg5JTldJIE1hcnJha2VjaCIDiAEBkgEQY2VsbF9waG9uZV9zdG9yZeABAA!16s%2Fg%2F11df3qz_g7?entry=ttu&g_ep=EgoyMDI2MDQyMS4wIKXMDSoASAFQAw%3D%3D"
139,Boutique inwi,"
79, Av Houmane Fetoaki Aassat Lmaach, Marrakech",Marrakech,INWI,"https://www.google.com/maps/place/Boutique+inwi/@31.6374419,-8.0868049,13z/data=!4m10!1m2!2m1!1sINWI+Marrakech!3m6!1s0xdafee45d2c7a36f:0x897598b6cab09857!8m2!3d31.6206754!4d-7.9870485!15sCg5JTldJIE1hcnJha2VjaCIDiAEBWhAiDmlud2kgbWFycmFrZWNokgEQY2VsbF9waG9uZV9zdG9yZeABAA!16s%2Fg%2F11df3q_454?entry=ttu&g_ep=EgoyMDI2MDQyMS4wIKXMDSoASAFQAw%3D%3D"
140,Boutique inwi,"
213 , massira 2, Marrakech",Marrakech,INWI,"https://www.google.com/maps/place/Boutique+inwi/@31.6307645,-8.142988,13z/data=!4m10!1m2!2m1!1sINWI+Marrakech!3m6!1s0xdafe9423c0d96e1:0x675152f04b89ebfd!8m2!3d31.6307645!4d-8.0667703!15sCg5JTldJIE1hcnJha2VjaCIDiAEBkgEQY2VsbF9waG9uZV9zdG9yZeABAA!16s%2Fg%2F11df3q__cq?entry=ttu&g_ep=EgoyMDI2MDQyMS4wIKXMDSoASAFQAw%3D%3D"
141,Boutique inwi,"
N°15 ighli 1 route Guemassa mhamid, Marrakech",Marrakech,INWI,"https://www.google.com/maps/place/Boutique+inwi/@31.6307645,-8.142988,13z/data=!4m10!1m2!2m1!1sINWI+Marrakech!3m6!1s0xdafef24a01e444d:0x86400df13194a61!8m2!3d31.5938277!4d-8.0301961!15sCg5JTldJIE1hcnJha2VjaCIDiAEBkgEQY2VsbF9waG9uZV9zdG9yZeABAA!16s%2Fg%2F11df3qxg8x?entry=ttu&g_ep=EgoyMDI2MDQyMS4wIKXMDSoASAFQAw%3D%3D"
142,Boutique inwi,"
N 2 residence Wafaa ,BD ALLAL FASSI, Marrakech",Marrakech,INWI,"https://www.google.com/maps/place/Boutique+inwi/@31.6485077,-8.0772329,13z/data=!4m10!1m2!2m1!1sINWI+Marrakech!3m6!1s0xdafee7fb004ca31:0x45f0fd054003aaad!8m2!3d31.6485077!4d-8.0010152!15sCg5JTldJIE1hcnJha2VjaCIDiAEBWhAiDmlud2kgbWFycmFrZWNokgEQY2VsbF9waG9uZV9zdG9yZeABAA!16s%2Fg%2F11df3qwk0_?entry=ttu&g_ep=EgoyMDI2MDQyMS4wIKXMDSoASAFQAw%3D%3D"
143,Agence Inwi,"
HXP5+VCJ, Marrakech 40160",Marrakech,INWI,"https://www.google.com/maps/place/Agence+Inwi/@31.5871899,-8.1177472,13z/data=!4m10!1m2!2m1!1sINWI+Marrakech!3m6!1s0xdafef00552fe471:0xf9441f6943219140!8m2!3d31.5871899!4d-8.0415295!15sCg5JTldJIE1hcnJha2VjaCIDiAEBWhAiDmlud2kgbWFycmFrZWNokgEjdGVsZWNvbW11bmljYXRpb25zX3NlcnZpY2VfcHJvdmlkZXKaAURDaTlEUVVsUlFVTnZaRU5vZEhsalJqbHZUMnBrTTFkcWFFbGhTR2QwVjBVNVRHTlhaRmhpYkZac1ZsUk9VMUZyUlJBQuABAPoBBAgAEBY!16s%2Fg%2F11yc81jzx4?entry=ttu&g_ep=EgoyMDI2MDQyMS4wIKXMDSoASAFQAw%3D%3D"
144,Agence inwi charaf,"
Marrakech 40100",Marrakech,INWI,"https://www.google.com/maps/place/Agence+inwi+charaf/@31.674153,-8.0991415,13z/data=!4m10!1m2!2m1!1sINWI+Marrakech!3m6!1s0xdafed00294e9515:0xf36f7cdeb2abf761!8m2!3d31.674153!4d-8.0229238!15sCg5JTldJIE1hcnJha2VjaCIDiAEBkgEjdGVsZWNvbW11bmljYXRpb25zX3NlcnZpY2VfcHJvdmlkZXLgAQA!16s%2Fg%2F11xd96j5zn?entry=ttu&g_ep=EgoyMDI2MDQyMS4wIKXMDSoASAFQAw%3D%3D"
145,Boutique inwi,"
PRES SAILANE, 6 BD DAKHLA, Marrakech 40140",Marrakech,INWI,"https://www.google.com/maps/place/Boutique+inwi/@31.674153,-8.0991415,13z/data=!4m10!1m2!2m1!1sINWI+Marrakech!3m6!1s0xdafe945ecb4c803:0x6331e9dc84f47745!8m2!3d31.6315637!4d-8.0584854!15sCg5JTldJIE1hcnJha2VjaCIDiAEBkgEZaW50ZXJuZXRfc2VydmljZV9wcm92aWRlcuABAA!16s%2Fg%2F11df3qyclc?entry=ttu&g_ep=EgoyMDI2MDQyMS4wIKXMDSoASAFQAw%3D%3D"
146,Agence inwi,"
aprt 9- 160 lot Saada-Islane 3-, Marrakech",Marrakech,INWI,"https://www.google.com/maps/place/Agence+inwi/@31.6228429,-8.105055,13z/data=!4m10!1m2!2m1!1sINWI+Marrakech!3m6!1s0xdafeff9990cb9e3:0xb2918dde76720a32!8m2!3d31.6228429!4d-8.0288373!15sCg5JTldJIE1hcnJha2VjaCIDiAEBkgEcYnVzaW5lc3NfdG9fYnVzaW5lc3Nfc2VydmljZeABAA!16s%2Fg%2F11h00fl45d?entry=ttu&g_ep=EgoyMDI2MDQyMS4wIKXMDSoASAFQAw%3D%3D"
147,Boutique inwi,"
Résidence Ahlam 2, Av. Moulay Abdellah (Ex Av. Safi), Marrakech",Marrakech,INWI,"https://www.google.com/maps/place/Boutique+inwi/@31.6228429,-8.105055,13z/data=!4m10!1m2!2m1!1sINWI+Marrakech!3m6!1s0xdafee82cfc7735d:0x1f107f227c9bd702!8m2!3d31.6479729!4d-8.0132245!15sCg5JTldJIE1hcnJha2VjaCIDiAEBWhAiDmlud2kgbWFycmFrZWNokgEQY2VsbF9waG9uZV9zdG9yZeABAA!16s%2Fg%2F11dz1cd3cl?entry=ttu&g_ep=EgoyMDI2MDQyMS4wIKXMDSoASAFQAw%3D%3D"
148,Boutique inwi,"
N°2 opération narjiss, av allal fassi daoudiat, Marrakech",Marrakech,INWI,"https://www.google.com/maps/place/Boutique+inwi/@31.6228429,-8.105055,13z/data=!4m10!1m2!2m1!1sINWI+Marrakech!3m6!1s0xdafedd4d6189dc5:0x5a1b1e4bb4e0c268!8m2!3d31.6536176!4d-8.0024349!15sCg5JTldJIE1hcnJha2VjaCIDiAEBWhAiDmlud2kgbWFycmFrZWNokgEQY2VsbF9waG9uZV9zdG9yZeABAA!16s%2Fg%2F11dz1chdqz?entry=ttu&g_ep=EgoyMDI2MDQyMS4wIKXMDSoASAFQAw%3D%3D"
149,Boutique inwi,"
115 Kissariat haj tahiri (Bab Marrakech, Béni Mellal",Marrakech,INWI,"https://www.google.com/maps/place/Boutique+inwi/@31.6228429,-8.105055,13z/data=!4m10!1m2!2m1!1sINWI+Marrakech!3m6!1s0xdafef9e31b61f81:0x2f89b995ff3861ba!8m2!3d31.6410782!4d-7.9972244!15sCg5JTldJIE1hcnJha2VjaCIDiAEBWhAiDmlud2kgbWFycmFrZWNokgEQY2VsbF9waG9uZV9zdG9yZeABAA!16s%2Fg%2F11h5mns_m9?entry=ttu&g_ep=EgoyMDI2MDQyMS4wIKXMDSoASAFQAw%3D%3D"
150,Boutique inwi,"
371, Zone industrielle Sidi Ghanem, Marrakech",Marrakech,INWI,"https://www.google.com/maps/place/Boutique+inwi/@31.674153,-8.0991415,13z/data=!4m10!1m2!2m1!1sINWI+Marrakech!3m6!1s0xdafec0a2e78ec43:0xf61e0f99cfd12036!8m2!3d31.6656531!4d-8.0437822!15sCg5JTldJIE1hcnJha2VjaCIDiAEBWhAiDmlud2kgbWFycmFrZWNokgEQY2VsbF9waG9uZV9zdG9yZZoBJENoZERTVWhOTUc5blMwVkpRMEZuU1VObE5qZGlUbkZSUlJBQuABAPoBBAgAEB8!16s%2Fg%2F11dyn98h6h?entry=ttu&g_ep=EgoyMDI2MDQyMS4wIKXMDSoASAFQAw%3D%3D"
151,Agence inwi,"
aprt 9- 160 lot Saada-Islane 3-, Marrakech",Marrakech,INWI,"https://www.google.com/maps/place/Agence+inwi/@31.5871899,-8.1177472,13z/data=!4m10!1m2!2m1!1sINWI+Marrakech!3m6!1s0xdafeff9990cb9e3:0xb2918dde76720a32!8m2!3d31.6228429!4d-8.0288373!15sCg5JTldJIE1hcnJha2VjaCIDiAEBkgEcYnVzaW5lc3NfdG9fYnVzaW5lc3Nfc2VydmljZeABAA!16s%2Fg%2F11h00fl45d?entry=ttu&g_ep=EgoyMDI2MDQyMS4wIKXMDSoASAFQAw%3D%3D"
152,INWI AGENCE TARGA PORTES DE MARRAKECH,"
N 5, Immeuble D423, Magasin, Marrakech",Marrakech,INWI,"https://www.google.com/maps/place/INWI+AGENCE+TARGA+PORTES+DE+MARRAKECH/@31.6394928,-8.1509208,13z/data=!4m10!1m2!2m1!1sINWI+Marrakech!3m6!1s0xdafe90077076d9d:0x2180705b565383be!8m2!3d31.6394928!4d-8.0747031!15sCg5JTldJIE1hcnJha2VjaCIDiAEBWhAiDmlud2kgbWFycmFrZWNokgEQY29tbWVyY2lhbF9hZ2VudJoBRENpOURRVWxSUVVOdlpFTm9kSGxqUmpsdlQydEplazVYYURaVVZVcE5WVzVvUmxsWE5WSmpNVUpXVVcxYWRGVllZeEFC4AEA-gEECAAQEg!16s%2Fg%2F11x335vjn7?entry=ttu&g_ep=EgoyMDI2MDQyMS4wIKXMDSoASAFQAw%3D%3D"
153,Centre inwi,"
J2X4+93H, Marrakech 40000",Marrakech,INWI,"https://www.google.com/maps/place/Centre+inwi/@31.6484344,-8.0709808,13z/data=!4m10!1m2!2m1!1sINWI+Marrakech!3m6!1s0xdafef0027697d6d:0xdf954ff67dfa4a16!8m2!3d31.6484344!4d-7.9947631!15sCg5JTldJIE1hcnJha2VjaCIDiAEBkgEQY29ycG9yYXRlX29mZmljZeABAA!16s%2Fg%2F11z261sfr3?entry=ttu&g_ep=EgoyMDI2MDQyMS4wIKXMDSoASAFQAw%3D%3D"
154,Agence INWI Maatalah,"
HXW3+QXM, Marrakech 40160",Marrakech,INWI,"https://www.google.com/maps/place/Agence+INWI+Maatalah/@31.5969724,-8.1212874,13z/data=!4m10!1m2!2m1!1sINWI+Marrakech!3m6!1s0xdafef0022dbaa49:0x9a666d3767a9c6d2!8m2!3d31.5969724!4d-8.0450697!15sCg5JTldJIE1hcnJha2VjaCIDiAEBkgEQY2VsbF9waG9uZV9zdG9yZeABAA!16s%2Fg%2F11xfkb95pt?entry=ttu&g_ep=EgoyMDI2MDQyMS4wIKXMDSoASAFQAw%3D%3D"
155,Agence Inwi,"
MWPJ+G6J, Marrakech",Marrakech,INWI,"https://www.google.com/maps/place/Agence+Inwi/@31.6864246,-8.145725,13z/data=!4m10!1m2!2m1!1sINWI+Marrakech!3m6!1s0xdafeb00573d9e81:0x6bf0f573eaed8ff5!8m2!3d31.6864246!4d-8.0695073!15sCg5JTldJIE1hcnJha2VjaCIDiAEBkgEQY2VsbF9waG9uZV9zdG9yZeABAA!16s%2Fg%2F11xvrd3cq2?entry=ttu&g_ep=EgoyMDI2MDQyMS4wIKXMDSoASAFQAw%3D%3D"
156,Boutique inwi,"
Marjane Hay Riad Rabat Route de Tanger Rabat, Rabat",Tanger,INWI,"https://www.google.com/maps/place/Boutique+inwi/@33.95392,-9.2919669,8z/data=!4m10!1m2!2m1!1sINWI+Tanger!3m6!1s0xda71348e38755df:0xa31e3e7822d79a33!8m2!3d33.95392!4d-6.8530021!15sCgtJTldJIFRhbmdlciIDiAEBkgEQY2VsbF9waG9uZV9zdG9yZeABAA!16s%2Fg%2F11dz1cfqmq?entry=ttu&g_ep=EgoyMDI2MDQyMS4wIKXMDSoASAFQAw%3D%3D"
157,Boutique inwi,"
Bd Pasteur, Tanger",Tanger,INWI,"https://www.google.com/maps/place/Boutique+inwi/@35.7806948,-8.2508504,8z/data=!4m10!1m2!2m1!1sINWI+Tanger!3m6!1s0xd0c7f537ec10ecd:0xab643abfee981a86!8m2!3d35.7806948!4d-5.8118856!15sCgtJTldJIFRhbmdlciIDiAEBWg0iC2lud2kgdGFuZ2VykgEQY2VsbF9waG9uZV9zdG9yZeABAA!16s%2Fg%2F11dz1cgm0d?entry=ttu&g_ep=EgoyMDI2MDQyMS4wIKXMDSoASAFQAw%3D%3D"
158,Boutique inwi,"
N°66 Residence ala barakati lah, Ave Mohammed V, Tanger",Tanger,INWI,"https://www.google.com/maps/place/Boutique+inwi/@35.7806948,-8.2508504,8z/data=!4m10!1m2!2m1!1sINWI+Tanger!3m6!1s0xd0c7f56f64e23af:0xba17fc677a7af717!8m2!3d35.7777411!4d-5.806913!15sCgtJTldJIFRhbmdlciIDiAEBkgEQY2VsbF9waG9uZV9zdG9yZeABAA!16s%2Fg%2F11df3qylyy?entry=ttu&g_ep=EgoyMDI2MDQyMS4wIKXMDSoASAFQAw%3D%3D"
159,Boutique inwi,"
1, Complex Jardin Ibn Battouta Imm G Magazin N8B, Tanger 90100",Tanger,INWI,"https://www.google.com/maps/place/Boutique+inwi/@35.7806948,-8.2508504,8z/data=!4m10!1m2!2m1!1sINWI+Tanger!3m6!1s0xd0b897b2f5b3585:0xd329f7ac737c6c3b!8m2!3d35.7066226!4d-5.9050972!15sCgtJTldJIFRhbmdlciIDiAEBkgEjdGVsZWNvbW11bmljYXRpb25zX3NlcnZpY2VfcHJvdmlkZXLgAQA!16s%2Fg%2F11h_442lrv?entry=ttu&g_ep=EgoyMDI2MDQyMS4wIKXMDSoASAFQAw%3D%3D"
160,Boutique inwi,"
N°87 Ave Mohammed V, Tangier 90000",Tanger,INWI,"https://www.google.com/maps/place/Boutique+inwi/@35.7806948,-8.2508504,8z/data=!4m10!1m2!2m1!1sINWI+Tanger!3m6!1s0xd0c7f581eb5c441:0x5f3253ae72241f94!8m2!3d35.776663!4d-5.8032677!15sCgtJTldJIFRhbmdlciIDiAEBkgEQY2VsbF9waG9uZV9zdG9yZeABAA!16s%2Fg%2F11dz1chqpy?entry=ttu&g_ep=EgoyMDI2MDQyMS4wIKXMDSoASAFQAw%3D%3D"
161,Boutique inwi,"
Marjane, Tanger 90060",Tanger,INWI,"https://www.google.com/maps/place/Boutique+inwi/@35.7806948,-8.2508504,8z/data=!4m10!1m2!2m1!1sINWI+Tanger!3m6!1s0xd0b871180ee2e2f:0x62ba6a2a77d5e546!8m2!3d35.7455773!4d-5.8447876!15sCgtJTldJIFRhbmdlciIDiAEBWg0iC2lud2kgdGFuZ2VykgEQY2VsbF9waG9uZV9zdG9yZeABAA!16s%2Fg%2F11df3qxkmh?entry=ttu&g_ep=EgoyMDI2MDQyMS4wIKXMDSoASAFQAw%3D%3D"
162,AGENCE INWI AL MAJD,"
P5PX+JF8, Tanger 90000",Tanger,INWI,"https://www.google.com/maps/place/AGENCE+INWI+AL+MAJD/@35.7806948,-8.2508504,8z/data=!4m10!1m2!2m1!1sINWI+Tanger!3m6!1s0xd0b81b78f821537:0xe7a626c188e35e7f!8m2!3d35.7365488!4d-5.8013073!15sCgtJTldJIFRhbmdlciIDiAEBkgEQY2VsbF9waG9uZV9zdG9yZeABAA!16s%2Fg%2F11fjg99l2f?entry=ttu&g_ep=EgoyMDI2MDQyMS4wIKXMDSoASAFQAw%3D%3D"
163,Boutique inwi,"
N°1 Lotissement Riad Sidi Driss en face l’Ecole primaire ACHNAT, Tanger",Tanger,INWI,"https://www.google.com/maps/place/Boutique+inwi/@35.7806948,-8.2508504,8z/data=!4m10!1m2!2m1!1sINWI+Tanger!3m6!1s0xd0b8723477d95c3:0x4b83ed61ae3185a5!8m2!3d35.740547!4d-5.8314735!15sCgtJTldJIFRhbmdlciIDiAEBWg0iC2lud2kgdGFuZ2VykgEQY2VsbF9waG9uZV9zdG9yZeABAA!16s%2Fg%2F11dz1chqxx?entry=ttu&g_ep=EgoyMDI2MDQyMS4wIKXMDSoASAFQAw%3D%3D"
164,Boutique inwi,"
Gare Tanger ONCF, Tangier 90000",Tanger,INWI,"https://www.google.com/maps/place/Boutique+inwi/@35.7806948,-8.2508504,8z/data=!4m10!1m2!2m1!1sINWI+Tanger!3m6!1s0xd0b816f559e1b2b:0xd4c645b3ff190c47!8m2!3d35.7715151!4d-5.786007!15sCgtJTldJIFRhbmdlciIDiAEBkgEjdGVsZWNvbW11bmljYXRpb25zX3NlcnZpY2VfcHJvdmlkZXLgAQA!16s%2Fg%2F11xl441b3g?entry=ttu&g_ep=EgoyMDI2MDQyMS4wIKXMDSoASAFQAw%3D%3D"
165,Boutique inwi,"
N° 99 imm youssra BL(A) mssnana, Tanger",Tanger,INWI,"https://www.google.com/maps/place/Boutique+inwi/@35.7806948,-8.2508504,8z/data=!4m10!1m2!2m1!1sINWI+Tanger!3m6!1s0xd0b8775b7d30851:0x45ab1e95542a0575!8m2!3d35.7550687!4d-5.8539785!15sCgtJTldJIFRhbmdlciIDiAEBWg0iC2lud2kgdGFuZ2VykgEQY2VsbF9waG9uZV9zdG9yZeABAA!16s%2Fg%2F11dz1cj14p?entry=ttu&g_ep=EgoyMDI2MDQyMS4wIKXMDSoASAFQAw%3D%3D"
166,Boutique inwi,"
bd faycal ben abdelaziz teboutique branes( à coté de Casabarata), Tanger",Tanger,INWI,"https://www.google.com/maps/place/Boutique+inwi/@35.7806948,-8.2508504,8z/data=!4m10!1m2!2m1!1sINWI+Tanger!3m6!1s0xd0b874ef6254607:0x70f45217b5fd7b7b!8m2!3d35.7609841!4d-5.8213164!15sCgtJTldJIFRhbmdlciIDiAEBWg0iC2lud2kgdGFuZ2VykgEQY2VsbF9waG9uZV9zdG9yZeABAA!16s%2Fg%2F11dz1cg4xd?entry=ttu&g_ep=EgoyMDI2MDQyMS4wIKXMDSoASAFQAw%3D%3D"
167,Boutique inwi,"
N°2 & N° 3 bd fes, Tanger",Tanger,INWI,"https://www.google.com/maps/place/Boutique+inwi/@35.7806948,-8.2508504,8z/data=!4m10!1m2!2m1!1sINWI+Tanger!3m6!1s0xd0b80aaa9d0f95b:0x97da96a47e02bbed!8m2!3d35.77492!4d-5.8138266!15sCgtJTldJIFRhbmdlciIDiAEBWg0iC2lud2kgdGFuZ2VykgEQY2VsbF9waG9uZV9zdG9yZeABAA!16s%2Fg%2F11dz1chxhz?entry=ttu&g_ep=EgoyMDI2MDQyMS4wIKXMDSoASAFQAw%3D%3D"
168,Boutique inwi,"
Complexe Ibn Batouta, N° 16, Rte Tétouan, Tanger",Tanger,INWI,"https://www.google.com/maps/place/Boutique+inwi/@35.7806948,-8.2508504,8z/data=!4m10!1m2!2m1!1sINWI+Tanger!3m6!1s0xd0b80959b7d1563:0x115bf0e8042e318d!8m2!3d35.7574025!4d-5.7917463!15sCgtJTldJIFRhbmdlciIDiAEBWg0iC2lud2kgdGFuZ2VykgEQY2VsbF9waG9uZV9zdG9yZeABAA!16s%2Fg%2F11dz1chjyc?entry=ttu&g_ep=EgoyMDI2MDQyMS4wIKXMDSoASAFQAw%3D%3D"
169,Boutique inwi,"
N°2 Bd Florencia Bendibane, Tanger",Tanger,INWI,"https://www.google.com/maps/place/Boutique+inwi/@35.7806948,-8.2508504,8z/data=!4m10!1m2!2m1!1sINWI+Tanger!3m6!1s0xd0b874996be1027:0x176b154055bc7fcf!8m2!3d35.7547026!4d-5.8203818!15sCgtJTldJIFRhbmdlciIDiAEBWg0iC2lud2kgdGFuZ2VykgEQY2VsbF9waG9uZV9zdG9yZeABAA!16s%2Fg%2F11dz1ch_42?entry=ttu&g_ep=EgoyMDI2MDQyMS4wIKXMDSoASAFQAw%3D%3D"
170,Boutique inwi,"
LOT ALMAJD ALWAMA GhARBIA N°1 JOUhARA, Tanger",Tanger,INWI,"https://www.google.com/maps/place/Boutique+inwi/@35.7806948,-8.2508504,8z/data=!4m10!1m2!2m1!1sINWI+Tanger!3m6!1s0xd0b87f689ce7ed5:0xa13c42d166d51d88!8m2!3d35.7595061!4d-5.8340281!15sCgtJTldJIFRhbmdlciIDiAEBkgEQY2VsbF9waG9uZV9zdG9yZeABAA!16s%2Fg%2F11fnqwlqfn?entry=ttu&g_ep=EgoyMDI2MDQyMS4wIKXMDSoASAFQAw%3D%3D"
171,Boutique inwi,"
Quartier Souani Bd Anfa n°44, Tanger",Tanger,INWI,"https://www.google.com/maps/place/Boutique+inwi/@35.7806948,-8.2508504,8z/data=!4m10!1m2!2m1!1sINWI+Tanger!3m6!1s0xd0b875741bc95e1:0x9adcf3a060745027!8m2!3d35.7702896!4d-5.823746!15sCgtJTldJIFRhbmdlciIDiAEBWg0iC2lud2kgdGFuZ2VykgEQY2VsbF9waG9uZV9zdG9yZeABAA!16s%2Fg%2F11df3qzcqg?entry=ttu&g_ep=EgoyMDI2MDQyMS4wIKXMDSoASAFQAw%3D%3D"
172,Boutique inwi,"
N° 66 BD Al Qods AL AOUAMA, Tanger",Tanger,INWI,"https://www.google.com/maps/place/Boutique+inwi/@35.7806948,-8.2508504,8z/data=!4m10!1m2!2m1!1sINWI+Tanger!3m6!1s0xd0b80c6dc694765:0xb49ce8a7fc0c22ba!8m2!3d35.7506829!4d-5.7996169!15sCgtJTldJIFRhbmdlciIDiAEBWg0iC2lud2kgdGFuZ2VykgEQY2VsbF9waG9uZV9zdG9yZeABAA!16s%2Fg%2F11df3qyz9m?entry=ttu&g_ep=EgoyMDI2MDQyMS4wIKXMDSoASAFQAw%3D%3D"
173,Boutique inwi,"
46 Av. Imam Mouslim, Tanger 90040",Tanger,INWI,"https://www.google.com/maps/place/Boutique+inwi/@35.7806948,-8.2508504,8z/data=!4m10!1m2!2m1!1sINWI+Tanger!3m6!1s0xd0c78bad163b299:0x74726f8a4903b454!8m2!3d35.7853478!4d-5.8266957!15sCgtJTldJIFRhbmdlciIDiAEBkgEjdGVsZWNvbW11bmljYXRpb25zX3NlcnZpY2VfcHJvdmlkZXLgAQA!16s%2Fg%2F11df3qzvkr?entry=ttu&g_ep=EgoyMDI2MDQyMS4wIKXMDSoASAFQAw%3D%3D"
174,Boutique inwi,"
250, avenue My Slimane Benmakada, Tanger",Tanger,INWI,"https://www.google.com/maps/place/Boutique+inwi/@35.7806948,-8.2508504,8z/data=!4m10!1m2!2m1!1sINWI+Tanger!3m6!1s0xd0b80b4499fda0b:0x3df5aed6721af017!8m2!3d35.7565315!4d-5.8106599!15sCgtJTldJIFRhbmdlciIDiAEBWg0iC2lud2kgdGFuZ2VykgEQY2VsbF9waG9uZV9zdG9yZZoBI0NoWkRTVWhOTUc5blMwVkpRMEZuU1VSSWMweFRaazFSRUFF4AEA-gEECAAQDQ!16s%2Fg%2F11df3q_y45?entry=ttu&g_ep=EgoyMDI2MDQyMS4wIKXMDSoASAFQAw%3D%3D"
175,Boutique inwi,"
Hay birchifa avenue Arabie saoudite n° 129, Tanger",Tanger,INWI,"https://www.google.com/maps/place/Boutique+inwi/@35.7806948,-8.2508504,8z/data=!4m10!1m2!2m1!1sINWI+Tanger!3m6!1s0xd0b8731f3105145:0x164a663366137836!8m2!3d35.7433036!4d-5.820036!15sCgtJTldJIFRhbmdlciIDiAEBWg0iC2lud2kgdGFuZ2VykgEQY2VsbF9waG9uZV9zdG9yZeABAA!16s%2Fg%2F11df3qyr8j?entry=ttu&g_ep=EgoyMDI2MDQyMS4wIKXMDSoASAFQAw%3D%3D"
176,Boutique inwi,"
BLOC - H -N° 58 MAGASIN N°1- OULD OUJIHI, Kénitra",Tanger,INWI,"https://www.google.com/maps/place/Boutique+inwi/@35.7806948,-8.2508504,8z/data=!4m10!1m2!2m1!1sINWI+Tanger!3m6!1s0xda7599e348d5e29:0x2a301531f75d9a03!8m2!3d34.2605376!4d-6.6199513!15sCgtJTldJIFRhbmdlciIDiAEBWg0iC2lud2kgdGFuZ2VykgEjdGVsZWNvbW11bmljYXRpb25zX3NlcnZpY2VfcHJvdmlkZXKaASRDaGREU1VoTk1HOW5TMFZKUTBGblNVUTFObGt6ZG14M1JSQULgAQD6AQQIABAN!16s%2Fg%2F11df3qxl3_?entry=ttu&g_ep=EgoyMDI2MDQyMS4wIKXMDSoASAFQAw%3D%3D"
177,Boutique inwi,"
secteur Almajd, 4 av, ibn al haytam, Salé",Tanger,INWI,"https://www.google.com/maps/place/Boutique+inwi/@34.0641167,-9.2068847,8z/data=!4m10!1m2!2m1!1sINWI+Tanger!3m6!1s0xda76989d48f0245:0x8dc38c5f93fb4c5e!8m2!3d34.0641167!4d-6.7679199!15sCgtJTldJIFRhbmdlciIDiAEBWg0iC2lud2kgdGFuZ2VykgEQY2VsbF9waG9uZV9zdG9yZZoBI0NoWkRTVWhOTUc5blMwVkpRMEZuU1VSUGRDMDJhbGRuRUFF4AEA-gEECAAQJw!16s%2Fg%2F11df3qx3h2?entry=ttu&g_ep=EgoyMDI2MDQyMS4wIKXMDSoASAFQAw%3D%3D"
178,Boutique inwi,"
Hay birchifa avenue Arabie saoudite n° 129, Tanger",Tanger,INWI,"https://www.google.com/maps/place/Boutique+inwi/@35.7433036,-8.2590008,8z/data=!4m10!1m2!2m1!1sINWI+Tanger!3m6!1s0xd0b8731f3105145:0x164a663366137836!8m2!3d35.7433036!4d-5.820036!15sCgtJTldJIFRhbmdlciIDiAEBWg0iC2lud2kgdGFuZ2VykgEQY2VsbF9waG9uZV9zdG9yZeABAA!16s%2Fg%2F11df3qyr8j?entry=ttu&g_ep=EgoyMDI2MDQyMS4wIKXMDSoASAFQAw%3D%3D"
179,Inwi kawacim,"
Q48V+87F kawacim mesnana, Tanger",Tanger,INWI,"https://www.google.com/maps/place/Inwi+kawacim/@35.7433036,-8.2590008,8z/data=!4m10!1m2!2m1!1sINWI+Tanger!3m6!1s0xd0b870042432e6f:0x98e6d4f359424bc!8m2!3d35.7658061!4d-5.8568424!15sCgtJTldJIFRhbmdlciIDiAEBkgEjdGVsZWNvbW11bmljYXRpb25zX3NlcnZpY2VfcHJvdmlkZXLgAQA!16s%2Fg%2F11ygzmq6_l?entry=ttu&g_ep=EgoyMDI2MDQyMS4wIKXMDSoASAFQAw%3D%3D"
180,Boutique inwi,"
Zone D Q Administratif N°3 Saknia, Kénitra",Tanger,INWI,"https://www.google.com/maps/place/Boutique+inwi/@35.7433036,-8.2590008,8z/data=!4m10!1m2!2m1!1sINWI+Tanger!3m6!1s0xda75735b9db5be5:0xf14b3bf77703e23a!8m2!3d34.2486597!4d-6.555096!15sCgtJTldJIFRhbmdlciIDiAEBWg0iC2lud2kgdGFuZ2VykgEQY2VsbF9waG9uZV9zdG9yZZoBJENoZERTVWhOTUc5blMwVkpRMEZuU1VORWVsOVRTelpCUlJBQuABAPoBBAgAEBA!16s%2Fg%2F11c1s2tgdg?entry=ttu&g_ep=EgoyMDI2MDQyMS4wIKXMDSoASAFQAw%3D%3D"
181,Agence inwi,"
P45H+WJ8, Gueznaia",Tanger,INWI,"https://www.google.com/maps/place/Agence+inwi/@35.7433036,-8.2590008,8z/data=!4m10!1m2!2m1!1sINWI+Tanger!3m6!1s0xd0b87005da493db:0x1860be9c6e9f58a8!8m2!3d35.7097965!4d-5.8709284!15sCgtJTldJIFRhbmdlciIDiAEBkgEQY29tbWVyY2lhbF9hZ2VudOABAA!16s%2Fg%2F11w3kr3zbs?entry=ttu&g_ep=EgoyMDI2MDQyMS4wIKXMDSoASAFQAw%3D%3D"
182,Boutique inwi,"
250, avenue My Slimane Benmakada, Tanger",Tanger,INWI,"https://www.google.com/maps/place/Boutique+inwi/@35.7433036,-8.2590008,8z/data=!4m10!1m2!2m1!1sINWI+Tanger!3m6!1s0xd0b80b4499fda0b:0x3df5aed6721af017!8m2!3d35.7565315!4d-5.8106599!15sCgtJTldJIFRhbmdlciIDiAEBWg0iC2lud2kgdGFuZ2VykgEQY2VsbF9waG9uZV9zdG9yZZoBI0NoWkRTVWhOTUc5blMwVkpRMEZuU1VSSWMweFRaazFSRUFF4AEA-gEECAAQDQ!16s%2Fg%2F11df3q_y45?entry=ttu&g_ep=EgoyMDI2MDQyMS4wIKXMDSoASAFQAw%3D%3D"
183,Boutique inwi,"
3 Rue Tarik Bnou Ziad, Tangier 90060",Tanger,INWI,"https://www.google.com/maps/place/Boutique+inwi/@35.7433036,-8.2590008,8z/data=!4m10!1m2!2m1!1sINWI+Tanger!3m6!1s0xd0b80b98f1af6f3:0xb891f84be25f10f6!8m2!3d35.7588844!4d-5.8015607!15sCgtJTldJIFRhbmdlciIDiAEBWg0iC2lud2kgdGFuZ2VykgEQY2VsbF9waG9uZV9zdG9yZZoBI0NoWkRTVWhOTUc5blMwVkpRMEZuU1VNeGR6aEljVTVSRUFF4AEA-gEECBwQEg!16s%2Fg%2F11dz1chcgz?entry=ttu&g_ep=EgoyMDI2MDQyMS4wIKXMDSoASAFQAw%3D%3D"
184,Boutique inwi,"
352 Av. Mohamed V, Kénitra",Tanger,INWI,"https://www.google.com/maps/place/Boutique+inwi/@35.7433036,-8.2590008,8z/data=!4m10!1m2!2m1!1sINWI+Tanger!3m6!1s0xda759e15a6d171b:0xd3a26451309bf7a7!8m2!3d34.263108!4d-6.5740061!15sCgtJTldJIFRhbmdlciIDiAEBWg0iC2lud2kgdGFuZ2VykgEjdGVsZWNvbW11bmljYXRpb25zX3NlcnZpY2VfcHJvdmlkZXKaAURDaTlEUVVsUlFVTnZaRU5vZEhsalJqbHZUMjAxV1dWWGQzaGFNMHA1VGxkc1ZsbFdRWFJPTVd4Q1ltMXdaazFJWXhBQuABAPoBBAgAEEA!16s%2Fg%2F11c1s270s0?entry=ttu&g_ep=EgoyMDI2MDQyMS4wIKXMDSoASAFQAw%3D%3D"
185,Boutique inwi,"
n 108 avenue med 5, Kénitra",Tanger,INWI,"https://www.google.com/maps/place/Boutique+inwi/@35.7433036,-8.2590008,8z/data=!4m10!1m2!2m1!1sINWI+Tanger!3m6!1s0xda7574273c147a9:0x61f82c3890419acd!8m2!3d34.2660576!4d-6.5639624!15sCgtJTldJIFRhbmdlciIDiAEBWg0iC2lud2kgdGFuZ2VykgEQY2VsbF9waG9uZV9zdG9yZZoBJENoZERTVWhOTUc5blMwVkpRMEZuU1VSMU5XRlRiR3RCUlJBQuABAPoBBAgAEA0!16s%2Fg%2F11cn5nb670?entry=ttu&g_ep=EgoyMDI2MDQyMS4wIKXMDSoASAFQAw%3D%3D"
186,Boutique inwi,"
n° 23 Av. Hassan II, Kénitra",Tanger,INWI,"https://www.google.com/maps/place/Boutique+inwi/@35.7433036,-8.2590008,8z/data=!4m10!1m2!2m1!1sINWI+Tanger!3m6!1s0xda759e3d570ac41:0xc5861525fd57ca43!8m2!3d34.2601307!4d-6.5809787!15sCgtJTldJIFRhbmdlciIDiAEBWg0iC2lud2kgdGFuZ2VykgEQY2VsbF9waG9uZV9zdG9yZZoBI0NoWkRTVWhOTUc5blMwVkpMV3h2WTFORmMxcEhjbHBCRUFF4AEA-gEECAAQIA!16s%2Fg%2F11dz1ch1_n?entry=ttu&g_ep=EgoyMDI2MDQyMS4wIKXMDSoASAFQAw%3D%3D"
187,Boutique inwi,"
HAY JIRARI 2 N°26 BD AICHA MOUSSAFIR, Tanger",Tanger,INWI,"https://www.google.com/maps/place/Boutique+inwi/@35.7433036,-8.2590008,8z/data=!4m10!1m2!2m1!1sINWI+Tanger!3m6!1s0xd0b80ca28d0f119:0xf9273ec49a748bf1!8m2!3d35.7511938!4d-5.8092597!15sCgtJTldJIFRhbmdlciIDiAEBWg0iC2lud2kgdGFuZ2VykgEQY2VsbF9waG9uZV9zdG9yZeABAA!16s%2Fg%2F11dz1cjvw1?entry=ttu&g_ep=EgoyMDI2MDQyMS4wIKXMDSoASAFQAw%3D%3D"
188,Boutique inwi,"
N° 302 Av des Far (en face AWB, Tétouan",Tanger,INWI,"https://www.google.com/maps/place/Boutique+inwi/@35.7433036,-8.2590008,8z/data=!4m10!1m2!2m1!1sINWI+Tanger!3m6!1s0xd0b42fe276e7769:0x76f27248d7da2387!8m2!3d35.5819384!4d-5.351702!15sCgtJTldJIFRhbmdlciIDiAEBWg0iC2lud2kgdGFuZ2VykgEQY2VsbF9waG9uZV9zdG9yZZoBJENoZERTVWhOTUc5blMwVkpRMEZuU1VSV05uUmxObTluUlJBQuABAPoBBQjJAhA7!16s%2Fg%2F11dz1cfqvn?entry=ttu&g_ep=EgoyMDI2MDQyMS4wIKXMDSoASAFQAw%3D%3D"
189,Boutique inwi,"
Angle Av istiklal et med diouri n 65, Kénitra",Tanger,INWI,"https://www.google.com/maps/place/Boutique+inwi/@35.7433036,-8.2590008,8z/data=!4m10!1m2!2m1!1sINWI+Tanger!3m6!1s0xda759e6eb992185:0x85283d4b09369629!8m2!3d34.261352!4d-6.5853401!15sCgtJTldJIFRhbmdlciIDiAEBWg0iC2lud2kgdGFuZ2VykgEjdGVsZWNvbW11bmljYXRpb25zX3NlcnZpY2VfcHJvdmlkZXKaASNDaFpEU1VoTk1HOW5TMFZKUTBGblNVTmlhRXhQZEdGUkVBReABAPoBBAgAEBE!16s%2Fg%2F11dxh868f9?entry=ttu&g_ep=EgoyMDI2MDQyMS4wIKXMDSoASAFQAw%3D%3D"
190,Boutique inwi,"
Marjane Tétouan, Tétouan",Tanger,INWI,"https://www.google.com/maps/place/Boutique+inwi/@35.7433036,-8.2590008,8z/data=!4m10!1m2!2m1!1sINWI+Tanger!3m6!1s0xd0b433e488ad361:0x34119871c6427ded!8m2!3d35.6026!4d-5.3343525!15sCgtJTldJIFRhbmdlciIDiAEBWg0iC2lud2kgdGFuZ2VykgEQY2VsbF9waG9uZV9zdG9yZZoBJENoZERTVWhOTUc5blMwVkpRMEZuU1VSb2REVjFSbXRCUlJBQuABAPoBBAgSECM!16s%2Fg%2F11dz1chqgf?entry=ttu&g_ep=EgoyMDI2MDQyMS4wIKXMDSoASAFQAw%3D%3D"
191,Inwi,"
Q5QV+WXH, Blvd. Mohamed VI, Tanger",Tanger,INWI,"https://www.google.com/maps/place/Inwi/@35.7433036,-8.2590008,8z/data=!4m10!1m2!2m1!1sINWI+Tanger!3m6!1s0xd0c7f00619cda8b:0x276eff490bd5f0d3!8m2!3d35.7892093!4d-5.8052535!15sCgtJTldJIFRhbmdlciIDiAEBkgEQY29tbWVyY2lhbF9hZ2VudOABAA!16s%2Fg%2F11mf1nzvml?entry=ttu&g_ep=EgoyMDI2MDQyMS4wIKXMDSoASAFQAw%3D%3D"
192,Boutique inwi,"
ANGLE RUE DABDOU ET RUE TANGER, Taourirt",Tanger,INWI,"https://www.google.com/maps/place/Boutique+inwi/@34.4113418,-5.3327531,8z/data=!4m10!1m2!2m1!1sINWI+Tanger!3m6!1s0xd9d63a1132b370f:0xba5031bdc52dc47f!8m2!3d34.4113418!4d-2.8937883!15sCgtJTldJIFRhbmdlciIDiAEBkgEQY2VsbF9waG9uZV9zdG9yZeABAA!16s%2Fg%2F11dz1cghcn?entry=ttu&g_ep=EgoyMDI2MDQyMS4wIKXMDSoASAFQAw%3D%3D"
193,Boutique inwi,"
place Jalaa rue bnou houssain N13, Tétouan",Tanger,INWI,"https://www.google.com/maps/place/Boutique+inwi/@35.5703284,-7.8098348,8z/data=!4m10!1m2!2m1!1sINWI+Tanger!3m6!1s0xd0b425db6547b8b:0xdad6652a99b09741!8m2!3d35.5703284!4d-5.37087!15sCgtJTldJIFRhbmdlciIDiAEBWg0iC2lud2kgdGFuZ2VykgEQY2VsbF9waG9uZV9zdG9yZZoBJENoZERTVWhOTUc5blMwVkpRMEZuU1VSbGFWbFlVblZCUlJBQuABAPoBBAgAECY!16s%2Fg%2F11dz1cfddd?entry=ttu&g_ep=EgoyMDI2MDQyMS4wIKXMDSoASAFQAw%3D%3D"
194,Boutique inwi,"
N° 241, Av Mly Rachid Imm. 217, Tanger",Tanger,INWI,"https://www.google.com/maps/place/Boutique+inwi/@35.5703284,-7.8098348,8z/data=!4m10!1m2!2m1!1sINWI+Tanger!3m6!1s0xd0b8731c514467b:0x9eb4717ecc5f0717!8m2!3d35.772173!4d-5.830008!15sCgtJTldJIFRhbmdlciIDiAEBkgEQY2VsbF9waG9uZV9zdG9yZeABAA!16s%2Fg%2F11h5mnsq8b?entry=ttu&g_ep=EgoyMDI2MDQyMS4wIKXMDSoASAFQAw%3D%3D"
195,Boutique inwi,"
Agence Fès ONCF, Fès 30050",Fès,INWI,"https://www.google.com/maps/place/Boutique+inwi/@34.0470124,-5.6152743,10z/data=!4m10!1m2!2m1!1zSU5XSSBGw6hz!3m6!1s0xd9f8b322a48ceaf:0xaac63e978439ef4e!8m2!3d34.0470124!4d-5.0055331!15sCglJTldJIEbDqHMiA4gBAZIBEGNlbGxfcGhvbmVfc3RvcmXgAQA!16s%2Fg%2F11dz1ck1c6?entry=ttu&g_ep=EgoyMDI2MDQyMS4wIKXMDSoASAFQAw%3D%3D"
196,Boutique inwi,"
68 AV HASSN 2 VN, Fès",Fès,INWI,"https://www.google.com/maps/place/Boutique+inwi/@34.0470124,-5.6152743,10z/data=!4m10!1m2!2m1!1zSU5XSSBGw6hz!3m6!1s0xd9f8b49d89c1261:0x4aa261369db626b6!8m2!3d34.04448!4d-4.9974286!15sCglJTldJIEbDqHMiA4gBAVoLIglpbndpIGbDqHOSARBjZWxsX3Bob25lX3N0b3Jl4AEA!16s%2Fg%2F11dz1cg4p7?entry=ttu&g_ep=EgoyMDI2MDQyMS4wIKXMDSoASAFQAw%3D%3D"
197,Boutique inwi,"
Montfleuri Av Karama N 261 et 262, Fès",Fès,INWI,"https://www.google.com/maps/place/Boutique+inwi/@34.0470124,-5.6152743,10z/data=!4m10!1m2!2m1!1zSU5XSSBGw6hz!3m6!1s0xd9f8b7767149c11:0x724e1ab0739b7c8d!8m2!3d34.0119099!4d-4.9875906!15sCglJTldJIEbDqHMiA4gBAZIBEGNlbGxfcGhvbmVfc3RvcmXgAQA!16s%2Fg%2F11df3qyqxq?entry=ttu&g_ep=EgoyMDI2MDQyMS4wIKXMDSoASAFQAw%3D%3D"
198,Boutique inwi,"
31 Bd des FAR, Fès",Fès,INWI,"https://www.google.com/maps/place/Boutique+inwi/@34.0470124,-5.6152743,10z/data=!4m10!1m2!2m1!1zSU5XSSBGw6hz!3m6!1s0xd9f8b3f512ae927:0x5fbb8b2e4696809d!8m2!3d34.0342204!4d-4.9978728!15sCglJTldJIEbDqHMiA4gBAZIBEGNlbGxfcGhvbmVfc3RvcmXgAQA!16s%2Fg%2F11df3qzl60?entry=ttu&g_ep=EgoyMDI2MDQyMS4wIKXMDSoASAFQAw%3D%3D"
199,Boutique inwi,"
Av Essasda Residence Miftaha, Fès",Fès,INWI,"https://www.google.com/maps/place/Boutique+inwi/@34.0470124,-5.6152743,10z/data=!4m10!1m2!2m1!1zSU5XSSBGw6hz!3m6!1s0xd9f8b16f1b6d943:0xc738c00dd5be9538!8m2!3d34.0261223!4d-5.0046287!15sCglJTldJIEbDqHMiA4gBAZIBEXRlbGVwaG9uZV9jb21wYW554AEA!16s%2Fg%2F11dz1ck0kl?entry=ttu&g_ep=EgoyMDI2MDQyMS4wIKXMDSoASAFQAw%3D%3D"
200,Boutique inwi,"
Av Slaoui Resid Des Palmiers Vn Fes, Fès",Fès,INWI,"https://www.google.com/maps/place/Boutique+inwi/@34.0470124,-5.6152743,10z/data=!4m10!1m2!2m1!1zSU5XSSBGw6hz!3m6!1s0xd9f8b47a0e96c45:0xf704f8a176661181!8m2!3d34.0382972!4d-4.995882!15sCglJTldJIEbDqHMiA4gBAVoLIglpbndpIGbDqHOSARBjZWxsX3Bob25lX3N0b3Jl4AEA!16s%2Fg%2F11dz1ch96x?entry=ttu&g_ep=EgoyMDI2MDQyMS4wIKXMDSoASAFQAw%3D%3D"
201,Boutique inwi,"
142 Bd Mohammed V, Fes 30050",Fès,INWI,"https://www.google.com/maps/place/Boutique+inwi/@34.0470124,-5.6152743,10z/data=!4m10!1m2!2m1!1zSU5XSSBGw6hz!3m6!1s0xd9f8b382341fb07:0xc94decbd2e4ba7dc!8m2!3d34.0398897!4d-4.9987074!15sCglJTldJIEbDqHMiA4gBAZIBEGNlbGxfcGhvbmVfc3RvcmXgAQA!16s%2Fg%2F11df3qxnbk?entry=ttu&g_ep=EgoyMDI2MDQyMS4wIKXMDSoASAFQAw%3D%3D"
202,Boutique inwi,"
2246+4F9, 179 B13 Bd Elhadari Montfleuri 2, Rue Ikli Zohor, Fès",Fès,INWI,"https://www.google.com/maps/place/Boutique+inwi/@34.0470124,-5.6152743,10z/data=!4m10!1m2!2m1!1zSU5XSSBGw6hz!3m6!1s0xd9f8b831c38cf81:0x3dbded4aef261100!8m2!3d34.0049274!4d-4.9853716!15sCglJTldJIEbDqHMiA4gBAVoLIglpbndpIGbDqHOSARBjZWxsX3Bob25lX3N0b3Jl4AEA!16s%2Fg%2F11df3qygxd?entry=ttu&g_ep=EgoyMDI2MDQyMS4wIKXMDSoASAFQAw%3D%3D"
203,Boutique inwi,"
226F+74R, 52, Bld el Wafaa ( Wafaa II ) sur la Rte de Sefrou, Rte de Sefrou, Fès",Fès,INWI,"https://www.google.com/maps/place/Boutique+inwi/@34.0470124,-5.6152743,10z/data=!4m10!1m2!2m1!1zSU5XSSBGw6hz!3m6!1s0xd9f8b7fd190672d:0x388b60bffda8d28a!8m2!3d34.0107992!4d-4.9773459!15sCglJTldJIEbDqHMiA4gBAZIBEGNlbGxfcGhvbmVfc3RvcmXgAQA!16s%2Fg%2F11dz1cj810?entry=ttu&g_ep=EgoyMDI2MDQyMS4wIKXMDSoASAFQAw%3D%3D"
204,Boutique inwi,"
11 Ave Lalla Meryem, Fes 30050",Fès,INWI,"https://www.google.com/maps/place/Boutique+inwi/@34.0470124,-5.6152743,10z/data=!4m10!1m2!2m1!1zSU5XSSBGw6hz!3m6!1s0xd9f8b3730fa0749:0x5e415ceae04a3ec!8m2!3d34.0423185!4d-5.0021337!15sCglJTldJIEbDqHMiA4gBAVoLIglpbndpIGbDqHOSARBjZWxsX3Bob25lX3N0b3Jl4AEA!16s%2Fg%2F11dz1cgndn?entry=ttu&g_ep=EgoyMDI2MDQyMS4wIKXMDSoASAFQAw%3D%3D"
205,Boutique inwi,"
lot 78, rue Youssef bentachfine, magasin, Fès",Fès,INWI,"https://www.google.com/maps/place/Boutique+inwi/@34.0470124,-5.6152743,10z/data=!4m10!1m2!2m1!1zSU5XSSBGw6hz!3m6!1s0xd9ff5319f627f3f:0xb25ea2c7067ed4a!8m2!3d34.05746!4d-5.0310355!15sCglJTldJIEbDqHMiA4gBAZIBEGNlbGxfcGhvbmVfc3RvcmXgAQA!16s%2Fg%2F11df3q_7kh?entry=ttu&g_ep=EgoyMDI2MDQyMS4wIKXMDSoASAFQAw%3D%3D"
206,Boutique inwi,"
12 Route jdida Rssife, Fès",Fès,INWI,"https://www.google.com/maps/place/Boutique+inwi/@34.0470124,-5.6152743,10z/data=!4m10!1m2!2m1!1zSU5XSSBGw6hz!3m6!1s0xd9ff356e40f5655:0x964832e2f8748c48!8m2!3d34.0608137!4d-4.9730955!15sCglJTldJIEbDqHMiA4gBAZIBEGNlbGxfcGhvbmVfc3RvcmXgAQA!16s%2Fg%2F11dz3w3msn?entry=ttu&g_ep=EgoyMDI2MDQyMS4wIKXMDSoASAFQAw%3D%3D"
207,Boutique inwi,"
314 El Quaraouiyine - Narjisse",Fès,INWI,"https://www.google.com/maps/place/Boutique+inwi/@34.0470124,-5.6152743,10z/data=!4m10!1m2!2m1!1zSU5XSSBGw6hz!3m6!1s0xd9f8b7d9d0b01cd:0x7f68aa6e85ec452!8m2!3d34.0165538!4d-4.9773633!15sCglJTldJIEbDqHMiA4gBAVoLIglpbndpIGbDqHOSARBjZWxsX3Bob25lX3N0b3Jl4AEA!16s%2Fg%2F11dz1cjt77?entry=ttu&g_ep=EgoyMDI2MDQyMS4wIKXMDSoASAFQAw%3D%3D"
208,Boutique inwi,"
Quartier Bensouda - Proximité WafaCash, Fès",Fès,INWI,"https://www.google.com/maps/place/Boutique+inwi/@34.0470124,-5.6152743,10z/data=!4m10!1m2!2m1!1zSU5XSSBGw6hz!3m6!1s0xd9f8a9b39049653:0xd996a3564bada1a1!8m2!3d34.0182236!4d-5.0519793!15sCglJTldJIEbDqHMiA4gBAVoLIglpbndpIGbDqHOSARBjZWxsX3Bob25lX3N0b3Jl4AEA!16s%2Fg%2F11df3q_dpw?entry=ttu&g_ep=EgoyMDI2MDQyMS4wIKXMDSoASAFQAw%3D%3D"
209,Boutique inwi,"
12 bloc B grande bd zouagha, Fès",Fès,INWI,"https://www.google.com/maps/place/Boutique+inwi/@34.0470124,-5.6152743,10z/data=!4m10!1m2!2m1!1zSU5XSSBGw6hz!3m6!1s0xd9f8aec40ee6633:0x99da26fad9ceb991!8m2!3d34.0209646!4d-5.0352318!15sCglJTldJIEbDqHMiA4gBAZIBEGNlbGxfcGhvbmVfc3RvcmXgAQA!16s%2Fg%2F11dz1cg93r?entry=ttu&g_ep=EgoyMDI2MDQyMS4wIKXMDSoASAFQAw%3D%3D"
210,Boutique inwi,"
Sidi boujiad N ° 6 jnane ben slimane, Fès",Fès,INWI,"https://www.google.com/maps/place/Boutique+inwi/@34.0470124,-5.6152743,10z/data=!4m10!1m2!2m1!1zSU5XSSBGw6hz!3m6!1s0xd9ff34519469a31:0xfda3dc30c825940!8m2!3d34.0666722!4d-4.9646887!15sCglJTldJIEbDqHMiA4gBAVoLIglpbndpIGbDqHOSARBjZWxsX3Bob25lX3N0b3Jl4AEA!16s%2Fg%2F11df3qzjbp?entry=ttu&g_ep=EgoyMDI2MDQyMS4wIKXMDSoASAFQAw%3D%3D"
211,Agence Inwi,"
XWXW+7HW, Fes",Fès,INWI,"https://www.google.com/maps/place/Agence+Inwi/@34.0470124,-5.6152743,10z/data=!4m10!1m2!2m1!1zSU5XSSBGw6hz!3m6!1s0xd9f8b00569ea6f7:0x409159caee800a3c!8m2!3d33.9982447!4d-5.0535515!15sCglJTldJIEbDqHMiA4gBAZIBEXRlbGVwaG9uZV9jb21wYW554AEA!16s%2Fg%2F11xgpdrq8z?entry=ttu&g_ep=EgoyMDI2MDQyMS4wIKXMDSoASAFQAw%3D%3D"
212,inwi money,"
2X9R+7RQ Toutes les agences inwi, Fès 20150",Fès,INWI,"https://www.google.com/maps/place/inwi+money/@34.0470124,-5.6152743,10z/data=!4m10!1m2!2m1!1zSU5XSSBGw6hz!3m6!1s0xd9f8bc445509ca7:0x6bd1ee19557381fc!8m2!3d34.0182131!4d-5.0078942!15sCglJTldJIEbDqHMiA4gBAZIBEXRlbGVwaG9uZV9jb21wYW554AEA!16s%2Fg%2F11qzkc3cyl?entry=ttu&g_ep=EgoyMDI2MDQyMS4wIKXMDSoASAFQAw%3D%3D"
213,Boutique inwi,"
66, Angle bd Fès et rue Oujda (ex-boucher), Taza",Fès,INWI,"https://www.google.com/maps/place/Boutique+inwi/@34.223504,-4.6180957,10z/data=!4m10!1m2!2m1!1zSU5XSSBGw6hz!3m6!1s0xd9e171f87b41da1:0x178baaab9e1ddd58!8m2!3d34.223504!4d-4.0083545!15sCglJTldJIEbDqHMiA4gBAVoLIglpbndpIGbDqHOSARBjZWxsX3Bob25lX3N0b3Jl4AEA!16s%2Fg%2F11dz1chmw2?entry=ttu&g_ep=EgoyMDI2MDQyMS4wIKXMDSoASAFQAw%3D%3D"
214,Boutique inwi,"
56, Derb El Miter, Sefrou, Sefrou",Fès,INWI,"https://www.google.com/maps/place/Boutique+inwi/@33.8283767,-5.4452687,10z/data=!4m10!1m2!2m1!1zSU5XSSBGw6hz!3m6!1s0xd9f9bb6c35488b9:0x39637f409c0113ad!8m2!3d33.8283767!4d-4.8355275!15sCglJTldJIEbDqHMiA4gBAVoLIglpbndpIGbDqHOSARBjZWxsX3Bob25lX3N0b3Jl4AEA!16s%2Fg%2F11df3q_gcg?entry=ttu&g_ep=EgoyMDI2MDQyMS4wIKXMDSoASAFQAw%3D%3D"
215,Boutique inwi,"
37 Av. Hassan II, Agadir 80000",Agadir,INWI,"https://www.google.com/maps/place/Boutique+inwi/@30.4226274,-9.6786781,13z/data=!4m10!1m2!2m1!1sINWI+Agadir!3m6!1s0xdb3b6f9a4c54799:0xb2b7661f87eb606a!8m2!3d30.4226274!4d-9.6024604!15sCgtJTldJIEFnYWRpciIDiAEBWg0iC2lud2kgYWdhZGlykgEQY2VsbF9waG9uZV9zdG9yZeABAA!16s%2Fg%2F11df3qy6zb?entry=ttu&g_ep=EgoyMDI2MDQyMS4wIKXMDSoASAFQAw%3D%3D"
216,Boutique inwi,"
Bis Imame Boukhari ERAC AGADIR BOUARGANE, Agadir",Agadir,INWI,"https://www.google.com/maps/place/Boutique+inwi/@30.4226274,-9.6786781,13z/data=!4m10!1m2!2m1!1sINWI+Agadir!3m6!1s0xdb3b63be83ac899:0x7b7c159125123bb9!8m2!3d30.4222688!4d-9.5610337!15sCgtJTldJIEFnYWRpciIDiAEBkgEQY2VsbF9waG9uZV9zdG9yZeABAA!16s%2Fg%2F11dz1cgm86?entry=ttu&g_ep=EgoyMDI2MDQyMS4wIKXMDSoASAFQAw%3D%3D"
217,Boutique inwi,"
Im Oumlil, 115 Av. Hassan II, Agadir 80000",Agadir,INWI,"https://www.google.com/maps/place/Boutique+inwi/@30.4226274,-9.6786781,13z/data=!4m10!1m2!2m1!1sINWI+Agadir!3m6!1s0xdb3b6f101eece03:0x4e40651fa96d99ae!8m2!3d30.4185319!4d-9.5973068!15sCgtJTldJIEFnYWRpciIDiAEBWg0iC2lud2kgYWdhZGlykgEQY2VsbF9waG9uZV9zdG9yZeABAA!16s%2Fg%2F11dz1cj8xx?entry=ttu&g_ep=EgoyMDI2MDQyMS4wIKXMDSoASAFQAw%3D%3D"
218,Boutique inwi,"
Croisement Av. El Khawarizmi et Ibrahim Roudani, Agadir",Agadir,INWI,"https://www.google.com/maps/place/Boutique+inwi/@30.4226274,-9.6786781,13z/data=!4m10!1m2!2m1!1sINWI+Agadir!3m6!1s0xdb3b635d1715a5f:0x6acbbd2c1f155b47!8m2!3d30.4118521!4d-9.5653235!15sCgtJTldJIEFnYWRpciIDiAEBkgEQY2VsbF9waG9uZV9zdG9yZeABAA!16s%2Fg%2F1hc4vb74l?entry=ttu&g_ep=EgoyMDI2MDQyMS4wIKXMDSoASAFQAw%3D%3D"
219,Boutique inwi,"
Av 2 mars souk bab el had, Agadir",Agadir,INWI,"https://www.google.com/maps/place/Boutique+inwi/@30.4226274,-9.6786781,13z/data=!4m10!1m2!2m1!1sINWI+Agadir!3m6!1s0xdb3b64e2ea9a733:0x9a6d1f4efd94ba60!8m2!3d30.4138617!4d-9.578009!15sCgtJTldJIEFnYWRpciIDiAEBkgEQY2VsbF9waG9uZV9zdG9yZeABAA!16s%2Fg%2F11df3q_sb8?entry=ttu&g_ep=EgoyMDI2MDQyMS4wIKXMDSoASAFQAw%3D%3D"
220,Boutique inwi,"
53, Rue de fés Bloc N°6 (en face des taxis ), Agadir",Agadir,INWI,"https://www.google.com/maps/place/Boutique+inwi/@30.4226274,-9.6786781,13z/data=!4m10!1m2!2m1!1sINWI+Agadir!3m6!1s0xdb3b655e714c14d:0x2ad9b354ab47bb07!8m2!3d30.4102945!4d-9.5880979!15sCgtJTldJIEFnYWRpciIDiAEBkgEQY2VsbF9waG9uZV9zdG9yZeABAA!16s%2Fg%2F11dz1cfbcs?entry=ttu&g_ep=EgoyMDI2MDQyMS4wIKXMDSoASAFQAw%3D%3D"
221,Boutique inwi,"
Route d'Inezgane, Quartier Founty Commune Ben Sergaou - 80000, Agadir",Agadir,INWI,"https://www.google.com/maps/place/Boutique+inwi/@30.4226274,-9.6786781,13z/data=!4m10!1m2!2m1!1sINWI+Agadir!3m6!1s0xdb3b7af7ed96b63:0x4c67b4699b4c6e1b!8m2!3d30.39432!4d-9.5814481!15sCgtJTldJIEFnYWRpciIDiAEBkgEQY2VsbF9waG9uZV9zdG9yZeABAA!16s%2Fg%2F11dz1chkl6?entry=ttu&g_ep=EgoyMDI2MDQyMS4wIKXMDSoASAFQAw%3D%3D"
222,Boutique inwi,"
Aswak Salam Agadir, Agadir",Agadir,INWI,"https://www.google.com/maps/place/Boutique+inwi/@30.4059929,-9.6145218,13z/data=!4m10!1m2!2m1!1sINWI+Agadir!3m6!1s0xdb3c82c8b74a061:0x75ca69ddf87532b1!8m2!3d30.4059929!4d-9.5383041!15sCgtJTldJIEFnYWRpciIDiAEBWg0iC2lud2kgYWdhZGlykgEQY2VsbF9waG9uZV9zdG9yZeABAA!16s%2Fg%2F11dz1cjdbn?entry=ttu&g_ep=EgoyMDI2MDQyMS4wIKXMDSoASAFQAw%3D%3D"
223,Boutique inwi,"
Entrée principale hay salam (N°3, Av. Massoude Al Wafkaoui, Agadir 80000",Agadir,INWI,"https://www.google.com/maps/place/Boutique+inwi/@30.4059929,-9.6145218,13z/data=!4m10!1m2!2m1!1sINWI+Agadir!3m6!1s0xdb3b7d41ae2572b:0x55141478cda893e4!8m2!3d30.4026932!4d-9.5496086!15sCgtJTldJIEFnYWRpciIDiAEBWg0iC2lud2kgYWdhZGlykgEQY2VsbF9waG9uZV9zdG9yZeABAA!16s%2Fg%2F11b6p88f7p?entry=ttu&g_ep=EgoyMDI2MDQyMS4wIKXMDSoASAFQAw%3D%3D"
224,Boutique inwi,"
9FFW+6PH, Bd Principale Tikiouine, Avenue E, Agadir 80000",Agadir,INWI,"https://www.google.com/maps/place/Boutique+inwi/@30.4059929,-9.6145218,13z/data=!4m10!1m2!2m1!1sINWI+Agadir!3m6!1s0xdb3c87da5cd0bc5:0x7532f3273396e699!8m2!3d30.3736825!4d-9.5027749!15sCgtJTldJIEFnYWRpciIDiAEBkgEQY2VsbF9waG9uZV9zdG9yZeABAA!16s%2Fg%2F11g7zfgvdq?entry=ttu&g_ep=EgoyMDI2MDQyMS4wIKXMDSoASAFQAw%3D%3D"
225,Agence inwi,"
1°ét imm. Kabbaj, 325 Bd Hassan II, Agadir 80000",Agadir,INWI,"https://www.google.com/maps/place/Agence+inwi/@30.4111152,-9.6656263,13z/data=!4m10!1m2!2m1!1sINWI+Agadir!3m6!1s0xdb3b770b662ef19:0xa0ef97ca3c1c613b!8m2!3d30.4111152!4d-9.5894086!15sCgtJTldJIEFnYWRpciIDiAEBkgEQY2VsbF9waG9uZV9zdG9yZeABAA!16s%2Fg%2F11kk86g3l4?entry=ttu&g_ep=EgoyMDI2MDQyMS4wIKXMDSoASAFQAw%3D%3D"
226,Boutique inwi,"
Av. Mohamed El Fassi, Agadir 80000",Agadir,INWI,"https://www.google.com/maps/place/Boutique+inwi/@30.4111152,-9.6656263,13z/data=!4m10!1m2!2m1!1sINWI+Agadir!3m6!1s0xdb3b7d73058c235:0xdea243415033cd51!8m2!3d30.3985401!4d-9.5496711!15sCgtJTldJIEFnYWRpciIDiAEBkgEQY2VsbF9waG9uZV9zdG9yZeABAA!16s%2Fg%2F11df65zxc5?entry=ttu&g_ep=EgoyMDI2MDQyMS4wIKXMDSoASAFQAw%3D%3D"
227,Agence inwi al houda,"
NR 1K, ELGUERSSIFI QTE AL HOUDA, BV Av. Abdellah Guenoun, Agadir 80000",Agadir,INWI,"https://www.google.com/maps/place/Agence+inwi+al+houda/@30.4111152,-9.6656263,13z/data=!4m10!1m2!2m1!1sINWI+Agadir!3m6!1s0xdb3c9c249ef9bb3:0xc9ebe78878fd30c9!8m2!3d30.3948247!4d-9.5386061!15sCgtJTldJIEFnYWRpciIDiAEBkgEjdGVsZWNvbW11bmljYXRpb25zX3NlcnZpY2VfcHJvdmlkZXLgAQA!16s%2Fg%2F11zk799v82?entry=ttu&g_ep=EgoyMDI2MDQyMS4wIKXMDSoASAFQAw%3D%3D"
228,Inwi,"
CC74+JJ2, Résidence Ait Souss, Av. Hassan II, Agadir 80000",Agadir,INWI,"https://www.google.com/maps/place/Inwi/@30.4111152,-9.6656263,13z/data=!4m10!1m2!2m1!1sINWI+Agadir!3m6!1s0xdb3b7000f1c709b:0xf626c00addf3c81e!8m2!3d30.4140344!4d-9.5935068!15sCgtJTldJIEFnYWRpciIDiAEBkgEYbW9iaWxlX3Bob25lX3JlcGFpcl9zaG9w4AEA!16s%2Fg%2F11n45wq4m7?entry=ttu&g_ep=EgoyMDI2MDQyMS4wIKXMDSoASAFQAw%3D%3D"
229,Agence INWI,"
9F58+3W9, Av. Al Mokhtar Soussi, Inezgane 80000",Agadir,INWI,"https://www.google.com/maps/place/Agence+INWI/@30.3576702,-9.6088723,13z/data=!4m10!1m2!2m1!1sINWI+Agadir!3m6!1s0xdb3c7e361844075:0x14fd1c790d71d1f6!8m2!3d30.3576702!4d-9.5326546!15sCgtJTldJIEFnYWRpciIDiAEBkgEjdGVsZWNvbW11bmljYXRpb25zX3NlcnZpY2VfcHJvdmlkZXLgAQA!16s%2Fg%2F11c5skm_4d?entry=ttu&g_ep=EgoyMDI2MDQyMS4wIKXMDSoASAFQAw%3D%3D"
230,inwi wakil,"
9CRM+55W, Agadir 80000",Agadir,INWI,"https://www.google.com/maps/place/inwi+wakil/@30.3576702,-9.6088723,13z/data=!4m10!1m2!2m1!1sINWI+Agadir!3m6!1s0xdb3b70010cd7171:0x7f13b47473d4feac!8m2!3d30.390484!4d-9.5670476!15sCgtJTldJIEFnYWRpciIDiAEBkgEQY2VsbF9waG9uZV9zdG9yZeABAA!16s%2Fg%2F11x8hflth_?entry=ttu&g_ep=EgoyMDI2MDQyMS4wIKXMDSoASAFQAw%3D%3D"
231,Boutique inwi,"
N°35 place La marche verte (Labo Inezgane place al massira), Inzegane",Agadir,INWI,"https://www.google.com/maps/place/Boutique+inwi/@30.3576702,-9.6088723,13z/data=!4m10!1m2!2m1!1sINWI+Agadir!3m6!1s0xdb3c7e49e43708d:0x79e732cc60ff89c!8m2!3d30.354621!4d-9.534486!15sCgtJTldJIEFnYWRpciIDiAEBWg0iC2lud2kgYWdhZGlykgEQY2VsbF9waG9uZV9zdG9yZeABAA!16s%2Fg%2F11df661hgs?entry=ttu&g_ep=EgoyMDI2MDQyMS4wIKXMDSoASAFQAw%3D%3D"
232,Boutique inwi,"
Rte Biougra Bloc 3 n°20 Bis, Aït Melloul",Agadir,INWI,"https://www.google.com/maps/place/Boutique+inwi/@30.3576702,-9.6088723,13z/data=!4m10!1m2!2m1!1sINWI+Agadir!3m6!1s0xdb3c63531cf7053:0x78b50e14a0412eb7!8m2!3d30.3449237!4d-9.5002807!15sCgtJTldJIEFnYWRpciIDiAEBkgEQY2VsbF9waG9uZV9zdG9yZeABAA!16s%2Fg%2F11df3qyb0g?entry=ttu&g_ep=EgoyMDI2MDQyMS4wIKXMDSoASAFQAw%3D%3D"
233,Agence inwi,"
9CRQ+C2J, Agadir 80000",Agadir,INWI,"https://www.google.com/maps/place/Agence+inwi/@30.3576702,-9.6088723,13z/data=!4m10!1m2!2m1!1sINWI+Agadir!3m6!1s0xdb3b70011c08ea1:0x7c90398cb24b7db0!8m2!3d30.3909876!4d-9.5624825!15sCgtJTldJIEFnYWRpciIDiAEBkgEddGVsZWNvbW11bmljYXRpb25zX2NvbnRyYWN0b3LgAQA!16s%2Fg%2F11x_qr3gvj?entry=ttu&g_ep=EgoyMDI2MDQyMS4wIKXMDSoASAFQAw%3D%3D"
234,Boutique inwi,"
N°89 AV hassan II ( en face grand moulin atlas) (Route de Tiznit), Aït Melloul",Agadir,INWI,"https://www.google.com/maps/place/Boutique+inwi/@30.3576702,-9.6088723,13z/data=!4m10!1m2!2m1!1sINWI+Agadir!3m6!1s0xdb3c7cb749ec391:0x6885d120ca81651b!8m2!3d30.3471115!4d-9.5031796!15sCgtJTldJIEFnYWRpciIDiAEBWg0iC2lud2kgYWdhZGlykgEQY2VsbF9waG9uZV9zdG9yZZoBRENpOURRVWxSUVVOdlpFTm9kSGxqUmpsdlQyeE9kbVZxYkVkamJGSlZWMFpzYkZJeVRuZE9la3BHWld4R2JGUldSUkFC4AEA-gEECAAQNg!16s%2Fg%2F11df3qymk9?entry=ttu&g_ep=EgoyMDI2MDQyMS4wIKXMDSoASAFQAw%3D%3D"
235,Boutique inwi,"
bloc 7 N 34 hay azrou ait melloul Ait Meloul",Agadir,INWI,"https://www.google.com/maps/place/Boutique+inwi/@30.3544529,-9.5351507,13z/data=!4m10!1m2!2m1!1sINWI+Agadir!3m6!1s0xdb3c76948f91601:0x41f276b21095e0f8!8m2!3d30.3544529!4d-9.458933!15sCgtJTldJIEFnYWRpciIDiAEBkgEQY2VsbF9waG9uZV9zdG9yZeABAA!16s%2Fg%2F11h5mmz8xr?entry=ttu&g_ep=EgoyMDI2MDQyMS4wIKXMDSoASAFQAw%3D%3D"
236,inwi,"
9G6Q+26C, N10, Ait Melloul 80000",Agadir,INWI,"https://www.google.com/maps/place/inwi/@30.3544529,-9.5351507,13z/data=!4m10!1m2!2m1!1sINWI+Agadir!3m6!1s0xdb3c7725ea91b33:0xb1fd8227072e10c5!8m2!3d30.36006!4d-9.4619805!15sCgtJTldJIEFnYWRpciIDiAEBkgEPc2hvcHBpbmdfY2VudGVy4AEA!16s%2Fg%2F11j8qc995j?entry=ttu&g_ep=EgoyMDI2MDQyMS4wIKXMDSoASAFQAw%3D%3D"
237,وكيل inwi bensergao,"
Bloc 6, Agadir 80000",Agadir,INWI,"https://www.google.com/maps/place/%D9%88%D9%83%D9%8A%D9%84+inwi+bensergao%E2%80%AD/@30.3836606,-9.6449557,13z/data=!4m10!1m2!2m1!1sINWI+Agadir!3m6!1s0xdb3b7002cee9063:0xf6eee4f575278fe4!8m2!3d30.3836606!4d-9.568738!15sCgtJTldJIEFnYWRpciIDiAEBkgEQY2VsbF9waG9uZV9zdG9yZeABAA!16s%2Fg%2F11y_j46ls4?entry=ttu&g_ep=EgoyMDI2MDQyMS4wIKXMDSoASAFQAw%3D%3D"
238,Agence inwi - drarga,"
9GHG+XQ, Drarga 80000",Agadir,INWI,"https://www.google.com/maps/place/Agence+inwi+-+drarga/@30.3800711,-9.5492477,13z/data=!4m10!1m2!2m1!1sINWI+Agadir!3m6!1s0xdb3c90065a561f9:0xfe2ddb6308ea0b9!8m2!3d30.3800711!4d-9.47303!15sCgtJTldJIEFnYWRpciIDiAEBkgEQY2VsbF9waG9uZV9zdG9yZeABAA!16s%2Fg%2F11x70ztctw?entry=ttu&g_ep=EgoyMDI2MDQyMS4wIKXMDSoASAFQAw%3D%3D"
239,Pop inwi,"
CCF6+V28, Agadir 80000",Agadir,INWI,"https://www.google.com/maps/place/Pop+inwi/@30.4246645,-9.6661301,13z/data=!4m10!1m2!2m1!1sINWI+Agadir!3m6!1s0xdb3b79f3fadf17b:0x6f96af1ee69feb3e!8m2!3d30.4246645!4d-9.5899124!15sCgtJTldJIEFnYWRpciIDiAEB4AEA!16s%2Fg%2F11l36_sjgr?entry=ttu&g_ep=EgoyMDI2MDQyMS4wIKXMDSoASAFQAw%3D%3D"
240,Boutique inwi,"
9FFJ+5VP, Agadir 80000",Agadir,INWI,"https://www.google.com/maps/place/Boutique+inwi/@30.3729705,-9.5940224,13z/data=!4m10!1m2!2m1!1sINWI+Agadir!3m6!1s0xdb3c900233fa11f:0xb4a579759978ca30!8m2!3d30.3729705!4d-9.5178047!15sCgtJTldJIEFnYWRpciIDiAEBkgEjdGVsZWNvbW11bmljYXRpb25zX3NlcnZpY2VfcHJvdmlkZXLgAQA!16s%2Fg%2F11zj8cpqgn?entry=ttu&g_ep=EgoyMDI2MDQyMS4wIKXMDSoASAFQAw%3D%3D"
241,Boutique inwi,"
BLOC - H -N° 58 MAGASIN N°1- OULD OUJIHI, Kénitra",Kenitra,INWI,"https://www.google.com/maps/place/Boutique+inwi/@34.2605376,-6.9248219,11z/data=!4m10!1m2!2m1!1sINWI+Kenitra!3m6!1s0xda7599e348d5e29:0x2a301531f75d9a03!8m2!3d34.2605376!4d-6.6199513!15sCgxJTldJIEtlbml0cmEiA4gBAZIBI3RlbGVjb21tdW5pY2F0aW9uc19zZXJ2aWNlX3Byb3ZpZGVy4AEA!16s%2Fg%2F11df3qxl3_?entry=ttu&g_ep=EgoyMDI2MDQyMS4wIKXMDSoASAFQAw%3D%3D"
242,Boutique inwi,"
352 Av. Mohamed V, Kénitra",Kenitra,INWI,"https://www.google.com/maps/place/Boutique+inwi/@34.2605376,-6.9248219,11z/data=!4m10!1m2!2m1!1sINWI+Kenitra!3m6!1s0xda759e15a6d171b:0xd3a26451309bf7a7!8m2!3d34.263108!4d-6.5740061!15sCgxJTldJIEtlbml0cmEiA4gBAZIBI3RlbGVjb21tdW5pY2F0aW9uc19zZXJ2aWNlX3Byb3ZpZGVy4AEA!16s%2Fg%2F11c1s270s0?entry=ttu&g_ep=EgoyMDI2MDQyMS4wIKXMDSoASAFQAw%3D%3D"
243,Boutique inwi,"
n° 23 Av. Hassan II, Kénitra",Kenitra,INWI,"https://www.google.com/maps/place/Boutique+inwi/@34.2605376,-6.9248219,11z/data=!4m10!1m2!2m1!1sINWI+Kenitra!3m6!1s0xda759e3d570ac41:0xc5861525fd57ca43!8m2!3d34.2601307!4d-6.5809787!15sCgxJTldJIEtlbml0cmEiA4gBAZIBEGNlbGxfcGhvbmVfc3RvcmXgAQA!16s%2Fg%2F11dz1ch1_n?entry=ttu&g_ep=EgoyMDI2MDQyMS4wIKXMDSoASAFQAw%3D%3D"
244,Boutique inwi,"
n 108 avenue med 5, Kénitra",Kenitra,INWI,"https://www.google.com/maps/place/Boutique+inwi/@34.2605376,-6.9248219,11z/data=!4m10!1m2!2m1!1sINWI+Kenitra!3m6!1s0xda7574273c147a9:0x61f82c3890419acd!8m2!3d34.2660576!4d-6.5639624!15sCgxJTldJIEtlbml0cmEiA4gBAVoOIgxpbndpIGtlbml0cmGSARBjZWxsX3Bob25lX3N0b3Jl4AEA!16s%2Fg%2F11cn5nb670?entry=ttu&g_ep=EgoyMDI2MDQyMS4wIKXMDSoASAFQAw%3D%3D"
245,Boutique inwi,"
Angle Av istiklal et med diouri n 65, Kénitra",Kenitra,INWI,"https://www.google.com/maps/place/Boutique+inwi/@34.2605376,-6.9248219,11z/data=!4m10!1m2!2m1!1sINWI+Kenitra!3m6!1s0xda759e6eb992185:0x85283d4b09369629!8m2!3d34.261352!4d-6.5853401!15sCgxJTldJIEtlbml0cmEiA4gBAZIBI3RlbGVjb21tdW5pY2F0aW9uc19zZXJ2aWNlX3Byb3ZpZGVy4AEA!16s%2Fg%2F11dxh868f9?entry=ttu&g_ep=EgoyMDI2MDQyMS4wIKXMDSoASAFQAw%3D%3D"
246,Boutique inwi,"
Zone D Q Administratif N°3 Saknia, Kénitra",Kenitra,INWI,"https://www.google.com/maps/place/Boutique+inwi/@34.2605376,-6.9248219,11z/data=!4m10!1m2!2m1!1sINWI+Kenitra!3m6!1s0xda75735b9db5be5:0xf14b3bf77703e23a!8m2!3d34.2486597!4d-6.555096!15sCgxJTldJIEtlbml0cmEiA4gBAVoOIgxpbndpIGtlbml0cmGSARBjZWxsX3Bob25lX3N0b3Jl4AEA!16s%2Fg%2F11c1s2tgdg?entry=ttu&g_ep=EgoyMDI2MDQyMS4wIKXMDSoASAFQAw%3D%3D"
247,AGENCE INWI SAKNIA AGRÉÉ,"
53 Av. El Massira, Kénitra",Kenitra,INWI,"https://www.google.com/maps/place/AGENCE+INWI+SAKNIA+AGR%C3%89%C3%89/@34.2605376,-6.9248219,11z/data=!4m10!1m2!2m1!1sINWI+Kenitra!3m6!1s0xda75734ab5a149b:0xdc2e5d167a9142f6!8m2!3d34.2450034!4d-6.551983!15sCgxJTldJIEtlbml0cmEiA4gBAZIBI3RlbGVjb21tdW5pY2F0aW9uc19zZXJ2aWNlX3Byb3ZpZGVy4AEA!16s%2Fg%2F11dx9f71tc?entry=ttu&g_ep=EgoyMDI2MDQyMS4wIKXMDSoASAFQAw%3D%3D"
248,Agence inwi kenitra oulad oujih,"
794M+F65, Kenitra",Kenitra,INWI,"https://www.google.com/maps/place/Agence+inwi+kenitra+oulad+oujih/@34.2605376,-6.9248219,11z/data=!4m10!1m2!2m1!1sINWI+Kenitra!3m6!1s0xda759003511e995:0xf5a25f94f0001531!8m2!3d34.2561285!4d-6.6168903!15sCgxJTldJIEtlbml0cmEiA4gBAZIBEGNvbW1lcmNpYWxfYWdlbnTgAQA!16s%2Fg%2F11xnqqbgxw?entry=ttu&g_ep=EgoyMDI2MDQyMS4wIKXMDSoASAFQAw%3D%3D"
249,Boutique inwi,"
Marjane Rte Agouray Ait oula, P1, Meknès",Meknès,INWI,"https://www.google.com/maps/place/Boutique+inwi/@33.85434,-5.6574702,13z/data=!4m10!1m2!2m1!1sINWI+Mekn%C3%A8s!3m6!1s0xda05aa18a559bdb:0xaf1a3b9c7eecfbc5!8m2!3d33.85434!4d-5.5812525!15sCgxJTldJIE1la27DqHMiA4gBAVoOIgxpbndpIG1la27DqHOSARBjZWxsX3Bob25lX3N0b3Jl4AEA!16s%2Fg%2F11dz1ck874?entry=ttu&g_ep=EgoyMDI2MDQyMS4wIKXMDSoASAFQAw%3D%3D"
250,Boutique inwi,"
42 Av Allal Ben Abdellah, Meknès",Meknès,INWI,"https://www.google.com/maps/place/Boutique+inwi/@33.8982302,-5.6229098,13z/data=!4m10!1m2!2m1!1sINWI+Mekn%C3%A8s!3m6!1s0xda044d925a71223:0x100d882fd1c104d5!8m2!3d33.8982302!4d-5.5466921!15sCgxJTldJIE1la27DqHMiA4gBAVoOIgxpbndpIG1la27DqHOSARBjZWxsX3Bob25lX3N0b3Jl4AEA!16s%2Fg%2F11df67q7np?entry=ttu&g_ep=EgoyMDI2MDQyMS4wIKXMDSoASAFQAw%3D%3D"
251,Boutique inwi,"
Bd Mohamed V, Immeuble Kada, N°9, Oujda",Oujda,INWI,"https://www.google.com/maps/place/Boutique+inwi/@34.6796532,-2.0709982,12z/data=!4m10!1m2!2m1!1sINWI+Oujda!3m6!1s0xd7864afb7418dd1:0x46f6b9db9dd89d99!8m2!3d34.6796532!4d-1.9185629!15sCgpJTldJIE91amRhIgOIAQGSARF0ZWxlcGhvbmVfY29tcGFueeABAA!16s%2Fg%2F11df3qyxkk?entry=ttu&g_ep=EgoyMDI2MDQyMS4wIKXMDSoASAFQAw%3D%3D"
252,Boutique inwi,"
Angle Boulevard Mustapha Oujdi et, Boulevard Oum Rabia, Oujda",Oujda,INWI,"https://www.google.com/maps/place/Boutique+inwi/@34.6796532,-2.0709982,12z/data=!4m10!1m2!2m1!1sINWI+Oujda!3m6!1s0xd78636b66fdcfd9:0x88df576dbdfad043!8m2!3d34.6592905!4d-1.9208865!15sCgpJTldJIE91amRhIgOIAQFaDCIKaW53aSBvdWpkYZIBEGNlbGxfcGhvbmVfc3RvcmXgAQA!16s%2Fg%2F11df3qytk9?entry=ttu&g_ep=EgoyMDI2MDQyMS4wIKXMDSoASAFQAw%3D%3D"
253,Boutique inwi,"
place Jalaa rue bnou houssain N13, Tétouan",Tetouan,INWI,"https://www.google.com/maps/place/Boutique+inwi/@35.5703284,-5.4470877,13z/data=!4m10!1m2!2m1!1sINWI+Tetouan!3m6!1s0xd0b425db6547b8b:0xdad6652a99b09741!8m2!3d35.5703284!4d-5.37087!15sCgxJTldJIFRldG91YW4iA4gBAZIBEGNlbGxfcGhvbmVfc3RvcmXgAQA!16s%2Fg%2F11dz1cfddd?entry=ttu&g_ep=EgoyMDI2MDQyMS4wIKXMDSoASAFQAw%3D%3D"
254,Boutique inwi,"
Marjane Tétouan, Tétouan",Tetouan,INWI,"https://www.google.com/maps/place/Boutique+inwi/@35.5703284,-5.4470877,13z/data=!4m10!1m2!2m1!1sINWI+Tetouan!3m6!1s0xd0b433e488ad361:0x34119871c6427ded!8m2!3d35.6026!4d-5.3343525!15sCgxJTldJIFRldG91YW4iA4gBAZIBEGNlbGxfcGhvbmVfc3RvcmXgAQA!16s%2Fg%2F11dz1chqgf?entry=ttu&g_ep=EgoyMDI2MDQyMS4wIKXMDSoASAFQAw%3D%3D"
255,Boutique inwi,"
224 BD KENNEDY SAFI, Safi",Safi,INWI,"https://www.google.com/maps/place/Boutique+inwi/@32.29406,-9.2726117,14z/data=!4m10!1m2!2m1!1sINWI+Safi!3m6!1s0xdac212a08db7b2b:0x6f1534ef07eef2cb!8m2!3d32.29406!4d-9.2345029!15sCglJTldJIFNhZmkiA4gBAZIBEGNlbGxfcGhvbmVfc3RvcmXgAQA!16s%2Fg%2F11df684nsb?entry=ttu&g_ep=EgoyMDI2MDQyMS4wIKXMDSoASAFQAw%3D%3D"
256,Boutique inwi,"
Résidence Yassmina - Bd Med V, El Jadida",El Jadida,INWI,"https://www.google.com/maps/place/Boutique+inwi/@33.6093764,-7.6352787,9z/data=!4m10!1m2!2m1!1sINWI+El+Jadida!3m6!1s0xda740233d47177f:0xafb270ab1718e6d9!8m2!3d33.9945129!4d-6.7399223!15sCg5JTldJIEVsIEphZGlkYSIDiAEBkgEQY2VsbF9waG9uZV9zdG9yZeABAA!16s%2Fg%2F11df3qxd2d?entry=ttu&g_ep=EgoyMDI2MDQyMS4wIKXMDSoASAFQAw%3D%3D"
257,Boutique inwi,"
Angle rue Allal Ben Abdallah, Place Zerktouni, (face café Firdaouss, Taza",Taza,INWI,"https://www.google.com/maps/place/Boutique+inwi/@34.2203167,-4.0084607,18z/data=!4m10!1m2!2m1!1sINWI+Taza!3m6!1s0xd9e16df997a5945:0x6b6d7b956a13ba!8m2!3d34.2203167!4d-4.0060789!15sCglJTldJIFRhemEiA4gBAZIBEGNlbGxfcGhvbmVfc3RvcmXgAQA!16s%2Fg%2F11dz3wmrg7?entry=ttu&g_ep=EgoyMDI2MDQyMS4wIKXMDSoASAFQAw%3D%3D"
258,Boutique inwi,"
66, Angle bd Fès et rue Oujda (ex-boucher), Taza",Taza,INWI,"https://www.google.com/maps/place/Boutique+inwi/@34.2203167,-4.0084607,18z/data=!4m10!1m2!2m1!1sINWI+Taza!3m6!1s0xd9e171f87b41da1:0x178baaab9e1ddd58!8m2!3d34.223504!4d-4.0083545!15sCglJTldJIFRhemEiA4gBAVoLIglpbndpIHRhemGSARBjZWxsX3Bob25lX3N0b3Jl4AEA!16s%2Fg%2F11dz1chmw2?entry=ttu&g_ep=EgoyMDI2MDQyMS4wIKXMDSoASAFQAw%3D%3D"
259,Boutique inwi,"
n° 34, Bd Allal Fassi, Settat",Settat,INWI,"https://www.google.com/maps/place/Boutique+inwi/@32.99968,-7.6221744,17z/data=!4m10!1m2!2m1!1sINWI+Settat!3m6!1s0xda60566b7db4015:0xa567592703afabd1!8m2!3d32.99968!4d-7.6174108!15sCgtJTldJIFNldHRhdCIDiAEBWg0iC2lud2kgc2V0dGF0kgEQY2VsbF9waG9uZV9zdG9yZeABAA!16s%2Fg%2F11dz1cjd11?entry=ttu&g_ep=EgoyMDI2MDQyMS4wIKXMDSoASAFQAw%3D%3D"
260,Boutique inwi,"
N° 69 Bd Bouchaib Belbssir, Settat",Settat,INWI,"https://www.google.com/maps/place/Boutique+inwi/@33.00639,-7.6262373,17z/data=!4m10!1m2!2m1!1sINWI+Settat!3m6!1s0xda6055d27965697:0x3563d1b0e028c465!8m2!3d33.00639!4d-7.6214737!15sCgtJTldJIFNldHRhdCIDiAEBkgEQY2VsbF9waG9uZV9zdG9yZeABAA!16s%2Fg%2F11df3qxtp9?entry=ttu&g_ep=EgoyMDI2MDQyMS4wIKXMDSoASAFQAw%3D%3D"
261,Boutique inwi,"
19 Av. Hassan II, Larache",Larache,INWI,"https://www.google.com/maps/place/Boutique+inwi/@35.1955803,-6.1568813,17z/data=!4m10!1m2!2m1!1sINWI+Larache!3m6!1s0xd0bc8d4af7f173d:0x8e7afdcbe6689fd3!8m2!3d35.1955803!4d-6.1521177!15sCgxJTldJIExhcmFjaGUiA4gBAVoOIgxpbndpIGxhcmFjaGWSARBjZWxsX3Bob25lX3N0b3Jl4AEA!16s%2Fg%2F11df3qyjtl?entry=ttu&g_ep=EgoyMDI2MDQyMS4wIKXMDSoASAFQAw%3D%3D"
262,Boutique inwi,"
N° 1 Bd Afriquia, Larache",Larache,INWI,"https://www.google.com/maps/place/Boutique+inwi/@35.1897571,-6.1544302,17z/data=!4m10!1m2!2m1!1sINWI+Larache!3m6!1s0xd0bc92a615c71c9:0xe03a4ca905b8770a!8m2!3d35.1897571!4d-6.1496666!15sCgxJTldJIExhcmFjaGUiA4gBAVoOIgxpbndpIGxhcmFjaGWSARBjZWxsX3Bob25lX3N0b3Jl4AEA!16s%2Fg%2F11dz1cfxzd?entry=ttu&g_ep=EgoyMDI2MDQyMS4wIKXMDSoASAFQAw%3D%3D"
