"num_agence","Ville","Name","Comment","Date"
"1","Casablanca","Yassir Miftah","Bonjour @(lien non disponible), je suis déçu par le manque de services en ligne proposés par votre entreprise. J'ai demandé à changer ma carte SIM pour une eSIM, mais je suis obligé de me rendre à l'agence pour finaliser la demande. De …","il y a 2 mois"
"1","Casablanca","IS App","J’ai eu un problème de carte SIM, j’appelle le service client depuis un mois. « Problème technique » en cours de traitement. Ils nous parlent de 72h max, j’en suis à un mois … …","il y a 4 mois"
"1","Casablanca","My Name","Je souhaite partager une situation regrettable que je vis actuellement avec INWI.
J’ai réalisé une demande d’installation de fibre optique via un contrat digital. …","il y a 3 mois"
"2","Casablanca","Michaël Saro","À chaque fois que je souhaite réaliser une démarche dans cette agence. Cela ne fonctionne pas.
Les responsables devraient remettre de l’ordre, car c’est consternant.
Dans ces conditions, là, il vaut mieux fermer l’agence que la laisser ouverte.","il y a un an"
"2","Casablanca","محمد سرود المسلم","Un mauvais service, j'ai acheté un routeur idar-duo hier, et votre conseiller ma confirmer que la ligne sera active l'après midi et jusqu'à maintenant la ligne est inactive, et quand j'ai lui parler il a confirmé que la ligne est activée, …","il y a 6 ans"
"2","Casablanca","Jamila Drissi","Très mauvaise agence j ai rechargé 100dh qui n est pas passé je me demande si c'est pas dans la poche du vendeur en plus leur téléphone est faux","il y a 4 ans"
"3","Casablanca","Ирина Чермянина","ils travaillent très longtemps ! Je suis venu ce matin et j'ai attendu 30 minutes. Il y avait 2 filles qui travaillaient, pourquoi ne valorisent-elles pas le temps de leurs clients ? Embauchez plus de personnel, mon temps est précieux !","il y a 11 mois"
"3","Casablanca","Atar Inspirations","Quand un conseiller clientèle parle anglais et ne veut pas rassurer un anglophone par téléphone, c’est une preuve de non professionnalisme ! Il réponds pas à toute mes question mais quand lui il veut, aujourd’hui la personne n’a pas voulu travailler à 10h du matin. Il m’a simplement énervé !!!!","il y a 9 mois"
"3","Casablanca","Arnaud Darbon","Très bonne expérience avec cette agence. Le personnel est accueillant et bien informé, prêt à répondre à toutes mes questions. J'ai particulièrement apprécié la rapidité avec laquelle mon problème a été résolu. Le cadre est moderne et …","il y a un an"
"4","Casablanca","Jalil Oussama","Agent de boutique totalement incompétent : aucune connaissance, aucune aide, perte de temps totale. Service honteux dans cette agence inwi.","il y a 7 mois"
"4","Casablanca","Ahmed AbouSaad","J'ai eu une trés mauvaise expérience avec cette Agence.
J'ai fait une commande d'une carte SIM et on m'a appelé pour confirmer  et on m'a dit que la carte est disponible a l'Agence. …","il y a un an"
"4","Casablanca","zora","Mon expérience avec cette agence (à côté de station tram nations unis) a été extrêmement décevante, principalement en raison du comportement agressif et irrespectueux de la part d'un certain conseiller . Non seulement il m'a parlé de …","il y a 2 ans"
"5","Casablanca","David Pinto","Attention arnaque. L'agence vend les box fibres assurant que l'immeuble est connecté. Quand le technicien passe, il s'avère que l'immeuble n'est pas connecté à Inwi. Quand on retourne à l'agence, ils ne veulent pas annuler la commande et …","il y a 3 mois"
"5","Casablanca","Brahim Jaouhari","La conseillère ne connaît pas les procédures internes du groupe. J’ai dû payer 300dh alors qu’elle pouvait me faire un remboursement. Je ne conseille vraiment pas","il y a 7 mois"
"5","Casablanca","Tarik Janati","Super acceuil et efficace ! Bravo inwi👏 …","il y a 4 mois"
"5","Casablanca","Noura Chahby","Très bon service Merci soukaina","il y a 4 mois"
"5","Casablanca","Nabila -","Service incompétent. On me fournit une carte sans me remettre de contrat, on resilie sans mon consentement mon forfait de 250dh payé, au bout de 4 jours sans me prevenir. Lorsque j'y vais, on me dit seulement ""désolé on peut rien faire"" …","il y a 2 ans"
"5","Casablanca","JB","Un des Personnel était agréablement gentil et serviable. Il nous a tout expliqué d'une manière claire et précise. Par contre, lors d'une deuxième visite pour un autre service, on était surpris de la froideur et l'accueil d'une autre …","il y a 5 ans"
"5","Casablanca","Aurore Bertin","Pire sav du monde ! Fuyez !!
Le vendeur vous dit tout un tas de choses fausses à savoir que vous allez recevoir un avis de paiement et résultats rien et vous vous apercevez que votre ligne …","il y a 6 ans"
"5","Casablanca","Leo Jeanjean","Entreprise de voleur !! Ne jamais allez chez Inwi ! Facile de prendre une box soit disant sans engagement mais pour la restitution très compliqué ! Ne veulent pas vous rendre votre argent en échange de ma box ! De plus la connexion internet est de très mauvaise qualité fuyez !","il y a 3 ans"
"5","Casablanca","Hind AZIZ","Arnaqueur ..  !!!!!    je suis partie pour payer ma facture le conseiller ma donner une facture et non pas le reçu, quand j'ai verifié le règlement que j ai effectué au niveau de l'agence n'étais pas passé, je me suis dépacée a une autre …","il y a 4 ans"
"5","Casablanca","TARIK BENSOUM","Les employés de cette agence ne sont pas à jour des nouveautés de service que propose leur entreprise. J'ai dû appeler le service client par téléphone pour demander les informations que je cherche.","il y a 2 ans"
"5","Casablanca","manon Abadie","Agence ne donnant pas toutes les informations à ses clients et les traitant sans aucune considération. J'ai demandé des excuses et ce qu'ils allaient Faire pour que la situation ne se reproduise plus, le responsable m'a repondu rien. Agence a fuir!","il y a 3 ans"
"5","Casablanca","Ezzaim Abdessamad","Je me présente en plein horaires de travail ! Le mec me fait signe que c'est fermé le temps qu'il bouffe son sandwich !!!!","il y a 5 ans"
"5","Casablanca","soundouss alaoui","Service rapide et très bon accueil","il y a 11 mois"
"5","Casablanca","chorfi naji","Personne ne réponds au téléphone
Agence n’a de téléphone","il y a 10 mois"
"5","Casablanca","Mao","Nul. Personnel inexpérimenté,
Non professionnel et pas accueillant.","il y a 7 ans"
"5","Casablanca","Mus Bel","Bon accueil agents compétents satisfait","il y a 3 ans"
"5","Casablanca","Maha Sadi","Très bon service et équipe à l'écoute","il y a 7 ans"
"5","Casablanca","Rezzouqi Walid","La pire entreprise telecom au Maroc","il y a 3 ans"
"5","Casablanca","Akrame EL MEZIANE","Réactivité et sympathie de personnels !","il y a 2 ans"
"5","Casablanca","Nadiejna L 11","Très bon accueil de Hicham","il y a 6 ans"
"6","Casablanca","Sami","J’ai acheté un wifi sa fais 2mois il marche même plus quand je joue à la ps5 sa fais que beuger n’acheter jamais c nul Maroc telecome a vis inwi pire marque de wifi","il y a 9 mois"
"6","Casablanca","Sony Ekfal","La jeune fille qui travaille dans cette agence, il faut qu'elle apprenne la relation client car le comportement c'est zéro. Les clients ne sont pas tes copains du lycée.","il y a un an"
"6","Casablanca","Hafid Koutoubia","N Vous avez consomme  1 min 47 sec. Il vous reste 5 h 47 min  44 ss nationales ou 5 Go 772 Mo.Consultez le detail de votre solde en appelant le 1202 ou en composant *120*30#","il y a 6 ans"
"7","Casablanca","Abde ssamad Elaissaoui","Service déplorable.
J’ai effectué une demande de portabilité, j’ai payé le forfait et activé la carte SIM, mais celle-ci n’a jamais fonctionné. …","il y a 3 mois"
"7","Casablanca","MERR","Très déçu par le service client. J’ai payé mon abonnement avant la date d’échéance, pourtant ma ligne a quand même été coupée sans raison valable. …","il y a 3 mois"
"7","Casablanca","Taoufiq Omar","Dommage que nous ne pouvons pas mettre moins d'une étoile! Service deplorable, une semaine d'attente pour une simple activation d'une carte SIM donc je decide de me rétracter, service client nul! Des réponses en copier-coller! A fuir","il y a 2 mois"
"8","Casablanca","Eddy Opina","Je ne savais pas qu'on pouvais etre sans cœur face aux problèmes des autres, aujourd'hui j'ai perdu mon téléphone, j'avais juste besoin qu'on m'aide a retrouver mon numéro INWI pour m'aider a retrouver mon téléphone mais la fille qui tenais …","il y a 6 mois"
"8","Casablanca","Bi Moi","Ne souscrivez jamais à Inwi pour la fibre ou autre. Ils sont nuls, ça fait 1 semaine je n'ai pas internet quand tu appelles tout ce qu'ils savent dire c'est je relance la demande au service concerné depuis 1 semaine !!!!!!!!! Je suis en …","il y a 6 mois"
"8","Casablanca","Wissal Achiri","Ils sont fermés w katbin ouvert ! Rectifiw les horaires svp !","il y a 7 mois"
"9","Casablanca","Yassin EL.","En travaux quand j’y étais ! Je ne sais pas si elle est toujours sous le fanion INWI ?!","il y a 8 mois"
"9","Casablanca","Ziad Bouahim","Nul g rien à dire dautre","il y a 8 mois"
"9","Casablanca","Ayman Lasgues","Je déconseille fortement. J'ai changé l'offre de i-Dar Duo à L'ADSL et ils m'ont pas expliqué que je dois résilier l'offre i-Dar Duo avant l'ADSL. J'ai pris le pack dépannage pendant 2 mois avec une avance de 200DH (tu signes une contrat …","il y a 4 ans"
"10","Casablanca","Mehdi Moussa","Le personnel est super agréable. Toujours à l’écoute, toujours poli, toujours à essayer de trouver des solutions pour les clients. Si vous lisez ce message bravo et merci","il y a 3 ans"
"10","Casablanca","Med Amine Bennani","Service minable, que ça soit la part de inwi ou de l'agence. À éviter","il y a 8 mois"
"10","Casablanca","Mohamed Amine Benyezza Ettaghi","Bon acceuil et service approuvé","il y a 8 ans"
"11","Casablanca","Lux Tunes","Je suis allé récemment à cette agence Inwi. Il y a une personne qui travaille là-bas, et elle est vraiment professionnelle et très sympathique. Elle m'a offert un service excellent, m'a expliqué tout clairement et rapidement, et a été très …","il y a 10 mois"
"11","Casablanca","ABDELHADI OUMBARK","Service impeccable !
Très satisfait du service reçu. La personne était professionnelle, à l’écoute et vraiment au top. Je recommande sans hésiter !","il y a 10 mois"
"11","Casablanca","Kabira Azouhri","Personnel agreable nottamment l agent que j e frequente la plupart du temps service de bonne qualite","Modifié il y a 7 ans"
"12","Casablanca","Adam Abdeljabbar","Très peu de personnel longue file d’attente et les siège sont vraiment pas confortable c’est littéralement des banquettes bas de gamme posée directement au sol !","il y a 6 mois"
"12","Casablanca","Ettore Dimarul","Agence catastrophique déjà la il y a une seule personne c'est tout alors que c'est l'une des plus grandes de Casa.
Ensuite j'ai eu un problème de paiement a cash plus quand je leurs donne mon num …","il y a 3 mois"
"12","Casablanca","Jade dolores","Aucune compétence, aucun professionnalisme. Heureusement que je savais exactement ce que je voulais, car les explications étaient inexistantes. Incapables d’aligner une phrase correcte, et ça parle de leurs primes devant les clients comme …","il y a 11 mois"
"13","Casablanca","Miloud Aayar","Un personnel qui manque de compétences, amabilité ou encore pire de formation en accueil. Merci de m'avoir envoyé vers la concurrence","il y a 6 mois"
"13","Casablanca","Imane Jafir","Je passe chez la dame sur place elle m'informe que le système ne marche pas jusque là pas de souci puis je lui demande quels sont les horaires de travail afin que je puisse passer pendant que l'agence est ouverte, elle me dit je suis là en continue. Quand je passe maintenant il n y a personne, pire service qui existe.","il y a 2 ans"
"13","Casablanca","Zakaria TAFOIKI","Service nul concernant le contact clientel , normalement dans une agence on doit bien expliquer au clients et leurs faciliter les chosea , mais ce n etait pas le cas pour moi .. Merci de faire transmetre le message aux responsables pour qu'ils puissent au moins faire des formations en decipline a leurs personnels","il y a 5 ans"
"14","Casablanca","nouhaila yousfi","Merci beaucoup Imane, c'était vraiment un service très agréable , je suis satisfaite 🥰 …","il y a un an"
"14","Casablanca","Adil Marhi","Service après après-vente médiocre. Les opérateurs Télécom profitent de la fermeture du secteur face à une vraie concurrence et de la protection de l'état pour dépouiller les clients dépourvus de toute option de recours ou de défense","il y a 6 ans"
"14","Casablanca","Gabriel Alami","Des voleurs
Caution de 700 dh non remboursée
Débit très mauvais sur la box 4g","il y a un an"
"15","Casablanca","Imane Souieh","Service décevant. Le personnel n’est ni accueillant ni professionnel et ne m’a pas aidée du tout. Très mauvaise expérience","il y a 4 mois"
"15","Casablanca","Yass","Nullllll comme Service, boutique nullllllll","il y a 2 mois"
"15","Casablanca","Xcad Cfd","Ce n'est pas une boutique, mais juste un stand!","il y a 7 mois"
"16","Casablanca","Bila moustaid","Très déçue par cette agence Inwi.
Je me suis déplacée spécialement en me fiant aux horaires affichés (et confirmés en ligne), mais à mon arrivée, l’agence était fermée sans aucun avis, ni …","il y a 10 mois"
"16","Casablanca","Abdou Maataoui","Ouverture tres en retard il est 9h30 est toujours fermé alors que sur le panneau ouverture a 9h00","il y a un an"
"16","Casablanca","reda Tech","Très mauvaise expérience à l’agence Inwi de Marjane Casablanca. L’employé, dont je crois que le prénom est Achraf, a refusé de m’aider avec mon contrat alors qu’il avait clairement la possibilité de le faire. Son attitude était totalement …","il y a un an"
"17","Casablanca","christophe julio","Service client professionnel et serviable ils étaient à l'écoute et coopératif avec moi 👍, merci khoya et bonne continuation. …","il y a 5 mois"
"17","Casablanca","Ali Embary","Personnel compétant et à la hauteur serviable, rien à dire","il y a 2 ans"
"17","Casablanca","Ahmed MOULOUD","Il y a personne à 11h du matin. Seba comme on dit !","il y a 6 ans"
"18","Casablanca","salma igzouz","Process très long, à quel moment une agence ne dispose pas de stock de QR pour les cartes eSIM la seule solution que la conseillère me donne, c'est de faire le tour des agences à Casablanca, et traquée où se trouve la disponibilités des QR le code pour que je puisse profiter de mon numéro pleinement MDR la chasse au trésor","il y a 5 mois"
"18","Casablanca","nouhaila khechani","Le commercial qui porte des lunettes est irrespectueux, il me parle comme si j’étais son ennemi. TRÈS DÉÇU","il y a 3 mois"
"18","Casablanca","Said Ait-tahar","Jamais on a vu une boutique fermée pour pause, et encore moins 30min avant la fin","il y a 8 mois"
"19","Casablanca","abdelilah","Bon service","il y a 5 mois"
"19","Casablanca","mo1960 simo","Service moyen, lieu exigu pour une agence de télécommunications présente dans tout le Maroc","il y a 4 ans"
"19","Casablanca","Mohamed Esslimy","Il ont dés agents très serviable.","il y a 4 ans"
"20","Casablanca","Adil Saoud","Je ne recommande ni les offres ni les abonnements ni le réseau inwi
Et encore moins leur assistance.","il y a un an"
"20","Casablanca","anas alaouicherifi","Tu trouves des gens accueillant","il y a 5 ans"
"20","Casablanca","Taoufik Bahmad","sympatic .serieux .","il y a 4 ans"
"21","Casablanca","lamia","service 0 ""les conseillers"" ne servent à rien à chaque fois que tu leur demandent quelque chose ils te donnent un certain numéro à appeller mais ce numéro ne répond pas équipe incompétente que ce soit les "" conseillers"" les "" électriciens "" ou même le ""service à la clientèle"" je ne recommande. pas cette agence une équipe de bras cassé !","il y a un an"
"21","Casablanca","Abd errazzak","Service null 👎 pas des chaises 👎👎👎 …","il y a 7 mois"
"21","Casablanca","Yann Kevin","Très bon accueil et service excellent . Très satisfait","il y a 7 ans"
"22","Casablanca","mohammed sabir","Malheureusement,ils ont encore besoin d'apprendre à mieux se comporter avec les clients","il y a un an"
"22","Casablanca","Abdessamad Tibharine","Service très très nul je crois même pas que c’est une agence inwi vrai. A ne pas visiter du tout ils font que des arnaques. De préférence visiter d’autre agence inwi.","il y a 3 ans"
"22","Casablanca","Youssef MAHMOUD","Service rapide par des gens qui connaissent leur travail. Dommage que leur voisins ne sont pas comme ça.","il y a 7 ans"
"23","Casablanca","Abderrahim Benamor","boutique impeccable , j'ai attendu mon tour, mais malheureusement le préposé  ne peut faire la recharge  d'internet pour mon gsm c'est pour cela le service avec une étoile 🌟  pour la gentillesse :la faute à  qui?j'espère que j'aurais une réponse. …","il y a 7 mois"
"23","Casablanca","Ali Embary","Elle est proche de chez moi,le service est puisque les clients font eux même le bon travail devant  les deux guichets à l,absence d,un sécurité devant l,agence","il y a 4 ans"
"23","Casablanca","Ibrahim Rajawi","Très mauvais traitement et manque de disponibilité des deux routeurs","il y a 10 mois"
"24","Casablanca","Babacar Sarr","Trop nul. J’ai changer de tel et oublier de transférer ma carte e-sim l’agent me dit que c’est impossible de récupérer mon numéro je dois acheter un nouveau numéro. Je part à l’agence qui est au rond-point il me règle mon problème en moins de 20minutes. Très déçue","il y a 2 mois"
"24","Casablanca","Zineb Taghi","Une honte!!!!!!!!
La conseillère Inwi m’a littéralement arnaquée pour faire ses ventes. Elle m’a fait croire que j’étais obligée de changer d’opérateur, a promis de résilier mon …","il y a 5 mois"
"24","Casablanca","hafid raghai","vraiment mauvais service client j'ai annuler mon abonnement un certain temps j'ai trouvé que l'abonnement est encore ouvert j'arrive pas à comprendre","il y a 4 mois"
"25","Casablanca","François F","Qualité du wifi médiocre, même pas 1 méga. Le service client ne fait rien pour proposer une solution. Fuyez cet opérateur !","il y a un an"
"25","Casablanca","Essoudi Rachid","L'agence imwi-HAY SALAMA se retrouve dans le boulevard MOHAMED BOUZIANE à côté du café ALHAOUDEJ et en face du snack TANJA.les agents de cette agence sont très  serviable ils font un grand effort à fin de satisfaire les clients. Bon courage vous êtes intéressés par un grand nombre de citoyens.","il y a 7 ans"
"25","Casablanca","Mou Hm","Service agence hay salama nulle","il y a un an"
"26","Casablanca","Nana Nanaa","Y avait un conseiller un jeune homme qui était gentil serviable et à l'écoute, maintenant y a une jeune qui n est pas à l'écoute et n'a même pas l'envie d'expliquer et de répondre à ma question, a chaque demande elle dit appelez le 220 , j'ai fait le passage aujourd'hui et hier , une agence bien située mais le service nul","il y a 4 mois"
"26","Casablanca","PPF MAROC","Je ne recommande pas cette agence, elle est très mauvaise Le moment choisi est irrespectueux J'ai demandé à changer ce réseau Wi-Fi Je ne le recommande pas 👎👎👎 …","il y a 5 mois"
"26","Casablanca","mb Magri","Très mauvais service. On achète un abonnement en expliquant l'urgence du besoin. Mais le Monsieur oublie peut-être d'activer la ligne. On appelle numéro non attribué alors qu'il s'agit d'un opérateur téléphonique.","il y a 4 ans"
"27","Casablanca","hamza maziane","Top service client bon continuation","Modifié il y a 4 ans"
"27","Casablanca","Dolly Vitta","le service est nul","il y a 4 ans"
"27","Casablanca","Nouhaila Nouri","Bonne service","il y a 3 ans"
"29","Casablanca","Ra Bab Ira","⭐️⭐️⭐️⭐️⭐️
L’ancienne agence manquait clairement de propreté et de décoration. Mais depuis le changement, tout a été transformé ! …","il y a 10 mois"
"29","Casablanca","Bila moustaid","Après m’être déplacée vers une première agence Inwi, fermée sans aucun avertissement malgré les horaires affichés, je me rends dans une deuxième agence inwi ´jawharà… pour découvrir qu’elle n’a pas accès à Internet. …","il y a 10 mois"
"29","Casablanca","Nader A Hamid","M mauvais service agent désintéressée","il y a 7 ans"
"30","Casablanca","Fleur Rose","Pourquoi mentir,et laisser les gens se déranger
Je suis passé hier, la boutique est au travaux et fermé","il y a 6 mois"
"30","Casablanca","alaoui jaouad","Excellent acceuil par Mehdi.Superbe.","Modifié il y a 6 mois"
"30","Casablanca","Najib BenSeffaj","L'offre modem 4G est pleine de frais cachés!! 100 dhs de garantie et 200 dhs de frais d'activation 😏
En fait vous payez le modem ZTE très très basique à 300 dhs!!! …","il y a 6 ans"
"31","Casablanca","Stéphane Koman","Meilleur Agence ,je recommande, j'aime surtout l'accueil et leurs respects... Bravo a vous je donne 10 étoiles","il y a 4 ans"
"31","Casablanca","Nisrine Chami","à 18h on doit attendre la dame jusqu'à ce qu'elle finisse son repas pour nous répondre allez dans une autre agence.","il y a un an"
"31","Casablanca","Abdellah El amri","Personnel très sympathique.
Je suis excessivement satisfait de l'efficacité des produits inwi.
الله إعمّر ها دار.","il y a 2 ans"
"32","Casablanca","ouiam ferhane","Un mauvais service, c’est catastrophique , il répondent plus au téléphone même le service est nul a déconseiller","il y a 2 mois"
"32","Casablanca","fayçal nachit","Une bande d'arnaqueur, le service technique d'inwi annule ma demande d'installation ADSL, et les deux incapables de ce point de vente refusent de récupérer le routeur et de me remettre mon dépôt de 100dh. …","il y a un an"
"32","Casablanca","fay saw","Les agents dans ce point de vente sont incompétents, et des arnaqueurs, refusent de rembourser 100dh de dépôt pour un adsl qui n'a pas été posé sous excuse qu'il y'a un bug dans le système.","il y a un an"
"32","Casablanca","Amine Khalid","Le 24/06 à 10h30 du matin, je me suis rendu à l'agence d'Abdelmoumen afin de souscrire à l'offre ""VACAY"" chez inwi. L'opératrice présente m'a informé qu'elle devait vérifier avec son supérieur hiérarchique s'il y avait des démarches …","il y a 2 ans"
"32","Casablanca","Isma Belloua","Service médiocre, ça fait une semaine que j’attends qu’on vienne pour m’installer le wi-fi, j’appelle personne ne répond alors qu’on devait venir me l’installer deux jours après","il y a un an"
"32","Casablanca","Abdelilah Lebrigui","Très mauvais service d'INWI et de cette agence en particulier. A éviter.","il y a un an"
"32","Casablanca","Safaa Ait bouyoussef","Service médiocre/manque de responsabilité. Évitez cette agence.","il y a un an"
"32","Casablanca","fahed","Trop lent . Une personne pour gérer j'ai du attendre 45mn pour être reçu","il y a 6 ans"
"32","Casablanca","elhaila amine","Agent non serviable
C’est toujours fermé avant l’heure de fermeture","il y a 3 ans"
"33","Casablanca","Hicham Alaoui","J'étais plus sur l'agence a côté celle d'🍊, le monsieur est vraiment très serviable, compétant s'il y avait plus de 5 étoiles j'aurais mis plus …","il y a 3 ans"
"33","Casablanca","zakaria marzougui","C'est la ou je paye mes factures","il y a 8 ans"
"33","Casablanca","Ahmed Taha Belmekki","Fermée la plupart du temps","il y a 6 ans"
"34","Casablanca","bineta toure","La personne ouvre la botique mais n’est pratiquement pas présent elle est dehors tout le temps","il y a 5 mois"
"34","Casablanca","Salim Ettani","L'agent en charge manque radicalement de compétences relationnelles de base. Son language de communication est à la limite de celui de l'homme de neanderthal. Ça vous dégoûte complètement d'y rentrer une deuxième fois.","il y a un an"
"34","Casablanca","Celestic Tarot","L'agence ne répond pas après que j'ai acheté la box chez eux et j'ai eu un problème avec celle-ci 👎👎👎👎 …","il y a 4 ans"
"36","Casablanca","M6 Communication","Très bon accueil Mr Oussama, service impeccable très gentille il respecte les clients ainsi que chacun son tour nous le souhaitons une bonne continuation Bravo Bravo","il y a 7 mois"
"36","Casablanca","mohamed amir azzouz","Très bon accueil (Mr khalid), service impeccable ont vous trouver la solution adéquate rapidement.","il y a 7 mois"
"36","Casablanca","Abdel Fattah Belaouni","Inwi , un mauvais choix d’internet Adsl ou modem 4g","il y a 4 mois"
"36","Casablanca","abdelhak Chahbouny","Je tiens a remercier le chargé de clientèle ""Kamal"" pour son accueil, sa compréhension et son service professionnel. 👍 …","il y a un an"
"36","Casablanca","mehdi ab","pas du tout serviable et ignorant des procédures !","il y a 8 mois"
"36","Casablanca","KHADIJA SOUGNI","Accueil très chaleureux, compétence","il y a 8 mois"
"36","Casablanca","anaslaajily","Je souhaite adresser mes sincères remerciements à toute l’équipe Inwi Casa Port pour la qualité de leur accueil ainsi que leur professionnalisme exemplaire. Et surtout Mme safae qui est très sympathique et accueillante.","il y a 3 jours"
"36","Casablanca","Souleymane Diallo","Un très bon service, agent à l’écoute et maîtrise bien le produit. 07/avril/2027 10h20 AM","il y a 2 semaines"
"36","Casablanca","Lmeme idrissi","La fille comptoir n a aucune ma compétence par rapport au client.
Elle était sur son téléphone alors nous nous sommes présenter pour des informations pour un abonnement. L agence était vide et nous avons attendu 10 min avant …","il y a 3 semaines"
"36","Casablanca","Vladi","Nous avons acheté une carte SIM à 49 dirhams pour 11 Go.

Le conseiller était poli. 👍 …","il y a 2 ans"
"37","Casablanca","Ahmed Lasry","Il n’y a pas d’agence inwi au Morocco mall. Ça sert à rien de se déplacer. Merci de supprimer cet emplacement qui n’existe pas","il y a un an"
"37","Casablanca","nisrine benouakas","Tres insatisfaite de leur service . Une inscription a la fibre depuis plus d un moi . Aucun instaltion na ete faite aucunr reponse de leur part meme apres plusieurs réclamation... je ne recommande pas la fibre chez inwi .","il y a 3 ans"
"37","Casablanca","Housseini TOUMANI (Osin)","Problème réguliers qui prend beaucoup de temps a être traité","il y a 3 ans"
"38","Casablanca","Ahmed Amine Bousnane (A736)","Je me suis rendu à l’agence Inwi afin de récupérer ma nouvelle carte sim avec conservation de numéro et changement de plan tarifaire,  a mon grand étonnement on m’a annoncé que ce numéro est enregistré, mais pas à mon nom !! Alors que j’ai  tous les documents qui prouvent bien que ce numéro m’appartient !!!","Modifié il y a 6 ans"
"38","Casablanca","hakim lazraq","Très bon accueil","il y a 5 ans"
"38","Casablanca","Sam Stone","Bon service","il y a 6 ans"
"39","Casablanca","Abdellah Manha","Il faut vraiment formé les gens sur l'accueil, car c'est une catastrophe faite un effort","il y a 5 mois"
"39","Casablanca","cen el","Le pire service qu'on a jamais vue , pour une installation de fibres optiques qu'on a signé le contrat depuis le 21/08 et on est le 03/09 personne nous a contactés. …","il y a un an"
"39","Casablanca","Taoufiq Mouhcine","On vient pour payer nos abonnements et le monsieur nous dit qu'il est actuellement pas possible de faire des paiements. Il faudra revenir 30 minutes après. On revient et on nous dit qu'on peut pas payer par carte. Il me semble qu'on est en 2023. En plus le monsieur est désagréable avec sa clientèle.","il y a 2 ans"
"40","Casablanca","hicham belg","Inwi ( arabe : إنوي ) (anciennement connu sous le nom de Wana ) est une entreprise de télécommunications au Maroc. C'est une filiale du groupe SNI et du groupe koweïtien Zain . …","il y a 6 ans"
"40","Casablanca","Bernard Pauporté","Cette agence n'existe plus","il y a 3 ans"
"40","Casablanca","Fikri Rouhi","Pas mal","il y a 6 ans"
"41","Casablanca","Driss Moustaghni","Le bureau est très étroit on brûle de chaleur dedans les gens font la queue dehors sur le trottoir la climatisation évacue à travers un tuyau dehors sur la tête des passants","il y a 2 ans"
"41","Casablanca","soraya Sorayati","Service nul ..","il y a 6 mois"
"41","Casablanca","Mohamed OULEHIANE",".l'agent n'avais pas de téléphone pour dépanner.","il y a un an"
"43","Casablanca","Amine 123","Si je pouvais mettre un 0 je l’aurai mis et même moins, un staff impoli, tout sauf compétent,  parle tres mal, on dirait limite qu’on est mendiant de leur service! Ils nous sortent des excuses pour ne pas donner le service! HONTE A VOUS!!!","il y a 5 mois"
"43","Casablanca","Dalila malak","J'ai compté rentrer chez moi avec une box, hélas je suis rentré avec les nerfs...agent non complètemente...non polie...molle...fait passer d'autres clients alors que j'étais devant eux...bref inwi doit revoir son recrutement....","il y a 10 mois"
"43","Casablanca","aline aline","Certains employés manquent clairement de professionnalisme, en particulier une dame dont j’ai oublié le nom, mais dont le comportement mériterait d’être revu !","il y a 9 mois"
"44","Casablanca","Fetah Fallouki","Très mauvaise expérience a l’agence Inwi 2mars aucun accueil
Je suis monté voir la personne qui s’occupe de la branche buisness, aucun accueil la personne est une femme avec un foulard qui été concentré sur son tel c’est …","il y a un mois"
"44","Casablanca","Rouchdi Youssef","Nous avons souscrit à un abonnement Inwi dans le cadre d’un retour de ligne pour notre société.
À ce jour, et malgré une semaine écoulée depuis le dépôt du dossier, …","il y a 4 mois"
"44","Casablanca","MOURID El Mehdi","Personnel incompétent.
Pour un changement de carte sim pour un numéro qui m'appartient depuis plusieurs années. on me refuse le changement sous prétexte que la ligne n'est pas à mon …","il y a 10 mois"
"45","Casablanca","Majda JAMAI","Le personnel manque clairement de formation en service client, ils montrent clairement qu'ils ne veulent faire aucun effort sur leur travail, Je n’ai même pas eu le temps de clarifier ma demande qu’on m’a répondu “le système ne fonctionne …","il y a 4 mois"
"45","Casablanca","Brahim Amnoun","Service null, j'ai perdu mon temps pour arriver à 11h. Et finalement on me dit que je dois revenir dans l'aprem car ils ont l inspection !!!!!","il y a 4 ans"
"45","Casablanca","Anthony Adam","Bonne experience et bon conseil.","Modifié il y a 8 mois"
"46","Casablanca","D R (Who)","L'agent est simpa et serviable ,Merci d'ajouter le numéro du téléphone d'agence correcte
C'est 2025  ....","Modifié il y a 8 mois"
"46","Casablanca","mohamed massika","Magasin pour les services Inwi de téléphonie et d'internet","il y a 4 ans"
"46","Casablanca","Niama Safwane","Aucun texte","il y a 3 mois"
"46","Casablanca","Driss Mifdali","Aucun texte","il y a 4 mois"
"46","Casablanca","MR々 『FATIH』","Aucun texte","il y a un an"
"46","Casablanca","youssef bououd","Aucun texte","il y a un an"
"46","Casablanca","Faraji Bouchta","Aucun texte","il y a 2 ans"
"46","Casablanca","Mohammed Amine Basli","Aucun texte","il y a 3 ans"
"47","Casablanca","Celine-Emmanuella Adalia Iwenga","Sincèrement, service nul. C’est bien beau d’être gentil et accueillant mais les vas-viens à nos propres frais pour les mêmes soucis c’est fatiguant d’autant plus qu’on paye ! Wifi payé depuis un mois, 0 installation, pour l’annulation il …","il y a 4 mois"
"47","Casablanca","zina nour","Je suis déçu du personnel de cette agence, la personne accueilliante n'est pas professionnelle du tout,j'ai payé une recharge internet de 100dh,puis il m'a dit que le numéro est suspendu et que c'est trop tard il peut rien faire.Norlalement …","il y a 8 mois"
"47","Casablanca","Hh Hindouna","Un passage chez inwi Aeria mall cette matinée le samedi 9 août 2025,le monsieur travaillant ce jour là était très désagréable, non respectueux,franchement c'est de l'arnaque,cette agence à éviter !!!","il y a 8 mois"
"47","Casablanca","mohammed hilout","Agence fermée à 16h le 29/07/2025. Aucun sens de responsabilité.","il y a 8 mois"
"47","Casablanca","Hassan SAADAOUI","Y a personnes entre 4h30 et 15h15","il y a 6 mois"
"47","Casablanca","Issam Bouqayes","Service rapide agent très réactif et professionnel.","il y a un an"
"47","Casablanca","Mona Ksibi","Pire expérience client de ma vie. La fibre n’a jamais marché, le technicien n’est jamais venu, service client inutile en boutique et au call center alors qu’on s’y est rendu plusieurs fois pendant 2 mois. Je déconseille fortement les …","il y a 2 semaines"
"47","Casablanca","David Hatch","C'est de loin le plus beau magasin Inwi que j'aie jamais vu. Très moderne et élégant, presque comparable à ce qu'on trouve en Amérique ou en Europe. En revanche, le service client laisse à désirer et vous devrez patienter entre 30 minutes et une heure avant d'être pris en charge.","il y a 4 mois"
"47","Casablanca","Alex Santaella Torcello","Un service pourri, j'ai des problèmes depuis le premier jour. J'ai d'abord dû attendre six jours pour avoir une connexion sur mon téléphone, puis ils coupent mon Wi-Fi toutes les semaines, et je dois venir leur demander de le réactiver. …","il y a un an"
"47","Casablanca","Artemijs","si lent que tu peux mourir et renaître à nouveau","il y a 6 mois"
"47","Casablanca","A. Ketre","Je n'ai jamais eu d'accès internet via InWi-Fi…
Il n'y a qu'un seul employé dans l'agence. Il faut attendre longtemps pour répondre aux besoins des autres clients !","il y a un an"
"47","Casablanca","Oumayma Laamiri","Service client impeccable et personnel très agréable 👍👍 …","il y a 2 ans"
"47","Casablanca","Ritaa","Service client déplorable ! Surtout la dame qui était là.","il y a une semaine"
"47","Casablanca","nina dobrev","La dame qui travaille dans cette agence est vraiment très désagréable. Nous sommes venus aujourd'hui vers 18h, car nous sommes tous abonnés à Inwi dans la famille. Nous voulions poser une question concernant notre forfait. …","il y a une semaine"
"47","Casablanca","Fares dehbi","Gestion déplorable ! Ils ont collé un autocollant dans leur magasin indiquant que leurs horaires d'ouverture pendant le Ramadan, après l'Iftar, sont de 21h à 23h (comme vous pouvez le voir sur la photo). J'ai attendu 30 minutes, et toutes …","il y a un mois"
"47","Casablanca","Hassan Baljoun","Aucun texte","il y a 4 mois"
"47","Casablanca","Houda EL BASRI","Aucun texte","il y a un an"
"48","Casablanca","soukaina nafia","Ils ont un bon service","Modifié il y a 7 ans"
"48","Casablanca","Saber Zakariz","Les beaux jours la popularité","il y a 7 ans"
"48","Casablanca","Amin Aithaddou","Service nul","il y a 6 ans"
"48","Casablanca","زكرياء سابع","Agence Inwi, Derb Sultan, rue Al Fida, près de la place Sraghna.","il y a 5 ans"
"48","Casablanca","Yassine Saadaouani","Aucun texte","il y a 5 mois"
"48","Casablanca","Sagha Sagha","Aucun texte","il y a 3 ans"
"48","Casablanca","Salah Salah","Aucun texte","il y a 6 ans"
"48","Casablanca","Othman Abhari","Aucun texte","il y a 6 ans"
"48","Casablanca","Rajae Meqdad","Aucun texte","il y a 6 ans"
"48","Casablanca","عادل البرقوقي","Aucun texte","il y a 7 ans"
"48","Casablanca","SABER Amine","Aucun texte","il y a 7 ans"
"48","Casablanca","taib dani","Aucun texte","il y a 8 ans"
"48","Casablanca","Mehdi Kaldi","Aucun texte","il y a 8 ans"
"49","Casablanca","Lahcen Oubijjane","J'ai fait un abonnement d'internet optique a Firdaous, actuellement j'ai déménagé à Anfa et quand j'ai demandé le transfert pour la  nouvelle adresse pas possible car il n'ont pas d'installation optique et pour résilier,i m'ont exigé la …","il y a 5 ans"
"49","Casablanca","HAKIM DAOUDI","Absence de l'agent commercial tout le temps et l'absence de réseau. ...
L'imprimante ne fonctionne pas pour avoir une facture. ...","il y a 7 ans"
"49","Casablanca","cheikhouna Bamba soumano","Le monsieur qui est là bas va vous faire perdre de la clientèle il est raciste en plus il n'est pas accueillant.","il y a 4 ans"
"49","Casablanca","Medson Sarl","Bon accueuil, mais je suis plutôt client IAM .","il y a 7 ans"
"49","Casablanca","Crash Oui","Absence d'agent commercial constament.
Pas de service CMI.
Manque d'outil de travail.","il y a 7 ans"
"49","Casablanca","abdelilah el hassani","Pas beaucoup de choix en ce qui concerne les téléphones","il y a 6 ans"
"49","Casablanca","zohra Cheji","Zohra El réfléchir très bien
1","il y a 4 ans"
"49","Casablanca","Fils Akwe","La pire agence Inwi","il y a 2 ans"
"49","Casablanca","Jaber Abouilyass","Pas mal espace un peu petit","il y a 7 ans"
"49","Casablanca","Hamid Radi","Pas d'abonnement internet","il y a 7 ans"
"49","Casablanca","katalina 91","Bon service","il y a un an"
"49","Casablanca","Karim Said","Passable faible réseau","il y a 6 ans"
"49","Casablanca","Joris Koumba","Bonne agence","il y a 6 ans"
"49","Casablanca","mohamed es-sbai","Des agents de métier.....","il y a 7 ans"
"49","Casablanca","Rezki Youssef","Super","il y a 7 ans"
"49","Casablanca","Majid","recharge téléphone","il y a 7 ans"
"49","Casablanca","be happy","Lieu de travail","il y a 7 ans"
"49","Casablanca","Yousra You","Lieu de travail","il y a 7 ans"
"49","Casablanca","Prosper Sunkyedong","Service déplorable. J'avais l'impression qu'il me rendait service.","Modifié il y a 7 ans"
"49","Casablanca","Abdesslam Elbakri","indisponible","il y a 4 ans"
"49","Casablanca","Ujjal Halder","Service très mauvais","il y a 4 ans"
"49","Casablanca","Fernand Lionel aristide Konan","Inwi","il y a 4 ans"
"49","Casablanca","S Mahmoudi","Bn","il y a 6 ans"
"49","Casablanca","Jamal Eddine Elidrissi","Correct","il y a 7 ans"
"49","Casablanca","laaguel khadija","Beauséjour","il y a 7 ans"
"49","Casablanca","Azeddin Benhannoun","Aucun texte","il y a 4 semaines"
"49","Casablanca","othmane JB","Aucun texte","il y a 3 mois"
"49","Casablanca","youssef razen","Aucun texte","il y a 4 ans"
"49","Casablanca","adou","Aucun texte","il y a 4 ans"
"49","Casablanca","Ahmed Ahmed","Aucun texte","il y a 4 ans"
"49","Casablanca","Qadmar Youness","Aucun texte","il y a 5 ans"
"49","Casablanca","amina elghazali","Aucun texte","il y a 5 ans"
"49","Casablanca","FATOUMATA BINTA DIALLO","Aucun texte","il y a 6 ans"
"49","Casablanca","Slimani 3aziz","Aucun texte","il y a 6 ans"
"49","Casablanca","Abdullah MOHMMED","Aucun texte","il y a 6 ans"
"49","Casablanca","Le gameur fouu","Aucun texte","il y a 6 ans"
"49","Casablanca","Meriem Seqqai","Aucun texte","il y a 6 ans"
"49","Casablanca","Audrey Essefouani","Aucun texte","il y a 6 ans"
"49","Casablanca","علي نومير صباغ","Aucun texte","il y a 6 ans"
"49","Casablanca","Uriel Jennifer Neuba","Aucun texte","il y a 6 ans"
"49","Casablanca","Kriss Oloua","Aucun texte","il y a 6 ans"
"49","Casablanca","Teliane Rabby K","Aucun texte","il y a 6 ans"
"49","Casablanca","RAIB Mouhcine","Aucun texte","il y a 6 ans"
"49","Casablanca","Abdellamineresak Abdellrezak","Aucun texte","il y a 6 ans"
"49","Casablanca","rachid tajry","Aucun texte","il y a 6 ans"
"49","Casablanca","omar alili","Aucun texte","il y a 6 ans"
"49","Casablanca","Hafsa Chatar","Aucun texte","il y a 6 ans"
"49","Casablanca","Mohamed Lakhdar","Aucun texte","il y a 6 ans"
"49","Casablanca","hamid hamid","Aucun texte","il y a 6 ans"
"49","Casablanca","Micho 73","Aucun texte","il y a 6 ans"
"49","Casablanca","Fatima Laurene TOUNDOU","Aucun texte","il y a 6 ans"
"49","Casablanca","Waqas Azeem","Aucun texte","il y a 7 ans"
"49","Casablanca","Oussama Khadra","Aucun texte","il y a 7 ans"
"49","Casablanca","dounia khachaba","Aucun texte","il y a 7 ans"
"49","Casablanca","Hanane Abachra","Aucun texte","il y a 7 ans"
"49","Casablanca","Mohcine Az","Aucun texte","il y a 7 ans"
"49","Casablanca","Samira Smoud","Aucun texte","il y a 7 ans"
"49","Casablanca","أم إشراق","Aucun texte","il y a 7 ans"
"49","Casablanca","Hind El jirari","Aucun texte","il y a 7 ans"
"49","Casablanca","Aya Abouzoul","Aucun texte","il y a 7 ans"
"49","Casablanca","Mouad Zoldyck","Aucun texte","il y a 8 ans"
"49","Casablanca","SAID BALBAL","Aucun texte","il y a 8 ans"
"49","Casablanca","chaimaa ben","Aucun texte","il y a 8 ans"
"49","Casablanca","gag nabil","Aucun texte","il y a 10 ans"
"49","Casablanca","Anas Abs","Aucun texte","il y a 10 ans"
"50","Casablanca","Oualid Miloudi","La meilleure agence que j'ai jamais visité, avec un personnel incroyable. Ils ont traité mon problème comme si c'était le leur.","il y a un an"
"50","Casablanca","Bouchehboun Mbarek","Rien de particulier. Toutefois,  sur le plan d'assistance technique beaucoup de choses restent à faire","il y a 4 ans"
"50","Casablanca","prince zengaïs tanga","J'adore","il y a 6 ans"
"50","Casablanca","karim berri","Bon service","il y a 4 ans"
"50","Casablanca","Bassana Géraud","Super","il y a 6 ans"
"50","Casablanca","Omar Miri","Une agence offrant un bon service et sans foule.","il y a 4 ans"
"50","Casablanca","Mehdi Berrekkal","Service super lent","il y a 2 ans"
"50","Casablanca","stanley leo Reinhard","Grand moi","il y a 7 ans"
"50","Casablanca","Hiba","Aucun texte","Modifié il y a un an"
"50","Casablanca","Mohamed Elabbassi","Aucun texte","il y a 3 ans"
"50","Casablanca","AL GHAZAL","Aucun texte","il y a 3 ans"
"50","Casablanca","Mehdi Rouwassi","Aucun texte","il y a 3 ans"
"50","Casablanca","Reda akerfeldt","Aucun texte","il y a 4 ans"
"50","Casablanca","Chouaib Chibane","Aucun texte","il y a 4 ans"
"50","Casablanca","Tom Sayeur","Aucun texte","il y a 5 ans"
"50","Casablanca","ste mest platre sarl","Aucun texte","il y a 5 ans"
"50","Casablanca","ANSELME DANYEL","Aucun texte","il y a 5 ans"
"50","Casablanca","Nadir EL MAAMOURI","Aucun texte","il y a 6 ans"
"50","Casablanca","Yvan Grébé","Aucun texte","il y a 6 ans"
"50","Casablanca","louly xe1","Aucun texte","il y a 6 ans"
"50","Casablanca","mohamed filahi","Aucun texte","il y a 6 ans"
"50","Casablanca","sitaram gaikwad","Aucun texte","il y a 7 ans"
"50","Casablanca","MMA HBABI EL BIDAOUI","Aucun texte","il y a 7 ans"
"50","Casablanca","Ghani Bouchaib","Aucun texte","il y a 7 ans"
"50","Casablanca","Mohamed Faouzi","Aucun texte","il y a 8 ans"
"50","Casablanca","youssef ouhsine","Aucun texte","il y a 8 ans"
"51","Casablanca","nabil chadi","Il n’ont pas de pack dépannage!","il y a 9 mois"
"51","Casablanca","youness syad","Bonne réception . J ai pas beaucoup attendu dans la queue .","il y a 4 ans"
"51","Casablanca","Abdellah Mouhssine","Tres bon service avec une bonne qualité","il y a 2 ans"
"51","Casablanca","Jaouad Had","Ils ont des Super forfaits internet et mobile","il y a 4 ans"
"51","Casablanca","M D","très mauvais service (0 professionnalisme).","il y a 4 ans"
"51","Casablanca","willy PIQUE","Très bon services et rapide","il y a 4 ans"
"51","Casablanca","هشام الطاوسي","Service médiocre","il y a 10 mois"
"51","Casablanca","Hajar FETH","Très bon service","il y a 8 ans"
"51","Casablanca","0XxAngelOFDethxX0","Fermé pour aucune raison .....","il y a 3 ans"
"51","Casablanca","Abdelbasset Benlemkaddem","Bon service","il y a 2 ans"
"51","Casablanca","YAHYA Informatique","Bien","il y a 2 ans"
"51","Casablanca","faycel mastour","Bon","il y a 6 ans"
"51","Casablanca","adil ghardaoui","😇 …","il y a 2 ans"
"51","Casablanca","EL GARAB Larbi","Petite agence inwi","il y a 8 ans"
"51","Casablanca","haizoune noureddine","Asse bonne","il y a 5 ans"
"51","Casablanca","Ami InePro","Agence de inwi saada","il y a 7 ans"
"51","Casablanca","Driss Ait hmadou bram","Le personnel de Serbis Ayan Li Tama a fait preuve de manque de professionnalisme lors de l'accueil et des soins. …","Modifié il y a 2 ans"
"51","Casablanca","mero momo","Boutique et centre de téléphonie

Ici, vous pouvez acheter des téléphones ou vous abonner au réseau Inwi. …","il y a 6 ans"
"51","Casablanca","hamim mouhamd","L'un des plus beaux endroits sur lesquels la municipalité ou la communauté a travaillé","il y a 3 ans"
"51","Casablanca","Next level","très bien","il y a 2 ans"
"51","Casablanca","Mohamed Amer","Service clientèle 0000","il y a 2 ans"
"51","Casablanca","محمد","Bienvenue à Dakhla","il y a 5 ans"
"51","Casablanca","Hamid Rougui","Aucun texte","il y a 2 ans"
"51","Casablanca","youssef nait ahmed","Aucun texte","il y a 2 ans"
"51","Casablanca","MARWAN AIZ","Aucun texte","il y a 2 ans"
"51","Casablanca","RAVI PANDEY","Aucun texte","il y a 3 ans"
"51","Casablanca","Rachid Aouragh","Aucun texte","il y a 3 ans"
"51","Casablanca","Hamid Meliani","Aucun texte","il y a 3 ans"
"51","Casablanca","Amin Elomri","Aucun texte","il y a 3 ans"
"51","Casablanca","abdo Gm","Aucun texte","il y a 4 ans"
"51","Casablanca","bouchra s","Aucun texte","il y a 4 ans"
"51","Casablanca","Mohamed Hajama","Aucun texte","il y a 4 ans"
"51","Casablanca","العومري يوسف","Aucun texte","il y a 4 ans"
"51","Casablanca","Erry MuD","Aucun texte","il y a 4 ans"
"51","Casablanca","Samir Tv","Aucun texte","il y a 5 ans"
"51","Casablanca","Kamiss Abdellatif","Aucun texte","il y a 5 ans"
"51","Casablanca","Rania Mliji","Aucun texte","il y a 6 ans"
"51","Casablanca","Auto-entrepreneurs D.Mohamed","Aucun texte","il y a 6 ans"
"51","Casablanca","Jalal Horma","Aucun texte","il y a 6 ans"
"51","Casablanca","Assouaki Jamal","Aucun texte","il y a 7 ans"
"51","Casablanca","Ayoub Aitsi","Aucun texte","il y a 7 ans"
"51","Casablanca","elmazlani hamid","Aucun texte","il y a 7 ans"
"52","Casablanca","TARA AMGLEMB","Petite boutique qui ne paye pas de mine mais le personnel est super👍👍👍👍 …","il y a 2 mois"
"52","Casablanca","Raayne El Haraki","mauvaise service ! c mieux de changer mec et remplacer avec autre personne bien éduqué et respectueux","il y a un an"
"52","Casablanca","lilbfy","cette agence est si mauvaise","il y a 3 ans"
"52","Casablanca","C.K variety","Mauvaise accueil","il y a 4 ans"
"52","Casablanca","Human On the Earth","Efficace","il y a 3 ans"
"52","Casablanca","MiDo TouTa","👎👎 …","il y a 2 ans"
"52","Casablanca","Mohamed EN-NAKHALI (‫محمد النخالي‬‎)","Service client.","il y a 7 ans"
"52","Casablanca","Yassine Hadoui","Formidable","il y a 8 ans"
"52","Casablanca","Abdessamade Achoub","Si ton frère li dyr ndadr da lia 50 dh ou glt lih rj3 l camera ou mbghach wlkin mmfakch m3ah kishbni jay mn... O comment m3rfnich wld bernoussi o ra 3arf rasso daba ou chb3an dwada dil nasb","il y a un an"
"52","Casablanca","Younes El MOUTAMASSIK","Service nul","il y a 7 mois"
"52","Casablanca","Olar Opi","Le mas qu'il travaille là-bas est si gentil","il y a 5 ans"
"52","Casablanca","Hachmi Zakaria","Zakaria H","il y a 8 ans"
"52","Casablanca","كوتر casa","Le plus doux","il y a 4 ans"
"52","Casablanca","Abderahim Tarzaeui","Aucun texte","il y a 7 mois"
"52","Casablanca","location de voiture FATICAR","Aucun texte","il y a 2 ans"
"52","Casablanca","faiz hamza","Aucun texte","il y a 6 ans"
"52","Casablanca","Shergill Kuldeep","Aucun texte","il y a 6 ans"
"52","Casablanca","Souad Souad","Aucun texte","il y a 6 ans"
"52","Casablanca","Hanane Hamraoulih","Aucun texte","il y a 6 ans"
"52","Casablanca","Kamal Rjh","Aucun texte","il y a 6 ans"
"52","Casablanca","Zakaria Zakaria","Aucun texte","il y a 6 ans"
"52","Casablanca","Zakaria Edahani","Aucun texte","il y a 7 ans"
"52","Casablanca","akli zoubir","Aucun texte","il y a 7 ans"
"53","Casablanca","Abdeslam Tay","Personne alliant compétence et professionnalisme commercial à la différence des 2 personnes du rond point Tizi Ousli qui m'ont fait revenir trois fois (12, 13h30 et 15h30) sans résultat (résiliation de mon abonnement Inwi).","il y a 2 ans"
"53","Casablanca","Mehdi Sofyane","Très mauvaise comportement avec les clients, je résilie mon abonnement avec inwi","il y a 2 ans"
"53","Casablanca","fahd","C'est bien passé . j'ai demandé des infos et j'ai la réponse .agent professionnel maîtrise son métier.","il y a 6 ans"
"53","Casablanca","Sadisco Sarl","Sadisco climatiseur splite carrier
Avec bon prix","il y a 5 ans"
"53","Casablanca","casa- 2025","Très bien","il y a 7 ans"
"53","Casablanca","Mounir Jlila","Bon service","il y a 7 ans"
"53","Casablanca","Mustapha RADI","La Basse","il y a 2 ans"
"53","Casablanca","Abderrahim Elmodn","Endroit magnifique, qui mérite d'être visité.","il y a 5 ans"
"53","Casablanca","البيضاوي البيضاوي","eau","il y a 5 ans"
"53","Casablanca","Ikbal Ikbal","Correct","il y a 7 ans"
"53","Casablanca","Badr Jo","Aucun texte","il y a un an"
"53","Casablanca","Abdelmajid Skovitro","Aucun texte","il y a 5 ans"
"53","Casablanca","m hicham","Aucun texte","il y a 5 ans"
"53","Casablanca","Saad Nasry","Aucun texte","il y a 5 ans"
"53","Casablanca","Ahmed Oumari","Aucun texte","il y a 5 ans"
"53","Casablanca","Pablo escobare","Aucun texte","il y a 6 ans"
"53","Casablanca","Nour Eddine SADIKI","Aucun texte","il y a 6 ans"
"53","Casablanca","Moh Khater","Aucun texte","il y a 6 ans"
"53","Casablanca","EL GARAB Larbi","Aucun texte","il y a 6 ans"
"53","Casablanca","marouane kamili","Aucun texte","il y a 7 ans"
"53","Casablanca","bouchaib hamsas","Aucun texte","il y a 7 ans"
"53","Casablanca","EL BADAOUI HATIM","Aucun texte","il y a 7 ans"
"53","Casablanca","Rachid Bayd","Aucun texte","il y a 7 ans"
"54","Casablanca","Karima (“Karima”)","Après résiliation de mon abonnement idar suite à de gros problèmes de debit, je n'ai pas été remboursée du prix du routeur que j'ai retourné (500 dh car contrat sans engagement), un bug ""informatique""dans leur système selon le commercial de …","il y a un an"
"54","Casablanca","Said M","Bon","il y a 7 ans"
"54","Casablanca","ju manji","L'opérateur ennovant","il y a 7 ans"
"54","Casablanca","Hayat Kssiour","Haut niveau","il y a 5 ans"
"54","Casablanca","Tabit LAAMOURI","Bons services","il y a 7 ans"
"54","Casablanca","zoubir TV","Aucun texte","il y a 2 ans"
"54","Casablanca","alaa gateway","Aucun texte","il y a 3 ans"
"54","Casablanca","Hajar TAJ","Aucun texte","il y a 4 ans"
"54","Casablanca","elassaad ali","Aucun texte","il y a 6 ans"
"54","Casablanca","sanaa el bouari","Aucun texte","il y a 7 ans"
"54","Casablanca","Zekri Karim","Aucun texte","il y a 7 ans"
"54","Casablanca","Zakaria BEN HADI (ALONE)","Aucun texte","il y a 7 ans"
"54","Casablanca","Khalil","Aucun texte","il y a 8 ans"
"54","Casablanca","Ranime Ranime","Aucun texte","il y a 8 ans"
"54","Casablanca","سناء ياسين","Aucun texte","il y a 9 ans"
"54","Casablanca","Said EL IDRISSI","Aucun texte","il y a 9 ans"
"54","Casablanca","Ismael Bensghir","Aucun texte","il y a 9 ans"
"55","Casablanca","Human On the Earth","Nul. Le conseiller ne prend pas le temps de renseigner les gens. Il se lève avant qu'on ait fini de parler avec lui. Ne connait pas son métier et est incapable de répondre aux questions. Impolitesse incroyable. A croire que certains ont un …","il y a 2 ans"
"55","Casablanca","achraff Taj","le mr et compétent a l'écoute et donne des conseils. bravo. je suis client satisfait.","il y a 2 ans"
"55","Casablanca","MOHAMMED M","Service zéro et numéro téléphone d’agence erroné","il y a 4 ans"
"55","Casablanca","Mahjoub Dihi","Le vendeur est sympathique","il y a 8 ans"
"55","Casablanca","Sa Gueye","Par ce que,  je veux localiser une téléphone","il y a 5 ans"
"55","Casablanca","ilham abidou","Parfaite","il y a 5 ans"
"55","Casablanca","El Mehdi Zine","agent serviable","il y a 5 ans"
"55","Casablanca","Saad Ladjoua","Bon service, personnel agréable, endroit propre","il y a 6 ans"
"55","Casablanca","يوسف أبو عبيدة","Plein de sans-abri","il y a un an"
"55","Casablanca","Dach - Kim","Aucun texte","il y a 6 mois"
"55","Casablanca","Elmahjoub Battah","Aucun texte","il y a 2 ans"
"55","Casablanca","Jann'ys Ndong","Aucun texte","il y a 4 ans"
"55","Casablanca","Fadwa Fdiwa","Aucun texte","il y a 4 ans"
"55","Casablanca","ROYALE IMMOBILIERE","Aucun texte","il y a 4 ans"
"55","Casablanca","kamal abdelmalek","Aucun texte","il y a 4 ans"
"55","Casablanca","Said Amrani","Aucun texte","il y a 6 ans"
"55","Casablanca","Loredane Love","Aucun texte","il y a 6 ans"
"55","Casablanca","JAWAD Mounir","Aucun texte","il y a 6 ans"
"55","Casablanca","Nihal Brired","Aucun texte","il y a 8 ans"
"57","Casablanca","nonhou regis","OK pour une action rapide si vous êtes en voiture , double clignotants, sinon si c'est pour une longue discussion et opération , problème pour se garer ...","il y a 6 ans"
"57","Casablanca","aicha elmajdi","Il ya trois semaine que j'ai commandé Samsung a10","il y a 6 ans"
"57","Casablanca","Achraf Elkari","Je le trouve toujours fermé ... je part à 12heure je trouve personne 🙄 …","il y a 7 ans"
"57","Casablanca","Arielle N.","Ça va en dehors du problème de monnaie","il y a 3 ans"
"57","Casablanca","fouad benomar","accueil excellent. efficace","il y a 7 ans"
"57","Casablanca","Nabil Nabil","Nul","il y a 6 ans"
"57","Casablanca","Omar Laarifi","Des services dans divers domaines et présentant de multiples aspects positifs","il y a 6 ans"
"57","Casablanca","Jalila Bakkali","Aucun texte","il y a un an"
"57","Casablanca","Dahab Gauthier","Aucun texte","il y a un an"
"57","Casablanca","Echo F","Aucun texte","il y a 2 ans"
"57","Casablanca","Madih Yassine","Aucun texte","il y a 4 ans"
"57","Casablanca","Mohamed Moktadir","Aucun texte","il y a 5 ans"
"57","Casablanca","Hatem Boulsaien","Aucun texte","il y a 6 ans"
"57","Casablanca","Kabadou Yassine","Aucun texte","il y a 6 ans"
"57","Casablanca","Zouhair zouhair","Aucun texte","il y a 6 ans"
"57","Casablanca","Amina Elarabi","Aucun texte","il y a 6 ans"
"57","Casablanca","Fifi Monamourmalik","Aucun texte","il y a 7 ans"
"57","Casablanca","Mikhael","Aucun texte","il y a 7 ans"
"57","Casablanca","Waleed Mohammad","Aucun texte","il y a 7 ans"
"57","Casablanca","Fatimzahra Azhari","Aucun texte","il y a 8 ans"
"57","Casablanca","Rita Y","Aucun texte","il y a 8 ans"
"58","Casablanca","أبو معاذ","🚨🚨Attention au arnaque 🚨🚨
Ils ont utilisé mon cachet de société pour ouvrir plusieurs ligne
Le dossier au tribunal …","il y a un an"
"58","Casablanca","mohamed hadani","Bon coin","il y a 2 ans"
"58","Casablanca","abdelkrim elmoatamid","Pas mal","Modifié il y a 7 ans"
"58","Casablanca","Fahd Nounes","Aucun texte","il y a 7 ans"
"58","Casablanca","Kanthony Elonzada","Aucun texte","il y a 7 ans"
"59","Casablanca","Abdelwahed Chahbouni","je sais pas pourquoi vous êtes changer la réceptionniste Mm Bouchra il est très gentille avec les clients et maintenant le service dans cette agence c’est nulle à cause de ses changements merci de faire le nécessaire pour améliorer la qualité de réception des clients.","il y a un an"
"59","Casablanca","Nadia Boukham","Null ne respecte pas le temps de travail ,pas de respect au client","il y a un an"
"59","Casablanca","MNAUTOMOTIVE Mécanique et diagnostic","Bien reçu","il y a 3 ans"
"59","Casablanca","Said Safi","Très bien","il y a 6 ans"
"59","Casablanca","Mohamed ABOUHACHEM","Bon accueil et bon service","il y a 3 ans"
"59","Casablanca","Said Zaatri","personnel sympa","il y a 7 ans"
"59","Casablanca","Statut Whatsapp AZ","Commerciale","il y a 4 ans"
"59","Casablanca","youssef agnaou","Meilleur service","il y a 4 mois"
"59","Casablanca","User Resu","Il y a un énorme délai, sauf pour mon idée d'avoir une connexion internet Max. Même mon frère regrette son abonnement.","il y a 5 ans"
"59","Casablanca","لفطح المصطفى الحداوي","C'est bon","il y a 9 mois"
"59","Casablanca","Menkar Rachid","Aucun texte","il y a 4 ans"
"59","Casablanca","Fatimazahra Tanchi","Aucun texte","il y a un an"
"59","Casablanca","Anabr Abdellaziz","Aucun texte","il y a 2 ans"
"59","Casablanca","Sam","Aucun texte","il y a 3 ans"
"59","Casablanca","شكير ابوعمران","Aucun texte","il y a 4 ans"
"59","Casablanca","safaa elaffas","Aucun texte","il y a 5 ans"
"59","Casablanca","Mrikh Mouhamed","Aucun texte","il y a 6 ans"
"59","Casablanca","Nora Zaghal","Aucun texte","il y a 6 ans"
"59","Casablanca","Mo Mers","Aucun texte","il y a 6 ans"
"59","Casablanca","Achraf RASSY","Aucun texte","il y a 7 ans"
"59","Casablanca","Caltoume Elmouden","Aucun texte","il y a 7 ans"
"60","Casablanca","Amine Sadek","Aucun texte","il y a 2 ans"
"61","Casablanca","Tandem Lake house","Service parfait surtout une jeune opératrice très serviable est professionnelle .","il y a 3 mois"
"61","Casablanca","Zineb Sennouni","Personnel incompetent, ils veulent pas travailler, je me suis présenté à l'agence à 19h30 et ils ont refusé de m'accueillir j'ai fait une réclamation au service client j'espère qu'ils vont faire le nécessaire surtout la fille est impolie.","il y a un an"
"61","Casablanca","Omega Productions","Personnel Hyper incompétent surtout la femme qui s'appelle Hajar. Fuyez cette agence a tout prix!!","il y a 10 mois"
"61","Casablanca","R. A.","Le personnel est incompétent,  loin d'être courtois ou serviable , leur système informatique est tjrs en panne. On ne sait pas si c'est vrai ou par négligence  ou juste pour ne pas travailler.  Je n y vais plus. J'ai changé d'agence.   Voilà mon avis honnêtement.  .","il y a 3 ans"
"61","Casablanca","SoSo senhaji","Mauvaise expérience les conseiller il sont nul 👎🏻 et surtout responsable il re donne même pas le temps pour parler
Moi je préfère le service de Maroc telecom et orange top du top
Agence g5 a éviter 👎🏻👎🏻👎🏻👎🏻 …","il y a 3 ans"
"61","Casablanca","Elsa Elm","A chaque fois que j’y vais à cette agence le système est en panne, l’imprimante ne fonctionne pas, le personnel en charge n’est pas disponible ils sont jamais capables de faire le nécessaire pour rendre service aux clients et parfois même impolis et impatients","il y a 2 ans"
"61","Casablanca","Faiçal BOUTI","Mes 5 étoiles sont données pas pour le service de l'opérateur Inwi car j'étais tout le temps déçu de leurs part, la je donne et je partage mon avis avec d'autres personnes pour remercier surtout la personne et l'agent de l'agence Inwi G5 …","il y a 8 ans"
"61","Casablanca","Omar Jirani","Conseils a tous clients et clientes de gardé vos reçus de paiement il y a qq choses ça va pas chez Inwi
attention. Attention ???????","il y a 6 ans"
"61","Casablanca","larbi dabi","Relation avec la clientèle laisse beaucoup à désirer. C'est mon opinion personnelle.","il y a 4 ans"
"61","Casablanca","lagnidi othmane","Excellent service et personnel sympa et serviable","il y a 2 ans"
"61","Casablanca","Ahmed Chahir","Très rudimentaire. Le responsable de l'agence et son superviseur sont incompétents.","il y a 6 ans"
"61","Casablanca","abdellah Amartini","Pas très professionnelle. Ne vous donnent pas toutes les info","il y a 7 ans"
"61","Casablanca","rehimani mohammed","Mauvais accueil chez l'agence inwi J 5","il y a 4 ans"
"61","Casablanca","azzouz draalouz","Un bon service.","il y a 6 ans"
"61","Casablanca","Mohammed Bado","Très mouvais service","il y a 6 ans"
"61","Casablanca","Az","Mauvaise experience","il y a 4 ans"
"61","Casablanca","Omar Jrairi","Magasin de vente de téléphone","il y a 6 ans"
"61","Casablanca","Karima Amik","Nul","il y a 7 ans"
"61","Casablanca","Elbachir Bajji","assezbien","il y a 4 ans"
"61","Casablanca","boumelyk ab","Service nulle","il y a 3 ans"
"61","Casablanca","benrachid adil","Bien","il y a 9 ans"
"61","Casablanca","mohammed Morrakochi","Des bons agents","il y a 6 ans"
"61","Casablanca","med bouda","5/5","il y a 4 ans"
"61","Casablanca","Hamza Chiboub","Service nul 🤮🤮🤮👎👎👎👎👎👎👎👎👎👎👎👎👎👎👎👎👎👎👎👎👎👎👎👎👎👎👎👎👎👎👎👎👎👎👎👎👎👎👎👎👎👎👎👎👎👎👎👎👎👎 …","il y a 9 mois"
"61","Casablanca","Ahmed Hamidi","Mauvaise expérience avec l'agence Inwi.

Manque de professionnalisme, accueil déplorable et peu d'intérêt pour les …","il y a 2 mois"
"61","Casablanca","Zahid Khan","L'attitude de la vendeuse est inadmissible ! Elle m'a vendu une carte SIM défectueuse et refuse de l'échanger ou de me rembourser. Elle a gardé la carte SIM et mon argent. Je vous conseille d'être très prudents…","il y a 3 ans"
"61","Casablanca","Learnmoreaboutthisuser","Un bon endroit sauf que les prix sont un peu élevés par rapport à ce qui se fait dans le monde, internet est souvent lent mais il faut juste être patient","il y a 2 ans"
"61","Casablanca","Rocio Alarcon","Les gars étaient vraiment géniaux ! Très serviables et sympathiques.","il y a 5 ans"
"61","Casablanca","Ayoub Dahbi","chars","il y a 4 mois"
"61","Casablanca","Wahman Brahim","Amal 2, bloc C, n° 91, quartier Yaacoub El Mansour, Rabat","il y a 3 ans"
"61","Casablanca","Mouhamedou Zenvour","Bons clients et transaction fluide","il y a 2 ans"
"61","Casablanca","Pockpilt","Génial","il y a 9 mois"
"61","Casablanca","Aboubacar Diarra","Bonne qualité de service","il y a 2 ans"
"61","Casablanca","مركز النور للحجامة مركز النور للحجامة","Traitement au niveau requis","il y a 2 ans"
"61","Casablanca","ahmad Sport","C'est un endroit merveilleux","il y a 6 ans"
"61","Casablanca","mohammed Jdili","Absolument.","il y a 6 ans"
"61","Casablanca","Souad Jabrani","Excellent","il y a 7 ans"
"61","Casablanca","Abdou Ait-louhi","Nooooooooo","il y a 5 ans"
"61","Casablanca","Nour Nour","D'accord","il y a 7 ans"
"61","Casablanca","Mohamed Ouajdi","Zwina","il y a 6 ans"
"61","Casablanca","المستحيل المغربي","Hhhhh","il y a 10 ans"
"61","Casablanca","محمد التورجي","Bien","il y a 4 ans"
"61","Casablanca","Zakaria Zakaria","Lalla","il y a 4 ans"
"61","Casablanca","Shookum Glister","Bon","il y a 11 ans"
"61","Casablanca","Sakah Mouad","Aucun texte","il y a un mois"
"61","Casablanca","Issam Benzeroual","Aucun texte","il y a 2 mois"
"61","Casablanca","Zineb Alimesouddi","Aucun texte","il y a 3 mois"
"61","Casablanca","Aziz Ait Alla","Aucun texte","il y a 6 mois"
"61","Casablanca","RACH BORIS","Aucun texte","il y a 9 mois"
"61","Casablanca","Mayibongwe Ginindza","Aucun texte","il y a 10 mois"
"61","Casablanca","Zineb Otmani","Aucun texte","il y a un an"
"61","Casablanca","Jamila jamila","Aucun texte","il y a un an"
"61","Casablanca","MAROUANE CHAABANI","Aucun texte","il y a un an"
"61","Casablanca","Mido El","Aucun texte","il y a 2 ans"
"61","Casablanca","Mr CheLLo Van","Aucun texte","il y a 2 ans"
"61","Casablanca","Rabie Soulymani","Aucun texte","il y a 2 ans"
"61","Casablanca","aouateff serraj","Aucun texte","il y a 2 ans"
"61","Casablanca","badr uwu","Aucun texte","il y a 2 ans"
"61","Casablanca","Hachi si brahim","Aucun texte","il y a 3 ans"
"61","Casablanca","Azer Azer","Aucun texte","il y a 3 ans"
"61","Casablanca","Has San","Aucun texte","il y a 3 ans"
"61","Casablanca","Aichatou Mamane Chazali","Aucun texte","il y a 4 ans"
"61","Casablanca","Sekou amza Bamba","Aucun texte","il y a 4 ans"
"61","Casablanca","Khadija Slimani","Aucun texte","il y a 4 ans"
"61","Casablanca","Mohamed HARANE","Aucun texte","il y a 4 ans"
"61","Casablanca","Nabil Rahal","Aucun texte","il y a 5 ans"
"61","Casablanca","Samira Belouving","Aucun texte","il y a 5 ans"
"61","Casablanca","M E","Aucun texte","il y a 5 ans"
"61","Casablanca","nosa nonosa","Aucun texte","il y a 5 ans"
"61","Casablanca","Khaled B. Sbai","Aucun texte","il y a 6 ans"
"61","Casablanca","Stéphane Assi","Aucun texte","il y a 6 ans"
"61","Casablanca","Ayoub Ezzaki","Aucun texte","il y a 6 ans"
"61","Casablanca","belcaid Nissrine","Aucun texte","il y a 6 ans"
"61","Casablanca","Ramon Daily","Aucun texte","il y a 6 ans"
"61","Casablanca",":zakaria Oumouss","Aucun texte","il y a 6 ans"
"61","Casablanca","Booka B","Aucun texte","il y a 6 ans"
"61","Casablanca","energie de demain","Aucun texte","il y a 6 ans"
"61","Casablanca","Salib Mohamd","Aucun texte","il y a 6 ans"
"61","Casablanca","irbibane fayza","Aucun texte","il y a 6 ans"
"61","Casablanca","Abdoe Ait yaich","Aucun texte","il y a 6 ans"
"61","Casablanca","boukhssai rachid","Aucun texte","il y a 6 ans"
"61","Casablanca","Khalid Barkat","Aucun texte","il y a 6 ans"
"61","Casablanca","Boutaina Bencheikh","Aucun texte","il y a 6 ans"
"61","Casablanca","wiaam cherki","Aucun texte","il y a 6 ans"
"61","Casablanca","Kerrary Cheseddine","Aucun texte","il y a 6 ans"
"61","Casablanca","ATIK AHMED","Aucun texte","il y a 7 ans"
"61","Casablanca","fazzik mik","Aucun texte","il y a 7 ans"
"61","Casablanca","nabil mardi","Aucun texte","il y a 7 ans"
"61","Casablanca","Mustapha Cherqaoui","Aucun texte","il y a 7 ans"
"61","Casablanca","Rtg Ggh","Aucun texte","il y a 7 ans"
"61","Casablanca","Yassine Hayboub","Aucun texte","il y a 7 ans"
"61","Casablanca","wama09","Aucun texte","il y a 7 ans"
"61","Casablanca","Elmokhtar akhdouch_ المختار أخدوش","Aucun texte","il y a 7 ans"
"61","Casablanca","snackوطالب Madina","Aucun texte","il y a 9 ans"
"61","Casablanca","marouane fakir","Aucun texte","il y a 10 ans"
"62","Casablanca","ADAM BENSSI","Très mauvais service : attente interminable, équipe molle et désorganisée. On te laisse patienter sans jamais t’indiquer le temps d’attente, et en plus ils font passer certaines personnes avant les autres, sans respecter l’ordre d’arrivée. Un vrai désordre !","il y a 8 mois"
"62","Casablanca","Driss G","La connexion 4G est nulle de chez nulle, elle est stable le soir à partir de 22 h et instable toute la journée (même pas de quoi télécharger une page) à cause des entreprises qui bouffent toute la bande passante et qui laisse aux …","il y a 4 ans"
"62","Casablanca","AICHA YAZAMI","Le gars qui travaille est très lent, aucun professionnalisme","il y a un an"
"62","Casablanca","Ayat Karima","Toujours retard nul je vs conseille ps","il y a un an"
"62","Casablanca","Docteur Doc","Aucune agence à l'emplacement indiqué 🤬🤬🤬🤬 …","il y a un an"
"62","Casablanca","Intissar Ben Yedder","Pas d'agence, emplacement incorrecte","il y a un an"
"62","Casablanca","Meriem Qouti","Super service et à  l'écoute","il y a 2 ans"
"62","Casablanca","Kastor Fordado","Pas d'agence inwi seulement des villas","il y a 2 ans"
"62","Casablanca","abdel cool","Ps d’agence","il y a 2 ans"
"62","Casablanca","Najib Belasmi","a revoir","il y a 4 ans"
"62","Casablanca","Mustapha Fahmi","Bonne services","il y a 7 ans"
"62","Casablanca","Mohammed Khaldi","Mauvaise experience a chaque fois je depose une reclamation ils me disent que je dois appeler autre service . Pas d'infos utile et insuffisant pas chaises...","Modifié il y a 4 semaines"
"62","Casablanca","Ghazal Lina","Améliorons nos services : pas de réseau, pas de service, pas de réception.","il y a 2 mois"
"62","Casablanca","mstapha mahdaoui","Ces cafés sont tellement exigus, il n'y a pas de chaises, on est obligé de rester debout pendant plus d'une heure jusqu'à avoir mal aux pieds juste pour faire quelque chose, et au final, ils ne s'occupent même pas de votre demande. Zut alors !","il y a 8 mois"
"62","Casablanca","ASSOUAN ATIF","La façon dont le personnel de cette agence traite les clients est inacceptable 👎👎👎 …","il y a 8 mois"
"62","Casablanca","Mohamed Amine Sellami","Le personnel ici est sympathique","il y a 2 ans"
"62","Casablanca","Otman Naim","En dessous de la norme 👎👎👎👎 …","il y a 7 mois"
"62","Casablanca","Kamal Wydadi","L'agence est lourde","il y a 7 mois"
"62","Casablanca","achraf ait hammou","Excellent","il y a 8 ans"
"62","Casablanca","الحياة في سماء","bien","il y a 4 ans"
"62","Casablanca","هشام سعودي","Services au niveau","Modifié il y a 8 ans"
"62","Casablanca","radia drissi","Aucun texte","il y a 2 mois"
"62","Casablanca","techno logy","Aucun texte","il y a 3 mois"
"62","Casablanca","Yassine Zouhaidi","Aucun texte","il y a un an"
"62","Casablanca","Mohamed Ayman Ramzane","Aucun texte","il y a 4 ans"
"62","Casablanca","tanjaouy mehdi","Aucun texte","Modifié il y a 6 ans"
"62","Casablanca","Adil Kacemi","Aucun texte","il y a 6 ans"
"62","Casablanca","Aziz .H","Aucun texte","il y a 6 ans"
"62","Casablanca","arabe hicham","Aucun texte","il y a 7 ans"
"62","Casablanca","Ily Vlog","Aucun texte","il y a 7 ans"
"62","Casablanca","Benbakika Youssef","Aucun texte","il y a 8 ans"
"63","Casablanca","Yassine Bajdadi","Ma faire perdre 6 mois et bloquer mon numero a cause de son manque que de professionnalisme j ai fais une résiliation et il na pas laisser son cacher le le doccument .. khadma dial hargawa","il y a 2 mois"
"63","Casablanca","SAID ENNAHLI (ENNAHLI)","Meme le numero de l agence revient à une autre personne particuliere, vraiment une agence de bas niveau","il y a 2 ans"
"63","Casablanca","Jad Almaghribi","Personnel accueillant et bienveillant","il y a 7 ans"
"63","Casablanca","rahmouni elmehdi","Excellent travail","il y a 3 ans"
"63","Casablanca","Mohamed-Amine Es-sqalli","Serviable","il y a 6 ans"
"63","Casablanca","meryeme boudlal","👍 …","il y a 5 ans"
"63","Casablanca","Zineb","Service médiocre","il y a 7 ans"
"63","Casablanca","nadia anibou","Service top","Modifié il y a 6 ans"
"63","Casablanca","Chaimae Chalh","Service client absolument déplorable.

Aucune réponse satisfaisante ; puis, on vous donne un interlocuteur incompétent …","il y a 7 mois"
"63","Casablanca","Chanita mia","Même une seule étoile, c'est trop pour eux… En plus, le réseau est complètement inutile, le service client est déplorable… Ils emploient des personnes qui ne cherchent que les ennuis, qui vous insulteront et ne résoudront aucun problème… et ils vous menacent de toutes parts… Que Dieu les punisse","il y a 7 mois"
"63","Casablanca","Aquadrago 27","Étrangement, il y a toujours foule, les employés ne veulent pas travailler et se moquent bien de votre temps.","il y a un an"
"63","Casablanca","Jon Cino","Votre traitement est incomplet. Que Dieu vous punisse.","il y a un an"
"63","Casablanca","Saidi tv SA","Le pire service jamais vu","il y a 4 ans"
"63","Casablanca","رجل الالوان","en haut","il y a 5 ans"
"63","Casablanca","abdellatif saada","Aucun texte","il y a 2 semaines"
"63","Casablanca","Prof DIWAN","Aucun texte","il y a 7 mois"
"63","Casablanca","Ahmed Mallahi","Aucun texte","il y a 8 mois"
"63","Casablanca","Khalid El Mahboub","Aucun texte","il y a 9 mois"
"63","Casablanca","radouane baetoz","Aucun texte","il y a 10 mois"
"63","Casablanca","Otman Mabrouk","Aucun texte","il y a un an"
"63","Casablanca","Hicham Chait","Aucun texte","il y a un an"
"63","Casablanca","parfums ritaj","Aucun texte","il y a 2 ans"
"63","Casablanca","Spring Rabie H","Aucun texte","il y a 2 ans"
"63","Casablanca","Julien Gogniat","Aucun texte","il y a 3 ans"
"63","Casablanca","Khalid Ferdi","Aucun texte","il y a 3 ans"
"63","Casablanca","Saad new","Aucun texte","il y a 4 ans"
"63","Casablanca","Ømár ĖL HáĆhĮímī","Aucun texte","il y a 5 ans"
"63","Casablanca","امين بيروش","Aucun texte","il y a 5 ans"
"63","Casablanca","hamza zagri","Aucun texte","il y a 5 ans"
"63","Casablanca","Amine Jalidy","Aucun texte","il y a 6 ans"
"63","Casablanca","kadakhatoman","Aucun texte","il y a 6 ans"
"63","Casablanca","Travaux Service","Aucun texte","il y a 6 ans"
"63","Casablanca","Ismail Nor","Aucun texte","Modifié il y a 6 ans"
"63","Casablanca","mohamed zagri","Aucun texte","il y a 7 ans"
"63","Casablanca","H B","Aucun texte","il y a 8 ans"
"63","Casablanca","issam talal","Aucun texte","il y a 8 ans"
"64","Casablanca","Es-sahibi salah","Toujours pas de réseau por régler ses factures","il y a 3 ans"
"64","Casablanca","Saad ben omar","Magnifique","il y a un mois"
"64","Casablanca","imane alaoui","Jamais ouvert !!!!!","il y a 2 semaines"
"64","Casablanca","MED TOUR","Après avoir appelé le 220 pour résilier ma ligne, on m'a demandé de me rendre dans une boutique INWI pour signer des papiers. Je suis allé à cette boutique, j'ai attendu mon tour, et la vendeuse m'a demandé ce dont j'avais besoin. Je lui ai …","il y a 2 mois"
"64","Casablanca","Louise Weber","Aucun texte","il y a un mois"
"65","Casablanca","Jasmine Labidi","Très mauvaise agence ou un vendeur aux cheveux gris de 40-50 ans refuse de me vendre une recharge car je ne parle pas arabe. Du racisme?? Plus jamais chez Inwi, quand je viens au Maroc j’irais chez orange.","il y a 7 mois"
"65","Casablanca","mohamed massika","Cette personne qui s'occupe de cette agence est serviable , je le félicite pour son travail ...","il y a 3 ans"
"65","Casablanca","saif dazino","Mauvais accueil aucun professionnalisme
Refus de répondre au question j'étais carrément rejeté","il y a 2 ans"
"65","Casablanca","Ahmed Elbellage","Bon service","il y a 3 ans"
"65","Casablanca","Salma Demraoui","Veuillez changer le numéro de téléphone car je reçois sans cesse des appels de la même personne se faisant passer pour une agence Inwi (Idriss Elharti). Cela commence à m'inquiéter sérieusement et je vais engager des poursuites judiciaires …","il y a 2 mois"
"65","Casablanca","youssef agnaou","La pire expérience de ma vie ! Le réceptionniste était tellement désagréable que j'ai dû m'adresser à un autre organisme pour régler mon problème.","il y a 4 mois"
"65","Casablanca","Reda Mabrouki","Le pire service de tous les temps.
El peor servicio de todos.","il y a 3 ans"
"65","Casablanca","Abdelkarim Afrad","Personnel d'accueil aimable, service rapide.","il y a 3 ans"
"65","Casablanca","Ayoub Draigui","Honnêtement, c'était une bonne expérience ; l'entreprise commerciale maîtrise son métier.","il y a une semaine"
"65","Casablanca","Rachida Erradouany","Aucun texte","il y a 2 ans"
"65","Casablanca","Hamza Maouhoub","Aucun texte","il y a 2 ans"
"65","Casablanca","Maghribi Hamouda","Aucun texte","il y a 2 ans"
"65","Casablanca","fatima fqih","Aucun texte","il y a 3 ans"
"65","Casablanca","Lina Serhane","Aucun texte","il y a 3 ans"
"66","Casablanca","hamza maziane","Très belle agence, offrant un service de qualité
Bonne continuation","Modifié il y a 7 mois"
"66","Casablanca","Abdelilah Yassine","Bon service 🥰 …","il y a 8 mois"
"66","Casablanca","banouss amine","Ils se moquent des gens. Imaginez, je viens de loin et je les vois ne rien faire jusqu'à 20 heures. En marchant, je les trouve endormis. J'ai interrogé un monsieur et il m'a dit : « Ils n'ont pas le temps. Mon frère, le temps que tu leur donnes est à eux, et le temps que tu leur donnes, ils s'ennuient. » Ils se moquent des gens.","il y a 6 mois"
"66","Casablanca","OMAIMA KAMAL","Aucun texte","il y a 9 mois"
"67","Casablanca","Samia Taousse","En effet, j’ai acheté une carte SIM Inwi et je l’ai rechargée avec un montant de 200 dirhams. Cependant, après l’activation de la ligne, j’ai constaté que le solde disponible n’était que de 50 dirhams, ce qui ne correspond pas au montant …","il y a 4 mois"
"67","Casablanca","Yasmine","Boutique souvent fermée, même quand elle est annoncée comme ouverte.
Je suis passée plusieurs fois, et presque à chaque fois, c’était fermé, alors que les horaires indiquaient le contraire sur le site. Très étrange et peu fiable…","il y a 8 mois"
"67","Casablanca","ilab zak","Une grande agence, située sur un boulevard principal de la capitale en 2025, et l’agent nous dit que le système est en panne… “système taya7”
Franchement, bravo !","il y a 6 mois"
"67","Casablanca","Abdoulaye Camara","Je regrette totalement du service Inwi qui m'a volé mes 150 dhs jamais rembourser. Ils m'ont tourné de gauche à droite jusqu'à ce que j'ai laissé à Allahou.","il y a 7 mois"
"67","Casablanca","Sadik Bay","Je suis choqué! J'utilise mon numero inwi depuis longtemps lié avec mon compte bancaire, whatsapp etc.. et là dernierement j'ai souscris un abonnement chez cette agence ""yassine"" avec le même numero inwi. Quelques jours apres l'activation, …","il y a 7 mois"
"67","Casablanca","Afas Safa","L'agence INWI localisée à l'avenue Fal Ouled Amir à Agdal, Rabat est vraiment en deçà des attentes, le 21 juillet 2025 un client a demandé d'assainir sa situation suite aux erreurs commises sur son identité sur la base de données inwi, …","il y a 9 mois"
"67","Casablanca","Ilham BROUM","Je suis extrêmement déçue par la qualité du service et l'attitude du personnel. Aucun respect, aucune courtoisie, on se sent complètement ignorée. L'accueil est inexistant, et l'ensemble de l'expérience a été très désagréable. Je …","il y a un an"
"67","Casablanca","imane salouane","Agence simplement non qualifié reçu pas si Yassine qui serai le responsable*
Je viens pour rendre mon équipement idarl et récupérer mon argent suite à une résiliation mais il semblerait que vu qu'il a était pris à Agadir il doit être …","il y a 2 ans"
"67","Casablanca","Zineb Marjan","Good service. Le personnel est tres sympa","il y a un an"
"67","Casablanca","Taka Haro","Personnel peu accueillant..ne connaissent pas la signification du mot conseiller..ne respectent pas l'horaire de l'agence...","il y a 7 ans"
"67","Casablanca","Mounir","Très bonne réception et bon accueil, services et courtoisie irréprochable.","il y a 3 ans"
"67","Casablanca","Beniansou Annick Konan","L'agence inwi est très intéressante les agents courtois et accueillants . Le travail est fluide","il y a 5 ans"
"67","Casablanca","ahmed ghannami","Les conseillers de cette agence n ont aucun respect pour les clients une fois vous leurs demander un conseil ils vous répondent que le système est en panne","il y a 6 ans"
"67","Casablanca","Al-arabi Adjid","Tu peux souscrire mais tu ne pourra pas resilie","il y a 3 ans"
"67","Casablanca","Zakaria HR","Personnel insolent
Service médiocre
Agence très sale en plein crise sanitaire","il y a 5 ans"
"67","Casablanca","Asmaa El jaouhari","Le service rapide ,et les agents trop gentils","il y a 2 ans"
"67","Casablanca","Cédric Kiki-Migan","Assez simple et très efficace.
Personnel impliqué et chaleureux","il y a 7 ans"
"67","Casablanca","Adil Seddiqi","C du n'importe quoi agence qui manque de tout je leur donne zéro","Modifié il y a 6 ans"
"67","Casablanca","K SE","En plein d'agdal, elle se situe a l'avenue fal oueld omir","il y a 7 ans"
"67","Casablanca","Esso-Yodou Nadège Bidassa","Ils ont résolu mon problème, mais seulement lors de mon second passage!","il y a 6 ans"
"67","Casablanca","Mohammed Assermouh","Ne rendent pas la petite monnaie","Modifié il y a 2 ans"
"67","Casablanca","F Abdelmouktadir","Agence située sur l'avenue de fal weld amir","il y a 6 ans"
"67","Casablanca","Thierry Koyu","Pas mal l'accueil","il y a 5 ans"
"67","Casablanca","Anass Berrahmoune","Personnels très professionnels et à l'écoute.","il y a 4 ans"
"67","Casablanca","Abderrahim Lamaaizi","Service un peu lent","il y a 4 ans"
"67","Casablanca","Tayeb Layachi","Mauvais service","il y a 10 mois"
"67","Casablanca","Immo Espérance","Meilleur agence sur agdal de telecommunication","il y a 7 ans"
"67","Casablanca","Na BEN","Bon accueil","il y a un an"
"67","Casablanca","benrachid adil","Bon coin","il y a 7 ans"
"67","Casablanca","Amine Benhaddou","Très bon service","il y a 6 ans"
"67","Casablanca","Mohamed Traoré","Pas bien","il y a 6 ans"
"67","Casablanca","Yousra Belhimer","Mauvais service","il y a 11 mois"
"67","Casablanca","BENZINA AMINE","Tous les operations inwi","il y a 2 ans"
"67","Casablanca","Taha Taalibi","Personnel irrespectueux","il y a 4 ans"
"67","Casablanca","h al","Grrr service grrr","il y a 6 ans"
"67","Casablanca","Lamiae Lamiae (“Lam”)","Bien","il y a 7 ans"
"67","Casablanca","Kibalo Alain Kabissa","Accueil intéressant","il y a 4 ans"
"67","Casablanca","Omar Jrairi","Opérateur téléphonique.","il y a 6 ans"
"67","Casablanca","Iris Lava","Manque de personnel","il y a 6 ans"
"67","Casablanca","HAMID MANAR","Inwi Agdal","il y a 6 ans"
"67","Casablanca","Med Az","Agence inwi,","il y a 6 ans"
"67","Casablanca","akissat lyoutoub","Tres mauvaise expérience avec la commerciale à la caise, mauvais accueil et aucune considération pour les clients😡 …","il y a un jour"
"67","Casablanca","Maram Nedal","Ces employés sont extrêmement irrespectueux ; ils refusent d’assurer le service simplement parce qu’ils n’ont pas envie de travailler. Ils sont d’une paresse incroyable. Lorsque j’ai appelé l’entreprise pour les en informer, alors que je …","il y a 4 mois"
"67","Casablanca","Zohra Cosima","Ici, personne ne travaille. Ils discutent avec leurs copines en appel vidéo… C’est la deuxième fois que je viens et que je ne reçois ni soutien ni aide…","il y a un an"
"67","Casablanca","Yassine Y","Attention ! Le personnel de cet établissement peut vous escroquer en vous proposant un service onéreux au lieu de celui que vous souhaitez, ou en vous fournissant des informations insuffisantes. Je le déconseille fortement. Le personnel d'INWI OP manque cruellement de respect envers ses clients.","il y a 4 ans"
"67","Casablanca","ابو راشد","Je recommande de faire affaire avec lui.","il y a 4 ans"
"67","Casablanca","Issam Elimrany","Personnel respectable","il y a 5 ans"
"67","Casablanca","abdelmajid said","Bon service 👍 …","il y a 5 ans"
"67","Casablanca","Youssef Mekkaoui","Très confortable","il y a 5 ans"
"67","Casablanca","angel of death","Excellent travail","il y a 5 ans"
"67","Casablanca","mohamed sadiki","Bon service","il y a 5 ans"
"67","Casablanca","Lynda AKISZMA","Aucun texte","il y a 6 mois"
"67","Casablanca","محمد الكبيسي","Aucun texte","il y a 9 mois"
"67","Casablanca","Mohamed El idrissi","Aucun texte","il y a un an"
"67","Casablanca","elomari mustapha","Aucun texte","il y a 2 ans"
"67","Casablanca","Abdellah belaoui","Aucun texte","il y a 2 ans"
"67","Casablanca","Chaimaa Benyachrak","Aucun texte","il y a 3 ans"
"67","Casablanca","Madiha El asri","Aucun texte","il y a 3 ans"
"67","Casablanca","Yasmine Tarhda","Aucun texte","il y a 3 ans"
"67","Casablanca","Oumaima Elochi","Aucun texte","il y a 4 ans"
"67","Casablanca","berrad brahim *SMAB*","Aucun texte","il y a 4 ans"
"67","Casablanca","othmane Essemmar","Aucun texte","il y a 4 ans"
"67","Casablanca","Omar Elaissaoui","Aucun texte","il y a 4 ans"
"67","Casablanca","Rida Khouchouâ","Aucun texte","il y a 4 ans"
"67","Casablanca","Sami Ktiri","Aucun texte","il y a 4 ans"
"67","Casablanca","Salma Kara","Aucun texte","il y a 5 ans"
"67","Casablanca","mohamed boukechod","Aucun texte","il y a 5 ans"
"67","Casablanca","chaimae Mahmou","Aucun texte","il y a 5 ans"
"67","Casablanca","Noureddine Louridi","Aucun texte","il y a 5 ans"
"67","Casablanca","KENZA BASSIS","Aucun texte","il y a 5 ans"
"67","Casablanca","younes benabdelhadi","Aucun texte","il y a 5 ans"
"67","Casablanca","rodolfo Morales","Aucun texte","il y a 6 ans"
"67","Casablanca","Mourad C","Aucun texte","il y a 6 ans"
"67","Casablanca","M. A. SB","Aucun texte","il y a 6 ans"
"67","Casablanca","Yassine BENBAKHTA","Aucun texte","il y a 6 ans"
"67","Casablanca","Abdeliz Arteaga","Aucun texte","il y a 6 ans"
"67","Casablanca","Immo Ben","Aucun texte","il y a 6 ans"
"67","Casablanca","Haddi Zkn","Aucun texte","il y a 6 ans"
"67","Casablanca","idrissa coulibaly","Aucun texte","il y a 6 ans"
"67","Casablanca","ABUBAKR HAMEED","Aucun texte","il y a 6 ans"
"67","Casablanca","زياد احمد","Aucun texte","il y a 6 ans"
"67","Casablanca","Abdelillah Saih","Aucun texte","il y a 6 ans"
"67","Casablanca","Laila Dinar","Aucun texte","il y a 6 ans"
"67","Casablanca","Asta ADIA","Aucun texte","il y a 6 ans"
"67","Casablanca","Redouane Ezzine","Aucun texte","il y a 6 ans"
"67","Casablanca","Chaoubi el hassan","Aucun texte","il y a 6 ans"
"67","Casablanca","ولاد بلاد Fils d'une patrie","Aucun texte","il y a 6 ans"
"67","Casablanca","simohamed elilam","Aucun texte","il y a 6 ans"
"67","Casablanca","Amine Ait Oulahyane","Aucun texte","il y a 6 ans"
"67","Casablanca","Ahmed Ait azza","Aucun texte","il y a 6 ans"
"67","Casablanca","BENYAHIA ADIL","Aucun texte","il y a 6 ans"
"67","Casablanca","Farid","Aucun texte","il y a 6 ans"
"67","Casablanca","Bouba Pappeo (PappeO)","Aucun texte","il y a 6 ans"
"67","Casablanca","Hajar Mdn","Aucun texte","il y a 6 ans"
"67","Casablanca","Hamza Drissi","Aucun texte","il y a 6 ans"
"67","Casablanca","othman lahhab","Aucun texte","il y a 6 ans"
"67","Casablanca","Chardoudi Mohamed","Aucun texte","il y a 6 ans"
"67","Casablanca","mohamed alaghdaf cheikh malainine","Aucun texte","il y a 6 ans"
"67","Casablanca","Jamal Bouhati","Aucun texte","il y a 6 ans"
"67","Casablanca","z El mimouni","Aucun texte","il y a 6 ans"
"67","Casablanca","Zidane Ouajji","Aucun texte","il y a 6 ans"
"67","Casablanca","Bassma Aggour","Aucun texte","il y a 6 ans"
"67","Casablanca","EL MATAOUT NOUR-EDDINE","Aucun texte","il y a 7 ans"
"67","Casablanca","Rabi EL ABID AMRANI","Aucun texte","il y a 7 ans"
"67","Casablanca","mohamed kallat","Aucun texte","il y a 7 ans"
"67","Casablanca","Mohamed Khalifa BOUTAHIR","Aucun texte","il y a 7 ans"
"67","Casablanca","bekko youssef","Aucun texte","il y a 7 ans"
"67","Casablanca","Nidal DARDAKH","Aucun texte","il y a 7 ans"
"67","Casablanca","Yassine Bhf","Aucun texte","il y a 7 ans"
"67","Casablanca","nabil tritki","Aucun texte","il y a 7 ans"
"67","Casablanca","ibrahim jirari","Aucun texte","il y a 7 ans"
"67","Casablanca","Pierre-Alain BOUMAH","Aucun texte","il y a 7 ans"
"67","Casablanca","Asmaa AMNAY","Aucun texte","il y a 7 ans"
"67","Casablanca","chaymaa bentaieb","Aucun texte","il y a 7 ans"
"67","Casablanca","Siham Jbilou","Aucun texte","il y a 7 ans"
"67","Casablanca","Radi Ibra","Aucun texte","il y a 7 ans"
"67","Casablanca","Alioum S.","Aucun texte","Modifié il y a 7 ans"
"67","Casablanca","BRINSI HAMZA","Aucun texte","il y a 7 ans"
"67","Casablanca","Badr Best","Aucun texte","il y a 7 ans"
"67","Casablanca","Jalal Bensouda","Aucun texte","il y a 7 ans"
"67","Casablanca","salah-eddine adel","Aucun texte","il y a 7 ans"
"67","Casablanca","Aziz Ellasbi","Aucun texte","il y a 7 ans"
"67","Casablanca","la vie est belle Samia","Aucun texte","il y a 7 ans"
"67","Casablanca","MOUHDI Abderrahmane","Aucun texte","il y a 7 ans"
"67","Casablanca","anas bendahou","Aucun texte","il y a 7 ans"
"67","Casablanca","Abarouch Larbi","Aucun texte","il y a 7 ans"
"67","Casablanca","khaled omar","Aucun texte","il y a 7 ans"
"67","Casablanca","Abdulrahman Althubaiti","Aucun texte","il y a 7 ans"
"67","Casablanca","BaHafid Boyknar","Aucun texte","il y a 7 ans"
"67","Casablanca","Ikram Znati","Aucun texte","il y a 8 ans"
"68","Casablanca","Like Bleue","Inwi money mon porte monnaie opération magnifique gagné du temps éviter laque","il y a 5 ans"
"68","Casablanca","ILYASS PHONE","👍 …","il y a 7 mois"
"68","Casablanca","BOUHILAL KAOUTAR","Aucun texte","il y a 3 ans"
"68","Casablanca","KAMAL OUHIZZOU","Aucun texte","il y a 4 ans"
"68","Casablanca","محمد زيراب","Aucun texte","il y a 5 ans"
"68","Casablanca","Abdelkrim Haj Mohamed","Aucun texte","il y a 5 ans"
"68","Casablanca","Zoubir Lmiri","Aucun texte","il y a 5 ans"
"68","Casablanca","Mohamed Elkassimi","Aucun texte","il y a 5 ans"
"68","Casablanca","Mountadem Omar","Aucun texte","il y a 6 ans"
"68","Casablanca","omar aguerab","Aucun texte","il y a 6 ans"
"68","Casablanca","Safaa es-sarhir","Aucun texte","il y a 6 ans"
"69","Casablanca","Reda","DES VOLEURS!

Lors du règlement de la facture de janvier, j'ai constaté que la facture de …","il y a 2 mois"
"69","Casablanca","abdellatif ACHADMI","Les horaires affichés sur site ne sont pas respectés","il y a 7 mois"
"69","Casablanca","anasse hr","I faut respecter l'heure d'ouverture s.t.p","il y a 8 mois"
"69","Casablanca","Hiba Sbai","Les horaires affichés sur site ne sont pas respectés","il y a 2 ans"
"69","Casablanca","Younes Assouak","Bonne service et bonne travail","il y a 9 mois"
"69","Casablanca","aziz berraho","En face Gare routière","il y a 6 ans"
"69","Casablanca","said moha","Agence Inwi","il y a 2 ans"
"69","Casablanca","Abdul Rabatiano","Aucun texte","il y a un an"
"69","Casablanca","ZAETONA El MANSOURI","Aucun texte","il y a un an"
"69","Casablanca","Uwu Zaynab","Aucun texte","il y a un an"
"69","Casablanca","Zouhair (“Wazeur”)","Aucun texte","il y a 3 ans"
"69","Casablanca","Dounia Bennous","Aucun texte","il y a 4 ans"
"69","Casablanca","Oumkaltoum Sassi","Aucun texte","il y a 4 ans"
"69","Casablanca","Abdellah Mabshour","Aucun texte","il y a 4 ans"
"69","Casablanca","Nilioui Taha","Aucun texte","il y a 7 ans"
"69","Casablanca","Rachid Ajaidi","Aucun texte","il y a 7 ans"
"70","Casablanca","Youssef Greenoi","Équipe fiable est très professionnel","il y a 3 mois"
"70","Casablanca","Zakaria Erd","Bon service 👍🏻 …","il y a un an"
"70","Casablanca","A M","Aucun texte","il y a 10 mois"
"70","Casablanca","hamza maziane","Aucun texte","il y a un an"
"70","Casablanca","Aya Chanaa","Aucun texte","il y a un an"
"70","Casablanca","youssef power","Aucun texte","il y a un an"
"71","Casablanca","Maryem Hou","Expérience nul avec cette agence . Les agents sont peu professionnels et pas du tout serviable sauf une ils connaissent juste le mot « معدنا منديرو ليك » sachant que j’ai une contra avec eux-mêmes et inscrit depuis un ans. J'ai attendu plus …","il y a un mois"
"71","Casablanca","Pascal la dalle","Accueil moyen je recommande pas","il y a 6 mois"
"71","Casablanca","Kamal Assila","Le comportement d’agent dans l’accueil. Non respectueuse, et traiter les clients avec arrogance.","il y a 11 mois"
"71","Casablanca","Нина Смирнова","J'aimerais bien raconter comment le fournisseur de services INWI a volé mon argent. …","il y a 4 ans"
"71","Casablanca","aziz hotelier","Je suis allé pour inscrire un abonnement pour la fibre obtique et j'étais déçu.
On m'a dit que le service n'est pas disponible à al mansouria où j'habite.
Vraiment je suis désolé pour la pub qu'on a fait. …","il y a 4 ans"
"71","Casablanca","anass-omar bougueddach","Équipe perdu... cherche tjrs a te facturer des trucs dont tu en a pas besoin... j'ai pas du tous aimé","il y a 6 ans"
"71","Casablanca","Sami Azzour","service nul avec des numeros de services qui ne fonctionne pas. vous faite honte a INWI","il y a 5 ans"
"71","Casablanca","Rox Youssef","Toujours des retard pour payé une facture","il y a 8 ans"
"71","Casablanca","Mohamed Akamhi","Accueil avec sourire garanti.","il y a 7 ans"
"71","Casablanca","abdellatif dazzaze","Pas beaucoup de produit","il y a 6 ans"
"71","Casablanca","HALIMA KOURIMI","Excellent service","Modifié il y a 4 ans"
"71","Casablanca","El Mehdi Ziani","Personnel incompétent","il y a 3 ans"
"71","Casablanca","Nono Nono","Agence inwi pratique","il y a 2 ans"
"71","Casablanca","Oumaima Laaroussi","La transaction est nulle dès qu'ils commencent à travailler pour eux.","il y a 4 mois"
"71","Casablanca","khawla Samoudi","Nuuuuul bnadem mafahm walou w mkhadminou makyt3amlouch mzyan","il y a 3 ans"
"71","Casablanca","Said","Les services sont si mauvais","il y a 3 ans"
"71","Casablanca","دكتور. سلطان بن عوض دريع","bien","il y a 2 ans"
"71","Casablanca","cuisine roukaya","Aucun texte","il y a 2 jours"
"71","Casablanca","مجيد السايح","Aucun texte","il y a 3 mois"
"71","Casablanca","mohamed souib","Aucun texte","il y a 6 mois"
"71","Casablanca","Simo Ilyoubi","Aucun texte","il y a un an"
"71","Casablanca","Soufiane Ait-Moulay","Aucun texte","il y a un an"
"71","Casablanca","rafiq fares","Aucun texte","il y a un an"
"71","Casablanca","Ahmed Moussaoui","Aucun texte","il y a un an"
"71","Casablanca","تراويح","Aucun texte","il y a 2 ans"
"71","Casablanca","Space Cadet","Aucun texte","il y a 2 ans"
"71","Casablanca","Zaineb MOUSSALI","Aucun texte","il y a 3 ans"
"71","Casablanca","Ertan ONER","Aucun texte","il y a 3 ans"
"71","Casablanca","Abdelwahed Ouassi","Aucun texte","il y a 3 ans"
"71","Casablanca","zaki mohamade","Aucun texte","il y a 4 ans"
"71","Casablanca","Omar BELAQZIZ","Aucun texte","il y a 4 ans"
"71","Casablanca","Youssef Bahri","Aucun texte","il y a 4 ans"
"71","Casablanca","Mohamed AZARQAN","Aucun texte","il y a 4 ans"
"71","Casablanca","Banoury Mehdi","Aucun texte","il y a 4 ans"
"71","Casablanca","Smail Haddad","Aucun texte","il y a 4 ans"
"71","Casablanca","Baghlal Said","Aucun texte","il y a 5 ans"
"71","Casablanca","Abdelatif Ouakrim","Aucun texte","il y a 5 ans"
"71","Casablanca","Ilias Ahardane","Aucun texte","il y a 6 ans"
"71","Casablanca","Imad Elhakik","Aucun texte","il y a 6 ans"
"71","Casablanca","Ala","Aucun texte","il y a 6 ans"
"71","Casablanca","EL HODALY Zouhair","Aucun texte","il y a 6 ans"
"71","Casablanca","Mohamed Kara","Aucun texte","il y a 7 ans"
"71","Casablanca","Badr Amir Mohamed","Aucun texte","il y a 8 ans"
"72","Casablanca","Adam Saïd","Aucun texte","il y a 2 ans"
"72","Casablanca","soukaina nafia","Aucun texte","il y a 7 ans"
"73","Casablanca","Simo AeF","Excellent service de Mlle Yousra ! Très efficace, et professionnelle","il y a 2 mois"
"73","Casablanca","David Hatch","Très bon magasin Inwi. Le service était exceptionnel. Mohammed, le vendeur, s'est vraiment mis en quatre pour m'aider. Dans d'autres magasins Inwi, on se contente rarement d'offrir un service, mais Mohammed était vraiment très serviable dans celui-ci.","il y a 2 semaines"
"73","Casablanca","Pain Nagato","Aucun texte","il y a 8 mois"
"74","Casablanca","حمد الدوسري","Aucun texte","il y a 4 mois"
"74","Casablanca","قناة إسلامية","Aucun texte","il y a un an"
"75","Casablanca","Farid Fa","Aucun texte","il y a 2 semaines"
"76","Casablanca","elmahdi rabya","👌👌👌👌 …","il y a un mois"
"76","Casablanca","Meriem Ech chaali","Aucun texte","il y a 8 mois"
"77","Casablanca","Wolfgang Schuster","Super centre commercial !","il y a 6 mois"
"77","Casablanca","Blal Cloud","Aucun texte","il y a 7 mois"
"78","Casablanca","BENALI CHAKIB","Bien","il y a 6 ans"
"78","Casablanca","Sabhaoui Abderrahim (Moi uniquement)","Non freconter","il y a un an"
"78","Casablanca","Hamza Salim","Endroit agréable","il y a 8 ans"
"78","Casablanca","salma abde najim","Aucun texte","il y a 7 mois"
"78","Casablanca","Oussama Zhar","Aucun texte","il y a 3 ans"
"78","Casablanca","Youness Chamakh","Aucun texte","il y a 4 ans"
"78","Casablanca","The most Beautiful cities","Aucun texte","il y a 6 ans"
"78","Casablanca","Hossam 12","Aucun texte","il y a 7 ans"
"78","Casablanca","Meryme Hanine","Aucun texte","il y a 7 ans"
"78","Casablanca","Nassim Alaoui","Aucun texte","il y a 8 ans"
"78","Casablanca","Abdelkrim BENCHEWA","Aucun texte","il y a 8 ans"
"79","Casablanca","abdellatif Mouma","Nul. Ma connexion fibre inwi est coupé depuis presque deux mois et personne pour faire le nécessaire. Malgré que j'ai fait des réclamations téléphoniques et réglé toutes mes factures. Maintenant je change d'opérateur","il y a 3 mois"
"79","Casablanca","Iltizam El Fersioui","Pire agence du monde! Absence total du sens du service, incompétence, et fainéantise.
Quand je parle de ‘l’agence’, c’est plus une seule personne, qui traite les …","il y a 7 mois"
"79","Casablanca","Zakia Haddouch","C'est la première fois que je regrette que le système de notation Google ne comporte pas zéro étoile, zéro ou moins étant la note amplement méritée par le service nullisime de cette agence. Dire que la nana, qui affirme être la seule …","il y a 7 mois"
"79","Casablanca","Marwan Miro","Service null 👎
Accueil Null
Dommage …","il y a 3 mois"
"79","Casablanca","LAMIA El arabi","Ne souscrivez jamais la fibre , risque de signer un contrat et ne jamais l avoir car il prenne la ligne de ittisalat al magrib et cette dernière leur refuse et vou vous retrouverais avec un contrat (refus d annulation) et pas d internet , le service est médiocre .","Modifié il y a 6 mois"
"79","Casablanca","Kenza Raddaoui","Merci infiniment à Abderrahim et Hicham c'est les seuls qui ont compris mon problème et qui m'ont aidé efficacement","il y a 6 mois"
"79","Casablanca","Latifa Benyakhlef","C'est une agence où les employés pensent qu'ils sont là pour bloquer les clients pour tout et n'importe quoi. Leur spécialité c'est dire non à tout. Ils ont même refusé mon RIB disant que ce n'était pas l'original 😅. …","il y a un an"
"79","Casablanca","Amine Fariss","Un des pires services à la clientèle jamais vu, si ce n'est pas le pire !

J'arrive à l'aéroport CMN, je prends une carte SIM inwi et je paye 200 dhs pour …","Modifié il y a un an"
"79","Casablanca","Nouha Guedira","Service clientel médiocre ! on ne prend aucune responsabilité envers les faille de leurs system applicatif. Il ya 2 ans que je paye mes factures en temps ,et puis le jours ou leurs application ne fonctionnait pas corrêctement on me bloque …","il y a 2 ans"
"79","Casablanca","R Marie Alaoui","Personnels non professionnels .service zero zero zero ..et il ne rende pas la monnaie si vous devez payer des facture porté la monnaie avec vous ...oooff typique attitude du personne qui souffre du ""  monfoutisme ""car il n  y a pas de contrôle qualité services","il y a un an"
"79","Casablanca","Ikram Bouzaidi","Très mauvaise expérience, à cause du personnel (les trois Monsieurs), irrespectueux grossiers et incompétents, ils ne savent traiter ni les clients ni leurs requêtes (une demande qui pour eux était impossible, à été résolu ailleurs sans …","il y a 2 ans"
"79","Casablanca","Hicham D","L'agence Inwi est une agence de fournisseur d'internet qui offre des services à ses clients avec un personnel serviable et gentil. Ces agents travaillent pour assurer un soutien et une expérience client satisfaisante. …","il y a 2 ans"
"79","Casablanca","Tarik Chemlal","Agence toxique, personnel très désagréable et donne envie de résilier le plus vite possible...","il y a 11 mois"
"79","Casablanca","Laila Elmajdi","Service catastrophique. Pour échanger les points fidélités en téléphone,  ils me  font aller et venir pas moins de 5 fois sous prétexte qu'ils ont les appareils mais non encore référencé sur le système. SÉRIEUX.  Pour échanger la puce qui …","il y a 6 ans"
"79","Casablanca","Radi Anas","Mauvais service 2 semaines d’attente pour l’Esim, nous avons visité toutes les agences inwi en rabat et à sale, déçus de passer de Orange à Inwi …","il y a 2 ans"
"79","Casablanca","Yanis Yanis","un simple  transfert de ligne adsl a pris 15 jours,et après plusieurs va et viens on me dit qu'il n y a aucune demande visible sur le système,et on accepte ma demande d annulation sans le moindre effort pour me retenir en tant que client, …","il y a 4 ans"
"79","Casablanca","El Mehdi Labied","Très mauvaise expérience, à cause du personnel. Escrocs et incompétents. Malheureusement, cette agence donne une mauvaise réputation à l'entreprise.","il y a un an"
"79","Casablanca","somaya el kachari","Service médiocre, le personnel n'a aucune réponse aux réclamations des clients, la seule solution selon eux est d'appeler le centre d'appel.
Ils ne savent même pas expliquer le détail de calcul d'une facture.","il y a 2 ans"
"79","Casablanca","GROUPE FmrFactory","Probleme debit sur idar duo depuis 3 mois. Ils m'ont changé la puce, resultat plus rien ne fonctionne. Obligé d'y retourner le lendemain pour qu'on me dise que leurs puces ne fonctionnent pas et qu'il faut aller dans un autre point de vente sans me preciser que celui-ci n'ouvrait que dans 1h30. Soit à 16h30...","il y a 6 ans"
"79","Casablanca","amine rmiss","Mauvaise experience a cause du personnel le gar qui travaille ici le soir n'est pas bien éduqué, s'en fous pas mal des gens, il m'a renvoyer en me disant que pma demande etais impossible a traiter et d'une façon malsaine, je suis partis a lagence margane la femme me la traiter aucun soucis avec gentillesse.","il y a 2 ans"
"79","Casablanca","Zakaria Ardouz","Bonne experience pour l’achat d’une box 4g . C’etait vide le samedi matin","il y a un an"
"79","Casablanca","rime el fassi","En terme de compétence du personnel chez inwi c est les meilleurs. Mais il est dommage  qu il n y ai qu une seule personne qui s occupe des contrats. …","il y a 6 ans"
"79","Casablanca","SAID CHTIR","Personnel accueillant
Top","il y a 7 mois"
"79","Casablanca","Mohammed Bouzoubaa","Le personnel est gentil et serviable.","il y a un an"
"79","Casablanca","EL ALAOUI LALLA HALIMA","Agence de téléphone mobile de la société Inwi à Hay Ryad.
Bel emplacement. Bien fréquentée.","il y a 2 ans"
"79","Casablanca","Mohamed Aitbella","service commercial entreprise catastrophique l'agent n'a pas activé mon service, j'ai payé et remis tous les documents nécessaires, après 17 jours il répond pas a mes appels","il y a 4 ans"
"79","Casablanca","Bilal TAGHDOUTI","Très très très mauvaise service je vous le recommande pas.","il y a 2 ans"
"79","Casablanca","Team Control Brésilien Jiu-Jitsu","Hyper lent même pour deux clients qui attendent","il y a 2 ans"
"79","Casablanca","Anas Cherkaoui","Agence top, personnel très serviable. Je recommande","il y a 3 ans"
"79","Casablanca","Nayadji","Agence désertique ..des articles ...sur l'avenue principale de la capitale
Non mais sérieux..?!!! Va falloir s'améliorer en 2050","il y a 6 ans"
"79","Casablanca","KHATWA PARTNERS (EL OUARZAZI)","service très lent, mauvais accueil","il y a 4 ans"
"79","Casablanca","Pierre B.","Service catastrophique, à  fuir","il y a un an"
"79","Casablanca","Hamza Chiboub","Service nul","il y a 9 mois"
"79","Casablanca","ouardi abdelmajid","C lent ne sont pas expéditifs","il y a 5 ans"
"79","Casablanca","Ali Bouzndag","Très bon magasin","il y a 8 ans"
"79","Casablanca","Faiçal BOUTI","Un bon point Inwi, bien situé !!","il y a 8 ans"
"79","Casablanca","AMBS Gams","Il ne répond pas 🤬 …","il y a un an"
"79","Casablanca","Abdelaziz Benrahal","Bel parcours pour se rincer les yeux","il y a 6 ans"
"79","Casablanca","Ali Bouhayat","Très bien 9/10","il y a 5 ans"
"79","Casablanca","imane sghiar","Très bon service","il y a 3 ans"
"79","Casablanca","issam achik","Un espace pour paiement des factures","il y a 7 ans"
"79","Casablanca","mixox","Pue la khra","il y a un an"
"79","Casablanca","Rachid ABOUELKHAWATIM","Pas mal","il y a 6 ans"
"79","Casablanca","Rabab Boudad","Bonne agence inwi","il y a 2 ans"
"79","Casablanca","Mohamed El mrabet","Empathie, serviabilité et écoute","il y a 4 ans"
"79","Casablanca","almadkouri nouh","Une grande lenteur","il y a 5 ans"
"79","Casablanca","Aziz El Hezmir","Esim indisponible","il y a 2 ans"
"79","Casablanca","Lumia Kr","Un bon accueil 👍 …","il y a 3 ans"
"79","Casablanca","Ouladcheikh Abderrazzak","Mauvais service","il y a 2 ans"
"79","Casablanca","Lila lali","Personnel désagreable","il y a 7 ans"
"79","Casablanca","Mustapha Benzaid","Satisfait","il y a 2 ans"
"79","Casablanca","riad ouadni","Service clients nulle","Modifié il y a 4 ans"
"79","Casablanca","yassine chifaa","Service à améliorer !","il y a 4 ans"
"79","Casablanca","Oussama Elharrak","Service nul","il y a 3 ans"
"79","Casablanca","Bien Art","Parfait","il y a 6 ans"
"79","Casablanca","Bajji Mohamed","Au service","il y a 4 ans"
"79","Casablanca","fatiz fa","Mauvais service","il y a 3 ans"
"79","Casablanca","Mohammed Rouani","Je suis très déçu de mon expérience. J'ai attendu plus de 45 minutes et personne ne s'est occupé de moi. L'employé était constamment au téléphone et n'a aucun respect","il y a une semaine"
"79","Casablanca","Zakaria Jaafari","Les pires agences du Maroc. Utilisateurs paresseux.","il y a 7 mois"
"79","Casablanca","Mustapha Benouahmane","Le service était bon, le conseiller accueillant, et le responsable également flexible et serviable. …","il y a 3 ans"
"79","Casablanca","محمد الكبيسي","Service médiocre, retards pour le client et connaissances insuffisantes des services.","il y a 9 mois"
"79","Casablanca","Flow","Lors du partage de l'âge, la couleur du téléphone orange de 7 ans est livrée avec la même fibre ou hiya m9tou3a 3 extrémités ou le fait réel du téléphone, puis les 3 jours suivants iyet koulla ou l'âge de la mère, l'âge de la mère, 9ch …","il y a 3 ans"
"79","Casablanca","Mido Madi","Le pire service client jamais vu : un seul agent desservant toute une zone, ce qui a entraîné des embouteillages dans l'agence en pleine pandémie de COVID-19. C'est de la folie, d'où viennent les ministres de la Santé de ce pays ?","il y a 4 ans"
"79","Casablanca","Hassan Konaté","Service client vraiment mauvais... Malheureusement, une étoile est la note la plus basse que je puisse donner","Modifié il y a 5 ans"
"79","Casablanca","Wiam WIAM","Des arnaqueurs ! Une longue description sera rédigée.","il y a 4 ans"
"79","Casablanca","Brave Heart","Ils ne répondent pas au téléphone","il y a 8 ans"
"79","Casablanca","Derek Giroulle","Service rapide sans attente","Modifié il y a 3 ans"
"79","Casablanca","chakir zenfouh","Utilisateurs de l'agence, catastrophe !!!!","il y a 5 ans"
"79","Casablanca","Zakaria Meziane","Service amical","il y a un an"
"79","Casablanca","El Mehdi El Idrissi","Service médiocre","il y a 3 ans"
"79","Casablanca","Redouane Benhassou","Si Youssef est un homme bien","il y a 5 ans"
"79","Casablanca","جعفر أبو يوسف","Services au niveau","il y a 7 ans"
"79","Casablanca","ilyass","nul","il y a 6 ans"
"79","Casablanca","Antoine Gomis","Cool","il y a 5 ans"
"79","Casablanca","Rachad EL ASRI","Des gens bien","il y a 6 ans"
"79","Casablanca","Abdellah Chibani","Mauvais service","il y a 6 ans"
"79","Casablanca","Anny karoliny Leite","Pourquoi ce numéro de téléphone ne fonctionne-t-il pas ???","il y a une semaine"
"79","Casablanca","MOUAD ERRMILI","Je voulais récupérer mon numéro chez Inwi, et le vendeur m'a dit que je devais l'échanger contre un forfait à 100 dirhams, alors que je ne voulais que celui à 50 dirhams. Il a prétendu que ce n'était pas possible, et je n'y comprenais rien. …","il y a un mois"
"79","Casablanca","Tahra Mouh","Aucun texte","il y a 4 mois"
"79","Casablanca","Oussir Driss","Aucun texte","il y a 4 mois"
"79","Casablanca","Abdeslam Amar","Aucun texte","il y a 5 mois"
"79","Casablanca","Hamid","Aucun texte","il y a 5 mois"
"79","Casablanca","AMAL B","Aucun texte","il y a 8 mois"
"79","Casablanca","Chihab Amine","Aucun texte","il y a 8 mois"
"79","Casablanca","abdou Menzeh","Aucun texte","il y a 8 mois"
"79","Casablanca","caocao driss","Aucun texte","il y a 9 mois"
"79","Casablanca","amine sallahi","Aucun texte","il y a 10 mois"
"79","Casablanca","Adam Sentissi","Aucun texte","il y a 11 mois"
"79","Casablanca","Ilias Bounia","Aucun texte","il y a un an"
"79","Casablanca","el jihad Ahmed","Aucun texte","il y a 2 ans"
"79","Casablanca","Fatima Elalaoui","Aucun texte","il y a 2 ans"
"79","Casablanca","Myriam Zahra Semmeq","Aucun texte","Modifié il y a 2 ans"
"79","Casablanca","Abid .M","Aucun texte","il y a 2 ans"
"79","Casablanca","Hayat Harnuti","Aucun texte","il y a 3 ans"
"79","Casablanca","Soukaina el maimouni","Aucun texte","il y a 3 ans"
"79","Casablanca","LAHCEN LAKHDAR","Aucun texte","il y a 3 ans"
"79","Casablanca","Mooh Cine","Aucun texte","il y a 3 ans"
"79","Casablanca","EL MEHDI EL JAOUHARI","Aucun texte","il y a 4 ans"
"79","Casablanca","Moataz Mohammed","Aucun texte","il y a 4 ans"
"79","Casablanca","Time Capsule","Aucun texte","il y a 4 ans"
"79","Casablanca","kamel Gaanoun","Aucun texte","il y a 4 ans"
"79","Casablanca","Mehdi Ze","Aucun texte","il y a 4 ans"
"79","Casablanca","Monssef ZIDANE","Aucun texte","il y a 4 ans"
"79","Casablanca","Houcine el abiri","Aucun texte","il y a 4 ans"
"79","Casablanca","Abderrahim Cotebeaute","Aucun texte","il y a 5 ans"
"79","Casablanca","Abdelali Renbi","Aucun texte","il y a 5 ans"
"79","Casablanca","G","Aucun texte","il y a 5 ans"
"79","Casablanca","Halidou Sabiou","Aucun texte","il y a 5 ans"
"79","Casablanca","Rakonda THE ORIGIᴻAL","Aucun texte","il y a 5 ans"
"79","Casablanca","Rayan 1","Aucun texte","il y a 5 ans"
"79","Casablanca","H Zemmouri","Aucun texte","il y a 5 ans"
"79","Casablanca","Lel Ya","Aucun texte","il y a 5 ans"
"79","Casablanca","c mehdi","Aucun texte","il y a 5 ans"
"79","Casablanca","El Ayoubi Omar","Aucun texte","il y a 5 ans"
"79","Casablanca","Rhita El Alaoui","Aucun texte","il y a 5 ans"
"79","Casablanca","Houda Cherkaoui","Aucun texte","il y a 5 ans"
"79","Casablanca","sniny abdelouahed","Aucun texte","il y a 6 ans"
"79","Casablanca","Mahmoud Mami","Aucun texte","il y a 6 ans"
"79","Casablanca","Mouad H.","Aucun texte","il y a 6 ans"
"79","Casablanca","Ali Saif-Eddine","Aucun texte","il y a 6 ans"
"79","Casablanca","Lizelle Potgieter","Aucun texte","il y a 6 ans"
"79","Casablanca","Lu Wi","Aucun texte","il y a 6 ans"
"79","Casablanca","FAICAL SEGUIRI","Aucun texte","il y a 6 ans"
"79","Casablanca","BOUHMOUCH RACHID","Aucun texte","il y a 6 ans"
"79","Casablanca","Fahd Arssalan","Aucun texte","il y a 6 ans"
"79","Casablanca","Med Az","Aucun texte","il y a 6 ans"
"79","Casablanca","Hassan Siraj","Aucun texte","il y a 6 ans"
"79","Casablanca","Rachid Khouch","Aucun texte","il y a 6 ans"
"79","Casablanca","soufiane EL Rhaouas","Aucun texte","il y a 6 ans"
"79","Casablanca","Mohamed Baali","Aucun texte","il y a 6 ans"
"79","Casablanca","Yasmina Bou","Aucun texte","il y a 6 ans"
"79","Casablanca","maha jerish","Aucun texte","il y a 6 ans"
"79","Casablanca","Kaz daoui","Aucun texte","il y a 6 ans"
"79","Casablanca","Noum Z","Aucun texte","il y a 6 ans"
"79","Casablanca","M G","Aucun texte","il y a 6 ans"
"79","Casablanca","Mohamed Bhairis","Aucun texte","il y a 6 ans"
"79","Casablanca","Fatima Zahra Alaoui","Aucun texte","il y a 6 ans"
"79","Casablanca","BM Réda","Aucun texte","il y a 7 ans"
"79","Casablanca","Simo Ben Essalah","Aucun texte","il y a 7 ans"
"79","Casablanca","Adnane BENNANI","Aucun texte","il y a 7 ans"
"79","Casablanca","Kartousse Youssef","Aucun texte","il y a 7 ans"
"79","Casablanca","Marouane Motea","Aucun texte","il y a 7 ans"
"79","Casablanca","Анна Гурьянкина","Aucun texte","il y a 7 ans"
"79","Casablanca","Inass Chelouati","Aucun texte","il y a 7 ans"
"79","Casablanca","Issam Bouziane","Aucun texte","il y a 7 ans"
"79","Casablanca","youssef EL AARAJ","Aucun texte","il y a 8 ans"
"79","Casablanca","Maha Annoukoubi","Aucun texte","il y a 8 ans"
"80","Casablanca","Ziri iliyass","Aucun texte","il y a 2 mois"
"80","Casablanca","Mohamed Aittazart","Aucun texte","il y a 3 mois"
"81","Casablanca","Mehdi B.","J'avais l'impression de les déranger. Aucun sourire, accueil inexistant, aucun service. Il semblerait qu'il soit impossible de recharger désormais en agence. J'ai des doutes !!! Bref agence à éviter.","il y a un an"
"81","Casablanca","Hamza Hcine","Service nul a 1000 pour cent , ttes mes factures reglées et ils mont suspendu la ligne ,ni apels sortant ni reception dappels, et je travail avec mon numero ,et ni lagence ni les centre dappels ne font le necessaire la catastrophe","il y a 2 ans"
"81","Casablanca","Khona Officiel","Je trouve que cette agence est vraiment spéciale, on est bien traités, le personnel montre le vrai sens du mot professionnel, parmi toutes les agences par lesquelles je suis passé dans le royaume, celle-là est la meilleure. Bravo pour votre travail et continuez comme ça 👍 …","il y a 6 ans"
"81","Casablanca","Stéphane Fey","Accueillants, sympathiques et rigoureux","il y a 6 ans"
"81","Casablanca","Adil Lafnouch","Mauvaise service","Modifié il y a 2 ans"
"81","Casablanca","Harbaz Salah Eddine","Service excellent","il y a 5 ans"
"81","Casablanca","Ahmed Halim Guerraoui","Trop chiiiiche","il y a 5 ans"
"81","Casablanca","Amina MAKNASSI AL AHIYANE","Mauvais service","il y a 6 ans"
"81","Casablanca","Faiiiza fariiid","Parfait merci","il y a 6 ans"
"81","Casablanca","salah loza","Très mauvais","il y a un an"
"81","Casablanca","Zakaria","Bon traitement","il y a un an"
"81","Casablanca","ZAETONA El MANSOURI","Service horrible..","il y a 5 ans"
"81","Casablanca","Master IIDSCM Master","Bon service","il y a 7 ans"
"81","Casablanca","Hachouche Faycal","Bien","il y a 3 ans"
"81","Casablanca","ahfir fatimazahra","Aucun texte","il y a 6 mois"
"81","Casablanca","Ismail Essajai","Aucun texte","il y a 8 mois"
"81","Casablanca","chef boussalham","Aucun texte","il y a un an"
"81","Casablanca","Saidadehhani","Aucun texte","il y a un an"
"81","Casablanca","Zakaria Moncif EL KHAOURI","Aucun texte","il y a 2 ans"
"81","Casablanca","ali hassan","Aucun texte","il y a 2 ans"
"81","Casablanca","RADOUANE HASSANI","Aucun texte","il y a 2 ans"
"81","Casablanca","Zohir Hzaine","Aucun texte","il y a 3 ans"
"81","Casablanca","Taoufik Bj","Aucun texte","il y a 4 ans"
"81","Casablanca","Youssef Elbattay","Aucun texte","il y a 4 ans"
"81","Casablanca","said Aboutahir","Aucun texte","il y a 4 ans"
"81","Casablanca","Mohamed Goumri","Aucun texte","il y a 5 ans"
"81","Casablanca","Abdessamad Mordi","Aucun texte","il y a 5 ans"
"81","Casablanca","YOUSSEF RHANEM","Aucun texte","il y a 5 ans"
"81","Casablanca","Houssam Clap","Aucun texte","il y a 5 ans"
"81","Casablanca","LUXURY GROUP (MADE IN MOROCCO)","Aucun texte","il y a 6 ans"
"81","Casablanca","Rox Youssef","Aucun texte","il y a 6 ans"
"81","Casablanca","Nidal Nidal","Aucun texte","il y a 6 ans"
"81","Casablanca","Azzeddine Houbouby","Aucun texte","il y a 6 ans"
"81","Casablanca","Jalil El Outmani","Aucun texte","il y a 6 ans"
"81","Casablanca","abdel ghafour chakir","Aucun texte","il y a 6 ans"
"81","Casablanca","Khalid khalid","Aucun texte","il y a 6 ans"
"81","Casablanca","Abdelhak Azaddarh","Aucun texte","il y a 6 ans"
"81","Casablanca","Mohamed Nechouani","Aucun texte","il y a 6 ans"
"81","Casablanca","Boussouf Hafid","Aucun texte","il y a 6 ans"
"81","Casablanca","Hafod He","Aucun texte","il y a 6 ans"
"81","Casablanca","fayçal KHADROUF","Aucun texte","il y a 7 ans"
"81","Casablanca","Mouhcine ElMajdoubi","Aucun texte","il y a 7 ans"
"81","Casablanca","Fouad TRIO","Aucun texte","il y a 7 ans"
"81","Casablanca","Amal أمال","Aucun texte","il y a 7 ans"
"81","Casablanca","Si Rène","Aucun texte","il y a 7 ans"
"81","Casablanca","Zarrouki Said","Aucun texte","il y a 8 ans"
"83","Casablanca","Mehdi Montassir","Aucun texte","il y a un an"
"85","Casablanca","Florian Declercq (Siflain)","4 jours que je réclame pour récupérer mon appareil, il est enfin arrivé mais avec des pièces manquantes. Ils promettaient de donner des news et d'apporter les éléments manquants, plus de réponse.","il y a 9 mois"
"85","Casablanca","Mohamed Amine Noure","Pas de service je me suis déplacé pour riens","il y a 8 mois"
"85","Casablanca","K M","J'y suis allée pour acheter des accessoires de téléphone. Je trouve que c'est des gens honnêtes","il y a 9 mois"
"86","Casablanca","Yass","rikadab 3la 5oh htayahad mi 3awnaka
Toutes les agences Inwi de Casablanca ne servent absolument à rien que du baba merci de ne pas choisir cette agence pour votre bien","il y a 2 mois"
"86","Casablanca","salaheddine makkaoui","Aucun texte","il y a 6 mois"
"89","Casablanca","Laila Rissafi","Salam,

Je suis une immigrante marocaine et je souhaitais acheter une carte SIM pour mes …","il y a 7 mois"
"89","Casablanca","Tasnim Legdah","Service nul et les employés ne traitent pas bien les clients, ils ne se soucient pas des clients et prétendent qu'ils ne connaissent pas la solution à votre problème.","il y a 7 mois"
"89","Casablanca","EL RHOUL MED","Personnel très accueillant","il y a 6 mois"
"89","Casablanca","Bassam Amine","Agence nule","il y a un mois"
"89","Casablanca","Mouad Laaziri","Le pire service client que j'aie jamais vu.","il y a 4 mois"
"89","Casablanca","Yasmin","Personnel désagréable. Ils se sont moqués d'un client.","il y a 9 mois"
"89","Casablanca","boubker maazouz","Service client déplorable, personne n'est en mesure de vous guider ou de vous fournir une assistance.","il y a un an"
"89","Casablanca","Yazami Pro","mowadafun 3eyanin","il y a 5 mois"
"89","Casablanca","TIE PROD","Cette entreprise n'est pas digne de confiance.","il y a 2 ans"
"89","Casablanca","Naoufal Amani (Nodapok)","Super","il y a 2 ans"
"89","Casablanca","Aboubacar Diarra","Service lent","il y a 2 ans"
"89","Casablanca","Oliver HD","zirooo mo3a mala","il y a 3 semaines"
"89","Casablanca","Mhnd Lamhamdi","Aucun texte","il y a 6 mois"
"89","Casablanca","Ibrahim","Aucun texte","il y a 8 mois"
"89","Casablanca","Franck Bloum","Aucun texte","il y a 8 mois"
"89","Casablanca","madness gang","Aucun texte","il y a un an"
"89","Casablanca","hassane el mounzil","Aucun texte","il y a 5 ans"
"90","Casablanca","Réda El mdaghri Ben Omar","Cette boutique n'existe plus !! Déplacement pour rien","il y a 7 mois"
"90","Casablanca","Yves Boscherel","L’agence n’existe plus à cet endroit","il y a 5 mois"
"90","Casablanca","Ouiam Zr","Toujours déçue de la qualité de service d'INWI. une certaine madame Leila qui a la casquette d'une responsable (aucune info de quoi exactement) inaperçue sur le site et parle sur téléphone avec arrogance sans aucune explication ni réponse …","il y a 2 ans"
"90","Casablanca","Nabil Bojji","Un excellent service reçu de la part d'Abdellatif chez Inwi ! Son professionnalisme, son écoute attentive et son efficacité ont rendu mon expérience des plus agréables. Merci beaucoup!","il y a un an"
"90","Casablanca","Safia Anwar","Je suis très contente par leur service surtout la responsable qui s appelle Laila toujours a l écoute et souriante","il y a 2 ans"
"90","Casablanca","Francoise Kempf","Reçue par un jeune homme très aimable et très professionnel qui a pu répondre d une manière claire à mon problème !","il y a 2 ans"
"90","Casablanca","ELKINANI Mohamed","Fermé
Fausse information sur l'agence elle est fermée","il y a un an"
"90","Casablanca","Med Moh","Vraiment une pire expérience j ai attendu une heure pour être écouté 3 minutes","il y a 4 ans"
"90","Casablanca","Ami Co","Même pas un numéro qui marche. Honteux","il y a 4 ans"
"90","Casablanca","Nizar Skounti","Service déplorables","il y a 7 mois"
"90","Casablanca","Abdeljalil El Quessar","Fermé toute la journée, déception.","il y a 3 ans"
"90","Casablanca","KHATWA PARTNERS (EL OUARZAZI)","un trés mauvais service","il y a 4 ans"
"90","Casablanca","rime el fassi","En decadence...","il y a 5 ans"
"90","Casablanca","Sarra Teri","Non seulement pas de téléphone joignable mais l’agence n’existe plus sur marjane.déception totale.vraiment inwi revoyez votre communication .","il y a 5 jours"
"90","Casablanca","Abdeljabbar Elgabli","Le service était déplorable. J'ai été prise en charge par une jeune femme nommée Leila, qui était à l'extérieur de l'agence en train de discuter avec sa famille, laissant les clients attendre.","il y a 2 ans"
"90","Casablanca","Younness Boufaress","Très bien","il y a 6 ans"
"90","Casablanca","Wiam WIAM","La pire agence qui soit","il y a 6 ans"
"90","Casablanca","Mourad Maamri","Aucun texte","il y a 7 mois"
"90","Casablanca","Anas El Mehraz","Aucun texte","il y a un an"
"90","Casablanca","fatima zahra mehraz","Aucun texte","il y a un an"
"90","Casablanca","Naima beloualy","Aucun texte","il y a un an"
"90","Casablanca","EZZAHIR NMR","Aucun texte","il y a 2 ans"
"90","Casablanca","Flow","Aucun texte","il y a 3 ans"
"90","Casablanca","Anwar Amarice","Aucun texte","il y a 6 ans"
"90","Casablanca","Nm K","Aucun texte","il y a 7 ans"
"90","Casablanca","fatima zahra Bj","Aucun texte","il y a 7 ans"
"90","Casablanca","salim ramzy","Aucun texte","il y a 7 ans"
"90","Casablanca","Jamal Farouki","Aucun texte","il y a 7 ans"
"91","Casablanca","Zakaria زكرياء","Tart m3za wahd nessaba f had the agence bagha tbi3 lya forfait sehha tayhssab liha ga3 nass 3nd hom lwdnin, wana baghi ​​​​sim card prepayé..... katgoli m3ndi mndir lik hadchi li kayn, 3ayat l sce client kay2akdo lya dakchi knt 3arf …","il y a 6 mois"
"91","Casablanca","zakaria sbai","kaysthamro nass","il y a 6 mois"
"91","Casablanca","Souad Zakari","Aucun texte","il y a 2 mois"
"91","Casablanca","Samir Laghrib","Aucun texte","il y a 5 mois"
"93","Casablanca","HAKIM BADI","Je suis partie pour avoir une Recharge de 500Dh illimité internet et Appels 30jours
J’ai une Réponse de la dame : cette recharge n’est existe pas j’ai reçu un mail …","il y a 9 mois"
"93","Casablanca","issa bak","Service lent, le mec est méprisant, n'aide pas beaucoup, me fais revenir + de 5 fois pour payer et me redis de repasser la fois d'après à chaque fois, et fait payer 200dhiram de frais de service car il sait que je suis étranger.","il y a un an"
"93","Casablanca","Jean Yves Quentin","Cette vendeuse distribue des cartes sans donner de contrat et n'active pas les lignes mais encaisse 250 dirhams à chaque contrat
N'ayant pas de contrat les clients ne peuvent réclamer lorsque qu'ils constatent …","il y a 2 ans"
"93","Casablanca","Mohamed EL ATTARI","Des agents arnaqueurs. On m'a fait payé 200 DHs pour la mise en service du forfait toute en rassurant que c'est la première mensualité. D'autres agents complices, qui manquent du professionalisme. du coup, j'ai résilié mon forfait. Bref NUL. Méfiez- vous!!!!!","il y a 5 ans"
"93","Casablanca","h al","La demoiselle voulait à tout prix écouler les forfaits alors qu'on n'a demandé qu'une puce 4g qui contient 20 dh de crédit et que la soi disant conseillère a omis de dire en affirmant qu'il fallait recharger derechef! Mauvaise foi ou inompétence??","il y a 5 ans"
"93","Casablanca","Azeddine EL FIGUIGUI","Très mauvais service après vente, j'ai souscrit chez eux et depuis 1 mois je n'ai pas internet et ils ont rien fait pour moi. Je vous déconseille cette agence et cet opérateur","il y a 3 ans"
"93","Casablanca","Hicham Belimane","Le personnel ne fait pas correctement son boulot, ils n'ont pas les bonnes infos sur les offres , pas de sourire que de l indifférence dans leurs traitements et comportement avec les clients , il faut arrêter de faire fuir les clients, c est grâce à nous que vous êtes payer.","il y a 3 ans"
"93","Casablanca","Pascal Bonis","Accueil sympa et compétent. Par contre beaucoup d'attente (1 personne devant moi, 20 mn ...)","il y a 3 ans"
"93","Casablanca","jamal chahy","pas de professionnalisme dans le traitement des demande des clients ,j'ai demandé la portabilité de iam vers inwi et depuis 3 semaine je galère avec cette agence ,mauvaise image de inwi.","il y a 7 ans"
"93","Casablanca","faiteh abdennebi","Magasin dont le personnel est peu professionnel. Manque d'offres satisfaisante pour le public.","il y a 6 ans"
"93","Casablanca","Khalid Barkat","Bon service.. satisfait de ma migration de Maroc Télécom vers inwi pr le momen.. 👍 …","il y a 6 ans"
"93","Casablanca","ASMA El FARISSI","0 en débit wifi portable
Un grand 0000000","il y a 2 ans"
"93","Casablanca","Abdel Tzn","Nul","il y a 6 mois"
"93","Casablanca","Sandro Hunziker","Un un service de la part de la jeune dame qui ns à servi","il y a 3 ans"
"93","Casablanca","Amri boujemaa","Merci,inwi bon travail, excellents services.","il y a 3 ans"
"93","Casablanca","Laila Elmajdi","Serice correct et agent serviable. I' agence hay riad a le pire service.","il y a 6 ans"
"93","Casablanca","Jaouad El Kettani","Accueil à la hauteur. Personnel professionnel. Service rapide.","il y a 8 ans"
"93","Casablanca","nada ji","Ils ne t'aident pas","il y a 3 ans"
"93","Casablanca","amira dikre","à proximité, très bon service","il y a 2 ans"
"93","Casablanca","IDRISS LAKBIRI","mauvaise service et mauvaise qualité","il y a un an"
"93","Casablanca","Taha Chakir","Personnels très professionnel et accueillant","il y a 6 ans"
"93","Casablanca","Bou-souf EL Mostafa","Je n'aime pas","il y a 6 ans"
"93","Casablanca","moi Nouairi","Très bon service","Modifié il y a 6 ans"
"93","Casablanca","khalilou GUEYE","les gens sont pro !","il y a 3 ans"
"93","Casablanca","imrane oufqir","Personnel top professionnel","il y a 5 ans"
"93","Casablanca","Abdessamad BARGAZ","Service Fidélité nul.","il y a 7 ans"
"93","Casablanca","Youssef Marjani","Pas mal","il y a 8 ans"
"93","Casablanca","Naima Calviac","Trés serviable","Modifié il y a 7 ans"
"93","Casablanca","Yassin Yassine","bien agence","il y a 2 ans"
"93","Casablanca","EL ALAOUI LALLA HALIMA","Agence spécialisée dans la vente de produits inwi","il y a 6 ans"
"93","Casablanca","stanline eugenie mangle","Rapide","il y a 4 ans"
"93","Casablanca","ayoub live","Service froid","il y a 6 ans"
"93","Casablanca","M Loustani","Manque de professionnalisme","Modifié il y a 7 ans"
"93","Casablanca","Rachid Ben mess","Bien","il y a 6 ans"
"93","Casablanca","Chraihi Abderrahim","Bon","il y a 6 ans"
"93","Casablanca","EL AIDI SAID","Service à la hauteur","il y a 8 ans"
"93","Casablanca","Salkhi Aymen","Respectable","il y a 7 ans"
"93","Casablanca","Boubaker OUHMOUCH","Bon","il y a 6 ans"
"93","Casablanca","Sarra Teri","Agence marquée comme ouverte le dimanche.j’ai attendu jusqu’à 17h .téléphone injoignable.vous vous foutez des gens","il y a 5 jours"
"93","Casablanca","carl gregory","Je ne recommande absolument pas cette entreprise. Ils m'ont facturé 200 MAD (environ 20 $ US) pour une carte SIM et 20 Go de données (du moins, c'est ce qu'ils m'ont dit). En réalité, je n'avais que 2 Go. Non seulement c'est cher, mais …","il y a un an"
"93","Casablanca","Brutus Lee","Responsabilité nulle : ils vous donnent de mauvaises informations, vous renvoient vers un organisme gouvernemental pour déposer vos plaintes, et refusent ensuite de corriger leurs erreurs, si bien que vous finissez par acheter le produit dont vous avez besoin deux ou trois fois.","il y a un an"
"93","Casablanca","Simone Turk","Service excellent.","il y a 3 mois"
"93","Casablanca","youssef balahloul (BALHNOUD)","Pour nos clients. Services et avantages exclusifs. my inwi. Gérez vos numéros en accédant à votre espace personnel. +Découvrez. club inwi. Cumulez des points et choisissez votre cadeau chaque mercredi.","il y a 6 ans"
"93","Casablanca","Abdelaziz Lafqui","Une horrible dame qui travaille là-bas, jltita ne sait pas parler respectueusement","il y a 3 ans"
"93","Casablanca","Amir Khan","Ils ont changé de locaux sans préavis.","il y a un an"
"93","Casablanca","mohamed bourhanem","Alléchant, surprenant et bon","il y a 6 ans"
"93","Casablanca","Hicham Rey","Boutique d'opérateur de téléphonie mobile, service de qualité et agents professionnels","il y a 6 ans"
"93","Casablanca","طريق العطاري","Excellent emplacement et services haut de gamme","il y a 6 ans"
"93","Casablanca","Halima Wjdiya","Salutations 1234","il y a 6 ans"
"93","Casablanca","Abdilah 1234567891234567899","Un endroit magnifique qui vaut le détour","il y a 6 ans"
"93","Casablanca","mohamed sadiki","👎 …","Modifié il y a 5 ans"
"93","Casablanca","Jamal emiste","service agréable","il y a 6 ans"
"93","Casablanca","asmaa ab","B1","il y a 6 ans"
"93","Casablanca","zakaria aitelhoucine","Service de qualité","il y a 7 ans"
"93","Casablanca","khalil bennani","Bon service","il y a 9 ans"
"93","Casablanca","Dah Man","C'est beau","il y a 6 ans"
"93","Casablanca","Hanne Chihani","Personnel agréable","il y a 5 ans"
"93","Casablanca","salah","Agent impoli","il y a 4 ans"
"93","Casablanca","Andre Grecu","Il m'a aidé sans aucun problème.","il y a 3 semaines"
"93","Casablanca","Various Videos","Trop d'attente, pas de chaises, un seul employé","il y a 4 semaines"
"93","Casablanca","fit insanity","Aucun texte","il y a 3 mois"
"93","Casablanca","Ayman Najem","Aucun texte","il y a 5 mois"
"93","Casablanca","Mohamed Addebous","Aucun texte","il y a 7 mois"
"93","Casablanca","Abdellah Aoulad moussa","Aucun texte","il y a 2 ans"
"93","Casablanca","de division","Aucun texte","il y a 2 ans"
"93","Casablanca","chaymae elbekkali","Aucun texte","il y a 3 ans"
"93","Casablanca","محمد أمين","Aucun texte","il y a 3 ans"
"93","Casablanca","Fast Delivery","Aucun texte","il y a 3 ans"
"93","Casablanca","Süleyman Sezer","Aucun texte","il y a 3 ans"
"93","Casablanca","el hanine kh","Aucun texte","il y a 3 ans"
"93","Casablanca","Medi Mekal","Aucun texte","il y a 3 ans"
"93","Casablanca","Rita Alami","Aucun texte","il y a 3 ans"
"93","Casablanca","Bajji Mohamed","Aucun texte","il y a 3 ans"
"93","Casablanca","Wail El haimadi","Aucun texte","il y a 4 ans"
"93","Casablanca","wail el haimadi","Aucun texte","il y a 4 ans"
"93","Casablanca","Zouhair Bouchoua","Aucun texte","il y a 4 ans"
"93","Casablanca","Mostafa El ouilani","Aucun texte","il y a 4 ans"
"93","Casablanca","مركز كنوز إيمان للطبيعة","Aucun texte","il y a 4 ans"
"93","Casablanca","jihad1 boulahrouz","Aucun texte","il y a 4 ans"
"93","Casablanca","Ange Terence Nessy Kouame","Aucun texte","il y a 4 ans"
"93","Casablanca","Majda Achach","Aucun texte","il y a 4 ans"
"93","Casablanca","Majdi Chabbi","Aucun texte","il y a 4 ans"
"93","Casablanca","KAWTAR ahssassi","Aucun texte","il y a 4 ans"
"93","Casablanca","Mhd Sadeka","Aucun texte","il y a 5 ans"
"93","Casablanca","issam issam","Aucun texte","il y a 5 ans"
"93","Casablanca","Yassine Daoui","Aucun texte","Modifié il y a 5 ans"
"93","Casablanca","nouia hicham","Aucun texte","il y a 5 ans"
"93","Casablanca","ابو البنات هاجر ياسمين","Aucun texte","il y a 5 ans"
"93","Casablanca","Amal Daoud","Aucun texte","il y a 5 ans"
"93","Casablanca","{ɢռ} BEAST","Aucun texte","il y a 5 ans"
"93","Casablanca","Elbachir Fannani","Aucun texte","il y a 5 ans"
"93","Casablanca","Mehdi Ibnattya","Aucun texte","il y a 5 ans"
"93","Casablanca","SIMO SKALI","Aucun texte","il y a 5 ans"
"93","Casablanca","أبو امحمد","Aucun texte","il y a 6 ans"
"93","Casablanca","EL MOULAY ADIL","Aucun texte","il y a 6 ans"
"93","Casablanca","Mohamed Chaouki","Aucun texte","il y a 6 ans"
"93","Casablanca","mujeeb ghallab","Aucun texte","il y a 6 ans"
"93","Casablanca","Youssef Elhamri","Aucun texte","il y a 6 ans"
"93","Casablanca","Souhaila Bellitir","Aucun texte","il y a 6 ans"
"93","Casablanca","Hanae Essaadaoui","Aucun texte","il y a 6 ans"
"93","Casablanca","Moussa Fadimatou","Aucun texte","il y a 6 ans"
"93","Casablanca","Mohammed Lissire","Aucun texte","il y a 6 ans"
"93","Casablanca","Chadel ATIPO ELENGA","Aucun texte","il y a 6 ans"
"93","Casablanca","أخبار المغرب Maroc news","Aucun texte","il y a 6 ans"
"93","Casablanca","Zineb Rabbani","Aucun texte","il y a 6 ans"
"93","Casablanca","Hamza BODOR","Aucun texte","il y a 6 ans"
"93","Casablanca","imad imad","Aucun texte","il y a 6 ans"
"93","Casablanca","Rachid Jebbouj","Aucun texte","il y a 6 ans"
"93","Casablanca","Adil Seddiqi","Aucun texte","il y a 6 ans"
"93","Casablanca","Aziz Rhaz","Aucun texte","il y a 6 ans"
"93","Casablanca","Mery Jaafari","Aucun texte","il y a 6 ans"
"93","Casablanca","Abdelillah Issami","Aucun texte","il y a 6 ans"
"93","Casablanca","Mustapha Louari","Aucun texte","il y a 6 ans"
"93","Casablanca","Taghi AMTOUN","Aucun texte","il y a 6 ans"
"93","Casablanca","Hala Zahouani","Aucun texte","il y a 6 ans"
"93","Casablanca","Muhammad Zacky","Aucun texte","il y a 6 ans"
"93","Casablanca","Merim saadi","Aucun texte","il y a 6 ans"
"93","Casablanca","Anas Belhaj","Aucun texte","il y a 6 ans"
"93","Casablanca","Ayoub Daoudi","Aucun texte","il y a 6 ans"
"93","Casablanca","Fouad Dawdi","Aucun texte","il y a 6 ans"
"93","Casablanca","Alami Simo","Aucun texte","il y a 6 ans"
"93","Casablanca","Hanane Lmoussaoui","Aucun texte","il y a 6 ans"
"93","Casablanca","talal Lamoudni","Aucun texte","il y a 6 ans"
"93","Casablanca","Claude Tsoumbou","Aucun texte","il y a 6 ans"
"93","Casablanca","Nourdine Tahya","Aucun texte","Modifié il y a 6 ans"
"93","Casablanca","Zakaria Benmoumen","Aucun texte","il y a 6 ans"
"93","Casablanca","ABDO KERS","Aucun texte","il y a 7 ans"
"93","Casablanca","The Amaziiing Tim","Aucun texte","il y a 7 ans"
"93","Casablanca","abdelaati EL JIRARI","Aucun texte","il y a 7 ans"
"93","Casablanca","Mohamed Traoré","Aucun texte","il y a 7 ans"
"93","Casablanca","Bensaid brahim","Aucun texte","il y a 7 ans"
"93","Casablanca","Ben Demrane","Aucun texte","Modifié il y a 7 ans"
"93","Casablanca","Fati mouaddah","Aucun texte","il y a 7 ans"
"93","Casablanca","Aatif Mahdi","Aucun texte","il y a 7 ans"
"93","Casablanca","Abdelfatah BIA","Aucun texte","il y a 7 ans"
"93","Casablanca","Mokhtar JAKHJOUKHI","Aucun texte","il y a 7 ans"
"93","Casablanca","Marouane DEKAOUI","Aucun texte","il y a 7 ans"
"93","Casablanca","Nour Nour","Aucun texte","il y a 7 ans"
"93","Casablanca","Sabah Ayni","Aucun texte","il y a 7 ans"
"93","Casablanca","Hayate Doukkali","Aucun texte","il y a 7 ans"
"93","Casablanca","tayeb Legchir","Aucun texte","il y a 7 ans"
"93","Casablanca","Nicolas Kusuaka","Aucun texte","il y a 8 ans"
"93","Casablanca","Sidi El Hassan Sbai El Idrissi","Aucun texte","il y a 8 ans"
"93","Casablanca","Hermelinda Ntsame","Aucun texte","il y a 8 ans"
"93","Casablanca","SHAKKOUR ABDALLAH","Aucun texte","il y a 9 ans"
"93","Casablanca","Youssef Designer","Aucun texte","il y a 9 ans"
"93","Casablanca","Yucuf","Aucun texte","il y a 9 ans"
"93","Casablanca","Asmaâ Mansouri","Aucun texte","il y a 11 ans"
"93","Casablanca","Adil Chafi","Aucun texte","il y a 12 ans"
"93","Casablanca","Mazoul Mohammed","Aucun texte","il y a 12 ans"
"94","Casablanca","Karim AKKACH","Équipe très sympa. Le local est certes petit. Donc, parfois des queues. Ne pas oublier que beaucoup d'étrangers sont clients et demandent par groupe des cartes isim ou autres et la paperasse leur fait perdre du temps mais pas leurs …","il y a 6 mois"
"94","Casablanca","Asmae","L'agence est correcte, mais il y a quelques points à améliorer. Le personnel est poli, mais parfois un peu débordé, ce qui rallonge les délais d'attente. Les informations sont globalement claires, bien que certaines réponses manquent de …","Modifié il y a un an"
"94","Casablanca","M Darouy","Abdelghafour au top ! Très compétent et toujours serviable. Merci pour ses explications claires et la résolution efficace des problèmes.","il y a 8 mois"
"94","Casablanca","Badr Meed","Le 12 février à 19h45, j'étais simplement venu pour une information qui ne prend même pas 5 minutes. L'agent m'a répondu de manière impolie, en criant qu'il avait terminé, alors qu'il était encore au bureau.","il y a un an"
"94","Casablanca","Omar LOUGLILY","Je suis passé juste pour résilier mon  abonnement car malheureusement depuis octobre 2021 je ne reçois pas le débit compatible avec ce que je paie. Quand j'ai appelé pour essayer de trouver une solution, j'ai compris que, en effet, la …","il y a 4 ans"
"94","Casablanca","Daniel Rehm","Le guichet est tout petit, tous les services ne sont pas forcément disponibles (routeur wifi par exemple, recharges téléphoniques...), mais le personnel prend le temps qu'il faut avec chaque client, c'est important quand on se présente en tant que touriste.","il y a 6 ans"
"94","Casablanca","Ahmed ARIBBAN","J ai acheter un galet 4g et je l'ai recharger 300dh et un mois plus tard je vien pour recharger 100dh il me disent que l'offre n est pas valable","il y a 3 ans"
"94","Casablanca","B N","Super vendeuse ! Accueillante ,souriante et vous explique très bien les abonnements ! Merci à lala inwi","il y a un an"
"94","Casablanca","Gilles Oneill","A 9h00 sur l appli on arrive et bah non c est 10h merci maintenant il faut trouver une agence ouverte a 9h00 merci inwi","il y a un an"
"94","Casablanca","Sam 2090","Telephone ne repod pas
l agent tjs sur tele personnel
service non dispo …","il y a 2 ans"
"94","Casablanca","Walid Hd","Service nul, personnel incompétent qui nuit à l'image de l'opérateur","il y a 3 ans"
"94","Casablanca","Amine EL HADDAJ","Mettez à jour vos horaires svp pour être sûr de ne pas se déplacer pour rien.","il y a 2 ans"
"94","Casablanca","Med","Ne peut pas effectuer les paiements de facture.","il y a 7 ans"
"94","Casablanca","Firdaous Kerroudi","toujours un problème au niveau du système. nuuuuuul","il y a 3 ans"
"94","Casablanca","amine bellal","C'est pas bon","il y a 4 ans"
"94","Casablanca","B L","Pas mal","il y a 5 ans"
"94","Casablanca","LUIS OJEDA","Une agence très sérieuse.","il y a 4 ans"
"94","Casablanca","Sam Laat","👍 …","il y a 3 ans"
"94","Casablanca","Aziz Kerdoud (“Keraz”)","Toujours fermer a évité","il y a 4 ans"
"94","Casablanca","Marvin Ottersberg","Le type était très sympa et serviable, et il parlait bien anglais. Il nous a demandé combien de jours nous restions et nous a donné des cartes prépayées avec données illimitées pour 300 DH pour 30 jours.","il y a 3 mois"
"94","Casablanca","Anna James","L'homme qui nous a servis était formidable ! Il parlait bien anglais et a équipé nos deux téléphones de nouvelles cartes SIM et de forfaits internet illimité pour les trois mois de notre voyage au Maroc. Il les a installés en boutique, ce …","il y a un an"
"94","Casablanca","YOUSSEF RHANEM","Service très médiocre. La vendeuse doit savoir parler aux clients et surtout expliquer clairement les choses. De plus, elle doit baisser la voix lorsqu'elle s'adresse aux clients, car nous ne travaillons pas pour elle. On dirait qu'elle …","il y a 2 ans"
"94","Casablanca","Junior Santi","C'était inadmissible ! J'étais cliente d'INWI depuis toujours, mais je change de fournisseur. Ni la réceptionniste ni le responsable (Marouane ou quelqu'un d'autre) n'ont voulu nous aider ni su comment faire ; ils voulaient juste qu'on …","il y a un an"
"94","Casablanca","Youssef g","Personnel aimable et compétent","il y a 6 mois"
"94","Casablanca","Tony Summers","La jeune femme parlait très bien anglais et a rechargé nos cartes SIM. J'y retournerai sans hésiter.","il y a 2 ans"
"94","Casablanca","Yyjyhyhy Yuyuyuyy","Zéro pour le deal, surtout une des dames là-bas, elle est comme un hibou que les Égyptiens ont fait son visage couper la levure de la maison, elle est la raison pour laquelle j'ai changé l'abonnement","il y a 2 ans"
"94","Casablanca","maitre naimi","Le téléphone ne répond pas toujours et donne des numéros qui ne fonctionnent pas.","il y a 2 ans"
"94","Casablanca","Roy Adamson","Faites vos achats chez Marjane. J'ai trouvé exactement ce que je voulais à un prix intéressant.","il y a 2 ans"
"94","Casablanca","Alex","Service client déplorable","il y a 2 ans"
"94","Casablanca","Amine El malah","👎👎👎👎👎👎👎 …","il y a 2 ans"
"94","Casablanca","jbara abdelghani","Aucun texte","il y a un mois"
"94","Casablanca","M EL KHORASSANI","Aucun texte","il y a 2 mois"
"94","Casablanca","Mohamed Belakhdar","Aucun texte","il y a un an"
"94","Casablanca","Feras Al razak","Aucun texte","il y a 2 ans"
"94","Casablanca","Valerie Gouyer","Aucun texte","il y a 3 ans"
"94","Casablanca","Lamiaa Kattine","Aucun texte","il y a 3 ans"
"94","Casablanca","Mohamed Sehbaoui","Aucun texte","il y a 7 ans"
"94","Casablanca","Ayoub Maakak","Aucun texte","il y a 7 ans"
"95","Casablanca","Youssef Rc","Mon expérience à l'agence Inwi de Mediouna a été très décevante. Le service est médiocre et les employés semblent totalement indifférents aux clients. Malheureusement, mon expérience a été catastrophique. Le professionnalisme est quasi …","il y a 5 mois"
"95","Casablanca","take note","Le service chez Makinish était médiocre ; j'ai regretté d'y être allé.","il y a 3 mois"
"95","Casablanca","Yahya Amraoui","J'en ai besoin de beaucoup","il y a 4 mois"
"95","Casablanca","MARWANE HIROS YT","Aucun texte","il y a un an"
"97","Casablanca","Amine Ballaj","L'agence était fermée pendant les heures d'ouverture indiquées sur Google maps.","il y a un an"
"97","Casablanca","safi karim","J'aime","il y a 4 ans"
"97","Casablanca","Nabil Karimi","pas mal !","il y a 8 ans"
"97","Casablanca","Mohamed Lachhab","Nul","Modifié il y a 6 ans"
"97","Casablanca","aziz Eljamali","Excellent","il y a 7 ans"
"97","Casablanca","Ismail Khacheb","Agence","il y a 6 ans"
"97","Casablanca","glenn rider","J'étais près de lui mais je n'y suis pas allé","il y a 8 mois"
"97","Casablanca","sebti med","Ramadan Moubarak","il y a 2 mois"
"97","Casablanca","North Dexy","Un service client exceptionnel, tant au niveau de l'écoute et de la réactivité que des suggestions pertinentes pour le client.","il y a 2 ans"
"97","Casablanca","fathi","agence fermée.","il y a un an"
"97","Casablanca","Othmane EL KOHLI","agent très serviable appelé Jawad","il y a 6 ans"
"97","Casablanca","المهدي بن عبدالله","Je lui ai rendu visite il y a deux semaines","il y a 3 ans"
"97","Casablanca","anis anwar","Beau","Modifié il y a 5 ans"
"97","Casablanca","adil adiil","Cool","il y a 5 ans"
"97","Casablanca","Ouboukdir Youness","J'ai l'intention","il y a 5 ans"
"97","Casablanca","Abdilah Hakam","Mazyan","il y a 5 ans"
"97","Casablanca","anass lrb","Aucun texte","il y a un an"
"97","Casablanca","nadia nadia","Aucun texte","il y a un an"
"97","Casablanca","Lahcen Aderraze","Aucun texte","il y a 2 ans"
"97","Casablanca","Ahmed Afoulous","Aucun texte","il y a 2 ans"
"97","Casablanca","Mustapha benhsain","Aucun texte","il y a 3 ans"
"97","Casablanca","Ahmed Speaker","Aucun texte","il y a 3 ans"
"97","Casablanca","adam labyad","Aucun texte","il y a 4 ans"
"97","Casablanca","Mouhamed Lbaz","Aucun texte","il y a 4 ans"
"97","Casablanca","محمد عطاري","Aucun texte","il y a 4 ans"
"97","Casablanca","Hicham zrira","Aucun texte","il y a 4 ans"
"97","Casablanca","Lamlihe Hicham","Aucun texte","il y a 4 ans"
"97","Casablanca","Bouchaib El Ghanami El Idrissi","Aucun texte","il y a 5 ans"
"97","Casablanca","Malika Boukoj","Aucun texte","il y a 5 ans"
"97","Casablanca","Hassan Elidrissi","Aucun texte","il y a 5 ans"
"97","Casablanca","Zouhir AJOUAO","Aucun texte","il y a 6 ans"
"97","Casablanca","Franck Roméo","Aucun texte","il y a 6 ans"
"97","Casablanca","Chakir Abdellatif","Aucun texte","il y a 6 ans"
"97","Casablanca","Mimi Sellim","Aucun texte","il y a 6 ans"
"97","Casablanca","taha taha","Aucun texte","il y a 6 ans"
"97","Casablanca","le Professionnel canin IRAOUI AYOUB","Aucun texte","il y a 6 ans"
"97","Casablanca","Oumayma Lamrani","Aucun texte","il y a 7 ans"
"97","Casablanca","Nada Alhouz","Aucun texte","il y a 7 ans"
"97","Casablanca","Oufkir Cherif","Aucun texte","il y a 7 ans"
"99","Casablanca","Julie W","À fuir accueil déplorable le 9 décembre 2025 au soir 3 jeunes femmes qui rient entre elles et n'ont aucune considération envers de potentiels clients .. du coup je suis allez chez la concurrence Orange à côté","il y a 4 mois"
"99","Casablanca","v gal","A l’aéroport de Casa on m’a vendu un forfait à 500mad ( payé 50€ soit 533mad) pour 1 mois de 4g et appels illimités avec 500 sms… au bout de 15 jour ligne coupée avec demande de recharge!!! Je ne recommande pas!","il y a 6 mois"
"99","Casablanca","ceryne jad","Des arnaqueurs les agents ne rendent pas la monnaie et quand tu paies en devise c’est pire ils n’ont pas froid aux yeux vraiment une très mauvaise image se reflète …","il y a 5 mois"
"99","Casablanca","AE","Bonjour,

Arnaque n’allez pas chez INWI il mon volé 20€ dés mon arrivée et ils sont 4 à se …","il y a un an"
"99","Casablanca","fk fatima","Arnaque. Vous devez prendre la carte sim gratuit puis vous recharger ailleurs.. si non fait attention...","il y a un an"
"99","Casablanca","reza derdar","Très high tech! Aux normes internationales ! Une plus value pour le tourisme de masse... Car l'aéroport Mohamed 5 s'est doté de 3 terminaux !","il y a 3 ans"
"99","Casablanca","Roberte Robert","Arnaque   pas de recharge  de fait
Attention  pas sérieux","il y a 8 ans"
"99","Casablanca","hicham mounfid","super","il y a 7 ans"
"99","Casablanca","Montel MOUSSOUNDA","Simple et bien","il y a 5 ans"
"99","Casablanca","Lina Nu","Arnaque. Ils voulaient détruire ma carte SIM de mon pays d'origine. Ils ne m'ont pas donné le code PIN et maintenant je ne peux ni la déverrouiller ni l'utiliser.","il y a un an"
"99","Casablanca","Lhassan Jarir","Soyez prudents et vérifiez votre solde avant de quitter le magasin ; ce sont des arnaqueurs. Ils ont essayé de me voler deux fois en deux ans. …","il y a 4 ans"
"99","Casablanca","Auto Tip Top Fouad Yehia","Très mauvaise entreprise, ils ne vendent que des cartes SIM à 20 euros avec 20 gigaoctets d'internet, sans possibilité de recharge.","il y a 3 ans"
"99","Casablanca","Fawzy Mohamed","Excellent aéroport mais nécessite un développement architectural pour suivre le rythme","il y a 2 ans"
"99","Casablanca","الهاشمي الركراكي","Hajj 2023","il y a 2 ans"
"99","Casablanca","Туся Лавруша","C'est dommage qu'ils n'autorisent pas les personnes en deuil à entrer.","il y a 2 ans"
"99","Casablanca","Mohamed MOUSTACHAR","Aucun texte","il y a un an"
"99","Casablanca","Nayeem Mohammad","Il est temps de prendre le prochain vol.","il y a 2 ans"
"99","Casablanca","Adnan Merhabi","Trop lent à servir","il y a 4 ans"
"99","Casablanca","abdalaziz saeed abudegin","Leur service est bon","il y a 2 ans"
"99","Casablanca","ALKHABER TRAVEL","Beau","il y a 2 ans"
"99","Casablanca","Ahmed Halim Guerraoui","Abeille","il y a 2 ans"
"99","Casablanca","LARHRISSI DRISS","Aucun texte","il y a un an"
"99","Casablanca","Sanaa Khamrich","Aucun texte","il y a 2 ans"
"99","Casablanca","Achraf Bilali","Aucun texte","il y a 2 ans"
"99","Casablanca","Abdellah CHARCHI","Aucun texte","il y a 2 ans"
"99","Casablanca","Amine Hilalbik","Aucun texte","il y a 2 ans"
"99","Casablanca","younes zahri","Aucun texte","il y a 2 ans"
"99","Casablanca","جلال أقصادي","Aucun texte","il y a 2 ans"
"99","Casablanca","Ismail thec","Aucun texte","il y a 3 ans"
"99","Casablanca","Mahmudul Hasan","Aucun texte","il y a 3 ans"
"99","Casablanca","Achraf Boudali","Aucun texte","il y a 3 ans"
"99","Casablanca","Rachid Rakcho","Aucun texte","il y a 5 ans"
"99","Casablanca","mery mr","Aucun texte","il y a 5 ans"
"99","Casablanca","Makboul Naoufal","Aucun texte","il y a 5 ans"
"99","Casablanca","Oussama BAYARE","Aucun texte","il y a 5 ans"
"99","Casablanca","Anton Soluianov","Aucun texte","il y a 6 ans"
"99","Casablanca","Omar Omar","Aucun texte","il y a 8 ans"
"100","Casablanca","Elkasmi Mohamde","Bonjour c'est formidable cette tablou","il y a 9 ans"
"100","Casablanca","Asma ouahidi","Aucun texte","il y a 2 ans"
"102","Casablanca","Bilal Filali","Cela fait Plusieurs fois que je passe et comme d’habitude la boutique est fermée. Toujours pareil… et ça a n’importe quelle heure","il y a 5 mois"
"102","Casablanca","Adnane Khaddam","Je comprends pas c’est indiquer ouvert jusqu’à 20h il est 16h et toujours fermer c’est inadmissible","il y a 9 mois"
"102","Casablanca","Ahmed Guider","Inwi + bloc de numéros","il y a 2 mois"
"103","Casablanca","Karim Amrani","Veuillez supprimer le numéro de téléphone de cette entreprise. Ce numéro appartient désormais à une agence de location de voitures.","il y a 8 mois"
"103","Casablanca","Rania CHAWKI","Mauvaise opérateur internet ni service technique  ni agence ni support et manque de respects c vraiment nuuuul 👎🏻👎🏻👎🏻👎🏻👎🏻👎🏻👎🏻 …","il y a 11 mois"
"103","Casablanca","adil byaz","Serviable et accueillant","il y a 7 mois"
"103","Casablanca","es.salmy hamza","Mauvais service, le gars manque de respect et de bon relationnel, il a même pas les qualités d'un chargé de clientèle, on est client oui , mais on accepte pas ce genre de vous représenter 👎👎👎👎 …","il y a 3 ans"
"103","Casablanca","Soufia Oumena","Service rapide et personnel professionnel","il y a 11 mois"
"103","Casablanca","ELALAOUI rachid","Mauvais service ,manque du respect des horaires  horaires de travail.on dirait une ferme familiale.","Modifié il y a 4 ans"
"103","Casablanca","mohamed elhari","Qui ferme quand il  veut","il y a 4 ans"
"103","Casablanca","Jawad Lassas","Agence ferme à 16 h","il y a 5 ans"
"103","Casablanca","Mehdi Alaoui","Service qui laisse à désirer","il y a 6 ans"
"103","Casablanca","Aziza Bakkar","Nul agence","il y a 6 ans"
"103","Casablanca","Adam Belhadad","Service 3eyyan","il y a 4 ans"
"103","Casablanca","hayat zineelabidine2021","Khdit wifi mn eandhom galiya 3j max ayji siyed y saybolik db ktar mn 5j mazal ma3aytliya hta wahed, normalement ana dej kont dayra had wifi f casa meme pas 2j makaynach jaw saybohli hta jit hena mafhmtch had service dyal Inwi hena ead les …","il y a 4 mois"
"103","Casablanca","abdelhamid barakat","nari 3la ta3ali9 silbiya","il y a 5 mois"
"103","Casablanca","ZEYROX BYH","Traiter avec les clients 0","il y a 7 mois"
"103","Casablanca","Hicham Mkadem","Le type qui y travaille est vraiment désagréable. À éviter absolument !","il y a un an"
"103","Casablanca","Med Choukri Salim","Mon fils aîné y est actuellement, je lui souhaite le meilleur.","il y a 6 ans"
"103","Casablanca","هوائي مكافئ","excellent","Modifié il y a un an"
"103","Casablanca","Kacimi Jawad","Inwi essahel","il y a 4 ans"
"103","Casablanca","Moncef Bayoud","Agence Inwi","il y a 7 ans"
"103","Casablanca","SALAHEDDINE BOUKHROUF","Aucun texte","il y a 5 mois"
"103","Casablanca","Mohammed Rhzili","Aucun texte","il y a un an"
"103","Casablanca","chaykhalarab","Aucun texte","il y a un an"
"103","Casablanca","BENCHORFI SOUFIANE","Aucun texte","il y a 2 ans"
"103","Casablanca","Imrane Elbarji","Aucun texte","il y a 2 ans"
"103","Casablanca","Mao Rach","Aucun texte","il y a 3 ans"
"103","Casablanca","DOUNYA ZAHID","Aucun texte","il y a 3 ans"
"103","Casablanca","Ilyas Laalyani","Aucun texte","il y a 3 ans"
"103","Casablanca","Mohamed Mosaid","Aucun texte","il y a 3 ans"
"103","Casablanca","Omar Leherizzi","Aucun texte","il y a 4 ans"
"103","Casablanca","etienne soenen","Aucun texte","il y a 4 ans"
"103","Casablanca","jadid abderrahim","Aucun texte","il y a 5 ans"
"103","Casablanca","Sid Ahmed DINE","Aucun texte","il y a 5 ans"
"103","Casablanca","Aziz AMINE","Aucun texte","il y a 5 ans"
"103","Casablanca","Y.M games","Aucun texte","il y a 6 ans"
"103","Casablanca","Sarah El Hadaf","Aucun texte","il y a 6 ans"
"103","Casablanca","Rachid pay","Aucun texte","il y a 6 ans"
"103","Casablanca","Ahmad SQALLI HOUSSAINI","Aucun texte","il y a 6 ans"
"103","Casablanca","Adil Bensata","Aucun texte","il y a 6 ans"
"103","Casablanca","KERCHOUB YASSIR","Aucun texte","il y a 6 ans"
"103","Casablanca","mohamed maftah","Aucun texte","il y a 7 ans"
"103","Casablanca","Benhaliyma Salaheddine","Aucun texte","il y a 7 ans"
"103","Casablanca","Adil Adil","Aucun texte","il y a 7 ans"
"105","Rabat","Sfajlemra","5 déplacements, 0 solution : Résiliation impossible et personnel déplorable
Expérience absolument inacceptable. J'ai dû me déplacer trois fois pour la résiliation (informations téléphoniques jamais transmises) et deux fois pour la …","il y a 5 mois"
"105","Rabat","Islam","Le monsieur était très malpoli, je lui demandais des informations pour la fibre et quand je lui dit que son collègue m’avait dit que si je veux arrêter le wifi je vais payer un moi sans consommation. Il m’a mal parlé et il a dit que je …","il y a 6 mois"
"105","Rabat","insaf elkoussia","Je me suis rendue à l’agence et j’ai constaté un manque de professionnalisme dans le service. L’agent en charge de mon accueil parlait simultanément avec plusieurs personnes, ce qui a nui à la qualité de l’échange. Lorsque j’ai exprimé mon …","il y a 8 mois"
"105","Rabat","hanan oulahyan","Un grand merci à Hanna pour son professionnalisme, sa gentillesse et son service irréprochable. Elle a été très patiente, à l’écoute, et m’a vraiment bien accompagnée dans toutes les démarches. Une personne serviable et agréable, comme on aimerait en rencontrer plus souvent !","il y a 9 mois"
"105","Rabat","Afas Safa","L'agence INWI localisée à l'avenue des nations unies, Agdal Rabat est vraiment en deçà des attentes, le 21 juillet 2025 un client a demandé d'assainir sa situation suite aux erreurs commises sur son identité sur la base de données inwi, …","il y a 9 mois"
"105","Rabat","Belguerch jamila","Excellente Agence, conseillers très accueillants . Merci Badr de m’avoir reçu et bien renseigné pour les offres en cours. Un accueil chaleureux 🥰 je recommande vivement …","il y a un an"
"105","Rabat","Samir Idrissi","Agence un peu défraîchie avec un personnel qui fait de son mieux mais qualité de service assez moyenne
Je n""ai pas pu avoir de facture au nom de la société parce que soit disant le …","il y a 6 ans"
"105","Rabat","Saïd Zeghari","J'ai visité cet endroit pour un abonnement.  Service très moyen. C'était à moi d'insister auprès du vendeur pour avoir le type d'abonnement que je voulais ! et insister pour avoir des informations. Le personnel n'est pas du tout …","il y a 3 ans"
"105","Rabat","Tarik Chemlal","Agent accueillant, compétent et disponible.
Je recommande cette agence.","il y a 11 mois"
"105","Rabat","h al","J'ai fait une demande de dégroupage adsl il y a maintenant 1 mois et demi, on m'apprend que la demande n'ayant pas abouti, pour des raisons techniques (propres à inwi), elle a donc été annulée. Seulement, le commercial de l'agence où j'ai …","Modifié il y a 7 ans"
"105","Rabat","ilham ABD EL MOUMNI","NUL (accueil et service)
Jamais joignable, il faut se déplacer pour le moindre soucis.
Je suis  obligé de mettre une étoile juste pour valider autrement ça passe pas","il y a 3 ans"
"105","Rabat","Yousra Belhimer","Mauvais service . Ne les croyez pas","il y a 11 mois"
"105","Rabat","zakariae belfarhounia","Service catastrophique. Pour me donne duplicata de contrat sans engagement ,Sans parler du comportement inapproprié des agents","il y a 3 ans"
"105","Rabat","Samir Hachim","une agence avec un service null, et repons jamais a leur télephone fixe","il y a 2 ans"
"105","Rabat","Tamo Jwadi","Personnel débordé ou non expérimenté..système toujours très lent...service à rénover","il y a 3 ans"
"105","Rabat","BOUH EL HOUSSAIN","Merci pour votre super et très bonne qualité de service!","il y a 3 ans"
"105","Rabat","EMMANUEL C.A","Bonne agence.service rapide . très bonne amplitude horaire.","il y a 4 ans"
"105","Rabat","جيراري مريم الاء","Tres bonne reception
,les agents sont sympathiques et accueillants","il y a 4 ans"
"105","Rabat","lakhdar hachim","Très bonne agence avec personnel serviable","il y a 8 ans"
"105","Rabat","jawad fakir","Éviter d'aller dans cette âgence.. Il y en a beaucoup d'autres plus sympa","il y a 8 ans"
"105","Rabat","Ahmed Zahidi","Bon emplacement au centre de l'Agdal, facilement accessible.","Modifié il y a 6 ans"
"105","Rabat","Moha Derfouf","Non satisfait de leur service","il y a 3 ans"
"105","Rabat","Khalid EL AMRANI","Personnel très serviable.","il y a 6 ans"
"105","Rabat","La Citadine","Dessus . Agence a évité .","il y a un an"
"105","Rabat","Hassan Nejjari","Très satisfait","il y a 5 ans"
"105","Rabat","Mustapha","Bon accueil","il y a 4 ans"
"105","Rabat","Medo Medo","Bonne service","il y a 2 ans"
"105","Rabat","Karim Sourouri","Service satisfaisant","il y a 4 ans"
"105","Rabat","Amine Hammouti","Un esprit professionnel 👌 …","il y a 2 ans"
"105","Rabat","Majdoulin Lyazghi","service client zéro","il y a 3 ans"
"105","Rabat","Amoussa Sanoussi","Magnifique","il y a un an"
"105","Rabat","Said IGOUJIME","Bon travail","Modifié il y a 5 ans"
"105","Rabat","F B","Bon","il y a 6 ans"
"105","Rabat","Khalil Boukri","Personnelle insupportable","il y a 6 ans"
"105","Rabat","Official Trailers","👍🏼👍🏼👍🏼 …","il y a 2 ans"
"105","Rabat","Simo Bou","Bon service","il y a 5 ans"
"105","Rabat","Laila Lily","J'avais une expérience très décevante manque de professionnalisme absence d’écoute et surtout un comportement impoli que ce soit de la part du personnel ou même de la directrice …","il y a 2 semaines"
"105","Rabat","Ramsés Rodríguez Ureña","Je suis arrivé à 17h45 et, à peine entré, on m'a dit que je devais revenir demain. Pourquoi indiquez-vous une fermeture à 20h si vous n'assurez pas les services avant cette heure ?","il y a 10 mois"
"105","Rabat","Андрей Кошкош","L'application est hors service depuis six mois. L'agence ne peut pas modifier mon forfait, je dois donc appeler. À quoi bon avoir une agence, alors ? La connexion internet est catastrophique.","Modifié il y a 2 ans"
"105","Rabat","Omar Adam","Je suis allé là-bas hier pour obtenir une carte SIM pour mon nouvel iPhone 15. Après avoir attendu près de 20 minutes, le vendeur m'a dit que je devais attendre au moins un mois, car ils ne l'avaient pas, et tous les magasins ne l'avaient …","il y a 2 ans"
"105","Rabat","Mustapha Benouahmane","Service impeccable et personnel très serviable, jamais déçu. Ils sont à l'écoute de toutes les demandes des clients. Mon expérience avec leur service client a été très positive.","il y a 3 ans"
"105","Rabat","Dr.Sultan Alali","Les meilleurs employés du service à la clientèle au monde sont M. Bader et Mme Noha.","il y a un an"
"105","Rabat","Aziz Hicham","J'ai rencontré plusieurs problèmes lors du transfert de mon numéro de téléphone de mon ancien opérateur vers Inwi. …","il y a 5 ans"
"105","Rabat","Simo Him","Le personnel était compétent et serviable, et a fourni des explications claires. …","il y a 3 ans"
"105","Rabat","Micheal Deroi","Ils ne sont pas intéressés à me fournir une connexion Wi-Fi fibre optique.","il y a 3 ans"
"105","Rabat","faica faical","Aucun texte","il y a 6 ans"
"105","Rabat","Dr Sara Chbourk","Aucun texte","il y a un an"
"105","Rabat","عبد الرحمانem الساقيbu","Mieux que ce à quoi je m'attendais","il y a 5 ans"
"105","Rabat","Mohamed Drissi Bakhkhat","Bon service.","il y a 10 ans"
"105","Rabat","thevionn maziane","Service excellent","il y a 4 ans"
"105","Rabat","Said tahiri","makynch fin tblasi","il y a 4 ans"
"105","Rabat","Hanane Koraibi","Horrible","il y a 2 ans"
"105","Rabat","Mimi Moon","Bien","il y a 6 ans"
"105","Rabat","Houda Lk","Bon service","il y a 2 ans"
"105","Rabat","I T","Service déplorable, immense bureau et employé totalement incompétent.","il y a 3 jours"
"105","Rabat","y k","Aucun texte","il y a 2 mois"
"105","Rabat","marija sosic","Aucun texte","il y a 3 mois"
"105","Rabat","Othman Elmarjany","Aucun texte","il y a 5 mois"
"105","Rabat","Ouhoud Achraf","Aucun texte","il y a 7 mois"
"105","Rabat","Guillaume JOBIN","Aucun texte","il y a un an"
"105","Rabat","Rad 1u","Aucun texte","il y a un an"
"105","Rabat","Shakhim","Aucun texte","il y a un an"
"105","Rabat","Hakim AZZOUGAGH","Aucun texte","il y a un an"
"105","Rabat","redouane rodi","Aucun texte","il y a 2 ans"
"105","Rabat","poco poco","Aucun texte","il y a 2 ans"
"105","Rabat","ahmed laoufi","Aucun texte","il y a 2 ans"
"105","Rabat","Said Hamdani","Aucun texte","il y a 2 ans"
"105","Rabat","Mustapha Affan","Aucun texte","il y a 2 ans"
"105","Rabat","West Events Management","Aucun texte","il y a 3 ans"
"105","Rabat","Salma CHARAFI","Aucun texte","il y a 3 ans"
"105","Rabat","Hicham Rafih","Aucun texte","il y a 3 ans"
"105","Rabat","Fatima Zahra","Aucun texte","il y a 3 ans"
"105","Rabat","ihssane achour","Aucun texte","il y a 3 ans"
"105","Rabat","Rezzouqi Walid","Aucun texte","il y a 3 ans"
"105","Rabat","Ayman El frayji","Aucun texte","il y a 3 ans"
"105","Rabat","Zouhair Kozmane","Aucun texte","il y a 3 ans"
"105","Rabat","Yassine Y","Aucun texte","il y a 4 ans"
"105","Rabat","Good Good","Aucun texte","il y a 4 ans"
"105","Rabat","RACHID RAFIA","Aucun texte","il y a 4 ans"
"105","Rabat","youssef khallouk","Aucun texte","il y a 4 ans"
"105","Rabat","Younès EL BOUZEKRI EL IDRISSI","Aucun texte","il y a 4 ans"
"105","Rabat","Fati Elhassani","Aucun texte","il y a 4 ans"
"105","Rabat","Mohamed Zahrani","Aucun texte","il y a 4 ans"
"105","Rabat","Hatim Afifi","Aucun texte","il y a 4 ans"
"105","Rabat","Abdelmounim Belhsan","Aucun texte","il y a 5 ans"
"105","Rabat","Aube Solenn MIKALA","Aucun texte","il y a 5 ans"
"105","Rabat","moumen a","Aucun texte","il y a 5 ans"
"105","Rabat","BACHIR Fannani","Aucun texte","il y a 5 ans"
"105","Rabat","youssef chmourk","Aucun texte","il y a 5 ans"
"105","Rabat","Amine Ait Lmouden","Aucun texte","il y a 5 ans"
"105","Rabat","fadel mahade","Aucun texte","il y a 5 ans"
"105","Rabat","Mohammed BELATAR","Aucun texte","il y a 6 ans"
"105","Rabat","Idi Motivé","Aucun texte","il y a 6 ans"
"105","Rabat","Jose Tejera Bouchafa","Aucun texte","il y a 6 ans"
"105","Rabat","abrazi abderrahim","Aucun texte","il y a 6 ans"
"105","Rabat","Khalid Bahar","Aucun texte","il y a 6 ans"
"105","Rabat","Chaymae Filal","Aucun texte","il y a 6 ans"
"105","Rabat","Mohammed Erryahi","Aucun texte","il y a 6 ans"
"105","Rabat","OSM T","Aucun texte","il y a 7 ans"
"105","Rabat","Hermann KAO","Aucun texte","il y a 7 ans"
"105","Rabat","Laurent RISSER","Aucun texte","il y a 7 ans"
"105","Rabat","hemdaoui abdelhakim","Aucun texte","Modifié il y a 7 ans"
"105","Rabat","Mouna Lamine","Aucun texte","il y a 7 ans"
"105","Rabat","Mehdi IZDDINE","Aucun texte","il y a 8 ans"
"105","Rabat","Yassir Bennouna","Aucun texte","il y a 8 ans"
"105","Rabat","zineb Elbouanani","Aucun texte","il y a 9 ans"
"105","Rabat","Zakaria HADRAOUI (Zhadraoui)","Aucun texte","il y a 10 ans"
"105","Rabat","Abdessamad Azzouzi","Aucun texte","il y a 10 ans"
"105","Rabat","Riad Essalmi","Aucun texte","il y a 10 ans"
"105","Rabat","Nouih Younes","Aucun texte","il y a 11 ans"
"113","Rabat","Alae-dine Belgada","-5 étoile si il faut
des incompétents à éviter savent même pas travailler
En plus irrespectueux","il y a un an"
"113","Rabat","Mohammed Chourifi","Pas mal","il y a 6 ans"
"113","Rabat","aziz berraho","Bonne coine et bonne service","il y a 7 ans"
"116","Rabat","Chaimae Gannouni","Malgré mes nombreuses tentatives de contact, l’agence m’indique systématiquement que le système est en panne et qu’aucun traitement n’est possible.
""سمحيلينا السيستيم طايح!!!!""","il y a 4 mois"
"116","Rabat","hachem boussif","Personnel très décevant. La personne en charge du magasin ne sait pas communiquer correctement et est très impolie. Je ne recommande pas cette agence.","il y a 5 mois"
"116","Rabat","Na BEN","Très bonne agence INWI, la responsable est très bien formée et présente de manière optimale les produits. Son accueil est professionnel et cordial, on en ressort tout à fait satisfaits. De plus, contrairement à beaucoup d'agences INWI il n'y a presque pas d'attente.","il y a un an"
"118","Rabat","Zakia Saffar","Très satisfaite du service. Le conseiller était à l'écoute.","il y a 5 mois"
"118","Rabat","Sami","Aucun texte","il y a 5 mois"
"119","Rabat","Agnes Firmine Oulabou Tazekene","On voulait acheter une carte Sim et comme suis noire le gar m'a dit que c'est 200dhs au lieu de 20dhs. Quand j'ai appelé notre chauffeur qui est marocain, l'agencié à dit c'est 20dhs. Il voulait m'arnaquer.","il y a 7 ans"
"119","Rabat","Mehdi Hilali","Pack wifi vacay… illimité.  Je ne le recommande pas","il y a 3 ans"
"119","Rabat","Lasfar Ali","Sympa, les 2 agents sont compétents","il y a 7 ans"
"119","Rabat","yassir laouani","Khona Sed l'agence w mcha","il y a 4 ans"
"119","Rabat","Houda Daali","Personnels accueillants, polis et professionnels","il y a 5 ans"
"119","Rabat","Roonyboss officiel224","J'adore","il y a 6 ans"
"119","Rabat","mostapha cherad","Bon service","il y a 6 ans"
"119","Rabat","FRANCK NAMA","Travail soigné","il y a 7 ans"
"119","Rabat","samira reghay","Service lent","il y a 5 ans"
"119","Rabat","Boubaker OUHMOUCH","Lourd service","il y a 6 ans"
"119","Rabat","mils","A fuir.......","il y a 6 ans"
"119","Rabat","Mehdi Levi","Service déplorable et ligne téléphonique inexistante depuis 11 jours. J'exige une amélioration du débit, qui ne dépasse pas 1 mg, et aucune solution n'a encore été apportée. 👎👎👎 …","il y a un an"
"119","Rabat","Yassine Benslassi","Ils offrent un bon service et un excellent accueil.","il y a 3 ans"
"119","Rabat","abdel elghemari","Bien situé, services agréables","il y a 7 ans"
"119","Rabat","Saad Eznauloui","Je soutiens mon Maroc bien-aimé","il y a 5 ans"
"119","Rabat","Imad3 Aitmanzou","Aucun texte","il y a 7 ans"
"119","Rabat","Hind Bouras (‫ام محمد‬‎)","excellent","il y a 4 ans"
"119","Rabat","Aissaoui Abdellatif","Être......","il y a 5 ans"
"119","Rabat","أبو امحمد","vardavarda","il y a 4 ans"
"119","Rabat","Hamza Essolhi","Aucun texte","il y a 3 mois"
"119","Rabat","Salah Eddine","Aucun texte","il y a 10 mois"
"119","Rabat","Hicham HAMDANI","Aucun texte","il y a 2 ans"
"119","Rabat","Zouhair Aissaoui","Aucun texte","il y a 4 ans"
"119","Rabat","Loubna Nouaoui","Aucun texte","il y a 4 ans"
"119","Rabat","El Mahri Simo","Aucun texte","il y a 4 ans"
"119","Rabat","Uness Ben","Aucun texte","il y a 4 ans"
"119","Rabat","zineb Zay","Aucun texte","il y a 5 ans"
"119","Rabat","hamid El","Aucun texte","il y a 5 ans"
"119","Rabat","Jabrane EL-KHCHINE","Aucun texte","il y a 5 ans"
"119","Rabat","Faisal Chaudhary","Aucun texte","il y a 5 ans"
"119","Rabat","karamoko fofana","Aucun texte","il y a 5 ans"
"119","Rabat","Maatallah Abdelhakim","Aucun texte","il y a 5 ans"
"119","Rabat","AgroFor","Aucun texte","il y a 5 ans"
"119","Rabat","Anas Zouhri","Aucun texte","il y a 6 ans"
"119","Rabat","Idin Faris","Aucun texte","il y a 6 ans"
"119","Rabat","Mohammed Chrif","Aucun texte","il y a 6 ans"
"119","Rabat","haf sa","Aucun texte","il y a 6 ans"
"119","Rabat","Fanida GATI","Aucun texte","Modifié il y a 6 ans"
"119","Rabat","Azzdine Attori","Aucun texte","il y a 6 ans"
"119","Rabat","Elhaj azzaoui","Aucun texte","il y a 6 ans"
"119","Rabat","Soufiane Chalf","Aucun texte","il y a 6 ans"
"119","Rabat","Othman Sabir","Aucun texte","il y a 7 ans"
"119","Rabat","Hsika Mohamed","Aucun texte","il y a 7 ans"
"119","Rabat","houssam elyaoumi","Aucun texte","il y a 7 ans"
"119","Rabat","احمد راشيد","Aucun texte","il y a 7 ans"
"119","Rabat","F B","Aucun texte","il y a 7 ans"
"119","Rabat","meryem kreuit","Aucun texte","il y a 7 ans"
"119","Rabat","Youssef Saddaf","Aucun texte","il y a 7 ans"
"119","Rabat","Ahmed MEZRAOUI","Aucun texte","il y a 7 ans"
"119","Rabat","عبدالجليل الشاهدي الوزاني","Aucun texte","il y a 8 ans"
"120","Rabat","Jdjdjfj Djxjjx","Trés bon service","il y a 3 mois"
"120","Rabat","Med mehdi Hassini","C'est une mauvaise agence dans Rabat","il y a un an"
"120","Rabat","Anas Jad","Un service très très mauvais","il y a un mois"
"120","Rabat","yassine ahsina","Services médiocres","il y a 4 mois"
"120","Rabat","Elkasmi Hicham","Heures de travail","il y a un an"
"120","Rabat","abdelghafour Chaoui Belmir","Aucun texte","il y a un mois"
"120","Rabat","phakamas p intarapan","Aucun texte","il y a 3 mois"
"120","Rabat","MOUNSIF EL ATOUCH","Aucun texte","il y a 7 mois"
"121","Rabat","Kawtar Mahassine","Je souhaite partager une expérience décevante avec le service client Inwi.
J’ai voulu transférer mon contrat Internet vers un nouvel appartement, car je ne compte évidemment pas payer deux abonnements en parallèle. Normalement, une …","il y a 6 mois"
"121","Rabat","Sylvian Girard","Ils ne servent à rien.
Pas capable de nous vendrent des données mobiles en recharge.
Pas sympatique.
On a l'impression de les embêter.","il y a 3 mois"
"121","Rabat","Riyad Mokhtari","Une personne travaille seule dans cette boutique alors que les clients sont nombreux. Pas de chaise disponible.
Le service Inwi est truffé de bug et d’incohérence.","il y a 3 ans"
"121","Rabat","Dato Outban Habib","c'est un service qui laisse à désirer.   franchement je regrette d'avoir un abonnement Adsl avec ce service . je ne conseillerai jamais jamais jamais leur service à mon entourage.","il y a 3 ans"
"121","Rabat","ilus","Système souvent en panne, imprimante hors service (donc pas de reçus). 1 seul employé au guichet, souvent attentes interminables.","il y a 3 ans"
"121","Rabat","touria Cherkaoui","Trés satisfaite des prestations fournies par le conseiller qui est trés gentil. Trés bel acceuil des clients. Ne changez rien à cette agence. Grand merci à vous","il y a 6 ans"
"121","Rabat","Mme A Rifai","Pas de réponse au niveaux de centre d'appels ce qui conserne les requettes, un retard immense pr la réparation de la ligne plus que deux mois","il y a 4 ans"
"121","Rabat","Amina Alaoui","L employer est pas trop serviable je ne m y rendrai jamais 😒 …","il y a 4 ans"
"121","Rabat","Nouemane Demnati","Inwi une société internet provider. Pas sérieux","il y a 2 ans"
"121","Rabat","hafid Elkharraf","Très aimable le monsieur qui y travaille... Et bon conseiller","il y a 7 ans"
"121","Rabat","Peniel Salahou","Service correct personnelle plutôt serviable.","il y a 6 ans"
"121","Rabat","Hind Ezzakrani","Très bon","il y a 3 ans"
"121","Rabat","Anas Dahhou","Effectif trop réduit","il y a 7 ans"
"121","Rabat","hafid fassi fihri","Minable","il y a 5 ans"
"121","Rabat","charaf ZAROUAL","Bon service","il y a 2 ans"
"121","Rabat","Mouna Ramili","Service impeccable","il y a 6 ans"
"121","Rabat","abderahi aitrhou","👎 …","il y a 5 ans"
"121","Rabat","Alami Nacer","Bonne courage","il y a 4 ans"
"121","Rabat","Mouncef EL MAROUDI","Services 0","il y a 7 ans"
"121","Rabat","Ali El messaoudi","Agence fermée, personne n’y est! Et pourtant c’était l’heure de travail (15h 30min)","il y a 4 jours"
"121","Rabat","Mohamed Tamer","S'il y avait eu moins d'une étoile, cela aurait été la véritable évaluation. Un service honteux, sans aucun respect pour le client, comme si vous vouliez une faveur, pas un abonnement. Un abonnement à la fibre optique. Même l'obtention du …","il y a 2 ans"
"121","Rabat","Max Ali","Note mauvaise","il y a un an"
"121","Rabat","IBRAHIM BOURZIK","Aucun texte","il y a 5 mois"
"121","Rabat","mustapha hassoussi","Aucun texte","il y a un an"
"121","Rabat","Ali Ouaissa","Aucun texte","il y a 3 ans"
"121","Rabat","Samira samy","Aucun texte","il y a 3 ans"
"121","Rabat","Reda Zorkani","Aucun texte","il y a 5 ans"
"121","Rabat","karim boufdil","Aucun texte","il y a 5 ans"
"121","Rabat","N s","Aucun texte","il y a 5 ans"
"121","Rabat","Badr-Eddine Oubahssine","Aucun texte","il y a 6 ans"
"121","Rabat","Souna Souna","Aucun texte","il y a 6 ans"
"121","Rabat","Cafe Yova","Aucun texte","il y a 6 ans"
"121","Rabat","Mohamed mahamed","Aucun texte","il y a 7 ans"
"121","Rabat","Youness Youyou","Aucun texte","il y a 7 ans"
"121","Rabat","ABDERRAHMANE Mekouar","Aucun texte","il y a 7 ans"
"121","Rabat","Mila Mimi","Aucun texte","il y a 7 ans"
"121","Rabat","Shaymae El","Aucun texte","il y a 8 ans"
"121","Rabat","Houssine IDOUHNA","Aucun texte","il y a 8 ans"
"121","Rabat","Abderrahmane Asserghine","Aucun texte","il y a 9 ans"
"122","Rabat","faica faical","Temps d’attente enorme!
Ne venez surtout pas entre midi et deux, les gens viennent en masse et vous trouverez un employé sur deux ( l’autre sera en pause déjeuner )","Modifié il y a 6 ans"
"122","Rabat","Abdo Chaki","Service bien fait et agents responsables","il y a 7 ans"
"122","Rabat","Mouhssine lachgar","Agent serieux et sympathique","il y a 3 ans"
"122","Rabat","nada ji","Pas mal","il y a 3 ans"
"122","Rabat","Mohamed Traoré","Très serviable","il y a 6 ans"
"122","Rabat","younes zinbi","👍 …","il y a un an"
"122","Rabat","Mennaoui Mohammed","Service moyenne","il y a 6 ans"
"122","Rabat","Moh Simochoc04","Joli coins","il y a 6 ans"
"122","Rabat","ayoub live","Mauvais service","il y a 6 ans"
"122","Rabat","Mohamed Lachhab","Moyen","Modifié il y a 6 ans"
"122","Rabat","moi Nouairi","Parfait","Modifié il y a 6 ans"
"122","Rabat","Mike Shinsun","Pourquoi est-ce toujours fermé et, quand c'est ouvert, il n'y a personne à l'intérieur, comme s'ils prenaient un jour de congé tous les jours ?","il y a 6 mois"
"122","Rabat","Wael Chnani","L'agence était fermée un jour ouvrable normal, c'est-à-dire lundi dernier.

Je ne recommande pas cette agence.","il y a 8 mois"
"122","Rabat","ROSA SALVE","J'ai attendu une heure pour recharger mon téléphone. La personne qui était là l'après-midi n'était pas très compétente.","il y a 3 ans"
"122","Rabat","Djiby Diallo","Nickel 👌 …","il y a 3 ans"
"122","Rabat","Ryad Benmoussa","Aucun texte","il y a un mois"
"122","Rabat","Mehdi Boutayeb","Aucun texte","il y a un an"
"122","Rabat","Houda Houda","Aucun texte","il y a 2 ans"
"122","Rabat","Simo Simo","Aucun texte","il y a 2 ans"
"122","Rabat","Fouad El Bourji","Aucun texte","il y a 4 ans"
"122","Rabat","Mahdi Loughzail","Aucun texte","il y a 5 ans"
"122","Rabat","Ouassila Elbaz","Aucun texte","il y a 5 ans"
"122","Rabat","Ennaji Ali","Aucun texte","il y a 6 ans"
"122","Rabat","Immo Espérance","Aucun texte","il y a 6 ans"
"122","Rabat","Medo Medo","Aucun texte","il y a 6 ans"
"122","Rabat","Oumaima Malki","Aucun texte","il y a 6 ans"
"122","Rabat","Zakaria LOUBEIDI","Aucun texte","il y a 6 ans"
"122","Rabat","Mohammed Salhi","Aucun texte","il y a 6 ans"
"122","Rabat","Abdelilah Belahbib","Aucun texte","il y a 6 ans"
"122","Rabat","nouamane elyaalaoui (‫جريدة الأخبار‬‎)","Aucun texte","il y a 6 ans"
"122","Rabat","ALMORAVIDE MORADI","Aucun texte","il y a 6 ans"
"122","Rabat","sanae Blodness","Aucun texte","il y a 6 ans"
"122","Rabat","Nicholas Mawuli Badohu","Aucun texte","il y a 6 ans"
"122","Rabat","Hamza Benabdeslam","Aucun texte","il y a 6 ans"
"122","Rabat","Atmane Bara","Aucun texte","il y a 6 ans"
"122","Rabat","Ayoub EL AHANIDI","Aucun texte","Modifié il y a 6 ans"
"122","Rabat","Mohsin El masmoudi","Aucun texte","il y a 7 ans"
"122","Rabat","Simo Hamed","Aucun texte","il y a 7 ans"
"122","Rabat","lionel nzamba","Aucun texte","il y a 7 ans"
"122","Rabat","Khalid Alanti","Aucun texte","il y a 7 ans"
"122","Rabat","Meryem Errachdi","Aucun texte","il y a 7 ans"
"122","Rabat","Ahmed idbelouch","Aucun texte","il y a 7 ans"
"122","Rabat","Md Leader","Aucun texte","il y a 7 ans"
"122","Rabat","My beauty Form","Aucun texte","il y a 7 ans"
"122","Rabat","Abdeljalil Ben","Aucun texte","il y a 7 ans"
"122","Rabat","med tarik benyaich","Aucun texte","il y a 7 ans"
"123","Rabat","Maha Tahry","Bonjour,

Je souhaite déposer une réclamation officielle concernant mon dossier fibre …","il y a 3 mois"
"123","Rabat","Mbaye Diop","C'est ici que j'ai payé mes factures","il y a 4 mois"
"123","Rabat","NABIL EL BIYYADI","Très mauvais service surtout les agents qui sont à l'accueil et encore pire la dame,et pour l'option satisfait ou remboursé c'est juste de l'arnaque , j'ai testé le retour ça va pas marché mais la commerciale ne voulait pas accepter le retour a cause de l'emballage  qui en carton","il y a un an"
"123","Rabat","Aziz Sassi","La jeune dame est en train de se taper tout le boulot de la région ! Une file d’une dixaine de personnes (Massira I disent que “سيسطيم"" et “login”…). Elle maintient le sourire الله يجازيها بخير ويعينها","il y a 3 ans"
"123","Rabat","youssef jabairi (Jabairi87)","Attente d'au moins 50 min car une seule personne présente, je voulais convertir mes points de fidélité mais apparemment y a plus de téléphone dispo. Même chose inwi centre temara, idem inwi rabat route zaers (carrefour). …","il y a 5 ans"
"123","Rabat","abdellatif elmoukadam","Service nul 👎🏼
La 07/01/2025,15h50. …","il y a un an"
"123","Rabat","Abdelkader Benaissat","Je suis profondément déçu par leur comportement peu professionnel et leur manque de considération envers les clients.","il y a 2 ans"
"123","Rabat","JAWAD COP","Le mec toujours à son poste, souriant et serviable. Beau travail et bonne continuation","il y a 2 ans"
"123","Rabat","intissar nhaila","Service nul, on attend trop à cause des problèmes de wifi de l’agence! Une personne po","il y a 2 ans"
"123","Rabat","Med TELE","Mauvaise service","il y a 7 mois"
"123","Rabat","Zouhair (“Wazeur”)","2 personnes pour une queue de plus de 15 personnes c de l'arnaque","il y a 3 ans"
"123","Rabat","Hassan Siraj","Bon accueil. Certains services ne peuvent être traités sur place.","il y a 6 ans"
"123","Rabat","Askour Jamal","Personnel réduits et délai d'attente treees long","il y a 5 ans"
"123","Rabat","amina guerrab","Il faut leur apprendre leur produit et le métier du service client","il y a 4 ans"
"123","Rabat","yassine cy","Mauvaise service dima réseau taye7 pffff","il y a 3 ans"
"123","Rabat","Hicham Oulad Akdim","Personnel nul aucune conaissence des procedures","il y a 5 ans"
"123","Rabat","FAYE SANOR PRO","On perd beaucoup de temps pour payer sa facture","il y a 5 ans"
"123","Rabat","Guillaume Lafontaine","Poli, mais ne font que le strict minimum.","il y a 7 ans"
"123","Rabat","Nidae Yassir","Trop cher même par rapport au autres carfour","il y a 6 ans"
"123","Rabat","Ismael Bensghir","Parfois fermer dans les horaires d ouverture","il y a 6 ans"
"123","Rabat","Hassan Siraj","Certains services ne sont pas disponibles","il y a 6 ans"
"123","Rabat","angel of death","Pas mal","il y a 5 ans"
"123","Rabat","Abdessamad Raqioui","Mauvais service clientèle","il y a 4 ans"
"123","Rabat","Fettah Mohsil","Bien","il y a un an"
"123","Rabat","Ben abed","Pas de couverture suffisante.","il y a 7 ans"
"123","Rabat","Réda BELKHO","Un service pitiable","il y a 5 ans"
"123","Rabat","Younes Messi (YouMes)","Nul","il y a 3 ans"
"123","Rabat","nadia berkouat","Bon service","il y a 4 ans"
"123","Rabat","Khalil ElKhayati","Génial","il y a 5 ans"
"123","Rabat","Rich Fikri","Pas intéressant","il y a 7 ans"
"123","Rabat","Lili Future","Nulle","il y a 4 ans"
"123","Rabat","youness ben miloud","des enfants irresponsable","il y a 4 ans"
"123","Rabat","Mohammed Benlamallem","Sce rapide","il y a 7 ans"
"123","Rabat","je suis o ana","Sévices de qualité","il y a 6 ans"
"123","Rabat","zineb","pas mal","il y a 6 ans"
"123","Rabat","Karim NANOU","Bon service","il y a 7 ans"
"123","Rabat","Aya Kournif","Hadak li mkhdmin tma gher kijri likom 3la les clients .. khdmo chi wahd ki3rf yhdr wyt3aml","il y a 6 mois"
"123","Rabat","Rabiê GHANAM","Très incomplète dans ses relations. La dame ne comprend rien au jeu. Vous lui dites ADSL, elle vous dit Fibre Optique. Je lui demande des informations sur le site officiel de l'entreprise. Elle me dit que c'est leur service, pas le nôtre. …","il y a 2 ans"
"123","Rabat","Moto CluB","Les plus gros éboueurs sont ceux qui y travaillent. Essayez de les remplacer, sinon vous perdrez vos clients.","il y a un an"
"123","Rabat","Mery Jem","Si c'est quelqu'un qui a fait ça, 9al de l'étoile, wahda ghandirha... Inwi kolha 0 de la loi, parle-lui, il viendra à toi, ou il reviendra 3lik, ce sont eux qui le voulaient 00000000000000 nuuuuul","il y a 2 ans"
"123","Rabat","Angel","La plupart des employés d'Inwi sont impolis et incompétents, comme s'ils appartenaient à l'agence de leur père. Ils sont tous nerveux et font attendre les gens pour des broutilles. L'entreprise devrait recruter des employés qui ne draguent …","il y a 3 ans"
"123","Rabat","HOSSINE JO","J'ai eu une expérience désastreuse avec Inwi ce mois-ci. Je n'arrive pas à croire que ces opérateurs ne veuillent pas envoyer quelqu'un installer la fibre. Je ne les contacterai plus jamais.","il y a 4 ans"
"123","Rabat","Adam Dubois","L'agent était très impoli et irrespectueux ; il ne connaissait absolument rien à la box Internet Idar Duo. …","il y a 6 ans"
"123","Rabat","Radouane H.R","L'agence est toujours bondée ; il faut attendre pour obtenir un service, sans parler des pannes de réseau occasionnelles.","il y a 4 ans"
"123","Rabat","Massinissa","Mauvais service, il faut plus d'une heure juste pour payer l'abonnement et employés peu respectables","il y a 4 ans"
"123","Rabat","Matjare Al Fadila","Actuellement fermé.

Service déplorable.","il y a un an"
"123","Rabat","slimane hosni","Accueil et service au niveau souhaité.","il y a un an"
"123","Rabat","Mohamed El haddioui","Explorer et voyager à travers le Royaume est une expérience unique et agréable, incomparable à toute autre.","il y a 3 ans"
"123","Rabat","Abu Chanabe","Bon traitement avec un bon accueil et à l'écoute des clients.","il y a 4 ans"
"123","Rabat","oplex oplex","Un employé de cette agence manque d'expérience, et de nombreuses erreurs sont commises avec les clients.","il y a 6 ans"
"123","Rabat","Elvis Adinasco","Le prestataire de services est très sympa avec les clients.","il y a 7 ans"
"123","Rabat","AYMAN EL AIMACH","Le service est tellement bon, j'adore !","il y a 5 ans"
"123","Rabat","alsaeef","L'emplacement est bon et le service est excellent.","il y a 3 ans"
"123","Rabat","Ben Lhayl","Au nom de Dieu, le Tout Miséricordieux, le Très Miséricordieux. Louange à Dieu, Seigneur de l'univers.","il y a 3 ans"
"123","Rabat","kimo nour","L'employé est impoli.","il y a un an"
"123","Rabat","Othmane El haddadi","Cela s'est avéré utile malgré le manque d'employés.","il y a 3 ans"
"123","Rabat","S3DOx","Service correct, acceptable","il y a 4 ans"
"123","Rabat","Issam Hamdane","Une bonne agence, merci 🙏 …","Modifié il y a 5 ans"
"123","Rabat","Ayoub Khaddou","Une réception offensante pour l'entreprise","il y a 4 ans"
"123","Rabat","Mohammad Moha","Service de paiement de factures Inwi","il y a 3 ans"
"123","Rabat","abou Chabib","Cela ne remplit pas son objectif.","il y a 6 ans"
"123","Rabat","bencharki mounir","C'est bon","il y a 4 ans"
"123","Rabat","said oussaada","mziana","Modifié il y a un an"
"123","Rabat","Hk Hk","Au niveau requis👍👍 …","il y a 5 ans"
"123","Rabat","Mohamed elmoumine","Excellent","il y a 3 ans"
"123","Rabat","Rocko Vlog","bien","il y a 2 ans"
"123","Rabat","Mike Fischer","Bien","il y a 4 ans"
"123","Rabat","omar omar","excellent","il y a 4 ans"
"123","Rabat","Dahb Yassine","J'aime 1","il y a 8 ans"
"123","Rabat","Ahmad Aya","bien","il y a 6 ans"
"123","Rabat","Mohamed Moutawakil","👎🏻👎🏻👎🏻👎🏻 …","il y a 2 ans"
"123","Rabat","Mouhamadou Bamba DRAME (Dr Bamba DRAME)","Service médiocre","il y a 5 ans"
"123","Rabat","abdellah yacoubi.sahli","Correct

👍 …","il y a 7 ans"
"123","Rabat","Karima Ouaiddi","Bien","il y a 7 ans"
"123","Rabat","AHmed BEn sEltan","Service médiocre","il y a 13 heures"
"123","Rabat","Houssam Chihib","Aucun texte","il y a une semaine"
"123","Rabat","elkouri chafik","Aucun texte","il y a 3 mois"
"123","Rabat","Hasnaa El Khyari","Aucun texte","il y a 5 mois"
"123","Rabat","Anas Darai","Aucun texte","il y a 7 mois"
"123","Rabat","Khalid ZiiSh","Aucun texte","il y a 7 mois"
"123","Rabat","yacine elboukhari","Aucun texte","il y a 8 mois"
"123","Rabat","Hamza Chiboub","Aucun texte","il y a 9 mois"
"123","Rabat","Allora Khadija","Aucun texte","il y a 9 mois"
"123","Rabat","lahcen elhimer","Aucun texte","Modifié il y a un an"
"123","Rabat","VAULT 101","Aucun texte","il y a un an"
"123","Rabat","Yassine Moslih","Aucun texte","il y a un an"
"123","Rabat","dridat othmane","Aucun texte","il y a un an"
"123","Rabat","osama sama","Aucun texte","il y a un an"
"123","Rabat","ouafae elaoufir","Aucun texte","il y a un an"
"123","Rabat","Ayoub BAGGAR","Aucun texte","il y a un an"
"123","Rabat","sponsor oscar","Aucun texte","il y a 2 ans"
"123","Rabat","Lgnawi Hicham","Aucun texte","il y a 2 ans"
"123","Rabat","rachid baida","Aucun texte","il y a 2 ans"
"123","Rabat","Noujoum El Amal Salé taekwondo","Aucun texte","il y a 2 ans"
"123","Rabat","Douae Hidaya","Aucun texte","il y a 2 ans"
"123","Rabat","Jad Sellam","Aucun texte","il y a 3 ans"
"123","Rabat","hamza rbaa","Aucun texte","il y a 3 ans"
"123","Rabat","El idrissi My","Aucun texte","il y a 3 ans"
"123","Rabat","HAMZA RBAA","Aucun texte","il y a 3 ans"
"123","Rabat","Abderrahim El amerani","Aucun texte","il y a 3 ans"
"123","Rabat","kathir mehdi","Aucun texte","il y a 3 ans"
"123","Rabat","سعيدة Bul","Aucun texte","il y a 3 ans"
"123","Rabat","Meryam Rayane","Aucun texte","il y a 3 ans"
"123","Rabat","Filali Vlog","Aucun texte","il y a 3 ans"
"123","Rabat","next one","Aucun texte","il y a 3 ans"
"123","Rabat","Reda Wydadi","Aucun texte","il y a 3 ans"
"123","Rabat","HICHAM BENNANI","Aucun texte","il y a 4 ans"
"123","Rabat","Elouardi Douae","Aucun texte","il y a 4 ans"
"123","Rabat","Iliass Thitah","Aucun texte","il y a 4 ans"
"123","Rabat","khf kmh","Aucun texte","il y a 4 ans"
"123","Rabat","Yussef Bc","Aucun texte","il y a 4 ans"
"123","Rabat","Abdchafi Abdchafi","Aucun texte","il y a 4 ans"
"123","Rabat","عبدالكبير شكري","Aucun texte","il y a 4 ans"
"123","Rabat","Resa lmn","Aucun texte","Modifié il y a 4 ans"
"123","Rabat","Hossam Chagua","Aucun texte","il y a 5 ans"
"123","Rabat","pedro zakichan","Aucun texte","il y a 5 ans"
"123","Rabat","mehamed omrane","Aucun texte","il y a 5 ans"
"123","Rabat","Samir Lekhdar","Aucun texte","il y a 5 ans"
"123","Rabat","Taha EL BANNANI","Aucun texte","il y a 5 ans"
"123","Rabat","Mohammed Benabdelkader","Aucun texte","il y a 5 ans"
"123","Rabat","kaoutar (“Jewel.Sahar”)","Aucun texte","il y a 5 ans"
"123","Rabat","MUSTAPHA BENCHINOUNE","Aucun texte","il y a 5 ans"
"123","Rabat","Yazid Kasmi","Aucun texte","il y a 6 ans"
"123","Rabat","yao ange mickael Kouakou","Aucun texte","il y a 6 ans"
"123","Rabat","Rachid Benhassi","Aucun texte","il y a 6 ans"
"123","Rabat","elkoraichi hicham","Aucun texte","il y a 6 ans"
"123","Rabat","Bahrar Houssain","Aucun texte","il y a 6 ans"
"123","Rabat","Mohamed EL MSAADI","Aucun texte","il y a 6 ans"
"123","Rabat","sayf barcha","Aucun texte","il y a 6 ans"
"123","Rabat","Amine Naciri (“Amine”)","Aucun texte","il y a 6 ans"
"123","Rabat","Med jad Oufardou","Aucun texte","il y a 6 ans"
"123","Rabat","nor Adil","Aucun texte","il y a 6 ans"
"123","Rabat","Hmimou ilyas","Aucun texte","il y a 6 ans"
"123","Rabat","Alaoui Lamiae","Aucun texte","il y a 6 ans"
"123","Rabat","Amal Abdou","Aucun texte","il y a 6 ans"
"123","Rabat","Nezha EL BARE","Aucun texte","il y a 6 ans"
"123","Rabat","Hicham Essalhi","Aucun texte","il y a 6 ans"
"123","Rabat","Adam Bennano","Aucun texte","il y a 6 ans"
"123","Rabat","Nabil Benz","Aucun texte","il y a 6 ans"
"123","Rabat","Boutayna Mrhizzou","Aucun texte","il y a 6 ans"
"123","Rabat","Houssam adil","Aucun texte","il y a 7 ans"
"123","Rabat","Centre sociptofesionnel hadaf nahda rabat","Aucun texte","il y a 7 ans"
"123","Rabat","Fadil Abderrahim","Aucun texte","il y a 7 ans"
"123","Rabat","Jaljoul Mohamed","Aucun texte","il y a 7 ans"
"123","Rabat","Fatima zahra Zouhir","Aucun texte","il y a 7 ans"
"123","Rabat","Achraf Achrafoun","Aucun texte","il y a 7 ans"
"123","Rabat","Youssef Gartit (YG)","Aucun texte","il y a 7 ans"
"123","Rabat","Abdelmoughit Drif","Aucun texte","il y a 7 ans"
"123","Rabat","water man","Aucun texte","il y a 7 ans"
"123","Rabat","assou abdellah","Aucun texte","il y a 7 ans"
"123","Rabat","sghayar hayat","Aucun texte","il y a 7 ans"
"123","Rabat","Hida Abdo","Aucun texte","il y a 7 ans"
"123","Rabat","NabeL Fet","Aucun texte","il y a 7 ans"
"123","Rabat","Amine El Khabaz","Aucun texte","il y a 7 ans"
"123","Rabat","Baha Baha","Aucun texte","il y a 7 ans"
"128","Rabat","Yousra Belhimer","Service décevant. Leur promesse ne reflète pas la réalité.","il y a 11 mois"
"128","Rabat","Ilyass AGHBABOU","Service de l9lwiii","il y a 7 mois"
"128","Rabat","Jawad Jaad","Service excellent","il y a 2 ans"
"129","Marrakech","Mathieu Ruch","Je suis passé en magasin pour un  accessoire exposé.
Après avoir fait la queue et attendu, on m’annonce que l’article n’est pas en stock et qu’il n’est pas possible de le commander. À quoi bon exposer des produits si on ne peut ni les acheter ni les commander ? Cela fait perdre du temps aux clients...","il y a 4 mois"
"129","Marrakech","Wassila El haddad","Commercial irrespectueux avec qui j’ai eu affaire ce jour . Aucun professionnalisme . On passe d’une agence à une autre avec des discours différents . Service client catastrophique. Jamais un agent ne m’a parlé comme il m’a parlé ! C’est une honte !","il y a 3 mois"
"129","Marrakech","ghita Ghita","Franchement très déçue par cette agence. Service nul, manque de professionnalisme et aucune considération pour les clients","il y a un mois"
"129","Marrakech","SO STYLISTE","Je laisse cet avis car monsieur Abdellah a été très professionnels pour m’accompagner sur les abonnements . En revanche aucun service pour installer mon adsl on m’a fait poireauter pendant 1 semaine en me promettant de venir installer mais …","il y a 7 mois"
"129","Marrakech","Elouafi Inès","Visite le 24 janvier à 11h00. Accueil très décevant : la vendeuse s’est montrée très hautaine et peu professionnelle","il y a 3 mois"
"129","Marrakech","Meh MeH","Catastrophique, limite de la publicité mensongère, le vendeur ne veut pas s’occuper de ma résiliation durant ma période d’essais I-dar. j’avais une semaine pour avoir mon remboursement car je n’étais pas satisfait du réseau (car je capte …","il y a 11 mois"
"129","Marrakech","Jaber Oua","Service trop lent, faut bouger un peu et embaucher plus de personnes, que 2 employés pour un inwi en plein centre ville, durée d’attente une demi heure alors que y’avait 2 personnes avant moi c’est fou, je dis meme service nul et le plus …","il y a 8 mois"
"129","Marrakech","Fati Masrar","Après avoir fait plusieurs passages dans différentes agences Inwi acıma Allal elfassi  mhamid Marjane sans succès, je suis enfin tombé sur une agence qui a vraiment pris le temps de comprendre mon problème. Mon souci concernait une demande …","il y a 9 mois"
"129","Marrakech","Eric Duval","Très très mauvais service
Je ne recommande pas cette agence","il y a 6 mois"
"129","Marrakech","Marouane Doubaj","Trop de retards
un seul employé dans l'agence ne suffit pas.","il y a 3 mois"
"129","Marrakech","Adam René Carlier","J'ai été enfin satisfait du service car le service après vente laisse souvent à désirer.
On doit faire énormément de réclamations où on vous dit : "" Nous montons votre …","il y a un an"
"129","Marrakech","Hajarochka","il y a 9 mois
Le 17 décembre 2024
Professionnalisme absent, un ton et comportement tres désagréable de la part de …","il y a un an"
"129","Marrakech","mohamed el intidami","Après une mauvaise expérience dans l'agence INWI située au N°305, Hay Iziki, avenue Laâyoune à Marrakech, j’ai été agréablement surpris par la qualité d’accueil et de service à l’agence principale INWI de Guéliz. Je m’y suis rendu le 26 mai …","il y a 10 mois"
"129","Marrakech","WISS CREATIONS","Professionnalisme absent, un ton et comportement tres désagréable. Le 8 mars 2024 on arrive à l'agence pour restituer le matériel à 19h40 et ils refusent catégoriquement ( l'agent de sécurité et la conseillère) de nous faire rentrer à …","il y a 2 ans"
"129","Marrakech","Gilles G","Les commerciaux sont tous formater pour répondre et renseigner......
Allez voir les avis sur le net....
Je me suis renseigné pour le wifi et suivant le forfait et le mode de réception, …","il y a un an"
"129","Marrakech","Rida Houar","Agence récemment rénovée. Ma réclamation a été traitée rapidement et avec professionnalisme. Un grand merci à Hamza pour sa disponibilité et sa diligence dans le traitement de mon cas.","il y a un an"
"129","Marrakech","AMALIK Adil","Merci à Simohamed , très professionnel
Un excellent service client 👏🏻👏🏻👏🏻 …","il y a 6 mois"
"129","Marrakech","Kenza","Je tiens à exprimer ma profonde déception et insatisfaction concernant le service que j'ai reçu de la part de votre agence Inwi. j'ai contacté votre agence pour mettre mon numéro de téléphone sous contrat et j'ai été confrontée à une …","il y a 2 ans"
"129","Marrakech","Khadija Nimgharn","Très mauvais accueil. Ai trouvé les deux conseillères en pleine discussion privé et malgré mon entrée, ne se sont pas senties obligées de me recevoir.
J'ai du attendre que ces dernières en finissent. Après cela il m'est demandé le …","il y a 4 ans"
"129","Marrakech","Jules Meunier","Si je pouvais j’aurai mis 0 étoile. Mais impossible.
Service client déplorable, un forfait à 249 Dirham, 45 minutes en agence pour une carte Sim qui ne fonctionne pas après multiples passages en agence, messages à leur « service client INWI ». Je ne recommande ni cette agence, ni cette marque. Fuyez vite !","il y a 3 ans"
"129","Marrakech","jourjon sylvie","Côté Ourika, (KM 24) va falloir faire quelque chose !!!
Si ces dernières années le service Inwi était celui qui fonctionnait le mieux face aux concurrents, désormais je dirai que le service est nul de chez nul, ni …","il y a 2 ans"
"129","Marrakech","Mariam Elkoufi","J'aimerai bien remercier l'équipe de inwi chacun de son prénon Niima Mohamed Siham et hamza de leurs services favorable.
Bonne continuation","Modifié il y a 8 mois"
"129","Marrakech","Zamzam Hocine","Le réseau sur marrakech targa catastrophe  j'ai payé deux moins d'abonnement pour rien incroyable.
Impossible de travailler","il y a un an"
"129","Marrakech","Juan Milooze","Qu’est ce que c’est nul inwi…..
Maroc Telecom bien meilleur.","il y a 9 mois"
"129","Marrakech","KAOUTHAR MOUJBIR","L2o5t Nouaamae ahamdane vraiment c'est une fille très gentille ta3amol flmostawa","il y a un an"
"129","Marrakech","Michel Hontas","Excellent accueil et beaucoup de bonne volonté pour me dépanner de la part de mon interlocutrice. Un grand bravo à elle avec mes sentiments reconnaissants","il y a 3 ans"
"129","Marrakech","El_AlbariCok_","Tentative d’escroquerie de la part du vendeur, voulant me faire souscrire d’un abonnement d’un an","il y a 11 mois"
"129","Marrakech","Jl","Personnel très à l'écoute des requêtes des clients .","il y a 8 mois"
"129","Marrakech","Sasou Bada","L'opérateur telephonique  Inwi fait de superbe promotion et offre illimité etc limité
Je m'y suis rendu pour m'informer... L'agent est patient vu que je suis le genre à trop poser de questions.. Je pense pouvoir faire affaire avec Inwi.. Offres trop alléchantes..","il y a 7 ans"
"129","Marrakech","Charaf Charaf","Je remercie Simo meilleur service  très très bon qualité service 👍🏻👍🏻👍🏻 bon continuation 💪💪 …","il y a un an"
"129","Marrakech","Naima Zine","Merci bcp lala niama","il y a 6 mois"
"129","Marrakech","Zineb Ab","Merci niama pour le service top","il y a 9 mois"
"129","Marrakech","Christine Dompsin","Personnel agréable, serviable et patiente. Je recommande","il y a un an"
"129","Marrakech","Hicham Aboumalek","En tant qu'opérateur c nul comme service connexion internet très faible et en tant qu'agence tu peux même pas trouver une place pour s'assoir à éviter","il y a 6 ans"
"129","Marrakech","Lina Chehab","Lbnita alah y3mrha dar merci pour le service","il y a un an"
"129","Marrakech","wiam hmidouch","Connexion 0
Service telephonique 0","il y a 8 mois"
"129","Marrakech","Farah El Alem","Mauvais service Inwi c'est le pire opération existe ni service client ni rien je recommande pluuuuss !!!! 0 étoile","il y a 3 ans"
"129","Marrakech","Mouna Belhouari","A éviter c'est honteux","Modifié il y a 8 mois"
"129","Marrakech","Rkia Klilich","Le monsieur a lagence mal Service","il y a 9 mois"
"129","Marrakech","KBZ","Très bonne agence, personnel professionnel.","il y a 2 ans"
"129","Marrakech","Najat Amara","Merci beaucoup bn équipe","il y a 9 mois"
"129","Marrakech","Bart Joke","Trop de temps d'attente et ne parle pas bien la langue.","il y a 7 ans"
"129","Marrakech","Mahdi Birhral","Téléphone fix de l'agence est toujours indisponible 😏😏 …","il y a 5 ans"
"129","Marrakech","Pierre Pierre","Bonjour très bien très serieux","il y a 2 ans"
"129","Marrakech","smail Pychachi","Pas de réponse","il y a 9 mois"
"129","Marrakech","Jamalo Hicham","Très bon accueil","il y a 4 ans"
"129","Marrakech","benyoucef abderrahmane","Il m'
a mal informe","il y a 6 ans"
"129","Marrakech","salman chahboune","Nulle comme agence","il y a 3 ans"
"129","Marrakech","abdelaziz cohen","Très intéressant comme agence","il y a 7 ans"
"129","Marrakech","MOURAD","Très bon service","il y a 4 ans"
"129","Marrakech","يونس غاني","Pas mal","il y a 4 ans"
"129","Marrakech","Abdelaziz Cohen","Très intéressant comme.agence","il y a 7 ans"
"129","Marrakech","Ahmed El Ghozail","Mauvais services","il y a un an"
"129","Marrakech","Taoufiq Abalaid","Service parfaite","il y a 6 ans"
"129","Marrakech","بوعبيد","Agence centrale INWI de Marrakech","il y a 7 ans"
"129","Marrakech","Salim Berradi","Perte de temps !","il y a 4 ans"
"129","Marrakech","Ash Oulbig","Service nul","il y a 4 ans"
"129","Marrakech","HICHAM ELBARHOUMY","Demander M saad","il y a 6 ans"
"129","Marrakech","mohamed amir azzouz","Bon service","il y a 7 ans"
"129","Marrakech","Ghassane ghassane","Agents accueillants","il y a 6 ans"
"129","Marrakech","Hicham Sports de combat","😍 …","il y a 6 ans"
"129","Marrakech","yassin kemlaoui","Magnifique","il y a 4 ans"
"129","Marrakech","Youssef Bendaoud","Je suis perdu entre cette agence et service clients pour un simple service (devoir )qu'apparemment personne n'a sait rendre au plutôt personne ne veut pas me le rendre en plus une commerciale de cette agence ma traiter d une manière offensive. Bref inwi est nulle","il y a 4 semaines"
"129","Marrakech","Fouzia MEF","Si je pouvais mettre 0 étoile, je l’aurais fait.

Je me suis rendue dans cette agence suite à une réclamation auprès du service …","il y a 4 semaines"
"129","Marrakech","paolo tedesco","Personnel très sympathique","il y a 4 semaines"
"129","Marrakech","G A-L","Vend une esim qui ne fonctionne pas et il me fait tourner en rond avec les différents numéros à appeler pour régler le souci","il y a un mois"
"129","Marrakech","Samir Slimani","Je suis allée là-bas car j'avais un problème avec mon numéro. J'ai dû l'enregistrer, et le problème, c'est qu'ils vous poussent à payer le plus possible. Ils se fichent complètement du service et de leur réputation. J'ai dit à la …","il y a 10 mois"
"129","Marrakech","Sicily Italy","Les employés sont d'une lenteur exaspérante ; nous avons attendu plus d'une demi-heure pour trois clients. …","il y a 6 ans"
"129","Marrakech","ADIL BELKHALFI","Malheureusement, la qualité de votre service ne s'améliore pas. Lors du lancement d'un nouveau service, veuillez vous assurer qu'il est accessible à tous... je pense notamment à Esim...","il y a 2 ans"
"129","Marrakech","Aïcha Lahdili","Merci pour votre accueil chaleureux à sœur Na'ma.","il y a 9 mois"
"129","Marrakech","Jawad Moussaddak","Kon kan momkin n7it 0 n7itha ma kaynch isti2bal ma tay3rfoch yhidro M3a lkilyan ou inwi kamlha fiha l9walb ghadi nbdilha day3oni f 10993 no9ta","il y a 4 ans"
"129","Marrakech","Daniel Pires","Les prestataires sont aimables et serviables. C'est un endroit idéal pour obtenir des informations et de l'aide lors de la création d'un numéro de téléphone ou d'un service.","il y a 4 ans"
"129","Marrakech","Scott Drescher","Manque de personnel, d'où un temps d'attente excessif, mais personnel aimable et serviable.","il y a 2 ans"
"129","Marrakech","Anas Boujoudi","bien","il y a 3 mois"
"129","Marrakech","sara massa","Pas le meilleur","il y a 6 mois"
"129","Marrakech","Emy Jenbari","J'ai beaucoup apprécié la dame qui nous a aidé à résoudre le problème de wifi","il y a 4 ans"
"129","Marrakech","Mitham Hadi hassan","Bon service, l'endroit idéal pour faire le plein pendant les vacances","il y a 7 ans"
"129","Marrakech","Trev-e -Luz ,","Je suis allé recharger mon forfait internet mobile.","il y a 2 ans"
"129","Marrakech","Yassine Sekkine","Service médiocre sans suivi client.","il y a 2 ans"
"129","Marrakech","Mohamed Janane","Service médiocre et accueil de qualité inférieure","il y a 4 ans"
"129","Marrakech","Ahmed El Aaddaoui","Le service était beaucoup trop lent.","il y a un an"
"129","Marrakech","Najib vlogs مغربي في ايطاليا","Parler français est une langue exagérée et coloniale.","il y a 3 ans"
"129","Marrakech","Ushiha Madara","Manque de matériaux","il y a 8 mois"
"129","Marrakech","OUIRGANE DISCOVERY","Haut","il y a 11 mois"
"129","Marrakech","Hamza Tachrimante","Nouamé ahamdane","il y a un an"
"129","Marrakech","boujemaa attouggani","À votre service","il y a 6 ans"
"129","Marrakech","Rihab Hammour","Nouaamae ahamdane","il y a un an"
"129","Marrakech","Taha Jaakar","Service 0/10

😑😑😑 …","il y a 4 ans"
"129","Marrakech","ahmad","Vite🌹 …","il y a 4 ans"
"129","Marrakech","Didier Duval","Pro","il y a 2 ans"
"129","Marrakech","Fadi Tannous","Services médiocres","il y a 7 ans"
"129","Marrakech","NO LI FE","Services invalides","il y a une semaine"
"129","Marrakech","Lhafidi Khalid","Khalid","il y a un mois"
"129","Marrakech","raghib saad","Aucun texte","il y a 3 mois"
"129","Marrakech","Mouad L","Aucun texte","il y a 3 mois"
"129","Marrakech","Najib Bounit","Aucun texte","il y a 7 mois"
"129","Marrakech","Hiba Elassoui","Aucun texte","il y a 8 mois"
"129","Marrakech","Ayoub Ifkirn","Aucun texte","il y a 11 mois"
"129","Marrakech","Fatima Ezzahra","Aucun texte","il y a un an"
"129","Marrakech","Louis Blais","Aucun texte","il y a un an"
"129","Marrakech","kawtar meghraoui","Aucun texte","il y a un an"
"129","Marrakech","Aimrane B","Aucun texte","il y a un an"
"129","Marrakech","Ser ziz","Aucun texte","il y a un an"
"129","Marrakech","M chaine","Aucun texte","il y a un an"
"129","Marrakech","med Fer","Aucun texte","il y a un an"
"129","Marrakech","Samya Kamoun","Aucun texte","il y a 2 ans"
"129","Marrakech","abderrahman boulakhlakhel","Aucun texte","il y a 2 ans"
"129","Marrakech","Sabik Abdelwafi","Aucun texte","il y a 2 ans"
"129","Marrakech","Youness Boulhimez","Aucun texte","il y a 3 ans"
"129","Marrakech","Oussama Rachid","Aucun texte","il y a 4 ans"
"129","Marrakech","ibtissam larhlimi","Aucun texte","il y a 4 ans"
"129","Marrakech","Ramilya hay","Aucun texte","il y a 4 ans"
"129","Marrakech","Hamza H","Aucun texte","il y a 5 ans"
"129","Marrakech","Driss Eljabri","Aucun texte","il y a 5 ans"
"129","Marrakech","Zakaria Adidi","Aucun texte","il y a 5 ans"
"129","Marrakech","abdo Benzaidan","Aucun texte","il y a 5 ans"
"129","Marrakech","Chisa Ejorcadas","Aucun texte","il y a 5 ans"
"129","Marrakech","hayota lahlali","Aucun texte","il y a 5 ans"
"129","Marrakech","Erick Ropers (Le Clos de la Roussiere)","Aucun texte","il y a 6 ans"
"129","Marrakech","Abouri Siham","Aucun texte","il y a 6 ans"
"129","Marrakech","abdelaziz idyoussef","Aucun texte","il y a 6 ans"
"129","Marrakech","Peter de Grood","Aucun texte","il y a 6 ans"
"129","Marrakech","Chaima RACHIDI","Aucun texte","il y a 6 ans"
"129","Marrakech","Fabrice Kangambega","Aucun texte","il y a 6 ans"
"129","Marrakech","Yassin Barrada","Aucun texte","il y a 6 ans"
"129","Marrakech","omar kaakoua","Aucun texte","il y a 6 ans"
"129","Marrakech","Essam Elgamal","Aucun texte","il y a 6 ans"
"129","Marrakech","Mohamed Oufkir","Aucun texte","il y a 6 ans"
"129","Marrakech","Sabrina Cherif D'ouezzane","Aucun texte","il y a 6 ans"
"129","Marrakech","Elmoudaffar abdelaali","Aucun texte","il y a 7 ans"
"129","Marrakech","mahdi zellige","Aucun texte","Modifié il y a 7 ans"
"129","Marrakech","Sacha Levy (“Lawcky”)","Aucun texte","il y a 7 ans"
"129","Marrakech","Mohamed Elkhalifa","Aucun texte","il y a 7 ans"
"129","Marrakech","Mycon Ibourk","Aucun texte","il y a 7 ans"
"129","Marrakech","boudif mohamed","Aucun texte","il y a 7 ans"
"129","Marrakech","Ouafa Ait Salah","Aucun texte","il y a 7 ans"
"129","Marrakech","Colonel","Aucun texte","il y a 7 ans"
"129","Marrakech","على قيد الحياة","Aucun texte","il y a 8 ans"
"129","Marrakech","Ahmed MSAFRI","Aucun texte","il y a 8 ans"
"129","Marrakech","Celine Mezouar Disch","Aucun texte","il y a 8 ans"
"130","Marrakech","Dr TBH","Visite extrêmement décevante dans cette agence Inwi.
Dès l’accueil, aucun sens du service: une personne nonchalante, hautaine, répondant à chaque question avec agacement et mépris. …","il y a 3 mois"
"130","Marrakech","Yasmine El Baqali","Fuyez ! 0/5 !
Service déplorable. Connexion Internet inexistante depuis 6 jours, sans aucune solution proposée par le service client. On vous promet un « satisfait ou …","il y a 10 mois"
"130","Marrakech","F.Z Saddouq","Je suis super déçu par le service de l'agence. Le personnel est carrément arrogant et vraiment incompétent. J'ai passé un moment hyper frustrant et tout sauf satisfaisant. Je ne recommande pas cette agence ..vraiment 0.","il y a un an"
"130","Marrakech","Junior Di","Toujour problem de réseau tu quitte loin pour payer tes facture on te parle de réseau je pense que vous devez dépassé cette stat Mariane gueliz toujours meme motif 😡😡😡 …","il y a 11 mois"
"130","Marrakech","rj benbel","Bonjour,
C'est une catastrophe! Le service client est complètement inexistant. Les demandent ne sont pas traitées! Leur système est toujours en panne. …","il y a un an"
"130","Marrakech","Oualid","Le Monsieur au guichet n'a envie de rien faire. J'ai un souci d'une ligne de fibre et il me demande de partir à l'agence qui m'a fait la demande, et quand je lui dis que c'est un commercial itinérant qui m'a fait la demande, il s'est moqué …","il y a 3 ans"
"130","Marrakech","Léo","Horrible service. J'ai acheté une sim inwi 4g et déjà rechargée. je suis venu demander de l'aide car je n'avais pas internet on te dit de te démerder ou d'aller voir un réparateur. Heureusement j'ai pu trouver la solution en regardant des tutos en ligne.","il y a 3 ans"
"130","Marrakech","GUY MERMILLOD","J'ai un abonnement de 50 mo avec la fibre j'ai eu une panne sur le réseau et maintenant on me livre du 20 mo voisin dans la même montée d'immeuble lui n'a pas ce problème je suis passé 10 fois à l'agence j'ai téléphoné 10 fois au service …","il y a 3 ans"
"130","Marrakech","Moutawakil Said (Wakil vlog)","Inconcevable. Faire passer une cliente avant moi sans me le demander alors que j'étais là bien avant elle et en cours de prise d'un forfait.
Nul et mérite un ZÉRO !","il y a 2 ans"
"130","Marrakech","Koya cars","Mouvaise service la vérité je un client depuis 15 ans j'ai parti à cette agence pour la convention des far il sont fai un erreur et j'ai revien plusieurs fois sont remédier la communication 0 comportement 0 le mec sur l'agence il fai des lunettes c le chef d'agence inwi acima malheureusement il est pas compétent.","Modifié il y a 3 ans"
"130","Marrakech","mehdi Mk","J’ai passé aujourd’hui pour faire mon payement le service est honteux les personnels et l’agent de sécurité avec un service très nul je retourner jamais là-bas","il y a 4 ans"
"130","Marrakech","Baxha Mos (Mb)","Nous avons visité hier, il n'y avait pas de bonne explication des services qu'ils fournissent, seulement une explication superficielle, le client doit être le premier selon la pyramide de Maslow","il y a 2 ans"
"130","Marrakech","khaoula essakhi","le service est nul il n'ont pas encore activer l'offre que j'ai demandé après plus d'un mois d'attend et même le service clientèle de l'agence ne répond pas","il y a 5 ans"
"130","Marrakech","Tic Tic","Pas aimable, on a juste l'impression de deranger madame, aps un sourire rien, a peine bonjour et ce permet de parlez avec ses amis plutot que de servir la clientele","il y a 6 ans"
"130","Marrakech","ADIL AARAB","Service lent  fallait attendre 20 min pour une simple question pour être confronté a un conseiller indifférent par la suite","il y a 6 ans"
"130","Marrakech","Tommy Egan","service déplorable, engagement non respecté.","Modifié il y a un mois"
"130","Marrakech","Dr.souhir","Service zeroo pour les agences inwi ils ne c est même pas parlé respectueux","il y a 3 ans"
"130","Marrakech","Shine Slm","Serviable et accueillant","il y a 5 mois"
"130","Marrakech","KBZ","Catastrophique, vous pouvez passer 100 appels pour avoir quelqu’un et vous n’aurez personne. 😒 …","il y a un an"
"130","Marrakech","Hyacinthe Vlavonou","Je ne comprends pas pourquoi il y a toujours un problème de système dans cette agence pourtant au cœur de la ville","il y a 5 ans"
"130","Marrakech","Zamzam Hocine","Nul incapable de répondre
Sur les forfaits
Franchement il faut former les vendeurs","il y a 3 ans"
"130","Marrakech","Latifa ALLAM EL FADLI","Personnel très désagréable  sourtout la dame a l'accueil
Je suis très déçu de leur prestation","il y a 7 ans"
"130","Marrakech","Lilou Swag","Fuyez! On prend vraiment les gens pour des chiens. Service au client en dessous de zéro.","il y a 7 ans"
"130","Marrakech","Vigo Lafin","Service nul....la femme est très très très désagréable.","il y a 7 ans"
"130","Marrakech","WISSAL GUERDAM","Les personnels 👎🏻 pas professionnels …","il y a un an"
"130","Marrakech","Elbachir Bajji","bon.ras","il y a 4 ans"
"130","Marrakech","adil kharbouch","nul un agent sur une grand boite a geluiz","il y a 7 ans"
"130","Marrakech","samy sami","Service un peux long","il y a 7 ans"
"130","Marrakech","salah eddine Mahla","Tres bien","il y a 7 ans"
"130","Marrakech","Salim Hilale","Toujours aussi nul que d'habitude","Modifié il y a 4 ans"
"130","Marrakech","Radouane Laaouissi","Service nul, panne du système...","il y a 4 ans"
"130","Marrakech","Nouh EL AFAOUI","my agence","il y a 8 ans"
"130","Marrakech","malik vandamme","Bon service","il y a 3 ans"
"130","Marrakech","Med Tr","Serviable","il y a 6 ans"
"130","Marrakech","zakaria el khabar","Mauvais service","il y a 4 ans"
"130","Marrakech","Younes Touil","Nulle","il y a 4 ans"
"130","Marrakech","Bouchra Sabab","Mauvais service","il y a 5 ans"
"130","Marrakech","Anton Sova","Lors de ma visite dans cette boutique de téléphonie mobile, j'ai trouvé l'endroit agréable et bien situé, près du centre-ville. Le personnel était accueillant et s'est montré très serviable, prenant en compte mes préoccupations. Ils ont …","il y a 2 ans"
"130","Marrakech","N. O (Nora)","Arnaqueurs ! Ils essaient de vendre des abonnements à des étrangers. Je n'ai jamais vu une équipe aussi incompétente. Ils ne parlent que lorsqu'on leur pose des questions. Personne ne vous accueille à l'entrée du magasin. Quatre personnes seulement y travaillent : une perte d'argent !","il y a 3 ans"
"130","Marrakech","Gisler Daniel","N'allez pas chez Inwi ! Ils vendent 30 jours d'internet illimité et proposent un abonnement télécom onéreux. En tant qu'étranger, vous ne pouvez pas voir cela et devez payer mensuellement avec une période de résiliation de 30 jours. Allez chez Maroctelecom !","il y a 2 ans"
"130","Marrakech","Adriano Pinto","C'est horrible ! Allez plutôt à celui de la gare ! Le personnel essaie de vous faire dépenser beaucoup plus que nécessaire ! Croyez-moi, allez à celui de la gare !","il y a un an"
"130","Marrakech","Bouchra Wahbi","S'il y avait eu une note de zéro, je l'aurais donnée… La dame qui travaillait là-bas était insupportable. Je suis allée la voir et elle m'a dit que le système était en panne. Je suis partie, puis revenue et j'ai attendu mon tour. Elle m'a …","il y a 6 ans"
"130","Marrakech","Spencer","Personnel très aimable ! Leur système avait des problèmes, mais le monsieur qui travaillait là-bas nous a accompagnés jusqu'à un magasin voisin pour nous aider à obtenir une carte mémoire !","il y a 2 ans"
"130","Marrakech","ABDELKRIM MOUSSAOUI","Service déplorable, le pire que j'aie jamais vu à tous les niveaux : manque de professionnalisme et service irréprochable. Un mépris total des besoins personnels des clients et un traitement digne d'une esclave. …","il y a 5 ans"
"130","Marrakech","Hamid A.E.A","Si j'ai besoin de quelque chose, je dois aller à cette agence. La dame sur place n'a rien fait. Elle m'a dit que le système était en panne. Je suis donc allé à l'agence située dans le garage et ils se sont occupés de tout sans problème et avec le sourire.","il y a 6 ans"
"130","Marrakech","Mahdi Bouya","Service correct. Ils ont besoin de motivation ! On dirait qu'ils travaillent à la mairie !","il y a 7 ans"
"130","Marrakech","Taoufiq Samali","Service médiocre ; les clients de l’agence devraient être remplacés.","il y a 5 ans"
"130","Marrakech","تاج الدمام","Service excellent et rapide, même aux heures de pointe.","il y a 5 ans"
"130","Marrakech","ALI GOMAA","La qualité des services doit être améliorée.","il y a 5 ans"
"130","Marrakech","simplex (“Simplex”)","Le traitement que la dame me réserve à l'agence est incomplet !","il y a 6 ans"
"130","Marrakech","abde ljalil hrou","Service inexistant 👎 …","il y a un an"
"130","Marrakech","Haitem Tiskarte","La pire méthode de vente.","il y a 5 ans"
"130","Marrakech","ABDELHAMID ZITOUNI (‫حجاج بن علي بن العربي‬‎)","magnificence","il y a 4 ans"
"130","Marrakech","Yassine MELLOUKI","Service médiocre 👎👎👎👎👎👎👎👎👎 …","il y a 4 ans"
"130","Marrakech","ANEFNAF MOHAMED","J'apprécie tout le personnel ici","il y a 3 semaines"
"130","Marrakech","Jesika L","J'ai demandé de l'aide car aucun terminal de carte Inwi ne fonctionne à Marrakech ! Un employé m'a répondu : « Eh bien, c'est un pays du tiers monde. » Quelle ignorance ! Au lieu de s'attaquer au problème, ils ont tout fait pour me …","il y a un mois"
"130","Marrakech","Abdessadk Elhamdani","Aucun texte","il y a 7 mois"
"130","Marrakech","paul paul","Aucun texte","il y a 9 mois"
"130","Marrakech","Rachid Outazgui","Aucun texte","il y a 11 mois"
"130","Marrakech","ëłhãđim Møhameđ","Aucun texte","il y a 2 ans"
"130","Marrakech","didier geolle","Aucun texte","il y a 2 ans"
"130","Marrakech","Hanan Hanouna","Aucun texte","il y a 2 ans"
"130","Marrakech","Sidi Ghanem","Aucun texte","il y a 2 ans"
"130","Marrakech","Oumaima hachem","Aucun texte","il y a 4 ans"
"130","Marrakech","Abderrahman ABOUELKACIM","Aucun texte","Modifié il y a 4 ans"
"130","Marrakech","philippe laurent","Aucun texte","il y a 4 ans"
"130","Marrakech","عثمان عثمان","Aucun texte","il y a 4 ans"
"130","Marrakech","My Ali EL ABBASSI","Aucun texte","Modifié il y a 5 ans"
"130","Marrakech","Nasser Samri","Aucun texte","il y a 5 ans"
"130","Marrakech","Hassan hope","Aucun texte","il y a 5 ans"
"130","Marrakech","hassan chbani","Aucun texte","il y a 5 ans"
"130","Marrakech","hicham Techguru","Aucun texte","il y a 5 ans"
"130","Marrakech","Ismail Aouzour","Aucun texte","il y a 5 ans"
"130","Marrakech","Khaled Bachir","Aucun texte","il y a 5 ans"
"130","Marrakech","Mohamed Elbcir","Aucun texte","il y a 5 ans"
"130","Marrakech","Abdelkader Nabaka","Aucun texte","il y a 5 ans"
"130","Marrakech","anass Elbaraka","Aucun texte","il y a 5 ans"
"130","Marrakech","Rachid Sbahi","Aucun texte","il y a 5 ans"
"130","Marrakech","Ilham Bashorun","Aucun texte","il y a 5 ans"
"130","Marrakech","soulouh driss","Aucun texte","il y a 5 ans"
"130","Marrakech","Rachid Ouddoud","Aucun texte","il y a 5 ans"
"130","Marrakech","mohamed nouri","Aucun texte","il y a 5 ans"
"130","Marrakech","Gali Tariq","Aucun texte","il y a 6 ans"
"130","Marrakech","Khaoula Birtouz","Aucun texte","il y a 6 ans"
"130","Marrakech","med hamza","Aucun texte","il y a 6 ans"
"130","Marrakech","hicham mahfoudi","Aucun texte","il y a 7 ans"
"130","Marrakech","Reda Elbani","Aucun texte","il y a 7 ans"
"130","Marrakech","Chaima San","Aucun texte","il y a 8 ans"
"131","Marrakech","Evann Kamga","Zéro professionnalisme,zéro service client.
L’un des deux agents présents faisait mine de ne pas vouloir m’aider; pendant que je lui explique mon problème il fait ses affaires et il me donne le dos en …","il y a 3 mois"
"131","Marrakech","Nakhil Nakhil","Service nul de chez nul.
Contrat conclu pour avoir l'appréciation au téléphone juste après la signature et puis silence Radio!!!!! …","il y a 3 mois"
"131","Marrakech","Yad Yas","Salam. Je suis très satisfait de l'accueil et le professionnalisme dont fait preuve les agents de cette agence (kawtar). Je leur souhaite bonne continuation et succès dans l'exercice de leurs fonctions.","il y a 2 mois"
"131","Marrakech","Ismaël Delarte","J’ai eu la chance de tomber sur un messieur qui s’appelle Hamza alaae il a su me diriger dans mon choix d’abonnement téléphonique ainsi que m’accompagner dans ma demande de fibre qui pour l’instant était en stand by et grâce à lui tout va …","il y a 2 mois"
"131","Marrakech","ABDELAALI MESKALI","Service nul.
Très mauvaise expérience avec cette agence. J’ai un problème avec eux depuis un moment et personne n’arrive à le résoudre. Aucun suivi, aucune explication, et un manque total de professionnalisme. Je ne recommande pas cette agence.","il y a 5 mois"
"131","Marrakech","Mony Kech","Pour avoir traiter à plusieurs reprises avec la boutique INWI MARRAKECH GARE, j’ai trouvé que c’était l’une des agences les plus professionnelles. J’ai eut comme Interlocuteur Abdellah qui a gérer mon dossier d’une main de maître. Signature …","il y a 6 mois"
"131","Marrakech","Hajar Babih23","Service nul , mauvaise expérience et Malheureusement, l’accueil n’était pas satisfaisant. Je suis venue pour régler un problème d’application, mais on ne m’a pas accordé le temps nécessaire. Une employée m’a répondu que ce n’était pas son travail. J’espère que la direction prendra cela en considération pour améliorer le service client.","il y a 7 mois"
"131","Marrakech","François L1","Je suis vraiment très satisfait de l'équipe de l'agence Inwi - Gare de Marrakech (écoute et suivi clients, cordialité). …","il y a 6 mois"
"131","Marrakech","faycal","Excellente expérience à l’agence Inwi de la gare grâce à l’agent commercial Mr. Abdellah. Il a géré ma demande de portabilité et la souscription à un nouveau forfait en un temps record, avec professionnalisme et efficacité. Merci pour son accueil chaleureux et sa réactivité exemplaire.","il y a 10 mois"
"131","Marrakech","Noureddine TN","Excellent service, personne affable et souriant, mon problème à été réglé rapidement par Mr Abdellah sousane,merci infiniment","il y a 6 mois"
"131","Marrakech","Sara","Pire service clientele à marrakech , les agents ne veulent simplement pas travailler ni aider à trouver une solution , ils ne font que compliquer les choses et t’envoyer vers d’autres agences","il y a 4 mois"
"131","Marrakech","Christiant poilvet","Suite à un souci technique j’ai été admirablement bien aidé et conseillé par Abdellah Sousane. Il m’a aidé à trouver un bon abonnement pour mes besoins et a pu résoudre toutes les difficultés avec sourire et grande gentillesse. Je recommande vivement l’agence Inwi de la gare ONCF de Marrakech et demander Abdellah. 5 étoiles !!!","il y a un an"
"131","Marrakech","Madame Rêve","Excellente expérience à la boutique. Abdellah très professionnel, installation en -24h, suivi installation, je recommande Inwi et plus particulièrement cette boutique en Gare de Marrakech","il y a 8 mois"
"131","Marrakech","Rose Kyoshi","Le comportement du personnel est tout simplement inacceptable. Ils ne respectent pas du tout les clients ! Non seulement ils ne prennent pas le temps d'écouter, mais en plus, leur manière de parler est carrément arrogante et méprisante. Ils …","il y a un an"
"131","Marrakech","ktr","Malheureusement je ne peux pas mettre zéro étoile mais le cœur y est.","il y a 3 mois"
"131","Marrakech","Archana Ahilan","WARNING TO TOURISTS – Avoid INWI!!!!

We paid 30€ for an INWI SIM at Marrakech airport. overpriced but expected. It …","il y a un an"
"131","Marrakech","Noreddine laamouri","Le jeune monsieur qui travail dans cette agence n'est pas respectueux envers les clients je déconseille cette agence","il y a 7 mois"
"131","Marrakech","yamna ajaajji","La personne à l'acceuil de l'agence ""gare"" est d'une arrogance sans nom.
Aucuns professionalismes, il ne répond à aucunes de nos questions et se montre complètement ininteressé a la clientèle. …","il y a un an"
"131","Marrakech","El moumny Azddine","L'agent abdellah sousane m'a aidé fixer provlémes avec tou ses efforts","il y a 6 mois"
"131","Marrakech","Manal Ziad","Service nul , le comportement du personnel trés provocateur et impoli comme si tu vien demander de la charité , surtout un mec qui est débutant et humble en plus qui reponds a tous mes problémes par ( j'ai rien a faire pour toi )","il y a un an"
"131","Marrakech","Rene Lachance","Ce matin, je suis allé recharger ma ligne mobile et j’ai eu un très bon service de la part de la préposée au service à la clientèle. L’interaction a durée moins de 5 minutes.","il y a un an"
"131","Marrakech","Tariq Essifer","Merci à toutes l'équipe
Ils ont répondu à toutes mes questions","il y a 2 mois"
"131","Marrakech","NAIMA EL FATTOUK","Trop nul comme personnels de cette agence mal polie surtout celui qui est derrière un bureau il te parle en parlant au téléphone c’est comme nous sommes des gents qui sont  venu demander la charité et lorsque nous sommes rentrées nous avons …","il y a un an"
"131","Marrakech","Abdelwafi El houdna","Mauvaise expérience vraiment service null sertôt la famma. 15/06/2025","il y a 7 mois"
"131","Marrakech","Ann-Kelly Gilbert","Je donne 1 étoile car je ne peux pas en mettre 0. Je n'ai jamais autant rencontré  de problème avec une agence de communication qu'avec Inwi. Ils ne sont pas transparent avec leur client. Voyageur, je vous déconseille d'y aller. Allez ailleurs.","il y a 3 ans"
"131","Marrakech","M She","Bonjour, je tiens à remercier Melle Latifa pour son professionnalisme et ses conseils. Je recommande à 100 %.
Et je reviendrai pour d autres produits. …","il y a un an"
"131","Marrakech","babouch boo","Personnel 2 de tensions!
Même pas de quoi installer une carte SIM dans un iPhone, j’ai du aller chez le concurrent orange!! Et en plus aucune information sur comment trouver mon numéro …","il y a 3 ans"
"131","Marrakech","marrakech spa SPA","Mr Soussan Abdellah est un excellent commercial.  Très serviable et à l'écoute","il y a un an"
"131","Marrakech","Jean P. Grandjean","Je ne voulais pas sortir nous sommes dimanche mais sur le site il est écrit ouvert, je fais 15km aller et 15km retour……. Agence fermée
Ça c’est un service client 😡 …","il y a 2 ans"
"131","Marrakech","Zakaria Atifi","La plus nulle agence d'internet au monde.

Je dis à l'agent que ma 4G ne fonctionne pas merci de vérifier, il me dit , …","il y a 3 ans"
"131","Marrakech","Asmahane W","Réactif sympa à l'écoute","il y a 4 mois"
"131","Marrakech","Sonia BITTON -Guyot","Incompétence du personnel de l’agence ne voulant pas faire une résiliation  comme il se doit De ce fait j’ai à envoyer mon dossier à Inw Casablanca
Le mr ayant reçu pour cette résiliation ne donne pas son nom mais code CMS 14
*************Attention************","il y a 3 ans"
"131","Marrakech","Oum Oum","Je recommande Mina de l'agence

Très professionnelle et très souriante, c'est cool d'avoir ce genre de personne mashaaALLAH","il y a 2 ans"
"131","Marrakech","Nour Zoubairi","Des gens inutiles
aucun professionnalisme
une attitude provocante
Matestahloch had l étoile 😡 …","il y a un an"
"131","Marrakech","Jean-François Provost-Blais","Service très mauvais! On c'est fait arnaquer par un autre Inwi et il a été très condescendant et grand manque de professionnalisme. Je déconseille.","il y a 3 ans"
"131","Marrakech","Bewan Marvin","Mon numéro est bloqué depuis une semaine et demi j'attends toujours qu'il me le débloques du coup je serai obligé de changer d'opérateur les opérateurs téléphoniques sont incapables de résoudre les problèmes.","il y a 5 ans"
"131","Marrakech","Abdelhadi GRINE","Je suis très satisfait par les services consentis.","il y a un an"
"131","Marrakech","Maanane Karim","Bon service les commerciaux sont très professionnel je le recommande","il y a 2 ans"
"131","Marrakech","Ben Magha Elhoussien","Très bon service chapeau","il y a un an"
"131","Marrakech","A M","Zero service clients ! J’ai changé d’operateur","il y a 4 ans"
"131","Marrakech","mazirh mohamed","Service nul,
30 mins de retard + absence des agents..!","il y a 5 ans"
"131","Marrakech","Michel Humbert","Le point inwi de la gare est toujours avec un service parfait.","il y a 6 ans"
"131","Marrakech","Oumkeltoum katim","Les employés sont très réceptifs et accueillants","il y a 7 ans"
"131","Marrakech","Bernard augustin","Efficacité, professionnalisme, qualité de l'accueil de Kawtar.","il y a 4 ans"
"131","Marrakech","Hicham Benmanssour","Service client très mauvais","il y a un an"
"131","Marrakech","hervé Ganem","Toujours un excellent accueil amical et professionnel","il y a 6 ans"
"131","Marrakech","GG 13","Personnel à l’écoute
Seul bémol pour accéder à l’agence","il y a 5 ans"
"131","Marrakech","Madiha Nassih","Service nul","il y a 8 mois"
"131","Marrakech","Ez_nadia Ezzahir","Le responsable est serviable","il y a 4 ans"
"131","Marrakech","A H","Retard de plus de 30 minutes incroyable !!!!!","il y a 7 ans"
"131","Marrakech","Mohamed Lechheb","Service rapide,","il y a un an"
"131","Marrakech","Nouh EL AFAOUI","mieux","il y a 8 ans"
"131","Marrakech","Elbachir Bajji","manque moyens","il y a 4 ans"
"131","Marrakech","mohamed el intidami","Je remercie vivement Mme Kaoutar Sebti de l’agence Inwi ONCF Marrakech pour son accueil chaleureux, sa gentillesse et son grand professionnalisme. Elle a été très serviable et à l’écoute tout au long de ma prise en charge. Le service était d’excellente qualité. Je recommande vivement cette agence.","il y a un mois"
"131","Marrakech","Nouamane ElJazouli","Très nul ! Rapide pour signer le contrat et après ils ne répondent plus ! Presque 1 mois que j ai souscrit pour un abonnement professionnel (avec Abdelah) et il ne répond plus ni aux appels ni aux messages. On m a livré la box mais aucun technicien n est venu installer la fibre.
Je déconseille","il y a un mois"
"131","Marrakech","Wohn-mobil statt Wohn-ung","Très sympathique, rapide, bon service - je suis très heureux dans cet endroit aujourd'hui un dimanche, la femme était sympathique","il y a un an"
"131","Marrakech","Fadoua Sf","Service client déplorable. Trois agents qui ne faisaient que scroller sur leurs appareils 😒. Pas un bonjour, pas un sourire, et ils nous ont fait sentir indésirables, comme si nous les dérangions. …","il y a 11 mois"
"131","Marrakech","Mourad N","Personnel aimable. Merci à Kaoutar S pour sa patience et son aide 🙏. …","il y a 5 mois"
"131","Marrakech","Jordy B","Le service client laisse à désirer, et la connexion internet est catastrophique : j’ai opté pour le forfait portable, et elle est vraiment mauvaise. Toutes les nuits, je n’ai internet que par intermittence, entre 10 h et 20 h.","il y a un an"
"131","Marrakech","K Al","Merci Latifa et Abdallah. Excellent service client, très satisfait. Je recommande vivement cette agence Inwi.","il y a un an"
"131","Marrakech","Jorge Gómez Guerrero","J'ai reçu un message me demandant de payer ma mensualité au bureau. Je me suis rendu au bureau à 16h30, mais il était fermé alors qu'il aurait dû être ouvert. J'ai attendu 40 minutes et personne n'est venu m'ouvrir, je n'ai donc pas pu payer ma mensualité.","il y a un an"
"131","Marrakech","Laryssa Nunes","Expérience excellente. Sousane Abdellah est une vendeuse formidable et très serviable ! Merci ✨","il y a un an"
"131","Marrakech","Adriano Pinto","Le personnel était très agréable et sympathique, nous nous souviendrons certainement de notre expérience avec la personne qui s'est occupée de nous !","il y a un an"
"131","Marrakech","Carsten Sanonym","Ils m'ont arnaqué en me mentant qu'il n'y avait pas d'autre solution pour recharger ma carte SIM, sauf un prix exorbitant. N'allez surtout pas dans ce magasin. Inamical et arnaqueur !","il y a 6 ans"
"131","Marrakech","Jalal Afani","Belle publicité : Abdellah SOUSANE","il y a 6 mois"
"131","Marrakech","Mia May","Personnel super professionnel, serviable et compétent ! J'ai trouvé les modems 4G que je cherchais partout ! Merci beaucoup !","il y a 6 ans"
"131","Marrakech","KT","Service client défaillant ! Le personnel aurait besoin d'être formé pour comprendre et aider le client. Très décevant. J'ai acheté un Wi-Fi.","il y a 6 ans"
"131","Marrakech","fabio giacomo sardini","L'attente est parfois longue, mais au final le service est bon.","il y a 2 ans"
"131","Marrakech","Juanillo Gallego","Ils ignorent complètement la vente d'abonnements prépayés, inventant mille excuses pour vous forcer à en acheter pour deux mois.","il y a 2 ans"
"131","Marrakech","Pes528","Wlad l97ab kankheles 250 dh ou tal9in Lina 5mb ya wlad l97ab ya chfara","il y a 2 ans"
"131","Marrakech","Raklami Anas","Service client déplorable. Je ne le recommande pas.","il y a un an"
"131","Marrakech","ISMAIL AITOUTALEB","Très mauvais service client.
Je ne le recommande pas.
Très mauvais service client
Je ne le recommande pas","Modifié il y a 5 ans"
"131","Marrakech","Robert Albion","Le pire réseau de tous les temps","il y a 9 mois"
"131","Marrakech","boujemaa attouggani","Une excellente agence dotée du meilleur réseau qui soit.","il y a 7 ans"
"131","Marrakech","Ayoub Regdal","Excellent accueil","il y a 10 mois"
"131","Marrakech","MOHAMED LBHAR","Le service est plutôt lent.","il y a 2 ans"
"131","Marrakech","youness laadam","haut","il y a 10 mois"
"131","Marrakech","El kabba Youness","La demoiselle a tout expliqué et s'est montrée professionnelle.","il y a 6 ans"
"131","Marrakech","Mohamed m.m","Service 0","il y a 2 ans"
"131","Marrakech","Mohamad El Dirany","C'est bon","il y a 4 ans"
"131","Marrakech","Ayoub Achkar","Beau","il y a 3 ans"
"131","Marrakech","Mohamed","Aucun texte","il y a un mois"
"131","Marrakech","hanane boutaiba","Aucun texte","il y a 4 mois"
"131","Marrakech","Aymane Benzattat","Aucun texte","il y a 5 mois"
"131","Marrakech","Chaimaa Chjaai","Aucun texte","il y a 5 mois"
"131","Marrakech","Ahmed Bel","Aucun texte","il y a 6 mois"
"131","Marrakech","Marwa Mouami","Aucun texte","il y a 6 mois"
"131","Marrakech","Masuma Khatun","Aucun texte","il y a 8 mois"
"131","Marrakech","mehdi sarir","Aucun texte","il y a un an"
"131","Marrakech","Youssef Ouballa","Aucun texte","il y a un an"
"131","Marrakech","Sabrina Kheloui","Aucun texte","il y a un an"
"131","Marrakech","كأس العالم روسيا 2018","Aucun texte","il y a un an"
"131","Marrakech","Sean Milligan","Aucun texte","il y a un an"
"131","Marrakech","la vie économique","Aucun texte","il y a un an"
"131","Marrakech","majid bensellam","Aucun texte","il y a un an"
"131","Marrakech","Amina Zeroual","Aucun texte","il y a 2 ans"
"131","Marrakech","Cdc Mmourado","Aucun texte","il y a 2 ans"
"131","Marrakech","Zoully","Aucun texte","il y a 2 ans"
"131","Marrakech","Soufyane","Aucun texte","il y a 3 ans"
"131","Marrakech","Sara Taki","Aucun texte","il y a 3 ans"
"131","Marrakech","Sarah El Amraoui","Aucun texte","il y a 3 ans"
"131","Marrakech","Ayoub al ismaaili","Aucun texte","il y a 3 ans"
"131","Marrakech","Sultan Almalki","Aucun texte","il y a 4 ans"
"131","Marrakech","Adam Khairi","Aucun texte","il y a 4 ans"
"131","Marrakech","Nada Lakhdim","Aucun texte","il y a 4 ans"
"131","Marrakech","Tariq Neggar","Aucun texte","il y a 4 ans"
"131","Marrakech","Walid El wafi","Aucun texte","il y a 5 ans"
"131","Marrakech","Noureddine Laqibi","Aucun texte","il y a 5 ans"
"131","Marrakech","HACH MI","Aucun texte","il y a 5 ans"
"131","Marrakech","ahmed chouiter","Aucun texte","il y a 6 ans"
"131","Marrakech","Yacine Sehmaoui","Aucun texte","il y a 6 ans"
"131","Marrakech","instantlover yassine","Aucun texte","il y a 6 ans"
"131","Marrakech","Boudannaoui Kamal","Aucun texte","il y a 6 ans"
"131","Marrakech","Khalid Boudrari","Aucun texte","il y a 6 ans"
"131","Marrakech","Hanan Nouna","Aucun texte","il y a 6 ans"
"131","Marrakech","omar Transport","Aucun texte","il y a 6 ans"
"131","Marrakech","Ivaylo Andreev","Aucun texte","il y a 6 ans"
"131","Marrakech","meriem essarih","Aucun texte","il y a 6 ans"
"131","Marrakech","Ya Fuji","Aucun texte","il y a 7 ans"
"131","Marrakech","Mzaout Younes","Aucun texte","il y a 7 ans"
"131","Marrakech","Tachroun chaimaà","Aucun texte","Modifié il y a 7 ans"
"131","Marrakech","Nabil Nb","Aucun texte","il y a 7 ans"
"131","Marrakech","amin sadki","Aucun texte","il y a 8 ans"
"131","Marrakech","Nawfal Louah","Aucun texte","il y a 8 ans"
"132","Marrakech","Nakhil Nakhil","En résumé : Service nul.
Injoignables.
Promesse de rappel sans jamais rappeler.
Manque d'informations chez les personnes d'accueil...etc","il y a 3 mois"
"132","Marrakech","Ayoub Sekkou","Très mauvaise expérience avec cette agence Inwi. J’y suis allé deux fois pour régler un problème de Wi-Fi, mais aucune solution concrète. Le service client m’a demandé de changer la carte SIM, pourtant l’agence prétendait ne pas en avoir, …","il y a 7 mois"
"132","Marrakech","salma E","Très mauvaise expérience avec l'agence Inwi de Marjane route casablanca.
Je suis vraiment déçue du service. L'équipe ne semble pas savoir gérer correctement les dossiers, et le personnel manque de professionnalisme. J'ai dû attendre …","il y a 8 mois"
"132","Marrakech","Rachid Nadif","Très mauvaise expérience dans cette agence INWI.
Le personnel est désagréable, peu professionnel et ne respecte pas les clients. J’ai été mal accueilli(e), mal informé(e), et traité(e) avec un manque total de …","il y a 8 mois"
"132","Marrakech","Meryem Essafti","La boutique a changé, devenant un local grand et accueillant, ouvert les dimanches.
Le personnel est très très serviable, je n'ai jamais vu un service aussi …","il y a un an"
"132","Marrakech","Adam René Carlier","Le personnel est incompétent et désagréable et ce dans les deux Inwi visité à Majorelle.
De plus il n'ont même pas de box en stock pour échanger votre box défectueux. …","il y a un an"
"132","Marrakech","Yassine Marouan","J'ai été extrêmement impressionné par la qualité du service client chez Inwi.
L'agent qui m'a pris en charge Mr Karzouti Mourad a été très professionnel, courtois et surtout, très efficace pour résoudre mon problème configuration 4g sur …","il y a 11 mois"
"132","Marrakech","Ad Phi","Hyper longue attente car elles discutent entre elles, sont sur leur téléphone et quand c'est enfin votre tour après une très très longue attente elles refusent de vous donner ou vous vendre une puce alors que 5 min avant elles en avaient …","il y a 11 mois"
"132","Marrakech","yahya nadif","Pourquoi un numero si il est toujours éteint","il y a 2 mois"
"132","Marrakech","Yassir (“Yassirjaw”)","La dame au sein de l’agence n’a pas su m’aider , elle a meme pas tenter de récupérer le numero de ma ligne pour voir mon soucis alors que le service client m’avais orienté de me diriger vers l’agence , ni elle a essayer de me retenir en …","il y a un an"
"132","Marrakech","Mia May","La dame qui est a cette agence connait les produits, les offres et les contrats de inwi mieux que personne!
1 - Elle m'a aide a localiser les agences qui vendent le modem d'alcatel que …","il y a 6 ans"
"132","Marrakech","Ghita El","Excellent service avec beaucoup de professionnalisme de la part de mademoiselle Fadela Baamoudi he tiens à la remercier de m’avoir aidé a résoudre mon problème, je la recommande fortement 👏🏼 …","il y a un an"
"132","Marrakech","Passe Boarding","Je peux pas payé ma facture par carte ci nulle comment on peux avoir agence son cmi j ai pas de cash je peux  pas payé ci null","il y a un an"
"132","Marrakech","mohamed benkhalti","Très mauvais service irrespectueux","il y a 7 mois"
"132","Marrakech","ness you","Du jamais vu
Une agence qui vous oriente vers la concurrence...
L'incompétence en personne","il y a 3 ans"
"132","Marrakech","El Houssine MZAOUROU","Le service est d'une lenteur inadmissible, je ne recommande pas","il y a 5 ans"
"132","Marrakech","Azough Ayoub","Une mauvais expérience
Accueil de mauvaise qualité
Agence à éviter","il y a 3 ans"
"132","Marrakech","steve rayan","Tu peut pas payé les fature chez eux","il y a 7 ans"
"132","Marrakech","Oma yma","Le meilleur service client de tout Marrakech. Ils prennent le temps de vous écouter attentivement et font tout leur possible pour résoudre votre problème ou vous orienter vers la solution la plus adaptée.","il y a 5 mois"
"132","Marrakech","Amine Noha","Cette agence est un désastre. Mme Kensoul n'a même pas daigné me regarder ; elle s'est contentée de me dire qu'il n'y avait pas de connexion, c'est tout. Ailleurs, on m'a laissé patienter et on m'a expliqué que la fibre optique serait …","il y a 11 mois"
"132","Marrakech","salma ch","J'ai utilisé ce service pendant tout un mois il y a 3 ans.","il y a 8 mois"
"132","Marrakech","hassan hida","Je n'ai trouvé personne. J'ai attendu plus de 15 minutes.","il y a 2 ans"
"132","Marrakech","Adam Kaissi","Un des pires services que j'aie jamais vus ; ils ne connaissent rien.","il y a un an"
"132","Marrakech","Dezle Den","Aucun problème avec le service et la carte SIM de données 👍 …","il y a 2 ans"
"132","Marrakech","Stubborn X","Il ne répond pas !! Service m9awda 3lih wa chokran","il y a 4 ans"
"132","Marrakech","Mohamed Ait Alghazi (“‫محمد ابن عبد الله‬‎”)","C'est bon","il y a 2 ans"
"132","Marrakech","Hasna Ba","Service très lent sans raison apparente.","il y a un an"
"132","Marrakech","news Feed","Vous ne pouvez pas payer vos factures de téléphone ici.","il y a 6 ans"
"132","Marrakech","ثقافة عامة شكرا على اشتراكك","bien","Modifié il y a 6 ans"
"132","Marrakech","Mohamed Layichi","J'ai eu une excellente expérience avec cette agence et toute son équipe. Dès le départ, ils ont fait preuve de professionnalisme, de réactivité et d'une réelle compréhension de nos besoins. La communication était toujours claire et ils ont …","il y a un mois"
"132","Marrakech","Nakhil Moto","Aucun texte","il y a 3 mois"
"132","Marrakech","ali baarous","Aucun texte","il y a 8 mois"
"132","Marrakech","Me Med","Aucun texte","il y a un an"
"132","Marrakech","LNS MAROC (LNS)","Aucun texte","il y a un an"
"132","Marrakech","Tou You","Aucun texte","il y a 2 ans"
"132","Marrakech","Kawtar Ech","Aucun texte","il y a 2 ans"
"132","Marrakech","Yassine Mahi","Aucun texte","il y a 2 ans"
"132","Marrakech","mohamed berrada","Aucun texte","il y a 2 ans"
"132","Marrakech","البشير-أسية العوني","Aucun texte","il y a 4 ans"
"132","Marrakech","abou el rhanaim youssef","Aucun texte","il y a 4 ans"
"132","Marrakech","Marie Helene Besnault","Aucun texte","il y a 5 ans"
"132","Marrakech","Souad H","Aucun texte","il y a 7 ans"
"133","Marrakech","HAMID BOUIMEZGANE","0 services
0 respect de temps
0 respect es clients …","il y a 4 mois"
"133","Marrakech","Aziz Elazhari","Ma récente visite à cette agence Inwi a été extrêmement décevante. Après un trajet de 15 km pour arriver à l'agence la plus proche, je m'attendais à un service professionnel et amical, mais malheureusement, ce n'était pas du tout le cas. …","il y a 2 ans"
"133","Marrakech","DOMENICO MANTA","le pire agent Inwi que l'on puisse trouver... à un problème de réactivation du service, la jeune fille a répondu, trop occupée et dérangée pour regarder le réseau social ""appelle ce numéro je n'ai pas le temps"" ce personnel est choisi …","il y a 2 ans"
"133","Marrakech","SA AF","Apparemment, les agents de inwi sont tous des fainéants, surtout celle-ci et celle de bab hmer. Tu peux aller faire la queue pour le même problème pour des dizaines de fois sans arriver à une solution. Inwi à de l'art de choisir un tel personnel.","il y a 2 ans"
"133","Marrakech","ffonoon Fonoon","Une agence de l'opérateur Telecom INWI bien placée géographiquement.
Malheureusement trop étroite et il n'y a qu'un seul agent pour vous servir.
Si vous  pressée je ne vous la conseille pas. Mais reste bien utile.","il y a 5 ans"
"133","Marrakech","Patrick Brisset","J'ai été accueilli très aimablement et la personne présente à résolu mon problème.","il y a 2 ans"
"133","Marrakech","sarra 02","Fermer  à l'heure  d'ouvert
Pas de respect au client","Modifié il y a 3 mois"
"133","Marrakech","serge LEFEVRE","Parfaitement pour moi","il y a 9 mois"
"133","Marrakech","Thug life","Pas mal service","il y a 6 ans"
"133","Marrakech","Abdelfatah Talbi (ABDELFATAH TALBI)","Manque des caméras surveillances.","il y a 4 ans"
"133","Marrakech","على المباشر","Bien","Modifié il y a 4 ans"
"133","Marrakech","Abdellah Darmouch","Manque d'ordres !","il y a 4 ans"
"133","Marrakech","UNCLE Happy DAY","Un bon réseau","il y a 6 ans"
"133","Marrakech","Adventure Guide","Service top","il y a 5 ans"
"133","Marrakech","chaimaa el meryny","Le mercredi 20 août 2025, j'ai vécu une très mauvaise expérience avec deux vendeurs de cette agence. Ils m'ont traité avec une indifférence totale, alors même que je souhaitais acheter un boîtier Wi-Fi et souscrire un abonnement. …","il y a 8 mois"
"133","Marrakech","Bigane Said","Vous vous comportez comme des monstres et vous n'avez aucune idée de ce qu'est le service client. Franchement, vous ne méritez pas qu'on ait affaire à vous. …","il y a 7 mois"
"133","Marrakech","jemy alwest","Ils ne vous aideront pas s'ils ne touchent pas de commission. Par contre, si vous voulez acheter quelque chose, ils seront ravis de vous aider puisqu'ils reçoivent une commission. Le service est déplorable et ils font semblant de ne rien comprendre pour que vous repartiez sans rien demander.","il y a 11 mois"
"133","Marrakech","Isabella Giardini","Ils sont gentils, mais ils ne parlent que français et pas très bien, ils nous ont aidé à régler un problème avec la carte de manière satisfaisante même si nous sommes arrivés à l'heure de fermeture.","il y a 2 ans"
"133","Marrakech","蔡汶玲","C'est une arnaque ! N'y allez pas ! Je me suis fait arnaquer et je n'ai pas reçu internet. 😭😭😭 …","il y a 7 mois"
"133","Marrakech","Dezle Den","Le personnel est très calme 😂 après qu'une femme africaine devant moi ait crié et crié sur la femme derrière pendant au moins 15 minutes et ils ont réglé mon problème avec la carte SIM de données 👍 …","il y a 2 ans"
"133","Marrakech","Alvaro Mate","Ils ne m'ont pas rendu ma carte d'identité.","il y a un an"
"133","Marrakech","Rui Caetano","Ils étaient très aimables et ont résolu le problème rapidement.","Modifié il y a 8 ans"
"133","Marrakech","على قيد الحياة","Uniquement pour les téléphones à paiement de factures à vendre, très peu","il y a 5 ans"
"133","Marrakech","كأس العالم روسيا 2018","Ce numéro ne fonctionne pas, veuillez le modifier.","il y a un an"
"133","Marrakech","Ayman Nadir","Incompétent et non professionnel","il y a un an"
"133","Marrakech","Aissam Gamer","Ce fut une expérience merveilleuse","il y a 4 ans"
"133","Marrakech","Mohmed Wiregan","Bien","il y a 6 ans"
"133","Marrakech","Ghazwani Rahmani","Mifle","il y a 4 ans"
"133","Marrakech","Siham Sihamitta","bien","il y a 6 ans"
"133","Marrakech","Ayoub B.","Aucun texte","il y a 8 mois"
"133","Marrakech","Aamoun YT","Aucun texte","il y a 4 ans"
"133","Marrakech","Firoz Tadvi","Aucun texte","il y a 4 ans"
"133","Marrakech","حلاقة بالفطرة","Aucun texte","il y a 4 ans"
"133","Marrakech","btissam elhaitami","Aucun texte","il y a 4 ans"
"133","Marrakech","Nilya","Aucun texte","il y a 4 ans"
"133","Marrakech","ففروا الى الله ففروا الى الله","Aucun texte","il y a 4 ans"
"133","Marrakech","Ait zat Khadija","Aucun texte","il y a 4 ans"
"133","Marrakech","GOLDEN EAGLE","Aucun texte","il y a 6 ans"
"133","Marrakech","Abdulrahman A Q","Aucun texte","il y a 6 ans"
"133","Marrakech","Badia Chicago","Aucun texte","il y a 6 ans"
"133","Marrakech","slatraye Christine","Aucun texte","il y a 6 ans"
"133","Marrakech","Kh Bel","Aucun texte","il y a 6 ans"
"133","Marrakech","Hamid Ayt3omar","Aucun texte","il y a 6 ans"
"133","Marrakech","Hibat Hana","Aucun texte","il y a 6 ans"
"133","Marrakech","philippe roux","Aucun texte","il y a 7 ans"
"133","Marrakech","Errazak Abdellatif","Aucun texte","il y a 7 ans"
"133","Marrakech","yahya barraoui","Aucun texte","il y a 7 ans"
"133","Marrakech","Ad Ray","Aucun texte","Modifié il y a 7 ans"
"133","Marrakech","Rbayae Mohamed","Aucun texte","il y a 7 ans"
"133","Marrakech","JOƏ LARDIS","Aucun texte","il y a 8 ans"
"134","Marrakech","Saad Fieldy","mauvais endroit, ni sens de responsabilités ni professionnalisme","il y a 9 mois"
"134","Marrakech","zakaria kadi","Mauvais souvenir
J'ai payé un branchement d adsl (internet) depuis 8 mois et j. Attend toujours à vous de juger","Modifié il y a 3 ans"
"134","Marrakech","mohamed lamzaraa","Si tu veux faire un abonnement Inwi . Très bonne service et pas loin de magdonal sidi abbad","il y a 6 ans"
"134","Marrakech","Kaukabi","Personnel aimable , professionnel et accueillant.","il y a 4 ans"
"134","Marrakech","james Hadrouchi","agence operateur inwi","il y a 8 ans"
"134","Marrakech","Shegun Akobi","J'ai réussi à faire ce que j'avais à faire ce que je voulais","il y a 4 ans"
"134","Marrakech","Rim Zhn","Personnel qui manque du professionnalisme 👎🏻 …","il y a 3 ans"
"134","Marrakech","Hamza Sultan","Iwn agence portes de Marrakech","il y a un an"
"134","Marrakech","Moses Bouka","Tout le temps fermé","il y a 2 ans"
"134","Marrakech","Najwa Naoumy Ep Laflaoui","Service laisse à désirer","il y a 6 ans"
"134","Marrakech","Hamza Flouly","Bon service.","il y a 5 ans"
"134","Marrakech","Chaabi Hamza","Nul","il y a 8 ans"
"134","Marrakech","molay mhamed simohamed","Non","il y a 7 ans"
"134","Marrakech","Younes AIT DRISSI","Bon service","il y a 5 ans"
"134","Marrakech","David Hatch","Le personnel est exceptionnel et très serviable. De plus, ils parlent plusieurs langues, ce qui est très pratique si vous êtes étranger ! …","Modifié il y a 3 ans"
"134","Marrakech","Mounim Elmoussaddar","L'agence Inwi... compte deux agents sur place et il n'y a pas grand-chose à y voir à part payer pour quelque chose.","il y a 6 ans"
"134","Marrakech","Leonardo","Leurs services sont nuls 😩😩😩 Ils vendent de la publicité et des discours. Je me suis abonné et je le regrette amèrement ! …","il y a 6 ans"
"134","Marrakech","Said Waha","Irresponsabilité et comportement non professionnel 👎🏻 …","il y a 2 ans"
"134","Marrakech","2AD2N A3ITDR","Le service de W9 est déplorable, la connexion internet est catastrophique et le service client d'INWI est tout simplement exécrable. Pfff !","il y a 2 ans"
"134","Marrakech","Farid Ouhadou","L'affaire était excellente","il y a 3 ans"
"134","Marrakech","Mohmed Her","Les employés qui agissent de manière professionnelle","il y a 6 ans"
"134","Marrakech","Zakaria Mojahid","Mauvais service","il y a 2 ans"
"134","Marrakech","Khalid Faris","incroyable","il y a 6 ans"
"134","Marrakech","Achraf Akroub","Aucun texte","il y a 5 mois"
"134","Marrakech","Samir Gougrad","Aucun texte","il y a 5 mois"
"134","Marrakech","Taha Akbour02","Aucun texte","il y a un an"
"134","Marrakech","nino bnmr","Aucun texte","il y a un an"
"134","Marrakech","kais ben","Aucun texte","il y a un an"
"134","Marrakech","Une inconnue Katie","Aucun texte","il y a un an"
"134","Marrakech","Mouna Belhouari","Aucun texte","il y a 2 ans"
"134","Marrakech","Mohammah Jabbour","Aucun texte","il y a 4 ans"
"134","Marrakech","Amine Elmohaddabi","Aucun texte","il y a 4 ans"
"134","Marrakech","Mohamede Bouâlane","Aucun texte","il y a 4 ans"
"134","Marrakech","brad bonucci","Aucun texte","il y a 4 ans"
"134","Marrakech","Khemais ben romdhane","Aucun texte","il y a 4 ans"
"134","Marrakech","Sophie Stacchiotti","Aucun texte","il y a 4 ans"
"134","Marrakech","Sultan Al-Otaibi","Aucun texte","il y a 4 ans"
"134","Marrakech","B O U J E M A A","Aucun texte","il y a 4 ans"
"134","Marrakech","Mohamed Elamiri","Aucun texte","il y a 5 ans"
"134","Marrakech","Adil SMAILI","Aucun texte","il y a 5 ans"
"134","Marrakech","AHMED ALBASSIRA","Aucun texte","il y a 5 ans"
"134","Marrakech","A oury Barry","Aucun texte","il y a 5 ans"
"134","Marrakech","Merry","Aucun texte","il y a 6 ans"
"134","Marrakech","OUNIDA SOUFIANE","Aucun texte","il y a 6 ans"
"134","Marrakech","Alae Zouin","Aucun texte","il y a 6 ans"
"134","Marrakech","Anouar BASSRY","Aucun texte","il y a 6 ans"
"134","Marrakech","Sasa Casablanca","Aucun texte","il y a 6 ans"
"134","Marrakech","يونس غاني","Aucun texte","il y a 6 ans"
"134","Marrakech","Othman HANATY","Aucun texte","il y a 6 ans"
"134","Marrakech","Mouad Baamri","Aucun texte","il y a 6 ans"
"134","Marrakech","Youness Massali","Aucun texte","il y a 6 ans"
"134","Marrakech","mohamed el makkaouy","Aucun texte","il y a 6 ans"
"134","Marrakech","Nizar abou-othmane","Aucun texte","il y a 7 ans"
"134","Marrakech","Funny Cat Videos and more","Aucun texte","il y a 7 ans"
"135","Marrakech","Fettah Hellale","Ils font de leur mieux les pauvres , c 'est le grand siège de la dite inwi qui ne font rien pour améliorer les choses .","Modifié il y a 3 ans"
"135","Marrakech","Nourdine Ait Elhour","Service abonnement internet telephonique, en faite tous les services loee a l'operateur INWI sauf un espace pro","il y a 2 ans"
"135","Marrakech","Ben Mustapha","Franchement, il y a un travailleur dans cette agence qui ne mérite pas d'être le visage d'une entreprise qui traite honteusement","il y a 3 ans"
"135","Marrakech","Oualid Zaouich","Dommage on ne peut pas mettre 0 étoile.","il y a 3 ans"
"135","Marrakech","M Boss Paris","Service un peu long, mais généralement cv","il y a 7 ans"
"135","Marrakech","Kentaoui Mustapha","Très bien","il y a 5 ans"
"135","Marrakech","Bradassa","Agence Inwi, payer facture","il y a 6 ans"
"135","Marrakech","Adventure Guide","Parfait","il y a 5 ans"
"135","Marrakech","Aidali Yassine","Bon service","il y a 5 ans"
"135","Marrakech","Mohamed Anas","Travail","il y a 4 ans"
"135","Marrakech","HAMZA RAZAD","Ils ont une bonne alimentation et sont soucieux de la propreté.","Modifié il y a un an"
"135","Marrakech","JAVI PEREZ","Pendant mon voyage, j'ai acheté une carte SIM prépayée à 2 € avec un crédit de 5 €. J'avais largement assez d'internet et d'appels. Le vendeur ne parlait pas espagnol, mais on arrivait à se comprendre. Il a configuré ma carte SIM car ma connexion internet ne fonctionnait pas.","il y a 6 ans"
"135","Marrakech","youssef tube","Que Dieu vous bénisse, quelle agence formidable ! L'endroit est très bien organisé et le service est rapide et agréable. Tout cela grâce au monsieur qui y travaille ; c'est une des personnes les plus gentilles que je connaisse. Je crois qu'il s'appelle Radwan ou Marwan.","il y a 5 ans"
"135","Marrakech","Fatiha Ouatta","Vous nous bloquez et nous coupez la connexion internet. Nous avons fait tout le trajet jusqu'à la porte pour vous trouver en train de nous bloquer, nous laissant sans Wi-Fi.","il y a un an"
"135","Marrakech","fati Chakir","Mon expérience avec l'internet par fibre optique d'Inwi a été catastrophique. Je ne les recommande pas car leurs délais de traitement sont interminables. Nous sommes le 15 et le technicien n'est toujours pas venu.","il y a 3 ans"
"135","Marrakech","developpeur Med I_H","Dart adsl exta 3tawni rotor 9diiiiim","il y a 2 ans"
"135","Marrakech","رشيد النزاري","Il est situé à proximité d'un atelier de réparation de vélos et près de la porte menant au centre commercial.","il y a 7 ans"
"135","Marrakech","Rachid Jeddi","L'endroit est sale ; vous devriez contacter un membre du personnel de nettoyage.","il y a 7 ans"
"135","Marrakech","قناة تائب للمقاطع الدعوية .","C'est bon","il y a 3 ans"
"135","Marrakech","Are Imal","Fourniture de services de télécommunications","il y a 2 ans"
"135","Marrakech","ELHADOUI OUSSAMA","Très agréable","il y a un an"
"135","Marrakech","mohamed el akkad","Bon endroit avec un bon agent d'intérim, merci.","il y a 6 ans"
"135","Marrakech","khalid tanrouit","Fournir tous les services","Modifié il y a 7 ans"
"135","Marrakech","عبداللطيف اورحو","Chfara","il y a un an"
"135","Marrakech","mustapha mahji","réception médiocre","il y a 3 ans"
"135","Marrakech","marouane MB","Service client 0","il y a 2 ans"
"135","Marrakech","sandoubi karim","Zéro, la foule et Sir Tatji","il y a 2 ans"
"135","Marrakech","Mouad zizi","Toujours Système tay7 😵👎🏼👎🏼👎🏼 …","il y a 6 ans"
"135","Marrakech","Chafik Rachid","Mauvais service","il y a un an"
"135","Marrakech","khalid tafezrati","Merci Mourad","il y a 7 ans"
"135","Marrakech","Yassine Kharmoudi","Agence Inwi","il y a 5 ans"
"135","Marrakech","Brahim Lassri","Aucun texte","il y a une semaine"
"135","Marrakech","Achouaq","Aucun texte","il y a 4 mois"
"135","Marrakech","soulaiman kech","Aucun texte","il y a un an"
"135","Marrakech","Anouar Abouchatir","Aucun texte","il y a un an"
"135","Marrakech","Majda","Aucun texte","Modifié il y a un an"
"135","Marrakech","PROF SAÎD","Aucun texte","il y a 2 ans"
"135","Marrakech","Hamza Kech","Aucun texte","il y a 2 ans"
"135","Marrakech","يوسف مغربي","Aucun texte","il y a 2 ans"
"135","Marrakech","Mohamed FATHANE","Aucun texte","il y a 2 ans"
"135","Marrakech","Ah Cheddar","Aucun texte","il y a 3 ans"
"135","Marrakech","Rachid Ra","Aucun texte","il y a 3 ans"
"135","Marrakech","Nomad man","Aucun texte","il y a 3 ans"
"135","Marrakech","Zouad Abderrahim","Aucun texte","il y a 4 ans"
"135","Marrakech","Ishmael B","Aucun texte","il y a 4 ans"
"135","Marrakech","Chouf tube ma","Aucun texte","il y a 4 ans"
"135","Marrakech","Abdelhakim Naim","Aucun texte","il y a 4 ans"
"135","Marrakech","Abdeljabbar El Hajib","Aucun texte","il y a 4 ans"
"135","Marrakech","Abdelghafour Elbasrɨ","Aucun texte","il y a 5 ans"
"135","Marrakech","hassafi meriem","Aucun texte","il y a 5 ans"
"135","Marrakech","Khalifa","Aucun texte","il y a 5 ans"
"135","Marrakech","j f a sports","Aucun texte","il y a 5 ans"
"135","Marrakech","Abdessadek Boukdira","Aucun texte","il y a 6 ans"
"135","Marrakech","Bacha Issmail","Aucun texte","il y a 6 ans"
"135","Marrakech","Abderrahman Mayzira","Aucun texte","il y a 6 ans"
"135","Marrakech","Nadir Hyani","Aucun texte","il y a 6 ans"
"135","Marrakech","Mahan Mido","Aucun texte","il y a 6 ans"
"135","Marrakech","Aarif Lhcn","Aucun texte","il y a 6 ans"
"135","Marrakech","mahmoud molecule","Aucun texte","Modifié il y a 6 ans"
"135","Marrakech","omar sarami","Aucun texte","il y a 6 ans"
"135","Marrakech","abdelali elhissen (“For You”)","Aucun texte","il y a 6 ans"
"135","Marrakech","Dahhou Soukaina","Aucun texte","il y a 6 ans"
"135","Marrakech","Manaf aziz","Aucun texte","il y a 7 ans"
"135","Marrakech","LAMINI HICHAM","Aucun texte","il y a 7 ans"
"135","Marrakech","day man","Aucun texte","il y a 7 ans"
"135","Marrakech","Cloud Net","Aucun texte","il y a 7 ans"
"136","Marrakech","Raphaël Chabert","Dommage que je ne peux pas mettre 0.
Arnaque sur la vente de carte SIM dans cette boutique INWI. Elle te propose 30€ tout illimité, mais en réalité, tu as 2Go, puis impossible de téléphoner. …","il y a 6 mois"
"136","Marrakech","Adam S","ARNAQUEEE !!
Vous payez 200 dirhams pour 20Go, et le forfait s’épuise avant. Si vous appelez le service client ils vous diront d’envoyer une réclamation qui vont traiter en …","il y a 5 mois"
"136","Marrakech","Thibaut Oyon","Je suis d'accord avec les autres commentaires, ce kiosque semble être une vrai arnaque. Pour information, vous pouvez demander à avoir une carte sim vierge, on vous la remettra gratuitement (et il est sûrement possible de la recharger …","il y a 11 mois"
"136","Marrakech","Elza Vigneron","Je me suis fait arnaquer par deux vendeuses inwi avant même d’être sorti de l’aéroport .
J’achète 4 puces inwi avec recharge au stand inwi arrivée aéroport Marrakech …","il y a 3 ans"
"136","Marrakech","Miriam","DES VOLEURS !
Je viens pour acheter une carte SIM neuve avec un crédit de 10GB de data, deux semaines plus tard je j'ai plus rien et quand j'appelle le service client, ils …","il y a 2 ans"
"136","Marrakech","Kamylia Kamylia","INWI stand de l’aéroport de Marrakech se sont des arnaqueurs  professionnels , j ai payé 200 dirhams de forfaits internet pour un mois mais ils ne l’ont jamais activer, surtout ne jamais quitter le stand tant que vous ne voyez pas un text …","il y a 9 mois"
"136","Marrakech","Yaya ANARGHI","Je tiens à vous partager mon expérience avec Orange boutique aereport marrakech.  J ai pris une carte sim. J ai payé 200 dh de recharge....pour 20 giga internet …","il y a un an"
"136","Marrakech","clement P","Comme d’autres commentaires, mauvaise expérience. Les 2 filles montré sur la photo d’un autre commentaire veulent vous vendre une recharge à 200dh sans chercher à savoir si c’est ce que vous avez besoin. Désagréables au plus haut point, …","il y a 2 ans"
"136","Marrakech","Vincent MARTIN","Personne arrogante, indique qu'ils prennent la carte bancaire, puis au moment de payer ne veulent prendre que des espèces. …","il y a 6 ans"
"136","Marrakech","rachid imai","5 puces achetées à 20€ chacune, est aucune de recharger. Des vrais voleuses !!!","il y a 9 mois"
"136","Marrakech","Albert Ohayon","« Service » hyper bâclé. On peut même dire hypra bâclé.
Direction de Inwi, reprenez ça en main.
Pas la peine d’investir autant d’argent en panneaux publicitaires pour détruire tout ça en deux trois remarques destinées uniquement à se débarrasser du client.","il y a 2 ans"
"136","Marrakech","Chakib Khalid","Dommage je ne peut pas vous donner zéro étoile
Mefiance...mefiance...mefiance
Leur stand de l aeroport est tenu par des filles arrogantes …","il y a 6 ans"
"136","Marrakech","Samira Elbouzidi","Arnaques ils ont donné à mon fils une carte qui devait être illimité à 50 euros elle li à regarder que 20  éviter l arnaque commence dès l arrivé","il y a 2 ans"
"136","Marrakech","Pixx Le box","Arnaque, à fuir. On partage notre data avec d'autres utilisateurs. Prenez orange ou Maroc Télécom si vous allez au Maroc","il y a 2 ans"
"136","Marrakech","Lamia Bouchenafa","Des gros gros voleurs !!! Ils nous proposent 200dhr pour avoir un internet illimité mais cela se repeigne avant la fin du séjour car en réalité ce n’est que 2gb qui proposent !!!  À FUIR !!!","il y a 3 jours"
"136","Marrakech","Dimitri Ponedelkow","Madame a l’accueil super sympa, service rapide, elle présente le valeur de la carte sur le téléphone que je lui ai confié, elle m’a remis la carte SIM avec le code pin et le code PUK: j’ai demandé une valeur de 300dh pour 72go uniquement …","il y a un mois"
"136","Marrakech","Patrícia Castanheira","Soyez prudent lorsque vous achetez une carte SIM ici, car vous pourriez vous faire arnaquer, comme cela m'est arrivé. Assurez-vous qu'elle fonctionne parfaitement avant de partir. Il est préférable d'en acheter une place Jamaa Fna. Orange est un meilleur choix.","il y a 2 mois"
"136","Marrakech","Lucas Colo","Carte SIM vendue à 200 dirhams alors que sa valeur réelle est de 50 dirhams, et même clonée car ce numéro appartenait à un garçon depuis 4 ans… À signaler","il y a 2 mois"
"136","Marrakech","Haadee Javed","Arnaque pure et simple. On nous a dit qu'avec 400 DH, on aurait 20 Go chacun, mais on n'en a eu que 2. Le personnel du stand Orange à côté avait l'air sympa.","il y a 7 mois"
"136","Marrakech","Kuba Wyszynski","Arnaque ! Je devais avoir 30 Go de données pour 20 €, mais je n'en ai eu que 6. C'est très désagréable et choquant que ce soit autorisé dans un aéroport international.","il y a 2 mois"
"136","Marrakech","Esa Abdul","Je voulais aller voir les différents stands de cartes SIM pour voir les prix, et j'ai remarqué qu'ils étaient tous les mêmes. Mais le plus dur, c'est que lorsque je demandais les prix, ils parlaient arabe, un arabe grossier. Ils ne savaient …","il y a 7 mois"
"136","Marrakech","Juan carlos Shahi","ESCROCS ! J'ai eu tort de ne pas avoir lu les avis. Ils m'ont facturé 20 euros pour une carte SIM 2G.
En dehors de l'aéroport, on peut en obtenir une partout pour 5 euros pour 20 G. …","il y a 8 mois"
"136","Marrakech","Marco","Une expérience formidable à la boutique Inwi ! Le personnel était accueillant, serviable et très professionnel, toujours prêt à répondre à mes questions et à m’aider à choisir la meilleure option. L’atmosphère est moderne et chaleureuse, et …","il y a 7 mois"
"136","Marrakech","kompresor hookah","Nous avons passé un bon moment pendant nos 5 jours au Maroc, le seul bémol était que c'était beaucoup plus cher à l'aéroport qu'en ville, et nous nous sommes sentis un peu arnaqués.","il y a 6 mois"
"136","Marrakech","nahye chang","L'employée semblait proférer des injures ou m'insulter. Dès que j'ai demandé le prix, elle m'a demandé de lui passer mon téléphone. Pendant qu'elle changeait la carte SIM, elle m'a annoncé le prix : 20 €. Mais sans plus de précisions (par …","il y a un an"
"136","Marrakech","Ben Llewellyn","Bienvenue au Maroc ! J'espère que vous avez apprécié votre première arnaque.

Vous ne lirez probablement pas ceci avant qu'ils ne vous volent… mais ils le …","il y a 2 ans"
"136","Marrakech","Toshi Ghani","***ARNAQUEURS***

Des arnaqueurs proposent des cartes SIM à 20 euros. …","il y a 3 ans"
"136","Marrakech","Alex Becker","Je me suis fait arnaquer. J'ai payé pour une carte SIM censée avoir 20 Go de données, mais elle n'en avait que 2 et ne fonctionnait même pas. Je vous recommande cet endroit si vous voulez vous faire arnaquer et si vous voulez des cartes SIM qui ne fonctionnent pas. De plus, on ne peut payer qu'en espèces.","il y a 2 ans"
"136","Marrakech","Paula Trujillo Hernández","ARNAQUE !

Avant de partir pour le Maroc, on nous a conseillé d'acheter une carte SIM à …","il y a 3 ans"
"136","Marrakech","Robert Omundsen","Allez dans une boutique en ville ; le personnel ne vous proposera qu'un forfait minimum de 20 Go pour 20 euros, et d'autres avis indiquent que le contenu ne correspond même pas à ce pour quoi vous payez. En revanche, l'installation en ville a été très simple et j'ai obtenu 11 Go, appels et SMS inclus pour 100 dirhams sur 30 jours.","il y a 2 ans"
"136","Marrakech","margareth torres","N'achetez surtout pas de cartes SIM à l'aéroport. On m'a volé 20 euros pour une carte et on ne m'a même pas fourni de forfait internet. Le personnel était très désagréable et incompétent. En centre-ville, dès la sortie du bus de l'aéroport, …","il y a 2 ans"
"136","Marrakech","Slinky Malinky","J'ai acheté une carte SIM ici à mon arrivée. J'ai laissé mon téléphone au personnel et je suis allé retirer de l'argent pendant qu'il était chargé. Entre-temps, ils ont confondu ma carte SIM d'origine (pays d'origine) avec celle d'un autre …","il y a 6 ans"
"136","Marrakech","Pau B","Nous sommes arrivés vers 23h45 et il y avait un stand qui distribuait des cartes SIM gratuites. J'avais lu des avis et je n'ai pas eu besoin de recharger ma carte. C'est un peu stressant de se faire prendre en photo pour son passeport avec …","il y a 6 ans"
"136","Marrakech","Chisom Ekwem","J'ai récupéré des cartes SIM gratuites et je les ai rechargées dans une petite épicerie près de mon hôtel. 10 MAD pour 1 Go.","il y a 11 mois"
"136","Marrakech","Nicky Saldanha","N'utilisez pas ce service. Ils facturent trop cher et fournissent des cartes SIM avec peu de données, ce qui vous fera vite manquer de données. Nous sommes allés chez INWI en ville et avons dû recharger quelques jours après avoir payé 20 € pour ce qui était censé être de la 10G.","il y a 3 ans"
"136","Marrakech","Wendy Sui Wern Ooi","J'étais au comptoir il y a quelques mois, le service était déplorable : ils ne semblaient pas s'intéresser aux clients ni répondre aux questions, ils étaient trop occupés à jouer sur leur téléphone. Du coup, je suis allé aux autres guichets.","il y a 2 ans"
"136","Marrakech","Štěpán Šubík","À éviter absolument : service irresponsable et peu fiable. Nous avons payé 20 € pour 20 Go de données et 3 heures d'appels inclus. Après 1,15 Go et 15 minutes d'appels, la carte SIM a cessé de fonctionner en pleine nature. Impossible …","il y a 6 ans"
"136","Marrakech","Italo Mar","Ce sont des escrocs et des malhonnêtes, et ils ternissent la réputation du pays en vous obligeant à payer 200 dirhams supplémentaires même si votre séjour au Maroc ne dure que deux jours.","il y a un an"
"136","Marrakech","West","Tout va bien. 10 € 20go","il y a 11 mois"
"136","Marrakech","Flavio Sousa Monteiro","Expérience horrible !
Le prix varie selon le nombre de participants.
Trop cher et le service est médiocre.
Internet est lent.","il y a 3 ans"
"136","Marrakech","Mouad El Mahjaj","Avait lklab makijawboch 3la aseila barin ri idiw lik flosk tfo 3la service 🐕‍🦺🐕‍🦺🐕‍🦺🐕‍🦺🐕‍🦺🐕‍🦺 …","il y a 2 ans"
"136","Marrakech","Ibz","Ils essaient de vous arnaquer et de vous faire payer en euros ou en livres sterling, PAYEZ EN MAD !","il y a 2 ans"
"136","Marrakech","Ana Pereira","Service déplorable. Ils m'ont volé ma carte mémoire !","il y a 2 ans"
"136","Marrakech","Centre Copie","Internet fabriqué au Maroc...","il y a un an"
"136","Marrakech","Lore","ESCROCS","il y a 3 ans"
"136","Marrakech","Alexander Weber","Peu aimable et peu disposé à aider.","il y a 7 ans"
"136","Marrakech","A","Aucun texte","il y a 7 mois"
"136","Marrakech","RAJA Lourini","Aucun texte","il y a un an"
"136","Marrakech","Youcef Hamdani","Aucun texte","il y a 2 ans"
"136","Marrakech","Baqrou Oualid","Aucun texte","il y a 2 ans"
"136","Marrakech","Domonkos Mária","Aucun texte","il y a 2 ans"
"136","Marrakech","Lorenzo Cozzi","Aucun texte","il y a 3 ans"
"136","Marrakech","Jawad Abas","Aucun texte","il y a 4 ans"
"136","Marrakech","Ismail Tayammoumi","Aucun texte","il y a 6 ans"
"136","Marrakech","Hamid Karmi","Aucun texte","il y a 8 ans"
"137","Marrakech","mohamed el intidami","Le 23 mai 2025, j’ai reçu un message de la part de l’opérateur INWI m’informant, en tant que client fidèle, de l’éligibilité à une offre de remplacement gratuit du routeur Wi-Fi. L'opérateur m'invitait à me rendre dans une agence avec …","il y a 10 mois"
"137","Marrakech","Khalid","Nul de chez nul, il faut se méfié des personnel là bas, ils signent les contrat à la place des abonnés, ainsi le plus grave ils m'ont donné la box sans signature, ils sont bcp de contrant non signé pareil, il les pauvres font deq va est viens pour avoir le service","il y a 2 ans"
"137","Marrakech","Classy Sanaa","L'agente quu travaille la bas n a aucun professionalisme. Elle m a fait attendre une demi heure en faisant semblant qu'elle remplit des documenta pour que a la fin me dit que le service que je veux n'est pas possible pour le moment.","il y a 2 ans"
"137","Marrakech","المستشار التربوي","L'agent en charge des clients pour ce moment est le meilleur que j'ai pu voir jusqu'ici. Que Dieu le bénisse","il y a 4 ans"
"137","Marrakech","عبد الصمد الغغاي","Bon rêve les plus café dont toucher à vent posé la signature","il y a 6 ans"
"137","Marrakech","Fouad Elmarbouh","Agence de téléphone les offres pour internet dont intéressants, les employés sont excellents et compréhensives","il y a 8 ans"
"137","Marrakech","mabrouk hamza","Je trouve ici de bonnes services","il y a 4 ans"
"137","Marrakech","abdelhalim kasbaoui","Petite boutique de service","il y a 7 ans"
"137","Marrakech","أبو مكة","Bien","il y a 4 ans"
"137","Marrakech","Fennoune Mohamed","Parfait","il y a 7 ans"
"137","Marrakech","hamdaoui elhoussien","Bon service","il y a 4 ans"
"137","Marrakech","hamza herni","😂😂 …","il y a 7 ans"
"137","Marrakech","ELHABIB","Bien","il y a 7 ans"
"137","Marrakech","Coopérative celia Coopérative celia","Connexion 0","il y a une semaine"
"137","Marrakech","OMAR AKHOULF","Bon service","il y a 7 ans"
"137","Marrakech","Redone Banani","Service déplorable, non-respect des horaires de travail et fermeture prématurée 👎👎👎👎👎👎 …","il y a 2 mois"
"137","Marrakech","youssef Day","La pire agence ; le service est médiocre, surtout la personne qui répond au téléphone ; ils ne respectent pas le client ou sont partiaux.","il y a 6 mois"
"137","Marrakech","Hi Cv","La pire agence en termes de service client ; une étoile ou plus, c'est déjà trop pour eux.","il y a 3 mois"
"137","Marrakech","Amine Lakraa","Un utilisateur grossier, se moquant des gens, un serviteur forcé","il y a 2 mois"
"137","Marrakech","Faysal Kachoun","Le pire service client que j'aie jamais vu. C'est une véritable arnaque, tant de la part d'Inwi que du service client.","il y a 3 ans"
"137","Marrakech","rachid ait said","Je n'ai pas reçu les informations demandées. Service 000","il y a 2 ans"
"137","Marrakech","Jalal Zalzouli","Bon service, grâce à la disponibilité du personnel.","il y a 7 ans"
"137","Marrakech","haddou oufouta","La couverture n'inclut pas toutes les zones","il y a 6 ans"
"137","Marrakech","Hassan Ben Alioua","Je suis passé devant, mais je ne suis pas entré.","il y a 4 ans"
"137","Marrakech","عبدالغني حكوم","Bon service client","Modifié il y a 4 ans"
"137","Marrakech","M'y youssef El alaoui","Aucun problème.","il y a 4 ans"
"137","Marrakech","Hamza AALA","Goode","il y a un an"
"137","Marrakech","Othmane Elkhald","Akbra matrilan chathom","il y a 3 ans"
"137","Marrakech","قيمة المواطن","Problème de points mensuels","il y a 7 ans"
"137","Marrakech","ahmed kamal","Beau","il y a 2 ans"
"137","Marrakech","Hicham Aboumalek","Bon Service client","il y a 7 ans"
"137","Marrakech","Younes Alaoui","milieu","il y a 2 ans"
"137","Marrakech","younes serhani","Communications et mobilisation","il y a 6 ans"
"137","Marrakech","Hassan Hassan","Aucun texte","il y a 4 mois"
"137","Marrakech","Elaassemy Salah","Aucun texte","il y a 9 mois"
"137","Marrakech","Alabasse Elbou","Aucun texte","il y a 11 mois"
"137","Marrakech","Mohamed Madih","Aucun texte","il y a un an"
"137","Marrakech","MHMED ARJDAL","Aucun texte","il y a 2 ans"
"137","Marrakech","Ikram Agdal","Aucun texte","il y a 2 ans"
"137","Marrakech","RAFIA ALUMINIUM","Aucun texte","il y a 2 ans"
"137","Marrakech","Walkaround Reviews","Aucun texte","il y a 2 ans"
"137","Marrakech","Khalid Hamidi","Aucun texte","il y a 3 ans"
"137","Marrakech","Old Gold","Aucun texte","il y a 3 ans"
"137","Marrakech","Younes EL Farsi","Aucun texte","il y a 4 ans"
"137","Marrakech","Ahmed Errazki","Aucun texte","il y a 4 ans"
"137","Marrakech","عبد الحق كريز","Aucun texte","il y a 4 ans"
"137","Marrakech","mohamed aberchih","Aucun texte","il y a 4 ans"
"137","Marrakech","mohsine asghari","Aucun texte","il y a 4 ans"
"137","Marrakech","Said Zaim","Aucun texte","il y a 5 ans"
"137","Marrakech","Adil Ait elbied","Aucun texte","il y a 5 ans"
"137","Marrakech","KHALID MERAWZA","Aucun texte","il y a 5 ans"
"137","Marrakech","Younas Yamani","Aucun texte","il y a 5 ans"
"137","Marrakech","Simo Of","Aucun texte","il y a 6 ans"
"137","Marrakech","jamal sasbou","Aucun texte","il y a 6 ans"
"137","Marrakech","KHALIL MADANI","Aucun texte","il y a 6 ans"
"137","Marrakech","Abd enbi lourida","Aucun texte","il y a 6 ans"
"137","Marrakech","Abdelrhani Benzakkour","Aucun texte","il y a 6 ans"
"137","Marrakech","Abdelwahd Elguif","Aucun texte","il y a 7 ans"
"137","Marrakech","HM UNIVERS","Aucun texte","il y a 7 ans"
"137","Marrakech","malika benyous","Aucun texte","il y a 7 ans"
"137","Marrakech","faffi nouaro","Aucun texte","il y a 7 ans"
"137","Marrakech","saad zangana","Aucun texte","il y a 7 ans"
"137","Marrakech","rachid el adi","Aucun texte","il y a 7 ans"
"137","Marrakech","Khزون Meriam","Aucun texte","il y a 7 ans"
"137","Marrakech","Aimad AIT M'HAMMED","Aucun texte","il y a 7 ans"
"137","Marrakech","zoltone services","Aucun texte","il y a 7 ans"
"137","Marrakech","Mohamed Atifi","Aucun texte","il y a 7 ans"
"137","Marrakech","Moncef Bougherara","Aucun texte","il y a 7 ans"
"138","Marrakech","Baxha Mos (Mb)","Une petite agence, mais ses services sont excellents et excellents. L'employée de l'agence est une personne décente et aime son travail. Excellents services en termes d'explication et de priorité à un client, en termes de gentillesse dans les relations avec les clients et en donnant plus détails...","il y a 2 ans"
"138","Marrakech","Phillipe Adrian","Parfait dans les réponses l'employé est courtois et rend les services demandés très bonne agence","il y a 11 mois"
"138","Marrakech","Mouna Belhouari","A éviter, service nul","il y a 8 mois"
"138","Marrakech","Abdeljabbar Dyani","Très bien","il y a 4 ans"
"138","Marrakech","Riad Dar Mamouni","Très bien situé","il y a 4 ans"
"138","Marrakech","Mustapha Mektan","VERY BAD SERVICE PFFFFFFFFFFF","il y a 6 ans"
"138","Marrakech","om adam","Service excellent bravo","il y a 4 ans"
"138","Marrakech","dounia","Bon service","il y a 4 ans"
"138","Marrakech","beauty of Morocco","Service déplorable ! La personne qui y travaille ne respecte pas les clients.","il y a un mois"
"138","Marrakech","KBZ","Un employé incompétent qui oriente les clients vers d'autres agences. Quelqu'un qui ne veut pas travailler et me dit d'« aller me coucher ». Pour m'enfuir. …","il y a 2 ans"
"138","Marrakech","Jonathan Taviv","Un endroit idéal pour tout ce qui concerne Inui et les téléphones portables. En tant que touriste, j'ai été très bien accueilli par le personnel, qui a fait preuve d'une grande patience pour résoudre un problème que je rencontrais. Un grand merci à eux !","Modifié il y a 4 ans"
"138","Marrakech","Mounir mourad","Excellent service de la part du responsable du bureau. Il traite chaque client avec le respect qu'il mérite.","il y a 6 ans"
"138","Marrakech","KHARBOUCH Soufiane","J'ai été mal traité par l'agence.

J'ai découvert que mon numéro de téléphone était enregistré au nom d'une autre …","il y a 3 ans"
"138","Marrakech","Evgenia Kadochkina","Annas est la MEILLEURE !!!! Elle m'a aidée à résoudre tous mes problèmes !!!","il y a un an"
"138","Marrakech","Marjan vR","Charmante terrasse donnant sur les jardins Majorelle. Service très aimable.","il y a 7 ans"
"138","Marrakech","jalil jasa","Le jeune homme qui nous a accueillis nous a offert un excellent service. Un grand merci à lui.","il y a 6 ans"
"138","Marrakech","alahyan mohamed","Service déplorable. Très peu de temps à l'heure.","il y a 8 ans"
"138","Marrakech","Younes Laarif","Bon service, merci les filles","Modifié il y a 6 ans"
"138","Marrakech","Imgdal إمڭدال","traitement de qualité inférieure","il y a 2 ans"
"138","Marrakech","Yahia Demnati","Bon service","il y a 5 ans"
"138","Marrakech","Walid Essouli","Parfait","il y a 6 ans"
"138","Marrakech","عبد الرحمان الفشتاوي","Aucun texte","il y a 4 mois"
"138","Marrakech","Zakaria Farsi","Aucun texte","il y a 5 mois"
"138","Marrakech","Issam Ait abas","Aucun texte","il y a 6 mois"
"138","Marrakech","Nachan Ayman","Aucun texte","il y a un an"
"138","Marrakech","P30 Pro","Aucun texte","il y a 2 ans"
"138","Marrakech","Z Mohamed","Aucun texte","il y a 3 ans"
"138","Marrakech","Si Mohamed","Aucun texte","il y a 4 ans"
"138","Marrakech","Yassine- ياسين","Aucun texte","il y a 5 ans"
"138","Marrakech","HARMOUCH Zakaria","Aucun texte","il y a 6 ans"
"138","Marrakech","Badi","Aucun texte","il y a 6 ans"
"138","Marrakech","Kassem Brd","Aucun texte","il y a 6 ans"
"138","Marrakech","Noura kahouli","Aucun texte","il y a 6 ans"
"138","Marrakech","Karima Said","Aucun texte","il y a 7 ans"
"138","Marrakech","Zakaria Labhalla","Aucun texte","il y a 7 ans"
"138","Marrakech","Pan Kalos","Aucun texte","il y a 7 ans"
"138","Marrakech","brahim yahia","Aucun texte","il y a 7 ans"
"138","Marrakech","Alae Chakir","Aucun texte","il y a 8 ans"
"139","Marrakech","Lio GVN","Accueil très peu chaleureux. De plus, le responsable de l'agence est de très mauvaise fois et donne volontairement  de fausses informations au client. Il y a d'autres agences Inwi dans le périmètre....","il y a un an"
"139","Marrakech","Olthy 33","Petite agence avec un personnel très efficace et sympa. Le stricte nécessaire.","il y a 3 ans"
"139","Marrakech","Lupo 18","Fermer définitivement","il y a 4 mois"
"139","Marrakech","rabah hamadi","Carte Sim gratuite","Modifié il y a 8 ans"
"139","Marrakech","LE JOUR D'APRÈS","Trop d'attente","il y a 6 ans"
"139","Marrakech","Claire Weiß","Hautement recommandé, même pour les visiteurs de Marrakech !

19 janvier 2026 : J'ai acheté 10 Go (+1 Go offert) de données mobiles et une …","il y a 3 mois"
"139","Marrakech","Emerson Kmargo","La personne qui travaille dans cette agence Inwi m'a semblé très aimable et m'a aidée jusqu'à ce que ma carte SIM soit activée et fonctionne parfaitement. Je reviendrais sans hésiter.","il y a 6 mois"
"139","Marrakech","Bart Koopman","Nous avons acheté une carte SIM pour une semaine de vacances dans une petite boutique d'opérateurs. L'offre la moins chère coûtait 50 dirhams pour 11 Go (valable un mois). Il y avait un seul vendeur et une file d'attente, nous avons donc dû …","il y a 3 ans"
"139","Marrakech","Nicolas Lemay","J'ai pu acheter une carte SIM ici à un prix bien inférieur à celui pratiqué dans la plupart des boutiques de la médina. Environ 49 dirhams pour 11 Go valables 30 jours, carte SIM incluse. Ils proposent d'autres forfaits. Ils acceptent les …","Modifié il y a 3 ans"
"139","Marrakech","Maria S. B.","Le gérant de cette boutique était très aimable. Il m'a vendu une carte SIM pour 50 dirhams, avec internet pour une semaine. Il m'a demandé mon passeport pour l'enregistrer. Il a été très gentil et compréhensif malgré le fait qu'il ne parlait pas la langue. Je le félicite pour son excellent service et son accueil des touristes.","il y a 2 ans"
"139","Marrakech","Marco Giancani","Service impeccable !

Je recommande cette boutique. …","il y a un an"
"139","Marrakech","Badr Sabor","Bons services pour les nouvelles cartes SIM et les informations","il y a 9 ans"
"139","Marrakech","Jonathan Taviv","Boutique de télécommunications pour acheter une carte SIM avec un forfait Internet à des prix bon marché et un bon service du personnel","il y a 4 ans"
"139","Marrakech","Damar Bou","Cette agence n'a aucun lien avec l'entreprise ; leur service est déplorable, à l'image de l'entreprise elle-même. Ce sont tous des voleurs ; je vous déconseille fortement de faire affaire avec eux.","il y a 6 ans"
"139","Marrakech","Chris G","50% moins cher que la carte SIM à l'aéroport","il y a 3 ans"
"139","Marrakech","Will Alexander","Ils parlent anglais, service rapide et aimable !","il y a 3 ans"
"139","Marrakech","Samir Tktk","Ouverture à 10h, il est tard !","il y a un an"
"139","Marrakech","COMPRENDRE j","Très mauvais traitement des utilisateurs","il y a un an"
"139","Marrakech","Sergei Klimenko","Endroit agréable. Excellente carte. Terrasse.","il y a 7 ans"
"139","Marrakech","aziz mazouz","Pas trop de choses","il y a 6 ans"
"139","Marrakech","mounir el","Chfara","il y a 2 ans"
"139","Marrakech","Youness Idali","Bonne connexion","il y a 8 ans"
"139","Marrakech","omar lbachir","ISO faible","il y a 4 ans"
"139","Marrakech","FRANCISCO RAMIREZ","Marques de téléphones à Marrakech","Modifié il y a 7 ans"
"139","Marrakech","Honza Hrstka","Fortement recommandé, idéal pour les touristes. L'obtention de la carte SIM a été rapide (quelques minutes) et nous avons bénéficié de 11 Go de données et d'une heure d'appels pour 70 MAD, soit environ 7 € (il s'agissait apparemment d'une promotion ; le prix normal est de 100 MAD).","il y a 2 semaines"
"139","Marrakech","Evangelia Perivolaki","Aucun texte","il y a 5 mois"
"139","Marrakech","يوسف ابريهوما","Aucun texte","il y a un an"
"139","Marrakech","Christophe Kmiec","Aucun texte","il y a 2 ans"
"139","Marrakech","Batajen Said","Aucun texte","il y a 2 ans"
"139","Marrakech","Kha Wla","Aucun texte","il y a 2 ans"
"139","Marrakech","Fakir Mohammed","Aucun texte","il y a 3 ans"
"139","Marrakech","Yahya Mchichi","Aucun texte","il y a 3 ans"
"139","Marrakech","Walid Essouli","Aucun texte","il y a 5 ans"
"139","Marrakech","Nabil Kassas","Aucun texte","il y a 5 ans"
"139","Marrakech","youssef chouhbane","Aucun texte","il y a 6 ans"
"139","Marrakech","adnane snoussi","Aucun texte","il y a 6 ans"
"139","Marrakech","Moroccan Art","Aucun texte","il y a 6 ans"
"139","Marrakech","luana biondo","Aucun texte","il y a 6 ans"
"139","Marrakech","Meriem Slimi","Aucun texte","il y a 6 ans"
"139","Marrakech","Hanaa Boutahar","Aucun texte","il y a 6 ans"
"139","Marrakech","Bouchra Taksaoui","Aucun texte","il y a 6 ans"
"139","Marrakech","ISMAIL B","Aucun texte","il y a 6 ans"
"139","Marrakech","amine joumar","Aucun texte","il y a 7 ans"
"139","Marrakech","wadî Habchi","Aucun texte","il y a 7 ans"
"139","Marrakech","Andreas M","Aucun texte","il y a 7 ans"
"139","Marrakech","amrani youssef","Aucun texte","il y a 7 ans"
"139","Marrakech","elmoh i","Aucun texte","il y a 7 ans"
"139","Marrakech","bounajah jihane","Aucun texte","il y a 7 ans"
"139","Marrakech","Hassan Benzrwal","Aucun texte","il y a 7 ans"
"139","Marrakech","kamal nzoulou","Aucun texte","il y a 7 ans"
"139","Marrakech","uinwi","Aucun texte","il y a 8 ans"
"139","Marrakech","abdellah batmacreed","Aucun texte","il y a 8 ans"
"139","Marrakech","DoDy Dodita","Aucun texte","il y a 8 ans"
"139","Marrakech","Gh Ghgh","Aucun texte","il y a 8 ans"
"139","Marrakech","hamza tupac","Aucun texte","il y a 8 ans"
"139","Marrakech","Ismael Pérez","Aucun texte","il y a 8 ans"
"139","Marrakech","Ahmed Elouali","Aucun texte","il y a 8 ans"
"140","Marrakech","Abdelghafour Chokoko","Service clients nul
Ça fait 3 jrs que j'ai payé mon fibre  et les techniciens n'ont pas encore arrivés","il y a un an"
"140","Marrakech","Tasnime Nassim","inwi nous a menti et nous a trompés nous a fait attendre Internet et nous étions avec une société de télécommunications et leur avons demandé de couper voire de se livrer à des effluents inwi mais malheureusement nous reviendrons vers eux.","il y a 3 ans"
"140","Marrakech","Paper Arts","Il y a un trés bon service","il y a 5 ans"
"140","Marrakech","Disfruta Marruecos Viajes","L’accueil très très mal","il y a un an"
"140","Marrakech","El hafyan Khalid","Personnel peu acceuillant.","il y a 6 ans"
"140","Marrakech","Latifa Tahar","Employés professionnels et accueillant","il y a 2 ans"
"140","Marrakech","Simplifier l'informatique","Le système est toujours en panne","il y a 3 ans"
"140","Marrakech","Imane el Arabe Meslahi","Ça va","Modifié il y a 7 ans"
"140","Marrakech","BLH ADE","Service médiocre","il y a 2 ans"
"140","Marrakech","Hasna El idrissi","Service nul","il y a 2 ans"
"140","Marrakech","moulay mustapha oueldammou","Nul","il y a 5 ans"
"140","Marrakech","GUIDE GOLD","Pas de telephones","il y a 7 ans"
"140","Marrakech","Hassan Faiz","Agence Serviable","il y a 2 ans"
"140","Marrakech","Abdeltif BOUSSARHANE","Bravo","il y a 4 ans"
"140","Marrakech","Jahid Kara","Merci","il y a 8 ans"
"140","Marrakech","farah mentougue","Zéro professionnalisme !  Conseillère impoli !!! Un problème technique qui dure depuis plus de 20 jours en plus un service clients irrespectueux  du jamais vu ; la conseillère à la boutique a eu l’audace de nous inviter à résilier si on …","il y a 2 semaines"
"140","Marrakech","Safae Salaheddine","Service client déplorable 👎🏻 …","il y a 4 mois"
"140","Marrakech","Boum Tarik","Num mkhadmach dyrinha bl3ani","il y a 4 mois"
"140","Marrakech","HAMID AOURIK","Pourquoi dois-je débourser de l'argent pour obtenir une carte SIM à mon nom ?
N'avons-nous pas le droit d'obtenir une carte à notre nom sans débourser de l'argent ? …","il y a 3 ans"
"140","Marrakech","Mahdi Bouya","Je m'y suis rendu le samedi 30 avril 2022 à 13h pour demander à recharger mon compte InwiMoney et la fille m'a répondu négativement avec un sourire ! Je suis complètement insatisfait de son attitude non professionnelle !","Modifié il y a 3 ans"
"140","Marrakech","Robert Albion","Le pire réseau de tous les temps 👎 …","il y a 9 mois"
"140","Marrakech","Othmane EL KOHLI","Les agents n'ont pas pu m'aider à résoudre mon problème malgré la fourniture de mon contrat et de mes factures.","il y a 3 ans"
"140","Marrakech","Amine Elmouatacim (Amino)","Bon emplacement, bon service mais l'attente est longue.","il y a 3 ans"
"140","Marrakech","Fayroz Bek","Le niveau est extrêmement bas. Je veux connaître le nom des sœurs qui y travaillent ; je veux porter plainte contre elles.","il y a 3 ans"
"140","Marrakech","Anax Brawl Stars (Brawl Stars)","Le service est bon. L'endroit est moderne. Très pratique","il y a 7 ans"
"140","Marrakech","Abbass Fansouni","Nadine ✌🏻🩷❤️ …","il y a 4 mois"
"140","Marrakech","Morad Houlmane","Personnel agréable et bon service","il y a 5 ans"
"140","Marrakech","Abdo Zaouiat","Il n'existe pas de hérissons lisses.","il y a 2 ans"
"140","Marrakech","كأس العالم روسيا 2018","Num makheddamach","il y a un an"
"140","Marrakech","abasouhail ارام","Bon traitement","il y a 2 ans"
"140","Marrakech","Chour TV","Inwi","Modifié il y a 6 ans"
"140","Marrakech","Taha Assakhir","Bon service","il y a 2 ans"
"140","Marrakech","Hassan Marbre","Service magnifique","Modifié il y a 5 ans"
"140","Marrakech","Shop BenBrahim","👍 …","il y a 2 ans"
"140","Marrakech","Hamza Smartphone","excellent","il y a 4 ans"
"140","Marrakech","عزالدين حجوبي","incroyable","il y a 6 ans"
"140","Marrakech","معي انا إلهام","Inwi est excellent","il y a 7 ans"
"140","Marrakech","Amine Lakraa","Aucun texte","il y a 2 mois"
"140","Marrakech","Johanfel Matos","Aucun texte","il y a 5 mois"
"140","Marrakech","Mohamed Youness","Aucun texte","il y a 5 mois"
"140","Marrakech","ALFAWARES_CARS_MARRAKECH","Aucun texte","il y a 8 mois"
"140","Marrakech","Taha Sahnoun","Aucun texte","il y a 8 mois"
"140","Marrakech","benbouziane sara","Aucun texte","il y a 11 mois"
"140","Marrakech","simos simo","Aucun texte","il y a un an"
"140","Marrakech","Faty Fati","Aucun texte","il y a un an"
"140","Marrakech","Samah Msalhi","Aucun texte","il y a un an"
"140","Marrakech","Youssef youssef","Aucun texte","il y a un an"
"140","Marrakech","Youssef Zaazaa","Aucun texte","il y a un an"
"140","Marrakech","yassir Bouibaoun","Aucun texte","il y a 2 ans"
"140","Marrakech","Ali Boulmani","Aucun texte","il y a 2 ans"
"140","Marrakech","الحاج الطاهر مول السر الظاهر","Aucun texte","il y a 2 ans"
"140","Marrakech","Mohamed Abidou","Aucun texte","il y a 2 ans"
"140","Marrakech","Mohamed Ennaciri","Aucun texte","il y a 3 ans"
"140","Marrakech","Youssef Moulki","Aucun texte","il y a 4 ans"
"140","Marrakech","Farouk El Hammoumi","Aucun texte","il y a 4 ans"
"140","Marrakech","المنصوري bel","Aucun texte","Modifié il y a 4 ans"
"140","Marrakech","gerard chicheportiche","Aucun texte","il y a 4 ans"
"140","Marrakech","abdelmajid oubrahim","Aucun texte","il y a 4 ans"
"140","Marrakech","hanane momo","Aucun texte","il y a 4 ans"
"140","Marrakech","Mourtada Bouizakarne","Aucun texte","il y a 4 ans"
"140","Marrakech","Abdelali joulani","Aucun texte","il y a 4 ans"
"140","Marrakech","Omayma Boutafsoute","Aucun texte","il y a 5 ans"
"140","Marrakech","Youssef Kilani","Aucun texte","il y a 5 ans"
"140","Marrakech","Hamza Elfadely","Aucun texte","il y a 5 ans"
"140","Marrakech","Nasima Arabi","Aucun texte","il y a 5 ans"
"140","Marrakech","Youssef El-amri","Aucun texte","il y a 5 ans"
"140","Marrakech","jawmaj jawad","Aucun texte","il y a 6 ans"
"140","Marrakech","karim elmaaroufi","Aucun texte","il y a 6 ans"
"140","Marrakech","Hakim Bnr","Aucun texte","il y a 6 ans"
"140","Marrakech","Ayoub chiti","Aucun texte","il y a 6 ans"
"140","Marrakech","youness benazid","Aucun texte","il y a 6 ans"
"140","Marrakech","Karim Britit","Aucun texte","il y a 7 ans"
"140","Marrakech","One pièce","Aucun texte","il y a 7 ans"
"140","Marrakech","Amine Taisir","Aucun texte","il y a 7 ans"
"140","Marrakech","EL jazzar Badia","Aucun texte","il y a 7 ans"
"140","Marrakech","Fatiha LAKHMOR","Aucun texte","il y a 7 ans"
"140","Marrakech","Mohammed Zaarane","Aucun texte","il y a 7 ans"
"140","Marrakech","Nabil Rerhdachi","Aucun texte","il y a 7 ans"
"140","Marrakech","rachad Bahadou","Aucun texte","il y a 7 ans"
"140","Marrakech","clash royal","Aucun texte","il y a 8 ans"
"140","Marrakech","Adil Ait El Asri","Aucun texte","il y a 8 ans"
"141","Marrakech","elkhouzari othman","Cette agence est médiocre et peu professionnelle ; le personnel est désinvolte. Je suis allée a consulter une réclamation et personne ne m'a reçue un utilisateur a répondu de manière impolie : « Contactez le service client. ». Une autre …","il y a 4 mois"
"141","Marrakech","Abderrahman Hilali","Accueil indigne d une grande entreprise.... Agent à la limite de l agressivité","il y a 5 mois"
"141","Marrakech","Jamal Bartaouch","Agence toujours pleine donne idée sur la qualité du service de cet opérateur
20 mn d'attente au minimum, service très lent, manque du personnel
Ferme à 19h30","il y a 2 ans"
"141","Marrakech","MOHAMED GAOUTI","Petit local (comme agence). Personnel efficace mais débordé par le nombre de clients.
C'est la seule agence de proximité à Mhamid.","il y a un an"
"141","Marrakech","Fayssal HADDOUCHI","Nous avons voulu rendre la boxe 4g que nous avions acheté dans cette boutique. Les vendeurs de la boutique nous ont indiqué que leur logiciel ne fonctionne plus à partir de 13 heure et qu’il n’était donc pas possible de rendre la boxe …","il y a un an"
"141","Marrakech","Disfruta Marruecos Viajes","L’accueil très très très mal, très mal service","il y a un an"
"141","Marrakech","Khalid Boudine","0 servis toujour les meme arguments pas de conexiont...sesteme empagne.......0/0","il y a 6 ans"
"141","Marrakech","أبو يحيى","Bon endroit pour payer ses factures inwi
Des collaborateurs dynamique est sympa","il y a 6 ans"
"141","Marrakech","Gilles G","Près de chez moi, ils sont sympa et vous dépanne...","il y a 6 ans"
"141","Marrakech","LABRINI Mohamed","Il faut ajouter une autre agence a mhamid ?! Une ne suffit ps","il y a 3 ans"
"141","Marrakech","Ahmed Chaqouri","Facile à trouver et bon espace pour les clients","il y a 2 ans"
"141","Marrakech","ndiaga kebe","Il y''a pas de chaise d'attente","il y a 4 ans"
"141","Marrakech","saad berrada","Je ss pas pourquoi il ferme a 19:00 h!!!?","il y a 5 ans"
"141","Marrakech","bibis hygiéniste","Toujours plein des clients par ce que un seul du personnel pour trentaine des clients","il y a 5 ans"
"141","Marrakech","Ba sattof","Agence minable. Ne rend pas service aux clients.","il y a 5 ans"
"141","Marrakech","Amahrouk Abdellatif","Payement,abonnement ,pour société de communication inwi.","il y a 2 ans"
"141","Marrakech","Rachid Aitouha","Négative . horaires pas respecté","il y a 7 ans"
"141","Marrakech","EZZ LAHCEN","Bonne reception et bon service","Modifié il y a 6 ans"
"141","Marrakech","Good intentions","Salam est une bonne","il y a 4 ans"
"141","Marrakech","Tarik RHAFLI (“Le Docteur”)","Service assez bien","il y a 4 ans"
"141","Marrakech","Badr Benzamroun","Il faut patienter","il y a 7 ans"
"141","Marrakech","B. Ig.","Bon","il y a un an"
"141","Marrakech","M T.","Nul","il y a 2 ans"
"141","Marrakech","قيمة المواطن","Bien","il y a 7 ans"
"141","Marrakech","Mansour Koram","Mauvaise expérience","il y a 3 ans"
"141","Marrakech","IRAOUI OUMAIMA","Service nul","il y a 5 ans"
"141","Marrakech","Mohammed Koussari","Satisfait","il y a 7 ans"
"141","Marrakech","علوي مرتضى","Pas de stock","il y a 5 ans"
"141","Marrakech","Abdallah Belhadi","Lieu étroit","il y a 6 ans"
"141","Marrakech","Oz RS channel","Bad service.","il y a 4 ans"
"141","Marrakech","Jabrane Il","Service nulle","il y a 4 ans"
"141","Marrakech","S. Ezzine","Des arnaqueurs","il y a 4 ans"
"141","Marrakech","khalid eladmaoui","🙅🏼‍♂️🙅🏼‍♂️🙅🏼‍♂️🙅🏼‍♂️🙅🏼‍♂️🙅🏼‍♂️ …","il y a un an"
"141","Marrakech","Nouhaila El Maslouhi","Une perte de temps et d'argent totale. Le personnel était incompétent et ignorait tout des procédures de base. L'employée ne savait même pas comment imprimer le contrat. J'ai dû faire son travail à sa place et lui demander de tourner l'ordinateur portable vers moi pour pouvoir l'imprimer moi-même.","il y a 7 mois"
"141","Marrakech","HASSAN Bakhouch","Service : 0, Transactions : 0, Emplacement : 0, Places assises dans le salon client : 0, Propreté : 7/10, Rapidité de traitement des commandes : 0","il y a 8 mois"
"141","Marrakech","Houiria Hamza","Je suis allé me ​​renseigner sur le Wi-Fi à la maison et il m'a dit d'aller demander à mes voisins s'ils en avaient un dans le quartier. …","il y a 11 mois"
"141","Marrakech","حساب محذوف","Le personnel est compétent.

L'agence peut être bondée car c'est la seule du quartier d'Al-Mahamid. …","il y a 2 ans"
"141","Marrakech","ABDEL OUAHED","Mauvais service… Je songe à quitter Inwi.","il y a 9 mois"
"141","Marrakech","esca per (escaper01)","Vous pouvez y aller le jour de Pâques sans faire la queue.

Ils ouvrent tard et ferment tôt. …","il y a un an"
"141","Marrakech","Abelmounaim Elboustani","Je suis allé à l'agence Inwi de Marrakech pour récupérer ma carte téléphonique et j'ai payé 150 dirhams, mais elle ne fonctionne toujours pas. Quelle est cette négligence ? Nous sommes vos clients depuis longtemps.","il y a un an"
"141","Marrakech","elephant","Je suis venu deux fois le même jour. La première fois, la porte vitrée était fermée et des gens étaient déjà à l'intérieur. La seconde fois, j'ai trouvé une quinzaine de personnes qui attendaient et un seul agent au guichet. C'est absurde …","il y a 2 ans"
"141","Marrakech","Othmane El","Interrogé sur la possibilité d'installer la fibre optique, il a répondu : « On ne sait pas… Allez demander à vos voisins. » 👎 …","il y a un an"
"141","Marrakech","Mounir ELHADNI","Le magasin est complètement vide, sans aucun appareil à vendre.

Ni téléphones portables, ni routeurs. …","il y a 3 ans"
"141","Marrakech","A. Aboilyasse","Le personnel fait de son mieux, mais l'endroit est petit pour une seule agence couvrant une vaste zone comme Al-Mahamid, il y a donc foule et pas de chaises pour attendre.","Modifié il y a 4 ans"
"141","Marrakech","Oussama Erouijel","Les gars ici sont sympas, mais l'entreprise n'est pas fiable à mon avis.","il y a un an"
"141","Marrakech","Youssef EL JAOUAHIRY","ila ktter 3lihom bnadem kaygolo lik système tay7 bach issedrook...machi mrra whda","il y a un an"
"141","Marrakech","SKY COACHES LIMITED","Le pire fournisseur d'accès Internet du Maghreb a acheté 20 Go pour 200 dirhams et n'a jamais fonctionné plus de 24 heures. Il est plein de menteurs. Ne faites jamais confiance à ces gens-là. Ils ne savent pas gérer une seule plainte, sans parler de la gestion d'une grande entreprise de télécommunications.","il y a 6 ans"
"141","Marrakech","TrustBDK","Service de qualité inférieure, 10 jours et pas de machine d'impression, les employés ici dans la région d'Al-Muhammad nuisent à la réputation de l'entreprise","il y a 2 ans"
"141","Marrakech","Khalid Aet","Un service de qualité inférieure, un favoritisme excessif et un népotisme parmi les employés de cette agence sont de qualité inférieure et nuisent à la réputation de l'entreprise.","il y a 2 ans"
"141","Marrakech","Echaghafi Abdelouahad","Service ponctuel. Le travailleur met tout en œuvre malgré l'affluence.","il y a 4 ans"
"141","Marrakech","niver jems","Les employées ne sont pas à la hauteur en matière de relation client.","il y a un an"
"141","Marrakech","Enrique G. Vázquez Páez","Le service est bon. Mais les horaires d'ouverture sont aléatoires.","il y a 6 ans"
"141","Marrakech","Othmane Tizrit","Vous pouvez acheter une carte SIM ici, le personnel était aimable","il y a 3 ans"
"141","Marrakech","Hicham Bo","Longue file d'attente... Service déplorable.","il y a 4 ans"
"141","Marrakech","Anaso AnasSo","Très mauvais 😞 …","il y a un an"
"141","Marrakech","Rachid","Khdmo nas..
Mtkhliwch bnadm ysayn bswsy3","il y a 2 ans"
"141","Marrakech","Y8N YT","Ce n'est pas sympa","il y a un an"
"141","Marrakech","Mohamed matrouf","Non reputation aceuilante","il y a 8 ans"
"141","Marrakech","DALIL brahim","Bon service","il y a 3 ans"
"141","Marrakech","وكالة كاش بلوس المسيرة","La3ya","il y a 3 ans"
"141","Marrakech","killer boss","Longue attente","il y a 4 ans"
"141","Marrakech","Old Gold","J'ai attendu 2 heures","il y a 3 ans"
"141","Marrakech","Moha Bari","Excellent","il y a 4 ans"
"141","Marrakech","AYOUB ayoub","Toujours bondé","il y a 3 ans"
"141","Marrakech","Mohamed Mahboubi","Ok correct","il y a 4 ans"
"141","Marrakech","Issam Ben Mohimd","Mauvais service","il y a 3 ans"
"141","Marrakech","Rgige Abdilah","incroyable","il y a 7 ans"
"141","Marrakech","Mamane Bijoux","Bab Mallah Médine","il y a 7 ans"
"141","Marrakech","Simo simo","Aucun texte","il y a 3 mois"
"141","Marrakech","Kamal Khayi","Aucun texte","il y a 9 mois"
"141","Marrakech","yassine hamim","Aucun texte","il y a un an"
"141","Marrakech","zakaria balhou","Aucun texte","il y a un an"
"141","Marrakech","Jalal","Aucun texte","il y a un an"
"141","Marrakech","F S","Aucun texte","il y a un an"
"141","Marrakech","Hicham Boulaadam","Aucun texte","il y a un an"
"141","Marrakech","Abdo Hiloufa","Aucun texte","il y a un an"
"141","Marrakech","mohamed khachia","Aucun texte","il y a un an"
"141","Marrakech","amine amine","Aucun texte","il y a 2 ans"
"141","Marrakech","Sady Ait chaguer","Aucun texte","il y a 2 ans"
"141","Marrakech","꧁༺ƐLƘHAƊIRI ƝAƬURe༻꧂ elkhadiri nature","Aucun texte","il y a 2 ans"
"141","Marrakech","Nour-eddine KAIKAI","Aucun texte","il y a 2 ans"
"141","Marrakech","Nwl Bttbsrn","Aucun texte","il y a 2 ans"
"141","Marrakech","Zakaria Mojahid","Aucun texte","il y a 2 ans"
"141","Marrakech","abdou dakhouch","Aucun texte","il y a 2 ans"
"141","Marrakech","Soufiane EL GHAZI","Aucun texte","il y a 3 ans"
"141","Marrakech","mounane abdallah","Aucun texte","il y a 3 ans"
"141","Marrakech","Reda AHJIR","Aucun texte","il y a 3 ans"
"141","Marrakech","Hammoud Jalal","Aucun texte","il y a 3 ans"
"141","Marrakech","Adil MADIH","Aucun texte","il y a 3 ans"
"141","Marrakech","Rida Lahdadi","Aucun texte","il y a 3 ans"
"141","Marrakech","Imane Bouras","Aucun texte","il y a 3 ans"
"141","Marrakech","Fatima Ouaziz","Aucun texte","il y a 3 ans"
"141","Marrakech","ام سيف ام سيف","Aucun texte","il y a 3 ans"
"141","Marrakech","Lhosien Aghenda","Aucun texte","il y a 4 ans"
"141","Marrakech","Asmaa Ziry","Aucun texte","il y a 4 ans"
"141","Marrakech","Walid Ghandour","Aucun texte","il y a 4 ans"
"141","Marrakech","Anas Boujdyate","Aucun texte","il y a 4 ans"
"141","Marrakech","Tareq Adili","Aucun texte","Modifié il y a 5 ans"
"141","Marrakech","Abdo Skwadra","Aucun texte","il y a 5 ans"
"141","Marrakech","Yassine Elmenebbehy","Aucun texte","il y a 5 ans"
"141","Marrakech","Yassine Belmahfoud","Aucun texte","il y a 5 ans"
"141","Marrakech","Lakhder Elhoussiene","Aucun texte","il y a 5 ans"
"141","Marrakech","Zakaria BOUISELMAN","Aucun texte","il y a 5 ans"
"141","Marrakech","قناة الفونون الجميل عبدالعزيز","Aucun texte","il y a 5 ans"
"141","Marrakech","cherkaoui ali","Aucun texte","il y a 5 ans"
"141","Marrakech","Amine Tarik","Aucun texte","il y a 5 ans"
"141","Marrakech","Ilham Rharti","Aucun texte","il y a 5 ans"
"141","Marrakech","Iham ILHAM","Aucun texte","il y a 6 ans"
"141","Marrakech","MuSTAphA ISLAM","Aucun texte","il y a 6 ans"
"141","Marrakech","hamid mouadane","Aucun texte","il y a 6 ans"
"141","Marrakech","Saad Subaey","Aucun texte","il y a 6 ans"
"141","Marrakech","Insider Morocco","Aucun texte","il y a 6 ans"
"141","Marrakech","Ayoub BELASRI","Aucun texte","il y a 6 ans"
"141","Marrakech","Maraoui Khalid","Aucun texte","il y a 6 ans"
"141","Marrakech","Moruhid yahya Moruhid","Aucun texte","il y a 6 ans"
"141","Marrakech","oumbark bdeljalila","Aucun texte","il y a 6 ans"
"141","Marrakech","Amehri Zakaria","Aucun texte","il y a 6 ans"
"141","Marrakech","Amgoun Karim","Aucun texte","il y a 6 ans"
"141","Marrakech","Hafis Yassine","Aucun texte","il y a 6 ans"
"141","Marrakech","tijani jaidi","Aucun texte","il y a 6 ans"
"141","Marrakech","mohamed amine ouadoudi","Aucun texte","il y a 6 ans"
"141","Marrakech","Abderrahim Talhimt","Aucun texte","il y a 6 ans"
"141","Marrakech","hasbi mounir","Aucun texte","il y a 6 ans"
"141","Marrakech","abdellah boumadir","Aucun texte","il y a 6 ans"
"141","Marrakech","Khalid Ahandir","Aucun texte","il y a 6 ans"
"141","Marrakech","Abdelkabir Rayyan","Aucun texte","il y a 6 ans"
"141","Marrakech","hamid Lasri","Aucun texte","il y a 6 ans"
"141","Marrakech","mhmd agdor","Aucun texte","il y a 6 ans"
"141","Marrakech","ISSAM ETTOUNSI","Aucun texte","il y a 7 ans"
"141","Marrakech","Azerty Azerty","Aucun texte","il y a 7 ans"
"141","Marrakech","sabah lalaoui","Aucun texte","Modifié il y a 7 ans"
"141","Marrakech","ghouny bouakaz","Aucun texte","il y a 7 ans"
"141","Marrakech","bhjouj khalid","Aucun texte","il y a 7 ans"
"141","Marrakech","younsse benchouaf","Aucun texte","il y a 7 ans"
"141","Marrakech","fadil elidrissi","Aucun texte","il y a 7 ans"
"141","Marrakech","omar oubada","Aucun texte","il y a 7 ans"
"141","Marrakech","Radouan Hazil (Formation, Installation)","Aucun texte","Modifié il y a 7 ans"
"141","Marrakech","Omar Ifrouan","Aucun texte","il y a 7 ans"
"141","Marrakech","Amir Alaa","Aucun texte","il y a 7 ans"
"141","Marrakech","Mohamed Rdidi","Aucun texte","il y a 8 ans"
"141","Marrakech","gourti hicham","Aucun texte","il y a 8 ans"
"141","Marrakech","Issamh Dm","Aucun texte","il y a 8 ans"
"142","Marrakech","Safaa Essahraoui","L’agent était désagréable et ne donnait pas les infos clairement. Pas contente du service nul nul nul 👎🏻👎🏻👎🏻👎🏻 …","il y a 7 mois"
"142","Marrakech","Anas Bahid","Je suis extrêmement déçu par le manque de professionnalisme et l'incompétence des agents de cette agence. Le service est médiocre, aucune résolution n'a été apportée à mes problèmes, et des informations erronées ont été communiquées aux clients. Cette expérience a été profondément décevante
❌️❌️","il y a 11 mois"
"142","Marrakech","oxdev one","Déçu par la qualité de service. L'agent en charge n'était pas à la hauteur en termes de réactivité et de clarté. Des améliorations à apporter pour éviter ce genre de désagrément à l'avenir.","il y a un an"
"142","Marrakech","Yousra k-b","Le non-professionnel et l'incompétence des agents surtout de cette agence comme jamais vu.
service nul, pas de résolution et ils communiquent de fausses informations au clients , très déçu","il y a 4 ans"
"142","Marrakech","Amine Damoun","Un service n'est pas la hauteur
Un employé ""Achraf"" il n'a pas ni le respect our les clients ni l'attitude pour gérer les clients. …","il y a 4 ans"
"142","Marrakech","Hicham","Service médiocre, sur le site de Inwi on nous demande d aller à l agence, une fois a l agence l employé a sa propre version de comment les choses marchent, veux même pas écouter et fixe les règles.","il y a 3 ans"
"142","Marrakech","PANG BATAM","Très bonne équipe, le responsable d'agence est très réactif, compétent et de bon conseil. Je n'en dirais pas tant de certaines autres agences inwi.","il y a 5 ans"
"142","Marrakech","Saida Khanjer","Agent serviable mais système inwi pas à la hauteur des concurrents","il y a 2 ans"
"142","Marrakech","Badr Dermoumi","Service polis et vite, merci beaucoup 🥰 …","il y a 4 ans"
"142","Marrakech","Dounia Farah","le personnel est tres serviable","il y a 6 ans"
"142","Marrakech","B. Ig.","Bon lieu","Modifié il y a un an"
"142","Marrakech","P30 Pro","Service clients disponibles et intéressés","il y a 2 ans"
"142","Marrakech","K AE","Bon accueil","il y a un an"
"142","Marrakech","Marocco TALBAJT","Sympa ET services bien","il y a 6 ans"
"142","Marrakech","MOURAD","Équipe jeune et dynamique","il y a 6 ans"
"142","Marrakech","Aasmae Benhssayne","Faible","il y a 6 ans"
"142","Marrakech","Ghazwani Rahmani","Bon service","il y a 6 ans"
"142","Marrakech","Simo Elaasri","Mauvais service","il y a 6 ans"
"142","Marrakech","ZAKARIA EL HARCHAOUI","Bon service","il y a 7 ans"
"142","Marrakech","Oma yma","Service client déplorable. À peine avais-je dit bonjour et posé poliment ma question que j'ai reçu une réponse extrêmement agressive, presque hurlante. Aucun désir ni capacité de fournir d'explications, et visiblement aucun intérêt à travailler.","il y a 5 mois"
"142","Marrakech","KBZ","Un employé incompétent qui oriente les clients vers d'autres agences. Quelqu'un qui ne veut pas travailler et qui me demande d'aller dans une agence à 20 kilomètres de chez lui. Pour fuir. …","il y a 2 ans"
"142","Marrakech","Koulmen Ilyas","Le pire service client que j'aie jamais vu.

L'opérateur se comporte comme si on devait le payer juste pour qu'il nous parle. …","il y a un an"
"142","Marrakech","Manal","Service sympa, le gars sur place était trop accueillant et gentil. je recommande 👍 …","il y a un an"
"142","Marrakech","Wax Msaali","Mauvais service, même une étoile, ils ne la méritent pas","il y a 2 ans"
"142","Marrakech","Deco Marabesque","J'apprécie leurs services.

J'y suis allé pour faire rectifier des documents relatifs au service réseau.","il y a 5 ans"
"142","Marrakech","Abdelghani Tokki","Bon service","il y a 11 mois"
"142","Marrakech","aziz mazouz","J'en étais content.

C'est marrant.","il y a 6 ans"
"142","Marrakech","Salah Charadi Hadij","Bon service.","il y a 7 ans"
"142","Marrakech","Tarik TOUFIK","Comme","il y a 6 ans"
"142","Marrakech","ممدوح محسن","Service rapide","il y a un an"
"142","Marrakech","mourad charif","Carrière","il y a 7 ans"
"142","Marrakech","soufiane taraoui","✌🏻✌🏻✌🏻 …","il y a 4 ans"
"142","Marrakech","Salmahamza Salma hamza","Aucun texte","il y a 11 mois"
"142","Marrakech","Maria Krasnova","Aucun texte","il y a un an"
"142","Marrakech","Abdellatif Oumerzoug","Aucun texte","il y a un an"
"142","Marrakech","Yassine Erami","Aucun texte","il y a un an"
"142","Marrakech","Hassan Azaouy","Aucun texte","il y a 2 ans"
"142","Marrakech","ADIL BELKHALFI","Aucun texte","il y a 2 ans"
"142","Marrakech","mohamed khamri","Aucun texte","il y a 3 ans"
"142","Marrakech","Saaidi hamid","Aucun texte","il y a 4 ans"
"142","Marrakech","Noureddine","Aucun texte","il y a 5 ans"
"142","Marrakech","Marwa Benhida","Aucun texte","il y a 5 ans"
"142","Marrakech","Azdine Erraji","Aucun texte","il y a 5 ans"
"142","Marrakech","Youssef AIT EL FQIH","Aucun texte","il y a 6 ans"
"142","Marrakech","عبد الرحمان الزكريري","Aucun texte","il y a 6 ans"
"142","Marrakech","Mouad KHOUJA","Aucun texte","il y a 6 ans"
"142","Marrakech","Latifa Lachgueur","Aucun texte","il y a 6 ans"
"142","Marrakech","عالم ازهار سعاد","Aucun texte","il y a 6 ans"
"142","Marrakech","Mamadou DIALLO","Aucun texte","il y a 6 ans"
"142","Marrakech","Hamza Chaouki","Aucun texte","il y a 6 ans"
"142","Marrakech","Med HT (PAA)","Aucun texte","il y a 6 ans"
"142","Marrakech","essaadi simo","Aucun texte","il y a 6 ans"
"142","Marrakech","Abdelaziz Elbouchti","Aucun texte","il y a 6 ans"
"142","Marrakech","Mehdi Elbadaoui","Aucun texte","il y a 6 ans"
"142","Marrakech","Mme Émane","Aucun texte","il y a 7 ans"
"142","Marrakech","Manaf ABDOUN","Aucun texte","il y a 7 ans"
"142","Marrakech","elkasbari hamza","Aucun texte","il y a 7 ans"
"142","Marrakech","Driss El Basbassi","Aucun texte","il y a 7 ans"
"142","Marrakech","Abdelkader Nouasri","Aucun texte","il y a 7 ans"
"142","Marrakech","OUAFI ABDELLATIF","Aucun texte","il y a 7 ans"
"142","Marrakech","hamza rifky","Aucun texte","il y a 7 ans"
"142","Marrakech","Youness Chefaoui","Aucun texte","il y a 7 ans"
"142","Marrakech","NAJWA BELBOU","Aucun texte","il y a 7 ans"
"142","Marrakech","jamal ayatti","Aucun texte","il y a 7 ans"
"142","Marrakech","Trip in Wonderland","Aucun texte","il y a 7 ans"
"142","Marrakech","sakazaki","Aucun texte","il y a 7 ans"
"142","Marrakech","Mohamed Akhiad","Aucun texte","il y a 7 ans"
"143","Marrakech","alain pal","Personnel accueillant. Cependant,  les offres sont differentes de celles proposées sur internet d'une part et à Casablanca d'autre part de plus les prix pratiqués lors de ma visite sont difficilement justifiables, 250 MDH a Casablanca, 750 MDH à Marrakech pour une offre inférieure. Très discutable...","il y a 6 mois"
"143","Marrakech","Yassine Touilila","Cela fait plus d’un mois et jusqu’à présent, aucun technicien n’est venu installer les équipements de la fibre optique, malgré les deux réclamations que j’ai déposées auprès de cette agence. Ce qui est étonnant, c’est qu’on m’a déjà envoyé …","il y a 9 mois"
"143","Marrakech","akabli ismail","Tes bon service rien a reprocher","il y a 4 mois"
"143","Marrakech","didi hind","Très mauvaise agence, très mauvais opérateur. Je ne le recommande pas.","Modifié il y a 10 mois"
"143","Marrakech","Samir Alchaar","Une excellente entreprise de télécommunications offrant des services performants à des prix avantageux. La qualité du réseau est bonne, et le service client ainsi que les abonnements sont rapides et pratiques. Leurs prix sont compétitifs, …","il y a 4 mois"
"143","Marrakech","Youssef Elhoust","La pire entreprise avec laquelle j'ai jamais eu affaire. Ils font n'importe quoi, empruntent du matériel aux voisins et prétendent que c'est de la fibre optique.","il y a 10 mois"
"143","Marrakech","Ayoub Elmakhloufi","Aucun texte","il y a 6 mois"
"144","Marrakech","Amel","Très mauvaise agence. Le vendeur fait une erreur mais c’est quand même au client de payer. C’est inadmissible.
Je demande le même forfait que mon ancien forfait, et il m’a mit un autre …","il y a 4 mois"
"144","Marrakech","yahya nadif","Pourquoi un numéros si il est toujours éteint et pourquoi un horaire si vous toujours ferme ?","il y a 2 mois"
"144","Marrakech","ghizlane farouk","Service nul et aucune réponse","il y a 10 mois"
"144","Marrakech","Othman Oumouss","Le service était déplorable et les explications étaient inexistantes. Cette entreprise est une véritable bande de voleurs et d'escrocs. J'ai payé 250 dirhams par mois pour le Wi-Fi, et après 20 jours, j'ai découvert que je devais débourser 361 dirhams supplémentaires pour Inwi et Orange. Ils sont pires que vous.","il y a 3 mois"
"144","Marrakech","Chef Simo","Service nul","il y a 9 mois"
"144","Marrakech","Aitssi Hassan","Aucun texte","il y a un jour"
"145","Marrakech","Andree Sartis","Cette agence n'ouvre pratiquement jamais aux heures d'ouverture et le système informatique est souvent en panne. Il a fallu que l'on vienne 3 fois avant de pouvoir payer mon abonnement","il y a 7 ans"
"145","Marrakech","med taher","service zéro et null ds cette agence","il y a 2 ans"
"145","Marrakech","EL RHOUL MED","Très bien","il y a un an"
"145","Marrakech","AHMED HMIDDOUCH","Inwi nuuuuuuul
Non recommandés
Services zeros","Modifié il y a 3 ans"
"145","Marrakech","omar el aabdallaoui","J'ai passer  à côté et du magasin","il y a 6 ans"
"145","Marrakech","GG 13","personnel très accueillant je recommande","il y a 6 ans"
"145","Marrakech","Ismail Boussaboune","Je crois que c'est fermé","il y a 7 ans"
"145","Marrakech","El hafyan Khalid","Acceuil désagréable malheureusement","il y a 6 ans"
"145","Marrakech","سارة حمامة السلام","Bien","il y a 7 ans"
"145","Marrakech","Taib Mouhssine","Mal service","il y a 5 ans"
"145","Marrakech","Aziz Elhafyan","Rachid","il y a 8 ans"
"145","Marrakech","Hafid El gaamouch","1/10","il y a 4 ans"
"145","Marrakech","Adil Ramadane","Catastrophe","il y a un an"
"145","Marrakech","MideMikeSunX","Service réseau 0 -0 ... 7ssen sedo l'agence","il y a 2 mois"
"145","Marrakech","Aziz","C'est trop lent et assurez-vous de recevoir votre commande immédiatement, n'attendez pas, sinon vous risquez de vous faire arnaquer et de perdre votre argent.","il y a un an"
"145","Marrakech","David Hatch","Des gens très sympathiques ! Excellent service ! Généralement très rapide. Climatisation ! Ils parlent anglais aussi.","il y a 4 ans"
"145","Marrakech","Oussama Bana","Malheureusement, une agence a échoué. L'un des employés ne répond pas aux normes requises.","il y a un an"
"145","Marrakech","Abdellah H'maidouch","Mauvais service","il y a 6 mois"
"145","Marrakech","Rida Gouyghanimn","service 00 khdit men 3endhom wahd idar duo 5 jours oma khadamch tan mchi 3endhom","il y a 6 ans"
"145","Marrakech","Abd rahmane Barwane","Ce fut une expérience formidable et un succès.","il y a 2 ans"
"145","Marrakech","Deco Marabesque","Franchement, ils ne donnent pas toutes les informations, leur service est déplorable.","il y a 5 ans"
"145","Marrakech","PLAY _ZR","Hhh wifi tlmghrib","il y a 2 ans"
"145","Marrakech","عبدالغني حكوم","Niveau inacceptable avec les clients","il y a 4 ans"
"145","Marrakech","Freerun Opa","Toujours serviable, parlant anglais","il y a 5 ans"
"145","Marrakech","Simo Simo","www.","il y a 7 ans"
"145","Marrakech","Savo Sabati","Bonne chance","il y a 6 ans"
"145","Marrakech","bruno ellade","Petit mais professionnel","il y a 7 ans"
"145","Marrakech","KIdr REdty","Pour le remplissage","il y a 7 ans"
"145","Marrakech","Nizar Aouatif","Mauvais service..","il y a 5 ans"
"145","Marrakech","Jamal Twis Tata123456789","marhabzn","il y a 7 ans"
"145","Marrakech","youssef yo","Jmili","il y a 6 ans"
"145","Marrakech","Ghazwani Rahmani","Négatif","il y a 6 ans"
"145","Marrakech","Houda Kanaoui","Correct","il y a 5 ans"
"145","Marrakech","Radouane Allam","incroyable","il y a 8 ans"
"145","Marrakech","Rachid Shinobi","Aucun texte","il y a 2 ans"
"145","Marrakech","ABDELALI AIT ZIDAN","Aucun texte","il y a 2 ans"
"145","Marrakech","Imane Kachkach","Aucun texte","il y a 3 ans"
"145","Marrakech","kech ryad","Aucun texte","il y a 4 ans"
"145","Marrakech","ترفيه","Aucun texte","il y a 4 ans"
"145","Marrakech","Abdellah Zineelabidine","Aucun texte","il y a 4 ans"
"145","Marrakech","innocent demon","Aucun texte","il y a 5 ans"
"145","Marrakech","mohammed khaoulani","Aucun texte","il y a 5 ans"
"145","Marrakech","yassine wafa","Aucun texte","il y a 5 ans"
"145","Marrakech","Yassine KRABTI","Aucun texte","il y a 5 ans"
"145","Marrakech","zohair maghdaoui","Aucun texte","il y a 6 ans"
"145","Marrakech","ZYAD BELOUED","Aucun texte","il y a 6 ans"
"145","Marrakech","Tarik Bouattar","Aucun texte","il y a 6 ans"
"145","Marrakech","abdolillah el allouchi","Aucun texte","il y a 6 ans"
"145","Marrakech","133 133 (‪TheFlashMob‬)","Aucun texte","il y a 6 ans"
"145","Marrakech","Mortaqi Kawla","Aucun texte","il y a 6 ans"
"145","Marrakech","Said Ryad","Aucun texte","il y a 6 ans"
"145","Marrakech","Halimaa Hali01","Aucun texte","il y a 7 ans"
"145","Marrakech","Mohamed KRABTI","Aucun texte","il y a 7 ans"
"145","Marrakech","Ibrahima Sarr","Aucun texte","il y a 7 ans"
"145","Marrakech","Mohamed elfakhari","Aucun texte","il y a 7 ans"
"145","Marrakech","Simo Mohamed","Aucun texte","il y a 7 ans"
"145","Marrakech","Even Kids","Aucun texte","il y a 7 ans"
"145","Marrakech","zakaria","Aucun texte","il y a 7 ans"
"145","Marrakech","bouchaib mounir","Aucun texte","il y a 7 ans"
"145","Marrakech","loubane hadi","Aucun texte","il y a 7 ans"
"145","Marrakech","YASSINE DLIMI","Aucun texte","il y a 7 ans"
"145","Marrakech","josephibk","Aucun texte","il y a 7 ans"
"145","Marrakech","youness cherraj","Aucun texte","il y a 7 ans"
"145","Marrakech","said labboudi","Aucun texte","il y a 7 ans"
"145","Marrakech","Abdelhaq Baallal","Aucun texte","il y a 7 ans"
"145","Marrakech","Habib Ali (Al Habib)","Aucun texte","il y a 8 ans"
"146","Marrakech","Amed Abdo","Service clients nulle","il y a 3 ans"
"146","Marrakech","Maria Krasnova","Nous payons de l’argent, mais nous n’obtenons pas de service.","il y a un an"
"147","Marrakech","HB","Si vous voulez être déçu, vous êtes à la bonne adresse.
Personnel incompétent, et service médiocre…
À fuir !","il y a 5 mois"
"147","Marrakech","Mir4culouslyy Mir4culous","La fille qui y travaille a une très mauvaise attitude. On a l'air qu'on vient la déranger dans son agence. 😂 …","il y a 4 ans"
"147","Marrakech","Saida Khanjer","Désolant que ce genre de service existe...mauvaise équipe + sim cart indisponible dans une agence inwi!!","il y a 2 ans"
"147","Marrakech","AMA GARDEN Lynda","Nul j'ai demandé une assistance depuis 1 mois et jusqu'à aujourd'hui je n'ai rien eu","il y a 4 ans"
"147","Marrakech","Rachid ELLAOUNI","Pourquoi donner un numéro de téléphone qui n'existe pas ??!!","il y a un an"
"147","Marrakech","Meriem Laassibi","Je remercie yassine pour son service ainsi son acceuil","il y a 5 ans"
"147","Marrakech","soufiane taraoui","Very nice employe","il y a 4 ans"
"147","Marrakech","Nouh EL AFAOUI","abonnement","il y a 8 ans"
"147","Marrakech","Med Dardour","Merci asmaa pour ton aimable accueil et ton service irréprochable","il y a une semaine"
"147","Marrakech","mokhtar soumair","Oh, ça va vite ici, c'est petit, comme on dit en allemand, mais ça va. Il y a un arrêt tout près, même le Marjane. J'ai demandé au chauffeur ce que « inwi » signifiait ou était censé signifier, et il m'a dit que ça avait un rapport avec les souhaits, les souhaits qui se réalisent. Je n'ai aucune idée de comment « inwi » y parvient.","il y a 4 mois"
"147","Marrakech","Ya El","Service déplorable et escroquerie de la part du personnel de l'agence. Ils m'ont induit en erreur en me faisant croire que mon abonnement iDar Duo avait été résilié et ont repris mon appareil. À ma grande surprise, la facturation et la …","il y a 3 mois"
"147","Marrakech","Mohamed Adarraz","Service très médiocre. L'agent ne nous a pas fourni les informations correctes concernant les offres. Il ne savait pas exactement quand le technicien viendrait, mais a dit juste demain ou après-demain. Aucun technicien ne nous a été envoyé …","il y a un an"
"147","Marrakech","Jan Van vaerenbergh","16h, personne en vue… je vais manger","il y a 9 mois"
"147","Marrakech","Adaoud Noureddine","Il y a du clientélisme dans la transaction","il y a 6 ans"
"147","Marrakech","tufiq Fateh","Aucun texte","il y a un an"
"147","Marrakech","Imane El abbassi","Aucun texte","il y a 2 ans"
"147","Marrakech","Hanane Tamaraout","Aucun texte","il y a 2 ans"
"147","Marrakech","ZAKARIA EL ARABI","Aucun texte","il y a 4 ans"
"147","Marrakech","Mohamed Larbi Jaidi","Aucun texte","il y a 4 ans"
"147","Marrakech","Elanya Soufiane","Aucun texte","il y a 5 ans"
"147","Marrakech","soufiani merieme","Aucun texte","il y a 5 ans"
"147","Marrakech","Benchaikh Ahmed","Aucun texte","il y a 6 ans"
"147","Marrakech","Zakaria Sarti","Aucun texte","il y a 6 ans"
"147","Marrakech","Mohamed Atouch","Aucun texte","Modifié il y a 7 ans"
"147","Marrakech","Mohamed AMADJAR","Aucun texte","il y a 7 ans"
"147","Marrakech","Mohamed MOUNIR","Aucun texte","il y a 7 ans"
"147","Marrakech","Najat Alaoui","Aucun texte","il y a 7 ans"
"148","Marrakech","Hiba Alaoui","Service nuullll de chezz nullll
Le personnel qui balance des mensonges dans l’air
Service client PIRE ENCOREE …","il y a un an"
"148","Marrakech","S piment","agence dans un quartier populaire, l'agence mal équipée, les conseillés ne connaissent pas leurs produits, les expats sont là, nous allons bien les former, daoudiate mérite mieux.","il y a 2 ans"
"148","Marrakech","Badr-eddine Laamyem","Pour les clients de tout le quartier c est important d avoir une agence dans ce lieu.surtout en plein avenue allah en tfaqsi.","il y a 6 ans"
"148","Marrakech","Soulaimane Fadili","Bon emplacement
Service bien Des gens sympas et bien discipliné","il y a 7 ans"
"148","Marrakech","Réda Chaouf","Merci pour l'accueil et la gentillesse de la vendeuse.","il y a 3 ans"
"148","Marrakech","Y O (“Yohnny”)","Le meilleur reste a venir","il y a 8 ans"
"148","Marrakech","mourad charif","bien","il y a 6 ans"
"148","Marrakech","Kouta Mostafa","Des efforts à faire","il y a 6 ans"
"148","Marrakech","JB","Attention ! Ce vendeur ne donne pas d’informations honnêtes. Il essaie de vous induire en erreur en vous faisant accepter des offres inutiles assorties de frais cachés.","il y a un an"
"148","Marrakech","Abderrahmane Semmoum","0/10, mauvais service","il y a 2 ans"
"148","Marrakech","soufiane taraoui","C'est bon","il y a 4 ans"
"148","Marrakech","Ihsan Mouhadab","Nuul","Modifié il y a 4 ans"
"148","Marrakech","My Abdelaziz HADIGUI","Inwi","il y a 4 ans"
"148","Marrakech","MUSTAPHA AIT BENDRA","Parfait","il y a 3 ans"
"148","Marrakech","Mr Abdul","Service médiocre 😞 …","il y a 4 ans"
"148","Marrakech","Noureddine elbouz","Avec un","Modifié il y a 6 ans"
"148","Marrakech","My driss Tber","Aucun texte","il y a 3 ans"
"148","Marrakech","Yousra k-b","Aucun texte","il y a 4 ans"
"148","Marrakech","Wiam channel","Aucun texte","il y a 4 ans"
"148","Marrakech","Sophie Dalla Torre Liénard","Aucun texte","il y a 5 ans"
"148","Marrakech","Zakarya El abbadi","Aucun texte","il y a 5 ans"
"148","Marrakech","Omar Elmahdaoui","Aucun texte","il y a 5 ans"
"148","Marrakech","bouchra boulahbach","Aucun texte","il y a 6 ans"
"148","Marrakech","Ayman Elajel","Aucun texte","il y a 6 ans"
"148","Marrakech","Ouahmane Omar","Aucun texte","il y a 6 ans"
"148","Marrakech","Fatima Jarfe","Aucun texte","il y a 6 ans"
"148","Marrakech","mustapha bounaceur","Aucun texte","il y a 6 ans"
"148","Marrakech","Said Ghandour","Aucun texte","il y a 6 ans"
"148","Marrakech","Abdo Essalmi","Aucun texte","il y a 8 ans"
"149","Marrakech","قناة تائب للمقاطع الدعوية .","Les services sont lents","il y a 3 ans"
"149","Marrakech","Said Zaroual","Aucun texte","il y a 3 mois"
"149","Marrakech","Abdelhadi Mossaide","Aucun texte","il y a 8 mois"
"149","Marrakech","Said Luvani","Aucun texte","il y a 2 ans"
"149","Marrakech","Meryem Devot","Aucun texte","il y a 4 ans"
"149","Marrakech","Mohamed Halhamda","Aucun texte","il y a 4 ans"
"149","Marrakech","Mbarek El watati","Aucun texte","il y a 5 ans"
"152","Marrakech","Moha Med","Je tiens à exprimer toute ma satisfaction concernant l’assistante. Elle se distingue par son professionnalisme, sa disponibilité et son sens de l’écoute. Toujours souriante et réactive, elle sait répondre avec précision et efficacité aux …","il y a 5 mois"
"152","Marrakech","Tariq Echchetoui","Service na9s bzzzzzzzzzzzzzzzf , on a un problème au niveau de router fibre optique pendant plus que +15j , (une semaine d'aller retour a l'agence ) sans retour sans visite technique sans diagnostic sans rien .","il y a 2 mois"
"152","Marrakech","Mamouche","Très bonne service","il y a 10 mois"
"152","Marrakech","Abdelghafour Bouchettou","Service (0)😏 …","il y a 11 mois"
"154","Marrakech","mehdi saad","Agence qui ferme ses portes pour une periode indetermineè pour dejeuner , agents desagreable .","il y a 6 mois"
"154","Marrakech","Fahd Abounabl","Employé grossier, la dame est un peu accueillante mais le gars est tellement grossier","il y a 6 mois"
"154","Marrakech","lahmia jaouad","Aucun texte","il y a 11 mois"
"155","Marrakech","Mohamed El Manzal","Le Service est nulle, comportement nulle des agents","il y a 3 mois"
"155","Marrakech","Jaouad Elgraoui","Service médiocre","il y a 3 mois"
"155","Marrakech","Simo Sisti","Aucun texte","il y a 5 mois"
"155","Marrakech","Abdel Bou","Aucun texte","il y a 6 mois"
"157","Tanger","Mariam Boukhriss","Malheureusement, une dame travaillant chez Inwi, boulevard Pasteur, ne souhaitait visiblement pas accomplir son travail. J’ai attendu près de 30 minutes pour entendre simplement , j’ai terminé, veuillez attendre qu’un autre collègue soit …","il y a 5 mois"
"157","Tanger","Mohammed Ahmiri","Je suis très déçu du service d'Inwi. J'ai un problème avec mon abonnement qui n'a pas été résolu malgré mes multiples tentatives de contact. Le manque de réactivité et de suivi est vraiment frustrant. J'espère que l'entreprise prendra des mesures pour améliorer son service client.😡😡😡😡😡 …","il y a un an"
"157","Tanger","Ikram Boussmadi","Je suis extrêmement déçu par le service clientèle de cette agence Inwi. J'ai récemment eu un problème avec ma carte CIM qui a été bloquée et donnée à une autre personne sans mon consentement. Malgré mes multiples tentatives pour récupérer …","il y a un an"
"157","Tanger","Hafid Saoud","Service nul et délai d'attente trop long","il y a 3 ans"
"157","Tanger","Ayoub Boulidat","Ça ce passe bien malgré il y a un peu de retard","il y a 2 ans"
"157","Tanger","Ahmad Seck","Ils ont règles mon problème de portabilité, et il m'ont appelé pour la confirmation","il y a 3 ans"
"157","Tanger","Nizar benouicha","manque du personnel
il faut attendre trop pour contacter le commercial","il y a 6 ans"
"157","Tanger","Khalid Khalladi","Service nul, couverture du réseau est complètement nul.","il y a 3 ans"
"157","Tanger","KAHOUACH HOUSSAIN","Ils ne répondent jamais au téléphone, services zéro pointé.","il y a 8 ans"
"157","Tanger","Driss Idrissi Yadini","Société de télécommunication qui use d'astuces malicieuses pour tromper ses clients","il y a 4 ans"
"157","Tanger","Mohamed Benmira","Ils ont un bon service merci inwi","il y a 5 ans"
"157","Tanger","Salah BEKKARI (‫البكاري صالح‬‎)","Agence Inwi sor  lm3gazine.","il y a 7 ans"
"157","Tanger","K B (Kb)","Toujours trop de monde","il y a 3 ans"
"157","Tanger","Mohamed Sehlane","Bon service","il y a 2 ans"
"157","Tanger","Mohamed ElMehdi","Non professionnel","il y a 5 ans"
"157","Tanger","Ali Rhoulimi","Bien","il y a 4 ans"
"157","Tanger","خالد فوزي","Bonne","il y a 6 ans"
"157","Tanger","younes younes","Bonne journée","il y a 6 ans"
"157","Tanger","N. Zaraali","Procédures compliquées","il y a 8 ans"
"157","Tanger","Driss Idrissi Yadini","Agence de télécommunication","il y a 4 ans"
"157","Tanger","A V","Le personnel était très aimable et serviable, mais les chaises étaient extrêmement inconfortables : sans dossier ni coussin. Je n'y suis restée que 10 minutes et je l'ai ressenti, alors je n'imagine pas comment le personnel peut gérer des …","il y a 6 mois"
"157","Tanger","MaHmOuD Bouzid","Je suis allé demander une carte ESM, mais on m'a dit qu'elle n'était pas disponible et on m'a conseillé d'aller dans un autre organisme. Là-bas, on m'a demandé de revenir. À mon retour, ils n'ont pas répondu à ma demande.","Modifié il y a 7 mois"
"157","Tanger","Souhail El Amrani","Agréable et propre mais il y avait une fille qui travaillait là-bas qui criait sur les gens, elle n'est pas du tout professionnelle, travailler dans un endroit comme celui-là demande beaucoup de patience 🤔 …","il y a 6 mois"
"157","Tanger","Silver Q","Je donnerais zéro si je pouvais.

Le service est super lent, khdamin b zez, j'attends depuis une éternité, nidam walu","il y a 4 mois"
"157","Tanger","Önder Özkan","Ils ne valent pas une étoile.","il y a 4 mois"
"157","Tanger","Mohamed Chliyah","Le personnel n'est pas accueillant, mieux vaut choisir un autre magasin.","il y a 4 mois"
"157","Tanger","Montasser MEJDOUBI","Très mauvaise agence... il n'y a que 2 agents et il faut attendre longtemps pour juste un petit service","il y a 7 mois"
"157","Tanger","ABDULLAH ALGHAMDI","Excellent et solide filet et service merveilleux ✅","il y a 6 mois"
"157","Tanger","youssra tribak","Le service client de l'agence est déplorable, tant en termes de rapidité que de professionnalisme. Le personnel est extrêmement lent, prenant entre 20 et 30 minutes par personne, alors que l'attente est longue. Veuillez améliorer vos services ou remplacer le personnel.","il y a 11 mois"
"157","Tanger","Bouchouf Omar","Bonjour à tous, je peux vous dire que c'est de loin la pire agence que j'aie jamais vue ! C'est à cause du personnel. …","il y a 4 ans"
"157","Tanger","Lamia Missiria","Une très mauvaise équipe 🙃 …","il y a 6 mois"
"157","Tanger","Selim Abiriga","Mauvais service","il y a 4 mois"
"157","Tanger","Derek Giroulle","Deux conseillers clientèle disponibles, service médiocre. J'ai dû souscrire un abonnement au lieu d'une formule prépayée, mais rien n'était disponible. Dans ce bureau, les gens viennent régler leurs factures. …","il y a 3 ans"
"157","Tanger","A B K H","Makn propose des services de facturation mensuelle postpayée et est accessible aux personnes en fauteuil roulant.","il y a 3 ans"
"157","Tanger","MOHAMMED IDRIS","Très mauvais. Ces femmes hommes","il y a 3 ans"
"157","Tanger","omar eissa","super magasin omar a été très serviable et a répondu à toutes nos questions !","il y a 5 ans"
"157","Tanger","ossaka boom","Franchement. Ils sont tellement lents ! J'y perds beaucoup de temps pour rien.
Ils devraient penser à accélérer les affaires.","il y a 6 ans"
"157","Tanger","PANDA- MAN","Cela ne mérite même pas une étoile.","il y a un an"
"157","Tanger","Anoir BH","J'ai besoin d'un routeur wifi aujourd'hui, le 30 avril, est-ce possible ?","il y a 5 ans"
"157","Tanger","CaramelisedGuy","Le service client est vraiment déplorable.","Modifié il y a 9 ans"
"157","Tanger","Chakhseya bariza","Ici, on vous traite très bien.","il y a 6 ans"
"157","Tanger","Mohamad Awkan","Bon endroit","il y a 6 ans"
"157","Tanger","youssef Iich","Honnêtement, sa gestion est nulle.","il y a 11 ans"
"157","Tanger","Safae Laabas","service médiocre","il y a 3 ans"
"157","Tanger","Ibrahim Bianconeri","Inwi est une grande agence de télécommunications","il y a 5 ans"
"157","Tanger","otman andaloussi shop","Khaiba","il y a 3 ans"
"157","Tanger","Nada Ben Hamda","Aucun texte","il y a 4 mois"
"157","Tanger","Johannes Krumm","Aucun texte","il y a 5 mois"
"157","Tanger","África Andrés corbacho","Aucun texte","il y a un an"
"157","Tanger","Siham El Amari","Aucun texte","il y a 2 ans"
"157","Tanger","Noble EL yamli","Aucun texte","il y a 2 ans"
"157","Tanger","Mariam AIT BEH OUALI","Aucun texte","il y a 3 ans"
"157","Tanger","Armando Prendes","Aucun texte","il y a 3 ans"
"157","Tanger","sanae nareddah","Aucun texte","il y a 3 ans"
"157","Tanger","El alamy Mustapha","Aucun texte","il y a 3 ans"
"157","Tanger","chakir el amrani","Aucun texte","il y a 3 ans"
"157","Tanger","BRUNO KIYEMBE","Aucun texte","il y a 3 ans"
"157","Tanger","Abderrahim El yessefi","Aucun texte","il y a 3 ans"
"157","Tanger","Mariam Mariam","Aucun texte","il y a 3 ans"
"157","Tanger","Bernardo Alfredo Hernández-Umaña","Aucun texte","il y a 3 ans"
"157","Tanger","maroc suisse","Aucun texte","il y a 4 ans"
"157","Tanger","Rachid Baach","Aucun texte","il y a 4 ans"
"157","Tanger","AMBS Gams","Aucun texte","il y a 4 ans"
"157","Tanger","khalid ÉL kassami","Aucun texte","il y a 4 ans"
"157","Tanger","achraf tiki","Aucun texte","il y a 4 ans"
"157","Tanger","Oussama Astar","Aucun texte","il y a 4 ans"
"157","Tanger","Oumaima Andaloussi","Aucun texte","il y a 4 ans"
"157","Tanger","Samir Bilani","Aucun texte","il y a 4 ans"
"157","Tanger","khalid bouch","Aucun texte","il y a 5 ans"
"157","Tanger","Yassir Bakkali","Aucun texte","il y a 5 ans"
"157","Tanger","mazen issa","Aucun texte","il y a 6 ans"
"157","Tanger","mohamed sbai","Aucun texte","Modifié il y a 6 ans"
"157","Tanger","Fahsi Ben Sellam Mouad","Aucun texte","il y a 6 ans"
"157","Tanger","Hamza Saih","Aucun texte","il y a 6 ans"
"157","Tanger","JOUBAIR Jihane","Aucun texte","il y a 7 ans"
"157","Tanger","EL FEKIHI MOHAMED (MOHAMED EL FEKIHI)","Aucun texte","il y a 7 ans"
"157","Tanger","samirovtch word","Aucun texte","il y a 7 ans"
"157","Tanger","Chakib Tetouani","Aucun texte","il y a 7 ans"
"157","Tanger","Fath Sidi Bennour De Basket-Ball","Aucun texte","il y a 7 ans"
"157","Tanger","Saad Msiaidi","Aucun texte","il y a 7 ans"
"157","Tanger","harak abdelkrim","Aucun texte","il y a 7 ans"
"157","Tanger","Sohaib Laaroussi","Aucun texte","il y a 8 ans"
"157","Tanger","el amraoui souad","Aucun texte","il y a 8 ans"
"157","Tanger","Slmn Dr","Aucun texte","il y a 8 ans"
"157","Tanger","haytam hmami","Aucun texte","il y a 8 ans"
"159","Tanger","Othmane","Inadmissible il répondent pas au téléphone je prend une puce elle est toujours pas activé.  Depuis hier personne ne répond au téléphone.  C est scandaleux","il y a 9 mois"
"159","Tanger","Yacine Sakri","Le service client 0","il y a 5 mois"
"159","Tanger","Emma","N’existe plus","il y a 4 mois"
"159","Tanger","Yahya Yahyaoui","Bonne traitement trop professionnel service rapide","il y a 4 ans"
"159","Tanger","Abdellah BAKKALI","Bon accueil","il y a un an"
"159","Tanger","Mustapha Ououtari","Entreprise sans valeur.
Ils refusent même de payer la facture. Le système est soi-disant hors service.","il y a 8 mois"
"159","Tanger","Anna James","Expérience catastrophique ! En tant que touristes cherchant de l'aide pour une nouvelle carte SIM dans un pays étranger où nos téléphones ne fonctionnaient pas et où nous avions besoin d'une connexion Internet, la vendeuse nous a proposé …","il y a un an"
"159","Tanger","Dr Simed","Si je pouvais mettre moins d'une étoile, je le ferais. Catastrophique.","il y a 5 mois"
"159","Tanger","Oumaima Haizo","Le personnel est désagréable et ne répond à aucune question de manière logique.","il y a 10 mois"
"159","Tanger","Mohamed Hassouni","Service très médiocre","il y a 5 mois"
"159","Tanger","Soulaiman Moumen","Il n'y a rien de bon là-dedans.","il y a 7 mois"
"159","Tanger","Zad Elfassy","Ouverture à 9h

Sur Google …","il y a un an"
"159","Tanger","Sabir Mouaad","Il n'y a absolument aucun réseau.","il y a 2 ans"
"159","Tanger","mechbal2","Bon accueil","il y a un an"
"159","Tanger","Abdel Bzt","C'est bon","il y a 3 ans"
"159","Tanger","Othman Hemimd","Bon service","il y a 5 ans"
"159","Tanger","OUSSAMA HD","Merci, j'ai l'intention","Modifié il y a 3 ans"
"159","Tanger","Bilal Ag","bien","il y a 3 ans"
"159","Tanger","Abdsamad L3askri","Mes frères, cet endroit est fermé maintenant.

N'y allez pas, vous perdrez votre temps.","il y a un mois"
"159","Tanger","Mouad ELMAZOUZI","Aucun texte","il y a 3 mois"
"159","Tanger","mostafa salati","Aucun texte","il y a 7 mois"
"159","Tanger","Rabie Makhlouf","Aucun texte","il y a un an"
"159","Tanger","Mohamed Hamza","Aucun texte","il y a 2 ans"
"159","Tanger","Ferdaouss Abbad","Aucun texte","il y a 2 ans"
"159","Tanger","othma,ne harzi","Aucun texte","il y a 2 ans"
"159","Tanger","mohy eddine","Aucun texte","il y a 2 ans"
"159","Tanger","EL belghiti Imr Àné","Aucun texte","il y a 4 ans"
"159","Tanger","Halima Laarari","Aucun texte","il y a 5 ans"
"159","Tanger","Ahmed AKAABOUNE","Aucun texte","il y a 5 ans"
"160","Tanger","Katia M","Je n’arrive même pas à Poste D’avis tellement il y a aucun réseau avec cette puce que je ne recommande absolument pas. De plus je me fais harceler par les messages de l’opérateur. 50 fois par jours c’est horrible réseau a fuir !!!!!","il y a 2 ans"
"160","Tanger","Atae ZEKRI","Excellent accueil et top professionnel 👍🏻
Droit au but 👍🏻 …","il y a un an"
"160","Tanger","ghizlane MAIMOUNE","Couverture moyenne","il y a 8 ans"
"160","Tanger","Abdel MalIK","Numéro de téléphone faut","il y a 4 ans"
"160","Tanger","Said Souab","Manque de .......","il y a un an"
"160","Tanger","Lila Kerroum","Le vendeur m'a tout expliqué sans problème, car je suis quelqu'un de difficile. Internet fonctionne bien et je n'ai rencontré aucun problème ces deux derniers mois.","il y a un an"
"160","Tanger","Cem Egrikavuk","Il nous a facturé 200 dirhams pour 40 Go. Nous avons ensuite compris qu'il avait installé le forfait de 20 Go à 100 dirhams et empoché le reste. …","il y a 2 ans"
"160","Tanger","Chris G","49 dirhams pour 11 Go + 2 heures d'appels - très pratique pour les touristes","il y a 11 mois"
"160","Tanger","Lina Naradine","Un employé incompétent, désagréable et paresseux, est revenu plusieurs fois sans résoudre mon problème concernant ma carte Inwi.","il y a un an"
"160","Tanger","ken diment","Endroit sympa et facile pour obtenir votre carte SIM illimitée à seulement 249 Dirhams par mois","il y a 2 ans"
"160","Tanger","ossaka boom","Service très lent 😴
Ils devraient apprendre à sourire 😃 …","il y a un an"
"160","Tanger","HAMID (BOLOGNA)","Évitez le type à l'intérieur, il ne se soucie pas vraiment des intérêts du client, le plus important pour lui est de gagner de l'argent.","il y a 5 ans"
"160","Tanger","تركي فهد","Un employé se plaint de la lenteur du serveur.","il y a 7 ans"
"160","Tanger","Omar El Gholebzouri","Service exceptionnel","il y a 2 ans"
"160","Tanger","marion mourad","très mauvais","il y a 5 ans"
"160","Tanger","Abdellatif Oukhyi","bien","il y a 2 ans"
"160","Tanger","Ahmed Baiti","d'accord","il y a 7 ans"
"160","Tanger","Said Kamal","Mauvais service","il y a 6 ans"
"160","Tanger","la contessa","Mauvais emplacement !","il y a 2 ans"
"160","Tanger","Nabil El Onsari","Aucun texte","il y a 2 semaines"
"160","Tanger","Hamza Sehouli","Aucun texte","il y a 2 mois"
"160","Tanger","Khalid Chaoui","Aucun texte","il y a 4 mois"
"160","Tanger","João Esteves","Aucun texte","Modifié il y a 8 mois"
"160","Tanger","Jandal TAMEL","Aucun texte","il y a 2 ans"
"160","Tanger","Otaku no Neverland","Aucun texte","il y a 2 ans"
"160","Tanger","Mohamed ghouras","Aucun texte","il y a 4 ans"
"160","Tanger","Tanja Tanja","Aucun texte","il y a 5 ans"
"160","Tanger","Mohamed Hala madrid","Aucun texte","il y a 6 ans"
"160","Tanger","Amine Lihyaoui","Aucun texte","il y a 6 ans"
"160","Tanger","confessions and confessions","Aucun texte","il y a 6 ans"
"160","Tanger","Rahmouni vlog","Aucun texte","il y a 7 ans"
"160","Tanger","khanssa elmoussaoui","Aucun texte","il y a 7 ans"
"160","Tanger","Richard Rachid","Aucun texte","il y a 7 ans"
"160","Tanger","Abdel Go","Aucun texte","il y a 7 ans"
"160","Tanger","riko vitec","Aucun texte","il y a 7 ans"
"160","Tanger","Imad Majouti","Aucun texte","il y a 7 ans"
"160","Tanger","المعلومة القانونية","Aucun texte","il y a 7 ans"
"160","Tanger","Fakihi Wassima","Aucun texte","il y a 7 ans"
"160","Tanger","DYMO WOS","Aucun texte","il y a 7 ans"
"160","Tanger","Hassan Tang","Aucun texte","il y a 8 ans"
"160","Tanger","Mus MIM","Aucun texte","il y a 8 ans"
"161","Tanger","mohamed zaoui","Très mauvaise connexion ! J'ai pris l'abonnement IDar, la connexion est catastrophique, les techniciens sont incompétents et le service clientèle se moque de vous, il vous font tourner en rond.","il y a 4 mois"
"161","Tanger","The Fadwaa","Bonjour, j'ai acheté un i-DAR Duo pour la connexion, car il n'y a pas de branchement de fibre dans notre région. Je suis allé chez Inwi à Marjane route de rabat  pour avoir plus d'explications. La personne qui était là ne m'a rien expliqué …","il y a un an"
"161","Tanger","Farid Belmouden","Le numéro de téléphone affiché n’est pas attribué,  pour un opérateur téléphonique c'est n’est pas sérieux du tout.","il y a 9 mois"
"161","Tanger","brahim benabail","Un très bonne service comme même deux fois je me suis rendez la bas pour des problème au niveau de mon modem. Les gens à l'accueil au service de client","il y a 3 ans"
"161","Tanger","Houda Loudiyi","Enfin un agent inwi qui est poli et explique bien.","il y a un an"
"161","Tanger","said yahya","Service clientèle agréé par INWI maroc","il y a 7 ans"
"161","Tanger","MONSEF SEBBAR","Faux Numéro","il y a 9 mois"
"161","Tanger","Me Is me","Nul","il y a un an"
"161","Tanger","Pun Pun","Service nul.","il y a un an"
"161","Tanger","Miftah Echame","Bon service","il y a 6 ans"
"161","Tanger","abdellatif meziati","bien","il y a 7 ans"
"161","Tanger","Bilal Elbattioui","Nul ,..........","il y a 2 ans"
"161","Tanger","Khalid Douahri","Bon service","il y a 7 ans"
"161","Tanger","Hams Drie s","Aucun service après-vente, seulement des ventes. Très mauvais.","il y a 3 mois"
"161","Tanger","CHETIOUI Mohamed","Le pire service que j'aie jamais vu !

Je n'arrive pas à y croire ! …","il y a 2 ans"
"161","Tanger","Rasko Linkov","Service excellent. Un monsieur très poli et respectueux.","il y a 10 mois"
"161","Tanger","abderrahmane zaki","Aucun service.","il y a 3 ans"
"161","Tanger","Issam Elimrany","Bien","il y a 5 ans"
"161","Tanger","Zakaryiae Ismaili","Aucun texte","il y a une semaine"
"161","Tanger","Khalid Boudairi","Aucun texte","il y a un an"
"161","Tanger","HADDY MUSTAPHA","Aucun texte","il y a un an"
"161","Tanger","Nabil Btrs (Nabil6041)","Aucun texte","il y a 2 ans"
"161","Tanger","jasmin ss","Aucun texte","il y a 2 ans"
"161","Tanger","abdelaziz bougrina","Aucun texte","il y a 2 ans"
"161","Tanger","Mounia","Aucun texte","il y a 3 ans"
"161","Tanger","c'est la vie","Aucun texte","il y a 4 ans"
"161","Tanger","sahel abdelhadi","Aucun texte","il y a 4 ans"
"161","Tanger","Youssef KHALID","Aucun texte","il y a 5 ans"
"161","Tanger","Brahim Aba Anama","Aucun texte","il y a 5 ans"
"161","Tanger","wassif hassan","Aucun texte","il y a 7 ans"
"161","Tanger","Mohamed Machoudi","Aucun texte","il y a 7 ans"
"162","Tanger","Loubna ELKHATIR","Très bon service","il y a 2 ans"
"162","Tanger","Boukhoubza","Excellent service de la part du responsable de l'agence ; accueil chaleureux et professionnel. …","il y a 2 ans"
"162","Tanger","عالم طبخ","L'agence Inwi met à notre disposition tous ses services essentiels pour nous proposer les meilleures offres.","il y a 5 ans"
"162","Tanger","Said Elmajjaoui","Un bon accueil de la part de M. Zakaria","il y a un an"
"162","Tanger","Mouhssin Ch","bien","il y a 3 ans"
"162","Tanger","mohamed samadi","Bien","il y a 2 ans"
"162","Tanger","otmane souraj","Bien","il y a 5 ans"
"162","Tanger","Mehdi Chihib","Aucun texte","il y a 2 semaines"
"162","Tanger","Bilal Day","Vivre en paix","il y a 4 semaines"
"162","Tanger","MR D I F O-YT","Aucun texte","il y a 4 mois"
"162","Tanger","Amal Rabhi","Aucun texte","il y a un an"
"162","Tanger","Omar Hassani","Aucun texte","il y a 2 ans"
"162","Tanger","Hamid Oussama","Aucun texte","il y a 2 ans"
"162","Tanger","Zanelabidine Lhani","Aucun texte","il y a 2 ans"
"162","Tanger","YonkoCraft","Aucun texte","il y a 2 ans"
"162","Tanger","Houssam Chaybi","Aucun texte","il y a 2 ans"
"162","Tanger","Winkhe Jamal","Aucun texte","il y a 2 ans"
"162","Tanger","Abderrahim Bennassar","Aucun texte","il y a 2 ans"
"162","Tanger","Sofyan Wala","Aucun texte","il y a 4 ans"
"163","Tanger","OMG WORLD","Une très mauvais expérience dans cette agence! La demoiselle commerciale n’a aucune compétence , ni accueil ni service. Je déconseille 👎 …","il y a un an"
"163","Tanger","Hajar El bakkali","Il s’agit pas de l’agence inwi😤 …","il y a 10 mois"
"163","Tanger","Abdellah Darmouch","Bon conseil","il y a 6 ans"
"163","Tanger","Abdel illah Fouad","Agence de télécommunication comme les autres.","il y a 6 ans"
"163","Tanger","Safae el","Mauvaise expérience à ce jour","il y a 2 mois"
"163","Tanger","عبدالإله الشاط","Excellent ! Bienvenue à tous ! Des services excellents, pratiques, rapides et économiques, conformes aux normes requises. Bienvenue à tous à nouveau !","il y a un an"
"163","Tanger","Imad IG","L'employé qui sert les clients ment à ces derniers, les maltraite et ne leur donne pas suffisamment d'informations ; le service est déplorable.","il y a 5 ans"
"163","Tanger","Elhaddad Safae","bien","il y a 3 mois"
"163","Tanger","Elyamlahi med said","Service déplorable.

M. Lee Khaddam est un parasite qui court après le client.","il y a 6 ans"
"163","Tanger","Mohamed Limama","Le service client n'est pas pertinent, les transactions sont incomplètes, pour être honnête.","il y a 5 ans"
"163","Tanger","Yassine Ben zahra","d'accord","il y a 2 mois"
"163","Tanger","Ali Yousfi","Prix ​​injustes et service déplorable","Modifié il y a 7 ans"
"163","Tanger","Mohamed Afazaz","Il n'y a de force ni de puissance qu'en Dieu.","il y a 3 ans"
"163","Tanger","Mohamed Benyounes","Le pire service de fraude","il y a 3 ans"
"163","Tanger","Hilal Akhrif","J'aime ça","il y a 7 ans"
"163","Tanger","YOUSSEF CHENTOUF","bel endroit","Modifié il y a 6 ans"
"163","Tanger","Omar Elazhari","Assistance clientèle à Inwi","il y a 6 ans"
"163","Tanger","Muhamed bnh","Parfum Prestige in Black","il y a 6 ans"
"163","Tanger","solamane M (“Maroc”)","Solaimane hobi212","il y a 7 ans"
"163","Tanger","محمد البشري","Bien","il y a 7 ans"
"163","Tanger","otman andaloussi shop","Momtaz","il y a 5 ans"
"163","Tanger","Soulaiman Halhouli","Les services sont médiocres.","il y a 6 ans"
"163","Tanger","Abdmoumin El Mossati","Peut","il y a 7 ans"
"163","Tanger","Khaoula Khaye","Aucun texte","il y a une semaine"
"163","Tanger","كوثر Beauty","Aucun texte","il y a 2 mois"
"163","Tanger","iSmail El Jebari","Aucun texte","il y a 4 mois"
"163","Tanger","Khaled Poissy","Aucun texte","il y a 5 mois"
"163","Tanger","Mohammad Fatehi","Aucun texte","il y a 7 mois"
"163","Tanger","IMADIMAD ELG","Aucun texte","il y a un an"
"163","Tanger","Zakariae Al Baghouri","Aucun texte","il y a 2 ans"
"163","Tanger","Badr Elbriak","Aucun texte","il y a 2 ans"
"163","Tanger","Abdessamad ELJAMMAR","Aucun texte","il y a 2 ans"
"163","Tanger","تورية الزجلي","Aucun texte","il y a 4 ans"
"163","Tanger","إيمان البقالي","Aucun texte","il y a 4 ans"
"163","Tanger","Chraibi Adam","Aucun texte","il y a 4 ans"
"163","Tanger","mostafa Stoffy","Aucun texte","il y a 4 ans"
"163","Tanger","Abdo benani","Aucun texte","il y a 5 ans"
"163","Tanger","Soulaimane Haitache","Aucun texte","il y a 6 ans"
"163","Tanger","Mezgldi Trans","Aucun texte","il y a 6 ans"
"163","Tanger","hajar mestassi ait-allam","Aucun texte","il y a 6 ans"
"163","Tanger","Oualid Zizi","Aucun texte","il y a 6 ans"
"163","Tanger","Mohamed Serroukh","Aucun texte","il y a 6 ans"
"163","Tanger","raddad LHARTI","Aucun texte","il y a 6 ans"
"163","Tanger","Amina Ahmed","Aucun texte","il y a 7 ans"
"163","Tanger","Elmestaoui Youssef","Aucun texte","il y a 7 ans"
"163","Tanger","Youssef chakkour","Aucun texte","il y a 7 ans"
"163","Tanger","yasmine esabouri","Aucun texte","il y a 7 ans"
"163","Tanger","youssef boujaadi","Aucun texte","il y a 7 ans"
"163","Tanger","Mohamed Badaoui","Aucun texte","il y a 7 ans"
"163","Tanger","mohamed benaoued","Aucun texte","il y a 7 ans"
"163","Tanger","El Moussati Ismael","Aucun texte","il y a 7 ans"
"163","Tanger","taryk zbakh","Aucun texte","il y a 7 ans"
"163","Tanger","youssef chaki","Aucun texte","il y a 7 ans"
"163","Tanger","Mohamed Borahma","Aucun texte","il y a 7 ans"
"163","Tanger","fmuden tama","Aucun texte","il y a 7 ans"
"163","Tanger","Abouzaid Youssef","Aucun texte","il y a 8 ans"
"164","Tanger","Rachid Farhane","Très mauvaise expérience dans cette agence.
Le service est vraiment médiocre : aucun professionnalisme et personne ne prend le temps d’accompagner ou d’expliquer correctement. …","il y a 4 mois"
"164","Tanger","Ali Dje","Le panneau à l'entrée de la boutique, ainsi que la page Google affichent une ouverture en continu de 9h à 20h. …","il y a 8 mois"
"164","Tanger","Thomas Le BOURHIS","Emplacement mal indiquée : la boutique est dans la gare","il y a 6 mois"
"164","Tanger","transfert royal","Service déplorable ne respecte pas ces engagements a fuire","il y a 6 mois"
"164","Tanger","Dba","Vendeuse pas pro du tout","il y a 4 mois"
"164","Tanger","Ismael MAA","Ça n'existe pas, c'est un mensonge.","il y a 9 mois"
"165","Tanger","abdelkrim filal","Service nulle, j'ai voulu faire un abonnement internet ADSL, une fille travail là-bas comme si ne travaille pas chez INWI, un client de plus ou de moins elle s'en fou. …","il y a 4 ans"
"165","Tanger","Boubacar Boiro","Depuis mon arrivée au Maroc j'ai toujours la puce Inwi c'est une bonne agence et ils ont une bonne couverture de réseau mais je demande à la direction d'augmenter la capacité du WiFi à la maison pour qu'on puisse regarder les chaînes normalement","il y a 5 ans"
"165","Tanger","SOUKAINA EL BORDIJI","Service nulle 🅾️ …","il y a 6 mois"
"165","Tanger","Saad.T","Pad serviable du tt. Ne rep po qu tel...","il y a 7 ans"
"165","Tanger","Wiam ayrir","Employés très serviable et toujours présents","Modifié il y a 6 ans"
"165","Tanger","abdelfattah ELMENSSOUFI","Très bon service","il y a 7 ans"
"165","Tanger","Mohamed Ennaji Oudghiri Idrissi","Services moyens","il y a un an"
"165","Tanger","zakaria dissouri","Mauvaise services","il y a 2 ans"
"165","Tanger","rachid rachid","Bien","il y a 8 ans"
"165","Tanger","Brahim Patron","Brahim haddad","il y a 7 ans"
"165","Tanger","Mohammad Hamdan","👍👍👍 …","il y a 4 ans"
"165","Tanger","Bouchra Benhammad","Manque de personnel","il y a 2 ans"
"165","Tanger","aves hicham","Tanger","il y a 7 ans"
"165","Tanger","Adel El","Tanger mesnana","il y a 7 ans"
"165","Tanger","Said Sahim","Pas de carte Rizo de tous côtés, pas de service, pas de Ziz","il y a 5 mois"
"165","Tanger","Mohamed Slwani","Malheureusement, le service est déplorable. Le réseau est extrêmement faible et, deuxièmement, si vous appelez le service client, l'attente est d'une demi-heure, et même alors, personne ne répond. De plus, en cas de problème de connexion …","il y a 4 ans"
"165","Tanger","Zouhair Benben","Le service est déplorable, ils laissent les gens attendre dehors.","il y a 5 mois"
"165","Tanger","MOHSIN MD","Bien située à l'intérieur du marché de M'sannane, à côté de la station de taxis. L'agence est plutôt petite, mais elle remplit parfaitement sa fonction.","il y a 4 ans"
"165","Tanger","andallah chouaib","Ils ne vendent ni téléphones, ni ordinateurs portables, ni rien d'autre, mais les employés sont gentils et très serviables.","il y a 5 ans"
"165","Tanger","Khalida Ataoui","Des relations de haut niveau et un service haut de gamme","il y a un an"
"165","Tanger","Zaro9 Sofiane","Merveilleux. Et le client est par ailleurs une personne très cultivée et serviable.","il y a 4 ans"
"165","Tanger","YOUSSRA ACHAMLAL","Il était censé être ouvert aujourd'hui comme indiqué, mais au lieu de cela, il est fermé","il y a un an"
"165","Tanger","youssef sbai","Malheureusement, nous constatons souvent que les serveurs ne fonctionnent pas.","il y a 4 ans"
"165","Tanger","Xiaomi A5","Malheureusement, l'agence a besoin de plus de personnel et de plusieurs renforts.","il y a 7 ans"
"165","Tanger","Abdlmalik Sbai","Un employé de Lagoons, à Msenia, n'est pas à la hauteur.","il y a 4 ans"
"165","Tanger","Mohamed El Fassi","Bon traitement, personnel plus que bon, mes salutations","il y a 5 ans"
"165","Tanger","ابو عبيدة الطنجاوي","Confort et absence de fumée - excellent","il y a 6 ans"
"165","Tanger","Khalid Boudairi","Bian","il y a un an"
"165","Tanger","news divers mohammed","Le meilleur pack","il y a un an"
"165","Tanger","Youssefe tawnati شاد ستون","Très bon et merveilleux endroit","il y a 7 ans"
"165","Tanger","Sayed Abd El Rahman El Maleh","Absolument magnifique et splendide","il y a 6 ans"
"165","Tanger","Knowme","Bon service","il y a 2 ans"
"165","Tanger","hamza abakali","Numéro de téléphone incorrect","il y a 4 ans"
"165","Tanger","A y o u b i N A I M i","Faible communication avec les clients","il y a 2 ans"
"165","Tanger","Fahsi Ben Sellam Mouad","Boutique de réseaux ISP et téléphoniques","il y a 8 ans"
"165","Tanger","guts senpai","Je n'ai aucune idée","il y a 5 ans"
"165","Tanger","Mouad EL BERKANI","Parmi eux se trouve le menteur","il y a 4 ans"
"165","Tanger","mark widdo","Service zérooooo","il y a 3 ans"
"165","Tanger","Hajar Elouardy","Bien","il y a 6 ans"
"165","Tanger","You Ak","👎👎 …","il y a 4 ans"
"165","Tanger","tumeurs tout","Gouda","Modifié il y a 3 ans"
"165","Tanger","Zakaria Agbalou","normale","il y a 4 ans"
"165","Tanger","Zakaria Fes","Décoré","il y a 4 ans"
"165","Tanger","عبد الرحمان الركابي","Mazyan","il y a 7 ans"
"165","Tanger","laila rif","Aucun texte","il y a 8 mois"
"165","Tanger","Haroun EL Harrak","Aucun texte","il y a 9 mois"
"165","Tanger","Mounir Bensar","Aucun texte","il y a un an"
"165","Tanger","Adnane El-menaiy","Aucun texte","il y a un an"
"165","Tanger","mohamed yassine moslih","Aucun texte","il y a un an"
"165","Tanger","Abdel Sokkar","Aucun texte","il y a un an"
"165","Tanger","Iam Adam","Aucun texte","il y a un an"
"165","Tanger","mohamed hatim Marsou","Aucun texte","il y a 3 ans"
"165","Tanger","Aziz Benhamza","Aucun texte","il y a 3 ans"
"165","Tanger","chaimae El","Aucun texte","il y a 3 ans"
"165","Tanger","Oma yoyo","Aucun texte","il y a 4 ans"
"165","Tanger","o M","Aucun texte","il y a 4 ans"
"165","Tanger","AHMED CHLILI","Aucun texte","il y a 4 ans"
"165","Tanger","Jamal Safiani","Aucun texte","il y a 4 ans"
"165","Tanger","Abbas Moussaoui","Aucun texte","il y a 4 ans"
"165","Tanger","Fidafida Fl","Aucun texte","il y a 4 ans"
"165","Tanger","ISMAIL ELHADRI OFFICIAL ELHADRI","Aucun texte","il y a 4 ans"
"165","Tanger","Khalil Conducteur El Meknassy","Aucun texte","il y a 4 ans"
"165","Tanger","AYmaaan","Aucun texte","il y a 5 ans"
"165","Tanger","Mouâd Belfakir","Aucun texte","il y a 5 ans"
"165","Tanger","Nasrdine Zemizem","Aucun texte","il y a 6 ans"
"165","Tanger","RONY MAAZ","Aucun texte","il y a 6 ans"
"165","Tanger","Salama","Aucun texte","il y a 6 ans"
"165","Tanger","ghizlane sendi","Aucun texte","il y a 6 ans"
"165","Tanger","Mohammed Bayoussef","Aucun texte","il y a 6 ans"
"165","Tanger","omar benslimane","Aucun texte","il y a 6 ans"
"165","Tanger","Tarik Ould bouamer","Aucun texte","il y a 6 ans"
"165","Tanger","Pieles Alaman","Aucun texte","il y a 6 ans"
"165","Tanger","Mo Hafid","Aucun texte","il y a 6 ans"
"165","Tanger","كوثر","Aucun texte","il y a 6 ans"
"165","Tanger","Ayman Asensio","Aucun texte","il y a 6 ans"
"165","Tanger","Rachid El ALAOUI","Aucun texte","il y a 6 ans"
"165","Tanger","Ayat Maroine","Aucun texte","il y a 6 ans"
"165","Tanger","Abderrahim Choulli","Aucun texte","il y a 6 ans"
"165","Tanger","Zaim Lemmouchi","Aucun texte","il y a 7 ans"
"165","Tanger","Bilal douass بلال الدواس","Aucun texte","il y a 7 ans"
"165","Tanger","Soufiane El Alilti","Aucun texte","il y a 7 ans"
"165","Tanger","Yassir Samadi","Aucun texte","il y a 7 ans"
"165","Tanger","Mohamed Karam","Aucun texte","il y a 7 ans"
"165","Tanger","Hamza Karami","Aucun texte","il y a 7 ans"
"165","Tanger","Salma Sadeq","Aucun texte","il y a 7 ans"
"165","Tanger","Jamal Suis","Aucun texte","il y a 7 ans"
"165","Tanger","Ccc Cc","Aucun texte","il y a 7 ans"
"165","Tanger","Jad Ennadif","Aucun texte","il y a 7 ans"
"165","Tanger","DEVIL4 YT","Aucun texte","il y a 7 ans"
"165","Tanger","Abdo Othmani","Aucun texte","il y a 7 ans"
"165","Tanger","OMAR VLOG","Aucun texte","il y a 7 ans"
"165","Tanger","SouFiaN skY","Aucun texte","il y a 7 ans"
"165","Tanger","jaafar arh","Aucun texte","il y a 7 ans"
"165","Tanger","Abdellah Teouil","Aucun texte","il y a 7 ans"
"165","Tanger","Rachid Ziani","Aucun texte","il y a 7 ans"
"165","Tanger","Kniksi Oumaima","Aucun texte","il y a 7 ans"
"165","Tanger","Mallouk Abdorahim","Aucun texte","il y a 7 ans"
"165","Tanger","Yassine Rouan","Aucun texte","il y a 7 ans"
"165","Tanger","Fadoua Salmoun","Aucun texte","il y a 7 ans"
"165","Tanger","Soufian Ouachikh","Aucun texte","il y a 7 ans"
"165","Tanger","Siham Siham","Aucun texte","il y a 7 ans"
"165","Tanger","Karam Zekkari","Aucun texte","il y a 7 ans"
"165","Tanger","cerrohos c.","Aucun texte","il y a 8 ans"
"166","Tanger","Investa Tanger","Mauvaise connexion ADSL.
Nouvelle mise à jour 18:octobre 2025 16h20: je téléphone au service client qui me fait faire des manipulation sur le routeur, pour ensuite me raccrocher au nez. …","Modifié il y a 6 mois"
"166","Tanger","Yasmina Elj","Service catastrophique ! Hotspot 5 GHz totalement inutilisable, 2,4 GHz instable, et l’opérateur ne propose aucune solution fiable. Pour le prix qu’on paye, c’est honteux. Zéro fiabilité, zéro considération pour les clients","il y a 7 mois"
"166","Tanger","Macha Maria","Service assez lent. Laisse à désirer","il y a 7 ans"
"166","Tanger","Hassan Rahimine (“‫رحمين‬‎”)","Faible","il y a 3 ans"
"166","Tanger","m f","non professionnel","il y a 3 ans"
"166","Tanger","Yassine Douass","Bien","il y a 5 ans"
"166","Tanger","Mourad Souri","Lieu inaccessible","il y a 5 ans"
"166","Tanger","El ketami Abderrafie","J'ai payé la facture, mais on ne m'a pas donné le reçu et on m'a dit que la facture avait été réglée. J'ai été surpris de constater que la ligne n'était pas connectée. Lorsque j'ai appelé le 220, on m'a dit que la facture n'avait pas encore été payée.","il y a un an"
"166","Tanger","عبدالإله الشاط","Cette photo représente le centre de traitement des toxicomanies de Bir Shifa.","Modifié il y a 6 ans"
"166","Tanger","Ya pumpkin spice latte","Endroit facile à repérer, le service était bon","il y a 6 ans"
"166","Tanger","Pedro J Sanchez","Agence d'opérateurs de téléphonie mobile, Maroc","il y a 5 ans"
"166","Tanger","Khaddari Adil","Bonne agence","il y a 2 ans"
"166","Tanger","Hajoui Ben","Personnel actif et à jour","il y a 6 ans"
"166","Tanger","simo znaydiya","Inwi","il y a 6 ans"
"166","Tanger","abdellatif meziati","d'accord","il y a 7 ans"
"166","Tanger","Mok Mad","mauvais traitement","il y a 2 ans"
"166","Tanger","aghola ahmed","Des services distinctifs","il y a 7 ans"
"166","Tanger","YOUSSEF CHENTOUF","bien","il y a 6 ans"
"166","Tanger","Omar Jamai","Aucun texte","il y a 3 mois"
"166","Tanger","SOUKAINA EL BORDIJI","Aucun texte","il y a 6 mois"
"166","Tanger","وقائع Show","Aucun texte","il y a 8 mois"
"166","Tanger","fantastico omar","Aucun texte","il y a un an"
"166","Tanger","Ch Bakkali","Aucun texte","il y a un an"
"166","Tanger","HASSAN EL ABID","Aucun texte","il y a 2 ans"
"166","Tanger","Sufian bakkali","Aucun texte","il y a 3 ans"
"166","Tanger","Redouan Elkassimi","Aucun texte","il y a 4 ans"
"166","Tanger","M'k Prod","Aucun texte","il y a 4 ans"
"166","Tanger","Rashid Doraymon","Aucun texte","il y a 4 ans"
"166","Tanger","GONZALIX OFFICIEL (Gonzalix)","Aucun texte","il y a 4 ans"
"166","Tanger","Redouan Cheddad","Aucun texte","il y a 5 ans"
"166","Tanger","Tanger Tanger","Aucun texte","il y a 5 ans"
"166","Tanger","Hcigjgy Hcjfiff","Aucun texte","il y a 5 ans"
"166","Tanger","zakariae El bouzrouti","Aucun texte","il y a 5 ans"
"166","Tanger","Evallino ilnaya","Aucun texte","il y a 5 ans"
"166","Tanger","Yassine Cho","Aucun texte","il y a 6 ans"
"166","Tanger","Mi ASSABIRI","Aucun texte","il y a 6 ans"
"166","Tanger","Kamal Attaoui","Aucun texte","il y a 6 ans"
"166","Tanger","Brahim Septi","Aucun texte","il y a 6 ans"
"166","Tanger","Mohammed El Hadri","Aucun texte","il y a 6 ans"
"166","Tanger","Yasmine ali","Aucun texte","il y a 6 ans"
"166","Tanger","mehamd gedadi","Aucun texte","il y a 7 ans"
"166","Tanger","Akel Abdo7","Aucun texte","il y a 7 ans"
"166","Tanger","Laura Roma","Aucun texte","il y a 7 ans"
"167","Tanger","Gzbr Gzbr","J’ai payer 300 dh de carte SIM pour avoir internet sauf qu’il s’avéra que la vendeuse s’est mis 100 dh dans la poche à tanger 3chouma","il y a 9 mois"
"167","Tanger","nadia Lalan","Ce commentaire est pour la boutique du ferry tanger med et pas pour cette agence.
Lors de nôtre arrivé au maroc nous avons acheté 2 cartes sim et pris un forfait …","il y a un an"
"167","Tanger","Marouan Khattabi","La dame voilée qui y travaille est très compétente. Elle  explique en détail et avec fluidité les droits et obligations du contrat ainsi que l'aspect technique. Merci","il y a 4 ans"
"167","Tanger","Anthony Desbonnet","Je n’ai rien acheté mais la responsable m’a très bien renseigné.","il y a un an"
"167","Tanger","soukayna Benjelloun","Il y a très peu d'agences inwi c'est la seule au niveau du centre ville","il y a 4 ans"
"167","Tanger","DINTA DTS","5/5 rien a dire la bonne personne au bon endroit","il y a 7 ans"
"167","Tanger","Chakib Tetouani","Le commercial est un type gentil","Modifié il y a 7 ans"
"167","Tanger","mo mo","Toujours le même message et la même réponse. Désolé.","il y a 5 ans"
"167","Tanger","الجديد عادل","Bon service","il y a un an"
"167","Tanger","Zerieuh Abdelmonim","Super","il y a 6 ans"
"167","Tanger","Karima Mardy","Service nul","il y a 6 ans"
"167","Tanger","Selim Abiriga","J'ai été sans internet pendant 6 jours","il y a 4 mois"
"167","Tanger","Diogo Saraiva","Malgré mes efforts pour résoudre mon problème de carte SIM, il persistait. C'est de ma faute, je ne parle ni français ni arabe. …","il y a 2 ans"
"167","Tanger","Vlada AKA VK","Les horaires d'ouverture ne correspondent pas au planning. Le vendredi, tout est fermé. Ils ne respectent pas leurs clients.","il y a 10 mois"
"167","Tanger","Ziko Chan","Hassan Al-Mu'amalah","il y a 6 ans"
"167","Tanger","Abderrafiq BENAISSI","Aucun texte","il y a une semaine"
"167","Tanger","Youness Goumma","Aucun texte","il y a 9 mois"
"167","Tanger","Wacima Salah","Aucun texte","il y a un an"
"167","Tanger","Jamal Gharbi","Aucun texte","il y a 4 ans"
"167","Tanger","Mourad Sfihi","Aucun texte","il y a 4 ans"
"167","Tanger","Abdellah Boulaid","Aucun texte","il y a 4 ans"
"167","Tanger","Issam Elimrany","Aucun texte","il y a 5 ans"
"167","Tanger","Aziza Oulad","Aucun texte","il y a 5 ans"
"167","Tanger","Abdelhak Hafid","Aucun texte","il y a 5 ans"
"167","Tanger","Abdou 115cc","Aucun texte","il y a 5 ans"
"167","Tanger","Faruk Moreno","Aucun texte","il y a 6 ans"
"167","Tanger","Omar Mkeref","Aucun texte","il y a 6 ans"
"167","Tanger","Harchmin Sabir","Aucun texte","il y a 6 ans"
"167","Tanger","Trini Rivero","Aucun texte","il y a 6 ans"
"167","Tanger","abdeslam el bouri","Aucun texte","il y a 6 ans"
"167","Tanger","Hamza Nigriyya","Aucun texte","il y a 6 ans"
"167","Tanger","aduoh lami","Aucun texte","il y a 6 ans"
"167","Tanger","lamiya lamiyae","Aucun texte","il y a 6 ans"
"167","Tanger","sara El","Aucun texte","il y a 7 ans"
"167","Tanger","Soufiane EMIMOU","Aucun texte","il y a 7 ans"
"167","Tanger","Ayman Hakimi","Aucun texte","il y a 7 ans"
"167","Tanger","Salman Amrani","Aucun texte","il y a 7 ans"
"167","Tanger","Samsung Samsung","Aucun texte","il y a 7 ans"
"167","Tanger","Moussa Elhabti","Aucun texte","il y a 7 ans"
"167","Tanger","Abde El Hadad","Aucun texte","il y a 7 ans"
"167","Tanger","zoulfa Zoulfa","Aucun texte","il y a 7 ans"
"168","Tanger","Anad Jemo","On s'est faite arnaquées par les 3 filles.
On a demandé seulement de la connection à 100dirhams et on nous facturé appels et internet pour 200dirhams. On a protesté mais elles n'ont rien voulu savoir.
Aucun scrupule. Hasbinallah wa ni3mawakil.","il y a 10 mois"
"168","Tanger","Hamza Lahlimi","Vous faites l'annonce de la vente de carte e-sim alors que vous ne les avez plus depuis plus de 3 mois, affaire très peu professionnelle","il y a 8 mois"
"168","Tanger","SAFAE SITTEL (‫صفاء‬‎)","Le manque de professionnalisme est clairement démontré par le staff dernièrement.","il y a 3 ans"
"168","Tanger","JACKY AMAR","Agréable et professionnel 👍😎 …","il y a 9 mois"
"168","Tanger","Ahmed Elgartili","Pas mal","il y a 2 ans"
"168","Tanger","Mr. Potter","Ça a ete parfait","il y a 4 ans"
"168","Tanger","Marouane Abdelmoumen","Merciii","il y a 4 ans"
"168","Tanger","Aziz en nanei","Super","il y a 6 ans"
"168","Tanger","Mohamed Meknes","Je me suis rendu en magasin samedi à 19h pour désactiver mon abonnement téléphonique. À l'accueil, j'ai trouvé un responsable et lui ai demandé si je pouvais désactiver temporairement mon numéro jusqu'à lundi. Il m'a répondu que le service …","il y a 3 mois"
"168","Tanger","Josef Pschierer","Nous sommes allés à la boutique hier et avons acheté deux cartes SIM pour notre voyage au Maroc. M. Bakkali nous a donné d'excellents conseils dans un anglais parfait, a activé les cartes SIM immédiatement et les a testées. Malheureusement, …","il y a un an"
"168","Tanger","Mostafa","La jeune femme qui travaillait là-bas avait le téléphone pointé vers moi, mais elle ne pouvait pas parler. Deux étoiles seulement pour le type qui a réussi à me donner le numéro du service client d'Inwi.","Modifié il y a 2 ans"
"168","Tanger","Yassin Shark","Service waloo, ila bghiti t9ad chi haja kola mara ayb9a ygolik ghada ila ssewelti 3la chi haja makijawbch ga3, o nsseb 3liya f contrat d wifi 7diw rasskom","il y a 3 ans"
"168","Tanger","Imrane El bakouri","Quel âge avez-vous ?

Service walo","il y a un an"
"168","Tanger","ON PIWIT","Aucun texte","il y a 4 ans"
"168","Tanger","otman andaloussi shop","M3lahxi","il y a 3 ans"
"168","Tanger","SAM ART","Ils ne laissent pas les problèmes de côté et ils ne vous accordent pas votre temps.","il y a 4 ans"
"168","Tanger","Aziz Chaz","Bon traitement","il y a 4 ans"
"168","Tanger","abdo ah","bien","il y a 2 ans"
"168","Tanger","ismail Gaffa","Beau","il y a 3 ans"
"168","Tanger","Youssef Ibn Sarhir","bien","il y a 7 ans"
"168","Tanger","Omar Tobzen","Aucun texte","il y a 6 mois"
"168","Tanger","Tarik Roko","Aucun texte","il y a un an"
"168","Tanger","Abdelouahhab ALB SR","Aucun texte","il y a un an"
"168","Tanger","Adil Hamani","Aucun texte","il y a 2 ans"
"168","Tanger","Bilal Znibar","Aucun texte","il y a 2 ans"
"168","Tanger","Amine Oujaber","Aucun texte","il y a 2 ans"
"168","Tanger","Youssef Afellah","Aucun texte","il y a 3 ans"
"168","Tanger","Noureddine Bouhadda","Aucun texte","il y a 3 ans"
"168","Tanger","tahatv","Aucun texte","il y a 3 ans"
"168","Tanger","Commander Wanderer","Aucun texte","il y a 3 ans"
"168","Tanger","More More","Aucun texte","il y a 4 ans"
"168","Tanger","Imane EDDAHANI","Aucun texte","il y a 4 ans"
"168","Tanger","Med mhaider","Aucun texte","il y a 4 ans"
"168","Tanger","Yassine Charouiton","Aucun texte","il y a 4 ans"
"168","Tanger","Mohamed Mahfoud","Aucun texte","il y a 4 ans"
"168","Tanger","Soufian Dari","Aucun texte","il y a 6 ans"
"168","Tanger","Younes El hafid","Aucun texte","il y a 6 ans"
"168","Tanger","Ayoub Ghazi","Aucun texte","il y a 6 ans"
"168","Tanger","Jamal Remmach","Aucun texte","il y a 6 ans"
"168","Tanger","Zerieuh Abdelmonim","Aucun texte","il y a 7 ans"
"168","Tanger","tejani kerroumi","Aucun texte","il y a 7 ans"
"168","Tanger","Lehyan Mustapha","Aucun texte","il y a 7 ans"
"168","Tanger","mohamed taoufik zoubir","Aucun texte","Modifié il y a 7 ans"
"168","Tanger","Bilal Pedro","Aucun texte","il y a 7 ans"
"168","Tanger","omar lamha","Aucun texte","il y a 7 ans"
"169","Tanger","mohamed zaoui","Une honte , Boutique fermée aux heures d'ouverture !","il y a 4 mois"
"169","Tanger","Brahim Meknassi","Bon services","il y a 3 ans"
"169","Tanger","عبدالإله الشاط","L'endroit en lui-même, mais aussi ma propre entreprise, ont une multitude de problèmes, et personne n'écoute.","il y a 6 ans"
"169","Tanger","عبدالإله الشاط","Il ne sera pas inquiété. Je ne connais pas cet endroit.","il y a 6 ans"
"169","Tanger","mymazigha_bilal&hakim _IBM_arifi_inou","Ay_newi&inexistant Inwi(mymazigha_IBM_ماي مازيغا_ع.ب.م","il y a 6 ans"
"169","Tanger","Elotmani Mohammed","Service excellent et traitement de qualité","il y a 7 ans"
"169","Tanger","Mostafa Sanida","Meilleur magasin Inwi","il y a un an"
"169","Tanger","سميرة الحناوي","Oui, bien","il y a 6 ans"
"169","Tanger","Anas Fly","Excellent service","il y a 4 ans"
"169","Tanger","Gallouj Ali","Super","il y a 4 ans"
"169","Tanger","Touman_kun","bien","il y a 6 ans"
"169","Tanger","Saad Saad","Aucun texte","il y a 6 mois"
"169","Tanger","Ikram El Amri","Aucun texte","Modifié il y a 7 mois"
"169","Tanger","Aya Aboudi","Aucun texte","il y a un an"
"169","Tanger","Mohammed bakhat","Aucun texte","il y a 2 ans"
"169","Tanger","majid ben si ali","Aucun texte","il y a 3 ans"
"169","Tanger","محمد أيت عثمان","Aucun texte","il y a 3 ans"
"169","Tanger","مدريد chahdi","Aucun texte","il y a 4 ans"
"169","Tanger","hanae soso","Aucun texte","il y a 4 ans"
"169","Tanger","Achraf attari","Aucun texte","il y a 4 ans"
"169","Tanger","Med Rokquoini","Aucun texte","il y a 6 ans"
"169","Tanger","Ismail Flow","Aucun texte","il y a 6 ans"
"169","Tanger","Fadwa Fadwa","Aucun texte","il y a 6 ans"
"169","Tanger","Abdo Taxixta","Aucun texte","il y a 6 ans"
"169","Tanger","khalil siif","Aucun texte","il y a 6 ans"
"169","Tanger","Mimi Sisi","Aucun texte","Modifié il y a 6 ans"
"169","Tanger","Mehdi Mehdidi","Aucun texte","il y a 6 ans"
"169","Tanger","محسن أبو زيد الثقال","Aucun texte","il y a 6 ans"
"169","Tanger","Mathieu Vb","Aucun texte","il y a 6 ans"
"169","Tanger","Ismail Jaha","Aucun texte","il y a 7 ans"
"169","Tanger","خالد أبو الوليد","Aucun texte","il y a 7 ans"
"169","Tanger","Anas Fe","Aucun texte","il y a 7 ans"
"169","Tanger","Mohamad Esserghini","Aucun texte","il y a 7 ans"
"169","Tanger","Amine Alaoui","Aucun texte","il y a 7 ans"
"170","Tanger","Boukhoubza","Il ya de changement.....","il y a 4 ans"
"170","Tanger","Haitout Zakaria","Lieux inexistant","il y a un an"
"170","Tanger","Reda kodad","Il n'y a pas d'agence ici !","il y a 3 mois"
"170","Tanger","Ayoub","Il n'y a rien ici","il y a 2 ans"
"170","Tanger","Sufyan","Aucun texte","il y a 10 mois"
"170","Tanger","Sñr Abdelhabib","Aucun texte","il y a 2 ans"
"170","Tanger","Safae Bennani","Aucun texte","il y a 5 ans"
"171","Tanger","abder nouri","ADSL loin de la réalité","il y a 3 ans"
"171","Tanger","Aissa Courriel","Bon accueil et bon services","il y a 7 ans"
"171","Tanger","FERDAOUS","Bon service","il y a un an"
"171","Tanger","CaramelisedGuy","Ils n'en ont pas ici ! RIEN ! Pas de cartes SIM vides pour récupérer son numéro, pas de modems, pas de smartphones à vendre, juste des babioles sur les étagères ! Beurk !","il y a 7 ans"
"171","Tanger","Ghaidaa Alkhouly","Le service client était très respectueux et calme, et le personnel était toujours souriant.","il y a 2 ans"
"171","Tanger","Hamza Rouas","Aucun texte","il y a un an"
"171","Tanger","khatib badre","Vérifiez-le.","il y a 7 ans"
"171","Tanger","Rahaf Rahaf","Aucun texte","il y a un an"
"171","Tanger","Bensalah Hassan","Aucun texte","il y a un an"
"171","Tanger","Abdellatif Sakkal","Aucun texte","il y a 2 ans"
"171","Tanger","Med Tefaha","Aucun texte","il y a 2 ans"
"171","Tanger","mohamed kharraz","Aucun texte","il y a 3 ans"
"171","Tanger","oriakhi Kindness","Aucun texte","il y a 4 ans"
"171","Tanger","Hasan Hasan","Aucun texte","il y a 5 ans"
"171","Tanger","salah bin mohammed","Aucun texte","il y a 5 ans"
"171","Tanger","kaissi akhrif","Aucun texte","il y a 5 ans"
"171","Tanger","oto droui","Aucun texte","il y a 5 ans"
"171","Tanger","mourad artist","Aucun texte","il y a 6 ans"
"171","Tanger","Khadija Bakali","Aucun texte","il y a 6 ans"
"171","Tanger","Zakaria El Khoumsi","Aucun texte","il y a 6 ans"
"171","Tanger","Khlifa Ayoub","Aucun texte","il y a 6 ans"
"171","Tanger","mohammed nassar","Aucun texte","il y a 6 ans"
"171","Tanger","Amharref Hassan","Aucun texte","il y a 7 ans"
"171","Tanger","Zakaria Khalili","Aucun texte","il y a 7 ans"
"171","Tanger","Sano Sano","Aucun texte","il y a 7 ans"
"171","Tanger","Youssef Mrini","Aucun texte","il y a 7 ans"
"171","Tanger","Ahmed Boutouil","Aucun texte","il y a 7 ans"
"171","Tanger","IBRAHIM","Aucun texte","il y a 7 ans"
"171","Tanger","Morad Ibrahim","Aucun texte","il y a 7 ans"
"171","Tanger","mohamed ettemlali","Aucun texte","il y a 7 ans"
"171","Tanger","haitam ikrou soussi","Aucun texte","il y a 7 ans"
"171","Tanger","Rachid Taher","Aucun texte","il y a 7 ans"
"171","Tanger","Hamza Moniko","Aucun texte","il y a 7 ans"
"171","Tanger","Abdsalam Sefiani","Aucun texte","il y a 8 ans"
"172","Tanger","Sara Ghz","Ne prends pas la temps de donner des explications claires sous prétexte qu'il y a beaucoup de monde. A éviter.","il y a un an"
"172","Tanger","Saad rifai","Il n'y a pas de professionnalisme au travail et un mauvais suivi","Modifié il y a 4 ans"
"172","Tanger","Mounir Benaouda","mal organisation par employé et Fausses promesses.","il y a 4 ans"
"172","Tanger","Ahmed Raji","Bon service","il y a un an"
"172","Tanger","Si mohammed Zeifri","5/5","il y a 2 ans"
"172","Tanger","gro max","Toujours disponibles","il y a 6 ans"
"172","Tanger","déco élec","L'agence Inwi Al Awama propose tous les services de la société Inwi Communications, ainsi que les services Internet et Wi-Fi. Elle se distingue par la variété de ses offres, adaptées aux besoins de chaque client, à des prix attractifs et …","il y a 7 ans"
"172","Tanger","abdelhakim el guennouni","💕Rimi …","il y a 5 ans"
"172","Tanger","Ammuri","Aucun service, malheureusement","il y a 5 ans"
"172","Tanger","ABDERRAHIM BARDDAN","Mieux","il y a 5 ans"
"172","Tanger","Hah Vah","xf","il y a 7 ans"
"172","Tanger","A B K H","bien","il y a 4 ans"
"172","Tanger","Tanger Plus","Aucun texte","il y a 2 mois"
"172","Tanger","Intissar el","Aucun texte","il y a 9 mois"
"172","Tanger","mohamed el haji","Aucun texte","il y a un an"
"172","Tanger","Mohamed Akazim","Aucun texte","il y a un an"
"172","Tanger","smail bahi","Aucun texte","il y a un an"
"172","Tanger","Mohammed ben ayad","Aucun texte","il y a un an"
"172","Tanger","محسن الطراف","Aucun texte","il y a 2 ans"
"172","Tanger","Bouziri Said","Aucun texte","il y a 3 ans"
"172","Tanger","Mouhcine Chergui","Aucun texte","il y a 4 ans"
"172","Tanger","oulad ben ardoun mohcine","Aucun texte","il y a 6 ans"
"172","Tanger","Derek Giroulle","Aucun texte","il y a 6 ans"
"172","Tanger","Mohamed Boulakhrif","Aucun texte","il y a 6 ans"
"172","Tanger","Saad Ayman","Aucun texte","il y a 6 ans"
"172","Tanger","Mohammed Baamrani","Aucun texte","il y a 6 ans"
"172","Tanger","Rachid Azad","Aucun texte","il y a 6 ans"
"172","Tanger","Zenib Talibi","Aucun texte","il y a 7 ans"
"172","Tanger","Fatima messaoudi","Aucun texte","il y a 7 ans"
"172","Tanger","Smail Essallami","Aucun texte","il y a 7 ans"
"172","Tanger","Larry Ben","Aucun texte","il y a 7 ans"
"172","Tanger","mourad diouani","Aucun texte","il y a 8 ans"
"173","Tanger","Dieter Kossack","Attention ! C’est la première et unique fois que je me fais arnaquer : j’ai acheté deux cartes SIM à la vendeuse, une avec 20 Go de données et l’autre avec 50 Go. Je les ai payées 250 + 200 dirhams, sans reçu ni facture. J’ai vérifié auprès …","il y a 3 mois"
"173","Tanger","meryem marrakchi benjaafar","Mauvaise expérience avec l agence et même inwi n a pas pris en charge ma réclamation.  Je ne recommende pas inwi","il y a 3 ans"
"173","Tanger","abdelfattah ELMENSSOUFI","Bon service","il y a 6 ans"
"173","Tanger","Alex Wells","Service impeccable de cette agence. Rien à redire, et le service après-vente du représentant Inwi a été excellent. Si vous avez besoin d'une carte SIM pour votre séjour au Maroc, n'hésitez pas à vous rendre dans cette boutique.","il y a 2 ans"
"173","Tanger","abdelouahab zahidi","Bon service ! Personnel attentionné et attentionné !","il y a 8 mois"
"173","Tanger","youssef balahloul (BALHNOUD)","Accord au niveau 👍 …","Modifié il y a 7 mois"
"173","Tanger","Morad Name.naciri","mourad.naciri..wade.kirmane.no.33.amerah..keseba.tanger.maroc","il y a 6 ans"
"173","Tanger","bander mohammed","Excellent service de la part de l'employé","il y a 7 ans"
"173","Tanger","Fathia Glaoui","Agence téléphonique normale","il y a 6 ans"
"173","Tanger","mohammed admi","👍🇲🇦💪👍 …","il y a un an"
"173","Tanger","عمار اليعقوبي","L'aide est ici","il y a 6 ans"
"173","Tanger","Mohamed Chebaby","Itzy","il y a 6 ans"
"173","Tanger","Ahamed Bakali","Bon service","il y a 6 ans"
"173","Tanger","King TARIK","En haut","il y a un an"
"173","Tanger","Mohamed Anas","Fil de fer à Tanger","il y a 4 ans"
"173","Tanger","faiçal retaili","Aucun texte","il y a un an"
"173","Tanger","Mounir Elamri (Mounirelamri)","Aucun texte","il y a 2 ans"
"173","Tanger","Said Afi","Aucun texte","il y a 3 ans"
"173","Tanger","Simohamed Elmohamed (Simolife)","Aucun texte","il y a 4 ans"
"173","Tanger","Salah BEKKARI (‫البكاري صالح‬‎)","Aucun texte","il y a 4 ans"
"173","Tanger","sohaib srk","Aucun texte","il y a 6 ans"
"173","Tanger","Laura Zohra","Aucun texte","il y a 6 ans"
"173","Tanger","Belhoucine Chkirda","Aucun texte","il y a 6 ans"
"173","Tanger","Ahmad Afailal","Aucun texte","il y a 6 ans"
"173","Tanger","Safae Mazini","Aucun texte","il y a 6 ans"
"173","Tanger","Nour-Said Boutaleb","Aucun texte","il y a 6 ans"
"173","Tanger","Said Lemzzali","Aucun texte","il y a 6 ans"
"173","Tanger","Hello Kitty","Aucun texte","il y a 6 ans"
"173","Tanger","Anas ourieur","Aucun texte","il y a 6 ans"
"173","Tanger","nada kaLiSsi","Aucun texte","il y a 6 ans"
"173","Tanger","Anouar Studio","Aucun texte","il y a 6 ans"
"173","Tanger","abdellatif krimi","Aucun texte","il y a 7 ans"
"173","Tanger","Ýõų Biker Bõý","Aucun texte","il y a 7 ans"
"173","Tanger","Mohamed sarnane","Aucun texte","il y a 7 ans"
"173","Tanger","Rachid Chatt","Aucun texte","il y a 7 ans"
"173","Tanger","Mari Mari","Aucun texte","il y a 7 ans"
"173","Tanger","Nouhaila Reyan","Aucun texte","il y a 7 ans"
"173","Tanger","Mobilboard Tanger","Aucun texte","il y a 7 ans"
"173","Tanger","محمد العربي بوصوف","Aucun texte","il y a 7 ans"
"174","Tanger","mohamed zaoui","La boutique est fermée alors qu'il est 14h50","il y a 4 mois"
"174","Tanger","Reda kodad","Très mauvais accueil","il y a 3 mois"
"174","Tanger","Abdallah Adidi","ferme avant l heure","il y a 7 ans"
"174","Tanger","Ahmed Elgartili","Pas d'agent comptents","il y a 2 ans"
"174","Tanger","Mehdi Halabi","Mauvais réseau généralement","il y a 2 ans"
"174","Tanger","Ahmed Raji","Bonne Service","il y a un an"
"174","Tanger","samira khamamme","Ils ne traitent pas avec vous et ils ne travaillent pas pour vous.","il y a 2 mois"
"174","Tanger","Melinoe Morana","Le type qui travaille là-bas ne respecte absolument pas les horaires de travail ; à chaque fois que j'y vais, l'agence est fermée et je finis par attendre longtemps.","il y a un an"
"174","Tanger","mohamed fadli","Parfois, il manque des choses importantes, comme une nouvelle carte pour récupérer son numéro de téléphone.","il y a 8 ans"
"174","Tanger","Mouad Issa","Les heures de travail sont tellement longues 🤬🤬🤬 …","il y a 2 ans"
"174","Tanger","Francisco Sánchez Sanz","Ils se consacrent au vol de téléphones en Europe","il y a 6 ans"
"174","Tanger","ismail dessin","😠 …","il y a 5 ans"
"174","Tanger","Daniel GM","Ils vendent des téléphones portables volés","il y a 2 ans"
"174","Tanger","majid ben si ali","lieu proche","il y a 6 ans"
"174","Tanger","samirovtch word","Tu es zéro.","il y a 7 ans"
"174","Tanger","نقيد العقاب","incroyable","il y a 8 ans"
"174","Tanger","Abdelkrim Waghli","Aucun texte","il y a 2 ans"
"174","Tanger","عبدالإله الشاط","Aucun texte","il y a 2 ans"
"174","Tanger","Mohamed Elhadine","Aucun texte","il y a 2 ans"
"174","Tanger","Hamza BOUAZZA","Aucun texte","il y a 2 ans"
"174","Tanger","H","Aucun texte","il y a 3 ans"
"174","Tanger","Mohammed Touzani","Aucun texte","il y a 3 ans"
"174","Tanger","Mounir Hassouni","Aucun texte","il y a 4 ans"
"174","Tanger","Saad Markou","Aucun texte","il y a 4 ans"
"174","Tanger","Alfonso Ayoub","Aucun texte","il y a 6 ans"
"175","Tanger","mohamed zaoui","Très mauvais accueil, pas du tout professionnel.","il y a 4 mois"
"175","Tanger","steve lorans","Des standards médiocres et un manque de respect envers les clients, comme si c'était leur propre entreprise.","il y a un an"
"175","Tanger","عبدالإله الشاط","D'excellents services au niveau requis, mais nous aspirons toujours à être de mieux en mieux","il y a 6 ans"
"175","Tanger","Add Cloud","Mauvais style ou plutôt pas à la hauteur de l'accueil des clients.","il y a 2 ans"
"175","Tanger","Riyad Aoulad ben ayad","Ils contiennent du t9ahhbn","il y a 3 mois"
"175","Tanger","Amine Dinar","LE PIRE DE TOUS LES TEMPS !","il y a 11 mois"
"175","Tanger","Mouhssine Kaddouri","très bien","il y a 5 ans"
"175","Tanger","Ayoub DAHMAN","Mauvaise affaire","il y a 7 ans"
"175","Tanger","Mouad Loco","Très bien","il y a 8 ans"
"175","Tanger","Issam samadi","Le meilleur agent du monde","il y a 6 ans"
"175","Tanger","Med Ilyass Faniri","Succursale de la société Inwi","il y a 6 ans"
"175","Tanger","Abdel Bzt","Aucun texte","il y a 3 mois"
"175","Tanger","Ayoub El bokhari","Aucun texte","il y a 2 ans"
"175","Tanger","Abdel ali","Aucun texte","Modifié il y a 3 ans"
"175","Tanger","Reda","Aucun texte","il y a 5 ans"
"175","Tanger","arador nadir","Aucun texte","il y a 6 ans"
"175","Tanger","محمد أبركان","Aucun texte","il y a 6 ans"
"175","Tanger","Imran Tang","Aucun texte","Modifié il y a 6 ans"
"175","Tanger","Med Saïd","Aucun texte","Modifié il y a 7 ans"
"175","Tanger","Bouzid Abdelkarim","Aucun texte","il y a 7 ans"
"175","Tanger","OUBEL Design","Aucun texte","il y a 8 ans"
"175","Tanger","Lover Boy","Aucun texte","il y a 8 ans"
"176","Tanger","Sarah Shabbir","Publicité mensongère : boîtier vakaw acheter 300 dhs + 300 dhs pour le rechargement pour avoir une connexion illimité , une des vendeuses me dis que l’offre est toujours disponible à tout moment , quand je suis retourné les voir pour …","il y a 2 mois"
"176","Tanger","H Rb","Ne prenez pas inwi si vous êtes dans la région de Mahdia ! Réseau nul ! Et service client 1/10. Leurs seul but est de prendre votre argent !","il y a 2 mois"
"176","Tanger","Mostafa Meliani","Bien que l'agence est située dans un quartier dynamique il manque de moyen pour mieux servir les clients pas de TPE pas de payement par carte bancaire","il y a 6 ans"
"176","Tanger","Rajae Qf","le numéro mentionner est erroné","il y a un an"
"176","Tanger","Mohamed Ouajdi","tjrs probleme de resau","il y a 7 ans"
"176","Tanger","Mathilde Sh'","Tjr fermé  où  pas d réseau","il y a 3 ans"
"176","Tanger","Abdo Mr","Bonne accueil","il y a 2 ans"
"176","Tanger","Abdellatif El Bouanani","Pas mal","il y a 3 ans"
"176","Tanger","Hafida Moussaoui","J’aime pas","il y a 2 ans"
"176","Tanger","nice music","Mauvaise service de clientèle","il y a 8 ans"
"176","Tanger","kaoutar gamraou","Pas de chaises","il y a 3 ans"
"176","Tanger","Hedoma Groupe","Ouverte jusqu'à 20:00","il y a 6 ans"
"176","Tanger","Elasri NaouFal","Médiocre","il y a 4 ans"
"176","Tanger","Mohammed Rida GRIR","service nul","il y a 2 ans"
"176","Tanger","J Z","Magasin de téléphone mobile","il y a 7 ans"
"176","Tanger","Ayoub Lumiere","Bon service","Modifié il y a un mois"
"176","Tanger","JALAL WARDI","Pas mal","il y a 7 ans"
"176","Tanger","Mohammed Sihi","Service","il y a 6 ans"
"176","Tanger","erissay","Agence INWI!","il y a 9 ans"
"176","Tanger","ARRAHMOUNI SANAE","Masters avec 4 et ils recherchent sur Google ce qu'ils font actuellement","il y a 3 mois"
"176","Tanger","القدس عربية و الصحراء مغربية","Tout s'est bien passé, j'ai reçu l'aide que j'attendais.","il y a 6 ans"
"176","Tanger","Hassan Elmoqaddam","Merci pour ces cartes 4G Inwi","il y a 8 ans"
"176","Tanger","mehdi sahli","Nuuuuuul","il y a un an"
"176","Tanger","Youssef EL OMRANI","Bon niveau","il y a 3 ans"
"176","Tanger","Ayman Kibou","Beau","il y a un an"
"176","Tanger","Yousra B. André","Service correct !","il y a 7 ans"
"176","Tanger","Jalal Hosny","Service de déménagement","il y a 2 ans"
"176","Tanger","Iliasse Youssef","Profitez avec Inwi","il y a 4 ans"
"176","Tanger","Kenza Ben Ali","Aucun texte","il y a 2 mois"
"176","Tanger","badr abaissa","Aucun texte","Modifié il y a 9 mois"
"176","Tanger","Yacine Bou VI","Aucun texte","il y a un an"
"176","Tanger","tijani diof","Aucun texte","il y a un an"
"176","Tanger","Mostafa Moqrane","Aucun texte","il y a 2 ans"
"176","Tanger","Ayoub Bendriss","Aucun texte","il y a 2 ans"
"176","Tanger","First name Surname","Aucun texte","il y a 2 ans"
"176","Tanger","Boutayna F","Aucun texte","il y a 2 ans"
"176","Tanger","ABID LAZREQ","Aucun texte","il y a 3 ans"
"176","Tanger","Sweet Irin","Aucun texte","il y a 3 ans"
"176","Tanger","Taha NADI","Aucun texte","il y a 4 ans"
"176","Tanger","hamrokne (“best of movies”)","Aucun texte","il y a 4 ans"
"176","Tanger","Adam Eddehbi","Aucun texte","il y a 4 ans"
"176","Tanger","prodanib fx","Aucun texte","il y a 4 ans"
"176","Tanger","Khalid","Aucun texte","il y a 4 ans"
"176","Tanger","Elmehdi Jaouhari","Aucun texte","il y a 5 ans"
"176","Tanger","K M","Aucun texte","il y a 5 ans"
"176","Tanger","Anoouss Anass","Aucun texte","il y a 5 ans"
"176","Tanger","Chhiti Ayub","Aucun texte","il y a 5 ans"
"176","Tanger","lghnimi adil","Aucun texte","il y a 5 ans"
"176","Tanger","Qassar Father","Aucun texte","il y a 6 ans"
"176","Tanger","hamza Bouramdane","Aucun texte","il y a 6 ans"
"176","Tanger","said Lakhel","Aucun texte","il y a 6 ans"
"176","Tanger","Abdelhamid AZZA","Aucun texte","il y a 6 ans"
"176","Tanger","fallah abdou","Aucun texte","il y a 6 ans"
"176","Tanger","Samadou Es serraj","Aucun texte","il y a 7 ans"
"176","Tanger","Moulay Youssef HADI","Aucun texte","il y a 7 ans"
"176","Tanger","Mustapha AIT BELLA","Aucun texte","il y a 7 ans"
"176","Tanger","Mohamed Amine El Malki","Aucun texte","il y a 7 ans"
"176","Tanger","Issam Ennaami","Aucun texte","Modifié il y a 7 ans"
"176","Tanger","Azzedine Bernoussi","Aucun texte","il y a 7 ans"
"176","Tanger","abdel latif khalkhal (keni street Prod)","Aucun texte","il y a 7 ans"
"176","Tanger","Yassir NAICH","Aucun texte","il y a 7 ans"
"176","Tanger","ali hamraoui","Aucun texte","il y a 7 ans"
"176","Tanger","Mounir Othmani","Aucun texte","il y a 7 ans"
"176","Tanger","Ilyass Jellal","Aucun texte","il y a 7 ans"
"176","Tanger","Karima Elh","Aucun texte","il y a 7 ans"
"176","Tanger","Abdelali Ouladkhdija","Aucun texte","il y a 7 ans"
"176","Tanger","Adrian Rachid","Aucun texte","il y a 7 ans"
"176","Tanger","anwar ka","Aucun texte","il y a 7 ans"
"176","Tanger","majdouline doukkali","Aucun texte","il y a 8 ans"
"176","Tanger","HABIB El Youssefi","Aucun texte","il y a 8 ans"
"176","Tanger","ahmed hawzi","Aucun texte","il y a 8 ans"
"177","Tanger","med amin","Très bonne service
Agent très serviable","il y a 3 ans"
"177","Tanger","aabaslama Abdelmounim","Petite agence de banlieue","il y a 6 ans"
"177","Tanger","Rac Bel","Bon service","il y a 6 ans"
"177","Tanger","Alian mssbb","Une très mauvaise expérience. J'ai tenté à plusieurs reprises de transférer mon numéro d'un autre opérateur vers Inwi auprès de cette agence, en raison d'une erreur dans mes informations personnelles enregistrées chez mon ancien opérateur. …","il y a 2 mois"
"177","Tanger","Amine Sbaihi","Nous avons passé un séjour exceptionnel dans cet hôtel ! L'accueil était chaleureux, le personnel très serviable et la chambre confortable et impeccable. J'ai adoré la vue depuis ma fenêtre et le petit-déjeuner était délicieux. …","il y a 2 ans"
"177","Tanger","اسرار صحة الجمال والجسد","Que la paix soit avec toi, mon frère Majid. Ton ami Sufyan m'appelait. Tu m'as donné une carte de crédit de 20 Go hier, mais aujourd'hui, quand j'ai rechargé, je n'ai eu que 5 Go. Je ne comprends pas. L'appel a duré une heure. Peux-tu …","il y a 5 ans"
"177","Tanger","عبدالله بويه abdellah bouih","Agence Inwi, Rue Ibn Al-Haytham, District d'Al-Inbaat, Province de Tabriquet, Salé, Maroc","Modifié il y a 7 ans"
"177","Tanger","مسوق الكتروني","Monsieur Li, j'ai un gentil domestique là-bas.","il y a 5 ans"
"177","Tanger","fetah lmohajire","Vous pouvez les gérer","Modifié il y a 7 ans"
"177","Tanger","Marwane Elammri","Merci pour l'aide.","il y a un an"
"177","Tanger","مجبور 22","👌👍 …","il y a 2 ans"
"177","Tanger","Adil Aziz","Hahahahaha","Modifié il y a 6 ans"
"177","Tanger","Gretchen Ethan","Ça allait","il y a 5 ans"
"177","Tanger","youssef el hanbali","mauvais service","il y a 4 ans"
"177","Tanger","Ffghvy G tccrcr","Aucun texte","il y a un an"
"177","Tanger","Abdelghafour Rh","Aucun texte","il y a un an"
"177","Tanger","ayoub ayoub","Aucun texte","il y a un an"
"177","Tanger","Khalid Tokyo","Aucun texte","il y a 2 ans"
"177","Tanger","Ismail Lharaj","Aucun texte","il y a 4 ans"
"177","Tanger","Sallah bois Maroc (SR)","Aucun texte","il y a 4 ans"
"177","Tanger","ayoub fhm","Aucun texte","il y a 4 ans"
"177","Tanger","Bid Man","Aucun texte","il y a 5 ans"
"177","Tanger","Elabbassi Abdellah","Aucun texte","il y a 5 ans"
"177","Tanger","Mounir ghazi","Aucun texte","il y a 5 ans"
"177","Tanger","توقعات الأبراج اليومية","Aucun texte","il y a 6 ans"
"177","Tanger","Zellige beldi Skhairat","Aucun texte","il y a 6 ans"
"177","Tanger","mohamad kamal","Aucun texte","il y a 6 ans"
"177","Tanger","مغربيه بالعين","Aucun texte","il y a 6 ans"
"177","Tanger","KHADIJA IDRISSI","Aucun texte","il y a 7 ans"
"177","Tanger","Hasnae At","Aucun texte","il y a 7 ans"
"177","Tanger","rahma boukentar","Aucun texte","il y a 7 ans"
"177","Tanger","Simo Tecnicein","Aucun texte","il y a 7 ans"
"177","Tanger","Belbarak Ayoub","Aucun texte","il y a 7 ans"
"177","Tanger","ولد الحمرية","Aucun texte","il y a 7 ans"
"177","Tanger","Basse Cisse","Aucun texte","il y a 7 ans"
"177","Tanger","IneYass Mouji","Aucun texte","il y a 8 ans"
"179","Tanger","Tydesign Ko","Services catastrophique","il y a 5 mois"
"179","Tanger","ismail EL OUIZGANI","Passage février 2026
Ce gars est incompétent
incapable de me dire les bonnes informations suite à une résiliation …","il y a une semaine"
"180","Tanger","Mostafa Meliani","La seule agence Inwi de ce quartier malheureusement l'employé de cette agence ne rend pas un bon service, il manque de compétence, son comportement et son attitude font de lui une personne indésirable, aussi en matière de performance professionnelle il est très faible.","il y a 7 ans"
"180","Tanger","Zayd M'barki","Service trés mauvais! Perte de temps et de nerfs.","il y a 3 ans"
"180","Tanger","Houda Mrhili","Bon comportement","il y a 2 ans"
"180","Tanger","ABDELLAH SALMI","L'agence et le centre névralgique nécessitent une carte VIA et un smartphone.

Mon établissement est bien équipé et le personnel est compétent. Venez nous rendre visite !","il y a 2 ans"
"180","Tanger","Zakaria Ezzine","Ici vous pouvez vous abonner ou payer toutes vos factures (Nw) en plus de certains appareils électroniques tels que les téléphones....","Modifié il y a 7 ans"
"180","Tanger","Themo","La meilleure expérience dans les entreprises de télécommunications avec inwi","il y a un an"
"180","Tanger","Mido Benaroube","Des individus frauduleux ayant un intérêt purement commercial","il y a 4 ans"
"180","Tanger","Good luck","Le pire service","il y a un an"
"180","Tanger","Lmahfoud Bounjar","Aucun texte","Modifié il y a 3 ans"
"180","Tanger","Fouad Kenitramaroc99","Service moyen","il y a 2 ans"
"180","Tanger","Younes Khoubaz","Service impeccable 💯💯 …","Modifié il y a 2 ans"
"180","Tanger","nawfal hamdi","Kk","il y a 4 ans"
"180","Tanger","Younes mahdi","Beau","il y a 3 ans"
"180","Tanger","mi ohamed","excellent","il y a 6 ans"
"180","Tanger","AutoMoto GARAGE","Bon service","il y a 3 ans"
"180","Tanger","Zaime Abdelghani","Quelque chose","il y a 2 ans"
"180","Tanger","Benhamdia Hamza","Mauvais","il y a 7 ans"
"180","Tanger","Molay Ahmed","Aucun texte","il y a 5 mois"
"180","Tanger","driss brogi","Aucun texte","il y a 9 mois"
"180","Tanger","Adnan Id","Aucun texte","il y a un an"
"180","Tanger","Amina Berrani","Aucun texte","il y a un an"
"180","Tanger","Abderrazak El Alouani","Aucun texte","il y a un an"
"180","Tanger","Younse Hassouni","Aucun texte","il y a 4 ans"
"180","Tanger","Halima Youmir","Aucun texte","il y a 5 ans"
"180","Tanger","YASSINE El","Aucun texte","il y a 6 ans"
"180","Tanger","عجائب الدنيا","Aucun texte","il y a 6 ans"
"180","Tanger","Farah Farah","Aucun texte","il y a 7 ans"
"180","Tanger","Youssef Bacha","Aucun texte","il y a 7 ans"
"180","Tanger","khaled qattan","Aucun texte","il y a 7 ans"
"181","Tanger","oum sunyas Djem","Accueil parfait , insaf m’a réglée ma box wifi sans soucis et le magasin propose plein de chose en papeterie que mes enfants ont beaucoup aimé , équipe honnête et efficace je recommande vivement et je comprend les 5 étoiles merci beaucoup","il y a 8 mois"
"181","Tanger","Karl Burkamp","Personnel agréable et sympathique ! Nous avons eu internet illimité pour 200 DHM. Je recommande vivement. Il y a un parking à quelques mètres.","il y a un an"
"181","Tanger","Sascha Hörr","Nous avons reçu une aide précieuse pour l'achat d'un forfait data mensuel.
Une équipe très sympathique.
Merci 💖 …","il y a un an"
"181","Tanger","JANEMBA","Le service était déplorable. Je ne recommanderais jamais ce centre.","il y a un mois"
"181","Tanger","Mohamed Rs","Aucun texte","il y a 2 mois"
"183","Tanger","Zou Zou","Service nul genre d agent commercial qui connaît tout mais qui ne rend pas service dn fin de compte","il y a 5 ans"
"183","Tanger","Amine Aaboud","J'AI JAMAIS VU UN SERVICE AUTANT NUL QUE CELUI DE VOTRE AGENCE","il y a 3 ans"
"183","Tanger","Elias","Agence de quartier correct. Agent sympathique. RAS","il y a 2 ans"
"183","Tanger","Plana Vid","Bon service top opérateur au maroc","il y a 6 ans"
"183","Tanger","ABDELOUAHED EL KABILY","P cv","il y a 6 ans"
"183","Tanger","Mustapha Bouzinab","Très sympa !!","il y a 7 ans"
"183","Tanger","Cookies Apockaa","C'est la pire agence Inwi que j'aie jamais vue. Je ne recommande à personne d'y aller. Allez plutôt à celle du boulevard Medina, elle est bien meilleure.","il y a un an"
"183","Tanger","Abdulkareem Ibraheem Abdulwahab (Albadawiy)","Assez compétents

Ils sont assidus …","il y a 7 ans"
"183","Tanger","Mohamed Louikili","Excellent service et résolution des problèmes des clients en toute simplicité","il y a 6 ans"
"183","Tanger","Zerieuh Abdelmonim","Très mauvais service du vendeur","il y a 3 ans"
"183","Tanger","Soukaina na","Nuuuuuul","il y a 3 ans"
"183","Tanger","Alami Hamdi","Jawal","Modifié il y a 3 ans"
"183","Tanger","Youssef Benhammou","Très bien","il y a 5 ans"
"183","Tanger","Mohsin Tanger","CVS I..","il y a 7 ans"
"183","Tanger","Bilal Akalay","Service excellent","il y a 7 ans"
"183","Tanger","Ahmed Raji","Merci","il y a 2 ans"
"183","Tanger","Yassir Mrabet","dormir","il y a 7 ans"
"183","Tanger","Food time liege","Aucun texte","il y a 4 semaines"
"183","Tanger","Ysusj Zjjej","Aucun texte","il y a 8 mois"
"183","Tanger","Badr El Ouardighi","Aucun texte","il y a un an"
"183","Tanger","tlaitmas bébé","Aucun texte","il y a un an"
"183","Tanger","Bouchra Jad","Aucun texte","il y a 2 ans"
"183","Tanger","عبدالااله الوهابي","Aucun texte","il y a 3 ans"
"183","Tanger","Mostafa Barrahmoun","Aucun texte","il y a 4 ans"
"183","Tanger","Farid Mernisi","Aucun texte","il y a 4 ans"
"183","Tanger","ismail dessin","Aucun texte","il y a 5 ans"
"183","Tanger","Elkhadiri Hatim","Aucun texte","il y a 5 ans"
"183","Tanger","محمد الطنجي","Aucun texte","il y a 5 ans"
"183","Tanger","Driss Chakouki","Aucun texte","il y a 6 ans"
"183","Tanger","shagmeister boss","Aucun texte","il y a 6 ans"
"183","Tanger","hamza lag","Aucun texte","il y a 6 ans"
"183","Tanger","chakir Benzy","Aucun texte","il y a 7 ans"
"183","Tanger","ETSessaidi Mohamed","Aucun texte","il y a 7 ans"
"183","Tanger","Viral Maroc (“Graffity”)","Aucun texte","il y a 7 ans"
"183","Tanger","Azzam Muhammad","Aucun texte","il y a 7 ans"
"183","Tanger","badre berrima","Aucun texte","il y a 7 ans"
"183","Tanger","Mehdi Hallouch","Aucun texte","il y a 7 ans"
"183","Tanger","hafod mehamed","Aucun texte","il y a 7 ans"
"183","Tanger","Abdallah Adidi","Aucun texte","il y a 7 ans"
"183","Tanger","ولد ما خديجة","Aucun texte","il y a 7 ans"
"184","Tanger","Othmane Bentayeb","Service client très décevant. Mon problème dure depuis plus d’un mois sans solution concrète. À chaque appel, je reçois la même réponse sans aucun suivi réel. Je ne recommande plus cette entreprise et je conseille aux gens de réfléchir …","il y a 3 mois"
"184","Tanger","Zorette","UN GRAND merci à Khawla qui m'a solutionné un problème complexe. Sa maîtrise du français fut d'un grand secours.
Merci à Kawta ,Zineb Et Sarah pour leur patience et leur sourire. …","il y a 2 mois"
"184","Tanger","Omar Coffee","Agents à l'écoute et très patients (surtout avec mon coup de colère inapproprié) encore désolé et un grand merci à madame sara !!!
mes respects .","il y a 8 mois"
"184","Tanger","Abdellatif ARAAI","Un mois pour installer la fibre optique et jusqu’à présent rien n’est encore arrivé","il y a 8 mois"
"184","Tanger","Ousseine KARAMBIRI","Les agents sont très réactif 👍👍👍 …","il y a 6 mois"
"184","Tanger","abdelaziz amine-sadik","Très mauvais service. Absence d'écoute client.et ne remontent pas les incohérences process et règles de gestion  métier.","il y a 4 ans"
"184","Tanger","Bernard Mamin","Un super accueil très compétent et super agréable un service au top merci au personnel de l’agence","il y a 2 ans"
"184","Tanger","romano fabrizo","Je ne sais pas comment je peux retourner dans cet endroit alors que je suis si mal traité","il y a un an"
"184","Tanger","Hicham Aljiad","Très bon service, agent aimable, à l'écoute et explique bien","il y a 3 ans"
"184","Tanger","ali haloui","service nul","il y a 5 mois"
"184","Tanger","fatimzahra labrim","mauvaise service","il y a 7 ans"
"184","Tanger","Chakib Elalaoui","Bien","il y a 7 ans"
"184","Tanger","chafik faramane","😡😡😡😡😡😡 …","il y a 11 mois"
"184","Tanger","Emy Hani alnomani","Je vous déconseille fortement de faire affaire avec cette entreprise. Ils ont intégré le réseau de fibre optique le 3 septembre et ne l'ont toujours pas mis hors service. Des habitants du même complexe résidentiel ont rejoint Orange Telecom …","il y a 5 mois"
"184","Tanger","Richard Garland","Excellent service cette année encore, assuré par la vendeuse seule dans la boutique un samedi de forte affluence. INWI offre également une excellente couverture dans tout le Maroc.","il y a 2 ans"
"184","Tanger","Ouafaa Gmih","Le personnel, désagréable et arrogant, refuse de travailler… Note inférieure à 0 …","il y a 2 ans"
"184","Tanger","Yassine EL Hajoui","Le service était excellent, merci 👍🏻 …","il y a un an"
"184","Tanger","Khalifa Khalifa","Service médiocre et plus cher que dans les autres agences Inwi","il y a 2 ans"
"184","Tanger","Mus Ti","Bonnes affaires","il y a 4 ans"
"184","Tanger","Mustafa Kestane","Ravitaillement en carburant bon marché","il y a 4 ans"
"184","Tanger","الموقع الحالي محمد","Il a été achevé","il y a 7 ans"
"184","Tanger","Abdelali arbouch","Aucun texte","il y a 6 mois"
"184","Tanger","Sarasara Sara","Aucun texte","il y a 8 mois"
"184","Tanger","Noureddin Choua","Aucun texte","il y a un an"
"184","Tanger","Ucef","Aucun texte","il y a un an"
"184","Tanger","ikram ouhassi","Aucun texte","il y a 2 ans"
"184","Tanger","Mehdi Mohamed amine","Aucun texte","il y a 2 ans"
"184","Tanger","Yahia Hnid","Aucun texte","il y a 2 ans"
"184","Tanger","Alouli Nourdin","Aucun texte","il y a 2 ans"
"184","Tanger","Boulaajoul Aziz","Aucun texte","il y a 2 ans"
"184","Tanger","moste master","Aucun texte","il y a 5 ans"
"184","Tanger","Yassine Echchine","Aucun texte","il y a 7 ans"
"184","Tanger","lamlih Elhaddadi","Aucun texte","il y a 7 ans"
"185","Tanger","rachid bouthim","Incompétence des services,tjs problème du système.
Vendredi tjs fermé a 15h.","il y a un an"
"185","Tanger","Omar Jrairi","Opérateur INWI, khabbazat kenitra. Plusieurs choix de portables","il y a 6 ans"
"185","Tanger","السيدة لطيفة","Bon affaire","il y a 3 ans"
"185","Tanger","fouad arfa","Bonne service","il y a 3 ans"
"185","Tanger","fouad bendenguir","Meilleure service","il y a 5 ans"
"185","Tanger","Mohamed Laftouhi","Personnel au niveau.","il y a 4 ans"
"185","Tanger","Fikri Fikri","chamaia","il y a 6 ans"
"185","Tanger","issam omari","top service","il y a 8 ans"
"185","Tanger","Jasmin Gensch","Service déplorable. Je souhaitais une offre de carte SIM spécifique et, au départ, le vendeur m'a assuré que ce n'était pas un problème. Après de nombreuses discussions, le prix a considérablement augmenté et je n'en voulais plus. Il m'a …","il y a 4 mois"
"185","Tanger","نبيل بونويظرات","Peu fiable","il y a 6 ans"
"185","Tanger","Tahiri mohamed","bon service","il y a 2 ans"
"185","Tanger","HAFID LablaQ","Très très bien","il y a 7 ans"
"185","Tanger","yahya aouadi","bien","il y a 2 ans"
"185","Tanger","وقل ربي زدني علما العلم نور والجهل عار","Service et traitement incomplets","il y a 6 ans"
"185","Tanger","azid100","Beau","il y a 5 ans"
"185","Tanger","Raafet Ayachi","ennuyeux","il y a 6 ans"
"185","Tanger","Crow Walid","Aucun texte","il y a 2 mois"
"185","Tanger","Gamer MA احدث الألعاب والتطبيقات","Aucun texte","il y a 9 mois"
"185","Tanger","Salim Rebani","Aucun texte","il y a 3 ans"
"185","Tanger","Farida Ben amer","Aucun texte","il y a 3 ans"
"185","Tanger","Mounir Jaoui","Aucun texte","il y a 3 ans"
"185","Tanger","Ziko Bayi","Aucun texte","il y a 5 ans"
"185","Tanger","Youssef Chouay","Aucun texte","il y a 5 ans"
"185","Tanger","Anass Assri","Aucun texte","il y a 6 ans"
"185","Tanger","Mohammed Benlahoucine (Hamid)","Aucun texte","il y a 6 ans"
"185","Tanger","Youssef Fathi","Aucun texte","il y a 6 ans"
"185","Tanger","عِش حرًّا","Aucun texte","il y a 6 ans"
"185","Tanger","Sahim Moha","Aucun texte","il y a 6 ans"
"185","Tanger","youssef majjout","Aucun texte","il y a 6 ans"
"185","Tanger","محمد العبدالله","Aucun texte","il y a 7 ans"
"185","Tanger","Nabila Jouhari","Aucun texte","il y a 7 ans"
"185","Tanger","Abdellah Hafiane","Aucun texte","il y a 7 ans"
"185","Tanger","chadi sibous","Aucun texte","il y a 8 ans"
"186","Tanger","Serge Van Rompay","Le service inwi est une véritable catastrophe, le temps d attente est beaucoup trop long,je comprend pas pourquoi inwi ne mets pas plus de personnel. Le minimum est d abord d avoir un service efficace et rapide. J arrive pas à comprendre ce système archaïque.","il y a un an"
"186","Tanger","N. A.","Attention ARNAQUE !!!
un proche s'est rendu à cette agence pour payer sa facture, l'agent a encaissé le montant de la facture sans payer la facture. …","il y a 3 ans"
"186","Tanger","Aicha Guerraoui","Vraiment , je suis très satisfaite de cette petite agence, et des services que propose mr Badr .il avait une grande patience et beaucoup de professionnalisme.","il y a un an"
"186","Tanger","Med Amine","J' ai trop apprécié leur service","il y a 10 mois"
"186","Tanger","Anass Karine","Je suis allé chez cette agence qpres que la première me dit que son ilorilante est hors fonction. À la deuxième agence sis à avenue hassan II kénitra: mauvaise acceuil et mauvais traitement du client. J'ai voulu arrêter mon abonnement et le …","il y a 7 ans"
"186","Tanger","youssef mohni","Service des années 90.
Plus que 30 min pour une client.","il y a un an"
"186","Tanger","Kaoutar Marzouki Rougani","Très bon service, le commercial est très accueillant et très coopératif","il y a 5 ans"
"186","Tanger","amine ox ke","il n 'a pas inwi money
et tu ne peut pas payé votre bille","il y a 5 ans"
"186","Tanger","mohammed kallouai","Absence de l’agent lors des heures de travail","il y a 2 ans"
"186","Tanger","Rida Allah BELAKHMIMA","Bon service","il y a un an"
"186","Tanger","Fouad Elmarbouh","Passable dans l'ensemble","il y a 7 ans"
"186","Tanger","Sarah Shabbir","Arnaqueur","il y a 3 ans"
"186","Tanger","hassan zghari","Passable","il y a 7 ans"
"186","Tanger","Maareeiinnee Lzl","Accueillants","il y a 7 ans"
"186","Tanger","Azzedine Bernoussi","Bon service","il y a 7 ans"
"186","Tanger","Fahad Algnidh","J'ai les meilleurs opérateurs de télécommunications au Maroc, Inwi et Safi 🇲🇦 …","il y a 5 mois"
"186","Tanger","Anouar Ball","Excellent service. Le serveur était très compétent.","il y a 3 ans"
"186","Tanger","Simon El","Tellement peu professionnel, très impoli et irrespectueux.","il y a un an"
"186","Tanger","Abdelilah Mhimdi","Service excellent","il y a un an"
"186","Tanger","Ben zouine","homme gentil","il y a 4 ans"
"186","Tanger","نبيل بونويظرات","Toujours le meilleur 😀😉 …","il y a 7 ans"
"186","Tanger","elbouhali essaid","Bon service","il y a un an"
"186","Tanger","Mohammed Sihi","Un cotr","il y a 6 ans"
"186","Tanger","fatima zahra","Utile","il y a un an"
"186","Tanger","Edd Mourad","Hhh","il y a 3 ans"
"186","Tanger","Art by maro","Service t9iiiiiiiiiiiiiiiil","il y a 4 ans"
"186","Tanger","Finn","Employé très agréable, il parle même allemand.","il y a 2 semaines"
"186","Tanger","Ousseine KARAMBIRI","Aucun texte","il y a 6 mois"
"186","Tanger","Maryam smaili","Aucun texte","il y a 8 mois"
"186","Tanger","raja m","Aucun texte","il y a 10 mois"
"186","Tanger","Mohamed bouhmida","Aucun texte","il y a un an"
"186","Tanger","Abdo Mr","Aucun texte","il y a un an"
"186","Tanger","Khaoula BENZIANE","Aucun texte","il y a un an"
"186","Tanger","laou ham","Aucun texte","il y a un an"
"186","Tanger","mmous","Aucun texte","il y a un an"
"186","Tanger","Khadija Bdida","Aucun texte","il y a un an"
"186","Tanger","Hiba El aouni","Aucun texte","il y a 2 ans"
"186","Tanger","denta ma","Aucun texte","il y a 6 ans"
"186","Tanger","hicham kharro","Aucun texte","il y a 6 ans"
"186","Tanger","Aaron Tshamba K.","Aucun texte","il y a 6 ans"
"186","Tanger","ga Galaxy","Aucun texte","il y a 6 ans"
"186","Tanger","Mounir Msitta","Aucun texte","il y a 6 ans"
"186","Tanger","Mohamed Ouajdi","Aucun texte","il y a 6 ans"
"186","Tanger","younes boutalloust","Aucun texte","il y a 7 ans"
"186","Tanger","Mohamed Mohammed","Aucun texte","il y a 7 ans"
"186","Tanger","MUSTAPHA ETTATA","Aucun texte","il y a 7 ans"
"186","Tanger","Mohammed Sami FTAICH","Aucun texte","il y a 7 ans"
"186","Tanger","Jamal EL KHALIDI","Aucun texte","il y a 7 ans"
"186","Tanger","loubna zwina","Aucun texte","il y a 7 ans"
"186","Tanger","Anas","Aucun texte","il y a 7 ans"
"186","Tanger","nadir cak","Aucun texte","il y a 7 ans"
"186","Tanger","Nou Taou","Aucun texte","il y a 7 ans"
"186","Tanger","Anas KADRI","Aucun texte","il y a 7 ans"
"186","Tanger","Ismail Ait ouahman","Aucun texte","il y a 7 ans"
"186","Tanger","yasser hartout","Aucun texte","il y a 7 ans"
"186","Tanger","Bilalbilal1992101 Bilal","Aucun texte","il y a 7 ans"
"187","Tanger","Rach El","Le personnage a lunettes avec sa grosse tête. il se travestis à malabata","il y a 8 mois"
"187","Tanger","Abderahim El boukhesyby","Atention atención  Des grand voleur.il von vous volé votre argen a fuire. ne jamai allé dans c'est agence. Tres mal polie.il insulte les etrangé .atention une equipe de voleur profesionel.il mon volé Atención atention a tous les etrangé venu d'europe.ne jamai allé dans c'est agence des profesionel du vol vous atende  pour vous volé","il y a 5 ans"
"187","Tanger","Rabiaa El mahboubi","J’ai jamais vue des incapables comme cela, aucun professionnalisme, vous allez perdre votre temps et votre argent fuyez.","il y a 2 ans"
"187","Tanger","Bonjour Bonsoir","J’ai jamais vue des incapables comme cela, aucun professionnalisme, vous allez perdre votre temps et votre argent fuyez.","il y a 3 ans"
"187","Tanger","Mohamed Boulakhrif","Bon cdc","il y a 6 ans"
"187","Tanger","Said Moubarek","Emplacement idéal et timing parfait.

Je vois des groupes de personnes faire leurs courses là-bas tous les jours. …","Modifié il y a 3 ans"
"187","Tanger","Dr.MUSTPHA EZZAHID","C'est bon","il y a 2 ans"
"187","Tanger","Abdo 44","Traitement 0 (H et les enfants de L....)","il y a 4 ans"
"187","Tanger","سميرة الحناوي","Oui, je lui rends visite parfois quand je suis en voyage.","il y a 6 ans"
"187","Tanger","majid ben si ali","Un service pratique et rapide","il y a 6 ans"
"187","Tanger","zouhir ikli","Aucun texte","il y a 7 mois"
"187","Tanger","Said Said","Aucun texte","il y a 5 ans"
"187","Tanger","Películas","Aucun texte","il y a 5 ans"
"187","Tanger","nisrin chefcheoun","Aucun texte","il y a 5 ans"
"187","Tanger","nohaila ababou","Aucun texte","il y a 6 ans"
"187","Tanger","Taïbi Benhima","Aucun texte","il y a 6 ans"
"187","Tanger","Umii __22","Aucun texte","il y a 6 ans"
"187","Tanger","Mohamed El Atmani (Mox)","Aucun texte","il y a 7 ans"
"187","Tanger","abdelouahid stouti","Aucun texte","il y a 7 ans"
"187","Tanger","Reda Aouragh","Aucun texte","il y a 7 ans"
"187","Tanger","Abdel Jife","Aucun texte","il y a 8 ans"
"188","Tanger","عثمان بوعيد","Je vous conseille d'éviter la visite de cette agence puisque il existe une personne homme incompétent, il vous offre des informations insuffisantes pour orienter vos choix au lieu d'offrir des informations suffisantes. Donc faites attention …","il y a un an"
"188","Tanger","katty jam","Où sont les agents inwi ? 1h d’attente personne; à inwi Marjane idem : 2heures d’attente sans être servi. Pourquoi on embauche pas plus de monde surtout en période estivale ?!
changer d’opérateur….","il y a un an"
"188","Tanger","Michel","Bonjour en tant que tourisme Français, je laisse mon avis, J'ai été en ville chez Inwi en Tétouan, un monsieur très professionnel et sympathique c'est occupé de moi en 15 minutes pour internet illimité c'est 200 Di sur place et 200 Di par …","il y a 2 ans"
"188","Tanger","Fatima Hamda","J'aurais donné 0 étoile, mais pas moyen!!
Conseiller mal poli, ne veut même pas parler, je suis partie pour une offre wifi entreprise, il m'a dit qu'il ne le fait plus sous pretexte qu'il n'a pas envie!!!","il y a 2 ans"
"188","Tanger","Assistance Tetouan","C'est un simple shop 3m sur 2m presque réservé pour les demande de recharge Inwi carte et abonnement c'est tout","Modifié il y a 8 ans"
"188","Tanger","فضول","Nul agence","il y a 6 mois"
"188","Tanger","Yasmina Akni","Fuyez ! Ce sont de vrais voleurs ! Ils n'ont pas expliqué toutes les conditions générales, et quand vient le moment de résilier, ils vous font payer deux factures. …","il y a un an"
"188","Tanger","Mo El Yaichi","Le magasin n'ouvre pas à 9h00. Les horaires affichés sont de 9h30 à 13h30 et de 16h00 à 20h00. Je suis arrivé à 9h00 car c'était indiqué en ligne. Une fois devant la porte, j'ai constaté que les horaires étaient différents. À 9h50, le …","il y a un an"
"188","Tanger","BADRY ABD ERRAHMANE","Peut être occupé mais peut offrir tous les services liés à inwi","il y a 8 mois"
"188","Tanger","samra Ba","Service absolument horrible, service client déplorable, je changerai de fournisseur dès que possible !","il y a 10 mois"
"188","Tanger","Diaa Alhak EL FALLOUS","Le pire qui puisse vous arriver, c'est de souscrire à un abonnement internet ADSL. Internet est inutilisable et le service est encore pire, surtout avec cet opérateur.","il y a 3 ans"
"188","Tanger","Taha Tabarani","Bon traitement","il y a 2 ans"
"188","Tanger","Bonnita Bartelings","Des gens bons et sympathiques","il y a un an"
"188","Tanger","Hafsa Frihmatt","Comportement inapproprié","il y a un an"
"188","Tanger","عبداللطيف المصمودي","moins","il y a 2 ans"
"188","Tanger","Ridwan Ridwan","Vendre des numéros de téléphone Inwi","il y a 6 ans"
"188","Tanger","Dina dina","bien","il y a 6 ans"
"188","Tanger","Mohamad Elghzaoui","Bon traitement","il y a 4 ans"
"188","Tanger","Mourad Zerkti","👎🏼👎🏼👎🏼👎🏼👎🏼👎🏼👎🏼👎🏼👎🏼👎🏼👎🏼👎🏼

Testahlo 0 …","il y a 5 mois"
"188","Tanger","Houda Nassir","bien","il y a 6 ans"
"188","Tanger","LAMNIAI imad","Aucun texte","il y a 4 mois"
"188","Tanger","Haitam assri","Aucun texte","il y a 4 mois"
"188","Tanger","Mus Benb","Aucun texte","il y a un an"
"188","Tanger","Mohamed amine AMEZAIN","Aucun texte","il y a un an"
"188","Tanger","rajae B","Aucun texte","il y a un an"
"188","Tanger","Rachid EL OUALI","Aucun texte","il y a un an"
"188","Tanger","MarOne Prints","Aucun texte","il y a un an"
"188","Tanger","El Hassan Lamhandaz","Aucun texte","il y a un an"
"188","Tanger","Badro Khamlichi","Aucun texte","il y a 2 ans"
"188","Tanger","Abdelhafid Elarbiti","Aucun texte","il y a 3 ans"
"188","Tanger","Ayiub Elamrani","Aucun texte","il y a 5 ans"
"188","Tanger","Amal Karim","Aucun texte","il y a 5 ans"
"188","Tanger","Hamza soltan","Aucun texte","il y a 6 ans"
"188","Tanger","Zakaria Elsammak","Aucun texte","il y a 6 ans"
"188","Tanger","el ghazi said","Aucun texte","il y a 6 ans"
"188","Tanger","Ibra Abdou","Aucun texte","il y a 6 ans"
"188","Tanger","ramdani jihan","Aucun texte","il y a 7 ans"
"188","Tanger","Apii He","Aucun texte","il y a 7 ans"
"188","Tanger","mohssin EL (“BRB”)","Aucun texte","il y a 7 ans"
"188","Tanger","Mohamed Xicito","Aucun texte","il y a 7 ans"
"188","Tanger","Aymane Omari","Aucun texte","il y a 7 ans"
"188","Tanger","Oualid Tiyar","Aucun texte","il y a 8 ans"
"189","Tanger","mohammed senhaji","Le magasin ferme à 13h, alors que la page indique qu'il ferme à 18h","Modifié il y a 6 mois"
"189","Tanger","Mourad Iberkdichen","Toujours système en panne aussi mauvais service","il y a 6 mois"
"189","Tanger","Éric Gilquin","Accueil déplorable, les personnes au comptoir se prennent pour des supers stars directrice d'agence, elles sont hautaines et méprisantes, alors qu'elles ne sont que des vendeuses, et non pas des commerciales, puisque dans leurs métiers …","il y a 2 ans"
"189","Tanger","Abdellah Arroub","Aujourd'hui, je suis allé  pour savoir pourquoi la ligne Wi-Fi avait été déconnectée malgré notre dernière payement. L'employé a répondu que le système était en panne. Ce qui est étrange, c'est qu'après notre départ, j'ai remarqué qu'il …","il y a 4 ans"
"189","Tanger","Mouhcine MLIHI","Le service clientèle n'est pas de bonne réputation. On se sent mal à l'aise dans une agence Inwi, mais je préfère les services digitaux proposés par Inwi, je parle de Win c'est le meilleur service au Maroc.","il y a 6 ans"
"189","Tanger","Music BEE","Le service de cette agence est déplorable, service zero","il y a un an"
"189","Tanger","amine sehlaoui","Système en panne tout le temps pour s’échapper au service des clients.","il y a un an"
"189","Tanger","Mostafa Meliani","Service amélioré","il y a 7 mois"
"189","Tanger","Hakim idrissi","Faites attention quand vous prenez votre monnaie , je ne suis pas le seul à mettre fait voler","il y a 6 ans"
"189","Tanger","mohammed kallouai","Excellent service de l’agent Azeddine","il y a 2 ans"
"189","Tanger","briqat nour-eddine","Le chargé de clientèle ne respecte pas les clients.","il y a 5 ans"
"189","Tanger","Driss MEZIANE","Toujours mieux que IAM","il y a un an"
"189","Tanger","majid bensellam","Un service lamentable","il y a un an"
"189","Tanger","نبيل بونويظرات","Très mal","il y a 6 ans"
"189","Tanger","Nina Walli","Un service de top","il y a un an"
"189","Tanger","Ilham Sahli","Bon service","il y a un an"
"189","Tanger","Abdelkbir Elbouhtouri","Paiement des abonnements pour l'opérateur inwi","il y a 5 ans"
"189","Tanger","Aziz Tamsna","Correcte","il y a 3 ans"
"189","Tanger","Hassan Souabni","Agence principale INWI.","il y a 6 ans"
"189","Tanger","Morocco 2030","Bien présenté","il y a 6 ans"
"189","Tanger","zouhair jlila","Rien","il y a 2 ans"
"189","Tanger","Mustapha Bakkar","Fiable","il y a 5 ans"
"189","Tanger","M MNSR","Nul","il y a 6 ans"
"189","Tanger","NIZARITO RBH",", ❤️","il y a 6 ans"
"189","Tanger","Univers descovry","Service médiocre","Modifié il y a 6 ans"
"189","Tanger","Zaynab Edd","Service déplorable. Accueil lamentable. L'agent ne m'a même pas laissé le temps d'expliquer mon problème et s'est empressé de me proposer une solution inutile pour éviter de travailler. Si vous détestez votre travail à ce point, changez-le …","il y a un an"
"189","Tanger","Sd Aat","Cette agence, quand vous vous adressez à elle, Dieu vous apporte quelque chose qui arrivera directement chez vous. Service Zero00oooooooooooooo","il y a 11 mois"
"189","Tanger","Kamal Elmallouki","Service inexistant. Ils ne vous accordent aucune attention. Ils cherchent juste à se débarrasser de vous au plus vite pour pouvoir se reposer.","il y a un an"
"189","Tanger","Khalid AlNafisah","Il n'y a qu'un seul employé.

Il n'y a pas de chaises pour les clients. …","il y a un an"
"189","Tanger","ahmed alhajji","Personnel très serviable","il y a 7 ans"
"189","Tanger","عبد العالي البوخصيمي","Bien","il y a un an"
"189","Tanger","lamlih Elhaddadi","Hhhhhhh","il y a 7 ans"
"189","Tanger","Abdelhakim Jabrani","Des gens bien","il y a 6 ans"
"189","Tanger","Youssef LEBBAR","D'accord","il y a 6 ans"
"189","Tanger","Zouhir Bravo","Dans l'actualité","il y a 6 ans"
"189","Tanger","طريق العطاري","Agence de communication","il y a 6 ans"
"189","Tanger","HNIZAR45","Intéressant","Modifié il y a 5 ans"
"189","Tanger","Achahbar Tarik","Aucun texte","il y a 5 mois"
"189","Tanger","ANTHONY LABDI","Aucun texte","il y a 8 mois"
"189","Tanger","lali Lali","Aucun texte","il y a 9 mois"
"189","Tanger","Rachid Elhmyaoui","Aucun texte","il y a 11 mois"
"189","Tanger","adam salah","Aucun texte","il y a un an"
"189","Tanger","Sadio Sissoko","Aucun texte","il y a un an"
"189","Tanger","badr tijani","Aucun texte","il y a un an"
"189","Tanger","Mourad Mrini","Aucun texte","il y a un an"
"189","Tanger","outmane nafaa","Aucun texte","il y a 2 ans"
"189","Tanger","Ouafaa Gmih","Aucun texte","il y a 2 ans"
"189","Tanger","Soumaya E'L","Aucun texte","il y a 2 ans"
"189","Tanger","Driss El Mouden","Aucun texte","il y a 3 ans"
"189","Tanger","meriem Machloukh","Aucun texte","il y a 3 ans"
"189","Tanger","HICHAM EL HASSOUNI","Aucun texte","il y a 3 ans"
"189","Tanger","abderrafia sadiki","Aucun texte","il y a 4 ans"
"189","Tanger","Badr Pedro","Aucun texte","il y a 4 ans"
"189","Tanger","abdo tlm","Aucun texte","il y a 4 ans"
"189","Tanger","walid mt","Aucun texte","il y a 5 ans"
"189","Tanger","ayoub 2009","Aucun texte","il y a 5 ans"
"189","Tanger","Chafik Ben","Aucun texte","il y a 6 ans"
"189","Tanger","عبد الحميد مزيان","Aucun texte","il y a 6 ans"
"189","Tanger","omar mahtat","Aucun texte","il y a 6 ans"
"189","Tanger","Omar Cherkaoui","Aucun texte","il y a 6 ans"
"189","Tanger","Hassan AGHNAM","Aucun texte","il y a 6 ans"
"189","Tanger","bilal boufarich","Aucun texte","il y a 6 ans"
"189","Tanger","Soccer Benameur","Aucun texte","il y a 6 ans"
"189","Tanger","Mohamed Biyad","Aucun texte","il y a 6 ans"
"189","Tanger","enaciri mohcine","Aucun texte","il y a 6 ans"
"189","Tanger","said Amin","Aucun texte","il y a 6 ans"
"189","Tanger","Sadio Camara","Aucun texte","il y a 6 ans"
"189","Tanger","oubaha el mustapha","Aucun texte","il y a 6 ans"
"189","Tanger","SMAIN MHIDI","Aucun texte","il y a 6 ans"
"189","Tanger","Aissam BOUSHABA","Aucun texte","il y a 7 ans"
"189","Tanger","Maareeiinnee Lzl","Aucun texte","il y a 7 ans"
"189","Tanger","ismail alaoui ismaili","Aucun texte","il y a 7 ans"
"189","Tanger","Ahmed Elfouzari","Aucun texte","il y a 7 ans"
"189","Tanger","Azzedine Sga","Aucun texte","il y a 7 ans"
"189","Tanger","TEDDY MILEME-MOUTSASSI","Aucun texte","il y a 7 ans"
"189","Tanger","rachid tawil","Aucun texte","il y a 7 ans"
"189","Tanger","رشيد الخلفي","Aucun texte","il y a 7 ans"
"189","Tanger","Eloustani Mohammed","Aucun texte","il y a 7 ans"
"189","Tanger","mohamed shaitaa","Aucun texte","il y a 7 ans"
"189","Tanger","najib gharbaoui","Aucun texte","il y a 7 ans"
"189","Tanger","Mostafa Mouttaqi","Aucun texte","il y a 7 ans"
"189","Tanger","YsN Drf","Aucun texte","il y a 7 ans"
"189","Tanger","Ayman Rh","Aucun texte","il y a 7 ans"
"189","Tanger","Meriem Chakir","Aucun texte","il y a 7 ans"
"189","Tanger","Zouhair Ouerradi","Aucun texte","il y a 7 ans"
"189","Tanger","Ikzarn Mostapha","Aucun texte","il y a 7 ans"
"189","Tanger","Mo Ad","Aucun texte","il y a 8 ans"
"190","Tanger","I E","Ich hatte damals meinen PIN-Code vergessen und bin dorthin gegangen, um mir helfen zu lassen. Statt mir einfach zu sagen, dass der PIN 0000 ist, hat er jedoch so getan, als müsste er mir eine neue Karte mit einem neuen Datentarif für 500 DH …","il y a 4 mois"
"190","Tanger","Red Yu","Agence inwi Marjane à éviter à tout prix! La vendeuse du prénom de Souad est une arnaqueuse de première catégorie. Elle est très agressive et désagréable qui plus est! Pour exemple j'ai eu le sentiment de l'ennuyer pour avoir les …","il y a un an"
"190","Tanger","Patate Vanlife","Très bien touriste Francais qui savait ce qu'il voulait.
Un forfait uniquement data illimité pour le camping car et une ligne mobile avec 1h d'appel et 25 go d'internet. …","il y a 2 ans"
"190","Tanger","Michel","La Femme présente n'a pas voulu s'occuper de moi à 12h35, le magasin ferme à 13h00. A évite pour les tourisme Français. (Ma fait acheté carte sim prépayée pour soi disant validation l'abonnement internet) j'ai acheté cette sim de numéro en …","il y a 2 ans"
"190","Tanger","katty jam","Une femme seule a l’accueil Inwi 2 heures d’attente sans être servi : pourquoi vous n’embaucher pas?! Je change d’opérateur !","il y a un an"
"190","Tanger","Najib BKRS","La dame qui travaille dans cette agence doit changer de métier, elle n'est pas contente apparemment.
Elle n'a même pas le temps de parler aux clients. À éviter","il y a 2 ans"
"190","Tanger","Az Az","La dame qui travaille dans cette agence est désagréable et démotivée. Mauvaise image pour la marque Inwi ! Robert","il y a 2 ans"
"190","Tanger","MCHICH CHEBLI","Lieu magnifique romantique,  faut seulement être Front avec les clients,  concernant les conditions d'accès au départ","il y a 2 ans"
"190","Tanger","Hamza SMIRI","ADSL à Tetouan Très très ...... très nullll","il y a un an"
"190","Tanger","Claud Goog","Très bon accueil. Personne à l'écoute de vos besoins.","il y a 3 ans"
"190","Tanger","Jesus Remedios Oliva","Personnel serviable","il y a 2 ans"
"190","Tanger","Rebe Fashion by Rehab","Magnifique","il y a 3 ans"
"190","Tanger","christine menon","Super agence
Bon conseil
Et très bon service …","il y a un mois"
"190","Tanger","Valerie S.","Nous avons eu des problèmes avec la carte SIM. Nous voulions souscrire un abonnement de deux mois et on nous a dit que nous devions payer en espèces à l'avance pour les deux mois, mais nous n'avons pas reçu de reçu officiel. …","Modifié il y a un an"
"190","Tanger","Karin Lanz","Nous avons acheté une carte SIM chez inwi aujourd'hui. L'employé mérite plus de 10 étoiles ! Extrêmement serviable, compétent et très sympathique. Un grand merci encore pour votre patience et votre aide ! Cordialement de Munich","il y a un an"
"190","Tanger","M Belkadi","Nous y sommes allés plusieurs fois, et à chaque fois, on nous a dit que les cartes Wi-Fi étaient épuisées. Le vendeur nous a alors dit de revenir le lendemain vers 16h30, car ils étaient certains d'en avoir plein en stock. Nous y sommes …","il y a un an"
"190","Tanger","L W (EX366)","Un grand merci au conseiller. J'ai pu acheter facilement une carte SIM à forfait, qui a été installée et activée immédiatement.","il y a un an"
"190","Tanger","Omar Yacichi","À mon arrivée, je recharge toujours ma carte SIM. La première fois, le système ne fonctionnait pas correctement, alors je suis allé au magasin local aujourd'hui et j'ai réessayé d'utiliser internet. Le système ne fonctionne toujours pas, …","il y a 2 ans"
"190","Tanger","uwe coordes","La vendeuse sur place n'avait visiblement aucun intérêt à nous vendre une carte SIM de données de 30 jours, mais nous avons trouvé ce que nous cherchions dans la boutique Maroc de l'autre côté de la rue.","il y a 3 ans"
"190","Tanger","Yanis Bajki","La dame à l'accueil était vraiment désagréable. Elle pensait que je ne comprenais pas le darija, mais tant pis pour elle, je le comprends parfaitement.","il y a un an"
"190","Tanger","Jesus Lesma","Service et attention excellents. Ahmed, le vendeur, est fantastique et très serviable. Je le recommande vivement.","il y a un an"
"190","Tanger","Kathryn (“Socje”)","Ils sont souvent fermés à différentes heures de la journée. Le processus de paiement d'Inwi pour les services en cours est complexe.","il y a 2 ans"
"190","Tanger","aziza Azouz","Que la paix soit avec vous. Je déconseille d'aller dans les supermarchés Marjane. L'accueil est chaleureux au premier abord, mais en cas de problème, on vous épargne les démarches ou on vous abandonne.","il y a 2 ans"
"190","Tanger","Lamy Sad","Agents sympathiques, aussi bien la femme que le homme.","il y a 2 ans"
"190","Tanger","A Z","Un chiffre est exclu, et la paix n'est absolument pas acceptée.","il y a 7 ans"
"190","Tanger","Mohamed chami","👍 …","il y a 5 ans"
"190","Tanger","Ahmed Toula - أحمد تولة","Inwi 3g","il y a 5 ans"
"190","Tanger","Nahlacar","Traitement au niveau","il y a 2 ans"
"190","Tanger","Ayman Daif","Beau","il y a un an"
"190","Tanger","EL MOUSSAOUI BRAHIM","Mauvais","il y a 6 ans"
"190","Tanger","Reda.","Aucun texte","il y a un an"
"190","Tanger","Ayoub Bainou","Aucun texte","il y a 2 ans"
"190","Tanger","JAD Belloug","Aucun texte","il y a 2 ans"
"190","Tanger","Jorge G.G.","Aucun texte","il y a 2 ans"
"190","Tanger","Issam Fathi (Ghost)","Aucun texte","il y a 2 ans"
"190","Tanger","Abdel Elhani","Aucun texte","il y a 2 ans"
"190","Tanger","Narjiss Moussa","Aucun texte","il y a 2 ans"
"190","Tanger","Babout Youssef","Aucun texte","il y a 2 ans"
"190","Tanger","Abdelkarim Sekkaki","Aucun texte","il y a 2 ans"
"190","Tanger","FRANCISCO BELBER","Aucun texte","il y a 2 ans"
"190","Tanger","hiba hassani","Aucun texte","il y a 4 ans"
"190","Tanger","abdelaziz bouargan","Aucun texte","il y a 4 ans"
"190","Tanger","Sanaa Ryassy","Aucun texte","il y a 4 ans"
"192","Tanger","Sedik Bensaid","Très petit agence comme un épicier.c malhonnête d'avoir un agence comme cela pr une grande société de télécommunication comme INWI","il y a 5 ans"
"192","Tanger","Boch Ra","Le service client est très mauvais","il y a 2 ans"
"192","Tanger","Abdelilah Elkhdim","Bien localisé","il y a 8 ans"
"192","Tanger","Driss LABYAD","Manque d'équipements","il y a 8 ans"
"192","Tanger","Younes El Mellouki","Le réceptionniste de l'agence était incompétent. Il a falsifié un contrat de numéro de téléphone et l'a transféré illégalement à une autre personne.","il y a un an"
"192","Tanger","ABrãhäm Lîncöln","Travail : 0

Service client : 0 …","il y a 2 ans"
"192","Tanger","droid vpn","Un magnifique village historique ; le visiter procure un sentiment de paix.","il y a un an"
"192","Tanger","yucef baghouss","Service impeccable, bien mérité à Taourirt","il y a 4 ans"
"192","Tanger","HAMZA TOMAS","Mauvais service","il y a 11 mois"
"192","Tanger","Sof Yan","Service 0","il y a 2 ans"
"192","Tanger","Amine immobilier","Agence non professionnelle","il y a 6 ans"
"192","Tanger","Sehit Majda","normale","il y a 6 ans"
"192","Tanger","Hjhg Vgvg","👎👎👎👎 10:01 …","il y a 2 ans"
"192","Tanger","abdessamad labassi","Aucun texte","il y a 10 mois"
"192","Tanger","Nasreddine Oussaid","Aucun texte","il y a 3 ans"
"192","Tanger","Aoirir Mohamed","Aucun texte","il y a 5 ans"
"192","Tanger","Mohammed chriai","Aucun texte","il y a 6 ans"
"192","Tanger","Hajar Aqachtoul","Aucun texte","il y a 6 ans"
"192","Tanger","Miloud Tafrata","Aucun texte","il y a 6 ans"
"192","Tanger","khalid bencheikh","Aucun texte","il y a 7 ans"
"193","Tanger","Assia Moi","La boutique top parcontre le technicien abusé qui arrive sans donnez d heure si tes pas la tempis abusé la moindre des choses c et d appeler et dire j arrive entre telle et telle heures","il y a 6 mois"
"193","Tanger","youssef8173","Ne veulent pas donner le routeur pour l’offre wifi vacay sous prétexte que leur stock est faible.. alors même que le service client m’indique que c’est chez eux que je dois récupérer le matériel.. Bref personnel incompétent, essaie de vous …","Modifié il y a un an"
"193","Tanger","Amin Bendada","J'ai visité cette agence INWI pour bénéficier d'un abonnement et j ai trouver un très bon servie, ainsi je tien a remercié infiniment le chef d'agence de ça disponibilité!","il y a 7 ans"
"193","Tanger","Malika Zakraoui","C une agence à tetouan au centre de la ville, le service est long il n'y a qu'un seul agent pour servir les clients, il faut être très patient.","il y a 4 ans"
"193","Tanger","Said Rami","Un tres bon personnel et plus 1 bon service  merci bpc","il y a 7 ans"
"193","Tanger","Ben Karim","Le personnel est aimable et serviable.","il y a 3 ans"
"193","Tanger","Jesus Remedios Oliva","Personnel à l'écoute, très professionnel","il y a 4 ans"
"193","Tanger","Mohamed Ouazani","Accueil chaleureux et commercial très compétente","il y a 4 ans"
"193","Tanger","boulouah redouane","De gens très serviables","il y a 4 ans"
"193","Tanger","Mohammed Fetchat","Bon service","il y a 6 ans"
"193","Tanger","Agi Nvt","C'était bondé, une seule personne travaillait. Il y avait bien une autre dame, mais elle n'aidait personne, alors que 15 personnes attendaient et que d'autres arrivaient encore. Un comportement vraiment antisocial.","il y a un an"
"193","Tanger","Sarra Safhi","Service client déplorable : certains employés manquent de professionnalisme et de respect pour le temps des clients. …","il y a 2 ans"
"193","Tanger","Derek Giroulle","Les files d'attente deviennent interminables. C'est bien d'avoir du monde dans le magasin, mais si seulement une caisse sur trois est ouverte… …","il y a 3 ans"
"193","Tanger","Bilal Abdou","Le travailleur était gentil et son travail en expliquant bien les services mais pas un visage souriant","il y a 2 ans"
"193","Tanger","HamZa H","L'agent masculin est très arrogant dans sa façon de parler aux clients, et en plus, il est très lent !","il y a un an"
"193","Tanger","rachida addhmani","Il y a là-bas des gens qui travaillent à un certain niveau, et honnêtement, j'apprécie de traiter avec eux avec le plus grand respect et la plus grande reconnaissance.","il y a 4 ans"
"193","Tanger","mohamed elhaddad","Traitement de niveau","il y a 11 mois"
"193","Tanger","Youssef Zobair","Personnel sympathique et serviable","il y a 3 ans"
"193","Tanger","amin man","Aucun employé","il y a 10 mois"
"193","Tanger","Youssef El jaoujat","la pire agence de tous les temps","il y a 2 ans"
"193","Tanger","Aghattas Omar","Très agréable","il y a 7 ans"
"193","Tanger","Mohammed hamza","Aucun texte","il y a 6 ans"
"193","Tanger","Karim Elmanir","Salutations à frère Mahdi","il y a 6 ans"
"193","Tanger","Anass Lechhab","Service client médiocre","il y a 5 ans"
"193","Tanger","Jouanel","Correct","il y a 4 ans"
"193","Tanger","Rochdi anakar","👍 …","il y a 4 ans"
"193","Tanger","Mohamed El hajjouji","Meilleur traitement","il y a 4 ans"
"193","Tanger","A'b تنوعات","👍👍👍 …","il y a 6 ans"
"193","Tanger","محمد انوار الهوتة","traitement","il y a 5 ans"
"193","Tanger","Abou Ayoub","agence inwi.","il y a 6 ans"
"193","Tanger","José Vicente Cuevas Vicario","Aucun texte","il y a 3 semaines"
"193","Tanger","MuslimZr Abdellatif","Aucun texte","il y a un an"
"193","Tanger","Anas Emd","Aucun texte","il y a 2 ans"
"193","Tanger","Mohamed Yamani","Aucun texte","il y a 2 ans"
"193","Tanger","Hamza Buchi","Aucun texte","il y a 2 ans"
"193","Tanger","Mustapha Idrissi","Aucun texte","il y a 3 ans"
"193","Tanger","Mohamed Ahrouch","Aucun texte","il y a 3 ans"
"193","Tanger","Tarek Tarek","Aucun texte","il y a 3 ans"
"193","Tanger","Simohamed El Aydi","Aucun texte","il y a 4 ans"
"193","Tanger","Hello01 Everyone","Aucun texte","il y a 4 ans"
"193","Tanger","smail zriri","Aucun texte","il y a 4 ans"
"193","Tanger","Aya Abhou","Aucun texte","il y a 4 ans"
"193","Tanger","Bilal Reboun","Aucun texte","il y a 4 ans"
"193","Tanger","Aissa Reddam","Aucun texte","il y a 4 ans"
"193","Tanger","نور الحياة","Aucun texte","il y a 4 ans"
"193","Tanger","youssef seffar","Aucun texte","il y a 5 ans"
"193","Tanger","said aznag","Aucun texte","il y a 5 ans"
"193","Tanger","Nour Marima","Aucun texte","il y a 5 ans"
"193","Tanger","moutahhir mohamed","Aucun texte","il y a 6 ans"
"193","Tanger","Samira Amarjouf","Aucun texte","il y a 6 ans"
"193","Tanger","Hamza Byari","Aucun texte","il y a 6 ans"
"193","Tanger","Walid Gharbi","Aucun texte","il y a 6 ans"
"193","Tanger","Khalil Triate","Aucun texte","il y a 6 ans"
"193","Tanger","Fdpoi Hgfpo","Aucun texte","il y a 6 ans"
"193","Tanger","Mouhamed Tetouani","Aucun texte","il y a 6 ans"
"193","Tanger","Mohamed Jamal","Aucun texte","il y a 6 ans"
"193","Tanger","Adil El hannoudi","Aucun texte","il y a 6 ans"
"193","Tanger","Imane Jnbof","Aucun texte","il y a 6 ans"
"193","Tanger","Redouan travel","Aucun texte","il y a 6 ans"
"193","Tanger","Youssef walviss","Aucun texte","il y a 6 ans"
"193","Tanger","Asma Asma","Aucun texte","il y a 6 ans"
"193","Tanger","Imad Mrabet","Aucun texte","il y a 6 ans"
"193","Tanger","Elhadi CHAOUI","Aucun texte","il y a 6 ans"
"193","Tanger","Abdelaziz Majait","Aucun texte","il y a 6 ans"
"193","Tanger","Ohtmane Boumlilah","Aucun texte","il y a 6 ans"
"193","Tanger","aladdin charradi","Aucun texte","il y a 7 ans"
"193","Tanger","Ali Rhziyel","Aucun texte","il y a 7 ans"
"193","Tanger","Khaled Hale","Aucun texte","il y a 7 ans"
"193","Tanger","Mohammed Meski","Aucun texte","il y a 7 ans"
"193","Tanger","SOKEN (Yassine El Kasri)","Aucun texte","il y a 7 ans"
"193","Tanger","Imad Fikri","Aucun texte","il y a 8 ans"
"193","Tanger","Arnould Canivez","Aucun texte","il y a 8 ans"
"194","Tanger","RAED ASOFI","L'agence a besoin de maintenance","il y a 2 ans"
"194","Tanger","Brahim BARHOUMI","Ce lieu n'est pas bien situé. Il n'y a pas d'agence de ce type ici. Son véritable emplacement est à Boukhalf.","il y a un an"
"194","Tanger","Ayoub","Il n'y a rien à cet endroit","il y a un an"
"194","Tanger","Mohamed Hassani","Localisation de la panne","il y a 2 mois"
"194","Tanger","Dima Wac1937","rien","il y a un an"
"194","Tanger","Docteur TARIK MAHLOUTE","Aucun texte","il y a un an"
"195","Fès","abdelmoujib marrakchi","Je remercie infiniment le personnel de cette agence inwi pour leur travail precieux professionnel et bonne qualité
Sans leur aide le probleme fait par l'agence inwi saada n'aurait pas être resolu …","il y a un an"
"195","Fès","Fatiha Bajjou","Très déçu par l'accueil ce manque de professionnalisme ne donne pas envie de revenir","il y a 10 mois"
"195","Fès","Nordine MAAZOUZI","Bon service et conseil disponible","il y a 8 ans"
"195","Fès","AGRAR Walid","Nul inwi","il y a 2 ans"
"195","Fès","Chaïmae","Pas mal","il y a 6 ans"
"195","Fès","Amine BELHADY","Serviable","il y a 2 ans"
"195","Fès","Redouane Chraitab","Agence magnifique","il y a 7 ans"
"195","Fès","EL OMARI (EL OMARI)","Extraordinaire","il y a 2 ans"
"195","Fès","ABDELHAK EL BAKKALI","Je déconseille fortement cette agence, en particulier leur commercial.
Ils sont très présents au moment de la signature du contrat, mais une fois engagé, le service devient inexistant. …","il y a 4 semaines"
"195","Fès","Efren Rangel","Mise à jour : si vous voyagez, évitez les eSIM ou les cartes SIM d’Inwi, leur service est déplorable. J’ai demandé de l’aide et on m’a dit d’appeler le service client ; le service est vraiment mauvais, Orange est bien meilleur.","Modifié il y a un an"
"195","Fès","Yusuf Cihat Dağüstü","J'ai acheté une carte SIM et un forfait internet de 25 Go avec WhatsApp illimité ici jeudi. Je n'ai pas vérifié la connexion internet sur place, ma batterie était faible, et après être parti, je me suis rendu compte que je n'avais pas …","il y a 2 ans"
"195","Fès","Etienne Berne","Excellent","il y a 5 mois"
"195","Fès","Harry Cordon","Service excellent","il y a 5 mois"
"195","Fès","mehdi hakki","J'ai fait une demande de crédit auprès de cet organisme, mais je ne l'ai jamais reçu.","il y a 4 ans"
"195","Fès","Monsieur B","ils ont vendu une carte SIM censée être pour un mois de données. Elle n'a duré que 3 jours. et pour 100 dirhams. pas sympa.","il y a 7 ans"
"195","Fès","Zouhir Alouch","La pire entreprise de télécommunications du Maroc, merci.","il y a 2 ans"
"195","Fès","Ziyad Ziyad","Je ne le recommande pas. Ils ne reçoivent pas de clients, même s'ils sont ouverts.","il y a 5 ans"
"195","Fès","aman alaman","Très mauvais service","il y a 2 ans"
"195","Fès","أم العفاسي الصغير","Merci pour votre gentillesse.","il y a 4 ans"
"195","Fès","Abdoulaye FALL LAYE (“Abdoulaye FALL”)","Fes . Cheikh Ahmed Tidiane #fes #tidianie
#NIASS *NIASS*","il y a un an"
"195","Fès","Mohammed Elfani","Inwi est un peu bon","Modifié il y a 2 ans"
"195","Fès","Khalid garfour","C'est bon","il y a 3 ans"
"195","Fès","khalid Moufid","Gare centrale de Fès","il y a 6 ans"
"195","Fès","Hanane Amri","Inwi est une entreprise de télécommunications","il y a 4 ans"
"195","Fès","TAP top","Super","il y a 4 ans"
"195","Fès","Mly ismaail Boufhama","Merci","il y a 3 ans"
"195","Fès","Dounia Fethllah","Aucun texte","il y a un mois"
"195","Fès","Sté E.A.A EAA","Aucun texte","il y a un an"
"195","Fès","nadege Los","Aucun texte","il y a un an"
"195","Fès","chaimaa idrissi","Aucun texte","il y a 2 ans"
"195","Fès","ahmed lahraoui","Aucun texte","il y a 2 ans"
"195","Fès","Hafid Mohamed","Aucun texte","il y a 3 ans"
"195","Fès","Faiçal Hmamsi","Aucun texte","il y a 4 ans"
"195","Fès","adil dehbi","Aucun texte","il y a 4 ans"
"195","Fès","Hamza Senhaji","Aucun texte","il y a 5 ans"
"195","Fès","Hocine Benjellun","Aucun texte","il y a 5 ans"
"195","Fès","HASSAN Rgiugiu","Aucun texte","il y a 6 ans"
"195","Fès","Fouad Abdo","Aucun texte","il y a 8 ans"
"196","Fès","Amal amoula","Manque d'informations. Nul .ma ligne est occupée depuis longtemps ils n'ont pas pu intervenir","il y a 6 mois"
"196","Fès","Lamis Bb","Bonjour
Je me permets de mettre un avis défavorablee à cette agence suite à ma propre expérience. J’ai souscrit un abonnement box Idar Je me suis acquitté de 500dh , …","il y a un an"
"196","Fès","Om Hamza","J'avais un souci concernant le wifi et retard d'installation mais la fille qui s'appelle Ghita vraiment m'a aidé elle a appelé avec son tel et Il a fait son max merci beaucoup vraiment tu es professionnel","il y a un an"
"196","Fès","ben ben","Service déplorable ! La dame connait meme pas les offres  et se montre agacé par vos questions.","il y a 6 ans"
"196","Fès","jamal chafiq","Assez bon service ,éviter les heures de pointe surtout si vous êtes en voiture.","il y a 7 ans"
"196","Fès","Chaima Nabaha","J'ai mon téléphone intelligent Samsung Galaxy note pro et perso je suis en train de faire une photo","il y a 7 ans"
"196","Fès","Fouad Faddal","Des gens sympas, très accueillants et à l'écoute. Rien à reprocher","il y a 5 ans"
"196","Fès","Hamid Gennani","Plein de joie avec des bons services et réceptions des clients","il y a 8 ans"
"196","Fès","Said Ait lmoudden","Excellant service client vraiment rien a dire","il y a 8 ans"
"196","Fès","ALI Eagle","Service impecable","il y a 4 ans"
"196","Fès","abdesslam laydy","Fes","il y a 5 ans"
"196","Fès","Tijani Mohammed","Agence principale de Fes","il y a 7 ans"
"196","Fès","Salima Filali","Le pire service que j'aie reçu depuis un mois ! J'ai commandé le Wi-Fi, et à leur arrivée, ils ont prétendu l'avoir installé. Ça ne fonctionne toujours pas. J'ai essayé de les appeler, mais ils n'ont pas répondu. Je ne les recommande absolument pas ; ils vont vous rendre fou !","il y a 10 mois"
"196","Fès","said bakrimi","Service médiocre. La femme qui y travaille, en particulier, n'a jamais compris ce que signifie être un bon service.
J'ai eu un problème avec Internet, mais elle a été très sèche et a montré …","il y a 7 ans"
"196","Fès","Abderrahim Benameur","Votre travail est d'une précision remarquable, et vous vous caractérisez par un sens aigu des responsabilités et de l'engagement.","il y a un an"
"196","Fès","aman alaman","Leur service est déplorable et ils n'offrent aucune solution aux problèmes liés à leur réseau.","il y a 2 ans"
"196","Fès","Bendidi Mohamed Othmane","bien","il y a 8 mois"
"196","Fès","Mohamed Elmsyah","Momken anyakon jayed","il y a 2 ans"
"196","Fès","Simo Nouri","Haut","il y a 3 ans"
"196","Fès","djemaa aymen","bons services","il y a 3 ans"
"196","Fès","Mastour Abdrafie","Fès et tous les habitants de Fès","il y a 6 ans"
"196","Fès","H Bachtal","Service médiocre","il y a 8 ans"
"196","Fès","Zakaria Ouazzani Touhami","Le numéro appelé est faux","il y a un mois"
"196","Fès","Mohammed Elfani","Aucun texte","il y a 2 ans"
"196","Fès","ام لينة الفصالة والخياطة","Aucun texte","il y a 2 ans"
"196","Fès","fighter .Y.T","Aucun texte","il y a 3 ans"
"196","Fès","Monica Chiari","Aucun texte","il y a 3 ans"
"196","Fès","Bladen Bladen","Aucun texte","il y a 4 ans"
"196","Fès","tahiri amine","Aucun texte","il y a 4 ans"
"196","Fès","Youssef Essahbi","Aucun texte","il y a 4 ans"
"196","Fès","saad dafer","Aucun texte","il y a 4 ans"
"196","Fès","MOHAMED BEN LAHBIB","Aucun texte","il y a 4 ans"
"196","Fès","Abdelkader Abdellaoui","Aucun texte","il y a 4 ans"
"196","Fès","nachat hta chat","Aucun texte","il y a 5 ans"
"196","Fès","jear para normal","Aucun texte","il y a 5 ans"
"196","Fès","Dar al bahit","Aucun texte","il y a 5 ans"
"196","Fès","ghita Batmati","Aucun texte","il y a 5 ans"
"196","Fès","Abderrahime EL-KOUHLI","Aucun texte","il y a 5 ans"
"196","Fès","Youssef Benhmido","Aucun texte","il y a 6 ans"
"196","Fès","Marouane AOUIDATE","Aucun texte","il y a 6 ans"
"196","Fès","mohammed elmach","Aucun texte","il y a 6 ans"
"196","Fès","lamiyae idrissi","Aucun texte","il y a 6 ans"
"196","Fès","Anas Rabja","Aucun texte","il y a 6 ans"
"196","Fès","Amine Firdaoussi","Aucun texte","il y a 6 ans"
"196","Fès","Brahim Nakkar","Aucun texte","il y a 7 ans"
"196","Fès","Abdelah Miloudi","Aucun texte","il y a 7 ans"
"196","Fès","Mohammed El Abdi","Aucun texte","il y a 7 ans"
"196","Fès","AHMED FERDIOUI","Aucun texte","il y a 7 ans"
"196","Fès","CAP BOUJ","Aucun texte","il y a 7 ans"
"196","Fès","Canal 007","Aucun texte","il y a 7 ans"
"196","Fès","elrhorfi abdel","Aucun texte","il y a 8 ans"
"196","Fès","tarik laaroussi","Aucun texte","il y a 8 ans"
"197","Fès","Mohammed ali Bekhiche","Très déçu(e) par le service de cette agence. Longue attente, personnel peu réactif, et mon problème n’a toujours pas été résolu après plusieurs visites. J’espère une amélioration rapide.","il y a 11 mois"
"197","Fès","You Aj","Personnels ignorants et toxique, services long et inapproprié. Manque total de professionnalisme. Inwi risque de perdre ltrop de clients dans ce quartier","il y a 10 mois"
"197","Fès","Ahmed T.","Retard infini, professionnalisme à revoir","il y a un an"
"197","Fès","سناء البلغيتي","Service nul a ne pas visiter toujours  fermé. En fait la porte est ouverte mais le responsable n'existe pas c'est la 10 fois que je le trouve pas.","il y a 3 ans"
"197","Fès","Abderrahim Filali","Le responsable est accueillant et dynamique mais il lui faut de l aide exemple un 2eme collaborateur","il y a 3 ans"
"197","Fès","EL Madani BANOU","Beaucoup de monde en attente, système informatique en panne, qualité de service minable, agent commercial nerveux..... C'est comme ça toujours !!!!😠😠 …","il y a 6 ans"
"197","Fès","nabila zbiri","Conseiller très accueillant, serviable et compétant.","il y a un an"
"197","Fès","Joerandy Mbumba Luyindula","Très gentille l'agent. Explication et précis","il y a 5 ans"
"197","Fès","CHEICK Kone","Très bon service","il y a 2 ans"
"197","Fès","Outman Amazighi","bon comportement avec les clients!","il y a 7 ans"
"197","Fès","Amal amoula","Manque d'information","il y a 6 mois"
"197","Fès","Amrhil Youness","Le service est agréable","Modifié il y a 6 ans"
"197","Fès","Siham Idrissii","Le service est incroyable","il y a 3 ans"
"197","Fès","Stéphane K","Toujours les problèmes avec ce type là","il y a 3 ans"
"197","Fès","Mohamed Houssein Farah","Inwi pour tout et pour toujours haute qualité ..!!!❤️🤤 …","il y a 4 ans"
"197","Fès","Anouar RHAJDI","Très bien satisfait","il y a 6 ans"
"197","Fès","Moulay yousef kerroumi","Accueil chaleureux","il y a 6 ans"
"197","Fès","Mohamadou Abdoul Bagui","Service lent","il y a 5 ans"
"197","Fès","Tijani Mohammed","Agence cash plus","il y a 7 ans"
"197","Fès","mohamed alami","Le service est déplorable et le comportement de l'employée est encore pire. Je conseille aux clients d'Inwi de s'adresser à n'importe quelle autre agence. Le réseau d'Inwi est excellent ; mon problème concerne uniquement l'employée. Son comportement était inadmissible.","il y a un an"
"197","Fès","bilal tadlawi","L'employé de cette agence est aimable, excellent et très professionnel. Je recommande vivement cette agence réputée à toute personne ayant un problème à résoudre ou tout autre besoin. Merci infiniment pour ton aide ❤️","il y a 2 ans"
"197","Fès","Mimi Mimi","Service déplorable… traitement indigne… nous avons été contraints d’attendre plus d’une heure debout… retards dans le paiement des factures… vous payez, ils refusent la facture, prétextant une panne du système…","il y a 3 ans"
"197","Fès","East and West","Son emplacement est pratique... et l'employé est responsable... bon service.","il y a 7 ans"
"197","Fès","Fadoua Elmghari","Service médiocre 👎 …","il y a 11 mois"
"197","Fès","H A T I M ¿?","Bien","il y a un an"
"197","Fès","solayman abdaoui","Traiter au niveau","il y a 3 ans"
"197","Fès","omar elghouli","mauvais","il y a un an"
"197","Fès","jalal Mabrok","Inwi","il y a 7 ans"
"197","Fès","mohamed motea","Aucun texte","il y a un mois"
"197","Fès","tbatou nabil","Aucun texte","il y a 2 mois"
"197","Fès","Ahmad Kabbaj","Aucun texte","il y a 8 mois"
"197","Fès","Mourad Zekraoui","Aucun texte","il y a 9 mois"
"197","Fès","la cuisine jojo","Aucun texte","il y a 10 mois"
"197","Fès","y y","Aucun texte","il y a un an"
"197","Fès","Alaoui Mustapha","Aucun texte","il y a un an"
"197","Fès","le loup gamer","Aucun texte","il y a 2 ans"
"197","Fès","Mouad NABIH","Aucun texte","il y a 2 ans"
"197","Fès","Chakir Houssam","Aucun texte","il y a 2 ans"
"197","Fès","Houda El guedmioui","Aucun texte","il y a 3 ans"
"197","Fès","Elkarz Othman","Aucun texte","il y a 3 ans"
"197","Fès","Mohamed Aichouche","Aucun texte","il y a 3 ans"
"197","Fès","Noureddine Hadine","Aucun texte","il y a 3 ans"
"197","Fès","Azzouz Boukalla","Aucun texte","il y a 3 ans"
"197","Fès","El Mehdi","Aucun texte","il y a 3 ans"
"197","Fès","abdo Idrissi","Aucun texte","il y a 3 ans"
"197","Fès","BLACKFARABI","Aucun texte","il y a 3 ans"
"197","Fès","marks scorpion","Aucun texte","il y a 4 ans"
"197","Fès","Flouli Mohammed","Aucun texte","il y a 4 ans"
"197","Fès","Mohi br","Aucun texte","il y a 4 ans"
"197","Fès","Zakariae Malki","Aucun texte","il y a 4 ans"
"197","Fès","Karim decor Karim","Aucun texte","il y a 4 ans"
"197","Fès","Chancya Vanard","Aucun texte","il y a 5 ans"
"197","Fès","Yousra D","Aucun texte","il y a 5 ans"
"197","Fès","Sebti Mohammed","Aucun texte","il y a 5 ans"
"197","Fès","Ahmed Didi","Aucun texte","il y a 5 ans"
"197","Fès","mar mar","Aucun texte","il y a 5 ans"
"197","Fès","Imane Hassimi","Aucun texte","il y a 6 ans"
"197","Fès","wajih elboujnani","Aucun texte","il y a 6 ans"
"197","Fès","Rka 666","Aucun texte","il y a 6 ans"
"197","Fès","Souky oum jasmine","Aucun texte","il y a 6 ans"
"197","Fès","Abdel Salami","Aucun texte","il y a 6 ans"
"197","Fès","Siences pour Tous","Aucun texte","il y a 7 ans"
"197","Fès","الہٰملہٰكہٰ","Aucun texte","il y a 7 ans"
"197","Fès","Mohamed Oufkiri","Aucun texte","il y a 7 ans"
"197","Fès","Ami Sal","Aucun texte","il y a 7 ans"
"197","Fès","ali elhassnaoui","Aucun texte","il y a 7 ans"
"197","Fès","rachidsef","Aucun texte","il y a 7 ans"
"197","Fès","Saad Bouhayane","Aucun texte","il y a 8 ans"
"197","Fès","Redallah ElAllam","Aucun texte","il y a 8 ans"
"198","Fès","m c","Très bon service à la clientèle","il y a 10 mois"
"198","Fès","Zakaria Er-Rahmouny","Mauvaise service .","il y a 2 mois"
"198","Fès","noissini derras","Très professionnel","il y a 9 mois"
"198","Fès","Aba midou","très bon accueil","il y a 2 ans"
"198","Fès","mohammed senhaji","Service nul","il y a un an"
"198","Fès","zhor chergui bouhaja","Excellente","il y a 4 ans"
"198","Fès","Driss_Agoumi DR7","Excellent service","il y a 6 mois"
"198","Fès","vadi fes","Bien","il y a 3 ans"
"198","Fès","Oussama Dkhaissi","D'accord","il y a une semaine"
"198","Fès","Youness Kerroumi","Aucun texte","il y a 2 ans"
"198","Fès","Youssef Kandoussi","Aucun texte","il y a 2 ans"
"198","Fès","abdessamad el ouarti","Aucun texte","il y a 4 ans"
"198","Fès","Arouch 4Music","Aucun texte","il y a 4 ans"
"198","Fès","Photo Fes Medina Pro","Aucun texte","il y a 5 ans"
"198","Fès","hamza diouane","Aucun texte","il y a 6 ans"
"198","Fès","AHMED BASSIR","Aucun texte","il y a 6 ans"
"198","Fès","Lhaja Lfasi","Aucun texte","il y a 7 ans"
"199","Fès","SOFAP sarl FABRICATION CITERNES EN POLYESTER","Trop d'attente pour avoir seulement une réponse à une question.","il y a 2 mois"
"199","Fès","Hicham Mellouki","Le Pire service qui puisse exister… des arnaqueurs, impossible de résilier un contrat, on te trouves toute sorte d’excuses pour te faire payer un abonnement.
On te di Satisfait ou remboursé pendant 8 jours, je reviens le lendemain pour …","il y a un an"
"199","Fès","Reviewer007","Des fauteuils qui sont placés dans l'autre côté du magasin, ce qui fait que les gens restent debout. La pauvre dame qui travaille dans l'agence est la seule et je pense que c'est beaucoup de travail pour elle vu le nombre de clients.. Je pense qu'il faudra recruter plus d'employer car les gens restent beaucoup de temps.","Modifié il y a 2 ans"
"199","Fès","Ayman Sounni","temps d’attente trop long et pas assez d’employés, catastrophe !","il y a un an"
"199","Fès","EL HIMANI Abdelghani","Beaucoup d'attente : une seule personne pour servir les clients.","Modifié il y a 2 ans"
"199","Fès","Chakib Zemmouri","Bon service avec un personnel agréable je recommande","il y a 3 ans"
"199","Fès","El Mostafa Zeggauoi","Une bon agence pour payer vos factures, et faire vos transactions, abonnements, resiliations de contras, bonne service","il y a 6 ans"
"199","Fès","nezha el meknassi","Des gents simpa bon sercice","il y a 5 ans"
"199","Fès","ABDERRAZZAK ELANSSARI","Meilleur service avec kader et hicham","Modifié il y a 7 ans"
"199","Fès","Celia Zar","Service médiocre","il y a 11 mois"
"199","Fès","Hamza Moumen","La dame est perdue. Pas pro","il y a 6 ans"
"199","Fès","Mohamed alaoui chrifi","Une grande agence parfait","il y a 7 ans"
"199","Fès","hamid oukessou","bon service","il y a un an"
"199","Fès","Sazil Didra","Très mauvais service","il y a 4 ans"
"199","Fès","Ahmed Akafou","Au top. service à l'européenne.","il y a 4 ans"
"199","Fès","Omar Elmahdaoui","Un bon SAV","il y a 4 ans"
"199","Fès","Saber Sbihi","Service d'expertise","il y a 6 ans"
"199","Fès","MIRDASS Fatima","Mauvais accueil","il y a 5 ans"
"199","Fès","Abderrahim Kamal","Peu professionnel","il y a 5 ans"
"199","Fès","anasse belghiti alaoui","Service impeccable","il y a 7 ans"
"199","Fès","lahsen akk","Bon","il y a 7 ans"
"199","Fès","Amina Bouzkraoui","Bien","il y a 6 ans"
"199","Fès","jaouhar hamza","Service nulle","il y a 5 ans"
"199","Fès","Fatima Rami","Des voleurs","il y a 6 ans"
"199","Fès","Abdallah Dafal","Aujourd'hui, 10 février 2026, le service est très mauvais.","il y a 2 mois"
"199","Fès","reda rhora","Li b5a yday3 chi 2h yji lhna","il y a 2 mois"
"199","Fès","abdelaziz benomar","Excellent traitement","il y a 5 mois"
"199","Fès","Mohsin Ahmed","N'ouvre jamais à l'heure. N'indiquez pas 9h30 si vous n'avez pas l'intention d'ouvrir à cette heure-là. Souvent, il n'y a qu'une seule personne pour le personnel. Longues files d'attente.","il y a 2 ans"
"199","Fès","Hans G. Beck","Beaucoup de clients, trop peu d'agents (sympathiques, certes !), et aucun endroit où s'asseoir pour patienter. De toute façon, la file d'attente n'est pas clairement délimitée.","il y a 2 ans"
"199","Fès","Y M","La responsable était très serviable.","il y a 2 ans"
"199","Fès","ABDENBI SAYAH","L'encadrement et le travail acharné sont des facteurs fantastiques qui méritent d'être encouragés.","il y a 3 ans"
"199","Fès","mm jj","mauvais service","il y a 2 ans"
"199","Fès","issam lharwi","Le saut est toujours lourd","il y a 3 ans"
"199","Fès","Penouel Ntumba","Amusant","il y a 3 ans"
"199","Fès","Salim Benjelloun","Faible","il y a 6 ans"
"199","Fès","Driss kharchafi","Une très mauvaise expérience","il y a 2 semaines"
"199","Fès","Youssef Es-sébbar","Bon traitement","il y a 3 semaines"
"199","Fès","Med reda haoua","Aucun texte","il y a 2 mois"
"199","Fès","jaouad ben malek","Aucun texte","il y a 3 mois"
"199","Fès","Simo Nouri","Aucun texte","il y a 6 mois"
"199","Fès","mouad bennor","Aucun texte","il y a 7 mois"
"199","Fès","Mohcine REJDAD","Aucun texte","il y a un an"
"199","Fès","mohammed senhaji","Aucun texte","il y a un an"
"199","Fès","soufiane azami","Aucun texte","il y a un an"
"199","Fès","Imane Ch","Aucun texte","il y a un an"
"199","Fès","Hayaty Ty","Aucun texte","il y a un an"
"199","Fès","Abderrahmane Kella Bennani","Aucun texte","Modifié il y a un an"
"199","Fès","Mehdi FAKIR","Aucun texte","il y a un an"
"199","Fès","Khalid RIDA","Aucun texte","il y a un an"
"199","Fès","statut whatapps 2020","Aucun texte","il y a un an"
"199","Fès","S M.B","Aucun texte","il y a 2 ans"
"199","Fès","ARROW F.F","Aucun texte","il y a 2 ans"
"199","Fès","Amine El-bouanani","Aucun texte","il y a 2 ans"
"199","Fès","Simo Belghali","Aucun texte","il y a 2 ans"
"199","Fès","omar elhassouni","Aucun texte","il y a 3 ans"
"199","Fès","Fnch H'cc","Aucun texte","il y a 3 ans"
"199","Fès","Amine Charifi","Aucun texte","il y a 4 ans"
"199","Fès","bahij sanae","Aucun texte","il y a 4 ans"
"199","Fès","Amane Elkannari","Aucun texte","il y a 4 ans"
"199","Fès","Khalid Slik","Aucun texte","il y a 4 ans"
"199","Fès","عاشقة الورد","Aucun texte","il y a 4 ans"
"199","Fès","Rachid Zaimi","Aucun texte","il y a 4 ans"
"199","Fès","Ayan ayan","Aucun texte","il y a 4 ans"
"199","Fès","Mhammed Mouhcine GUESSOUS","Aucun texte","il y a 4 ans"
"199","Fès","فاسي مغربي","Aucun texte","il y a 5 ans"
"199","Fès","My Life","Aucun texte","il y a 5 ans"
"199","Fès","Nawal Benoua","Aucun texte","il y a 5 ans"
"199","Fès","Mehdi choujaa","Aucun texte","il y a 5 ans"
"199","Fès","Soufiane Zahir","Aucun texte","il y a 5 ans"
"199","Fès","Mehdi 445","Aucun texte","il y a 5 ans"
"199","Fès","el allali abderrahim","Aucun texte","il y a 6 ans"
"199","Fès","Souheila Kri","Aucun texte","il y a 6 ans"
"199","Fès","Mohammed El Azhari","Aucun texte","il y a 6 ans"
"199","Fès","Mobile Teste","Aucun texte","il y a 6 ans"
"199","Fès","elabbadi saad","Aucun texte","il y a 6 ans"
"199","Fès","Med DAYI","Aucun texte","il y a 6 ans"
"199","Fès","Mohammed Elyoussi","Aucun texte","il y a 6 ans"
"199","Fès","TAIB MOHAMMED","Aucun texte","il y a 6 ans"
"199","Fès","hicham MORADE","Aucun texte","il y a 7 ans"
"199","Fès","Meryem Bouras","Aucun texte","il y a 7 ans"
"199","Fès","Outhmane Ouazzani","Aucun texte","il y a 8 ans"
"199","Fès","Mohamed Elansari","Aucun texte","il y a 8 ans"
"200","Fès","BENZAKOUR","J'avais besoin de payer ma facture alors chaque fois que je m'adresse à l'agence je trouve toujours de la queue et que la personne qui traite le paiement ou bien n'importe quel service prend 5 minutes à 6 minutes pour régler avec le client et ça fait plus qu'une semaine que je fais le va et vient sans paiement de facture","il y a 2 ans"
"200","Fès","Slawi","J'avais une abonnement adsl fix, lorsque j'ai demandé de résilier le contrat, ils m'ont surpris q je dois attendre 1 mois pour que le contrat soit résilier !!!??? Et le pire je dois payer ce mois !!!!!!????? Arnaqueur","il y a un an"
"200","Fès","redouane saidi","Mauvaise organisation pour obtenir un remboursement et au final attendre 3 mois !!!
Une des conseillères sur place est méprisante, elle a insulté un autre client de …","il y a 2 ans"
"200","Fès","mohammed senhaji","Service médiocre... Manque de professionnalisme","il y a 10 mois"
"200","Fès","Smail","Je vous déconseille fortement cette agence qui a 1ere vue semble de qualité hors jai été reçu par une conseillère : sanaa mzegoui ( nom retenu de tête) qui s'est montrée très hautaine incompétente et sans réelle envie de conseiller ou …","il y a 4 ans"
"200","Fès","El Mostafa Zeggauoi","Bon endroit, bon service, les gens sont vraiment serviable","Modifié il y a 6 ans"
"200","Fès","Charifa Gaouz","Très mauvaise expérience, service après vente inexistante, sauf si vous allez acheter, ou bien payer
Comme des toiles d'araignée","il y a 2 ans"
"200","Fès","H F","mauvaise organisation /
Un agent  de sécurité qui privilégie comme il veut le passage en caisse pour paiement 😳 …","il y a 2 ans"
"200","Fès","driss erghouni","Une des pires agences qui existe au monde
Je vous conseille d'aller à maroc telecom.
Elle a un réseau comparable avec celui de free, sans les avantages de location de mobile de free .","il y a 7 ans"
"200","Fès","Naj Abdel","service déplorable. Ils répondent pas aux appels des clients. Le personnel est agressif.","il y a un an"
"200","Fès","Hakim Hicham","Le fille dans l'accueil est très gentille, elle explique très bien les choses et vous donne toutes les informations nécessaires..merci
Je parle de l'agence et non pas de l'opérateur 😉 …","il y a 5 ans"
"200","Fès","zakaria","Mauvais accueil personnelle qui est tres long c est vraiment.pas professionnel je vous déconseille","il y a 4 ans"
"200","Fès","AGRI BIO","Très mauvaise , un 'système  informatique ' fou, aucun respect du temps du client,  bcp d'attente !!!","il y a 3 ans"
"200","Fès","karim reda-fathmi","Bons conseils, bonnes explications des produits et des frais engagés. Personnel accueillant.","il y a 3 ans"
"200","Fès","Mourad Hamdadi","Vraiment une bonne service. Inwi reste pour moi le leader. Merci inwi","il y a 4 ans"
"200","Fès","m c","Pas mal","il y a 10 mois"
"200","Fès","Thierry Ocula","Bof... pas terrible. Accueil minimum.","il y a 4 ans"
"200","Fès","Mourad ZBAIRI","Accueil très chaleureux. Merci à vous tous.","il y a 3 ans"
"200","Fès","Mehdi Benzekri","Tres mauvaise expérience a évité","il y a 2 ans"
"200","Fès","Amine Bekkali","Le service dégueulasse","il y a 10 mois"
"200","Fès","Driss Idrissi Yadini","Les prix imposés par ces agences sont exorbitants","il y a 4 ans"
"200","Fès","Youness Hmidani","Je suis un nouveau client d'elle","il y a 4 ans"
"200","Fès","mounir elotmani","Tres bon service","il y a 4 ans"
"200","Fès","siham Bl","Très MOVAISE ACCUEIL","il y a 8 ans"
"200","Fès","Mohammed Andaloussi","Bon service","il y a 4 ans"
"200","Fès","adam nox","Satisfait de l'accueil","il y a 4 ans"
"200","Fès","ALI Eagle","Agence inwi","il y a 4 ans"
"200","Fès","mhamed elalami","Le téléphone ne répond jamais
Services médiocres.
Accueil infernal","il y a un mois"
"200","Fès","Mohammed TALHAOUI","Service extrêmement lent 👎🏼👎🏼

Beaucoup de clients à l'intérieur (15/17) et seulement deux agents du service …","il y a un mois"
"200","Fès","Omar Fakraoui","Après deux ans de galère avec l'internet ADSL, nous payons nos factures à temps sans aucune tolérance, malgré une connexion réduite à quelques heures par jour à cause des coupures fréquentes et des problèmes techniques. …","il y a 8 mois"
"200","Fès","예정Jin","Le personnel était très aimable et la connexion internet a été activée sans problème. On m'a dit que les données seraient opérationnelles dans 5 minutes, alors j'ai attendu dans le magasin pour vérifier que tout fonctionnait correctement avant de partir.","il y a 2 ans"
"200","Fès","Minoushka","Le service est déplorable. J'ai appelé et on m'a fait attendre 33 minutes. J'ai même fait une capture d'écran de l'appel pour déposer une réclamation, car j'ai payé il y a quatre jours et ma connexion internet n'est toujours pas rétablie. …","il y a un an"
"200","Fès","Simo","Service client épouvantable. L'internet Inwi est quasiment inactif. Il est en panne la plupart du temps. En plus, ils vous font tourner en rond et, zut, quand vous êtes enfin prêt à accepter n'importe quel service, on vous dit qu'ils n'ont …","il y a un an"
"200","Fès","Mina Cruz","Le problème concerne l'ensemble de l'agence Inwi, et pas seulement les utilisateurs. C'est au responsable chez Inwi de trouver une solution à ce problème de connexion.","il y a un an"
"200","Fès","Marilo Ramos","Ils nous ont reçus à merveille.

Nous avons acheté une carte SIM data uniquement à 5 € avec 5 Go de données… mais …","il y a 7 ans"
"200","Fès","Hicham Benlamine","La gentillesse et la patience dont la réceptionniste a fait preuve à notre égard témoignent de sa compétence et de sa bonne moralité.","il y a 2 ans"
"200","Fès","Random Person","C'est bien, mais vous allez attendre BEAUCOUP, beaucoup, et le service n'est pas très bon, comme si je parlais avec un employé d'Inwi et il était au téléphone en train de rire, me parlant à peine.","il y a 2 ans"
"200","Fès","driss erghouni","llh yakhoud fihoum 7e9
agence akfasse cheftha fe 7yati
maki3rfouch t3amlo m3a kliane …","il y a 7 ans"
"200","Fès","Hicham Elalami","Si vous parvenez à joindre cette agence, sachez que Dieu vous aime, car lorsque Dieu aime un serviteur, il le met à l'épreuve.","il y a 2 ans"
"200","Fès","Mohammed Elhaid","Service dlwiil yeee3","il y a 8 mois"
"200","Fès","عزيز لشهب","Le numéro de téléphone est purement fictif.

J'ai appelé à plusieurs reprises, mais personne n'a répondu.","il y a 2 ans"
"200","Fès","BOUAOUINATE ZAKARIA","Inwi Agency, le meilleur réseau mobile du Maroc","il y a 2 ans"
"200","Fès","East and West","Emplacement idéal près de la mosquée de Tunis.","il y a 7 ans"
"200","Fès","aman alaman","Service et traitement très médiocres","il y a 2 ans"
"200","Fès","Mehdi Chkif","Merveilleux","il y a 8 mois"
"200","Fès","younes moukhafi","mauvais traitement","il y a un an"
"200","Fès","abdelbari El mojahid","Bonne agence à Inwi","il y a 3 ans"
"200","Fès","Ahmed Habaly","Service très médiocre","Modifié il y a 3 ans"
"200","Fès","Driss Benomar","Une agence affiliée à Inwi","il y a 5 ans"
"200","Fès","Ls Zahi","Toujours bondé de clients","il y a 8 ans"
"200","Fès","vadi fes","D'accord","il y a 3 ans"
"200","Fès","Ratiba klik","bien","il y a 3 ans"
"200","Fès","Outman Amazighi","bon service","il y a 5 ans"
"200","Fès","Mohamed Hourri","👎👎👎 …","il y a 4 ans"
"200","Fès","REDA FAGROUCHE","Service Nule","il y a 2 semaines"
"200","Fès","zakaria yamlahi","Aucun texte","il y a un mois"
"200","Fès","SOFAP sarl FABRICATION CITERNES EN POLYESTER","Aucun texte","il y a 2 mois"
"200","Fès","Mohammed Ennamli","Aucun texte","il y a 3 mois"
"200","Fès","Siom Khay","Aucun texte","il y a 4 mois"
"200","Fès","Mohammad Sharif","Aucun texte","il y a 7 mois"
"200","Fès","Bendidi Mohamed Othmane","Aucun texte","il y a 8 mois"
"200","Fès","Ahrim Karim","Aucun texte","il y a un an"
"200","Fès","Hamza","Aucun texte","il y a un an"
"200","Fès","Karim Bennani","Aucun texte","il y a un an"
"200","Fès","Mahdi Lamrini","Aucun texte","il y a 2 ans"
"200","Fès","Hamza massira","Aucun texte","il y a 2 ans"
"200","Fès","said abdellaoui","Aucun texte","il y a 3 ans"
"200","Fès","ALLAL CASA","Aucun texte","il y a 3 ans"
"200","Fès","Omar Tazi","Aucun texte","il y a 3 ans"
"200","Fès","Saâd Daoudi","Aucun texte","il y a 4 ans"
"200","Fès","Amine Benjeddi","Aucun texte","il y a 4 ans"
"200","Fès","Issam raddach","Aucun texte","il y a 4 ans"
"200","Fès","Said Nizar Zaouel","Aucun texte","il y a 4 ans"
"200","Fès","El Kssiri Othman","Aucun texte","il y a 4 ans"
"200","Fès","MOUAD EL MOUFAKKIR","Aucun texte","il y a 4 ans"
"200","Fès","Oulfat Hafidi","Aucun texte","il y a 4 ans"
"200","Fès","Hassnae Faiz","Aucun texte","il y a 4 ans"
"200","Fès","Karlie Rhojeanne","Aucun texte","il y a 4 ans"
"200","Fès","Abdessamad El Hadrouri","Aucun texte","il y a 4 ans"
"200","Fès","Zineb Laftouty","Aucun texte","il y a 4 ans"
"200","Fès","ضحك وفجي وملها الله Dahik","Aucun texte","il y a 4 ans"
"200","Fès","rachid elatllati","Aucun texte","il y a 4 ans"
"200","Fès","moumen moumen","Aucun texte","il y a 5 ans"
"200","Fès","Halime Ayoub","Aucun texte","il y a 5 ans"
"200","Fès","Younes Benarbi","Aucun texte","il y a 5 ans"
"200","Fès","Ouazzani Saad","Aucun texte","il y a 5 ans"
"200","Fès","Kone Abraham","Aucun texte","il y a 6 ans"
"200","Fès","Mr. Black","Aucun texte","Modifié il y a 6 ans"
"200","Fès","Mohammed Qorchi","Aucun texte","il y a 6 ans"
"200","Fès","Ninaba Oui","Aucun texte","il y a 7 ans"
"200","Fès","Benaissa Elyoumni","Aucun texte","il y a 7 ans"
"200","Fès","عصام الفاسي","Aucun texte","il y a 7 ans"
"200","Fès","Taha Alami","Aucun texte","il y a 7 ans"
"200","Fès","Brahim Baba","Aucun texte","il y a 8 ans"
"200","Fès","Mohammed Mohammed","Aucun texte","il y a 9 ans"
"200","Fès","Lautfi AIT EL HADJ","Aucun texte","il y a 9 ans"
"200","Fès","chmichi chmicha","Aucun texte","il y a 9 ans"
"201","Fès","Mohamed Slaoui","J'ai jamais vu une agence de Télécom sans numéro de téléphone pour le rejoindre","il y a un an"
"201","Fès","Hoffnung Kompetenzzentrum","Aucun texte","il y a 2 jours"
"201","Fès","Zakaria Ouazzani Touhami","Cet appel est faux","il y a un mois"
"201","Fès","Bīłò Ķĭņġ","Aucun texte","il y a 3 mois"
"201","Fès","Wassim Harmouchi","Aucun texte","il y a 8 mois"
"202","Fès","rokya elatyani","L'endroit n'est pas organisé alors que le quartier semble moderne et contemporain.","il y a 2 ans"
"202","Fès","smiri said","Bien pour vous connection","il y a 5 ans"
"202","Fès","CELATEC","Un bon service. Une bonne équipe","il y a 7 ans"
"202","Fès","RACHID AAMRANI","Une équipe professionnelle","il y a 3 ans"
"202","Fès","Btissam Jebari","Le service est inexistant, ils vous donneront un laissez-passer de qualité inférieure aux normes.","il y a 3 mois"
"202","Fès","SAAD EL ANSARI","J'ai été très déçu par inwi. Au début, je pensais que c'était une bonne chose de soutenir une entreprise marocaine, mais malheureusement, c'était pire. Leur service était vraiment mauvais, les gens qui y travaillaient étaient incompétents …","il y a un an"
"202","Fès","fatima zouhra","Que Dieu se venge de toi, sale servante, tu as des Flagons qui vendent des vêtements rue Rotorat. Fais attention à elle. J'ai des lames. Que Dieu se venge d'elle.","il y a un an"
"202","Fès","bilal tadlawi","Mauvais service, si vous avez un problème, ne venez pas ici, ils vous enverront dans une autre agence pour éviter de faire leur travail, comment puis-je donner moins d'une étoile 😏 …","il y a 2 ans"
"202","Fès","Scott Haynes","Très aimable et professionnel, toujours serviable.","il y a 5 ans"
"202","Fès","Synchhf7","L'endroit est plutôt sale.","il y a un an"
"202","Fès","Bamba","Bien","il y a 5 ans"
"202","Fès","rachida adamylina","Aucun texte","il y a 3 mois"
"202","Fès","Rachid Lamchachti","Aucun texte","il y a 6 mois"
"202","Fès","rachid bouayad","Aucun texte","il y a un an"
"202","Fès","Said Bouaz","Aucun texte","il y a un an"
"202","Fès","Said سعيد","Aucun texte","il y a 3 ans"
"202","Fès","ismail Yazami","Aucun texte","il y a 3 ans"
"202","Fès","Mohamed Ilyasse AMRANI","Aucun texte","il y a 3 ans"
"202","Fès","CENTRE EL YAKADA","Aucun texte","il y a 3 ans"
"202","Fès","Hamza Stouta","Aucun texte","il y a 3 ans"
"202","Fès","Cyber Atlas","Aucun texte","il y a 4 ans"
"202","Fès","Ouanna Mohamed","Aucun texte","il y a 5 ans"
"202","Fès","Renaud Ahouansou","Aucun texte","il y a 5 ans"
"202","Fès","yousri Chtioui","Aucun texte","il y a 5 ans"
"202","Fès","Mono Saleh","Aucun texte","il y a 5 ans"
"202","Fès","Achraf Bbk","Aucun texte","il y a 5 ans"
"202","Fès","Souad Semlali","Aucun texte","il y a 6 ans"
"202","Fès","NidhalT","Aucun texte","il y a 6 ans"
"202","Fès","mimo simo","Aucun texte","il y a 7 ans"
"202","Fès","ZAKI GAMA","Aucun texte","il y a 8 ans"
"202","Fès","محمد محمد","Aucun texte","il y a 8 ans"
"202","Fès","Abdelaaziz SISTI","Aucun texte","il y a 8 ans"
"203","Fès","jennifer benayada","Personnel très sympa et accueillant","il y a 2 ans"
"203","Fès","Salma Akhatar","Mauvais service zeeero","il y a 2 ans"
"203","Fès","Mouad Ennahli","Très mauvais service.","il y a 4 ans"
"203","Fès","Taib Karrim","La responsable est pas correct","il y a 6 ans"
"203","Fès","Sima Mazi","la femme gentille.  serviable","il y a 7 ans"
"203","Fès","Abderrahmane Kella Bennani","Service correcte","il y a un an"
"203","Fès","ASMAE MASAOUDI","Bien accueilli","il y a 7 ans"
"203","Fès","Driss OUSLIMANE","Service médiocre","il y a 3 ans"
"203","Fès","ASMAE MASAOUDI","Super","il y a 5 ans"
"203","Fès","YOUSSEF ELABBASSI","Service déplorable… Nettoyer le sol pendant que les clients attendent leur tour et passent leur chemin… C’est une blague !","il y a 2 ans"
"203","Fès","Simohmmed Baligh","Mauvais service Zerooo
Ils ne répondent pas au téléphone. Je ne sais pas pourquoi ils ont appelé ce numéro. Ils ne répondent pas.","il y a un an"
"203","Fès","Hamid Boussouf","Négociez au niveau requis","il y a 8 mois"
"203","Fès","Ahmed Sebti","Les employés sont très gentils et souriants. Merci.","il y a 3 ans"
"203","Fès","Amine Ezzahir","Plutôt bien","il y a 4 ans"
"203","Fès","Ahmed Elnaciri","Chokran","il y a 8 ans"
"203","Fès","Youssef EL YAAKOUBI","Aucun texte","il y a 3 mois"
"203","Fès","Adam Okbani","Aucun texte","il y a 3 mois"
"203","Fès","Olivia Leo","Aucun texte","il y a un an"
"203","Fès","Said TLIJI","Aucun texte","il y a un an"
"203","Fès","Jaouad Hammani","Aucun texte","Modifié il y a un an"
"203","Fès","Ahmed Benamier","Aucun texte","il y a un an"
"203","Fès","youness el azhari","Aucun texte","il y a 2 ans"
"203","Fès","Yassine Akhchab","Aucun texte","il y a 2 ans"
"203","Fès","KHALID HADDAN","Aucun texte","il y a 2 ans"
"203","Fès","Jamal Hramou","Aucun texte","il y a 3 ans"
"203","Fès","Dr Knock","Aucun texte","il y a 3 ans"
"203","Fès","Hajar Elyahmidi","Aucun texte","il y a 3 ans"
"203","Fès","ANDALOUSSI OumKaltoum","Aucun texte","il y a 3 ans"
"203","Fès","Jamil azougarh","Aucun texte","il y a 4 ans"
"203","Fès","baby toys khawla","Aucun texte","il y a 4 ans"
"203","Fès","Saida Jadbal","Aucun texte","il y a 4 ans"
"203","Fès","MAROUAN LAMOUADAN","Aucun texte","il y a 4 ans"
"203","Fès","Abdelaziz EL MANSOURI","Aucun texte","il y a 4 ans"
"203","Fès","Rachid Hoha","Aucun texte","il y a 4 ans"
"203","Fès","Hafid M","Aucun texte","il y a 5 ans"
"203","Fès","Hamza Abbadi","Aucun texte","il y a 5 ans"
"203","Fès","Soufiane Isam","Aucun texte","il y a 5 ans"
"203","Fès","Abdel Mro","Aucun texte","il y a 5 ans"
"203","Fès","Driss Benabdillah","Aucun texte","il y a 6 ans"
"203","Fès","anass mahrah","Aucun texte","il y a 6 ans"
"203","Fès","Atif Nabil","Aucun texte","Modifié il y a 6 ans"
"203","Fès","Sada Muhammad Gidado","Aucun texte","il y a 6 ans"
"203","Fès","Oumou SY","Aucun texte","il y a 7 ans"
"203","Fès","salah chaker","Aucun texte","il y a 7 ans"
"203","Fès","Mohammed Hamdioui","Aucun texte","il y a 7 ans"
"203","Fès","Loubna ED-DAHMOUNY","Aucun texte","il y a 7 ans"
"203","Fès","EL KASRI Zakaria","Aucun texte","il y a 7 ans"
"203","Fès","East and West","Aucun texte","il y a 7 ans"
"203","Fès","Ahlam Ettaouil","Aucun texte","il y a 7 ans"
"203","Fès","Youssef Bidouani","Aucun texte","il y a 7 ans"
"203","Fès","manal LMRABET","Aucun texte","il y a 7 ans"
"203","Fès","Rachid Laghouaji","Aucun texte","il y a 7 ans"
"203","Fès","Belmekki Tarek","Aucun texte","il y a 7 ans"
"204","Fès","MERYEM B","A fuir si je pouvais leur donner un 0 je n’hésiterai pas Inwi la pire de toutes les agences Telecom au Maroc ma mère de 72ans a Fès subit l'une des plus compliqué expérience chez l'agence Inwi la Meryem à Fès pour une simple résiliation …","il y a 2 ans"
"204","Fès","driss erghouni","La plus pire des agences qui existe au monde,  que des voleurs.","il y a 7 ans"
"204","Fès","Mohammed Fares","Des conseiller jeunes a l écoute et serviable","il y a 6 ans"
"204","Fès","Hatim Bakari","C'est une belle agence","il y a 7 ans"
"204","Fès","TAOUFIK EL-HASSOUNI","9riba wbon services","il y a 6 ans"
"204","Fès","Mohammed Naoufal Ghamri","Toujours plein","il y a 6 ans"
"204","Fès","Djamel ben","Catastrophe","il y a 6 ans"
"204","Fès","Selma Mikdam","Je suis passé à 16h ; il n’y avait personne en magasin et personne ne répondait. C’est vraiment frustrant, car on perd des clients comme ça ; on aimerait prendre un abonnement.","il y a 2 ans"
"204","Fès","Mohammed Elfani","L'agence Inwi à Fès est bien, mais le réseau internet est très faible en dehors de la ville.","Modifié il y a 2 ans"
"204","Fès","Badr Dulieu Alaoui","C'est ici que vous allez avec vos amis pour prendre une tasse de café et quelque chose à manger","il y a 6 ans"
"204","Fès","Mastour Abdrafie","Très beau","il y a 7 ans"
"204","Fès","mohammed mhaji","Parfait.","il y a 7 ans"
"204","Fès","Ali Hassani","Leurs services sont nuls.","il y a 6 ans"
"204","Fès","Raja Boussetta","D'accord","il y a 6 ans"
"204","Fès","Mame Marième CISSE","Aucun texte","il y a un an"
"204","Fès","Samira Saguya","Aucun texte","il y a un an"
"204","Fès","Ahmed Aalchhab","Aucun texte","il y a 2 ans"
"204","Fès","Youssef Mahiaoui","Aucun texte","il y a 2 ans"
"204","Fès","Jokh Mohcine","Aucun texte","il y a 4 ans"
"204","Fès","youness khifr","Aucun texte","il y a 6 ans"
"204","Fès","Ayoub Dkhissi","Aucun texte","il y a 6 ans"
"204","Fès","Aziza Bachari","Aucun texte","il y a 6 ans"
"204","Fès","Hamza Sabrari","Aucun texte","il y a 6 ans"
"204","Fès","hicham Dp.Meknes","Aucun texte","il y a 6 ans"
"204","Fès","Akita matika","Aucun texte","il y a 6 ans"
"204","Fès","Driss Bousfiha (“Sanji”)","Aucun texte","il y a 7 ans"
"204","Fès","Ayoub Nachit","Aucun texte","il y a 7 ans"
"204","Fès","NOR DIN","Aucun texte","il y a 7 ans"
"204","Fès","Nour-Eddine Harri","Aucun texte","il y a 7 ans"
"204","Fès","ZAKARYAE LOULIDI","Aucun texte","il y a 7 ans"
"204","Fès","Elalami Yassin","Aucun texte","il y a 7 ans"
"204","Fès","Rachid EL HMAMOUCHI","Aucun texte","il y a 7 ans"
"204","Fès","BOUSSIB Abdelali","Aucun texte","il y a 8 ans"
"205","Fès","Negro Negro","Service nulle, siyed Li f réception katlb mno informations fhali kats3ah.. b dak mal traitement mchit drt contrat m3a autre opérateur 👎👎👎 …","il y a un an"
"205","Fès","Saad Rida","Très mauvais service","il y a 2 mois"
"205","Fès","Aboly : échiquier sans Roi. Said","Maroc ville de Fes
Agence Inwi Oued Fes : spécialisée dans les télécommunications.
Désigne : style moderne, espace très limité. …","il y a 7 ans"
"205","Fès","Driss BENABDELLAH RHADDI","Grand chapeau au serviteur Omar ...un très bon service .","il y a 6 ans"
"205","Fès","Kaoutar Elyaagoubi","Personnelle gentil et serviable","il y a 7 ans"
"205","Fès","Belrhmi Neureddine","Parce que le plus beau de quartier","il y a 7 ans"
"205","Fès","Mohammed Naoufal Ghamri","Service zéro désolé","il y a 6 ans"
"205","Fès","mohammed zerhouni","Coul","il y a 7 ans"
"205","Fès","aman alaman","Service déplorable, aucun support client et aucune solution aux problèmes liés à leur réseau très médiocre.","il y a 2 ans"
"205","Fès","zizoo zizoo","Mécontent","il y a 8 mois"
"205","Fès","Tihri Mhammed","Aucun texte","il y a 7 ans"
"205","Fès","ouassen reda","Service Télécom","il y a un an"
"205","Fès","HamZa Malali","Service 3iyaaaaaaan","il y a 2 ans"
"205","Fès","Driss Mas","sava","il y a 7 ans"
"205","Fès","Kharbache Younes","👍👍👌 …","Modifié il y a 3 ans"
"205","Fès","SOUHAIB AITMOH","Bien","il y a 7 ans"
"205","Fès","Mouta","Aucun texte","il y a 2 mois"
"205","Fès","7MZAx xEXEee","Aucun texte","il y a 10 mois"
"205","Fès","Monsef Mon","Aucun texte","il y a un an"
"205","Fès","samir mahraz","Aucun texte","il y a un an"
"205","Fès","EMD SARL","Aucun texte","il y a 3 ans"
"205","Fès","Farasha Farta","Aucun texte","il y a 6 ans"
"205","Fès","Khadija Guessous","Aucun texte","il y a 6 ans"
"205","Fès","Sanaa BenabdelHamid","Aucun texte","il y a 6 ans"
"205","Fès","Ouajih Lmr","Aucun texte","il y a 6 ans"
"205","Fès","Mehdi Kouar","Aucun texte","il y a 6 ans"
"205","Fès","Anas Ouardi","Aucun texte","il y a 6 ans"
"205","Fès","Tahiri Ismail","Aucun texte","il y a 6 ans"
"205","Fès","mahdi bouskine","Aucun texte","il y a 7 ans"
"205","Fès","mohamed ezzaouy","Aucun texte","il y a 7 ans"
"205","Fès","Najwa Chiri","Aucun texte","il y a 7 ans"
"205","Fès","Abdelkarim Rimka","Aucun texte","il y a 7 ans"
"205","Fès","Hamza El Kadi","Aucun texte","il y a 7 ans"
"205","Fès","Adnan Adnan","Aucun texte","il y a 7 ans"
"205","Fès","afra saraçoğlu","Aucun texte","il y a 7 ans"
"205","Fès","Abd lhay Afssi","Aucun texte","il y a 7 ans"
"205","Fès","Ńø Šïģňâł","Aucun texte","il y a 7 ans"
"205","Fès","Hiba Taha","Aucun texte","il y a 7 ans"
"205","Fès","Samsung J5","Aucun texte","il y a 7 ans"
"205","Fès","Samwel Smail","Aucun texte","il y a 7 ans"
"205","Fès","Thami Laazizi","Aucun texte","il y a 7 ans"
"205","Fès","Mohamed Hanida","Aucun texte","il y a 7 ans"
"205","Fès","ASMAE MASAOUDI","Aucun texte","il y a 7 ans"
"205","Fès","Youssef Dgadeg","Aucun texte","il y a 7 ans"
"205","Fès","Saad Maher","Aucun texte","il y a 7 ans"
"205","Fès","marouane rap","Aucun texte","il y a 7 ans"
"206","Fès","justin G","M’ont aidé avec ma esim acheté à l’aéroport qui avait un problème, ont réglés mon soucis après plusieurs minutes passés à tenter de me trouver une solution, ne m’ont absolument rien demandé de payer en plus ou quoi que ce soit, la femme de l’accueil a été très gentille et compréhensive","il y a 6 mois"
"206","Fès","Tonino Valenti","Attention arnaque !. J'ai demandé une carte prépayée à 100 Dh pour utiliser mon GPS avec Internet (je suis Français), le vendeur nous a finalement édité un contrat !! …","il y a 3 ans"
"206","Fès","Asmae Boutaba","Je regrette bcp le faite d’être cliente chez vous ni qualité ni une bonne cnx , ainsi que le comportement d’un conseiller qui s’appelle alae est désagréable, vulgaire , il donne l’impression qu’il fait ce travail pour nous faire plaisir Et pas parce qu’il est un représentant de la société INWI , Bref Très mauvaise expérience","il y a 3 ans"
"206","Fès","myzedcard myzedcard","Mauvaise expérience. Personne agressive et mal honnête. Je ne recommande pas cette boutique.","il y a 3 ans"
"206","Fès","Ismail rahhal","Des arnaqueurs","il y a 3 ans"
"206","Fès","Simone Mannini (IW5EDI)","Personnel sympathique. J'ai acheté une carte SIM pour accéder à Internet.","il y a 7 mois"
"206","Fès","Blanca Caimari","J'ai acheté une carte SIM pour 100 MAD. On m'a assuré qu'elle serait activée en une heure. Or, c'est faux : la carte ne fonctionne pas et ils n'ont proposé aucune solution. De plus, aucun reçu n'a été fourni. Argent perdu. À éviter absolument !","il y a 3 ans"
"206","Fès","Cloudy Windy","À mon arrivée à l'aéroport de Fès, juste après avoir récupéré mes bagages, des personnes proposaient des cartes SIM gratuites (de marque INWI). Ne sachant pas comment l'activer, j'ai demandé de l'aide au personnel de l'hôtel une fois …","il y a 7 ans"
"206","Fès","oum kaltoum","Je préfère régler mes factures là-bas car l'employé est poli et courtois. Mes salutations à lui.","il y a 5 ans"
"206","Fès","Saad marketer","Ce type qui travaille là-bas est un menteur, il dit qu'il est au chômage alors qu'il ne l'est pas, il ment aux gens.","il y a 2 ans"
"206","Fès","Anna Kitzmüller","Bravo !","il y a un an"
"206","Fès","حميد فاس المسكين","incroyable","il y a 3 ans"
"206","Fès","Outman Amazighi","service agréable","il y a 6 ans"
"206","Fès","Christian Schwengeler","Aucun texte","il y a 11 mois"
"206","Fès","abdelali benchekroun","Aucun texte","il y a un an"
"206","Fès","S H O T Z Z F F","Aucun texte","il y a 3 ans"
"206","Fès","Zakaria Bourak","Aucun texte","il y a 4 ans"
"206","Fès","Zineb Mernissi","Aucun texte","il y a 4 ans"
"206","Fès","El Mehdi El Mernissi Raouf","Aucun texte","il y a 4 ans"
"206","Fès","zakaria ayou","Aucun texte","il y a 5 ans"
"206","Fès","idrissimansourighizlanghazal Idrissimansouri","Aucun texte","il y a 6 ans"
"206","Fès","Ahmed Khtiri","Aucun texte","il y a 6 ans"
"206","Fès","Thebest 4You","Aucun texte","il y a 6 ans"
"206","Fès","Mouhcine Khatene","Aucun texte","il y a 6 ans"
"206","Fès","Sam MATTHEWS OHSION","Aucun texte","il y a 6 ans"
"206","Fès","samir essendid","Aucun texte","il y a 6 ans"
"206","Fès","Abdou Hajji","Aucun texte","il y a 6 ans"
"206","Fès","You Yiu","Aucun texte","il y a 7 ans"
"206","Fès","Hits Hvgvs","Aucun texte","il y a 7 ans"
"207","Fès","Radio Invest","Très désagréable.
Respect pas les horaires d’ouverture.
Pour un problème de connexion sur ma box ils vous font revenir 10 fois sans régler le problème next inwi","il y a un an"
"207","Fès","4143 Momo","Catastrophique a fuir absolument, des vendeurs très désagréables Astaghfiroullah 😭 …","il y a un an"
"207","Fès","Fettah Seffar","Inui est le pire opérateur téléphonique au Maroc.
C' une énorme arnaque !","il y a 4 ans"
"207","Fès","jihad el-figha","Une meilleure chargé de clientèle
Je félicite pour son meilleur travail","il y a 6 ans"
"207","Fès","Mohamed Taib","Service impeccable,personnel accueillant,serviable et chaleureux","il y a 3 ans"
"207","Fès","Asmae Mouzouad","Service nul et fonctionnaires très désagréables avec les clients ........","il y a 4 ans"
"207","Fès","Tarek 404","Agence inutile qui ne sert aucun service, a eviter","il y a 2 ans"
"207","Fès","Ma Chaoui","Service correct. Personnel aimable","il y a 4 ans"
"207","Fès","rawan benhessin","La personne qui y travaille n'est pas utile","il y a 2 ans"
"207","Fès","Khabbaz Reda","Mauvais service.
Mauvais accueil.
Mauvais personnelle","il y a 3 ans"
"207","Fès","Olivia Leo","Bon service","il y a un an"
"207","Fès","روعة الفارس","Très mauvais service","il y a 2 ans"
"207","Fès","Driss Idrissi Yadini","Agence de téléphonie mobile","il y a 6 ans"
"207","Fès","chef jalal eddine","Pratique","Modifié il y a 8 ans"
"207","Fès","Omar Choaibi","top service","il y a 4 ans"
"207","Fès","Ali Benaali","Agence de télécommunications","il y a 6 ans"
"207","Fès","All in one MyTelecom","MERYEM Tu es vraiment une fille intelligente. Tu travailles très vite. Mashallah. Je prie Allah de t'accorder une longue vie.","il y a 6 mois"
"207","Fès","Elcio P","Ce magasin vend un iPhone 13 Pro Max volé à l'aéroport de Barcelone il y a deux semaines. …","il y a 2 ans"
"207","Fès","Vagner Paes","Ce magasin vend des iPhones volés à des personnes honnêtes qui ont travaillé dur pour les acquérir. N'achetez pas ces iPhones et signalez-le à la police si l'on vous propose un iPhone d'occasion suspect.","il y a 2 ans"
"207","Fès","rawan rawan","Modification : Excellent service, sympathique, bon traitement et résolution rapide du problème. Merci.","Modifié il y a un an"
"207","Fès","haddadi karim","Ce magasin est destiné au service inwi, et vend des téléphones et des tablettes, sous forme d'abonnement.","il y a un an"
"207","Fès","NET LEADER","Je ne hais rien, car le monde est beau. Allez découvrir ce monde meilleur, vous ne le regretterez pas.","il y a 5 ans"
"207","Fès","Osama Morocco","Bien, je le recommande","Modifié il y a un an"
"207","Fès","ABDELHAMID HACHIMI","Service médiocre et accueil froid","il y a 7 ans"
"207","Fès","H Bachtal","Très mauvais","il y a 8 ans"
"207","Fès","Hicham Hidani","Bon service","il y a 4 ans"
"207","Fès","NAOIFAL BENANI","Dans je","il y a 4 ans"
"207","Fès","Mohamed Amine Taleb","Aucun texte","il y a 4 mois"
"207","Fès","Salim Zouiten","Aucun texte","il y a 5 mois"
"207","Fès","Omar Elkadiri","Aucun texte","il y a 10 mois"
"207","Fès","Khalisa Nahil","Aucun texte","il y a 2 ans"
"207","Fès","Marouane Hachem","Aucun texte","il y a 2 ans"
"207","Fès","Hamid Bennis","Aucun texte","il y a 3 ans"
"207","Fès","souheil zriwil","Aucun texte","il y a 3 ans"
"207","Fès","kouara simo","Aucun texte","il y a 4 ans"
"207","Fès","Qajjoua Soufiane","Aucun texte","il y a 4 ans"
"207","Fès","Sbai Mohammed","Aucun texte","il y a 4 ans"
"207","Fès","Azelarab Sajidi","Aucun texte","il y a 4 ans"
"207","Fès","Hamza JI","Aucun texte","il y a 4 ans"
"207","Fès","Abdelilah Louri bohoche","Aucun texte","il y a 4 ans"
"207","Fès","Karim EL KSABI","Aucun texte","il y a 5 ans"
"207","Fès","Les Monteurs Parisiens","Aucun texte","il y a 6 ans"
"207","Fès","Youssef LKHAOUA","Aucun texte","il y a 6 ans"
"207","Fès","bachir asad","Aucun texte","il y a 6 ans"
"207","Fès","abdellatif rguig","Aucun texte","il y a 7 ans"
"207","Fès","Ghalia Ennadi","Aucun texte","il y a 7 ans"
"207","Fès","Soufiane L.","Aucun texte","il y a 7 ans"
"207","Fès","soumia eloukili","Aucun texte","il y a 7 ans"
"207","Fès","Khidj Khadija","Aucun texte","il y a 8 ans"
"208","Fès","Mohamed mehdi Berrada","Un bon acceuil","Modifié il y a 7 ans"
"208","Fès","Yassine Briness","Bravo génial","il y a 4 ans"
"208","Fès","Driss Lagnidi","Bon service","il y a 6 ans"
"208","Fès","Abdallah El Attar","Bien","il y a 4 ans"
"208","Fès","Abdelali Ben","Grâce à cette agence, je suis passé d'Inwi à Orange.","il y a 7 mois"
"208","Fès","Elochi Abdou","Service médiocre, je ne le recommande pas.","il y a 2 ans"
"208","Fès","Ayobe Bardi","Sans style, il ne mérite même pas une étoile.","il y a 11 mois"
"208","Fès","عيد العزيز رزاقي","Un bon accueil et des explications de grande qualité ont été fournis.","il y a 2 ans"
"208","Fès","Elochi Abdou","Je ne le recommande pas. Ils ne savent que recouvrer les factures. Il faut remplacer les débutants par des professionnels expérimentés et capables de résoudre les problèmes.","Modifié il y a 2 ans"
"208","Fès","Zakariae Ezzahaf","Nous serons heureux de recevoir votre réception à domicile.","il y a un an"
"208","Fès","wachinton wachinton","Un endroit que je ne recommande pas de visiter","il y a 7 ans"
"208","Fès","Abdelfatah janati","bel endroit","il y a 6 ans"
"208","Fès","AHMED HASSAN","Excellent","il y a un an"
"208","Fès","Youssef Hamade","🤑🤑 …","il y a un an"
"208","Fès","Mohsin Kraat","excellent","il y a 4 ans"
"208","Fès","SAID ES-SALMI","Bons services","il y a 4 ans"
"208","Fès","Oussama Moutaouakil","Aucun texte","il y a 2 mois"
"208","Fès","Fatima zahrae Chouichou","Aucun texte","il y a 6 mois"
"208","Fès","Mohammed Jghimat","Aucun texte","il y a 2 ans"
"208","Fès","saad","Aucun texte","il y a 2 ans"
"208","Fès","Yassine Benadou","Aucun texte","il y a 3 ans"
"208","Fès","Adil Msibah","Aucun texte","il y a 6 ans"
"208","Fès","hamid badaoui","Aucun texte","il y a 7 ans"
"209","Fès","Amine Houti","Des animateurs et agents sympas. Mais le service et la connexion internet sont pas au niveau  requis ou offert. J'espère que vous répondrez à ce détail car les clients et les clients potentiels font davantage confiance à la recommandation d'un ami ou d'un voisin qu'à la publicité et à la promotion.","il y a 3 ans"
"209","Fès","zineb Kadri","Un bon service et un bon prix je conseille vivement cette agence","il y a 6 ans"
"209","Fès","El Mostafa Zeggauoi","bonne agence de service INWI , le gérant est sympa et serviable","il y a 6 ans"
"209","Fès","Hassan Krouni","Nul","il y a 3 ans"
"209","Fès","Khalid Lachhab","Bien services","il y a 7 ans"
"209","Fès","Mohammed Sahnoune","Cette employée ne sait même pas ce que signifie ADSL, et chaque fois que j'ai besoin d'aide, elle me dit de les appeler. Qui sont ces gens que je suis censée appeler ? Qui représentez-vous, et quel numéro dois-je composer ? Franchement, elle est incompétente.","il y a 3 mois"
"209","Fès","Younes Mabchour","Service médiocre et il faut attendre une journée pour poser une question","il y a 3 mois"
"209","Fès","Omar Kabalan","La pire agence que j'aie jamais vue, surtout leur représentant, qui était vraiment désagréable et impoli. Je ne recommande absolument pas cette agence.","il y a 2 ans"
"209","Fès","محمد Boukili","Bonne usine, Mazyan","il y a 5 ans"
"209","Fès","اسماعيل بوشمال","mais","il y a 7 ans"
"209","Fès","S4hir NEW","Aucun texte","il y a un an"
"209","Fès","Ahmed Essadouki","Aucun texte","il y a un an"
"209","Fès","Loubna Mseleck","Aucun texte","il y a un an"
"209","Fès","BEST LINE EVER","Aucun texte","il y a 2 ans"
"209","Fès","hassan fathi","Aucun texte","il y a 2 ans"
"209","Fès","ana hona","Aucun texte","il y a 2 ans"
"209","Fès","amine messaoudi","Aucun texte","il y a 2 ans"
"209","Fès","Ahmed Habaly","Aucun texte","il y a 3 ans"
"209","Fès","Derkaoui Najib","Aucun texte","il y a 3 ans"
"209","Fès","هلال المغربي الفاسي","Aucun texte","il y a 4 ans"
"209","Fès","YASSINE ELANSARI","Aucun texte","il y a 5 ans"
"209","Fès","Macer Raabouji","Aucun texte","il y a 5 ans"
"209","Fès","AMINE ZAHIDY","Aucun texte","il y a 6 ans"
"209","Fès","Otman Ilyass","Aucun texte","il y a 6 ans"
"209","Fès","Abdelaziz Alami","Aucun texte","il y a 6 ans"
"209","Fès","Oki Oki","Aucun texte","il y a 8 ans"
"210","Fès","Ikram Lkbir","Service tres faible","il y a un an"
"210","Fès","atelierdefes BlueArt","Tres faible","il y a 5 ans"
"210","Fès","Bakkali Simohammed","Tres faible","il y a 7 ans"
"210","Fès","YP Team","Malheureusement, leur ton de voix est très bas, comme s'ils parlaient à un voleur et non à un client.","il y a 3 mois"
"210","Fès","omar elbourakadi","Un autre service est disponible dans cette agence.

Moi : Bonjour, je souhaite retourner ce train. …","il y a un an"
"210","Fès","andrew obrien","J'ai finalement trouvé une carte SIM de 5 Go. Le vendeur ne parlait pas beaucoup anglais et mon français et mon espagnol sont limités, mais on est arrivés et je suis reparti content.","il y a 7 ans"
"210","Fès","Youness Jabori","Le pire service que j'aie jamais vu de ma vie.","il y a 5 ans"
"210","Fès","Hassan Amine","C'est un bon service","il y a 4 ans"
"210","Fès","yassine elmounadil","Bon traitement","il y a 4 ans"
"210","Fès","driss Elkhomri","Beau et bon","il y a 7 ans"
"210","Fès","Mohammed Andaloussi","Service et compétence","il y a 7 ans"
"210","Fès","MED HRH","Société de communication de rue populaire","Modifié il y a 8 ans"
"210","Fès","Arabe Belkhire","Maman","il y a 7 ans"
"210","Fès","Baya Mny","une agence","il y a 7 ans"
"210","Fès","Mourad Laamech","Aucun texte","il y a 5 mois"
"210","Fès","zakariya jattioui","Aucun texte","il y a 3 ans"
"210","Fès","GOUNADI Mohammed","Aucun texte","Modifié il y a 4 ans"
"210","Fès","malak aya","Aucun texte","il y a 4 ans"
"210","Fès","Rachid El","Aucun texte","il y a 5 ans"
"210","Fès","Hajar Hamama","Aucun texte","il y a 6 ans"
"210","Fès","maroc mahsgz","Aucun texte","il y a 6 ans"
"210","Fès","simo laghzioui","Aucun texte","il y a 6 ans"
"210","Fès","Mouhamed Sayhi","Aucun texte","il y a 6 ans"
"210","Fès","AMINE BIKA","Aucun texte","il y a 7 ans"
"210","Fès","Aziz Zizo","Aucun texte","il y a 7 ans"
"210","Fès","Znoba Zinb","Aucun texte","il y a 7 ans"
"210","Fès","Youness FRICHI","Aucun texte","il y a 7 ans"
"210","Fès","omar zefzoufi","Aucun texte","il y a 7 ans"
"210","Fès","Amine Nagdi","Aucun texte","il y a 7 ans"
"210","Fès","Chakib Moutaouakkil","Aucun texte","il y a 7 ans"
"210","Fès","Abdenabi Lamghari","Aucun texte","Modifié il y a 7 ans"
"210","Fès","Marouan","Aucun texte","il y a 7 ans"
"210","Fès","ali khouddani","Aucun texte","il y a 8 ans"
"211","Fès","Anass Maftah","⚡Merci pour l'excellent service","il y a 3 mois"
"212","Fès","Majid Ibriz","Aucun texte","il y a 3 mois"
"212","Fès","Tarik Chiba","Aucun texte","il y a 5 mois"
"212","Fès","فكرة وديكور","Aucun texte","il y a un an"
"212","Fès","SAID RAZZAK","Aucun texte","il y a 2 ans"
"213","Fès","nassim salam","Tout est mauvais:le service;l'acueil avec un personnel......","il y a 3 ans"
"213","Fès","amigo amigo","C bien","il y a 8 ans"
"213","Fès","Hamza Rami","Bon service, moins fréquenté que l'autre agence, et le personnel est super sympa ✌️","il y a 4 ans"
"213","Fès","الحداد محمد","Frais et merveilleux","il y a 3 ans"
"213","Fès","Zohari Nabil","Aucun texte","il y a un an"
"213","Fès","Youssef Amallah","Aucun texte","il y a un an"
"213","Fès","Mohamed Elhathat","Aucun texte","il y a 3 ans"
"213","Fès","André Ayoub","Aucun texte","il y a 5 ans"
"213","Fès","Hajjoubi bachir","Aucun texte","il y a 5 ans"
"213","Fès","Bachir ben abdellah","Aucun texte","il y a 5 ans"
"213","Fès","yassir ben abbou","Aucun texte","il y a 5 ans"
"213","Fès","hejejjejd hejejenje","Aucun texte","il y a 7 ans"
"214","Fès","Mohammed El Khoumssi","Malgres je ne suis pas votre abonné mais je suis toujours parmis ceux qui admirent cet établissement de communication vos publicités sont bien suivis par moi et je les notte avec mention très bien.","il y a 6 ans"
"214","Fès","Myali Kerkour","Je me sent bien","il y a 5 ans"
"214","Fès","Abdesamade El Badaoui","Mrc","il y a 3 ans"
"214","Fès","SKY INFO2020","Service médiocre","il y a 7 ans"
"214","Fès","Elhassani omar","Bon service","il y a 4 ans"
"214","Fès","Mohammed Boutarfass","Marchandises","il y a 5 ans"
"214","Fès","صفرو موبايل","D'accord","il y a 5 ans"
"214","Fès","Bouchaib Abbadi","clients de niveau","il y a 4 ans"
"214","Fès","Luxcar Sbaa","Aucun texte","il y a 7 mois"
"214","Fès","Mohammed EL ouidadi","Aucun texte","Modifié il y a 10 mois"
"214","Fès","lastmood","Aucun texte","il y a 2 ans"
"214","Fès","عبدالقادر بلعربي بنشيخ","Aucun texte","il y a 2 ans"
"214","Fès","Laila Lolita","Aucun texte","il y a 3 ans"
"214","Fès","ourtou mohamed","Aucun texte","il y a 3 ans"
"214","Fès","Oussama Moho","Aucun texte","il y a 4 ans"
"214","Fès","Abdelhay Ellouh","Aucun texte","il y a 4 ans"
"214","Fès","Kamal Elghachoui","Aucun texte","il y a 5 ans"
"214","Fès","Khadija Khairi","Aucun texte","il y a 5 ans"
"214","Fès","Ali Boukouyen","Aucun texte","il y a 5 ans"
"214","Fès","free free","Aucun texte","il y a 6 ans"
"214","Fès","topshop 33","Aucun texte","il y a 6 ans"
"214","Fès","Vlog laaroubi","Aucun texte","il y a 7 ans"
"214","Fès","Soukaina marzak","Aucun texte","il y a 7 ans"
"214","Fès","Echajia Hamid","Aucun texte","il y a 8 ans"
"214","Fès","Alberto","Aucun texte","il y a 8 ans"
"215","Agadir","Houssine","Agence qui n'est même pas présente sur Google maps donc pour s'y rendre c'est pas évident. Et une fois qu'on y ai , attendez vous à beaucoup d'attente. Un seul agent de disponible et c'est comme ça à chacune de mes visites. Pour une grande …","il y a 8 mois"
"215","Agadir","Camille Camelia","N’existe pas (ou plus) car introuvable. Fausse adresse, Fausse pub. Hic j'ai fait 3 fois le tour pour digérer.","il y a 3 mois"
"215","Agadir","Aoukachi Jana","Très mauvaise expérience. J’ai demandé un forfait sans engagement car j’étais en vacances à Agadir. Le vendeur Simo m’a assuré que c’était le cas. Résultat : je reçois une facture et on m’impose un préavis de 30 jours pour résilier.
❌ Mensonge et arnaque. À fuir !","il y a 9 mois"
"215","Agadir","Mina Nana Officiel","Agence du 37 avenue Hassan 2 Agadir ! Très mauvaise expérience mal reçu par le vendeur Mr Lahcen qui m’a dit ici on est pas en France ?Alors que je lui parlais en darija ! Très nerveux 😥 du coup j’ai préféré aller plus loin à l’agence inwi …","il y a un an"
"215","Agadir","YY HH","Très belle équipe , la meilleur sur agadir , les autre comme j mentionné sur plusieurs commentaires c des mokataat","il y a 7 mois"
"215","Agadir","Hassan LEMSOUGUY","J'ai signé un contrat à cette agence en juillet dernier. Ma fibre a bien été installée dans les temps comme convenu mais là n'est pas le problème. S'agissant d'une société, j'ai donc fourni le nécessaire comme le RC et prévois donc de payer …","il y a un an"
"215","Agadir","Bouayache Ali","Téléphone qui sert à rien il ne réponde jamais ppfffffffff","il y a 4 mois"
"215","Agadir","Xoxo ,","Service nul absence totale de l’agent de sécurité toujours au téléphone . Une queue d’une quinzaine de personne et quant il s’agit de quelqu’un qu’ils connaissent il passe avant tout le monde . Y avait un client mécontent des qu’il est …","il y a 4 ans"
"215","Agadir","Michel Gruet","Attente très longue pour régler 2 facture s et en plus comme toujours le terminal de paiement carte bancaire ne fonctionne pas donc il faut aller retirer des dirhams au distributeur inadmissible pour une telle société","il y a 2 ans"
"215","Agadir","Moal peinture bâtiment Locronan","Très bien reçu  bonne accueil professionnel le prix intéressant également","il y a un an"
"215","Agadir","SUPPLEMENTPHARM_PROTEINES","Malgré le paiement des factures, le numéro de téléphone reçoit des appels sans pouvoir appeler sans solution pendant plusieurs jours, un manque total de professionnalisme","il y a 2 ans"
"215","Agadir","Sam Laat","Tres mauvais acceuil
Service qui manque d'effectifs professionels
Chef de service qui n'intervient pas pour resoudre les problemes","il y a 4 ans"
"215","Agadir","Mkass Hussein","Manque de personnelle, mais je met 5 étoiles pour leur professionnalisme 👍 …","il y a 3 ans"
"215","Agadir","Mohamed Adrdour","Très bon rapport qualité prix","il y a 2 ans"
"215","Agadir","Zakaria Sassioui","Ils ne fait rien","il y a 2 ans"
"215","Agadir","JAMAL BOUSSELHAM","Service nulle malheureusement","il y a 3 ans"
"215","Agadir","KARIM BENHAYOUN","Siège régional, bon accueil.","il y a 8 ans"
"215","Agadir","Alexandre Paquet","N’existe pas","il y a un an"
"215","Agadir","azokni friche","Bonne","il y a 2 ans"
"215","Agadir","H Mokhles","Bon service","il y a un an"
"215","Agadir","chaour tarik","Les amis d'autre fois.","il y a 4 ans"
"215","Agadir","Tyma Fatim zohra Bizrane","Bon accueil","il y a 5 ans"
"215","Agadir","Josseline Faucheret","Attente.mauvais accueil.","il y a 6 ans"
"215","Agadir","haf ben (‫سبحان الله‬‎)","mauvais service.","il y a 5 ans"
"215","Agadir","Youssef Abdenbi Elbaslaoui","Service clientèle","il y a 7 ans"
"215","Agadir","Mustapha El Haimeur","Mauvaise ressibtion","il y a 3 ans"
"215","Agadir","LATIF70","Complet","il y a 6 ans"
"215","Agadir","El Mehdi FIHR",":p","il y a 8 ans"
"215","Agadir","SYE F","bad service","il y a 4 ans"
"215","Agadir","Oussama Bensarjane","Mauvais service","il y a 5 ans"
"215","Agadir","isabelle cartier","Longue attente car 1 seule personne pour recevoir","il y a une semaine"
"215","Agadir","Martyn Wheatley","Depuis quelques mois, je rencontre des problèmes de connexion, surtout pendant les intempéries. De passage à Agadir, je suis allé dans une boutique pour me renseigner sur mon domicile à Ghazoua. Seule une employée était assise à son bureau, …","il y a 2 mois"
"215","Agadir","Mukhtar bin Siddique","Le magasin est bien, mais son principal inconvénient est la lenteur du service client pendant le service du matin.","il y a 6 mois"
"215","Agadir","Youssef Tani","Malheureusement, c'est ma deuxième visite dans ce service pour une raison simple, et je n'ai pas reçu le service souhaité. Le niveau de service et de communication est insatisfaisant, à l'exception de l'employé du guichet 2, qui fait de …","il y a un an"
"215","Agadir","Khadija El massoudi","Aujourd'hui, je suis allé à l'agence et elle était ouverte. Il n'y avait pas un seul employé, à part le portier. J'ai attendu environ une demi-heure, puis quelqu'un est venu me dire que le système était en panne ! Puisque le système était en panne, pourquoi sont-ils dans l'agence ? Malheureusement, le traitement n'est pas à la hauteur.","il y a 9 mois"
"215","Agadir","Misbah Uddin","Le magasin a-t-il fermé définitivement mais l'information n'a pas été mise à jour sur les cartes ?","il y a 4 mois"
"215","Agadir","Halima Khaliha","Le comportement du personnel était inadmissible. Je souhaitais retourner un appareil et en obtenir un portable, mais l'employé a refusé de le prendre. Lorsque je lui ai dit que j'allais me plaindre auprès de la direction, il m'a répondu …","il y a un an"
"215","Agadir","Iraqisurfer","C'était presque ça, mais sur Google, c'est indiqué comme ouvert.","il y a 10 mois"
"215","Agadir","Tazzle & Moose","Fermeture définitive","il y a 2 mois"
"215","Agadir","Linda Fernandes","Fermé","il y a 2 mois"
"215","Agadir","Rokni Nadia","Salut, bon restaurant, excellente cuisine et bon shawarma à la viande 👍 …","il y a 2 ans"
"215","Agadir","alekcei yxov","Un personnel agréable et attentionné ! Et surtout, des tarifs raisonnables ! Je suis passé de Telecom à INVI !","il y a 7 ans"
"215","Agadir","Ariana Grande","Il n'existe plus.","il y a 10 mois"
"215","Agadir","M Sabir","Il n'existe plus, il n'y a plus qu'un restaurant.","il y a un an"
"215","Agadir","أبو زيد الأنصاري","Une entreprise de télécommunications compétitive avec une excellente couverture","il y a 7 ans"
"215","Agadir","Abdolah Bouhem (Bouhem abdolah coiffure)","Excellent accueil","il y a un an"
"215","Agadir","Lakhlifi Amal","Bonn","il y a un an"
"215","Agadir","OuLahyane Larbi","d'accord","Modifié il y a 6 ans"
"215","Agadir","Abdessamad Essenhaji","Bien… très bien","il y a 5 ans"
"215","Agadir","Fayçal Akounad (PigaTy)","Bien","il y a 7 ans"
"215","Agadir","Adil O","Bien","il y a 5 ans"
"215","Agadir","Régis 73","Aucun texte","il y a une semaine"
"215","Agadir","Remi Jegoudez","Aucun texte","il y a 2 semaines"
"215","Agadir","Kaban Pyatak","Ce bureau est FERMÉ (vérifié en mars 2026). Ne vous y rendez pas.","il y a 4 semaines"
"215","Agadir","Hamid CHERFAOUI","Aucun texte","il y a 10 mois"
"215","Agadir","Nagora cuisine Beldi","Aucun texte","il y a 11 mois"
"215","Agadir","Johanna Steiner","Aucun texte","il y a un an"
"215","Agadir","brahim lachgar","Aucun texte","il y a un an"
"215","Agadir","Kacem Test","Aucun texte","il y a un an"
"215","Agadir","Mustapha Ouch","Aucun texte","il y a un an"
"215","Agadir","abdessalem chraim","Aucun texte","il y a un an"
"215","Agadir","Momo 06","Aucun texte","il y a un an"
"215","Agadir","Ader Insanz","Aucun texte","il y a 2 ans"
"215","Agadir","sokri kamal","Aucun texte","il y a 2 ans"
"215","Agadir","zakarya lehlou (Zakarya lehlou)","Aucun texte","Modifié il y a 3 ans"
"215","Agadir","Hassan Malal","Aucun texte","il y a 3 ans"
"215","Agadir","Moh Elb","Aucun texte","il y a 4 ans"
"215","Agadir","Aimad Banou","Aucun texte","il y a 5 ans"
"215","Agadir","Hassan elhanafi","Aucun texte","il y a 5 ans"
"215","Agadir","Ayman Oued el khir","Aucun texte","il y a 5 ans"
"215","Agadir","M Agadir","Aucun texte","il y a 6 ans"
"215","Agadir","said Taoussi","Aucun texte","Modifié il y a 6 ans"
"215","Agadir","Hajar Maarouf","Aucun texte","il y a 6 ans"
"215","Agadir","EL HADI Hassan","Aucun texte","il y a 6 ans"
"215","Agadir","Brakssely Officiel","Aucun texte","il y a 6 ans"
"215","Agadir","FAICAL EL KATMOUR","Aucun texte","il y a 6 ans"
"215","Agadir","Abdessamad B.","Aucun texte","il y a 6 ans"
"215","Agadir","zack H","Aucun texte","il y a 6 ans"
"215","Agadir","BOUTGAYOUT HASSAN","Aucun texte","il y a 7 ans"
"215","Agadir","Rachid Kung","Aucun texte","il y a 7 ans"
"215","Agadir","مولاي عبدالله آل حبيب","Aucun texte","il y a 7 ans"
"215","Agadir","rachid ramzy","Aucun texte","il y a 7 ans"
"215","Agadir","slawomir L","Aucun texte","il y a 7 ans"
"215","Agadir","Hajar Ichahbane","Aucun texte","il y a 8 ans"
"215","Agadir","Karl-Heinz De La Gruz","Aucun texte","il y a 8 ans"
"215","Agadir","Amina Messnaoui","Aucun texte","il y a 8 ans"
"216","Agadir","christian revelen","Super accueil pour avoir un accés sur le réseau Marocain pour une durée limité, installation réalisée par la responsable de l'agence et résiliation programmée par ces soins.","il y a 2 mois"
"216","Agadir","Philippe","Longue attente mais bon accueil","il y a 7 mois"
"216","Agadir","Aziz Bouamama","Bon service, j y etais pour acheter un abonnement idar sans engagement, d'apres un mois d'utulisation je ne regrette pas cet achat. Tres bonne connection, rapide et illimitée. Pour l'agence tres bon accueil par une fille gentille, souriante …","il y a 7 ans"
"216","Agadir","Mohamed Adrdour","J'ai fréquenté cet établissement pour la première fois et j'y ai vécu une expérience satisfaisante tant grâce à la qualité de l'offre qu'au comportement du personnel. Bravo Inwi","il y a 2 ans"
"216","Agadir","Nordinne BABOUCH","La conseiller a ete gentille, cependant le service pourra etre meilleur, car chacun se lance la balle: on me dit de contacter le service a la clientele au telphone, puis quand j’appelle au telephone, on me refere l’agence. Dommage, car la solution que j’avais et d’aller a la concurance","il y a 6 ans"
"216","Agadir","Claudine Bontemps","Gentil accueil.
Sérieux et professionnels","il y a 2 ans"
"216","Agadir","OMAR AKHOULF","Très bon service.","il y a 3 ans"
"216","Agadir","kaoutar gamraou","Très bien","il y a 4 ans"
"216","Agadir","AGADIRI Man","toujours problème de connexion de leurs postes","il y a 7 ans"
"216","Agadir","Mostafi Mohammed hassane","J'ai apprécié","il y a 4 ans"
"216","Agadir","Mohamed Masmoudi","Nullll comme service","il y a 5 ans"
"216","Agadir","abderrahim faquihi","Rien a signaler","il y a 2 ans"
"216","Agadir","google smartess","❤️❤️❤️","il y a 3 ans"
"216","Agadir","Jad KARAMO (BENSH)","Service lent","il y a 5 ans"
"216","Agadir","ABDERRAHMAN OUTCHADMIT (Abdel)","service nul","il y a 6 ans"
"216","Agadir","Kouta Mostafa","Rien à dire","il y a 6 ans"
"216","Agadir","salah jaa (shope55)","Une agence réputée, à l'accueil chaleureux et au service rapide. Je remercie les deux employés de cette agence.","il y a 2 mois"
"216","Agadir","youness habou","Le service de cette agence est vraiment décevant. Le personnel vous traite comme si vous n'existiez pas. Ils ne semblent pas se soucier de résoudre vos problèmes et vous finissez par vous sentir ignoré et frustré. Il est clair qu'ils ne …","il y a un an"
"216","Agadir","ميشلان","C'est bon","il y a 5 mois"
"216","Agadir","Laith Ghachou","Bienvenue, je jure que je n'ai rien à vous dire dès le premier jour du Ramadan, si Dieu le veut, cela sera utile au serviteur, quel que soit le poids d'un atome de l'immensité des cieux et de la terre dans son cœur, cela appartient à Dieu, …","il y a 6 ans"
"216","Agadir","Amin Lamin","Wifi hsn mno 2G 250dh ghir hakak","il y a 2 ans"
"216","Agadir","Hassan Moussair","Le traitement est bon, mais la couverture est très faible, inférieure à","il y a 2 ans"
"216","Agadir","Ziko Ou","Le temps d'attente est beaucoup trop long, avec un seul caissier presque tous les jours.","il y a 3 ans"
"216","Agadir","moussa Mahfoud","Élevez-les forts et indépendants, car un jour, ils pourraient bien être votre seul soutien.
Photo du Maroc","il y a 7 ans"
"216","Agadir","لطوفه إم يوسف","Traitement terrible et exploitation","il y a 4 ans"
"216","Agadir","Mohamed (Alias)","Fermé définitivement","il y a 7 mois"
"216","Agadir","Nagora cuisine Beldi","Haut","il y a 11 mois"
"216","Agadir","Jihad Drif","Services et cadres de travail au plus haut niveau","il y a 3 ans"
"216","Agadir","Hafida Rizqy","Pas mal","il y a 3 ans"
"216","Agadir","Fed Gsrdeals","Mauvais service client","il y a 3 ans"
"216","Agadir","SFRRI NKI","Transaction (zéro)","il y a 3 ans"
"216","Agadir","oussous mohamed","excellent","il y a 3 ans"
"216","Agadir","EDARAKOUI AYOUB","Haut","il y a 4 ans"
"216","Agadir","Fer Zamudio","Prenez de l'orange 🍊 …","il y a 4 jours"
"216","Agadir","Simo Rabibi","Aucun texte","il y a 3 semaines"
"216","Agadir","AIT CHIEKH ILYASSE","Aucun texte","il y a 4 semaines"
"216","Agadir","ahmed sadiq","Aucun texte","il y a 4 mois"
"216","Agadir","moulay mohamed tamri","Aucun texte","il y a 5 mois"
"216","Agadir","Hamza Nasser","Aucun texte","il y a 8 mois"
"216","Agadir","nora Bent Mohamed","Aucun texte","il y a un an"
"216","Agadir","EL MEHDI DARISS","Aucun texte","il y a un an"
"216","Agadir","leo abou","Aucun texte","il y a un an"
"216","Agadir","Swad C Ben","Aucun texte","il y a un an"
"216","Agadir","K widad Guezzar","Aucun texte","il y a un an"
"216","Agadir","khadija labbassi","Aucun texte","il y a un an"
"216","Agadir","Majd Alami","Aucun texte","il y a 2 ans"
"216","Agadir","Hassan Oubakkas","Aucun texte","il y a 2 ans"
"216","Agadir","Hicham Bahaddou","Aucun texte","il y a 2 ans"
"216","Agadir","MOUMD MBAREK","Aucun texte","il y a 2 ans"
"216","Agadir","Mujahid Ehsan Butt","Aucun texte","il y a 2 ans"
"216","Agadir","Rochdi BOULIHA","Aucun texte","il y a 2 ans"
"216","Agadir","Jophi","Aucun texte","il y a 2 ans"
"216","Agadir","mohamed Moumou","Aucun texte","il y a 3 ans"
"216","Agadir","Ahmed Abaha","Aucun texte","il y a 3 ans"
"216","Agadir","said el guerouani","Aucun texte","il y a 3 ans"
"216","Agadir","Braigue Aziz","Aucun texte","il y a 3 ans"
"216","Agadir","Mr Lonely","Aucun texte","il y a 4 ans"
"216","Agadir","el habib Harrach","Aucun texte","il y a 4 ans"
"216","Agadir","Aso Wizard","Aucun texte","il y a 4 ans"
"216","Agadir","Abdelkader Guerry","Aucun texte","il y a 4 ans"
"216","Agadir","Mo ELK","Aucun texte","il y a 4 ans"
"216","Agadir","Jamal7@gmail.com 111p111p","Aucun texte","il y a 4 ans"
"216","Agadir","MEHDI EL OUALI ALAMI","Aucun texte","il y a 6 ans"
"216","Agadir","Ahmed Benzine","Aucun texte","il y a 6 ans"
"216","Agadir","Youssef Ben tachafin","Aucun texte","il y a 6 ans"
"216","Agadir","SALAH TIR","Aucun texte","il y a 6 ans"
"216","Agadir","chafik chafik","Aucun texte","il y a 6 ans"
"216","Agadir","Mohamed Aboulbaroudi","Aucun texte","il y a 6 ans"
"216","Agadir","MARIO GUTIERREZ","Aucun texte","il y a 7 ans"
"216","Agadir","Hicham Hassar","Aucun texte","il y a 7 ans"
"216","Agadir","Jihad Khar","Aucun texte","il y a 7 ans"
"216","Agadir","mohamed el mellali","Aucun texte","il y a 7 ans"
"216","Agadir","MOUNA AKCHINE","Aucun texte","il y a 7 ans"
"216","Agadir","Omaima","Aucun texte","il y a 7 ans"
"216","Agadir","Somya Taleb","Aucun texte","il y a 7 ans"
"217","Agadir","Smail Garmoum","Une étoile, et encore elle ne la mérite pas.
L’agence a refusé de reprendre le décodeur après la résiliation du contrat, en prétextant que je devais le rapporter uniquement à l’agence où je l’avais pris, …","il y a 6 mois"
"217","Agadir","nouhaila elfalaky","Refus de portabilité de ma ligne iam vers inwi sous prétexte des problèmes techniques. Inwi est incapable de faire cette operation sans problème?","il y a 6 mois"
"217","Agadir","Mina Nana Officiel","Très bien accueilli par la vendeuse Ilham j’ai eu toutes les informations nécessaires et le suivi, j’ai pris l’offre idar 249dh l’agence se trouve immeuble Oumlil 115 avenue Hassan 2 je recommande cette agence inwi","il y a un an"
"217","Agadir","Pierre ROBINET","Ne devenez pas client chez Inwi. Il ne m'ont jamais rendu mes 500 dh pour le retour d'une box 4g car leur logiciel ne marchait pas... alors que j'avais bien résilié le contrat dans les temps. Ensuite ils inventent des délais et des conditions non écrites sur le contrat. A fuir","il y a 2 ans"
"217","Agadir","latsou chan","Service 0
Numéro de téléphone makhdamach a quoi ça sert numéro de téléphone makhdamach !!!????? …","il y a 2 ans"
"217","Agadir","Amer Qaq","Très nul. J'ai un roteur inwi et je paye la facture normalement le 12 à chaque mois mais j'ai payé la facture le 07 de se mois mais aucun connexion jusqu'à l'instant. À chaque jour pendant 16h et 20h le ping arrive à 24,62% mais apres le …","il y a 6 ans"
"217","Agadir","H S","Il ne sont pas du tout à la hauteur service nulle aucun professionnalisme la réceptionniste ne demande que se débarrasser des clients.......","il y a 2 ans"
"217","Agadir","Alice Morin","Pire agence, ne sert à rien. A chaque fois ils nous rajoutent un problème et ne trouvent pas de solution. Tout ça pour l'argent. Et la connexion est nulle. A fuir !","il y a 3 ans"
"217","Agadir","Badr Fathallah","Équipe très serviable et professionnelle.
Attention changement horaire. Apres midi a partir de 16h","Modifié il y a 3 ans"
"217","Agadir","Zakaria Chirifi","Bon accueil, service rapide et efficace, réponse immédiate et professionnelle à vos dispositions.","Modifié il y a 4 ans"
"217","Agadir","Hasna Marzouki","Service top les filles étaient à l écoute.
bonne continuation .","il y a 2 ans"
"217","Agadir","Martine Denis-richard.","Employé très serviable. Merci","il y a un an"
"217","Agadir","Youssef MAFTAH EL KHEIR","Une agence et des employés minables..Qui à chaque réclamation vous demandent d'appeler le service clients pour se soustraire à toute responsabilité et cacher leur incompétence.","il y a 3 ans"
"217","Agadir","Roberta Bracale","Très gentil et d'ede! Merci beaucoup","il y a 2 ans"
"217","Agadir","Lolo play1 Lolo","Très bon réseau et les forfaitd a prix raisonnable","il y a 3 ans"
"217","Agadir","U.J.P #","lieu commercial agence de telecommunication. rien de speciale","il y a 2 ans"
"217","Agadir","Mohamed Oudaali","Accueil minable.
Dès que midi approche ils chassent les clients.","il y a 3 ans"
"217","Agadir","Jean-michel NOTTE","A éviter, pas sérieux !","il y a 3 ans"
"217","Agadir","Evers everglades","Mauvais souvenir Mauvais accueil","il y a un an"
"217","Agadir","Samir EL JASMI","Bon service","il y a 4 ans"
"217","Agadir","Luc de froidmont","Col","il y a 4 ans"
"217","Agadir","Didier LANERES","Ne pas deranger","il y a 6 ans"
"217","Agadir","redouan jabri","Marjan agadir","il y a 6 ans"
"217","Agadir","Régis 73","Efficace et avec le sourire","il y a une semaine"
"217","Agadir","Dong joo Kim","Merci de fournir des conseils avisés et des services d'enregistrement aux voyageurs étrangers.","il y a 5 mois"
"217","Agadir","Abi Gilbert","Service très serviable et courtois, merci.","il y a 2 mois"
"217","Agadir","martin ryan","En tant que nouveau client ayant une question concernant ma nouvelle installation ADSL, on m'a dit qu'ils ne pouvaient pas m'aider et que je devais appeler le service technique. Lorsque je leur ai expliqué que je les avais déjà appelés et …","il y a 2 ans"
"217","Agadir","Sarah","ALERTE ARNAQUE.

Je suis allé recharger mon compte il y a quelque temps. On m'a proposé une offre …","il y a un an"
"217","Agadir","Luca Franceschini","Malheureusement, c'est de loin la pire expérience client que j'aie eue au Maroc (j'y vis depuis 5 mois). …","il y a 3 ans"
"217","Agadir","Pavel H.","Ils nous ont aidés à installer une deuxième carte SIM, ont rapidement rechargé notre crédit et configuré les téléphones. En quelques minutes, c'était réglé. Le service était excellent et nous avons pu nous mettre d'accord sur tous nos …","il y a 3 ans"
"217","Agadir","Hajar Az","La femme de ménage était incompétente. Nous nous sommes rendus à l'agence pendant les heures d'ouverture. …","il y a 2 ans"
"217","Agadir","سحابة خير","Qu'un seul employé d'une grande entreprise comme Inwi fasse attendre 20 clients est inadmissible. Chacun a ses propres soucis, et moi, je dois perdre une demi-journée à attendre ? C'est honteux et scandaleux.","il y a un an"
"217","Agadir","Maria","Prix ​​intéressants et avantageux. 5 € pour 11 Go.","il y a un an"
"217","Agadir","Hannah","Des conseils rapides et utiles ! De plus, un excellent réseau à petit prix.","il y a un an"
"217","Agadir","Tony TANTAWI","Je les ai déjà utilisés et ils sourient toujours 😊 …","il y a 2 ans"
"217","Agadir","tokyo phone","Traitement irrespectueux de la part des employés du siège social. Aucun service, aucun respect. Manque de savoir-vivre et absence totale de responsabilité.","il y a 3 ans"
"217","Agadir","Mehmood Rafai","Excellent service client. Un plaisir de faire affaire avec vous.","il y a un an"
"217","Agadir","Saad benkarroum","Le personnel est très serviable et on s'y sent vraiment bien accueilli.","il y a 6 ans"
"217","Agadir","Ali Al-Muqdadi","Personnel très serviable, ils ont réglé ma demande.","il y a 2 ans"
"217","Agadir","Christoph Hinzelmann","Internet est cher pour les Marocains","il y a un an"
"217","Agadir","أبو زيد الأنصاري","Un magnifique complexe hôtelier pour les familles","il y a 6 ans"
"217","Agadir","Abdolah Bouhem (Bouhem abdolah coiffure)","nouveau","il y a un an"
"217","Agadir","Jennifer Bellamy","Très serviable et très sympathique","il y a 6 ans"
"217","Agadir","giuseppe coluccio","Service excellent","il y a 4 ans"
"217","Agadir","Tomáš Holata","Recharge de crédit rapide","il y a 3 ans"
"217","Agadir","hunaidi Zahrani","magnificence","il y a 3 ans"
"217","Agadir","Matti Rantala","Service correct.","il y a 4 ans"
"217","Agadir","Mohamed Hremt Ellah","Numéro de téléphone erroné","il y a 7 ans"
"217","Agadir","Mohamed Ouamne","Aucun texte","il y a 4 mois"
"217","Agadir","Mario Habibbi","Aucun texte","il y a 5 mois"
"217","Agadir","Elhassan Ouaddi","Aucun texte","il y a 11 mois"
"217","Agadir","said belferrag","Aucun texte","il y a un an"
"217","Agadir","Nasr Livraison","Aucun texte","il y a un an"
"217","Agadir","Mohamed Faical","Aucun texte","il y a un an"
"217","Agadir","Botagoz Agadilova","Aucun texte","il y a 2 ans"
"217","Agadir","Baha Khalfi","Aucun texte","il y a 2 ans"
"217","Agadir","tarik tariq","Aucun texte","il y a 2 ans"
"217","Agadir","najib elo","Aucun texte","il y a 3 ans"
"217","Agadir","Simo Bak","Aucun texte","il y a 3 ans"
"217","Agadir","hasna abouzaid","Aucun texte","il y a 3 ans"
"217","Agadir","Said","Aucun texte","il y a 3 ans"
"217","Agadir","ABDALLAH SIMOUR","Aucun texte","il y a 3 ans"
"217","Agadir","olivergolletz","Aucun texte","il y a 4 ans"
"217","Agadir","Iliass Sassioui","Aucun texte","il y a 5 ans"
"217","Agadir","Abido Afr","Aucun texte","il y a 5 ans"
"217","Agadir","hicham lakhdar","Aucun texte","il y a 5 ans"
"217","Agadir","Imad Rami","Aucun texte","il y a 5 ans"
"217","Agadir","Anas Tirraf","Aucun texte","il y a 5 ans"
"217","Agadir","younes winners","Aucun texte","il y a 5 ans"
"217","Agadir","voirol jean-marie","Aucun texte","il y a 5 ans"
"217","Agadir","Rainer Cap","Aucun texte","il y a 6 ans"
"217","Agadir","Fatima Zahra Alhiane","Aucun texte","il y a 6 ans"
"217","Agadir","Med Yacoub","Aucun texte","il y a 6 ans"
"217","Agadir","Hassna Oumast (‫حسناء أماست‬‎)","Aucun texte","il y a 6 ans"
"217","Agadir","Guillaume A","Aucun texte","il y a 6 ans"
"217","Agadir","Jean Colart","Aucun texte","il y a 6 ans"
"217","Agadir","C Redouane Chtouk","Aucun texte","il y a 6 ans"
"217","Agadir","slimani solutions","Aucun texte","il y a 6 ans"
"217","Agadir","Zoltán Horváth","Aucun texte","il y a 7 ans"
"217","Agadir","Winifsan","Aucun texte","il y a 8 ans"
"218","Agadir","Badr Fathallah","Agence au service nul!! Queue interminable avec un seul agent! Pas de sièges pour l'attente des clients! Pas d'organisation! Local sal!!!","il y a 11 mois"
"218","Agadir","OUMAIMA HALLA","Service déplorable ! J’ai payé mon abonnement, mais le wifi ne fonctionne toujours pas. L’agence est fermée tout le week-end, et personne ne répond aux appels. Aucune solution pour les clients en cas de problème. Très déçue du manque de professionnalisme !😡👎🏻 …","il y a un an"
"218","Agadir","Diroma","Cette agence est un désastre à tous les niveaux, accueil déplorable,personnel incompétent ,médiocre , zéro communication et qui prennent le client de haut...inwi devrait revoir le niveau d'étique et de professionnalisme de ses collaborateurs...","il y a un an"
"218","Agadir","bouiali Mohamed","Mauvaise service client","il y a 3 mois"
"218","Agadir","Moussa Charioui","Je recommande pas , service zero , mauvais comportement , au lieu de rassurer les clients , l agent blame son collegue","il y a 4 ans"
"218","Agadir","Haroui Aziz","Nul incompétent. Ouvre à 9h30 .Le personnel est arrivé à 10h","il y a 2 ans"
"218","Agadir","Alain SPAITE","Petite agence avec un vendeur très sympathique et compétent.","il y a 4 ans"
"218","Agadir","Benchouikh Abdelkarim","Comportement nul mauvais Services","il y a un an"
"218","Agadir","voirol jean-marie","TRAIT BIEN SUR TOUT LES POINTS","il y a 7 ans"
"218","Agadir","Rachid Taghazout","Service pas mal","il y a 5 ans"
"218","Agadir","Asmaa Med FAHIM","Bon service","il y a 3 ans"
"218","Agadir","Ali O","Service rapide","il y a 6 ans"
"218","Agadir","El habib arkiss","Après avoir utilisé leur service pendant deux mois et payé l'intégralité des frais mensuels, je n'ai absolument pas bénéficié de leur connexion internet. Malgré toutes mes réclamations, le commercial m'a demandé de partir et de ne plus le …","il y a 5 mois"
"218","Agadir","YY HH","0 notions service client","il y a 6 mois"
"218","Agadir","Professor I","Le service est déplorable. Le responsable est incompétent et malpoli envers les clients. Je regrette d'être client d'INWI depuis toutes ces années.","il y a 3 ans"
"218","Agadir","Zigzage YT","Un endroit magnifique avec une télévision pour regarder le football et tout ce qui touche au sport.","il y a 4 ans"
"218","Agadir","Khadija Kilani","Il essayait d'aider, mais… C'est le prix à payer quand on confie les rênes à la mauvaise personne.","il y a 4 ans"
"218","Agadir","Eloualidi Hassan","Le service était excellent et impeccable. Je recommande vivement de faire appel à leurs services.","il y a 3 ans"
"218","Agadir","Abdelkader Elbchari","La société Inwi ne répond pas aux appels des clients.","il y a 3 ans"
"218","Agadir","Karl Francis","Quelle carte SIM mobile emporter au Maroc ?","il y a 7 ans"
"218","Agadir","Yas sin","service nuul","il y a 2 ans"
"218","Agadir","Fer Zamudio","À votre arrivée à l'aéroport, n'oubliez pas de prendre une orange 🍊, cela vous évitera bien des ennuis. …","il y a 4 jours"
"218","Agadir","Karim El","Aucun texte","il y a 2 semaines"
"218","Agadir","Hicham Tdonstu","Aucun texte","il y a 3 mois"
"218","Agadir","said aitbach","Aucun texte","il y a 6 mois"
"218","Agadir","ABDELKADER BOUMAIZA","Aucun texte","il y a 8 mois"
"218","Agadir","youssef Bekri","Aucun texte","il y a 9 mois"
"218","Agadir","Akouri Ismail","Aucun texte","il y a un an"
"218","Agadir","NOREZZINE Elmouloudi","Aucun texte","il y a un an"
"218","Agadir","Mohmad Zelmad","Aucun texte","il y a un an"
"218","Agadir","Abdou","Aucun texte","il y a un an"
"218","Agadir","KHAD OTMA","Aucun texte","Modifié il y a un an"
"218","Agadir","youns benabbou","Aucun texte","il y a 2 ans"
"218","Agadir","AbdeALLAH boussif","Aucun texte","il y a 3 ans"
"218","Agadir","Asma Lamrani","Aucun texte","il y a 3 ans"
"218","Agadir","Ange Marie C Koffi","Aucun texte","il y a 3 ans"
"218","Agadir","Redouane Arbaa","Aucun texte","il y a 4 ans"
"218","Agadir","boujmaa saw37","Aucun texte","il y a 4 ans"
"218","Agadir","Hassan Et-tourbi","Aucun texte","il y a 4 ans"
"218","Agadir","abdeljalil Khadda","Aucun texte","il y a 5 ans"
"218","Agadir","Ayman chark","Aucun texte","il y a 5 ans"
"218","Agadir","MOUAAD MALEK","Aucun texte","il y a 6 ans"
"218","Agadir","farid Iddouch","Aucun texte","il y a 6 ans"
"218","Agadir","zoro mi","Aucun texte","il y a 7 ans"
"218","Agadir","jamal hamdaoua","Aucun texte","il y a 7 ans"
"218","Agadir","bouhamed simo","Aucun texte","il y a 7 ans"
"218","Agadir","Hatim EL BERGUI","Aucun texte","il y a 8 ans"
"218","Agadir","نورالدين Nectar Delta","Aucun texte","il y a 9 ans"
"219","Agadir","A M","Bon service en agence, mais numéro de téléphone toujours obsolète sur Google Map.","il y a un an"
"219","Agadir","Abdelaziz ELHELLOUMI","Une agence pour acheter pour acheter un portable ou charger et pour fair un abonnement","il y a 6 ans"
"219","Agadir","Eric Marty","Acceuil et prise charge parfaite","il y a un an"
"219","Agadir","hakibou hakibou","Très bon réseau et pas cher","il y a 3 ans"
"219","Agadir","Youssef","Bonne réception","il y a 5 ans"
"219","Agadir","Thomas Headroomsie","Je voulais un forfait internet illimité. On m'a proposé IDAR à 249 DH. J'ai accepté. Je ne parle ni arabe ni français. La réception étant très mauvaise, j'ai résilié mon abonnement. On me dit maintenant que les 249 DH payés initialement …","il y a un an"
"219","Agadir","ba ei","J'ai attendu 30 minutes pour que la fille m'explique qu'ils proposaient trois offres différentes d'abonnements internet, mais elle ne les connaissait pas vraiment. Elle n'a pas non plus réussi à m'expliquer pourquoi j'avais besoin de mon …","il y a 2 ans"
"219","Agadir","Paul M.","Très déçue. Je devais renouveler leur forfait internet illimité pour touristes à 300 dirhams. La conseillère a dit comprendre, mais je n'ai reçu que 30 Go pour 300 dirhams. J'aurais pu faire la même chose avec Orange et avoir une meilleure couverture.","il y a 3 ans"
"219","Agadir","birgit aigner","Ce magasin n'existe plus !","il y a 3 mois"
"219","Agadir","Mohamd Said","Service déplorable, ils vous ont dit que le système ne fonctionnait pas.","il y a 11 mois"
"219","Agadir","Sergei Konkov","La jeune fille parlait anglais, alors je me suis rapidement connecté à Internet et je suis reparti satisfait.","il y a un an"
"219","Agadir","anass elghousni","Le magasin est fermé, il n'existe plus.","il y a 7 mois"
"219","Agadir","ABDENNASSER REBHI","C'est bon","il y a 4 ans"
"219","Agadir","Candy6219. srv","Super","il y a un an"
"219","Agadir","elhatimi hicham","Ahsan","il y a 4 ans"
"219","Agadir","el hakimy el arbi","mauvais services","il y a 6 ans"
"219","Agadir","A T","La boutique est fermée depuis longtemps et Inwi devrait mettre à jour les informations sur Google Maps.","il y a 5 jours"
"219","Agadir","Hamza BELHOU","Aucun texte","il y a 10 mois"
"219","Agadir","youssouf abachouch","Aucun texte","il y a un an"
"219","Agadir","Scali Pan","Aucun texte","il y a un an"
"219","Agadir","mehdi zouaoui","Aucun texte","il y a un an"
"219","Agadir","Mouad OU (Mou3ad)","Aucun texte","il y a 2 ans"
"219","Agadir","Abdelghafarr Hagouch","Aucun texte","il y a 3 ans"
"219","Agadir","El Mehdi Iddouch","Aucun texte","il y a 4 ans"
"219","Agadir","Mohamed Laquieque","Aucun texte","il y a 6 ans"
"220","Agadir","Ha Cha","Je me suis presenté hier a cette agence , le conseillier commercial M. Lahen m'a servi avec beaucoup de gentillesse et professionnalisme  .
Merci beaucoup M. Lahcen .J'espère qu'inwi aille conaissance de votre vrai valeur .","il y a un an"
"220","Agadir","El habib arkiss","Le service est déplorable, tant de la part du conseiller que de l'entreprise.

Malgré de nombreux signalements et demandes de réparation, ma connexion internet …","il y a 5 mois"
"220","Agadir","Sunrise","Il faut attendre longtemps avant que ce soit votre tour. Et ils ne tiennent pas leurs promesses.","il y a 8 mois"
"220","Agadir","Leszek An","Service aimable, tout a été fait efficacement et conformément au tarif. Je recommande.","il y a 11 mois"
"220","Agadir","Youness Hmaïddouche","Service de costumes médiocre et mauvais et fermeture avant l'heure réelle 👎🏼👎🏼👎🏼👎🏼 …","il y a 2 ans"
"220","Agadir","Houcine Houcine","Excellent service client...","il y a 4 ans"
"220","Agadir","Karim El grifi","Ferme avant l'heure exacte","il y a 6 ans"
"220","Agadir","Abd El Hamid chat","Service client médiocre","il y a 3 ans"
"220","Agadir","hafid benelfaquir","Aucun texte","il y a 3 ans"
"220","Agadir","Samira Elhammar","Aucun texte","il y a 4 ans"
"220","Agadir","M Mahfoud","Aucun texte","il y a 5 ans"
"220","Agadir","mohamed elmoudene","Aucun texte","il y a 6 ans"
"220","Agadir","Omar Amassine","Aucun texte","il y a 6 ans"
"220","Agadir","zouhairr souilmi","Aucun texte","il y a 7 ans"
"222","Agadir","BLUE JUMP (“Saturnz”)","Bonjour, ne prenez pas la fibre inwi si vous habitez à tilila car ils ne sont vraiment pas professionnel.
Je paye 350dh pour 100mbps et j’ai max 20 mbps depuis 1 mois donc je vous conseille d’aller chez orange ou Maroc telecom car inwi c’est vraiment a chier","il y a 5 mois"
"222","Agadir","Talal Houdif","Si y avais une option en étoile négatif j’aurais mis.
Aucune amabilité, un monsieur avec des lunettes qui n’est pas compétent si donne pas d’explication et du sens. …","il y a 9 mois"
"222","Agadir","H. Talibi (Talibi)","Si je pouvais mettre 0 étoile c'est ce qu'elle mérite cette agence!!!
Grosse arnaque, j'ai pris un abonnement sans engagement idar duo. J'ai payer 750dh en tout .normalement le wifi doit fonctionner au bout 2h ,mais surprise ça …","il y a 9 mois"
"222","Agadir","Sou edy","Je suis allé à l’agence qui était indiquée comme ouverte sur Google Maps, mais je l’ai trouvée fermée. Nous aimerions discuter de la possibilité de nous rendre à votre agence.”","il y a un an"
"222","Agadir","Hassan Akensssous","Je me suis déplacé et trouvé portes close,  3h de pause déjeuner !
8h30 13h
16h 19h30
Des fonctionnaires.","il y a 2 ans"
"222","Agadir","NASSIRI","Je suis venue pour une migration de ligne ADSL. L’agence est tellement médiocre et sombre que ça m’a fait changé d’avis.","il y a 3 ans"
"222","Agadir","Fatima K.","Très bon service, je recommande cette agence.","il y a 2 ans"
"222","Agadir","Patrick","L employé de cette agence ne semblait pas vouloir travailler ce jour là…..","il y a 2 ans"
"222","Agadir","Lahcen Katrani","👍🏻 …","il y a 8 mois"
"222","Agadir","uwe i","Apathique et désintéressé. Ce n'est pas ainsi que devrait être un service de qualité.","il y a un an"
"222","Agadir","Iraqisurfer","En espèces seulement  :(","il y a 10 mois"
"222","Agadir","Mr. Elhassan","Services de qualité moyenne","il y a un an"
"222","Agadir","elasri elasri","Pas un mauvais traitement","il y a 7 ans"
"222","Agadir","Rachid Segrani","Fournir de fausses informations.","il y a un an"
"222","Agadir","abdo i7ni7n","Aucun texte","il y a 2 jours"
"222","Agadir","hamid hammour","Aucun texte","il y a un mois"
"222","Agadir","Laarossi Houidi","Aucun texte","il y a 9 mois"
"222","Agadir","Hassan Lachgar","Aucun texte","il y a 10 mois"
"222","Agadir","Boubrik Maryem","Aucun texte","il y a 11 mois"
"222","Agadir","Abdolah Bouhem (Bouhem abdolah coiffure)","Aucun texte","il y a un an"
"222","Agadir","lojika louji","Aucun texte","il y a 2 ans"
"222","Agadir","abdellah oufella","Aucun texte","il y a 3 ans"
"222","Agadir","Marwa Marwa","Aucun texte","il y a 3 ans"
"222","Agadir","Abdessamad EL HACHAMI","Aucun texte","il y a 4 ans"
"222","Agadir","Khadija Ousni","Aucun texte","il y a 4 ans"
"222","Agadir","Faissal Frarai","Aucun texte","il y a 5 ans"
"222","Agadir","Mohamed Essagar","Aucun texte","il y a 6 ans"
"223","Agadir","Said hassnaoui","Service médiocre ! Personnel impolie","il y a 9 mois"
"223","Agadir","Med Tnz","Mauvais accueil, plus de 10 min le responsable parlait au téléphone et après, rien...","il y a 5 ans"
"223","Agadir","Ilyas 22","le réseau est mauvais","il y a 7 ans"
"223","Agadir","YASSINE AIT ADDI","Bon service","il y a 2 ans"
"223","Agadir","achmed el","J'ai commandé et payé un appareil Wi-Fi iDAR, mais pour l'instant, le Wi-Fi ne fonctionne pas. …","il y a un an"
"223","Agadir","Ahmed Idwanaw","Vous attendrez une éternité, ils ne proposent aucune aide spécifique. Mieux vaut contacter le support directement par téléphone plutôt que de perdre votre temps ici. Ils ne font que vous vendre des produits. Mais pour les problèmes graves, ils n'ont rien à faire !","il y a 4 ans"
"223","Agadir","Nadine","Elle m'a vraiment menti sur les prix ! Elle m'a dit que 10 Go d'internet coûtaient 50 DH alors que c'est 10 DH. Vilaine fille !","il y a un an"
"223","Agadir","Sbak Ntas","Service déplorable. J'ai souscrit un abonnement ADSL il y a un mois et j'attends toujours qu'un technicien vienne effectuer le raccordement et activer la ligne, malgré mes nombreux appels.","il y a 3 ans"
"223","Agadir","Khadija Kilani","Le pire service de tous les temps. Aucune communication, aucun retour. Beaucoup d'arrogance et une expérience client catastrophique. Je ne recommande plus vraiment leur réseau.","il y a 4 ans"
"223","Agadir","elasri elasri","Inwi est le troisième opérateur de services mobiles, fixes et internet au Maroc. Fondée en 2010, elle est considérée comme un leader dans son secteur. L'entreprise a connu plusieurs fluctuations dans son développement et sa structure.","Modifié il y a 6 ans"
"224","Agadir","AICHA ZAKARIA","Avant 12h aujourd'hui l agence est déjà fermée.  ..  très decue et énervée.  On se déplace de loin.","il y a un an"
"224","Agadir","fati fatifati","Ils ont pas choisi le lieu .une vraie cachette","il y a 3 ans"
"224","Agadir","Chaymae Elfarouki","Rapide","il y a 6 mois"
"224","Agadir","Abdellah Ahbane","Mauvais service, ferme avant l'horaire mentionné ici..","il y a 3 ans"
"224","Agadir","ABDO NOU","Personne serviable et à la hauteur.","il y a 3 ans"
"224","Agadir","Ste tous matériaux Construction de bâtiments","Meilleurs qualités Meilleurs prix","il y a 3 ans"
"224","Agadir","Imad El garab","Mauvais choix","il y a 3 ans"
"224","Agadir","Noureddine Tiflit","Agence","il y a 4 ans"
"224","Agadir","ASURA","Mauvais service
Le personnel n'est pas disposé à aider et ferme avant l'heure indiquée.","il y a 2 mois"
"224","Agadir","Robert Sturm","Comme dans beaucoup de boutiques Inwi, je n'ai reçu aucune aide.

À Midelt, j'ai acheté une carte prépayée avec données illimitées. 30 jours pour …","il y a un an"
"224","Agadir","RIDA SESCO","mauvais service","il y a 6 mois"
"224","Agadir","Saad Alfredi","L'éthique du personnel est extrêmement mauvaise.","il y a 10 mois"
"224","Agadir","Hassan Waskiss","La personne à l'accueil est formidable et prend le temps de répondre aux clients. Que Dieu vous facilite la tâche.","il y a 3 ans"
"224","Agadir","Go Makia25","Mauvais service
Le personnel n'est pas disposé à aider et ferme avant l'heure indiquée.","il y a 3 ans"
"224","Agadir","Ilyass Idk","bon","il y a 7 mois"
"224","Agadir","simo ben razzouq","Ô Allah, bénis et accorde la paix à notre maître Muhammad, à sa famille et à tous ses compagnons.","il y a 5 ans"
"224","Agadir","Khalid Errami","C'était cool 😊 !
Le service est sympa. …","il y a 5 ans"
"224","Agadir","Adil Ziyani","C'est bon","il y a 3 ans"
"224","Agadir","AHMED LAADIMI","bel endroit","il y a 7 ans"
"224","Agadir","Boujemaa Azouay","Où régler cette facture","il y a 2 ans"
"225","Agadir","Dias 7680","Professionnel, le vendeur m'a aidé gratuitement à configurer un routeur que j'avais acheté. Équipe organisé et disponible, bravo 👏🏾 …","il y a un an"
"225","Agadir","BADI OTHMANE","Le rotor a été vendu et les mécaniciens ne l'ont pas installé. Cela fait un mois que je m'en plains, et malgré mes réclamations quotidiennes, personne ne répond.","Modifié il y a 2 mois"
"225","Agadir","Anna Root","Le bureau ferme à des heures impossibles ! Je suis arrivé à 15h20 et l'agence était fermée !","il y a 9 mois"
"225","Agadir","YY HH","Nous disons la vérité","il y a 8 mois"
"225","Agadir","Linda Fernandes","C'est fermé","il y a 2 mois"
"225","Agadir","Daniel","Meilleurs téléphones
Meilleur prix","il y a 2 ans"
"225","Agadir","I.U.B","Aucun texte","il y a 3 semaines"
"225","Agadir","Lyazid Elberhmani","Aucun texte","il y a 9 mois"
"225","Agadir","Latifa Hamzaoui","Aucun texte","il y a un an"
"225","Agadir","Barber Maestro VIP","Aucun texte","il y a un an"
"226","Agadir","Homeland 09","Très mauvaise agence tous les jours des contrôles le Personelle est vraiment ouf 😥 …","il y a un an"
"226","Agadir","Aicha Lahloumi","La personne qui travaille n est vraiment pas compétente dans le poste qu elle occupe je suis désolée mais j essaye d être le plus juste possible sans chercher à être  nuire à personne .","il y a 4 ans"
"226","Agadir","Abdelghafarr Hagouch","Bonne service donc cette agence","il y a 3 ans"
"226","Agadir","ADIL ALAMI","Mauvais service qualité du résrau mediocre pffff","il y a 7 ans"
"226","Agadir","HAMMADI JABBARI","Mauvais comportement de la réceptionniste","il y a un an"
"226","Agadir","Aya bouassila","J'ai adoré de ouf","il y a 6 ans"
"226","Agadir","Mohamed El Alaoui","Les horaires, pas comme tout le monde","il y a 6 ans"
"226","Agadir","rachid mtai","Pas mal

Envoyé","il y a 4 ans"
"226","Agadir","Goulferni Mustapha","Nul","il y a 4 ans"
"226","Agadir","Ik Lk","Parfait","il y a 7 ans"
"226","Agadir","Said Aj","5/5","il y a 6 ans"
"226","Agadir","Rehshyet Khadash Gill","Une dame très gentille m'a aidée à régler une facture que, pour une raison ou une autre, je n'arrivais pas à payer en ligne. J'ai passé deux heures à essayer de joindre quelqu'un pour expliquer mon problème. Heureusement, les personnes au bureau étaient bien plus aimables que celles avec qui j'ai discuté en ligne ! Merci encore ! 🙏🏻😊 …","il y a 10 mois"
"226","Agadir","Mohamed Essayyah","La façon dont les frères vous traitent dépend de votre tenue vestimentaire et du temps que vous leur consacrez. Désormais, je ne suis plus client Inwi.","il y a 3 ans"
"226","Agadir","HATTA CONSULTING","Hors service","il y a 7 mois"
"226","Agadir","Youness Oulachger","Service déplorable, personnel paresseux et impoli","il y a 3 ans"
"226","Agadir","Abe Yusuf","Fantastique","il y a 11 mois"
"226","Agadir","الناصري الناصري","Je n'aime pas ça","il y a 6 ans"
"226","Agadir","elmahdi bensouafa","magasin de téléphonie mobile","il y a 7 ans"
"226","Agadir","Abderrahim","Service médiocre","il y a 6 ans"
"226","Agadir","Abdellah Jaber","Bon service","il y a 4 ans"
"226","Agadir","Go4FitMorocco Tomasz Szala","Service professionnel et convivial. Je recommande vivement.","il y a une semaine"
"226","Agadir","عبدالله الحمري","Dieu a fait de mon maître Hassan un serviteur.","il y a 2 semaines"
"226","Agadir","Daymi Daymi","Aucun texte","il y a 8 mois"
"226","Agadir","Jaures Gbadie","Aucun texte","il y a 8 mois"
"226","Agadir","lhassan elhand","Aucun texte","il y a un an"
"226","Agadir","Said Zarhoune","Aucun texte","Modifié il y a 2 ans"
"226","Agadir","Ahmed Elbouzari","Aucun texte","il y a 2 ans"
"226","Agadir","Khalid Qwe","Aucun texte","il y a 2 ans"
"226","Agadir","hanane hanane","Aucun texte","il y a 3 ans"
"226","Agadir","sabregas uchiha","Aucun texte","il y a 3 ans"
"226","Agadir","Amine Habbad","Aucun texte","il y a 3 ans"
"226","Agadir","khadija salhaouuii","Aucun texte","il y a 4 ans"
"226","Agadir","Fousteki Hicham","Aucun texte","il y a 4 ans"
"226","Agadir","Mekdad Zakaria","Aucun texte","il y a 5 ans"
"226","Agadir","لحسن Lahcen","Aucun texte","il y a 5 ans"
"226","Agadir","J CH","Aucun texte","il y a 6 ans"
"226","Agadir","abdo errawi","Aucun texte","il y a 6 ans"
"226","Agadir","TMSoul AMAL","Aucun texte","il y a 6 ans"
"226","Agadir","el hassan errami","Aucun texte","il y a 7 ans"
"226","Agadir","Simou","Aucun texte","il y a 7 ans"
"226","Agadir","ZAKARIA AHMIDOUCH","Aucun texte","il y a 7 ans"
"226","Agadir","yassine el kharrat","Aucun texte","il y a 7 ans"
"226","Agadir","Ilyas Ilyas","Aucun texte","il y a 8 ans"
"227","Agadir","Idriss Amine El hajjaji","Service excellent. Réactivité rien a dire bonne continuation","il y a 2 mois"
"227","Agadir","aziz bouchbouk","Bon service","il y a 6 mois"
"227","Agadir","linae linae","Service Bn","il y a 6 mois"
"227","Agadir","Elyacoubi Abdo","Excellent service client","il y a 2 semaines"
"229","Agadir","Yes Yes1","Service nul à fuir","il y a 2 ans"
"229","Agadir","Soukaina Erraji","Service nul à éviter","il y a 6 ans"
"229","Agadir","Brims K'cher","Service médiocre","il y a 8 mois"
"229","Agadir","Hicham Errami","Service pas mal","il y a 7 ans"
"229","Agadir","Mohamed Timzourhine","Pour faire abonnment mais parfoie plienne","il y a 6 ans"
"229","Agadir","Addi Rzig","Lieu propre personnal serviable","il y a 7 ans"
"229","Agadir","Abderrahmane Rajawi","Nulle service 🤬🤬 …","il y a 2 ans"
"229","Agadir","Radouane Mazroui","Mauvais services","il y a 6 ans"
"229","Agadir","SOUKAINA EL ASRI","Service null","il y a 5 ans"
"229","Agadir","Tegro Gro","Nous souhaitions simplement renouveler notre carte Inwi. Ils ont tenté de nous facturer des frais de traitement supplémentaires d'un montant identique. Malgré nos explications, cela n'a rien changé. Alors, évitez cette agence à tout prix ! Il s'agit ni plus ni moins d'une tentative d'escroquerie.","il y a 2 mois"
"229","Agadir","Brahim Brahim","Il n'y a aucun problème. Il n'y a qu'un seul employé et beaucoup de clients. J'attends depuis plus de 15 minutes.","Modifié il y a 8 mois"
"229","Agadir","Kary Kari","Bon service, bon traitement","il y a un an"
"229","Agadir","Omar Amassine","Excellent service, gens sympas.","il y a 8 ans"
"229","Agadir","Yassin Yahoo","La khadma zina la mji bakri","il y a 7 ans"
"229","Agadir","jamal bani","Aucun texte","il y a 6 ans"
"229","Agadir","elasri elasri","Il n'y a rien de mal à cela.","il y a 5 ans"
"229","Agadir","dinaas Perla","Nooooooooooooo","il y a 2 ans"
"229","Agadir","MERCADO DR","Aucun texte","il y a un mois"
"229","Agadir","Hasna Oublid","Aucun texte","il y a 3 mois"
"229","Agadir","Nordine ESSOUL","Aucun texte","il y a 5 ans"
"229","Agadir","Rise","Aucun texte","il y a 6 ans"
"229","Agadir","Hicham Senhaji Tarikte","Aucun texte","il y a 6 ans"
"229","Agadir","Ayøuß Here","Aucun texte","il y a 6 ans"
"229","Agadir","Brahim AIT DAOUD","Aucun texte","il y a 6 ans"
"229","Agadir","Fouad El Adraoui","Aucun texte","il y a 6 ans"
"229","Agadir","Simohamed Akennad","Aucun texte","il y a 6 ans"
"229","Agadir","Abdelillah Elaoula","Aucun texte","il y a 6 ans"
"229","Agadir","Ismail Noughou","Aucun texte","il y a 7 ans"
"229","Agadir","Idssi Zacharias","Aucun texte","il y a 7 ans"
"229","Agadir","Said Amine","Aucun texte","il y a 8 ans"
"230","Agadir","Fer Zamudio","Acheter des oranges 🍊 vous évitera bien des ennuis …","il y a 4 jours"
"231","Agadir","اوهمو الحسن","La société Inwi' j'ai rien à dire Les agents du centre d'appel 220 sont à la hauteur.
Mais cet agence est très faible en ce qui concerne le service après-vente et …","il y a 2 ans"
"231","Agadir","MB. PRODUCTION","Sévice nul. Des agents incompétents. Je vous conseille de pas aller à cette agence. Mauvaise expérience. Nul de nul.","il y a 4 ans"
"231","Agadir","Fatimazahra Errachidi","Service nul , côté relationnel catastrophique , je  recommande pas cette agence 👎👎👎👎 …","il y a 3 ans"
"231","Agadir","jamal mouahbi","Service à ne pas recommander.
Nul","il y a 3 ans"
"231","Agadir","Khalid Abbou","Mauvais service. Tjrs panne de système","il y a 5 ans"
"231","Agadir","Belkassem Meziane","J'aime bien","il y a 2 ans"
"231","Agadir","Malika Traym","Service nuuuuul👎👎👎 …","il y a 4 ans"
"231","Agadir","Yes Yes1","Service médiocre","il y a 4 ans"
"231","Agadir","Mohammed Ouibourk","Les injecteurs électronique","il y a 5 ans"
"231","Agadir","Mohamed AIT AL-LA","Le service client de cette agence est déplorable et en dessous des normes. À chaque fois qu'on s'y rend pour une démarche, on nous dit de revenir le lendemain, contrairement aux agences de Dcheira et Takwin, dont le service est bon.","Modifié il y a 5 ans"
"231","Agadir","Bilali Sghir","Honnêtement, cela n'a rien à voir avec l'agence. Par Dieu, je vais à Tiquine ou à Dcheira pour régler mes affaires. L'accueil y est déplorable, surtout de la part d'une certaine Zina Azal. Elle traite les gens avec mépris et se comporte avec arrogance, comme si elle était la propriétaire. Que Dieu protège sa création.","Modifié il y a 7 ans"
"231","Agadir","saidi nesrine","Le personnel de Dcheira était désagréable, ils ne se soucient pas des clients 😒 et ne donnent pas assez d'informations. …","il y a 3 ans"
"231","Agadir","younsse ou","J'aime bien cette entreprise de télécommunications, mais parfois la connexion internet est un peu lente.","il y a 3 ans"
"231","Agadir","Zineb Belcadi","Le traitement est déficient depuis de nombreuses années et n’a jamais changé.","il y a 2 ans"
"231","Agadir","karim bounou كريم بونو","0/10","il y a 11 mois"
"231","Agadir","abdelkarim alhyan","Bon traitement","il y a 2 ans"
"231","Agadir","Karim Bohla","Très agréable","il y a 7 ans"
"231","Agadir","ABDELLATIF ANAFLOUS","Pas mal de service","il y a 6 ans"
"231","Agadir","Mohammed Latrache","En dessous des normes","il y a 4 ans"
"231","Agadir","anafal hassan","Au niveau requis","il y a 7 ans"
"231","Agadir","taha faridy","Aucun texte","il y a 2 ans"
"231","Agadir","Larbi Maroc","Aucun texte","il y a 3 ans"
"231","Agadir","Said Bouzaiton","Aucun texte","il y a 3 ans"
"231","Agadir","Mehdi W Safi","Aucun texte","il y a 3 ans"
"231","Agadir","lahoucine ouhsaini","Aucun texte","il y a 3 ans"
"231","Agadir","Amal Loulou","Aucun texte","il y a 6 ans"
"231","Agadir","ISMAIL IAJIB","Aucun texte","Modifié il y a 7 ans"
"231","Agadir","abdellah Abouadi","Aucun texte","il y a 7 ans"
"231","Agadir","المقاطع المدبلجة","Aucun texte","il y a 8 ans"
"232","Agadir","Breit Rolo","Sympa et compétent. Parle anglais.","il y a un mois"
"232","Agadir","Ahmed Camal","Bon accueil.
Agents très serviables","il y a un an"
"232","Agadir","mohamed arsmouk","lieu sûr","il y a 5 ans"
"232","Agadir","Ali Ali","services de qualité inférieure","il y a 7 mois"
"232","Agadir","أبو حذيفة اليحياوي","Il y a beaucoup de monde et vous ne trouverez rien dans cette maison","il y a 5 ans"
"232","Agadir","mustapha aziyan","Il n'y a pas d'échange","il y a 4 ans"
"232","Agadir","MUSTAPHA NADIF","Services excellents","il y a 3 ans"
"232","Agadir","Mustapha JENKHAR","bien","il y a 8 ans"
"232","Agadir","Zainab Amgdoul","😻😻😻 …","il y a 7 ans"
"232","Agadir","Fer Zamudio","À votre arrivée à l'aéroport, évitez absolument cette compagnie et optez plutôt pour Orange ; cela vous évitera bien des ennuis.","il y a 4 jours"
"232","Agadir","omar el idrissi","Service zéro à Had Anwi. Que Dieu leur pardonne, c'est tout.","il y a un mois"
"232","Agadir","Mehamd Idblla","Aucun texte","il y a 8 mois"
"232","Agadir","Daoude Ait oufkir","Aucun texte","il y a un an"
"232","Agadir","D Support","Aucun texte","Modifié il y a 2 ans"
"232","Agadir","flipaa QLF","Aucun texte","il y a 2 ans"
"232","Agadir","hafid gsmar","Aucun texte","il y a 2 ans"
"232","Agadir","Ghazwan Med","Aucun texte","il y a 2 ans"
"232","Agadir","Adil Benattou","Aucun texte","il y a 3 ans"
"232","Agadir","Ahmed Boubad - أحمد بوباد","Aucun texte","il y a 3 ans"
"232","Agadir","Mohammed ISSOR","Aucun texte","il y a 3 ans"
"232","Agadir","ayoub binnej","Aucun texte","il y a 4 ans"
"232","Agadir","Aissa Kazzou","Aucun texte","il y a 6 ans"
"232","Agadir","RachMan - راشمان","Aucun texte","il y a 7 ans"
"233","Agadir","Fer Zamudio","Prenez orange, ça vous évitera bien des ennuis.","il y a 4 jours"
"234","Agadir","Mk","Relationnel merdique, communication d'un agent inwi qui ne veut pas travailler ! À fuir !","il y a 5 mois"
"234","Agadir","Samia Tourni","Si je pouvais mettre moins je le ferais. Une agence avec un très mauvais service. Attitude irrespectueuse, manque de respect et mauvais comportement auprès des clients. A fuir. Je ne recommande pas.","il y a un an"
"234","Agadir","hassan elmandi","Bon accueil. Informations disponible","il y a 3 mois"
"234","Agadir","Breit Rolo","Inwi, le top et dans les boutiques, ça parle français.","il y a 5 mois"
"234","Agadir","Mohammed ISSOR","mauvaise communication, avec une attitude indésirable, je ne recommande pas d'aller attendre 30 à 45 minutes pour avoir votre tour","il y a 3 ans"
"234","Agadir","MAROUANE AIT BENAYAD","L'Agent commercial est professionnel","il y a 5 ans"
"234","Agadir","Hani salim Boustari","Bon service","il y a 4 ans"
"234","Agadir","jack Comptea","Manque de respect","il y a 3 ans"
"234","Agadir","MEHDI ABOUAITA","Ces salauds ! J'ai acheté mon routeur ADSL chez eux… ça a pris six jours, et il a grillé. Quand je suis retourné le faire remplacer, ils m'ont traité comme un chien… Quelle honte pour votre service !","il y a 4 ans"
"234","Agadir","Yassine BOURRICH","Ils ne vous offrent pas le meilleur service","il y a 5 ans"
"234","Agadir","elomri Yassine","Les utilisateurs font preuve de coopération et de compréhension.","il y a 5 ans"
"234","Agadir","Ayoub Dakh","Service-1","il y a 2 ans"
"234","Agadir","el hakimy el arbi","Bon service, merci Inwi","il y a 5 ans"
"234","Agadir","youssef khalil","Très beau","il y a 3 ans"
"234","Agadir","Hamza Salim","Serbis, que Dieu bénisse sa maison","il y a 7 ans"
"234","Agadir","abdel wal","Excellent","il y a un an"
"234","Agadir","Mohsin atmart","Le riz est stagnant et les yeux sont malades","il y a 5 ans"
"234","Agadir","ABDELHAKIM ELKANOUNI","Normes inférieures","il y a un mois"
"234","Agadir","El habib arkiss","Aucun texte","il y a 5 mois"
"234","Agadir","Hajeremj Mo","Aucun texte","il y a 9 mois"
"234","Agadir","Hssina Benbah","Aucun texte","il y a un an"
"234","Agadir","Ismail Oumihi","Aucun texte","il y a 2 ans"
"234","Agadir","عبدو الصويري","Aucun texte","il y a 2 ans"
"234","Agadir","Abden","Aucun texte","il y a 4 ans"
"234","Agadir","Abdrrahime Danaba","Aucun texte","il y a 4 ans"
"234","Agadir","عبد الله لكريك","Aucun texte","il y a 4 ans"
"234","Agadir","Ahmad Amzil","Aucun texte","il y a 4 ans"
"234","Agadir","Amghar ma","Aucun texte","il y a 5 ans"
"235","Agadir","Ayoub LhaShmi TV","Service 0 ta3amol 0 kaybghiw ghir itfko mnk","il y a 10 mois"
"235","Agadir","ismail nait mbarek","Service impeccable
Personnel excellent
Inwi est un endroit charmant","il y a 2 ans"
"235","Agadir","Osi Dakir","Très bien, le représentant du service clientèle est un homme charmant.","il y a 2 ans"
"235","Agadir","Tekaa Tekaaa","Service excellent","il y a 2 semaines"
"235","Agadir","aziz bouchbouk","Aucun texte","il y a 2 ans"
"236","Agadir","Mustapha","Bon service 👏 …","il y a 9 mois"
"236","Agadir","moulay mohamed tamri","Inezgane devant les bus","il y a 3 ans"
"236","Agadir","asia kherbouch","Bon service, mais parfois le wifi n'est pas très rapide.","il y a une semaine"
"236","Agadir","aattar Said","Aucun texte","il y a un an"
"236","Agadir","طاهر القلب","Aucun texte","il y a 2 ans"
"236","Agadir","Abed Laasri","Aucun texte","il y a 2 ans"
"236","Agadir","Khalid El bougha","Aucun texte","il y a 3 ans"
"236","Agadir","Zakaria Azaanoun","Aucun texte","il y a 3 ans"
"236","Agadir","mohanad benlnouden","Aucun texte","il y a 4 ans"
"238","Agadir","Ko Phine","Nous avons acheté une carte SIM de voyage ici. Service aimable, rapide et simple – merci !","il y a 4 mois"
"238","Agadir","aziz dadas","Cette agence emploie une personne agréable et pratique","il y a 3 mois"
"238","Agadir","linae linae","Service Bn 🫶🏻 …","il y a 5 mois"
"238","Agadir","Tekaa Tekaaa","Service au top ♥️","il y a 2 semaines"
"238","Agadir","abdo labaali","Service excellent, accueil formidable, merci !","il y a un mois"
"238","Agadir","Azzdinne Guellouch","Aucun texte","il y a 5 mois"
"247","Kenitra","simo homme","Endroit fermé et peu d'espace","il y a 2 mois"
"247","Kenitra","Mostafa Meliani","Mauvais réseau mauvaise couverture","il y a 3 ans"
"247","Kenitra","Halima Rezki","Prcq meilleur service","il y a 4 ans"
"247","Kenitra","bella chica","Service client déplorable ; manque d’expérience et de formation, compétences en communication écrite et orale très faibles. …","il y a 9 mois"
"247","Kenitra","abd ellatif hillali","Ils ont encore besoin de formation","il y a 2 ans"
"247","Kenitra","آدم لعباب","L'application ne fonctionne pas !!!!","il y a 2 ans"
"247","Kenitra","Abdelali ait","Aucun texte","Modifié il y a 3 ans"
"247","Kenitra","Tarik Tarik","Aucun texte","il y a 5 ans"
"249","Meknès","farah rouwassi","Horaire d ouverture 9h
Je viens volontairement à 9h30 pour leur laisser le temps de commencer mais personne …","il y a un an"
"249","Meknès","Fox-Hamad","L'agence Marjane de la route d'Akourai est propre, mais malheureusement, le service de certains employés est déplorable et manque cruellement d'hospitalité. Les 11 et 12 décembre 2025, dans l'après-midi, je me suis adressé à un employé qui …","il y a 4 mois"
"249","Meknès","M J","La personne à l’accueil est très gentille mais le service inwi archi nulle!!!!!
Impossible de recharger son téléphone car le logiciel ou la mise à jour etc ne fonctionne pas. C’est inadmissible. …","il y a 6 mois"
"250","Meknès","John So","Très bon service dans cette agence Inwi. Nadya m’a bien aidé et a pris le temps de régler mon problème. Rien à dire, je recommande.","il y a 11 mois"
"250","Meknès","harry micco","Très bon service conseiller au top 😊 …","il y a 2 ans"
"250","Meknès","Soufiane Nejmi","Inwi vous ètes les meilleurs","il y a 3 ans"
"251","Oujda","Laila","tres mauvaise service , les gens sont impolis et ne veulent pas t aider. en plus adsl NUL .","il y a 3 mois"
"251","Oujda","Amel Ouerdi","Service honteux et absolument pas professionnel.

Deux années de suite que je vis exactement la même galère avec Inwi. Cette …","il y a 9 mois"
"251","Oujda","Amina HAJJI","Le manque d’explications était flagrant. J’ai eu l’impression de devoir “mendier” chaque information. En tant que client, nous ne sommes pas experts en téléphonie et avons besoin d’accompagnement. …","il y a un an"
"252","Oujda","Med JEBB","Durant les mois d'été, cette agence devient insupportable pour les clients du fait de la grande chaleur accumulée durant les longues journées de l'été. Prière de trouver une solution pour la climatisation. …","Modifié il y a 7 mois"
"252","Oujda","salvadore","endroit pour payer les facture uniquement possibilité de souscrire aucun contrat puis on vous donne des facture sans detail et pour finir la caissiere est tres desagreable un conseil si vous voulez la fibre chez ou l'adsl prenez orange","il y a 2 ans"
"252","Oujda","Hamada DD","Driss, le chef d'agence, est très efficace dans le service à la clientèle. Il arbore toujours un sourire chaleureux, ce qui en fait un excellent représentant d'Inwi.","il y a 2 ans"
"255","Safi","Mery Amir","Et si je pourrais noter zero je le ferais

Je souhaite signaler mon expérience avec une employée dans l’une de vos agences …","il y a 4 mois"
"255","Safi","Anas Labdairi","J’ai contacté le service client Inwi qui m’a clairement informé que j’avais droit à un Wi-Fi de dépannage en attendant l’activation de la fibre. Mais une fois à l’agence, on m’a refusé cette solution sous prétexte que ma ligne provient d’un …","il y a 8 mois"
"255","Safi","AL 6","Il y a une conseillère très professionnelle, qui résout les problèmes et donne des conseils rapidement. Malheureusement, ce n’est pas le cas des autres : mieux vaut ne pas être pressé ni s’énerver trop vite.","il y a 9 mois"
"256","El Jadida","Youssef BERADY","Personnel serviable maîtrise leur produits","il y a 7 mois"
"256","El Jadida","Mouhssine LAFRAOUZI","J'ai donné 5 que pour les personnelles qui travaillent ici ❤️","il y a 9 mois"
"256","El Jadida","Badr eddine AÏT OULAÏD","Agent d'accueil très serviable mais il est tout seul et la taille de l'agence est beaucoup trop petite... Il est souhaitable d'envisager l'ouverture d'une agence plus grande et proportionnelle à la demande...","il y a 5 ans"
"257","Taza","Barnossi Construction","Pas climatisée.
Le personnel est pas à l'écoute. …","il y a 8 mois"
"257","Taza","Khabbaz abdelaziz","C'est une agence de vente de la marque inwi. Un très bon emplacement le coeur de taza un très bon service de la part des deux employés un bon matériel","il y a 6 ans"
"257","Taza","EL HRICHI Hassan","Mauvaise ste","il y a 4 mois"
"257","Taza","Mohamed Metrkati","Je suis aime la agence inwi","Modifié il y a 8 ans"
"257","Taza","Jaja Spuds","Pas sérieux.","il y a un an"
"257","Taza","hicham belghit","Nul","il y a 3 ans"
"257","Taza","Kamal EL HASSAK","Service à la hauteur","Modifié il y a 3 ans"
"257","Taza","Lahlali Abdelkrim","Agence de télécommunications","il y a 6 ans"
"257","Taza","أبو سليمان البرنوسي","Si vous entrez dans le Jones d'Inwi, vous aurez l'impression d'être revenu à 2000 en termes de réception et de traitement, mais la connexion ne fonctionne pas et il y a un problème","il y a 3 ans"
"257","Taza","Salaheddine Eddine","Il vous reste encore de nombreux jours devant vous...","Modifié il y a 8 ans"
"257","Taza","Hamza Bouaouinat","Bien","il y a 2 ans"
"257","Taza","Zaid Kassal","Premier amour","il y a 4 ans"
"257","Taza","المتوكل على الله","Hôpital Ourida","il y a 8 ans"
"257","Taza","Sidi Mohamed Idrissi","Aucun texte","il y a 2 mois"
"257","Taza","El hamdaoui Mohamed","Aucun texte","il y a 9 mois"
"257","Taza","Rest your hearing أرح سمعك","Aucun texte","il y a un an"
"257","Taza","ناصرة السنة","Aucun texte","il y a un an"
"257","Taza","EL ARABI ISMAIL","Aucun texte","il y a 2 ans"
"257","Taza","Aslim Allouch","Aucun texte","il y a 2 ans"
"257","Taza","Mohamed Abu Zaid","Aucun texte","il y a 2 ans"
"257","Taza","Saïd Aknouch","Aucun texte","il y a 3 ans"
"257","Taza","Maroc news","Aucun texte","il y a 3 ans"
"257","Taza","Sanae Amir","Aucun texte","il y a 3 ans"
"257","Taza","Adib kouchtir","Aucun texte","il y a 4 ans"
"257","Taza","brihi mohamed","Aucun texte","il y a 4 ans"
"257","Taza","Chef Hamid Saouiat (mid)","Aucun texte","il y a 5 ans"
"257","Taza","Abderrahmane Belhacene","Aucun texte","il y a 6 ans"
"257","Taza","Jaouad Elkachmari","Aucun texte","il y a 7 ans"
"257","Taza","harnan aziz","Aucun texte","il y a 7 ans"
"257","Taza","Simohammed El Alaoui","Aucun texte","il y a 7 ans"
"257","Taza","Abderrahman Amezyane","Aucun texte","il y a 7 ans"
"257","Taza","Ahmed Bou","Aucun texte","il y a 7 ans"
"257","Taza","otman chahbout","Aucun texte","il y a 7 ans"
"257","Taza","Mounir Boussag","Aucun texte","il y a 7 ans"
"257","Taza","Jandara","Aucun texte","il y a 7 ans"
"257","Taza","KAMAL BOUDRA","Aucun texte","il y a 8 ans"
"259","Settat","Malak RAGHIB","Ce magasin inwi offre un service catastrophique et irrespectueux. Le conseiller qui travaille là-bas ne sait absolument pas comment traiter les clients.
Il parle d’une manière impolie, arrogante, sans respect. Il ne répond pas …","il y a 8 mois"
"259","Settat","Khaled elkhaldi","j ai visité votre agence aujourdhui matin pour demander un service. malheureusement je n ai trouve aucun respect . La fille qui était la bas est impolie, mal eduquee, irrespectueuse. Le personnel d acceuil doit avoir un gout avec les visiteurs et les client ce que j ai vu cest vraiment la honte. Ca sera ma derniere visite desolee","il y a 6 ans"
"259","Settat","Nabil Oqab","Mauvaise","il y a 7 mois"
"259","Settat","nab nab","Le chef d'agence elle se croit le PDG d'Inwi","il y a 7 ans"
"259","Settat","Ben abed","N'est au service de l'apprenant( e)","il y a 6 ans"
"259","Settat","Abdelghani BOUDAOUD","ça  va","il y a 6 ans"
"259","Settat","BOULEMANE Car S.A.R.L","Agents et services médiocre","il y a 5 ans"
"259","Settat","mouad karmi","Pas mall","il y a 8 ans"
"259","Settat","BOURZGUI MORAD","bon","il y a 6 ans"
"259","Settat","manar abdelhaq","Bon travail","il y a 4 ans"
"259","Settat","abdelaziz bouargan","Trouver","il y a 5 ans"
"259","Settat","abed action","Vérifiez la factures...","il y a 7 ans"
"259","Settat","Hassan Hassan","👍 …","il y a 6 ans"
"259","Settat","harit amine","Excellent","il y a 6 ans"
"259","Settat","Khalid GOU","👍🏼👌🏼👌🏼👍🏼 …","il y a 6 ans"
"259","Settat","Ahmed Elrharib","Des agents professionnel","il y a 4 ans"
"259","Settat","Abdelhadi","Service nul","il y a 7 ans"
"259","Settat","Yassine Yassine","Des escros","il y a 2 ans"
"259","Settat","Nabila Zine","Service null","il y a 7 ans"
"259","Settat","pokegz","la dame qui travaille dans cette agence n'a pas voulu resilier l'abonnement de ma box wifi et m'a dit que je n'ai pas payer le mois de decembre et janvier et que je devais payer 300dirham pour resilier l'abonnement alors que j'ai payer …","il y a un mois"
"259","Settat","mohamed ouahib","Que la paix soit avec vous. Le service est excellent dans toutes les agences de Settat, et je tiens tout particulièrement à mentionner le formidable frère Ahmed Lahmidi.","il y a 7 ans"
"259","Settat","Amina Housin","Abdasslam bannejma Traveux bannejema srl","Modifié il y a 9 mois"
"259","Settat","‫شمس عبدالحميد غني (عبد الحميد)‬‎","Je n'ai acheté chez eux qu'une carte SIM, mais leur Wi-Fi est complètement hors service.","il y a 3 ans"
"259","Settat","Ilham Eddahby","Vous êtes des voleurs qui gagnez 200 dirhams par mois et qui ensuite les coupent tous les jours.","il y a 7 ans"
"259","Settat","ساعد المالكي","Belle entreprise de télécommunications au Maroc..","il y a 4 ans"
"259","Settat","HL HAMID","mauvais service","il y a 2 ans"
"259","Settat","Smail Elhwat","Bonne communication","il y a 6 ans"
"259","Settat","Hjvhg Vjhvgh","Service excellent","il y a 6 ans"
"259","Settat","Nourdine Nourdine","bien","Modifié il y a 3 ans"
"259","Settat","Redouane Amir","Aucun texte","il y a 8 mois"
"259","Settat","Salma El","Aucun texte","il y a un an"
"259","Settat","Mr T","Aucun texte","il y a un an"
"259","Settat","rhythm ocean","Aucun texte","il y a un an"
"259","Settat","mohammed sabri","Aucun texte","il y a un an"
"259","Settat","Med Sabil","Aucun texte","il y a un an"
"259","Settat","Fouad Foudi","Aucun texte","il y a 3 ans"
"259","Settat","Hamza Siad","Aucun texte","il y a 4 ans"
"259","Settat","Yasmine Filali","Aucun texte","il y a 5 ans"
"259","Settat","Adnan HIJAZI","Aucun texte","il y a 6 ans"
"259","Settat","Azzeddine Khalil","Aucun texte","il y a 6 ans"
"259","Settat","ABDELILAH LABJAOUI","Aucun texte","il y a 6 ans"
"259","Settat","الم لقمان","Aucun texte","il y a 6 ans"
"259","Settat","sirine semlil","Aucun texte","il y a 6 ans"
"259","Settat","Mozart","Aucun texte","il y a 7 ans"
"259","Settat","محمد المنافع","Aucun texte","il y a 7 ans"
"259","Settat","khadija EL OUAFI","Aucun texte","il y a 7 ans"
"259","Settat","Yassine ELOUARDI","Aucun texte","il y a 7 ans"
"259","Settat","Goumghar Kawtar","Aucun texte","il y a 7 ans"
"259","Settat","Hanane Ch","Aucun texte","il y a 7 ans"
"259","Settat","Saldnadif 12345678","Aucun texte","Modifié il y a 7 ans"
"259","Settat","adam smahi","Aucun texte","il y a 7 ans"
"259","Settat","said louafi","Aucun texte","il y a 7 ans"
"259","Settat","Soukaina Gha","Aucun texte","il y a 7 ans"
"259","Settat","Sahiri Aziz","Aucun texte","il y a 7 ans"
"259","Settat","Youness Ferradi","Aucun texte","il y a 7 ans"
"259","Settat","Abdo WafiQ","Aucun texte","il y a 8 ans"
"260","Settat","Ala Chababi","Très bon service. Le revendeur est très serviable","il y a 6 ans"
"260","Settat","Bouchaib Ech-chabbi","Settat","il y a 5 ans"
"260","Settat","Zineb Solaihi","L'arnaque 👎👎👎👎 …","il y a 6 ans"
"260","Settat","زكرياء سابع","Agence Inwi, Settat, Nzala Cheikh, rue Haj Bouchaib Ben Labssir, face au marché Chotiba.","il y a 5 ans"
"260","Settat","Hossin Oqaili","C'est la première fois que je termine. Le service est incroyable ! 😍😍😍 …","il y a 4 ans"
"260","Settat","العابس الملك","Que Dieu soit avec toi","il y a 9 mois"
"260","Settat","Hamiti202 Hicham","Personnel très aimable","il y a 6 ans"
"260","Settat","EL ARBI ABDOUNI","Maziane","il y a 2 ans"
"260","Settat","Amine As","Bghit n9ol tbrklah ela siyed li khedam tmaaaak vrmt kay5alik t5roj satisfait ♥️","il y a 3 semaines"
"260","Settat","Achraf elkihel","Aucun texte","il y a un an"
"260","Settat","R Chougri","Aucun texte","il y a 3 ans"
"260","Settat","Mohcine BOUKSIM","Aucun texte","il y a 3 ans"
"260","Settat","Ahmed Bellachhab","Aucun texte","il y a 4 ans"
"260","Settat","adil issam","Aucun texte","il y a 4 ans"
"260","Settat","Annab Mostafa","Aucun texte","il y a 4 ans"
"260","Settat","Koko Kokita","Aucun texte","il y a 4 ans"
"260","Settat","‫الناوي ياسين وخديجة (يوميات ياسين وخديجة)‬‎","Aucun texte","il y a 5 ans"
"260","Settat","Ammor Abderrahmane","Aucun texte","il y a 6 ans"
"260","Settat","BOUSAID ABDELHAQ","Aucun texte","il y a 6 ans"
"260","Settat","Siham Soulkane","Aucun texte","il y a 6 ans"
"260","Settat","Abdelhadi","Aucun texte","il y a 7 ans"
"261","Larache","Hama Vtc","J’ai une très bonne expérience, la conseillère m’a très rapidement débloqué la situation, je la remercie personnel de qualité","il y a 8 mois"
"261","Larache","c5","J’ai souscris à un abonnement Adsl xtra (une extra entourloupe) dans cette agence, le 29.12.2023. …","il y a 2 ans"
"261","Larache","N CHARGUI","Boutique d’escrocs!
Le pseudo-conseiller a contracté un abonnement avec engagement d’un an sans m’en avoir informé ! …","il y a un an"
"261","Larache","ABDESSAMAD ABDELOIHIDIN","J'appelle le téléphone mais le répondeur automatique me préviens que ce numéro n'est pas attribué, veuillez procéder à l'arrangement de ce problème","il y a un an"
"261","Larache","YASSINE El","Service rapide et conseillé clientèle professionnel","il y a 8 ans"
"261","Larache","sanae el matni","Très bien","il y a 6 ans"
"261","Larache","Hasnaoui Mustapha","Propre.
Personnel  très gentil.","il y a 6 ans"
"261","Larache","Mohamed Ghailan","Nice place","il y a 8 ans"
"261","Larache","Davide Marino","Ce sont des arnaqueurs ! Ils m'ont fait revenir trois fois parce que la connexion internet ne fonctionnait pas, puis ils ont prétendu que le problème venait de mon téléphone et m'ont envoyé voir quelqu'un pour le vérifier. Mon téléphone …","il y a 3 mois"
"261","Larache","Sebastiaan Kikkert","Je ne recommande absolument pas cette boutique Inwi. La carte SIM que j'ai reçue était censée fonctionner après trois heures de traitement. Or, elle était désactivée (le service client d'Inwi me l'a confirmé, mais n'a pas pu résoudre mon …","il y a 2 ans"
"261","Larache","Tatyanna Wilkinson","Service toujours excellent.","il y a 5 mois"
"261","Larache","José Felix Correa Hernández","Cela faisait longtemps que je n'avais pas vu une personne aussi impolie.","il y a 11 mois"
"261","Larache","OUBEL Design","Mauvais service je ne le recommande pas seulement à Larache","il y a 5 ans"
"261","Larache","Septembre J","Expérience formidable","il y a 10 mois"
"261","Larache","VIN47","Service client déplorable","il y a 2 ans"
"261","Larache","aymane Rokni","Je ne sais pas trop hh","il y a 6 ans"
"261","Larache","SPKCHKTL SPKCHKTL","Inwi","il y a 6 ans"
"261","Larache","Hafida Elabiad","Surgenord","il y a 6 ans"
"261","Larache","abdalouahad rochd","excellent","il y a 6 ans"
"261","Larache","BEN AZZOUZ","Bon service","il y a 6 ans"
"261","Larache","Saida Mejoud","Services","il y a 7 ans"
"261","Larache","Abou salah","faible","il y a 6 ans"
"261","Larache","Hammani El Mehdi","Aucun texte","il y a 8 mois"
"261","Larache","Moha Bak","Aucun texte","il y a 9 mois"
"261","Larache","Reda Redouan","Aucun texte","il y a un an"
"261","Larache","Soufiane Elaouad","Aucun texte","il y a 2 ans"
"261","Larache","sisoufiano EL","Aucun texte","il y a 2 ans"
"261","Larache","ossmmn __","Aucun texte","il y a 2 ans"
"261","Larache","Ahmed Khoucham","Aucun texte","il y a 3 ans"
"261","Larache","noureddine MBASSO","Aucun texte","il y a 4 ans"
"261","Larache","Mohamed Larbi Serroukh","Aucun texte","il y a 4 ans"
"261","Larache","imad Larachino","Aucun texte","il y a 6 ans"
"261","Larache","marwan el achiri","Aucun texte","il y a 6 ans"
"261","Larache","AICHA BANGOURA","Aucun texte","il y a 6 ans"
"261","Larache","Chaymae Rejraj","Aucun texte","il y a 6 ans"
"261","Larache","VINOS YT","Aucun texte","il y a 6 ans"
"261","Larache","Rachid el ouahabi","Aucun texte","il y a 6 ans"
"261","Larache","Hamza Lazar","Aucun texte","il y a 6 ans"
"261","Larache","Ghailan Mohamed","Aucun texte","il y a 6 ans"
"261","Larache","ilyass drissou","Aucun texte","il y a 7 ans"
"261","Larache","Naoufal Nawfal","Aucun texte","il y a 7 ans"
"261","Larache","Abderrahman Assorhani","Aucun texte","il y a 7 ans"
"261","Larache","Rbiee Ali","Aucun texte","il y a 7 ans"
"261","Larache","Medi التعليمية","Aucun texte","il y a 7 ans"
"261","Larache","hicham oulad ben hamdi","Aucun texte","il y a 8 ans"
"261","Larache","Abderrahman Ouhnas","Aucun texte","il y a 8 ans"
"262","Larache","Momo Horoscope","Générations 5G migration 5G bien","il y a 3 mois"
"262","Larache","Mohamed Ali DHIBA","Bon service client. Rigueur et accueil. La restitution de la garantie a été moins que ce que j'ai déposé au début. Mais c'est pas grave. Bon continuation.","il y a 3 ans"
"262","Larache","ABDESSAMAD ABDELOIHIDIN","J'appelle le téléphone mais sans réponse","il y a un an"
"262","Larache","Société Med horoscope trans s.a.r.l","Bien","il y a un an"
"262","Larache","Ahmed el boulifi","Mauvaise reception","il y a 5 ans"
"262","Larache","Mourad Abdou","Bonne  services","Modifié il y a 3 ans"
"262","Larache","Simohamed Rabie t","👍👍 …","il y a 2 ans"
"262","Larache","Septembre J","Ce n'était pas bon.
Il parlait au téléphone.
Un minimum d'effort.","il y a 10 mois"
"262","Larache","Hanna Limiszewska","Super, le monsieur nous a beaucoup aidé, nous a bien expliqué et nous avons acheté Internet sans aucun problème.","il y a 2 ans"
"262","Larache","Said Kanoufi","Siyad li tama so9o khawi mo3amala 0.","il y a 2 ans"
"262","Larache","Yassine Faiz","Service médiocre de la part du personnel de l'agence","il y a 6 ans"
"262","Larache","Donatien Dao","Le service n'est pas mauvais","il y a 2 ans"
"262","Larache","Albini","Bien","il y a 10 mois"
"262","Larache","Sayeh Moad","👌 …","il y a 3 ans"
"262","Larache","Mohamed Ghailan","Bons services","il y a 8 ans"
"262","Larache","redouane zniker","région de Khénifra","il y a 6 ans"
"262","Larache","yassin barcelona","Aucun texte","il y a 8 mois"
"262","Larache","Bentabete Hassan","Aucun texte","il y a 11 mois"
"262","Larache","Maria","Aucun texte","il y a 2 ans"
"262","Larache","Fgdjf Fssgds","Aucun texte","il y a 2 ans"
"262","Larache","GsM- FLASH","Aucun texte","il y a 2 ans"
"262","Larache","Mchich Chentouf","Aucun texte","il y a 3 ans"
"262","Larache","Assab mestafa","Aucun texte","il y a 3 ans"
"262","Larache","Hafida Elabiad","Aucun texte","il y a 3 ans"
"262","Larache","COACH TRAINER Amine Elouanti (LIFE COACH)","Aucun texte","il y a 4 ans"
"262","Larache","Driss Allom","Aucun texte","il y a 4 ans"
"262","Larache","هشام أبو زيد","Aucun texte","il y a 4 ans"
"262","Larache","ام هبة","Aucun texte","il y a 4 ans"
"262","Larache","Yassine El Fassi","Aucun texte","il y a 5 ans"
"262","Larache","Regrag Ayoub","Aucun texte","il y a 5 ans"
"262","Larache","YOUSSEF FILALI","Aucun texte","il y a 5 ans"
"262","Larache","kamal hamzawi","Aucun texte","il y a 5 ans"
"262","Larache","dbbab issmail","Aucun texte","il y a 5 ans"
"262","Larache","Lki Guk","Aucun texte","il y a 6 ans"
"262","Larache","Khalid Abriak","Aucun texte","il y a 6 ans"
"262","Larache","Naoufal Selkane","Aucun texte","il y a 6 ans"
"262","Larache","el boulifi houssam","Aucun texte","il y a 8 ans"
"262","Larache","soufiane el boulifi","Aucun texte","il y a 8 ans"
