num_agence,Name,Comment,review_year,review_month,review_day,sentiment_score,topic,comment_length
1.0,Mehdi Mokaddem,"C’est bien de construire des tours, mais à cause de vous on ne va même pas être dans le top 10 des pays africains avec un bon accès internet! Vous commencez à agacer les gens sérieusement.",2026,1,29,0.57,autre,188
1.0,Youssef Barhoun,"Je suis très déçu(e) du service d'IAM Maroc. J'ai rencontré plusieurs problèmes, notamment un manque de réactivité, un personnel peu professionnel et des délais de traitement très longs. Ce genre d'expérience est frustrant et ne reflète pas",2026,1,29,-0.96,attente en agence et personnel,240
1.0,Oussama Aissaoui,"La seul et unique chose satisfaisante chez IAM c'est le siège. Adsl, Fibre: Réseau 4G : Nul et instables comparant aux concurrents qui proposent mieux Rapport qualité-prix : 👎🏼",2020,7,29,0.65,carte sim et réseau,178
2.0,abdellatif drahmane,Un immense merci à la jeune dame de l'agence.. J'ai été très bien conseillé et je souligne sa grande patience ainsi que ses explications hyper claires. Elle a pris le temps nécessaire pour régler mon problème d’abonnement .,2026,2,28,0.91,attente en agence et personnel,223
2.0,rachid maaroufi,"Bonjour j'ai demandé un changement de ligne ADSL vers FIBRE depuis le 04/08 et toujours rien,pourtant ils m'ont informé à l'agence que le délais est de 48h. le SC au Tel ou bien l'agence Iam ne font que relancer sans avoir le motif du retard du prestataire",2025,12,30,-0.52,internet fibre et box,256
2.0,Akhibou Sall,"Je n’ai jamais vu un service aussi catastrophique. J’ai souscrit à la fibre optique depuis le 2 juillet, et nous sommes le 12 : toujours aucun service. J’appelle le service clientèle, aucune considération pour mon problème. Je me rends en agence, aucun effort n’est fait pour le résoudre. C’est du jamais vu, je suis extrêmement déçu",2025,10,31,-0.72,attente en agence et personnel,333
3.0,Thierry ElMaleh,"Bonjour, service mauvais , directrice mal discipliné et malhonnête ! Il vous faut plus de 15 jours pour la résiliation d’une ligne fixe Sachant que je suis à jour",2026,7,28,-0.98,attente en agence et personnel,163
3.0,Hanane Chakir,"MRE surtout éviter cet opérateur, 20GO en même pas 24h, c du vol, on est là depuis 5 jours et on a déjà claqué 40GO, comment c possible? En ne regardant ni films, ni en téléchargeant, c vraiment du vol, on a pris la box et en plus de ça 4 puces, on va changer d’opérateur c trop",2023,7,29,-0.57,facturation et prix,278
3.0,Amine Dabbar,Mauvaise service,2026,7,28,0.55,attente en agence et personnel,16
4.0,sara jabir,"a 14h35 pas de personnels dans l'agence, que l'agent de sécurité qui m'a orienter vers un numéro de service client (qui ne rep pas). je n'ai rien compris",2026,4,29,0.0,attente en agence et personnel,154
4.0,Moulay Alaoui,"Un service client inopérant, Perturbations sur la ligne Adsl  tout le temps, aucune réaction de la part de la société",2026,3,30,0.0,internet fibre et box,117
4.0,Fabien Surdi,"La dame Rachida est très malpolie et pas professionnelle . Elle nous parle comme si c'est elle qui allait payer pour nous . 0 sourire , 0 mot gentil et énormément de provocations et de grimaces.C'est pour cette dame que je ne remettrai plus les pieds chez vous. Je me suis senti attaqué et rabaissé.",2024,7,28,-0.97,facturation et prix,299
5.0,Kamal Abdelmalek,"Personnel absent, personne de disponible pour traiter les demandes des clients. En plus du site web qui ne marche pas correctement.",2024,7,28,-0.44,attente en agence et personnel,131
5.0,Oussama Aissaoui,"Service impeccable, conseillère top, professionnelle",2022,7,29,0.8,attente en agence et personnel,52
5.0,mo1960 simo,Personnel non qualifié malheureusement.,2022,7,29,0.0,attente en agence et personnel,39
6.0,Noha Ila,"Ils m'ont rendu un excellent service rapidement, puisque je voulais un produit bien défini, il n'a pas essayé de vendre autre chose",2025,11,30,0.88,attente en agence et personnel,131
6.0,ANAS AMAL,"Attention!! Prenez reçu de ce que vous payez dans cette agence! Je me suis inscris à un abonnement dans cette agence, j’ai payé les frais de mise en service, on me demande de repayer ces frais sur l’application, quand je",2026,7,28,0.67,attente en agence et personnel,221
6.0,Cheap Shoop,Mauvaise service. malheursement,2026,3,30,-0.73,attente en agence et personnel,31
7.0,Yassine,"Le personnel est nonchalant. La conseillère parle en même temps au téléphone et à son collègue, et ne prend pas le temps d’expliquer au client. En tant que client je trouve cela irrespectueux et non professionnel",2026,7,28,-0.85,attente en agence et personnel,212
7.0,el barrad mohamed,Une étoile est déjà beaucoup compte tenu de l’inutilité de cette agence. Le monsieur (très nonchalant) nous a refusé une demande pourtant simple sans aucun motif nous obligeant à se déplacer vers une autre agence à plusieurs km. Une demande qui pouvait être traitée à son niveau. À FUIR !,2026,3,30,-0.63,attente en agence et personnel,288
7.0,Anas Maaroufi,Maroc Télécom passe à la 5 G... le service en agence  tient encore du 16éme siécle.,2026,4,29,-0.37,attente en agence et personnel,83
9.0,amine A,"Malheureusement je peux pas pas mettre zéro étoile, service médiocre, trop lent , personnel non professionnel",2026,5,29,-0.74,attente en agence et personnel,109
9.0,Nour,La directrice  de l'agence  parle d'une façon inappropriée avec les clients  .. c'est grave,2026,3,30,-0.86,attente en agence et personnel,91
9.0,Mizox Mougo,"Service nul ! Voilà presque 3 semaines que j’attends l’installation de la fibre, et toujours rien. Que des promesses sans suite. Les techniciens et le service client ignorent les appels ou répondent sans jamais rien faire concrètement. On",2025,9,1,-0.8,internet fibre et box,238
10.0,lak abdel,"Quand tu fais une réclamation, ils te disent toujours d’attendre 48h. Personne ne vient. Je refais une deuxième réclamation, on me redemande encore d’attendre 48h",2026,3,30,-0.52,service client et assistance,163
10.0,Gaby Dufourcq,"Pour vous permettre de circuler,vous guider, téléphoné a Marrakech, les équipes de Maroc Télécom vous change la carte sim de votre smartphone a la sortie de l'aéroport de Marrakech ; ils sont super pro , efficace,et sympathique : Merci a toute l'équipe",2026,7,28,0.95,carte sim et réseau,252
10.0,FLAMENT STEPHANE,Ne donne pas de bonnes informations et renvoie dans l’agence Gueliz. Sûrement un meilleur service pour un nouvel abonnement mais aucun service pour un client existant. Je n’y mettrai plus les pieds. Agence Gueliz. Un vrai service.,2026,7,28,0.0,attente en agence et personnel,230
11.0,Khalil Ouhmane,Le même problème dans toutes les agences de MT que j’ai visitées pour traiter mes demandes: toujours une file d’attente énorme et un seul employé pour servir tous les clients. Je ne recommande pas cette agence non plus et je lui donne 2/10 😡.,2025,11,30,-0.63,attente en agence et personnel,242
11.0,Axel B.,Agence correct rien d'exceptionnel. Beaucoup d'attente comme dans toutes les agences IAM. Manque de personnels qualifiés. Aucun produit en stock (carte sim). Une attente de 40min pour vous dire d'appeler le service client au 888. Beaucoup de publicité mais rien de concret.,2018,7,30,-0.42,attente en agence et personnel,273
11.0,Samad Kaka,Maroc. Dlm. CV. Hallo. Deaf,2026,7,28,0.52,autre,27
12.0,Man Momo,"Déplorable, archaic en décalage par rapport à  son temps ; ça me rappelle les années 80 quand on mettait 10 ans pour avoir le téléphone fixe. ☎️",2026,7,28,-0.72,service client et assistance,144
12.0,mohamed motassim,"Service null, il ont dépassé l’administration publique par la lenteur du service. Il a fallu un après-midi midi pour régler un truc de 10 min. C’est lamentable",2026,1,29,-0.86,attente en agence et personnel,160
12.0,Madiha Mouhib,Service nul .. le directeur est indisponible et l’autre employée n’a pas l’accès au système .. c’est vraiment honteux,2026,1,29,-0.72,attente en agence et personnel,117
13.0,Khalil Ouhmane,"Service médiocre, le personnel n’est pas serviable et très lent pour traiter les demandes des clients. Le temps d’attente est beaucoup trop long. Je ne recommande pas cette agence pour vos besoins.",2025,11,30,-0.47,attente en agence et personnel,197
13.0,Ait Yatojane Khalil,C'est bien dommage qu'une société de télécommunications bien connue à Une service nul tel que cela .,2024,7,28,-0.86,attente en agence et personnel,100
13.0,Mohamed Saalali,"""Mon expérience avec 'Maroc Telecom' a été décevante. Le traitement des employés était extrêmement mauvais, je n'ai reçu aucune forme d'attention ou de respect. De plus, j'ai été surpris de voir qu'il n'y avait qu'un seul employé dans une",2026,7,28,-0.82,autre,238
14.0,HALLAIS Chaïnez,"Passage ce matin et quel ne fut ma surprise d'avoir une personne antipathique à l'accueil. Une dame qui ne fait pas l'effort de résoudre vos questionnement et m'envoie sur les numéros à appeler qui eux même ne répondent pas, elle me voit",2026,3,30,-0.58,attente en agence et personnel,237
14.0,Sinthusha Kathiresu,"Personnel pas sympathique qui nous donne une explication pas claire pour recharger notre sim En tant que touriste je vous déconseille fortement cette agence!",2026,7,28,-0.52,attente en agence et personnel,158
14.0,DarkestRuby,Je déconseille fortement. La pire wifi au monde!! J'ai déposé plus de 50 réclamation au cours des années depuis que j'ai pris la wifi IAM et rien n'a changé! La connexion est hyper lente et coupe fréquemment. Ils veulent qu'on achète la fibre pour que le problème sera résolu mdr. J'en ai ras le bol j'annule mon contrat le lundi !,2026,7,28,-0.93,internet fibre et box,331
15.0,Ben taieb Mohamed,Je me suis présenté à cette agence pour enregistrer une eSIM et tout s’est bien passé. Super accueil service au top. Merci,2025,12,30,0.95,attente en agence et personnel,122
15.0,Terry Vai,"Accueil chaleureux, j’ai été pris en charge directement. L’agent de sécurité vous accueille et qui est très à l’écoute du client et donne de très bon conseils, vous serez orienté auprès d’un agent télécom.",2026,7,28,0.9,attente en agence et personnel,206
15.0,Achraf Lgm,"Une file d attente énorme comme partout chez IAM.. je conseille de payer, réclamer, et tout faire sur internet. Le service dans les agences n est pas à la hauteur de l entreprise. Je ne parle pas de cette agence en particulier!",2018,7,30,-0.63,attente en agence et personnel,227
16.0,Bilal Benserghin,"C'est une agence qui ne mérite même pas une étoile, les agents et surtout le petit homme est très mauvais et parle mal et malheureux, je ne sais pas pourquoi il continue d'y travailler",2024,7,28,-0.95,attente en agence et personnel,184
16.0,ABDELLATIF SERHIRI,je tiens a réclamer le comportement d'un certain Abdelghafour vraiment vulgaire pour un prestataire de service d'un organisme si important qui véhicule un slogan de satisfaire ces clients comme primordiale.,2019,7,30,-0.8,attente en agence et personnel,206
16.0,Mostafa Maimouni,Service magnifique,2026,1,29,0.85,attente en agence et personnel,18
17.0,K. C,"« Plusieurs fois, j’ai constaté un manque de professionnalisme de la part d’un agent de cette agence. Les explications sont données sur un ton ironique et des commentaires déplacés sont faits pendant le paiement. Je préfère désormais",2026,1,29,-0.88,attente en agence et personnel,233
17.0,ISM_03,"pour les MRE éviter de payé un abonnement fibre optique en liquide, car il met de côté votre contrat avec l'argent en espérant que ca va pas remarqué puis plus internet. à éviter surtout cette agence",2025,11,30,-0.46,facturation et prix,199
17.0,Adalma,"Toujours en sous effectifs Attente interminable",2026,3,30,0.44,attente en agence et personnel,48
18.0,mohammed larbi harrouch,"Le guichet automatique,ne tire pas le reçu automatiquement,il faut appeler l'agent  de sécurité,pour le faire sortir par une petite clef personnelle,car le tiqué ce coincé.!",2021,7,29,-0.53,autre,173
18.0,Manal Echtiouy,"Service client tellement nul, plus un personnel incompétent ne vous aide même pas à  comprendre d'où le problème ou à le résoudre. 😡😡😡😡😡😡😡😡",2024,7,28,-0.61,attente en agence et personnel,139
18.0,Lahlou Saad,"Le service est vraiment vraiment vraiment vraiment NUL. Le responsable est pas compétent et kihder gha bzez. Allez chez une autre agence.",2020,7,29,-0.44,attente en agence et personnel,138
19.0,Salah Eddine Anaya,"Je tiens à exprimer mon mécontentement concernant l’accueil et le service déplorables à l’agence Maroc Télécom de dradeb tanger. Le personnel fait preuve d’un manque total de professionnalisme : refus de travailler, mépris envers les",2026,7,28,-0.89,attente en agence et personnel,233
19.0,FAISSAL SENNOUN,"Maroc télécom est la plus grande société de communication au Maroc depuis toujours, il monopole l’activité la première depuis la première activité au Maroc .",2024,7,28,0.71,autre,157
19.0,Ferdaous Mes,Le service client est très médiocre à l'agence moulay ismail,2020,7,29,-0.53,attente en agence et personnel,60
20.0,Afia Abdou,"Mauvaise service Mauvais sécurité Service 2/10",2026,7,28,0.56,attente en agence et personnel,48
20.0,SAFAE SITTEL (‫صفاء‬‎),Normalement c moins star,2023,7,29,0.54,autre,24
20.0,mariam benkirane,Commerciaux professionnels et efficaces !,2023,7,29,0.91,autre,41
21.0,محمد الهاشمي,Daiman bloqué,2025,10,1,0.45,autre,13
22.0,Driss Idrissi Yadini,Agence de Maroc Télécom pour arrondir les caisses de la société,2024,7,28,-0.44,attente en agence et personnel,63
22.0,ABDELOUAHED KHARIF,🙂🙂🙂👍👍👍,2024,7,28,0.42,autre,6
22.0,Syrine Younan,Service nul,2026,7,22,-0.45,attente en agence et personnel,11
23.0,Cristal Fayye,Un seul employé dans toute l’agence 😡😡😡😡😡😡😡,2025,10,31,0.4,attente en agence et personnel,43
23.0,SAAD CHERTI,Emplacement enface de la plage,2025,12,30,0.42,autre,30
23.0,Amine Baqqali,Très bonne agence,2024,7,28,0.95,attente en agence et personnel,17
24.0,Robin Doherty,Un endroit idéal pour obtenir votre carte SIM Maroc. La jeune femme qui y travaille a été d'une aide précieuse ! Elle a tout configuré sans problème  Je recommande vivement 😊,2026,7,28,0.74,carte sim et réseau,174
24.0,Ali Drissi,Excellent service. 7ssen men ayi agence akhra,2024,7,28,0.93,attente en agence et personnel,45
24.0,Lewandoski,Gg,2026,7,28,0.42,autre,2
25.0,leila ajra,"Excellent service, aziza était très  professionnelle  ,bienveillante et surtout souriante elle m'a vraiment sauvé.ça mérite  d'être déplacée à gzenaya et c'est la première fois que je suis satisfaite du service  bravo",2025,10,31,0.94,attente en agence et personnel,217
25.0,soukaina el-karkoubi,"Excellente service, grâce a son aide j'ai pu recupérer ma carte Sim marocaine et profiter pleins d'autres services personnalisés, merci et bonne continuation 🙏🏼",2025,10,1,0.97,carte sim et réseau,160
25.0,Podouce,"La dame m’a déjà très bien renseigné par téléphone TbarkAllah et elle a été très aimable et de bon conseil. J’ai traversé la ville pour me rendre à l’agence à Gueznaia après avoir fait les",2024,7,28,0.96,attente en agence et personnel,189
26.0,Yahya Yahyaoui,Très bonne expérience client,2025,10,1,0.96,autre,28
26.0,Souhail Kadiri,Je ne le recommande pas du tout,2026,7,28,0.0,autre,31
26.0,Sou Laiman,Dima Chadda,2025,12,30,0.47,autre,11
27.0,Hafid Saoud,Service pas digne d'un opérateur téléphonique phare du pays.,2022,7,29,0.0,attente en agence et personnel,60
27.0,hamza chair,Service lent est null,2019,7,30,0.0,attente en agence et personnel,21
27.0,Mokhfi Jaafar,C est la ou je travail,2020,7,29,0.0,autre,22
27.0,Med Rida ZIANI,Bon Service !,2017,7,30,0.97,attente en agence et personnel,13
27.0,sew try,"Le pire service internet au monde, la pire entreprise",2026,7,28,-0.67,attente en agence et personnel,53
27.0,JR Butler,"Service internet déplorable. Service client exécrable. N'espérez pas une résolution rapide de vos problèmes. S'il existait une alternative ne serait-ce qu'un peu meilleure, je paierais le double plutôt que de faire affaire avec Maroc Telecom.",2017,7,30,-0.78,attente en agence et personnel,242
27.0,Issam Rifi,Bon travail et grand professionnalisme,2026,7,28,0.97,autre,38
27.0,Tark Tark,Tisalat zwina rizo fiha top,2022,7,29,0.63,autre,27
27.0,ASHRAF ALSHUAIBAT,Bon service,2017,7,30,0.92,attente en agence et personnel,11
27.0,Hassan Mohkam,Super,2022,7,29,0.78,autre,5
28.0,Artistick Artistick,Un bureau d etude pro...qui releve tous les defits...avc un patron des plus ambitieux et a l ecoute de ces clients...bravo pour cette energie qui d annee en annee s accroit sur un developpement continu...👍,2020,7,29,0.79,autre,205
28.0,Dadimohammed Dadi,"Un bosse sans reproche,depuis près de 16ans ou mes grandes filles ont évolué en informatique (projeteurs) câblages a réseaux) bonne continuation",2019,7,30,0.57,autre,144
28.0,reda almaimouni,Bureau d'études réseau câblé,2018,7,30,0.49,carte sim et réseau,28
29.0,elyssa,Pas sérieux quand je n ai plus de wifi chez moi il mette une semaine à réparer le problème ce qui est pas normal pour une entreprise de la sorte A FUIR!,2026,3,30,0.0,internet fibre et box,152
29.0,Rayan Elkaddouri,Rayan,2018,7,30,0.55,autre,5
30.0,Ouassim (“OULDABDELHADI”),mal service,2019,7,30,-0.5,attente en agence et personnel,11
30.0,TIGER - تايكر,"Composez le service l5ra, 3ayetlo 9olto bli rah 3andi un problème 9ta3 3liya w mab9ax yrod, wax klab 7na wla xno ????!!!",2023,7,29,-0.51,attente en agence et personnel,120
30.0,سعد البشاوي Saad elbachaoui,Service ta3 lkhra,2026,5,29,0.51,attente en agence et personnel,17
31.0,idlahcen said,"Le service est médiocre et l'agence est de qualité inférieure. L'attitude est déplorable et les fonctionnaires ignorent totalement les services fournis par l'agence. Vous pouvez obtenir des informations précises auprès de n'importe qui, et",2023,7,29,-0.93,attente en agence et personnel,239
34.0,Adam Tanger,Magasin de confiance,2024,7,28,0.76,autre,20
34.0,Youssef El Qorichi,"C'est ce que j'appelle rssab, 7 diw rasskum et service 0",2024,7,28,0.41,attente en agence et personnel,56
35.0,maarouf hassan,Bon service et acceuil,2026,3,30,0.95,attente en agence et personnel,22
35.0,Youssef sd,"Le service 5G d'El Manzil proposé par IAM était vraiment excellent ! La connexion était incroyablement rapide et stable : le téléchargement et le streaming fonctionnaient sans aucun problème, même avec plusieurs personnes connectées",2026,3,30,0.96,carte sim et réseau,232
35.0,Mohamed Sahraoui,"Service excellent, si Dieu le veut.  (Ceci semble être un commentaire distinct et sans rapport avec le sujet : « Masnanah »)",2026,4,29,0.63,attente en agence et personnel,126
36.0,Mohmed Yaoti,Très cher,2022,7,29,-0.5,facturation et prix,9
37.0,Souad BA,"Nul de chez nul. Comportement sans aucun professionnalisme ni rigueur et pire encore, irrespectueux envers la clientèle. Faites attention surveillez les bien si vous devez les faire venir chez vous pour installer une ligne et ne les laissez",2026,5,29,-0.86,attente en agence et personnel,240
37.0,said benlamkaddem,Le plus grand opérateur du maroc incapable de couvrir complètement la ville de Fès. Quelle honte! Ajouté à ça le retard d'intervention en cas de problème du fixe ou d'internet. C'est vraiment honteux,2026,5,29,-0.8,autre,199
37.0,Michelle Ostermann,Excellent accueil. Un agent vous accueille à l’entrée et vous donne un ticket pour votre guichet.  Des sièges sont à disposition pour l’attente et un panneau vous indique quand c’est votre tour. La personne rencontrée au guichet à été très,2025,10,31,0.95,attente en agence et personnel,239
38.0,yassine seghrouchni,"servis pouri, ils m'ont fraude pour un forfait sans abonement et jusqua maintenant ils m ont pas rembourser",2026,2,28,-0.68,carte sim et réseau,107
38.0,othmane mansouri,"Service très bon, les agents très compétents, mais 2 agents ne peuvent pas faire le boulot en totalité donc prévoyez plus de temps d'attente pour votre service",2026,7,28,0.88,attente en agence et personnel,159
38.0,RED OUA N E,Service clients faible,2025,12,30,0.41,attente en agence et personnel,22
38.0,TLEMCANI SAID,fier des services proposés parfois plus avancés que des compagnies de téléphonie en europe,2026,7,28,0.67,autre,90
38.0,Saaid Lahcen,"Lieu  propre ,calme et bien  équipé par un le matériel  nécessaire  au  bon fonctionnement.",2019,7,30,0.93,autre,91
38.0,rachida houasli,Le service est nul là bas,2019,7,30,0.0,attente en agence et personnel,25
38.0,el amrani mohamed,"service et reception clients trop nuls ne répondent meme pas au bonjour,meme l'agent de securité n'est pas gentil",2018,7,30,-0.65,attente en agence et personnel,113
38.0,Badredine Ait Mouhane,travail nul  ( lenteur - ne respectent pas leur engagement-numéro de téléphone injoignable-.ne respectent pas leurs engagement.,2018,7,30,-0.6,service client et assistance,127
38.0,Corvus Corax,"Temps d'attente phénoménal, qualité de service bordelique !!",2018,7,30,0.53,attente en agence et personnel,60
38.0,TF tube,Service trop nul.,2019,7,30,-0.55,attente en agence et personnel,17
38.0,Simo Az,Service casi nul,2021,7,29,0.0,attente en agence et personnel,16
38.0,Abdelghani AACHAB,Une longue file d'attente et des conseillers paresseux et moins de compétence...,2018,7,30,-0.62,attente en agence et personnel,80
38.0,Mohamed EL FATHI,Bien recu,2018,7,30,0.82,autre,9
38.0,Abdou Rahim (Moutwaffik),Excellentes prestations,2023,7,29,0.97,autre,23
38.0,hassan fathi,Bon service,2020,7,29,0.92,attente en agence et personnel,11
38.0,Younes nachit,Passable services,2021,7,29,0.64,autre,17
38.0,Mehdi Med,Nul,2019,7,30,-0.4,autre,3
38.0,Alae-Edin Lebied,👍👍👌,2020,7,29,0.42,autre,3
38.0,Abdelaziz Bouqua,😊,2020,7,29,0.42,autre,1
38.0,Hassan Eljanati,Opérateur téléphonique et internet Maroc,2022,7,29,0.53,autre,40
38.0,Mohamed Oussama EL MOUMEN,Mauvais service,2018,7,30,0.57,attente en agence et personnel,15
38.0,Imad Lahia,Mauvais service,2020,7,29,0.57,attente en agence et personnel,15
38.0,MOTIA OTMANE (“Othman Peace”),Servitude,2019,7,30,0.74,autre,9
38.0,Tarik Kharchach,Je suis très insatisfait de l’accueil et du traitement de ma demande aujourd’hui de la part d’une personne qui s’installe au bureau du chef d’agence ‘une femme’. J’ai sollicité une information simple et légitime : le numéro de la ligne,2026,7,14,-0.73,attente en agence et personnel,235
38.0,Kawthar Touzani,Service clients nule,2026,7,7,-0.58,attente en agence et personnel,20
38.0,Moroccan Tours Guide,Service très lent avec un seul employé. Prévoyez du temps avant de vous y rendre. J'attends toujours.,2023,7,29,0.8,attente en agence et personnel,101
38.0,Moustapha Elemine,"Même si le FAI marocain numéro un dispose de ressources considérables, le traitement des demandes est extrêmement lent et la bureaucratie nuit gravement au service client, au point que vous avez l'impression d'avoir affaire à une machine sans alimentation de secours.",2022,7,29,-0.62,attente en agence et personnel,267
38.0,H Bachtal,Très mauvais,2018,7,30,-0.94,autre,12
38.0,MIOZIK RAYAN,Pas mal,2024,7,28,0.41,autre,7
38.0,Ma Chaoui,Service correct.,2023,7,29,-0.38,attente en agence et personnel,16
38.0,ayoub chaib,Très mauvais,2021,7,29,-0.94,autre,12
38.0,Ayoub Ziyane - MEDIA,"Parfait, messieurs 👍👍",2023,7,29,0.84,autre,21
38.0,Abderrahim Catib,Excellente entreprise,2022,7,29,0.98,autre,21
38.0,Mohammed Fanni,Pour prendre en considération le nouveau,2019,7,30,0.65,autre,40
38.0,NET LEADER,Endroit agréable,2021,7,29,0.62,autre,16
38.0,Yazami Pro,bien,2024,7,28,0.96,autre,4
38.0,Bilal Yedri,T9aaal!!!!,2017,7,30,0.53,autre,10
38.0,MOHAMMED BENNANI,Haut,2023,7,29,0.44,autre,4
38.0,Mohamed Gttou,Accueillir,2023,7,29,0.57,autre,10
38.0,Abderrahman Houiat,Les prix des offres sont très élevés.,2026,7,25,0.69,facturation et prix,37
38.0,Hamza nasmane,Est-il possible de recharger son compte MT Cash ?,2026,7,28,-0.36,application mobile et espace client,49
39.0,Aziz Alaoui,"Un très très mauvais service dépannage fibre optique Après trois semaines de réclamation au 124 et personnellement au près du chef service technique Agence Fès VN Av Hassan II sans aucune attention",2026,7,28,-0.95,attente en agence et personnel,198
39.0,Mohammed BEN KIRANE,Je suis complètement  et très déçu de votre service de dépannage. Tros de retard malgé des multiples reclamations . Je suis  ingénieur électricien expert assermenté à Fes. Des pannes frequentes . Je pense me desabonner de IAM bientôt.  Vous devenez inutile pouroi . Je le transmettrai à mes connaissances,2026,7,28,-0.96,attente en agence et personnel,304
39.0,Kabil Toum Benchekroun,"Service clients nul. L'accueil est mauvais, après 20min d'attente le responsable me dit que le service est en panne. Imaginez ça. C'est de n'importe quoi.",2021,7,29,-0.94,attente en agence et personnel,154
39.0,Youssef Ettayeb,Mouvais servis Et des techniciens qui ne se soucient pas et ne se soucient pas des problèmes des clients. Je viens d’entrer dans dix jours en me plaignant et personne ne répond.,2024,7,28,0.0,autre,177
39.0,Ahmed Yahiou,Les service après vente son nul,2020,7,29,-0.39,attente en agence et personnel,31
39.0,ABDESSELAM TBER,Endroit pour les litiges entre les clients est le fournisseur,2018,7,30,0.46,autre,61
39.0,Mohammed Menai,Les services après vente sont nuls,2021,7,29,-0.49,autre,34
39.0,Jamal Lachkar,"Trop de monde,A évité si possible",2018,7,30,0.49,autre,33
39.0,Easy Electronic,Direction régionale de Maroc Télécom  Aladarisa,2020,7,29,0.5,autre,47
39.0,Med Benjelloun,Bons accueil et service,2020,7,29,0.96,attente en agence et personnel,23
39.0,Mohammed EL Fakrani,Beau bâtiment,2020,7,29,0.69,autre,13
39.0,Guns N'Horses خيل و مكاحل,Bien,2019,7,30,0.75,autre,4
39.0,Ahmed Yassir Chrifi,Meilleur organisation.,2023,7,29,0.95,autre,22
39.0,Med Tagtag,Nulle,2019,7,30,-0.37,autre,5
39.0,Amal Chaouqi,Oui effectivement,2020,7,29,0.59,autre,17
39.0,EL HIMANI Abdelghani,Attente injustifiée !,2018,7,30,-0.89,attente en agence et personnel,21
39.0,Badreeddine Moubarik,Centre de fes,2020,7,29,0.4,autre,13
39.0,Mohammed Andaloussi,Bien,2019,7,30,0.75,autre,4
39.0,Badr Dulieu Alaoui,"On y trouve de tout, mais on ne peut plus payer en espèces. On est obligé de payer à la banque. De plus, on ne peut plus utiliser de carte de crédit internationale, seulement une carte de débit marocaine. C'est de la pure discrimination.",2020,7,29,-0.57,facturation et prix,237
39.0,Otman Oty,"Ce que j'apprécie ici, c'est que l'on peut régler ses factures soi-même (paiement par carte).",2023,7,29,-0.49,autre,93
39.0,Mohammed Jamai,"Quelqu'un aurait-il le numéro de téléphone de Maroc Telecom à Fès, près de la ville de Fès ? Merci.",2026,7,7,-0.43,service client et assistance,99
40.0,Abdel El Broumi,Belle experience dans le monde ecologique,2024,7,28,0.94,autre,41
40.0,RAMBOU Rabie,Ounette,2026,7,28,0.53,autre,7
40.0,Oumayma Khairi,Service nul,2024,7,28,-0.45,attente en agence et personnel,11
40.0,Raja Boussetta,Serviable,2020,7,29,0.69,autre,9
40.0,Abdelhamid Karam,Personnel incompétent,2023,7,29,-0.49,attente en agence et personnel,21
40.0,Belkhir Youness,"Je ne comprends pas comment une grande agence peut fonctionner avec une seule personne qui gère l’ensemble des demandes. De plus, cette même personne semble assurer des tâches qui ne relèvent pas de ses responsabilités, notamment en",2026,6,30,0.0,attente en agence et personnel,232
40.0,Abderazzaq Essalhi,C'est un bon endroit c'est le centre Maroc Telecom.,2020,7,29,0.97,autre,51
40.0,Rachid Nouraddin,"Un emplacement pratique, sans longue attente. Ils sont au service de la population, et que Dieu leur accorde le succès.",2023,7,29,0.66,attente en agence et personnel,119
40.0,Jose manuel Villasana (Floro),"J'ai été très bien accueilli, le magasin dispose d'un bon parking et le prix est très intéressant.",2020,7,29,0.98,facturation et prix,98
40.0,LBAZNAZ,Akfees service khossossa. Wahed Chibani Smiyto Rachid,2024,7,28,0.59,attente en agence et personnel,53
40.0,Abdellah Zaouat,"Je ne peux pas écrire cet avis avec vos services Maroc Telecom, mais vous êtes les meilleurs",2021,7,29,0.69,autre,92
40.0,Ahmed Mnawar,Fès est magnifique,2023,7,29,0.51,autre,18
40.0,Monim Monim,Labas,2021,7,29,0.54,autre,5
40.0,Abdellah Chlih,Texte d'une star que Matsenhaloash,2026,7,14,0.71,autre,34
41.0,foufou salah,"ma fible ne fonctionne pas depuis une semaine et à ce journ aucun  technicien ne s'est déplacé encore  chez moi pour voir le souci, service derrangement est nul.",2025,9,1,-0.58,internet fibre et box,161
41.0,SOFAP sarl FABRICATION CITERNES EN POLYESTER,Un vive salut au personnel de cette agence et à leur sympathie remarquable.,2026,7,28,0.96,attente en agence et personnel,75
41.0,El Mostafa Zeggauoi,"Bon service, les gens sont vraiment serviable",2020,7,29,0.93,attente en agence et personnel,45
41.0,Soufiane ben salih,Très bon service... dédicace a monsieur merwan,2021,7,29,0.84,attente en agence et personnel,46
41.0,Adil Chafouk,Rapide et serviable 👍,2023,7,29,0.82,autre,21
41.0,Hicham Moundafie,Couverture du réseau mais prix élevé,2022,7,29,0.69,carte sim et réseau,36
41.0,abderrahim chakibi,Service de qualité,2020,7,29,0.82,attente en agence et personnel,18
41.0,Yahya Ikhlass,Excellents services,2022,7,29,0.95,autre,19
41.0,bouchra semiri,Un service top,2022,7,29,0.8,attente en agence et personnel,14
41.0,Mohammed Eljdid,"Maroc Télécom est une grande entreprise, mais très mal gérée. Le personnel est incompétent et ne connaît pas le fonctionnement de l'entreprise. Ils m'ont constamment renvoyé d'une agence à l'autre. J'ai perdu un temps et un argent",2026,7,28,-0.92,attente en agence et personnel,230
41.0,Mohamed EL Bouazzaouy,"Maroc Telecom, votre connexion internet est catastrophique ! Je paie un forfait haut débit, mais je n'obtiens qu'une vitesse à peine supérieure à celle d'une connexion par modem. C'est extrêmement frustrant d'essayer de travailler ou de",2024,7,28,-0.95,carte sim et réseau,236
41.0,rayan mohmed,"Mauvaise expérience, service client médiocre, Wi-Fi extrêmement lent. Leur seul souci est de gagner de l'argent sans fournir le moindre service client. Je vous conseille d'utiliser Inwi ou Orange, qui sont moins chers et plus rapides, avec un routeur et un vaporisateur.",2021,7,29,0.62,attente en agence et personnel,270
41.0,KAWALIS TV كواليس تيفي,Merci Maroc Telecom,2020,7,29,0.77,autre,19
41.0,Rachid Alaoui,Ils ne répondent pas au téléphone.,2026,7,7,0.0,service client et assistance,34
42.0,Aymane Hayani,"Franchement, l’attente dans votre agence est interminable. Pour une dizaine de clients, il n’y avait que deux agents, et ils étaient extrêmement lents.",2026,2,28,-0.76,attente en agence et personnel,152
42.0,Ali TR,"Un seul personnel ,un seul poste pour tout quartier adarissa cest grave , 21 clients en attente c'est très grave.",2025,12,30,-0.78,attente en agence et personnel,113
42.0,omar Laraqui,Le personnel est très paresseux. Durée d’attente très longue dépassant les 20 minutes par client.,2024,7,28,-0.79,attente en agence et personnel,97
42.0,OshèN Younès,👍🏽,2025,9,1,0.42,autre,2
42.0,CGB,"Je suis allé dans ce bureau MT 4 ou 5 fois au cours des 5 derniers mois. À chaque fois, j'ai trouvé le personnel (du gardien à l'entrée aux caissiers) agréable et très serviable, répondant à mes divers problèmes et questions.",2024,7,28,0.72,attente en agence et personnel,225
43.0,Ziko Ziko,Un grand merci pour  toute l'équipe de cette agence qui fait montre d'un sens du professionnalisme de la responsabilité et du respect du client hors du commun. Bravo avec tous mes souhaits de réussite.,2026,1,29,0.97,attente en agence et personnel,201
43.0,BENZAKOUR,Trop d'attente et un seul fonctionnaire???,2026,2,28,-0.57,attente en agence et personnel,42
43.0,Mohamed Al Amine,"N'y perdez pas votre temps, de plus vous risquer de vous mettre inutilement en colère. De manière générale, le reseau MT emmerde le peuple : donc pourquoi pas ses agences",2024,7,28,-0.65,carte sim et réseau,171
43.0,Mehdi Guennouni,"Accueil désagréable, je crois que je vais changer d’opérateur partir chez orange La chargée de clientèle soit disant ne cherche même pas a comprendre ta demande",2020,7,29,-0.79,attente en agence et personnel,161
43.0,Hayat Benyoucef,"ça fait 11 jours que j’attends qu’on m’installe le wifi chez moi! Même après plusieurs réclamations, rien du tt !! Quel service !!",2024,7,28,-0.47,internet fibre et box,130
43.0,Ben Khalid,"Mauvais service,personnel incompétent",2020,7,29,-0.43,attente en agence et personnel,37
43.0,yassine azw,superbe çest manifigue,2017,7,30,0.86,autre,22
45.0,Zakaria Wakrim,"Je me suis rendu à l’agence Maroc Telecom d’Agadir AlQods, située sur le boulevard Hassan Ier, et mon expérience a été excellente. L’accueil a été très bienveillant, sans attente, et mon dossier a été pris en",2026,4,29,0.94,attente en agence et personnel,209
45.0,Lahoucine Sabir,"2 agents pour une foule de clients, ce n'est pas normal ! Le guichet ""service"" est lié à celui de ""vente"". Les 2 employés font de leur mieux mais ce n'est pas ainsi qu'on fait attention aux clients...",2026,7,28,-0.69,attente en agence et personnel,200
45.0,TCF Representative,"Des fonctionnaires sympas, surtout Anas",2026,7,28,-0.44,autre,39
45.0,Hassan Ider (Porte bonheur),"Très propre.et grande agence. Mes mauvaise expérience avec Les appareils d enregistrement",2026,7,28,-0.75,attente en agence et personnel,91
45.0,terrah mohamed,"L'ordre est appréciéable , les mesures sanitaires sont respectées, mais l'agent traitant n'a, ni esprit commerciale ni politesse. Déjà sa tenue de travail, chemise et cravate correctes avec un pantalon en djinn, paradoxe.",2021,7,29,-0.6,autre,221
45.0,Samia Samia,L'employé au guichet 5 de l'agence principale de Dakhla à Agadir est vraiment mal élevé. Je lui est dit السلام عليكم  il ne ma même pas répondu et regardé ailleurs😲.  C'est vrai que s'était pas mon tour mais je voulais seulement un petit,2024,7,28,-0.69,attente en agence et personnel,237
45.0,lady ecom,"Service nul et merdique on attend pendant des heures aucun respect à la priorité le tableau d'affichage ne fonctionne pas, la dame à l'accueil est irrespectueuse et malheureusement aucun service de réclamation pour ce sujet !!!!",2026,7,28,-0.9,attente en agence et personnel,228
45.0,Philippe Takacs,Lieu très accueillant et chaleureux. Pour ceux et celles qui ont besoin du réseau et bien entendu du wifi,2026,7,28,0.98,carte sim et réseau,105
45.0,iliass BERJAOUI,"Très bon service, j'y était le 23/05/2021 pour un transfert de la ligne de connexion ADSL dont le transfert était fait sur place même pas dans 24h.",2022,7,29,0.92,carte sim et réseau,147
45.0,meg family,"Bien reçu,  problème resolu très rapidement. Conseiller très efficace najib ainsi que sa responsable. équipé de technicien à domicile rapide et très professionnel.",2020,7,29,0.8,internet fibre et box,165
45.0,Franck William Olié,Bon service. Même si j'ai été victime de quelques erreurs. La prise à en change à été immédiate.,2019,7,30,0.69,attente en agence et personnel,96
45.0,marcel pimpon,Nul aucun service plus d internet depuis 3 jours reponse de la personne presente il faut attendre on vous contactera lundi appel non prix en coupe jeudi o' va passer a la concurence,2022,7,29,-0.49,attente en agence et personnel,181
45.0,mohamed kharbouchi,"Etant un client fidèle à  Marocm depuis les années 1980 le Service est parfait je suis  content. Kharbouchi Mohamed COGIT SERVICES AGADIR",2022,7,29,0.87,attente en agence et personnel,139
45.0,lesatelliste ABAAKIL,Le service n'est pas à la hauteur.. d'ailleurs je suis venu pour résilier mon contrat d'abonnement ADSL,2020,7,29,0.0,internet fibre et box,103
45.0,Abdelali Aouni paysagiste,Ça m'a un peu déçu. Manque de personnel beaucoup d'attente dehors,2020,7,29,-0.8,attente en agence et personnel,65
45.0,Anouar Benhammou,"Grande agence, mais l'attente est interminable une vrai galèeeeeeere",2020,7,29,-0.74,attente en agence et personnel,68
45.0,Pompes funebres musulmanes kitab wa sunna,Très bien reçu,2026,7,28,0.98,autre,14
45.0,Yvonne Bronchain,"Bon service, je recommande",2020,7,29,0.91,attente en agence et personnel,26
45.0,kneelBFRvalhalla,Nul services trop long 1 guichet  mauvais travail,2020,7,29,-0.84,autre,49
45.0,ALI SWIRTI,"accueil chaleureux Personnel respectueux",2024,7,28,0.97,attente en agence et personnel,41
45.0,ABDERRAHIM DALLAL,Pas mal comme agence,2018,7,30,0.0,attente en agence et personnel,20
45.0,Christophe Clouet,"Si vous aimez attendre, vous êtes servis",2020,7,29,0.81,autre,40
45.0,Elghachi Hassan,Dommage Des Coupures. Pas D'internet !,2022,7,29,-0.41,autre,38
45.0,AbdeALLAH boussif,moins de personnels pour servir public,2021,7,29,0.59,autre,38
45.0,JEBLI Rachid,Meilleur opérateur..... MAROC TELECOM,2020,7,29,0.92,autre,37
45.0,HALA BARAKA,Excellente prestation,2022,7,29,0.97,autre,21
45.0,majd alaoui,Service rapide,2022,7,29,0.73,attente en agence et personnel,14
45.0,ali najah,Service de m...e!,2020,7,29,0.61,attente en agence et personnel,17
45.0,Hicham AGOURRAM,Service nulle 😡,2019,7,30,-0.52,attente en agence et personnel,15
45.0,Abdelali Lamkadem,Bon service,2022,7,29,0.92,attente en agence et personnel,11
45.0,Crypto YesOrYes,Service injoignable !!!,2023,7,29,-0.6,attente en agence et personnel,23
45.0,Hajar Syaf,Service utile,2023,7,29,0.78,attente en agence et personnel,13
45.0,Elmehdi BENSAID,💯,2020,7,29,0.42,autre,1
45.0,Sekhallou Oualid,"Temps d’attente beaucoup trop long. Il y avait plus de 30 personnes qui attendaient et seulement un seul agent pour traiter tous les clients. Ce n’est pas du tout acceptable, surtout pour une entreprise privée comme Maroc Telecom où on",2026,7,28,-0.59,attente en agence et personnel,235
45.0,Youssef El amrani idrissi,"La pire expérience de ma vie. Un seul employé pour une quarantaine de clients, une attente de plus de trois heures, aucune organisation, aucun respect pour la clientèle. Un mépris flagrant et une gestion totalement inacceptable de la part de Maroc Telecom. Une honte pour une entreprise de cette envergure.",2026,5,29,-0.91,attente en agence et personnel,306
45.0,Mohamed Ait,"++Agence propre ++Sécurité et équipement",2025,10,31,0.6,attente en agence et personnel,41
45.0,Mohamed Malih,"La pire compagnie de télécommunications au monde 🌏  Le pire service  Les prix les plus élevés  Un traitement exécrable  J’ai tellement d’anecdotes à raconter à leur sujet que je regrette d’avoir souscrit un abonnement  Aujourd’hui, j’ai",2019,7,30,-0.53,facturation et prix,236
45.0,Meike Taki,"Malheureusement, le changement de mon forfait a pris deux mois au lieu des 48 heures promises. Il était censé s'agir d'un simple remplacement de routeur, prévu sous 48 heures. Malheureusement, ma ligne fixe a cessé de fonctionner peu après.",2026,7,28,-0.61,carte sim et réseau,240
45.0,Ne Goji,"Le service de retrait d'espèces est à leur discrétion ; ils peuvent décider de vous le facturer ou non. La plupart des établissements ne le proposent pas ou refusent tout simplement de vous aider. Pourtant, l'entreprise exige qu'ils le proposent. C'est absurde.",2025,9,1,-0.68,attente en agence et personnel,261
45.0,AKOUCHAH Mohamed,"J'attends là depuis 2 heures, il n'y a qu'un seul employé qui travaille très très très très lentement, je ne recommande pas cette agence.",2026,7,28,-0.55,attente en agence et personnel,137
45.0,Brandon Cooper,Ils doivent améliorer leur service client,2026,1,29,0.79,attente en agence et personnel,41
45.0,MIRAK 2PK,"Awaln Maroc Telecom siyasa ta3ha f ta3amol m3a nwamr ghayr ma39ola, anaha tsd comme carte SIM ot3rdha lbi3 lwahd akhr farah hadi fi9imat lghaba2 7it makatra3ich anaho nta tkon msta3mlha f l7isabat lbankiya ou Lkhdma ou bzaf omor likay",2026,7,28,-0.36,carte sim et réseau,234
45.0,Lahcen El Guarir,Service médiocre. Le personnel a besoin d'une formation sur la relation client.,2026,7,28,0.64,attente en agence et personnel,79
45.0,Anas,Service très mauvais,2026,4,29,-0.91,attente en agence et personnel,20
45.0,sofia elkbouri,"Pas de réponse aux appels, service médiocre",2026,1,29,0.0,attente en agence et personnel,43
45.0,mansouri mohamed,Conseil à tous ceux qui ont un téléphone et un abonnement chez Maroc Telecom de ne pas laisser leurs enfants utiliser leur téléphone car les enfants téléchargent des jeux et des programmes sur le Play Store et font des achats et le prix d'achat est calculé et ajouté à votre facture à votre insu.,2022,7,29,-0.58,facturation et prix,296
45.0,ESSAID HAYOUTE,J'ai accès à tous les services de communication de Maroc Telecom.,2025,10,31,0.68,autre,65
45.0,Youssef Qtayb,Service 0,2026,7,28,0.58,attente en agence et personnel,9
45.0,‫سعيد حيوط (مول العشران)‬‎,Le service client assuré par le personnel n'est pas bon.,2022,7,29,-0.76,attente en agence et personnel,56
45.0,graphic X4,Wlah ma y9diw lik hado chi gharad ballah tfoooo,2018,7,30,-0.42,autre,47
45.0,Agadir Bricolage,Le pire argument de vente de la pire entreprise de télécommunications de tous les temps,2022,7,29,-0.77,autre,87
45.0,بلادي الغالية Morocco,"Comportement inapproprié, ils ont libéré Zero Zero",2024,7,28,-0.66,attente en agence et personnel,50
45.0,Mounir Dahbi,Ils monopolisent,2022,7,29,-0.49,autre,16
45.0,KHADIJA ARQIB,Ils offrent leurs services avec respect.,2024,7,28,0.89,autre,40
45.0,Radouane Mountassir,"Mauvais service, comme inwi",2021,7,29,0.54,attente en agence et personnel,27
45.0,mohamad abdlhak,Traitement insatisfaisant,2024,7,28,-0.89,autre,25
45.0,Hassan Wahsiss,Service de qualité inférieure,2021,7,29,0.48,attente en agence et personnel,29
45.0,DÖN ØUTHÄL,Bon service,2024,7,28,0.92,attente en agence et personnel,11
45.0,Azdin Aitazizou,"Merveilleux, merveilleux, excellent",2023,7,29,0.98,autre,35
45.0,Anas Ahmamcha,Service déplorable.,2024,7,28,-0.79,attente en agence et personnel,19
45.0,Ibn Hassan,Absolument fantastique,2026,7,28,0.78,autre,22
45.0,NAJM ID BOURHIM,Payez la facture ici,2022,7,29,0.43,facturation et prix,20
45.0,Ajbabdi Hassan,Un lieu distingué,2021,7,29,-0.65,autre,17
45.0,Marwan Alprence,Mauvais service,2023,7,29,0.57,attente en agence et personnel,15
45.0,َ َ,🖕🖕🖕🖕,2026,7,28,0.42,autre,4
46.0,Brahim Lachgar,"Bonjour, je voulais vous informer que j'ai constaté quelques problèmes avec le service social de l'agence Maroc Telecom de salame",2024,7,28,0.64,attente en agence et personnel,129
46.0,Mouad B,Accueil courtois. Responsable agréable et compétente. Je n'avais pas de RDV. Cependant j'ai été reçu sans attente et  mon problème réglé rapidement. Merci.,2021,7,29,0.67,attente en agence et personnel,155
46.0,Beyos Lolos,Tres mauvaise,2025,10,31,-0.89,autre,13
46.0,Hassan Sabbari,c'est toujours fermé,2024,7,28,-0.6,autre,20
46.0,mustapha el beggar,C'est formidable,2023,7,29,0.79,autre,16
46.0,abderrahman hilali,Pas mal,2023,7,29,0.41,autre,7
46.0,ⴰⵢⵓⵔ ⴰⴱⵔⴱⴰⵛ,Déçu,2023,7,29,0.47,autre,4
46.0,RAFIK rafik,Bonne,2018,7,30,0.95,autre,5
46.0,Noureddine Fagou,"Nous sommes extrêmement déçus du service. Nous avons souscrit un abonnement fibre optique de 1 Gbit/s et payé l'intégralité du montant, mais nous ne recevons que 200 Mbit/s. Nous nous sommes rendus à leurs bureaux à plusieurs reprises et",2025,9,1,-0.87,internet fibre et box,237
46.0,Ali Errahouni,f Site dayrin bli 7alin Nhar Sabt Tal 13h ohoma aslan Sadin,2025,9,1,0.37,application mobile et espace client,59
46.0,Uwe H.,"J'aimerais bien lui donner 5 étoiles  mais j'en retire une pour la communication. Nous voulions une carte SIM de Telecom Maroc pour nos vacances. Nous sommes donc allés à la boutique. Malheureusement, le personnel ne parlait que français et",2024,7,28,-0.53,carte sim et réseau,240
46.0,BRAHIM D:,"Cette entreprise est un véritable monopole. Que Dieu nous protège ! Leurs services sont déplorables, notamment la 4G et l'ADSL. Nous avons déposé des milliers de réclamations, et le problème persiste.",2024,7,28,-0.91,carte sim et réseau,200
46.0,Ahmed Taqi,"Vous n'arrivez pas à trouver le nombre ?  C'est une question de chance.",2026,7,28,-0.5,autre,73
46.0,Latifa Mounich,"Service excellent, je suis satisfait.",2024,7,28,0.97,attente en agence et personnel,37
46.0,Meryam Atitaou,Leur service est médiocre et ils ne travaillent pas bien avec les clients.,2023,7,29,-0.69,attente en agence et personnel,74
46.0,habib haida,J'adore cet endroit,2024,7,28,0.74,autre,19
46.0,ennaqqal Jawad,Cool,2026,7,28,0.91,autre,4
46.0,Evo,Super 👍,2022,7,29,0.79,autre,7
46.0,Sammie Elaouad,Service de qualité supérieure,2022,7,29,0.66,attente en agence et personnel,29
46.0,Azdin Aitazizou,incroyable,2023,7,29,-0.49,autre,10
46.0,Mohamed Bamhaoudi,Bien,2020,7,29,0.75,autre,4
46.0,Amal Agaa,Service👎🏻👎🏻👎🏻👎🏻👎🏻👎🏻👎🏻👎🏻,2025,10,31,0.42,attente en agence et personnel,23
46.0,farchi mouad,Aucune transaction,2026,6,30,0.0,autre,18
47.0,Taoufik Oubaih,"J’ai eu une expérience très décevante dans cette agence Maroc Telecom.  •	Manque de confort : pas de climatisation, ce qui rend l’attente difficile.",2025,12,30,-0.82,attente en agence et personnel,150
47.0,Emma Grimaldi,"Catastrophique, l agent n'a pas voulu me faire une carte sim juste par flemme. Extrêmement désagréable, je ne recommande pas",2024,7,28,-0.8,carte sim et réseau,124
47.0,Issam El aabassi,À éviter,2026,5,29,0.5,autre,8
47.0,Aziz Bouamama,"Tres bon accueil, Mr Abdllah etait tres gentil et a l'ecoute, je recommande.",2022,7,29,0.9,attente en agence et personnel,76
47.0,Hassan for,Service insatisfaisant,2026,2,28,-0.58,attente en agence et personnel,22
47.0,Mohamed Rafidi (“Dresseur de chiens”),"Nul de nul ollah , jurassique jurassique.",2026,7,28,-0.69,autre,41
47.0,moha zer,Pas mal,2023,7,29,0.41,autre,7
47.0,Djalilla ait omar,Trop lent,2023,7,29,0.5,autre,9
47.0,Bronzi Jungler,Bonne expérience,2021,7,29,0.96,autre,16
47.0,RACHEL-VICTOIRE DELACHANCE,Sympa le personnel,2019,7,30,0.59,attente en agence et personnel,18
47.0,Mohamed Ait eladel,Nul,2022,7,29,-0.4,autre,3
47.0,Show Break,Excellent,2020,7,29,0.96,autre,9
47.0,Mohamed Agnaou,Manque de service,2020,7,29,0.46,attente en agence et personnel,17
47.0,Jens,"J'ai souscrit un contrat de 6 mois avec Maroc Telekom et je souhaitais augmenter mon forfait de données mensuel de 29 Go à 10 Go. Ne parlant ni français ni arabe, le vendeur, très aimable, s'est occupé de tout. (Au 7 décembre 2025)",2026,3,30,0.39,carte sim et réseau,231
47.0,hasna assahad,"Monsieur Sayed, j'ai un domestique nommé Abdullah Khaddam. Que Dieu bénisse sa famille. Il travaille avec dévouement et j'ai toujours fait preuve d'une grande patience. J'ai vu comment il s'occupe des personnes âgées, les conseillant et restant à leur écoute jusqu'à ce qu'il leur montre comment faire.",2025,12,30,-0.78,autre,302
47.0,Lobna Assahad,"Malgré l'affluence, l'employé était très serviable et a servi les clients avec respect et patience. Merci pour votre excellent travail.",2025,12,30,0.92,autre,135
47.0,Habib Sal,"Le service est nul, ce n'est pas un problème...",2025,11,30,0.0,attente en agence et personnel,47
47.0,Rivaldo Pes,O9sim bilah yla akhra service f lmaghrib,2026,3,30,0.48,attente en agence et personnel,40
47.0,Asma Sabir,"Le service était déplorable.  Je suis allé le voir pour une question concernant mon numéro de téléphone.",2025,10,31,-0.88,attente en agence et personnel,106
47.0,ZAKARIA Fakherddine,C'est trop lent ; il faut de la vitesse.,2026,7,28,-0.54,autre,40
47.0,Bahtit Younes ben oumare,"Endroit formidable, personnel respectueux",2023,7,29,0.96,attente en agence et personnel,41
47.0,Med Sous,Pas de réponse. Service 00,2026,7,28,0.0,attente en agence et personnel,26
47.0,Mustapha Akharaze,Service client 👌,2020,7,29,0.49,attente en agence et personnel,16
47.0,Zach,Services de pointe,2024,7,28,0.62,autre,18
47.0,Wafa Ab,Wi-Fi pourri,2020,7,29,0.6,autre,12
48.0,Catherine Lacroix,Très bon accueil et personnel sympathique,2024,7,28,0.98,attente en agence et personnel,41
48.0,Loqman Amajoud,Un bon service et vite dans toute agadir.,2021,7,29,0.97,attente en agence et personnel,41
48.0,Abdelali Aouni paysagiste,Automatic règlement par borne bonne continuation,2019,7,30,0.64,autre,48
48.0,Younes Kdir,👍,2022,7,29,0.42,autre,1
48.0,Thierry Burel,Bonjour je vous conseille cette agence la dame et le monsieur a l'accueil sont super gentils agréable sourient et vous explique bien encore merci a vous deux,2026,7,28,0.92,attente en agence et personnel,157
48.0,mohamad abdlhak,Excellent niveau de service,2024,7,28,0.94,attente en agence et personnel,27
48.0,Mersioui Younes,5 étoiles au personnel pour le service,2026,2,28,0.88,attente en agence et personnel,38
48.0,yannick Salerno,"Je suis allé là-bas pour prendre un abonnement internet et c'était rapide, efficace et très accueillant.",2025,10,31,0.96,facturation et prix,104
48.0,Jan Jansen,"Nous avons 2 lignes avec fibre optique 100Mb et après un an d'utilisation je peux dire : pas stable, beaucoup de temps de coupures courtes à longues (entre 1 et 5 minutes), prix élevé (500 dirhams par mois) (En Europe vous payez le même montant pour 1000Mb et dans les 2 ans où nous l'avons utilisé, il y a eu un minimum de coupures.",2026,7,28,-0.43,internet fibre et box,333
48.0,Ra Ju,Très sympathique,2026,7,28,0.84,autre,16
48.0,Otti Bar,Le service est excellent.,2026,7,28,0.98,attente en agence et personnel,25
48.0,ثقافة عامة,Merci pour votre service,2024,7,28,0.97,attente en agence et personnel,24
49.0,Amine Moulahi,"Déçu par le mauvais service de cette agence de télécom. L'agent censé être au travail était en train de déjeuner ailleurs, ce qui démontre un manque total de respect envers les clients. En plus de cela, j'ai rencontré des problèmes de",2024,7,28,-0.98,attente en agence et personnel,234
49.0,Meustoo cainks,"2 de tension, ramener des jeunes les vieux marocains aigris c'est bon ils sabot le pays, caractère nrv, et on as l impression qu'ils vont te demander du bakchich. ...bizarre nan?..",2020,7,29,-0.61,autre,180
49.0,Sliman Naoum,"Plus de 30 min à la salle d’attente, 15 min pour chaque client c vraiment inacceptable",2023,7,29,0.43,attente en agence et personnel,86
49.0,Amestoun Lahsen,"Bn service. Agent competant serieu, efficace, accueillant et souriant",2021,7,29,0.95,attente en agence et personnel,69
49.0,Djolof Services,Services remarquable et professionnels.,2023,7,29,0.93,autre,39
49.0,Abdelaziz Chakir,Service rapide,2024,7,28,0.73,attente en agence et personnel,14
49.0,un known,Mauvaise service,2021,7,29,0.55,attente en agence et personnel,16
49.0,soufiane informatique,Pour les clients Maroc Telecom,2020,7,29,0.7,autre,30
49.0,SMed ZAHAR (Smed ZAHAR),Une boite de conserve !!,2022,7,29,-0.51,autre,24
49.0,hoummad lkhattab,"Quel service, l'entreprise prend de l'argent réel et les transactions sont nulles",2026,1,29,-0.44,attente en agence et personnel,81
49.0,Moulay Rachid,Had lagence khas.ibedlo hadak bouzebal likhdam tmak kolchi wach nass katkhls flousha wkhdama mayjawboch 3la téléphone bnadm dyal bouzebal,2025,10,31,0.81,service client et assistance,137
49.0,Astra Aoo,"La sœur présente était incompétente. Pendant plus de quinze minutes, elle s'est disputée avec son amie, faisant attendre tout le monde. Finalement, quand j'ai pu la voir, elle m'a dit qu'elle ne pouvait rien faire pour moi",2026,7,28,-0.78,autre,222
49.0,Hassan Aberdaze,"Service médiocre, personnel désagréable et paresseux",2026,3,30,-0.53,attente en agence et personnel,52
49.0,zodnox artcrafts,"Le personnel m'a très mal traité, leur service était déplorable, ils étaient d'une impolitesse incroyable  Ils auraient dû embaucher des jeunes.",2021,7,29,-0.96,attente en agence et personnel,144
49.0,Mustapha REGRAGUI,"Service déplorable, une heure d'attente, deux employés mécontents dont le seul but est de vous rendre la vie impossible... Désinformation, compétences informatiques rudimentaires.",2023,7,29,-0.86,attente en agence et personnel,179
49.0,Omar Lozy,"Mes frères, si vous voulez faire des courses dans cette succursale, vous ne devriez pas avoir d'autres courses ce jour-là car ils travaillent très lentement, seulement une heure par client.",2021,7,29,0.0,autre,189
49.0,adel bibouden,Service impeccable de la part du pèlerin et communication fluide.,2021,7,29,0.5,attente en agence et personnel,65
49.0,mahdi DOUIRI,"Service médiocre, personnel impoli et paresseux",2021,7,29,-0.44,attente en agence et personnel,47
49.0,Mohamed Silva,bien,2025,9,1,0.96,autre,4
49.0,Yassine Douaddi,Ichay7 lghla,2024,7,28,0.53,autre,12
49.0,zo_uh_ir,Toi,2021,7,29,0.52,autre,3
50.0,Massilia,Si yavait -1000 je l'aurais mis tellement service médiocre le monsieur méchant au guichet doit partir en retraite tout le monde a agadir sait son degré d'incompétence chef d'agence pas professionnel parle très mal,2026,7,28,-0.85,attente en agence et personnel,213
50.0,Damhan,"C'est honteux . L'agent âgé aux lunettes est une honte et donne une très mauvaise image de votre agence, aucune courtoisie, manque de bonne maniéres, ni salut ni bonjour ni",2022,7,29,-0.97,attente en agence et personnel,173
50.0,Khalid Yassine,Cette agence est la pire d’Agadir. L’employé qui y travaille véhicule une image catastrophique de votre entreprise. Tous les avis précédents sont pourtant unanimes au sujet de l’employé qui y travaille sans que vous n’ayez rien fait pour y,2024,7,28,-0.91,attente en agence et personnel,239
50.0,Lalla Asmae Karama,"Un grand merci à fatiha farzouz animatrice chez Maroc telecom agence marjane Agadir. Excellent service, beaucoup de patience et un grand sourire chaleureux. Merci pour votre assistance Fatiha.  Ca fait plaisir!",2026,7,28,0.95,attente en agence et personnel,210
50.0,NASSIRI,Le monsieur au lunettes mene les clients au bout du nez. C est honteux d'avoir des gens aussi incompétent au service. Je passe chez Orange. C est pas comme par hasard qu'ils se sont installés juste à côté.,2023,7,29,-0.67,attente en agence et personnel,205
50.0,Monfort,Très mauvais service. Accueil très froid surtout de l’employé âgé avec des lunettes. On dirait qu’on les dérange. Se lève pas de son siège pour nous accueillir et parler avec nous derrière son comptoir. Cela nous change de Tanger où nous,2021,7,29,-0.98,attente en agence et personnel,237
50.0,M A,"On me coupe une ligne pro alors que le lien donné pour payer les factures ne fonctionne pas depuis la france   Seule solution il faut vous déplacer. Service client catastrophique !",2024,7,28,-0.89,attente en agence et personnel,182
50.0,Hadrane Amine,"le service est nul je leurs es demandé de me régler un problème de wifi et ils m'ont dits que quelqu'un allait venir et la ,deux mois plus tard toujours personne.",2019,7,30,-0.68,internet fibre et box,162
50.0,reda,"Le pire service que jai vue de ma vie , il ya deux personnes dans l’agence mais personne pour travailler",2024,7,28,-0.61,attente en agence et personnel,104
50.0,Mustapha Jassani,"L'âge de pierre ! N'y allez pas vous allez le regretter sinon, garantie !",2026,7,28,0.5,autre,73
50.0,doha salamat,"personnel pas à la hauteur des attentes, avec un comportement non respectueux envers les clients.",2021,7,29,-0.55,attente en agence et personnel,97
50.0,Emmanuel NOGUÈS,Pas de carte prépayée.... Voir dans une autre agence,2022,7,29,0.0,attente en agence et personnel,52
50.0,said ahadad,Meilleur service,2026,7,28,0.95,attente en agence et personnel,16
50.0,SCAP Jardineries,Service nullissime,2022,7,29,-0.61,attente en agence et personnel,18
50.0,Mido Nido,Service nul .,2023,7,29,-0.52,attente en agence et personnel,13
50.0,Ali Yousfi,Honteux incroyable la façon de parler du vieux monsieur à lunette au guichet je croyais que c'était une caméra cachée le chef d'agence pas mieux pour une simple info résiliation je me suis fait engueulé j'ai bien fait de changer d'opérateur,2026,7,28,-0.83,attente en agence et personnel,240
50.0,Felix Podobnig,"Nous avons fait la queue pendant longtemps pour acheter deux cartes SIM avant la fermeture du magasin. Quand ce fut enfin notre tour, le vendeur nous a dit que le magasin était déjà fermé et nous a congédiés. Pourtant, des clients après nous ont été servis. Nous avons trouvé ce comportement très injuste et peu professionnel.",2026,5,29,-0.9,attente en agence et personnel,326
50.0,Gosia Kurczyk,"L'homme à lunettes était désagréable, il a dit au début qu'il ne parlait que français et que nous ne pouvions rien arranger dans une autre langue (anglais) avec lui.",2026,1,29,-0.62,autre,165
50.0,Bouchra R Daoudi,"Le vendeur de Maroc Telecom avec ses lunettes nous a offert le pire service client qui soit. Il nous a demandé ce dont nous avions besoin, à savoir deux cartes SIM, puis a refusé de nous servir alors qu'il avait déjà aidé trois clients",2023,7,29,-0.68,attente en agence et personnel,235
50.0,Fantastic World,"Service déplorable. J'ai essayé d'appeler Marjane Agadir pour me renseigner, mais personne n'a répondu et le téléphone sonnait dans le vide.",2021,7,29,-0.79,attente en agence et personnel,140
50.0,Estrella,"C'est inadmissible, honteux et incroyablement impoli ! Cet homme à lunettes qui prétend travailler dans ce bureau est totalement incompétent pour servir le public. Il ne résout rien et ne sait même pas comment faire  Il est complètement",2024,7,28,-0.96,attente en agence et personnel,236
50.0,Chaimae AIT,service cadran l wil siyed khedam bzez khdemto maqadch ydirha w kiyghewet hommes l foq,2024,7,28,0.45,attente en agence et personnel,86
50.0,MARYAM ISMGAN,Bon service 👏👏,2026,7,28,0.92,attente en agence et personnel,14
50.0,Med Pookh,Service vraiment mauvais 👎👎👎,2024,7,28,-0.93,attente en agence et personnel,28
51.0,Chaiav 92,Très bonne expérience la directrice est très professionnelle je me suis permise d’aller la solliciter dans son bureau elle m’a accueillie avec le sourire et à prie ma demande très rapidement vraiment au top 👍👍👍👍je la remercie infiniment pour son professionnalisme,2026,7,28,0.97,autre,263
51.0,Mustapha Oumoussa,Service médiocre : une heure d’attente pour une intervention qui ne dure que 5 minutes.,2025,12,30,0.46,attente en agence et personnel,87
51.0,Promosa,Le service le plus horrible que j'ai jamais vu !!!!!! La dame s'en fout complément des clients...,2026,7,28,-0.98,attente en agence et personnel,97
51.0,najib zeha,"Cette agence ne mérite même pas une étoile. Je suis venu pour régler une situation problématique mais après ce service médiocre, j’ai décidé de résilier mes contrats. Tout le monde est parti pour déjeuner, rien n’est mis en place pour connaître le tour est à qui",2025,10,31,-0.51,attente en agence et personnel,262
51.0,Pierre,Des professionnels qui ont su m'orienter et répondre à mes questions.,2026,5,29,0.63,service client et assistance,69
51.0,Mohammed Tamim,Bel endroit et personnel agréable,2026,4,29,0.79,attente en agence et personnel,33
51.0,Nabil nabs,Service tres mediocre. La pire conpagnie telephonique Au Maroc. Des vrais escros.,2024,7,28,-0.47,attente en agence et personnel,81
51.0,C MARTY,Super accueil dépannage rapide,2026,7,28,0.86,attente en agence et personnel,30
51.0,youssef hatim,Bon service,2026,4,29,0.92,attente en agence et personnel,11
51.0,Gérard David,Que du classique....,2025,9,1,0.52,autre,20
51.0,Mohamed ANIR,Très bon service. Je déclare que l'agent est très sympa.,2026,7,28,0.94,attente en agence et personnel,56
51.0,Karim BENABD,"Maroc Telecom est le principal opérateur de télécommunications au Maroc, mais sa politique tarifaire est déconnectée du coût de la vie marocain, notamment avec un salaire minimum de 3 120 dirhams.",2025,9,1,-0.61,autre,196
51.0,Brahim A,"Agence diima khawya, mezyaan, walakin khasset t3ref 3lach dima khawya o mafihach zham !? Siyeda kbira li kheddama, t9iiiiiiiiiiiiiiiiillaaaa, service zéro, ou katsebbe9",2026,7,28,0.54,attente en agence et personnel,169
51.0,The Prof,"Le service clientèle est assuré par une seule femme dans ce qui est considéré comme la plus grande agence de la ville  Excellente organisation, mais il faudrait embaucher un deuxième employé.",2026,7,28,0.51,attente en agence et personnel,191
51.0,Rachid Taghazout,Service client moyen,2026,7,28,0.56,attente en agence et personnel,20
51.0,Ilias Jaafari,"Ce que j'apprécie le plus, c'est la façon dont les gens de cette agence me traitent. Monsieur Hassan et son employée sont formidables, et je n'oublie pas l'agent de sécurité : que Dieu les bénisse, ils sont tous si gentils.",2024,7,28,-0.66,attente en agence et personnel,223
51.0,Azzam Mohamed (‫نقل البضائع توصيل الطلبات‬‎),Maroc Telecom est spécialisée dans les services de téléphonie fixe et mobile ainsi que dans l'accès à Internet.,2026,7,28,0.61,autre,111
51.0,Zakaria Moulla,Service client inapproprié,2025,9,1,-0.52,attente en agence et personnel,26
52.0,Mourad mourad,Le bureau de Maroc Telecom paiera ses factures,2020,7,29,0.38,autre,46
52.0,MINEJOKI,"agence pour installation adsl et paiement de facture, beaucoup d'attente, parking disponible devant",2022,7,29,-0.63,internet fibre et box,99
52.0,Afago Lhou,Chef d'agence accueillante et brillante,2020,7,29,0.96,attente en agence et personnel,39
52.0,Asmaa Abli,Ça n'existe plus.,2024,7,28,0.0,autre,17
52.0,Said tawile,Telecom,2019,7,30,0.53,autre,7
52.0,Soufiane Driver,Agence bien située avec un bon service client,2021,7,29,0.95,attente en agence et personnel,45
52.0,Zakaria Gaizi,Pas utile du tout.,2021,7,29,-0.43,autre,18
53.0,abdellah benmohamed,Service 0 il y a un responsable dans 4 guichet le directeur est toujours absent,2026,1,29,-0.38,attente en agence et personnel,79
53.0,Arti Elec,"Comme toujours réseau en panne pourtant ce sont eux même qui fournisse le service internet , allez comprendre ! Avec 45 min d'attente et pour un service client qui laisse à désirer. Il faut vraiment revoir le service client et la manière de travailler.",2026,7,28,-0.5,attente en agence et personnel,254
53.0,Ucef Imed,"Récemment, ils ont volé mon solde même si je ne l'ai pas utilisé et qu'il n'a pas encore expiré.",2025,10,31,-0.57,autre,96
53.0,Fouad Idh,"Cette agence correspond à une agence du siècle dernier avec l'impression de monopole et aucune notion du service Client. Suite à la migration de la ligne ADSL internet, nous sommes facturés deux fois: ancienne ligne et nouvelle depuis 4",2024,7,28,0.0,attente en agence et personnel,236
53.0,Walid,"Ne pas s’y rendre si vous ne parlez  pas arabe. 10 minutes d’attente plus le temps du trajet de perdu pour se faire renvoyer sans renseignements ni excuses mais avec l’impression d’avoir dérangé.",2024,7,28,-0.6,attente en agence et personnel,196
53.0,Mohamed GA,"S'ils ne veulent pas travailler, ils vous disent que le systeme est en panne surtout le vendredi soir.",2024,7,28,-0.55,autre,102
53.0,T. Adil,L'entreprise n'a pas le pouvoir de vous dire si elle installera le Wi-Fi en 48 heures ou en 3 jours ; elle vous répond : « Je ne sais pas quelle sera la situation. »,2026,4,29,-0.51,autre,165
53.0,Sia Sia,Ils ne respectent pas,2026,1,29,-0.48,autre,21
53.0,Hamza el hakmi,Le service laisse à désirer et les femmes de ménage ne font pas correctement leur travail ; elles ne travaillent pas pour 2.,2026,7,28,-0.8,attente en agence et personnel,124
53.0,Halima Ikkah,"Le service est médiocre, le personnel ne fait pas correctement son travail.",2026,7,28,-0.34,attente en agence et personnel,75
53.0,Ahmed Es sayad,Ils ne respectent pas les clients,2026,7,28,-0.48,autre,33
53.0,Simo 07 GAMING,"Le gérant de Dial Agons, que Dieu la bénisse, est un homme humble.",2024,7,28,-0.85,autre,66
53.0,Youssef Lasfar,👎,2026,5,29,0.42,autre,1
53.0,ريبو - Repo,Wach kayd3mo MT CASH,2024,7,28,0.49,autre,20
53.0,ILE Life,Service 2/5,2024,7,28,0.55,attente en agence et personnel,11
53.0,Ismail Br,Service nul.,2026,7,28,-0.52,attente en agence et personnel,12
53.0,MusTapha AbouLfarah,Service mauve,2026,7,28,-0.48,attente en agence et personnel,13
53.0,Mohamed Ait dadda,Bien,2024,7,28,0.75,autre,4
53.0,Boujamaa Taguella,Agence Zeppelin,2026,7,7,0.52,attente en agence et personnel,15
54.0,هل تعلم,Bon service,2026,7,28,0.92,attente en agence et personnel,11
54.0,Jamal Jawando,"Le pire service client que j'aie jamais connu. On m'a volé mon téléphone et ma carte SIM, et je suis allé en demander une nouvelle. Elle ne m'écoute pas, m'envoie dans un autre magasin, pour finalement",2025,12,30,-0.7,service client et assistance,202
54.0,Silvia,Il n'est pas possible de recharger ici.,2026,5,29,-0.49,autre,39
54.0,Simon,Service médiocre : sachez qu’ils ne vous communiqueront pas les meilleures offres et qu’ils essaieront de vous faire choisir la plus chère.,2026,7,28,0.44,attente en agence et personnel,139
54.0,HUSN AF,service médiocre,2025,11,30,0.64,attente en agence et personnel,16
54.0,yannick Salerno,Super -,2025,10,31,0.85,autre,7
54.0,AJEBLI LAHCEN,Service excellent,2023,7,29,0.96,attente en agence et personnel,17
54.0,Lahcen NAJEH,Makhodamash,2026,7,28,0.64,autre,11
55.0,Hamza Badada,"Très mauvais service client... l'agence travaille avec Un seul guichet pendant 2 heure et 20 personnes En attendant son tour C'est la 3 ème fois que j'ai observé cette façon de service",2025,12,30,-0.97,attente en agence et personnel,185
55.0,amin chigger,"J'ai subi le pire traitement de ma vie par le directeur de la succursale qui ne m'a accordé aucune importance. Je faisais face au problème des pannes de WiFi depuis trois mois et je payais les redevances mensuelles à l'époque, j'ai déposé",2023,7,29,-0.69,internet fibre et box,238
55.0,hassan bagag,Nul service.  Au moins changez les horaires sur google . Ils affichent que c'est ouvert jusqu'à 17h . Autant que c'est fermé entre midi.  Et ouvre à 15h 18h,2021,7,29,-0.46,attente en agence et personnel,156
55.0,tahar saleh,"Accueil et service impeccable. Le jeune homme à l'accueil était hyper sympa et le fonctionnaire Jamaa était fort serviable, patient et aux petits soins envers nous. Je recommande vivement !",2023,7,29,0.52,attente en agence et personnel,189
55.0,Anouar Axemax,"Service 3yaan, personnels gha kayjm3o m3a be3diyathom onass katsna. Une réclamation par téléphone a était faite au service concerné Maroc Telecom.",2023,7,29,-0.56,attente en agence et personnel,147
55.0,Jamal Soufian,"Service de qualité , merci M. JAMAA pour votre accueil chaleureux",2022,7,29,0.86,attente en agence et personnel,65
55.0,Berrada Younes,Service pire que nulle.,2025,9,1,-0.67,attente en agence et personnel,23
55.0,elba mat,Trop de monde pas de place pour se garer.,2020,7,29,0.0,autre,41
55.0,abdderahman tehri,service pas mal,2022,7,29,0.7,attente en agence et personnel,15
55.0,AMADAL Life,☹️,2019,7,30,0.42,autre,2
55.0,asman ayoub,Mauvais service,2021,7,29,0.57,attente en agence et personnel,15
55.0,mohamed kili,Nul service,2023,7,29,0.38,attente en agence et personnel,11
55.0,Basma Sarsif,"Retards et perturbations sans précédent. Seuls deux employés, tous deux âgés, travaillent. Les autres bureaux sont vides et plus de 40 clients attendent depuis plus d'une heure.",2026,4,29,-0.61,autre,177
55.0,Mehdi mehdi,"Le service est catastrophique ; à votre arrivée, une seule personne travaille, les autres sont absentes et plus de 30 personnes attendent. Il faut compter une heure et demie avant de savoir si c'est votre tour.",2026,2,28,-0.94,attente en agence et personnel,210
55.0,Ben EL Abde Ssamad,"Mauvais endroit, mauvaises personnes, mauvais service",2026,5,29,-0.93,attente en agence et personnel,53
55.0,mocro agadir,Un employé dans une grande agence pour 50 clients,2026,1,29,0.68,attente en agence et personnel,49
55.0,Karimi Alexendr,Endroit à éviter absolument. Beaucoup de monde et aucun service client... seulement deux personnes... et tout le monde attend... Fermez cet endroit et retirez-nous une entreprise...,2026,7,28,-0.53,attente en agence et personnel,181
55.0,Mohamed Anaflous,"J'aime bien Maroc Telecom, mais je n'aime pas leur agence d'Inezgane car les employés ne travaillent pas dur, ils ne se soucient pas des clients et ils ne valorisent pas les personnes qui souhaitent se rendre sur place.",2023,7,29,-0.44,attente en agence et personnel,219
55.0,Rachid BOUDERKA,"L'une des meilleures entreprises de télécommunications en Afrique, et la plus populaire et la plus performante au Maroc.",2019,7,30,0.97,autre,120
55.0,Mina El hilali,Endroit idéal pour prendre une douche 🧼,2026,7,28,0.52,autre,39
55.0,Karyou Abdelwahab,Combien de temps dois-je attendre avant l'arrivée du technicien ? J'ai déjà réglé tous les frais. La connexion est lente et j'attends votre livraison. Veuillez me contacter. Votre service client est déplorable ; personne ne répond à nos appels.,2021,7,29,-0.68,carte sim et réseau,244
55.0,Brahim Amhal,La pire agence et le pire service que j'aie jamais vus... Cet endroit devrait fermer ses portes 👎👎👎👎👎👎👎👎👎👎👎,2026,7,28,-0.7,attente en agence et personnel,107
55.0,Mohamed Anaflous,Il y a un problème avec l'accueil ; le personnel ne travaille pas assez.,2023,7,29,-0.56,attente en agence et personnel,72
55.0,Mohamed Timzourhine,Centre principal de Maroc Telecom à Inezgane,2024,7,28,0.52,autre,44
55.0,Fatima Krepper,Service 3ndkom 000000000 bravo 3likom,2024,7,28,0.84,attente en agence et personnel,37
55.0,Meow137,Pas aussi performant dans la réalité que ce qu'ils prétendent être pour une entreprise de télécommunications.,2023,7,29,0.0,autre,109
55.0,Josef Bac,Service au top 😘,2026,7,28,0.79,attente en agence et personnel,16
55.0,Mo Samir,Bon service client,2019,7,30,0.87,attente en agence et personnel,18
55.0,هشام الدغمومي,"C'est un endroit magnifique, vraiment.",2020,7,29,-0.54,autre,38
55.0,Elfakir Abderrahim,Service propre et de qualité,2021,7,29,0.85,attente en agence et personnel,28
55.0,Abdo Bouadli,Que Dieu la préserve en tant que marchandise.,2023,7,29,0.7,autre,45
55.0,Yan Ridouane,très mauvais traitement,2019,7,30,-0.92,autre,23
55.0,elhafid kerroum,Juste des images,2022,7,29,0.68,autre,16
55.0,hassan choukri,Une belle expérience,2024,7,28,0.95,autre,20
55.0,Mohamed OUBLAL,Mauvais service,2023,7,29,0.57,attente en agence et personnel,15
55.0,Driss ادريس TAKKI CHEBIHI التقي الشبيهي,Service prêté,2017,7,30,0.67,attente en agence et personnel,13
55.0,Youssef Fariat,bien,2023,7,29,0.96,autre,4
55.0,Aziz kesta,Expérience Mazyana,2023,7,29,0.48,autre,18
55.0,brahim el kahraoui,Services médiocres,2020,7,29,0.58,autre,18
55.0,Mobi Sud,Maroc Telecom Inezgane,2017,7,30,0.41,autre,22
55.0,Youssef Makroum,Tzzzzzzzz,2018,7,30,0.56,autre,9
55.0,Adam Rami,"Prix ​​élevés par rapport à la qualité proposée, et service client très lent et médiocre.",2026,7,28,0.87,attente en agence et personnel,89
56.0,bachir bruxelle,Mauvais réseau. De plus le services clients incompétent.,2022,7,29,-0.45,carte sim et réseau,56
56.0,David Somovilla,"L'endroit idéal pour acheter une carte SIM prépayée Maroc Telecom. Le vendeur est très aimable et facile à aborder, même si votre anglais est basique 😊 La carte SIM coûte 20 dirhams (2 €) et le forfait de données de 15 Go est à 100 dirhams (10 €). En plus, c'est beaucoup moins cher que chez Orange (deux fois moins cher).",2025,11,30,0.56,carte sim et réseau,322
56.0,Patrick de Vriend,Vendeur sympathique. L'endroit idéal pour acheter une carte SIM. 70 dirhams pour une carte SIM de 20 Go.,2026,3,30,0.61,carte sim et réseau,104
56.0,Jochen Stammwitz,"Très simple ! Le propriétaire est sympathique, parle bien français et est toujours prêt à aider en anglais. La connexion avec Maroc Telekom est bonne, et comme nous étions en road trip, nous avons visité de nombreuses régions reculées ! La carte SIM ne coûte que 120 Dh et 15 Go par mois.",2026,7,28,0.91,carte sim et réseau,288
56.0,Daniel K.,Je cherchais une carte SIM pour mes vacances. Le service était très sympathique et la carte était bon marché (environ un tiers du prix dans les boutiques Orange). Je ne peux pas encore me prononcer sur le signal.,2024,7,28,0.8,carte sim et réseau,212
56.0,Peter SWV v2,Ce magasin n'existe pas.,2026,7,28,0.0,autre,24
56.0,Mario Deberdt,Ce n'est plus Maroc Telecom,2026,7,28,0.0,autre,27
56.0,Castus Karsten Liehm,Excellent conseil ! 120 DH pour 15 Go,2026,7,28,0.97,autre,37
56.0,Othmane Amssaadi,"Il n'existe plus, ils ont changé d'emplacement.",2026,7,28,0.0,autre,47
56.0,Nassr Youba,Un homme bien travaillait dans cette agence.,2023,7,29,0.9,attente en agence et personnel,44
56.0,Simou,Un endroit magnifique et merveilleux,2020,7,29,-0.48,autre,36
56.0,katja zuliani,Ils sont doués pour donner des conseils.,2020,7,29,0.45,autre,40
56.0,zakaria fettach,Service 5/5,2020,7,29,0.57,attente en agence et personnel,11
56.0,ABDENNASSER REBHI,Maroc Telecom,2021,7,29,0.48,autre,13
56.0,moulay mohamed ait izeddar,Hassan,2026,7,28,0.53,autre,6
56.0,BNS Bharat Nri Service,"« Boutique de confiance, aucune arnaque. Bon prix pour la carte SIM et internet fonctionne parfaitement. »",2026,7,7,0.69,facturation et prix,106
57.0,Fatima KARIM,Dommage qu'il n'y a pas 0 étoile. Service catastrophique. J'y étais pour demandé une box plus récente car la mienne doit avoir 8 ans. Et la personne à l'accueil un monsieur très désagréable qui n'a clairement rien à faire dans cette agence.,2026,4,29,-0.82,attente en agence et personnel,240
57.0,Abdo Français,"C'est la plus mauvaise agence au Maroc, l'employé est vraiment chiant, irresponsable et non professionnel. J'ai eu une catastrophique expérience avec lui après avoir refusé d'exécuter le transfert de ma ligne ADSL vers mon nouveau logement.",2025,10,31,-0.99,internet fibre et box,240
57.0,Ali,"Ok, je suis MRE, mais je sais très bien faire la différence entre l’accueil pressé d’un homme stressé, et l’accueil méprisant d’un homme hautain. Je suis heureux d’avoir enfin pu cesser mon abonnement chez eux, 500dh par mois et impossible",2025,10,1,0.55,attente en agence et personnel,239
57.0,rabi kess,"Pire agence maroc Télécom. mauvais accueil des clients, délai d'attente trop longs ,meme qu'on a essayé de m'arnaquer pour récupérer mon numéro bloqué  en m'imposant un forfait avec",2024,7,28,-0.94,attente en agence et personnel,182
57.0,Rachid Wally,J'ai mis une recharge de 50 DH #3 le jour au lendemain elle la disparu comment je me le demande Je ne savais pas que Maroc télécom faisait de la magie c'est bon à savoir merci à vous et à jamais,2021,7,29,0.45,carte sim et réseau,194
57.0,boubker chekkouri,"Un monsieur qui s'investit réellement essi Ahmed. Responsable d'agence très professionnelle et courtoise",2024,7,28,0.58,attente en agence et personnel,105
57.0,Tawssil EL MALKI,Livraison Moto,2026,1,29,0.67,autre,14
57.0,Hassan Baani,Maroc telecom le 4G Donné mobile faible,2024,7,28,0.49,carte sim et réseau,39
57.0,Lahcen Bouargane,Oui j'ai envoyé un colis,2022,7,29,-0.39,autre,24
57.0,kyo kosanaggi,maroc telecome reseaux service telephonoque,2022,7,29,0.48,attente en agence et personnel,43
57.0,Jawad Z,Ça va,2024,7,28,0.36,autre,5
57.0,hassan chakir,Service nul et mauvais,2024,7,28,-0.85,attente en agence et personnel,22
57.0,Christian CLAVERIE,Une heure et demie d'attente.,2024,7,28,0.46,attente en agence et personnel,29
57.0,najid marwan,Très bien,2021,7,29,0.99,autre,9
57.0,Houssam Elfarah,🤮👎,2026,7,28,0.42,autre,2
57.0,QASSIMI ahmed,Bon service,2022,7,29,0.92,attente en agence et personnel,11
57.0,Med-bou Bouchoukou,"L'agence Morocco Telecom est la pire.  Mauvais accueil, temps d'attente interminables et manque de respect envers les",2026,7,28,-0.91,attente en agence et personnel,119
57.0,Lakhsassi Abderrahim,Une agence avec des utilisateurs novices qui ne maîtrisent pas leur travail.,2025,10,31,-0.44,attente en agence et personnel,76
57.0,mohammad almotawakil,Bon service et bon accueil mais pas à la hauteur de l'excellence,2021,7,29,0.72,attente en agence et personnel,64
57.0,Fahed Talaint FF,HMAAR LI KAY N TMMMMMMMMMA,2024,7,28,0.5,autre,26
57.0,Jabran Samir,Momtaz ok,2024,7,28,0.66,autre,9
57.0,REDA KB,mauvais service,2025,9,1,-0.85,attente en agence et personnel,15
57.0,Ali Akounad,Très mauvais traitement 👎👎👎👎👎👎,2021,7,29,-0.95,autre,30
57.0,Hassan Damous,Inezgane Azrou Aitbaha,2024,7,28,0.62,autre,22
59.0,Najdi Omar,Endroit chaleureux et  calme,2024,7,28,-0.52,autre,28
59.0,Aissa Sellal,Café + eau = 9 dh,2018,7,30,0.54,autre,17
59.0,Noureddine Akhouti,assez long queu,2018,7,30,0.42,autre,15
59.0,fadli mehdi,Bien,2022,7,29,0.75,autre,4
59.0,MEHDI MEHDI,Bonne,2022,7,29,0.95,autre,5
59.0,Centre de montage Optique,👎,2022,7,29,0.42,autre,1
59.0,Simou,👍,2020,7,29,0.42,autre,1
59.0,Hicham Hicham,Boycott,2019,7,30,0.52,autre,7
59.0,Safae Ghanami,Cc,2018,7,30,0.44,autre,2
59.0,baloon26,"Ils ne respectent pas les horaires. Nous avons attendu plus d'une heure en pensant qu'ils étaient en pause. Finalement, ils nous ont vendu des cartes SIM mais ne les ont pas enregistrées, les rendant inutilisables.",2024,7,28,-0.57,carte sim et réseau,214
59.0,Nobody,Je l'ai trouvé proche,2025,12,30,0.44,autre,21
59.0,سعيد,"Bon service, attribué aux clients et aux visiteurs",2020,7,29,0.97,attente en agence et personnel,50
59.0,Mounir Dahbi,Une entreprise publique n'est pas différente des partenariats de ses concurrents.,2021,7,29,0.0,autre,81
59.0,Mohamed Malil,Bien,2026,7,28,0.75,autre,4
59.0,Dr. Abdullah alzahrani,Offres faibles,2020,7,29,0.42,autre,14
59.0,F Alfehri,Il y a parfois surpopulation,2022,7,29,-0.67,autre,28
59.0,Ahmed Idali,Agadir est une ville touristique par excellence,2018,7,30,0.92,autre,47
59.0,Nazo Zaging,Chic,2019,7,30,0.46,autre,4
59.0,Anas Fatihi (Anas Fatihi),Satisfait.,2017,7,30,0.78,autre,10
59.0,Abdelkader Naimi,mauvais service,2019,7,30,-0.85,attente en agence et personnel,15
59.0,Hemza,Un lieu pour les appels,2020,7,29,0.66,autre,23
61.0,sabah sbaa,Claque,2023,7,29,0.44,autre,6
61.0,Fadma Oussaada,"Très bon accueil à l’agence. Le monsieur qui m’a aidé était très gentil, professionnel et patient. Service rapide et efficace. Merci beaucoup si Lamharzi ALAOUI !",2026,7,28,0.99,attente en agence et personnel,162
61.0,Alsig Alsigo,"Que Dieu vous bénisse, vous qui êtes les meilleurs !",2024,7,28,0.96,autre,52
61.0,Yassine Bakhouz,incroyable,2026,7,28,-0.49,autre,10
62.0,ayou a5,Parfait,2026,4,29,0.8,autre,7
63.0,Molly Mackinnon,"Nous avons fait appel à leurs services en février 2024, puis en 2025 : leur aide est précieuse, leur aisance linguistique est une fois de plus très appréciable, et les options proposées, facilitant l’utilisation du système automatisé, permettent de recharger rapidement et facilement nos comptes de données chez MarocTelecom 🙏🏽🫶🏽❣️💫",2026,5,29,0.76,service client et assistance,332
65.0,Khalid Laamiri,"Personne ne répond au téléphone Franchement c’est n’importe quoi",2026,7,7,0.0,service client et assistance,65
65.0,ab gsk,"L'un des pires services que j'aie reçus ; aucun respect, en plus d'être impoli et de m'avoir menti en face en disant que le système était en panne ; c'est la troisième fois que j'y vais pour la même raison.",2026,3,30,-0.8,attente en agence et personnel,206
66.0,Hicham Hicham,0 étoile,2025,12,30,0.78,autre,8
66.0,laila bd,Mauvais service. Trop lent!!!,2025,11,30,0.55,attente en agence et personnel,29
66.0,Cuisine Ola,Pas de sevice client contact,2026,7,28,0.0,autre,28
66.0,Rachid Oumahmoud,Mauvaise gestion et mauvais services...l'employé a l'impression de travailler contre sa volonté.,2026,1,29,-0.95,autre,96
66.0,IMAD KARIM,"Le service est lent, un employé pour 100 personnes.",2026,2,28,0.61,attente en agence et personnel,51
66.0,عائشة انفلوس,L'emplacement est accessible à tous,2026,7,28,0.7,autre,35
66.0,sana souilem,service 0000000,2026,1,29,0.52,attente en agence et personnel,15
67.0,Abdellah Bencheikh,"J’ai acheté du matériel informatique chez Media Telecom, et franchement je suis très satisfait 👌. Les prix sont très raisonnables, le paiement est facile et flexible, et l’équipe est professionnelle et accueillante. Je recommande vivement !",2026,1,29,0.89,facturation et prix,240
67.0,Mohamed BENADI,"Personnel accueillant et professionnel. Les prestations sont excellente avec un très bon rapport qualité prix.",2022,7,29,0.98,attente en agence et personnel,111
67.0,Ryme Zineb,Une Équipe très efficace et d'un grand professionnalisme. Beaucoup d'innovation avec une communication claire rapide et fluide . Media Telecom je la recommande vivement. Merci à vous,2020,7,29,0.92,autre,182
67.0,Mohamed Tarbi,"Service rapide et professionnel, stuff technique et commerciale très sympa, bon chance et bon courage à vous tous 🔥",2020,7,29,0.98,attente en agence et personnel,115
67.0,Mohcine Tamraoui,"Boîte très sérieuse, meilleur rapport qualité prix , service professionnel et équipe compétente , je recommande",2020,7,29,0.95,attente en agence et personnel,111
67.0,ABDELAAZIZ TAKAMA (TAKAMA DESIGN),"Un parfait travail , je parle d une équipe professionnelle et qualifié. 10/10",2022,7,29,0.81,autre,77
67.0,abdellatif achiban,"Je vous recommande le service de cette société ,du bon service innovant",2022,7,29,0.97,attente en agence et personnel,71
67.0,Oubassan Amine,Bon service de qualité avec un prix très intéressant,2020,7,29,0.98,attente en agence et personnel,52
67.0,Rachid ENNAFAI,"Équipe qualifiée et sérieux, qualité prix non discutable",2020,7,29,0.41,facturation et prix,56
67.0,KARIM BENHAYOUN,"Matériel de qualité, professionnalisme de l'equipe. Boite sérieuse.",2019,7,30,0.72,autre,67
67.0,عبد الرحيم السكراتي,Vents et reparation des matérielle informations et vent et installation des camera et système de sécurité,2018,7,30,0.64,internet fibre et box,105
67.0,EL HADI Hassan,"Des gens sérieux et professionnel.  Je recommande.",2022,7,29,0.48,autre,52
67.0,Abdou Abdou,Bonne service et meilleur qualité,2022,7,29,0.99,attente en agence et personnel,33
67.0,Hajar Ou,Bn qualité et bn service,2020,7,29,0.73,attente en agence et personnel,24
67.0,Ali O,Excellent .dans tous les poibts de vues,2021,7,29,0.95,autre,39
67.0,arafat SHAIB,Service après vente.Qualité,2022,7,29,0.53,attente en agence et personnel,27
67.0,Salah Eddine Benabed,Très bon service,2023,7,29,0.98,attente en agence et personnel,16
67.0,Majid Brahim,Divers produits informatiques et vidéos,2022,7,29,0.58,autre,39
67.0,abderrahim akeskouss,pas mal,2019,7,30,0.7,autre,7
67.0,DARRAJ AGADIR,Rapide,2020,7,29,0.63,autre,6
67.0,Idriss Machhout,👌😍😉👍👍👍,2022,7,29,0.42,autre,6
67.0,ام سعد tv,"Mon conseil : ces endroits sont beaucoup trop chers. J’ai acheté un point d’accès chez eux pour 1 400 dirhams, puis je suis allé dans un magasin classique et je l’ai trouvé à 700 dirhams. J’étais sidéré, je vous jure !",2026,3,30,-0.64,autre,218
67.0,Lahcen Dakhla,"Bon accueil, magasin propre et bien tenu. J'ai eu une très mauvaise expérience avec vous. J'ai acheté un ordinateur portable à 500 $ et j'ai constaté de nombreux problèmes. À chaque fois que je suis venu vous voir pour le faire réparer,",2023,7,29,-0.91,attente en agence et personnel,236
67.0,zakaria el khallati,Bon service,2025,12,30,0.92,attente en agence et personnel,11
67.0,mohamed Touile,Une entreprise réputée dans le domaine de l'installation ; le service client était bon.,2023,7,29,0.95,internet fibre et box,87
67.0,Abidar Abdellah,"Confiance, qualité et excellent service. Salutations à tous les frères et sœurs de Media Telecom.",2024,7,28,0.99,attente en agence et personnel,97
67.0,امحمد الطاهري,"En réalité, l'accueil a été satisfaisant, mais les prix de certains produits doivent être revus.",2023,7,29,0.44,attente en agence et personnel,96
67.0,Ahmed Idwanaw,"Ce sont plus que des professionnels, ils ont un bon service",2022,7,29,0.94,attente en agence et personnel,59
67.0,rachid fahmi,Bon service,2026,2,28,0.92,attente en agence et personnel,11
67.0,Hamza Fitnes,Un bon endroit pour apporter toute sa technologie avec garantie.,2023,7,29,0.98,autre,64
67.0,Soufiane Elajjani,Le meilleur endroit pour acheter vos produits technologiques,2023,7,29,0.94,autre,60
67.0,Bahtit Younes ben oumare,"Quartier de Dakhla, rue Pullman Sud",2023,7,29,0.49,autre,35
67.0,Mounir Dahbi,bien,2026,7,28,0.96,autre,4
67.0,Mizar Said,Bon traitement ♥,2022,7,29,0.84,autre,16
67.0,Khalid Rayan,Agadir Dakhla,2024,7,28,0.52,autre,13
67.0,Mohamed Baid,D'accord,2022,7,29,0.56,autre,8
67.0,Abdennasre Nehmadou,Médias télécoms 🥰,2026,7,28,0.43,autre,17
68.0,Said Mly Mly,Merci Offshore Valley et bonne continuation,2016,7,30,0.84,autre,43
68.0,Atman ASTID,La meilleur société a agadir,2020,7,29,0.87,autre,28
68.0,Bado Kaml,C est du n importe quoi..,2016,7,30,0.0,autre,25
68.0,Kamal EL ANTRI,Bon,2021,7,29,0.91,autre,3
68.0,Brandon Cooper,Je ne pense pas que cette entreprise ait une responsabilité sociale. Leur voiture est garée sur une place réservée aux personnes handicapées. Ils laissent un handicapé sans place de parking. Alors imaginez la façon dont ils traiteront leurs employés.,2021,7,29,-0.47,autre,250
68.0,Linette Labossiere,J'ai beaucoup entendu parler de ce centre d'appels. Pourriez-vous m'indiquer son adresse ?,2022,7,29,0.39,autre,90
68.0,Abdelmjid Aitelhaj,Oui,2022,7,29,0.49,autre,3
68.0,Ali Birouk,Bien,2021,7,29,0.75,autre,4
68.0,elmahdi bensouafa,Centre d'appels,2019,7,30,0.52,autre,15
68.0,Abdelaaziz AKHARRAZ,Vallée offshore,2014,7,31,0.49,autre,15
70.0,Hasna Sarah,Le conseiller est très professionnel et assure un service de qualité très satisfaite 🙏,2026,7,28,0.92,attente en agence et personnel,86
70.0,Zineb DAKOUANE,Service trop long en plus les chaises à la salle d'attente on dirait un hammam pas confortable du tout,2024,7,28,-0.61,attente en agence et personnel,102
70.0,Méster Fayçal,Bon services,2023,7,29,0.93,autre,12
70.0,Lahcen Abell,"L'agence est de premier ordre et offre un excellent service. L'agent est très compétent et à la hauteur des attentes. Personnellement, je suis très satisfait du service et de la qualité des soins prodigués par cette agence.",2023,7,29,0.96,attente en agence et personnel,223
70.0,channel For challenges,Bons services 👌👍,2023,7,29,0.91,autre,16
70.0,Ayoub Dakh,bon service,2024,7,28,0.96,attente en agence et personnel,11
71.0,Vedat Esen,"C'est des nul On m'a vendu un abonnement Il était très gentils...",2020,7,29,-0.86,facturation et prix,67
71.0,Didier LANERES,"C est une loterie le 1er vendeur achetez une clef au souk 2e vendeur prenez une box chez nous j aïs écouté le 2e vendeur très professionnel et courtois",2020,7,29,0.69,attente en agence et personnel,152
71.0,khalid nasiri,J'ai donné une étoile parce que ya pas 0 que des nul et qui donne des infio en erreur il save juste encaissé,2021,7,29,-0.68,autre,108
71.0,KARIM BENHAYOUN,"Service nul, personnel débordé d'un rien. Le haut est pour les entreprises, le rez de chaussée les particuliers.",2018,7,30,-0.54,attente en agence et personnel,112
71.0,Brahim Amnoun,Rien à dire sauf les interventions et service technique faible et mauvais communication,2024,7,28,-0.67,attente en agence et personnel,87
71.0,Afago Lhou,La meilleure agence iam pour Agadir .personnel courtois et serviable .bravo à toute l'équipe,2021,7,29,0.98,attente en agence et personnel,92
71.0,brahim izermine,Bon operateurs pour sociétéset particuliers,2024,7,28,0.89,autre,43
71.0,Evers everglades,Personnel mal élevé et arrogant,2026,7,28,-0.92,attente en agence et personnel,31
71.0,boudoir sucré,Personnel très gentil.,2024,7,28,0.63,attente en agence et personnel,22
71.0,Claude Thibert,Très bon service en français,2024,7,28,0.98,attente en agence et personnel,28
71.0,Salma DEROUECH,C‘est nul,2023,7,29,-0.46,autre,9
71.0,isabelle cartier,Bon accueil. Bons conseils.,2026,7,28,0.98,attente en agence et personnel,27
71.0,pierre chapot,C'est l'agence maîtresse Maroc Télécom à Agadir. La meilleure compétence,2018,7,30,0.88,attente en agence et personnel,72
71.0,abdelmajid el rhaffouli,L'agent commercial Haj Ihoume est top.,2019,7,30,0.93,autre,38
71.0,Hakim Nadime,Excellent ! 👌 (Merci Mohamed),2023,7,29,0.97,autre,29
71.0,Directeur,Pas mal,2024,7,28,0.41,autre,7
71.0,Badr Fathallah,Meilleure services Télécom  pour entreprises,2018,7,30,0.93,autre,44
71.0,El Mehdi FIHR,Le commercial très respectueux,2018,7,30,0.96,autre,30
71.0,Gérard David,Accueil très succinct,2023,7,29,-0.76,attente en agence et personnel,21
71.0,Mas Mous,Service nul !,2023,7,29,-0.76,attente en agence et personnel,13
71.0,Otman Otman,Agence maroc telecom,2024,7,28,0.42,attente en agence et personnel,20
71.0,hamid Decorsat,Correcte,2020,7,29,0.52,autre,8
71.0,mounir elfoulki,👍👍👍👍,2022,7,29,0.42,autre,4
71.0,Zainane Mohamed,Service nul,2024,7,28,-0.45,attente en agence et personnel,11
71.0,Kim Kim,Service nul,2019,7,30,-0.45,attente en agence et personnel,11
71.0,Elicara,"L'un des plus grands et des mieux achalandés points de vente Maroc Telecom à Agadir. Facile d'accès grâce à son parking extérieur, il propose tous les services, du rechargement de crédit à la vente d'équipements, de téléphones et de cartes SIM. Un point de référence incontournable pour les touristes dans cette ville touristique.",2023,7,29,0.72,carte sim et réseau,330
71.0,Andrew Gray,Cet endroit a fermé.,2026,7,28,-0.67,autre,20
71.0,Frank Fontaine,Tout est parfait ! Jeu de simulation touristique pour 20 Mad.,2024,7,28,0.96,autre,61
71.0,Lucy Piela,Très agréable et professionnel,2024,7,28,0.85,autre,30
71.0,Anass Moustabchir,"J'ai eu une très mauvaise expérience avec ces agents non professionnels. Honte à vous, Maroc Télécom !",2023,7,29,-0.96,autre,102
71.0,KHADIYA AL RIKABI,Vols et exploitation des citoyens ; services médiocres et prix exorbitants.,2020,7,29,0.68,facturation et prix,75
71.0,MOHAMED EL MANSOURI,"Répondez au téléphone, les gars.",2021,7,29,-0.51,service client et assistance,32
72.0,Jean-Paul Beghin,C'est un accueil sympathique et compétent mais le reproche que l'on peut faire c'est un manque de personnel ce qui fait que l'on perd pas mal de temps ce qui n'est pas agréable en vacances.,2018,7,30,-0.79,attente en agence et personnel,189
72.0,Hassan Ider (Porte bonheur),"Pas mal. C était très bien passé",2026,7,28,0.66,autre,33
72.0,Mostafi Mohammed hassane,Bon service classe,2024,7,28,0.92,attente en agence et personnel,18
72.0,Ait Taieb Elmokhtar,Bonnes services pour le public ciblé.,2019,7,30,0.94,autre,37
72.0,ABDEL MEL,"Personnels, passive, trop d'attente,",2020,7,29,-0.42,attente en agence et personnel,36
72.0,google smartess,❤️❤️,2023,7,29,0.42,autre,4
72.0,lahoucine amdlous,Le service était correct.,2023,7,29,-0.43,attente en agence et personnel,25
72.0,Younes EL KONNADI,Super 👍,2020,7,29,0.79,autre,7
73.0,Merveille Vosky,"Nul, surtout le service technique. A moins de 5 minutes de l’agence, ils sont incapables de venir vous installer la fibre en 72h, alors qu’il s’agit d’un compte professionnel, on peut perdre des contrats, Maroc Télécom s’en fou,",2026,7,28,-0.81,attente en agence et personnel,228
73.0,wafa elkamli,La pire agence !!!! Depuis midi jusqu’à 15:30 une seule personne a l agence! Pour un seul papier on a du attendre plus de 3 h !!!!! La honte ! Il faut un congé pour récupérer un papier. Baghin idekhlo flous bla maykherjo 🙃,2026,1,29,-0.86,attente en agence et personnel,222
73.0,Mo Belaini,Dit is de slechtste kantoor van Maroc telecom qua service ik wacht al 15 dagen op le fiber optiek ze zijn geweest kabel aangelegd buiten en naar de kelder garage getrokken maar de gene die de router moet installeren is niet meer komen,2026,1,29,-0.68,attente en agence et personnel,234
73.0,chakir khane,Une seule personne pour une trentaine de personnes.  Service est nul.  Trois heures d attentes,2026,4,29,-0.46,attente en agence et personnel,94
73.0,chadi sibous,L'agence est ouverte mais personne pour recevoir les clients .,2025,10,31,0.46,attente en agence et personnel,62
73.0,Samir EL JAABA,"Très belle expérience à l’agence Maroc Telecom du centre-ville de Kénitra. L’agence est située dans un joli immeuble, très spacieux et agréable. L’accueil dans la salle d’attente est impeccable, bien organisé, avec un service de queue",2026,7,28,0.92,attente en agence et personnel,234
73.0,nazik Jebrouni,"Maroc Telecom rue Mohamed 5 LA bonne place pour acheter vos wifi Modem, un bon service les employees gentil je conseil tout Le monde d'aller LA bas, j'ai acheter wifi 4G HUAWEI.",2022,7,29,0.95,internet fibre et box,177
73.0,Cacahouète Ma,"Service déplorable cette dame forte avec ses lunettes qui vous accueille, n’est vraiment pas aimable du tout connexion  Internet ne fonctionne pas nous avons demandé une augmentation de débit pour être à 12 méga. Malheureusement nous sommes",2026,7,28,-0.86,carte sim et réseau,240
73.0,hafifi CANAL,Service nul. L'internet coupe fréquemment avec très mauvaise connexion... personnel hautain..très mauvais comportement..ils traitent les clients comme si ils leur demandent la charité ... vraiment je regrette d'avoir m'abonner avec eux ... je réfléchis sérieusement à annuler mon contrat avec eux.,2024,7,28,-0.96,attente en agence et personnel,297
73.0,Zouhair Ouerradi,"Bonjour tout le monde En résumé, j'ai eu un seul accueil lors de la souscription depuis aucun contacte l'agent omar sur le service client refuse de me rappeller car l'appel bouffe la",2023,7,29,0.61,attente en agence et personnel,183
73.0,Driss Ouddou,Le service est nul.  Le directeur de l'agence prend une pausebien assez longue et deserte son bureau. Les clients peuvent tjrs attendre... Bizarre  bizarre...,2023,7,29,-0.84,attente en agence et personnel,158
73.0,aziz barrak,"Le seul service pour tout les kenitres. Rien que pour tirer une qui demande 1 minute ,il faut attendre 2  heures ! Ou même une demi journée. Il faut décentraliser cet important service a tout les quartiers.",2023,7,29,-0.43,attente en agence et personnel,206
73.0,Amraoui Ibtihal,"1 personnel pour 20 clients, service très lent 😡👎👎👎👎",2025,9,1,0.5,attente en agence et personnel,52
73.0,Ahmed Guider,Maroc Télécom et bonjour Mario,2026,7,28,0.92,autre,30
73.0,Asma Jarmouni,Mauvais service.debit de 100mo très faible.,2025,10,31,0.44,carte sim et réseau,43
73.0,mohamed amine bouhayk,service nuls  je ne conseille pas,2025,10,31,-0.53,attente en agence et personnel,33
73.0,Badi Ben,"Ca fait 4 mois que j'attend qu'on m'active le téléphone fixe dont on m'envoie les factures avec la fibre optique déjà opérationnelle, la honte !",2020,7,29,-0.47,internet fibre et box,144
73.0,Said Allibou,"Une belle prise en charge, surtout avec le Directeur d'agence qui est super pro et au petits soins avec les clients!",2022,7,29,0.99,attente en agence et personnel,116
73.0,Abdelhamid Bouscaud,"Le personnel n'est pas à la hauteur, ils disent n'importent quoi aux clients c'est comme on e dans un poste de police et l'attente vraiment  ça te fait fuir ailleurs",2020,7,29,-0.68,attente en agence et personnel,165
73.0,Maroc Tv,"Pas du tout profesnionelle, surtout Amina👎🏼",2026,7,28,0.0,autre,43
73.0,Nordine Daho,"Lieu propre , file d attente normale , peuvent mieux faire , pour servir les clients  !",2020,7,29,0.77,attente en agence et personnel,87
73.0,HAL SIM,On veut un contact téléphonique de l agence le 115 n est pas fonctionnel..on va pas s entasser tous devant les portes des agences!,2021,7,29,-0.65,attente en agence et personnel,130
73.0,Maghreb Med,"Agence de communication de la filiale IAM, au centre ville de Kénitra.",2024,7,28,0.48,attente en agence et personnel,70
73.0,TARIK BALKOUMI,Maroc telecom interdit les paiements en espèce nul,2019,7,30,-0.52,autre,50
73.0,jamal berjaoui,Leader de la téléphonie au Maroc  qui profite de son leadership pour faire le monopole.,2020,7,29,0.69,autre,87
73.0,adib bensalem,où est le numéro de téléphone de l'agence? C'est quand même un opérateur téléphonique!,2020,7,29,-0.55,attente en agence et personnel,86
73.0,N. Zaraali,Décidément Maroc telecom offre toujours un service à peine moyen,2018,7,30,0.55,attente en agence et personnel,64
73.0,Merieme Ghzalale,C nul,2019,7,30,-0.4,autre,5
73.0,Mouad Mraouni,Service très lent!,2024,7,28,0.74,attente en agence et personnel,18
73.0,Omar Bou,Propre. Bien accueillant,2020,7,29,0.94,autre,24
73.0,bouchaib el kari,Bon service et accueil,2024,7,28,0.96,attente en agence et personnel,22
73.0,chou choucha,connexion pas si top,2019,7,30,0.41,carte sim et réseau,20
73.0,Univers descovry,Service médiocre.  Attente indéterminée,2020,7,29,0.61,attente en agence et personnel,39
73.0,عالم القصص و الخيال بالعربي,Mauvaise service nul,2023,7,29,-0.43,attente en agence et personnel,20
73.0,Abdelkader Ouammou,bon lieu à visiter.,2021,7,29,0.96,autre,19
73.0,ahmed nacer hakmaoui,Répartition de services à revoir,2022,7,29,0.57,autre,32
73.0,Paradiso Abdorahmane,PARADISO GRASSE,2026,7,28,0.57,autre,15
73.0,ahmed zaki cherkaoui,Bon accueille,2022,7,29,0.87,autre,13
73.0,Orion Orion,Trés professionnel,2022,7,29,0.52,autre,18
73.0,Camelia B,Bon,2018,7,30,0.91,autre,3
73.0,Mohammad Citali,Bon service,2022,7,29,0.92,attente en agence et personnel,11
73.0,Mohamed Chnafa,Merci Maroc Telecom,2023,7,29,0.77,autre,19
73.0,MAROCAINFO,propre professionnel,2023,7,29,0.61,autre,20
73.0,Sadyo BAYO,Mauvaise Service,2018,7,30,0.54,attente en agence et personnel,16
73.0,Othmane Karsoune,Mauvaise service 👎,2026,7,7,0.51,attente en agence et personnel,18
73.0,Mariam El Alaoui,"Mauvais service, y existe 3 guichets alors que uniquement un seul en travail, et apres une heure d’attente ils me disent que le système est soudainement blocké.",2026,7,7,-0.55,attente en agence et personnel,160
73.0,Smoothbird,Service client déplorable. Ils vous raccrochent au nez et bloquent votre numéro s'ils n'ont pas envie de vous aider avec vos problèmes de connexion internet.,2026,2,28,-0.91,carte sim et réseau,157
73.0,MaxHp speed cars,"Traitement indigne des clients, absence de supervision de l'agence et personnel sous-qualifié",2025,11,30,-0.6,attente en agence et personnel,93
73.0,Abderrahman AR,"J'ai eu une mauvaise expérience avec MT. Si vous ouvrez un ticket le lundi, vous êtes sûr d'être servi en premier le vendredi, même si vous relancez le service toutes les heures et tous les jours. Peu importe que vous télétravailliez ou non. Bref, c'est comme ça qu'on vous traite comme client au Maroc.",2022,7,29,-0.94,attente en agence et personnel,303
73.0,Khalid AlNafisah,"Employés avec une bonne performance globale, une bonne apparence et un bon comportement, des connaissances suffisantes et une rapidité d'exécution",2024,7,28,0.98,attente en agence et personnel,146
73.0,Gabriel Is my name,Commandez la fibre optique khdat ktar mn 42 jours ou ba9i matal9o la connexion,2024,7,28,0.73,carte sim et réseau,78
73.0,Simo ELMheydi,"Ici, dans cette section, n'importe qui peut ouvrir votre compte de connexion Internet ou votre carte d'appel.",2024,7,28,0.0,carte sim et réseau,109
73.0,Nasreddine Bj,T3ala bzff,2025,12,30,0.46,autre,10
73.0,AMiNe LBJ,Le personnel est très irrespectueux et négligent envers les clients. C'est vraiment dommage !,2023,7,29,-0.98,attente en agence et personnel,93
73.0,منير الهوراي,"Le service client est vraiment mauvais, ils ne font rien",2022,7,29,-0.91,attente en agence et personnel,56
73.0,Bardai Samir,"Le personnel est tellement  amical et serviable",2020,7,29,0.74,attente en agence et personnel,49
73.0,abdou najib,"Maroc Telecom, fournit ses services en télécommunications filaires et sans fil.",2021,7,29,0.53,autre,79
73.0,KARIM KALI,Le pire fournisseur d'accès internet marocain de tous les temps,2021,7,29,-0.64,autre,63
73.0,Adil Sadqi,"Service médiocre, attente interminable.",2021,7,29,0.45,attente en agence et personnel,39
73.0,Ayman Rh,C'est un bon centre commercial,2019,7,30,0.97,autre,30
73.0,Soufiane El Asraoui,très mauvais service 👎,2023,7,29,-0.95,attente en agence et personnel,22
73.0,hicham zidal,Amélioration significative,2024,7,28,0.72,autre,26
73.0,AILUROPHILE,Service très faible 👎👎👎👎👎👎,2022,7,29,0.38,attente en agence et personnel,26
73.0,Mohamed Mohammed,Des services satisfaisants et rapides,2021,7,29,0.86,autre,37
73.0,يارب توبة ya rabbi touba,excellent,2023,7,29,0.97,autre,9
73.0,Ghazwan Zakaria,Maroc Télécom,2024,7,28,0.47,autre,13
74.0,Imene Kara,Sur la ville de Mehdia et kenitra ne pas choisir Maroc télécom car le réseau est mauvais et peu de réception pour un prix ne défiant pas toutes concurrence 😂😂 . Finalement INWI fonctionne mieux et propose un boîtier  portable dans tout le Maroc,2026,7,28,-0.91,carte sim et réseau,244
74.0,mounir benabid,Staf ok service technique vraiment nul,2024,7,28,0.0,attente en agence et personnel,38
74.0,Mohamed belaouni,"Fixe dima occupe. Ministro del exterior plus fácil d'contacter",2023,7,29,0.52,autre,63
74.0,Christian Vallius,Nous sommes en 2026 et votre page d'accueil n'est toujours pas en anglais ! Comment est-ce possible ? C'est honteux.,2026,5,29,-0.81,attente en agence et personnel,116
74.0,Mounir Chkhachkhi,"Ils ne proposent pas de recharges prépayées, uniquement des abonnements.",2025,10,31,0.0,autre,72
74.0,Jolanda Hamelink,Merci pour votre aide précieuse. Bon service pour le rechargement de la carte SIM.,2024,7,28,0.96,carte sim et réseau,82
74.0,Soufian Zerrou,"Des employés respectueux, mashallah ! 😍",2023,7,29,0.75,autre,39
75.0,mahfoudi abdelaziz,Mauvaise reception,2026,7,28,0.58,autre,18
75.0,Smoothbird,"La fibre optique disparaît parfois ; le service client est extrêmement mauvais : s’ils n’ont pas envie de s’occuper de vous, ils bloquent tout simplement votre numéro.",2026,2,28,-0.95,internet fibre et box,167
75.0,Jakub Krzeminski,"J'attends un technicien depuis 14 jours.  Cela devrait prendre au maximum 48 heures.",2024,7,28,0.59,internet fibre et box,86
75.0,Enrique Montilla gonzalez,Bon signe,2025,12,30,0.86,autre,9
76.0,عالم القصص و الخيال بالعربي,Mauvaise service pas de numéro fix ou tél pour aide et support mauvaise expérience,2023,7,29,-0.71,attente en agence et personnel,82
76.0,Ahmed ED,Agence de Maroc Telecom,2018,7,30,0.46,attente en agence et personnel,23
76.0,aziz khayil,Service déplorable et accueil médiocre,2024,7,28,-0.49,attente en agence et personnel,38
76.0,Hassan Bahloul,Il y a du bruit dedans,2026,7,28,-0.49,autre,22
76.0,جمال اكريش,bien,2024,7,28,0.96,autre,4
76.0,Ahmed Laidi,Haut,2024,7,28,0.44,autre,4
77.0,Anton Hämmerle,"J'ai fait enregistrer mes 3 cartes SIM dans cette agence Maroc Telecom aujourd'hui et j'ai été servi par une dame très gentille, malgré des difficultés linguistiques (je parle à peine le français) elle a traité ma demande avec compétence et",2023,7,29,-0.67,carte sim et réseau,240
77.0,N E,"Service horrible, le personnel ne fait pas son travail comme il faut, il essaye le plus possible de se débarrasser des clients sans répondre à leurs besoins ou réclamations surtout un monsieur mal éduqué qui s'appelle Abdnebbi, il n'a même",2023,7,29,-0.91,attente en agence et personnel,239
77.0,Mostafa Meliani,Une agence qui offre un service plus rapide et plus fiable que l'agence principale située au centre de la ville l'ensemble du personnel de l'agence sont très serviable rapide et efficace en plus que cette agence se situe tout près d'une,2019,7,30,0.68,attente en agence et personnel,236
77.0,Med Ali Alami,"Personnel agréable et le directeur Mr mohammed Ali est parfait,professionnel.",2021,7,29,0.68,attente en agence et personnel,77
77.0,Betty LOUIS,Trés sympa,2019,7,30,0.51,autre,10
77.0,Yasser Fenris,"Un guichet est ouvert, l'autre est toujours fermé 👎🏻 Un guichet ne répond pas aux besoins des clients, sans parler du directeur d'agence qui est toujours absent et qu'on ne croise que par hasard, et encore, seulement s'il a envie de vous voir 😏 En résumé, les services de l'agence sont médiocres.",2026,1,29,-0.59,attente en agence et personnel,296
77.0,Youness B.,"Service déplorable, il a fallu plus d'un mois pour réparer une coupure dans ma fibre optique.",2023,7,29,-0.75,carte sim et réseau,93
77.0,Erik B,"Service horrible, long temps d'attente et service client insatisfaisant",2018,7,30,-0.95,attente en agence et personnel,71
77.0,Zaime Abdelghani,Compagnie avec le meilleur de Roso,2024,7,28,0.93,autre,34
78.0,Themo,C'était une mauvaise expérience.,2026,7,28,-0.96,autre,32
78.0,rachid safsafi,Pas 24/24,2025,10,1,0.46,autre,9
78.0,Ayoub Oskadour,Tichachrach,2026,7,28,0.49,autre,11
79.0,Ashraf Said,"Je me suis rendu à cette agence pour régler l’abonnement téléphonique . Sur la porte, il est indiqué que l’agence ouvre l’après-midi à 14h30. Pourtant, je suis venu plusieurs fois après 15h00 et j’ai trouvé l’agence toujours fermée.",2025,10,31,-0.53,attente en agence et personnel,232
79.0,Salim ALIOUA,"Agence sous qualite , sol meme pas nettoye , service tres nul , pas de connaissance suffisante en reseau de teleco , et ca ferme l agence en horaire de travail",2023,7,29,-0.47,attente en agence et personnel,159
79.0,NET- ELECTRONICS,Top qualité et service,2023,7,29,0.93,attente en agence et personnel,22
79.0,taha benslama,"La pire connexion internet que j'aie jamais eue, service client déplorable",2024,7,28,-0.86,carte sim et réseau,74
80.0,Abdellatif Laaroussi,Ce numero de fix ne correspond pas à l'agence de Maroc Télécom.Veuillez ne pas contacter ce numéro car ce numéro est un numéro domicile personnel et non pas de maroc telecom.Merci pour votre compréhension.,2020,7,29,0.0,attente en agence et personnel,205
80.0,Hamid Benayada,Accès facil.Cadre agréable.  Accueil chaleureux.,2022,7,29,0.57,attente en agence et personnel,48
80.0,hassan Rizki,Lieu totalement rénové et structuré.,2022,7,29,0.45,autre,36
80.0,Rachid info Ha.,Iam mauvaise expérience,2022,7,29,-0.9,autre,23
80.0,Med Mellouk,Serviable,2018,7,30,0.69,autre,9
80.0,Abdelkrim Lamrani (Magnanime),Agence pour Maroc Télécom,2017,7,30,0.47,attente en agence et personnel,25
80.0,Farah LO,Mauvais service,2019,7,30,0.57,attente en agence et personnel,15
80.0,Omar Jelloul,Service,2019,7,30,0.57,attente en agence et personnel,7
80.0,ABDELMOUNAIM EL HALBI,"Bonne agence, tous les gens qui travaillent ici sont très gentils",2019,7,30,0.91,attente en agence et personnel,65
80.0,Amine HALLAMI,Très propre. Service client très serviable.,2022,7,29,0.88,attente en agence et personnel,43
80.0,Otmane,Service excellent.,2024,7,28,0.97,attente en agence et personnel,18
80.0,Ph Oh,Il se trouve à l'intérieur du magasin Carrefour.,2018,7,30,0.49,autre,48
80.0,KARMA ALUMDF,Bon col de l'utérus,2019,7,30,0.91,autre,19
80.0,El mahdi Ariel,Bien,2022,7,29,0.75,autre,4
80.0,Moha trix,bien,2018,7,30,0.96,autre,4
80.0,Amine Moussamih officiel,Chfara,2020,7,29,0.52,autre,6
80.0,Siham. Soufaini,incroyable,2023,7,29,-0.49,autre,10
80.0,Hamid Kissaoui,Maroc Telecom,2018,7,30,0.48,autre,13
81.0,M Bah,J’ai acheter un appareil wifi à 450 dirhams avec une recharge wifi en premier le système a du mal à fonctionner au bout d’une semaine ça ne fonctionne toujours pas j’ai fait plusieurs aller et retour malheureusement le personnel n’était pas,2026,7,28,-0.77,internet fibre et box,240
81.0,Ben Hana,"Dommage qu'on puisse pas mettre 0, 10jrs sans téléphone fix ni internet mais aucun retour mais il faut payé l'abonnement quand même alors le comble c'est qu'on nous dit il faut faire une plainte, on se moque de nous un peu là??? Vers qui il",2024,7,28,-0.61,service client et assistance,240
81.0,najib Vlad,"Accueil zero Aucune empathie Simple demande de confirmation de paiement pour la ligne fixe",2021,7,29,-0.48,attente en agence et personnel,92
81.0,Zakaria Firji,Plus que jamais dans set ville,2024,7,28,0.38,autre,30
81.0,Rachid Hero,Pas mal.,2026,7,28,0.0,autre,8
81.0,Mahmoud Dehak,Service très,2023,7,29,0.69,attente en agence et personnel,12
81.0,Nassim Isfoula,Service vraiment à la base,2026,7,14,0.7,attente en agence et personnel,26
81.0,Nabil Nabil,incroyable,2026,4,29,-0.49,autre,10
82.0,Ben Hana,"Dommage qu'on puisse pas mettre 0, 10jrs sans téléphone fix ni internet mais aucun retour mais il faut payé l'abonnement quand même alors le comble c'est qu'on nous dit il faut faire une plainte, on se moque de nous un peu là??? Vers qui il faut porter plainte, vivement la concurrence",2024,7,28,-0.63,service client et assistance,285
82.0,Larbi EZZAHIR,Ils sont trompeurs.Ils n'agissent pas en cas de besoin.,2024,7,28,-0.46,autre,55
82.0,El Mostapha Azzouni,mauvais accueil,2026,7,28,-0.87,attente en agence et personnel,15
82.0,Mohammed Ouharma,Bonne réception,2023,7,29,0.94,autre,15
82.0,Baddache Bade-abin1,Service acceptable,2022,7,29,0.8,attente en agence et personnel,18
82.0,Aziz Benelrhazi,La problématique.,2023,7,29,0.48,autre,17
82.0,stor phone,Younesounmes,2020,7,29,0.57,autre,12
82.0,Tarik Zaghli,Très mauvais accueil 0/5,2026,7,28,-0.92,attente en agence et personnel,24
82.0,ZGHARI ABDO,C'est bon,2026,4,29,0.97,autre,9
82.0,Salman 3M,Daiman dak likikon fadminisstration makaynch daiman machi rimra wla jouj,2026,7,28,-0.46,autre,72
82.0,Saeed A Al Shimer,"Je dirais que l'Internet est très lent et si vous utilisez les réseaux sociaux, cela diminuera votre Go très rapidement, mais pour les appels, ils vous offrent plus de minutes en cadeau.",2024,7,28,-0.52,autre,186
82.0,Neoa7a7,Service excellent 💙💙,2026,5,29,0.96,attente en agence et personnel,20
82.0,Mahmoud Taher,Cool,2021,7,29,0.91,autre,4
82.0,Brahim Agrram,Service excellent,2024,7,28,0.96,attente en agence et personnel,17
83.0,Mohammed Najib,Le service par fois bien et parfois non,2019,7,30,0.66,attente en agence et personnel,39
83.0,Fatima Himich,Le service client 0,2025,10,1,0.52,attente en agence et personnel,19
83.0,Amal Zaoioui,"Professionnalisme, propreté, agréable",2022,7,29,0.83,autre,37
83.0,Abdelatif Bakiz,Bon service,2020,7,29,0.92,attente en agence et personnel,11
83.0,abdelilah SOUHI,A la hauteur des attentes,2018,7,30,0.48,autre,25
83.0,salma ismaili,Mal,2024,7,28,-0.42,autre,3
83.0,El Mostapha Azzouni,Administration,2019,7,30,0.53,autre,14
83.0,Fouad Kssiouar,"Bon accueil avant de faire une erreur deux cartes sim pour deux portables distinct. Deux forfaits de 40GO sur le même portable, du coup un téléphone avec 80GO et un avec zéro. Au lieu de réparé l'erreur et d'en rester là, arrogance de",2026,7,28,-0.56,carte sim et réseau,234
83.0,Yassine Benhallam,"Bonnes affaires, mais les transactions de l'entreprise restent compliquées (recharge de crédit MT Cash)",2022,7,29,0.81,carte sim et réseau,103
83.0,Lai San,Ils ne répondent pas au téléphone,2024,7,28,0.0,service client et assistance,33
83.0,mokhlaisse* lazragu*,École,2024,7,28,0.63,autre,5
83.0,Mohammed.rabab123 Mohammed,Échoué,2019,7,30,-0.42,autre,6
83.0,Youssef 212,Maroc Telecom,2018,7,30,0.48,autre,13
83.0,Younes M'rabti,Maroc Telecom,2020,7,29,0.48,autre,13
84.0,Zakaria Firji,Plus February,2024,7,28,0.59,autre,13
84.0,Zaki Naciri,Shafar et Tizid sont pires que les humains dans leur traitement.,2026,3,30,-0.82,autre,64
84.0,Yassin Yassin,Le meilleur traitement et le meilleur service au monde,2024,7,28,0.96,attente en agence et personnel,54
84.0,Yallah Nsafro - يالاه نسافرو,Excellent,2023,7,29,0.96,autre,9
84.0,Dogs Life,Bien,2021,7,29,0.75,autre,4
84.0,Oussa Barodi,"Honnêtement, le service était excellent, que Dieu les bénisse.",2026,7,28,0.97,attente en agence et personnel,62
86.0,SAID ER-RAZKI,Excellent acceuil et conseil et service ultra-rapide.,2026,7,28,0.96,attente en agence et personnel,53
86.0,Diego 99,Boutique tres pratique evite les déplacements au centre ville,2017,7,30,-0.47,autre,61
86.0,Mohammed Bounab,AMT fait bien son travail,2019,7,30,0.95,autre,25
86.0,Abderrahim el bouni,Agence IAM au service des citoyens,2023,7,29,0.54,attente en agence et personnel,34
86.0,mohammed bounab,Agence au service des clients dont j'en suis un,2019,7,30,0.48,attente en agence et personnel,47
86.0,Omar Jelloul,Superbe,2018,7,30,0.85,autre,7
86.0,M&H (lamiae lamiae),Service hautain,2019,7,30,0.57,attente en agence et personnel,15
86.0,Sara Mai,"Nul, nul, nul! Impolis et incompétents!! Si je pouvais mettre -5 je le ferai!",2026,7,14,-0.93,autre,77
86.0,Ibrahim sarri,Service très mauvais,2025,12,30,-0.91,attente en agence et personnel,20
86.0,Manell,"Que Dieu vous maudisse tous, même une seule étoile, c'est de trop pour vous, bande d'idiots !",2021,7,29,-0.77,autre,93
86.0,Didir Didir,Un magasin propre qui offre un excellent service à la clientèle.,2023,7,29,0.96,attente en agence et personnel,64
86.0,تيفي chanel,peu clair,2022,7,29,0.0,autre,9
87.0,Thomas,"Meilleur service client que j'ai connu au Maroc. La femme a l'accueil est toujours à l'écoute, souriante, compétente et très efficace.",2026,7,28,0.97,attente en agence et personnel,134
87.0,karima mouadi,En vacances pour 3semaines  l achat d une puce pour 20 dhr et 100dhr de credit internet(10go) m ont amplement suffit.bonne qualité de réseau.,2018,7,30,0.86,carte sim et réseau,141
87.0,Mahmoud Taher,Sympa,2020,7,29,0.66,autre,5
87.0,alaeddine himoud,Une agence de proximité,2018,7,30,0.56,attente en agence et personnel,23
87.0,Zohir,réseau très médiocre,2024,7,28,0.56,carte sim et réseau,20
87.0,Hassan Almagribi,Bon traitement,2020,7,29,0.86,autre,14
88.0,Jamil B,"Longue attente avant d'être servi. Malgré de nombreux guichets, il n'y avait qu'un seul d'ouvert. C'est décourageant d'attendre aussi longtemps pour être pris en main. Sinon l'agent qui s'occupe de vous, pour moi c'était Mr Driss, il etait",2024,7,28,-0.65,attente en agence et personnel,239
88.0,Azzeddine Mekkaoui,"L'agence de Maroc Télécom possède un espace commercial très moderne et bien géré,en plein centre d'Oujda.On vend téléphonie fixe , mobile et fournisseurs d'accès Internet (f.a.i.). Cependant les temps d'attente pour chaque client sont",2024,7,28,0.52,attente en agence et personnel,234
88.0,salma salma,J ai déposé une réclamation avec des relevé bancaires qui prouve que mes factures sont payés mais malheureusement ma ligne est bloqué,2026,7,28,-0.92,service client et assistance,133
88.0,Najah Kadiri,Service nulle une seule personne qui travaille... Il faut améliorer la communication des agents avec les clients,2024,7,28,-0.54,attente en agence et personnel,112
88.0,Anass,"Service très médiocre, aucun respect pour les clients. Une agence à éviter.",2026,7,28,-0.45,attente en agence et personnel,75
88.0,hotel lahlou,Service après-vente meilleur que les autres mais tjs beaucoup de monde .,2020,7,29,0.76,attente en agence et personnel,72
88.0,Ml Rmo,Une semaine sans internet chaque jour je pars de voir ils sont toujours en train de discuter entre ils ont jamais réparer le problème c'est hallucinant Maroc Telecom,2019,7,30,-0.62,autre,165
88.0,Jihane Jihane,"mais j'ai une petite préférence vers agence jawhara oued nachef ,",2024,7,28,0.47,attente en agence et personnel,65
88.0,Ahmed Boualaoui,Bonne accueil  mais problème toujour pas régler.,2020,7,29,0.87,attente en agence et personnel,48
88.0,Yahya Sahel,Ça fait partie de l administration qu on dégoûte d y aller,2020,7,29,-0.55,autre,58
88.0,jean michel voyez,Satisfaisant,2025,11,30,0.59,autre,12
88.0,Noureddine Alla,La meilleure des 2 autres opérateurs et rapide aussi.,2019,7,30,0.94,autre,53
88.0,Benaribi Boumediene,Service n'est pas organise surtout service technique,2018,7,30,0.0,attente en agence et personnel,52
88.0,Rabie Bibiche,Nice Service,2021,7,29,0.77,attente en agence et personnel,12
88.0,Mostafa Ouahhabi,Service très nul,2023,7,29,-0.46,attente en agence et personnel,16
88.0,Informatique Professional (‫المحترف للمعلوميات‬‎),Le service de lagence de zegangan a nador et nulle,2017,7,30,-0.41,attente en agence et personnel,50
88.0,mohammed grari,"Administration maroc telecom Oeuvres sociales des postes et telecom",2018,7,30,-0.44,autre,68
88.0,Indiana Jones,bon service,2024,7,28,0.96,attente en agence et personnel,11
88.0,Ahmed Abadi,Ah med,2019,7,30,0.61,autre,6
88.0,YOUNES FAHCHOUCH,Ça marche,2020,7,29,0.51,autre,9
88.0,Mohamed El Bouazzati,Service client médiocre,2020,7,29,0.62,attente en agence et personnel,23
88.0,siham Khaider,Super merci,2023,7,29,0.76,autre,11
88.0,mokh man,Bon emlpacement,2018,7,30,0.94,autre,15
88.0,Ibrahim Mafi,👎👎,2019,7,30,0.42,autre,2
88.0,F F,Toujours au top ! Merci beaucoup au responsable de l'agence pour avoir aidé à la réactivation de la carte sim périmée (suite à non recharge depuis plus de 6 mois).,2026,7,14,0.86,carte sim et réseau,163
88.0,mohammed bouhjer,Maroc Télécom et une société leader de télécommunications avec la plus large couverture réseau du pays. Il opère également dans plusieurs pays africains.,2026,7,28,0.6,carte sim et réseau,153
88.0,hassan laaraj,Services médiocres et régions hors couverture,2024,7,28,0.46,autre,45
88.0,MAAMAR khalid,Plus de 10 minutes d'attente + un seul employé...,2023,7,29,0.44,attente en agence et personnel,49
88.0,filali mohammed,Offres et réductions pour la rentrée scolaire. Bienvenue ! 💐,2023,7,29,0.84,autre,60
88.0,Oujda Maroc,"Patrimoine Oujdi, Barid Al Maghrib, Oujda",2019,7,30,0.7,autre,41
88.0,iiWater,Excellent niveau de communication,2019,7,30,0.94,autre,33
88.0,محمد البغيل,Agence officielle de la ville d'Oujda,2019,7,30,0.46,attente en agence et personnel,37
88.0,‫قناة اللغة العربية (‪azouzoute abderrahmane‬‏)‬‎,Il y a un peu d'attente.,2018,7,30,-0.63,attente en agence et personnel,24
88.0,Mohammed Oulahen,Je n'aime pas ça,2019,7,30,0.0,autre,16
88.0,Elbagdadi Abderrahim,Pourquoi avez-vous arrêté la VoIP ?,2017,7,30,-0.47,autre,35
88.0,mohamed el mahdi Seffaj,Cool,2024,7,28,0.91,autre,4
88.0,Ahmed Oujda,Haut,2023,7,29,0.44,autre,4
88.0,Noureddine Jabbari,Services nuls,2024,7,28,-0.53,autre,13
88.0,soufiane benaddi,Super,2023,7,29,0.78,autre,5
88.0,imad hadi,Service zéro,2023,7,29,0.58,attente en agence et personnel,12
88.0,khalid usa 2taf,milieu,2019,7,30,0.52,autre,6
88.0,ABDELLAH MAAROUF,Services acceptable,2026,7,7,0.78,autre,19
89.0,Simo Larguet,"IAM n’est pas le meilleurs opérateur téléphonique/internet au Maroc à mon opinion. Par contre, le personnel de cette agence est super bien. Attentif, serviable et courtois. Je n’ai vu que de bon geste depuis que j’ai eu le service IAm.",2026,2,28,0.54,attente en agence et personnel,235
89.0,Mohammed Taibi,"Personnel irresponsable, pas de communication, je viens juste de vivre l'instant le 8.7.25 à 14h15.",2025,10,31,-0.61,attente en agence et personnel,99
89.0,Karim Riga,"Horaires de travail non respectés, personnels désagréables fais le minimum pour ces clients, apparemment en ce mois du ramadan ils ferment à 15h30 si vous vous arriver après cette heure comme par hasard le système BUG vraiment très déçu de cette agence !!!",2023,7,29,-0.9,attente en agence et personnel,256
89.0,aziz elmalhi,Espace agréable. Bon accueil et un service rapide. Merci,2023,7,29,0.97,attente en agence et personnel,56
89.0,Amine Amine,Il nous arnaque ; ils vont perdre beaucoup de clients.,2020,7,29,-0.92,facturation et prix,54
89.0,ABDERRAHIM TAHRI,C'est eux les rois non pas le client,2017,7,30,-0.56,autre,36
89.0,iman badi,Très mauvais accueil,2020,7,29,-0.94,attente en agence et personnel,20
89.0,Khal Abdel,👍,2026,7,28,0.42,autre,1
89.0,Aziz Benj (Aziz Benjelloun),Bien,2019,7,30,0.75,autre,4
89.0,mohammed IAISSAYANE,Personnel serviable,2020,7,29,0.68,attente en agence et personnel,19
89.0,Midox Sadaq,Agence,2019,7,30,0.49,attente en agence et personnel,6
89.0,brahmi kaouthar,Travail,2021,7,29,0.57,autre,7
89.0,rezzouq Hilal,Un service négligé,2020,7,29,0.46,attente en agence et personnel,18
89.0,Belbachir Mohamed,Excellent,2025,9,1,0.96,autre,9
89.0,Pavel Kuchař,a.bon,2015,7,31,0.95,autre,5
89.0,OUJDA HAYOUNI,Bon,2020,7,29,0.91,autre,3
89.0,Abdel Abdel,incroyable,2015,7,31,-0.49,autre,10
89.0,Maroc Télécom,Fe,2019,7,30,0.51,autre,2
90.0,Hmidach Ikram,"C'est un lieu très magnifique et agréable, aussi les employés sont gentils et adorables ,Merci pour vos efforts,،👍🏻👍🏻👍🏻😊😊😊 merci bcp",2022,7,29,0.78,autre,132
90.0,M A PAYO,Bcp d monde peu d gens serviable,2019,7,30,0.35,autre,32
90.0,jean michel voyez,"Les opérateurs  sont sympa Bon travail",2024,7,28,0.89,autre,39
90.0,Issam temissam,"Soyez la bienvenue ""Un monde nouveau vous appelle""",2020,7,29,0.93,autre,50
90.0,Bouarfa Zohir,Acheter ce qui me plaît,2020,7,29,-0.67,autre,23
90.0,Mohamed Zaidi,L esprit commercial à amélioré,2019,7,30,0.72,autre,30
90.0,BENYOUNES HIJAZI,Un personnel impeccable,2022,7,29,0.39,attente en agence et personnel,23
90.0,Youssef Chouichou,bien,2018,7,30,0.96,autre,4
90.0,ZIRAR MILOUD,Retard par le service,2019,7,30,-0.56,attente en agence et personnel,21
90.0,Guido ter Horst,"Sympa, local et serviable. Mieux que de faire la queue dans le centre d'Oujda.",2022,7,29,0.77,attente en agence et personnel,78
90.0,MG,"Si vous voulez quelque chose de raisonnable, adressez-vous à une autre agence, ou évitez tout simplement Maroc Telecom, et en particulier leur offre internet ou Wi-Fi, comme on l'appelle couramment.",2022,7,29,-0.45,attente en agence et personnel,198
90.0,Soun Nm,"Les usagers de cette agence sont inexistants ; il n'y a ni accueil, ni service correct, ni professionnalisme – c'est comme une bande de personnes âgées jouant aux dames.",2022,7,29,-0.65,attente en agence et personnel,169
90.0,Elkiche Ahmed (Ahmed),C'est bon,2021,7,29,0.97,autre,9
90.0,محمد البغيل,Réception inférieure à celle souhaitée,2019,7,30,0.42,autre,38
90.0,COSANO VA,Il/Elle,2020,7,29,0.55,autre,7
91.0,Tigre 130,"Bien! Dommage que la démarche de IAM pousse vers la fibre coûte que coûte  alors qu'on ne peut être intéressé forcement",2023,7,29,-0.51,internet fibre et box,120
91.0,HAMZA KHAT,"Merci bcp pour laide Très accueillante Je conseille merci a mme seddiki🙏🏻",2024,7,28,0.89,autre,75
91.0,fatima zaouia,Je ne connais pas ce lieu en ce qui concerne l'administration mais juste à côté l'arrêt terminus du bus numéro 20,2022,7,29,0.0,autre,113
91.0,Kher Hafed,Différents offres magnifique avec des bon prix,2021,7,29,0.96,facturation et prix,46
91.0,Jasmin Brisso fawaz BIO SANGA,Il reste encore du travail surtout au niveau de l'accueil,2020,7,29,0.47,attente en agence et personnel,57
91.0,Nestor Biro madi,Est un réseau de communication très bon,2023,7,29,0.96,carte sim et réseau,39
91.0,Rabie Bibiche,Service lent,2021,7,29,0.53,attente en agence et personnel,12
91.0,Redouane Ezzine,Service trés nul,2022,7,29,-0.52,attente en agence et personnel,16
91.0,ADME YT,😍🇲🇦🇩🇿,2020,7,29,0.42,autre,5
91.0,Abdelkader Azzouzi,"Le bureau est plutôt bien, mais ils sont toujours dans la phase d'attente.",2021,7,29,0.83,attente en agence et personnel,74
91.0,Mafi Watan (“Mafi watan”),Les qualités erronées ne sont pas toujours bonnes.,2019,7,30,-0.69,autre,50
91.0,محمد امباركي,"Service disponible 6,5 jours par semaine",2022,7,29,0.57,attente en agence et personnel,40
91.0,Mohammed Ettouil,Mm ok,2022,7,29,0.76,autre,5
91.0,Marwan Ouijaa,Mauvais,2023,7,29,0.52,autre,7
91.0,mohammed elmeknassi,excellent,2023,7,29,0.97,autre,9
91.0,Noraden Boulanoir,bien,2022,7,29,0.96,autre,4
91.0,Mohammed belamri,Bon endroit,2022,7,29,0.88,autre,11
92.0,Yasser Mehdi,"Maroc Télécom est l'opérateur classique du Maroc, avec une superbe couverture nationale de réseau de téléphonie fixe, mobile et internet.",2026,1,29,0.83,carte sim et réseau,137
92.0,Yassine El khalfi (Intelligentception),"Le lieu est bien, le personnel aussi, il y a un parking pour vélo (pour l'accrocher), parcontre concernant Maroc Telecom de manière générale (je ne parle pas de ce lieu particulièrement) il semble qu'il y ait un manque de sérieux, le débit",2024,7,28,0.83,carte sim et réseau,239
92.0,Moha Mehdi,Service pas responsable. Téléphoner fixe de  ma mère âge plus que 70anns  safiii 4semaine  En page.   a san age elle  a été voire le service pluse que 5 fois ma sœur a appelé plus que 3fois    a ce jours là. Personne a déplacé chez elle. Pour la réparer. Il encaissé que l 💸💸💸💸💸. Mafihom la rahma la chafaka.,2024,7,28,-0.85,attente en agence et personnel,308
92.0,imane bellahbib,Service nuuuul + le non respect des clients,2026,7,28,-0.75,attente en agence et personnel,43
92.0,hicham azam,"Mauvais service, non respect de la clientèle",2023,7,29,-0.57,attente en agence et personnel,44
92.0,MOHAMMED CH,Service nul nul à éviter.,2023,7,29,-0.4,attente en agence et personnel,25
92.0,abrazi abderrahim,le service est nul,2018,7,30,0.0,attente en agence et personnel,18
92.0,Mohammed Coulali,Batima coin dial lhouma,2020,7,29,0.49,autre,23
92.0,Ali Sahrabi,Mauvais service,2019,7,30,0.57,attente en agence et personnel,15
92.0,abdelkrim filal,"Je recommande vivement cette agence, Directrice compétente avec un sens relationnel exceptionnel. Merci beaucoup pour votre prestation !",2026,6,30,0.85,attente en agence et personnel,136
92.0,Md Shakil,Ta3amoul 00000 filles tseb siyda tma hchouma asi mustafa llah yn3lak. Mostawak machi dyal charika bhal iam,2026,7,28,-0.46,autre,106
92.0,RS Sohan Shahadat,Le service client est catastrophique.,2026,7,28,-0.91,attente en agence et personnel,37
92.0,Abdelouahed Chajii,Bon traitement,2025,9,1,0.86,autre,14
92.0,mom olpi,Services de qualité inférieure fournis,2020,7,29,0.46,autre,38
92.0,Predator Alpha,Service 0,2022,7,29,0.58,attente en agence et personnel,9
92.0,Taxi Driver,Personnel agréable,2024,7,28,0.62,attente en agence et personnel,18
92.0,SAMIR HED,Hui,2020,7,29,0.54,autre,3
92.0,roland sonntag,Personnel très aimable. J'achète toujours mes recharges téléphoniques Maroc Telecom là-bas.,2026,7,22,0.92,attente en agence et personnel,91
93.0,Brahim LAHLAL,"Prévoir la journée, pire qu'un consulat. Seul avantage, le wifi est gratuit là-bas",2026,7,28,0.46,internet fibre et box,83
93.0,محمد فوغالي,Pourquoi mettre un téléphone si on ne décroche plus?,2026,7,28,-0.57,service client et assistance,52
93.0,Anouar hader,éviter cette agence !!,2020,7,29,-0.7,attente en agence et personnel,22
93.0,Issam Ayyadi,"Une entreprise mondialement connue pour ses offres téléphoniques et internet onéreuses, et dont le chiffre d'affaires mensuel se chiffre en milliards de dirhams, a récemment acquis Inwi. Elle affirme que l'agence emploie des agents de",2025,12,30,0.62,attente en agence et personnel,234
94.0,Mostafa Mouzouri,"Ma mère (72 ans) qui s’est présentée dans cette agence d’Oujda pour demander une augmentation de son débit internet. Suite à un conseil inadapté, une option mobile de 50 DH lui a été activée alors que cela n'a aucun impact sur son débit.",2026,4,29,0.0,carte sim et réseau,237
94.0,Khalid Grari,"La pire agence que j'ai jamais vu, du sécurité vers le directeur, un agent commercial qui est dépassé par la technologie et têtu avec un directeur impoli une agence à éviter",2024,7,28,-0.87,attente en agence et personnel,173
94.0,kadd Merr,Le téléphone toujours occupé 👎🏻👎🏻,2026,1,29,-0.36,service client et assistance,33
94.0,Adam Benjelloun (‫أدم بنجلون‬‎),Agence Maroc Telecom université,2023,7,29,0.48,attente en agence et personnel,31
94.0,Aroua Kharbach,Pire service,2025,9,1,0.54,attente en agence et personnel,12
94.0,abdelkrim filal,"Horaires d'ouverture non à jour sur Google, je me suis déplacé pour rien",2026,7,28,-0.64,autre,72
94.0,roland sonntag,Très accueillants et serviables. J'y achète toujours mes recharges Maroc Telecom.,2026,7,22,0.97,autre,81
95.0,Soufiane Aissi,Où se situe votre magasin et dans quel pays ?,2025,10,1,-0.43,autre,45
95.0,MAROC MAROC,excellent..,2026,2,28,0.97,autre,11
96.0,Samuel dawino,"Très mauvaise expérience à cette agence. Le personnel est extrêmement impoli et arrogant. Au lieu de s’occuper des clients, ils passent leur temps à regarder des vidéos TikTok pendant les heures de travail. C’est totalement irrespectueux et",2026,2,28,-0.99,attente en agence et personnel,240
96.0,Ismael Khalifa,"J’ai été un dimanche au maroc telecom qui se trouve dans le Marjane de Tetouan, c’est une vrai catastrophe, il n’y a que 1 personne pour une file de malade attente de 40 min minimum, lorsque c’est mon tour le gars ne dit même pas",2026,7,28,-0.92,attente en agence et personnel,229
96.0,Hanya el allaf,J'étais agréablement surprise de la qualité et de la rapidité du service! Ma demande d'installation de ligne a été traitée dans un délai très correcte avec un suivi journalier de la part de l'équipe technique ainsi que l'agence commerciale. Bravo 👏 👍,2022,7,29,0.94,attente en agence et personnel,250
96.0,word up,"12/05/2020 directeur d'agence incompetent qui ne connait pas son produit et n'a aucun mannerisme ou comprehension de la relation clientele. Abstenez-vous d'aller à cette agence pour votre bien-être psychologique, ils ne donnent aucun",2021,7,29,0.0,attente en agence et personnel,233
96.0,Angelam Mounir,"Très mauvais service Agence presque toujours vide et personnel nul Vaut mieux la fermer",2024,7,28,-0.97,attente en agence et personnel,89
96.0,Med Red,"Belle expérience, tout le staff était accueillant le personnel ainsi le directeur, je recommande. Bonne continuation 👍👍",2021,7,29,0.95,attente en agence et personnel,119
96.0,Amine aboch (abochalin),"Service khari Un sol guichet",2025,10,1,0.66,attente en agence et personnel,29
96.0,ahmed el omrani,ils ne respectent pas les horaires . ils sont fermés alors que l agence doit etre ouverte maintenant . et ils ne repondent pas au telephone .,2023,7,29,-0.53,attente en agence et personnel,141
96.0,boulouah redouane,Comme direction c'est bien organisée. Mais pour la qualité des services à revoir,2021,7,29,0.88,autre,80
96.0,Mostafa Bouali,Ca sert à quoi d'afficher son numéro de téléphone si on ne répond pas?!!,2020,7,29,-0.43,service client et assistance,72
96.0,Rachid ALAOUI (“Artiste 69”),Très bon service,2019,7,30,0.98,attente en agence et personnel,16
96.0,Malika Addaibouni,Des services à la mesure,2021,7,29,0.69,autre,24
96.0,Stéphane KOUBIAC,"ils ne répondent jamais au téléphone. pourquoi afficher un numéro si c'est pour ne pas décrocher ?",2026,7,28,-0.48,service client et assistance,99
96.0,Sonia Lesliensinvisibles,On vous trouve une solution pour chaque souci. Avec efficacité et sourire. Merci à l’agence de Tetouan dans la galerie de Marjane!,2026,7,7,0.9,attente en agence et personnel,130
96.0,SOUHAIL JAOUANI,"Service excellent, je le recommande vivement ! 👌 L’employeur a été d’une aide précieuse et a résolu notre problème efficacement, surtout après l’échec d’une autre agence (ADALA). Un professionnalisme et une fiabilité exemplaires.",2026,5,29,0.93,attente en agence et personnel,229
96.0,Abir Laachir,"Service vraiment mauvais. J'attends mon internet depuis une semaine, et ils n'arrêtent pas de me dire que le technicien va venir, mais il ne vient jamais.",2025,11,30,-0.94,internet fibre et box,154
96.0,Zakaria Braksa,"J'y suis allé pour prendre un abonnement fibre optique, la dame sur place était super accueillante, sympathique et serviable. Service 5 étoiles.",2024,7,28,0.94,internet fibre et box,144
96.0,lahcen boulmane,"Oui, j'ai visité le siège de Maroc Telecom à Tétouan, et j'y ai rencontré une employée formidable. Je la remercie.",2024,7,28,0.6,autre,114
96.0,Said Aghattass,Les règles sanitaires liées à la COVID-19 sont bien respectées.,2022,7,29,0.88,autre,63
96.0,Mouriss Contes,Un membre du personnel,2022,7,29,0.56,attente en agence et personnel,22
96.0,Bbb Jjj,Bien,2020,7,29,0.75,autre,4
96.0,MAROUANE EL BACHIRI,Bon service,2020,7,29,0.92,attente en agence et personnel,11
96.0,Nafie Arboun,Pauvre,2026,7,28,0.6,autre,6
96.0,faya mo,Calme et confortable,2023,7,29,0.82,autre,20
96.0,Hicham Hamidi,Pour les services de télécommunications,2022,7,29,0.69,autre,39
97.0,Hicham Zaoujal,"Je suis très mécontent. J’ai souscrit à un abonnement chez Maroc Telecom depuis le mardi dernier et, jusqu’à maintenant, ma ligne n’a toujours pas été activée. Ce retard est inacceptable et manque de professionnalisme",2026,4,29,-0.87,facturation et prix,217
97.0,HD KING,"Mon expérience !, Je sais que c'est une agence de télécommunication. Là bas vous pouvez acheter des cartes sim ""Maroc Télécom"", faire des abonnements wifi, et plein d'autres choses. L'accueil y est quand même. Merci.",2023,7,29,0.87,attente en agence et personnel,216
97.0,adam chakour,9:25 am est toujours personne dans l'agence à part le gars de sécurité et la femme de ménage !!!,2026,7,28,-0.48,attente en agence et personnel,96
97.0,Ali Ghoudane,Service clientèle lent. Debit internet laisse à désirer ! Des prix à reviser pour pouvoir faire bénéficier tout le monde.,2022,7,29,-0.76,carte sim et réseau,121
97.0,Stronger Son,Vraiment j'ai ete dessous a cause d'une mouvaise façon de traiter les clients,2023,7,29,-0.67,autre,77
97.0,Mehdi Zouak,"agence pas très efficace, l'accueil n'est pas toujours le meilleur",2021,7,29,-0.52,attente en agence et personnel,67
97.0,imane essenhaji,Service très nul!,2026,7,28,-0.81,attente en agence et personnel,17
97.0,Mounir Oulad Azzi,Les employé sont très désagréable.,2024,7,28,-0.86,autre,34
97.0,Mustapha Idrissi,Service trop lent et manque d'éfficacité,2023,7,29,-0.6,attente en agence et personnel,40
97.0,Allô Martil !? Allô Martil !?,"Bien équipée, bien organisée, propre...",2023,7,29,0.89,autre,39
97.0,Adam Rg,Toujours fermé,2020,7,29,0.55,autre,14
97.0,ثقافة خاصة,mauvaise service👎,2023,7,29,-0.89,attente en agence et personnel,17
97.0,Mounir EL HICHOU EL HAMMOUCH,Agence fermée le samedi,2022,7,29,0.43,attente en agence et personnel,23
97.0,Mostafa Latif,Nul,2021,7,29,-0.4,autre,3
97.0,Ali Imrani Boukhobza,Mauvaise réception,2019,7,30,0.46,autre,18
97.0,SOUHAIL JAOUANI,"J'ai eu une mauvaise expérience dans cette agence lorsque je me suis renseignée sur le retard d'installation de ma fibre optique, alors que j'avais souscrit mon abonnement quelques jours auparavant.",2026,5,29,-0.97,internet fibre et box,198
97.0,حمادي hammadi,"L'un des employés s'est montré extrêmement froid et distant. Je me souviens, au début de la pandémie, lorsque je suis allé le voir pour résilier mon abonnement téléphonique et internet. Il m'a imposé des démarches administratives complexes,",2024,7,28,-0.88,facturation et prix,240
97.0,hamza chairi,"Service déplorable, personnel irrespectueux, connexion internet extrêmement lente et personne ne répond au téléphone. Je déconseille fortement de souscrire à leurs services.",2026,7,28,-0.95,attente en agence et personnel,173
97.0,Ouail Abroun,Le pire service que j'ai jamais reçu... Le fournisseur d'accès Internet n'accepte pas un fichier PDF comme preuve ou adresse... Personne à qui parler... Même le responsable n'est pas joignable... J'ai dû passer à un concurrent. « Inwi » était bien meilleur.,2024,7,28,0.4,attente en agence et personnel,257
97.0,Nuha El Haddad,"On ne peut pas appeler ça un service. C'est vraiment honteux  J'ai eu beaucoup de mal à faire comprendre au responsable du service que j'avais besoin d'une connexion internet stable. Ils n'ont rien fait, à part un contrôle régulier de la ligne fixe !",2019,7,30,-0.84,attente en agence et personnel,250
97.0,Aicha Aulad,Maroco Telecom est une entreprise de télécommunications comme Base of Orange ou Telenet.,2026,7,28,0.5,autre,88
97.0,Hassan Abghouni,C'est plutôt bien malgré la surpopulation et le manque de personnel.,2021,7,29,0.62,attente en agence et personnel,68
97.0,F.F.《Y.T》,Fin ma tmxi txarji mt cash ygolo lik makhdamx,2026,7,28,0.39,autre,45
97.0,Bilal El,"Le service client est lent, ce qui contribue à la forte surpopulation.",2023,7,29,-0.49,attente en agence et personnel,70
97.0,Nader KHAMLICHI,Le pire service. Les employés ne se soucient pas du client. Ils vous font attendre sans se soucier de rien. Je vous déconseille de faire affaire avec eux.,2020,7,29,-0.82,attente en agence et personnel,154
97.0,wadie belhmar,"Un seul employé et vous devez attendre votre tour, combien de temps cela va-t-il prendre ?",2026,7,28,-0.47,autre,90
97.0,AB C.,"La plupart du temps, il faut attendre plus de 15 minutes pour être servi.",2019,7,30,0.43,autre,73
97.0,Jamal Bunker,Bonjour,2025,12,30,0.75,autre,7
97.0,barram khalid,Service 0,2026,7,28,0.58,attente en agence et personnel,9
97.0,Mohamed Kharbach,"Très, très, très mauvais 😡😡😡😡😡😡😡😡 Leurs services sont inexistants",2022,7,29,-0.98,autre,65
97.0,Samir Chacor ABU SALMAN,La photo ne reflète pas et ne présente pas le lieu.,2022,7,29,0.0,autre,51
97.0,Simohamed Azaitar,Ils me traiteront bien,2023,7,29,0.92,autre,22
97.0,Do Dodo,mauvais traitement et manque de services,2024,7,28,-0.95,autre,40
97.0,Diego Quiles,Un voyage nostalgique rempli de souvenirs,2018,7,30,0.65,autre,41
97.0,الشافي,traitement de qualité inférieure,2021,7,29,0.0,autre,32
97.0,Fouad Kenitramaroc99,normale,2026,7,28,0.5,autre,7
97.0,EL Amin,Transaction 0,2023,7,29,0.53,autre,13
97.0,Elalilti XĎ,Pas bon,2018,7,30,0.81,autre,7
97.0,Mohamed Aha,mauvais traitements,2024,7,28,-0.85,autre,19
97.0,Aymane Ou bo,0 service,2024,7,28,0.53,attente en agence et personnel,9
97.0,Mohammed Ali BEN JEDDI,Bien,2022,7,29,0.75,autre,4
97.0,Younes Fatah,Cri vide,2022,7,29,0.49,autre,8
97.0,Florian Martin,Gestion téléphonique,2023,7,29,0.57,autre,20
97.0,Plus Account,"Je suis donc censée attendre qu'une seule personne revienne de vacances pour obtenir le service dont j'ai besoin, car apparemment les autres ne savent pas comment faire.",2026,7,28,-0.52,attente en agence et personnel,169
97.0,Brahim Mansouri,Il y a tellement de négligence qu'on a l'impression que tout le monde est en colère et nous ignore. Cet organisme doit revoir ses méthodes de prise en charge. Je vais changer d'entreprise à cause de la qualité du traitement ; c'est catastrophique.,2026,7,7,-0.89,autre,247
98.0,Douaa Saidi,"Je souhaite exprimer mon mécontentement concernant une expérience récente dans votre agence. J’ai été pris en charge par une conseillère, dont l’attitude a été particulièrement décevante. Elle s’est montrée impolie et condescendante dans",2026,7,28,-0.74,attente en agence et personnel,237
98.0,Bassim,À éviter absolument. Le pire service de la pire agence de la pire entreprise de télécommunication du Maroc. Le chaos absolu. Pas d'ordre du tout. Seulement 2 représentants à la réception. Les autres sont soit en train de discuter,2024,7,28,-0.71,attente en agence et personnel,229
98.0,Zakar’IA,"J'ai jamais vu un accueil aussi execrable, la personne qui m'as reçu a fait preuve de désinvolture et d'un manque flagrant de professionalisme ! Je déconseille fortement cette agence !",2024,7,28,-0.95,attente en agence et personnel,184
98.0,Adnane Aboadnane,Disponible et service extra,2019,7,30,0.71,attente en agence et personnel,27
98.0,Abdellah BAKKALI,Aucun commentaire,2019,7,30,0.0,autre,17
98.0,Youssef Ghanem,Parfait,2021,7,29,0.8,autre,7
98.0,Hind M,"Nous tenions à remercier chaleureusement le directeur de l’agence ainsi que toute son équipe pour leur professionnalisme et leur engagement. Malgré une situation particulière (immeuble neuf et premier raccordement à la fibre), ils ont su",2026,6,30,0.54,internet fibre et box,237
98.0,Véronique,"Quel endroit impersonnel et pas accueillant, remettez vous en question un peu...",2026,7,28,-0.56,autre,80
98.0,yousra najah,"J'ai rendu visite à l'agence en raison de problèmes persistants avec ma connexion ADSL. J'ai eu la chance d'être conseillée par Mme Bakkali Tahiri. Elle a été extrêmement patiente, aimable et serviable. Elle m'a tout expliqué étape par étape en utilisant un vocabulaire simple et clair, ce que j'ai beaucoup apprécié. 🙏🏻",2026,5,29,0.86,carte sim et réseau,320
98.0,Mimi Sabrin,"La pire expérience de ma vie. Le personnel est malhonnête et tout le monde s'en fiche. J'ai dû payer d'avance et attendre presque une semaine pour avoir internet, mais malheureusement, rien ne s'est passé. Je n'ai reçu aucun message ni",2025,11,30,-0.91,attente en agence et personnel,235
98.0,Saber Ch,Le gérant est extrêmement impoli à tous les égards.,2025,12,30,-0.87,attente en agence et personnel,51
98.0,Assia Bouras,Service déplorable. Accueil et traitement catastrophiques. Connexion internet très lente. L'équipe de maintenance est toujours en retard et n'arrive qu'après de longues et pénibles négociations avec des responsables incompétents. Et tout cela pour rien. Que Dieu vienne en aide aux habitants de Tétouan.,2024,7,28,-0.88,attente en agence et personnel,303
98.0,YNS Bnhs,"La dame du premier bureau m'a mal reçue. Le personnel plus âgé manquait de courtoisie et d'écoute, et était souvent irritable.",2024,7,28,-0.93,attente en agence et personnel,126
98.0,Me _ The visitor,"Un service professionnel exceptionnel de la part de Youssef ! Il a pris le temps de nous expliquer les possibilités de la fibre optique à domicile, comment payer en ligne et à quoi s'attendre dès la signature du contrat !",2024,7,28,0.66,internet fibre et box,222
98.0,Kamar El Madani,"Service déplorable. Aucun employé ne fait correctement son travail. Leur seule préoccupation est de vider les bureaux. Ils font des promesses qu'ils ne tiennent pas, du genre « Je vous recontacte », « Ne vous inquiétez pas », etc.",2022,7,29,-0.91,attente en agence et personnel,230
98.0,Nadir Nadir,Top top,2026,7,28,0.9,autre,7
98.0,Your guider,"Endroit très agréable et propre, personnel respectueux, peu fréquenté.",2025,10,31,0.86,attente en agence et personnel,70
98.0,Mou Bla,"Service client déplorable  La personne à qui j'ai parlé était très impolie et incompétente. Si vous avez la possibilité d'aller ailleurs, évitez cet endroit.",2020,7,29,-0.93,attente en agence et personnel,157
98.0,Achraf El Ismaili,"Le pire directeur d'agence que j'aie jamais vu  Je lui ai fait part du problème et il m'a dit que si ça ne me convenait pas, je pouvais résilier le service  Pfff, une personne comme ça donne envie de détester le Maroc et Maroc Telecom.",2023,7,29,-0.85,attente en agence et personnel,235
98.0,Jfufd Igyr,"www,blogget,com/atom/ns#/category)(titre) (#2598114)",2022,7,29,0.53,autre,52
98.0,SouL,Les pires personnes que j'aie vues en ville jusqu'à présent.,2024,7,28,-0.76,autre,60
98.0,Ayoub Tetouan,"Ça fonctionne très, très mal.",2026,7,28,-0.87,autre,29
98.0,Ayoub Rhattoy,Mauvais endroit,2023,7,29,0.48,autre,15
98.0,Sbai Mostafa,bon service,2022,7,29,0.96,attente en agence et personnel,11
98.0,Said ETTARAF,Entreprise exploiteuse,2019,7,30,0.73,autre,22
98.0,soulaiman Bhd,"Des prix élevés, des prix très élevés. Je crois que le Maroc est le seul pays au monde où l'accès à Internet est cher.",2026,7,28,0.54,facturation et prix,118
99.0,Shami Wissam,"Forfait internet illimité qui ne marche plus au bout de 2 jours, aucun service client ( elle m’a clairement dit de me demerder) et de plus la vendeuse est agressive avec les clients.",2025,12,30,-0.79,carte sim et réseau,182
99.0,Zakar’IA,"Ça vous arrive de répondre au téléphone ?? ? À chaque fois que j’ai un problème impossible d’avoir l’agence !",2024,7,28,-0.62,service client et assistance,110
99.0,Michel,Une Femme très gentille à l'écoute et explique bien les choses pour les tourismes français 👍,2024,7,28,0.87,autre,92
99.0,Marcel Dinghs,"Nous avons acheté une carte SIM et un forfait de données. Une semaine plus tard, lorsque j'ai inséré la carte SIM dans le téléphone, elle ne fonctionnait pas. Trois téléphones différents n'ont pas reconnu la carte. Je ne sais pas ce qu'ils nous ont vendu.",2026,4,29,-0.59,carte sim et réseau,255
99.0,Meryeme Jallal,"Service déplorable, manque d'efficacité, connexion toujours mauvaise, voire inexistante.",2025,9,1,-0.96,carte sim et réseau,88
99.0,DIDIJ Doja,Ils ne répondent même pas au téléphone ! À quoi bon afficher un numéro si personne ne répond ?,2026,7,28,0.0,service client et assistance,94
100.0,Seungkyun Kim,Il n'y avait aucun panneau et la porte était fermée... Je transpirais abondamment à cause de l'ascension de la colline.,2026,4,29,-0.67,autre,119
100.0,Sofia Stones,"Vous avez des problèmes de connexion internet, vous allez vous plaindre, on vous donne le numéro 115, vous appelez et vous tombez sur un répondeur automatique qui ne résout rien. Ils sont prompts à encaisser votre argent, sinon ils vous coupent la connexion, mais quand il s'agit de résoudre un problème  rien. Une vraie déception.",2026,7,28,-0.86,carte sim et réseau,331
100.0,Manuel Muñoz,Service excellent et très proche de l'arrêt de bus CTM,2025,12,30,0.96,attente en agence et personnel,54
101.0,aya Elmehdi,"une seule conseillère dans une grande agence c'est pitoyable + la conseillère et impolie et parle de haut , a chaque demande elle dis appel le 115 ou ch pas quoi meme le responsable d agence appeler le 115 il a dis.",2022,7,29,-0.74,attente en agence et personnel,215
101.0,Toto Lili,"Le service est totalement inégal. On y va comme si on y allait pour neuf heures, le Wi-Fi est coupé de temps en temps et, quand on y va, on nous dit de payer 500 dirhams pour éviter les problèmes, ce qui est absurde. Pour ceux qui veulent",2026,7,28,-0.68,attente en agence et personnel,238
101.0,PBdroid,Une grande agence avec une seule femme,2026,6,30,0.68,attente en agence et personnel,38
102.0,Ilyass Maarouf,"NUL NUL  NUL J'ai souscrit aux services fibre Il y a 20 jours, evidement faut tout payer en avance.",2026,4,29,-0.53,internet fibre et box,100
102.0,Regis lemotard,"Nul malpoli, incompétent 0 étoile c est mieux.",2026,5,29,-0.64,autre,46
102.0,Mo Abz,"La pire agence de Maroc Telecom au Maroc, de loin et a Martil. Ils ne résolvent jamais rien et ne proposent aucune solution, quel que soit le problème. Les deux employés sont très antipathiques, ils te parlent avec arrogance comme s’ils te",2025,10,1,-0.86,attente en agence et personnel,239
102.0,lyna LMR,A fuir !!! Allez à Inwi. J’ai payé pour une box wifi j’ai jamais eu de wifi. Le personnel m’a donné leur téléphone. On a échangé 3 fois et puis elle décide de ne plus me répondre. Allez à INWI !,2025,11,30,-0.89,internet fibre et box,194
102.0,Abdellatif Ait Baala,Très mauvais accueil,2026,5,29,-0.94,attente en agence et personnel,20
102.0,École Imame Eddine,Je viens de les revoir bon service,2025,11,30,0.91,attente en agence et personnel,34
102.0,SIWAK BJJ ACADEMY,"Vraiment pas serviable, le marché de poisson de martial son plus professionnel ...j’étais venu pour des infos pour ouvrir une connexion internet chez moi...le personnel pas poli certains d entre eux on difficiles de répondre aux",2020,7,29,-0.7,carte sim et réseau,228
102.0,Toto Lili,"Très mauvais réseau 👎 , j'ai signé sur un début de 12 Mbps , et j'ai reçu 2 Mbps , et des ruptures chaque  fois , le comportement des enployées inappropriés 😡, je vous conseille pas MAROC TÉLÉCOM, mauvais service 👎👎 mauvaise début",2026,7,28,-0.97,attente en agence et personnel,230
102.0,Q. M.,"la communication n est pas leurs points fort, 5 jours d attente donc perdus pour un depannage réalisé en 10 minutes.",2026,7,28,0.0,attente en agence et personnel,117
102.0,Abderrezak BERBARA,"Agence très bien placée, personnel agréable et le service est très rapide.",2026,7,28,0.94,attente en agence et personnel,74
102.0,Mesbah Mohamed,Parfait !,2026,4,29,0.95,autre,9
102.0,Lamia F,"merci à la conseillère qui m’a aidé à résoudre mon pbm de puce. Rapide, à l’écoute et efficace",2026,7,28,0.84,carte sim et réseau,94
102.0,lamia jbara,"Propre, calme, mais pas bcp de personnel",2025,10,1,0.0,attente en agence et personnel,40
102.0,khadija Ouziki,Merci pour vos services,2025,11,30,0.98,autre,23
102.0,Faycal FAYCAL,Accueil très froid,2025,9,1,-0.78,attente en agence et personnel,18
102.0,فوائد من الدين والدنيا,"Un service au dessous de zero,les clients sont leur dernier souci",2022,7,29,0.47,attente en agence et personnel,65
102.0,Bajia Yassir,service nul et ne respecte pas les clients,2020,7,29,-0.57,attente en agence et personnel,42
102.0,Angry Joker,Aucun respect du client.,2020,7,29,0.0,autre,24
102.0,Imad. Kdeih,Accueil nul,2023,7,29,-0.4,attente en agence et personnel,11
102.0,Ali Ameziane,mauvais service,2018,7,30,-0.85,attente en agence et personnel,15
102.0,Ahmed Guider,Mmmmmmmmmmmmmmmmmmmmmmmmmmmmmmmmmmmmmmmmmmmmmm le croissant Au chocolat,2026,7,28,0.54,autre,71
102.0,الأوريغامي Origami,"Après plus d'une heure d'attente, l'employeur n'a servi qu'un seul client ; service très lent.",2026,4,29,-0.42,attente en agence et personnel,94
102.0,Omar Bennouna,"Service déplorable. Même lorsque l'agence est vide, elle ne dispose pratiquement d'aucun service et est incapable de proposer la moindre solution. On peut tout au plus payer des factures, ce qui est bien plus simple et possible dans",2025,11,30,-0.68,attente en agence et personnel,232
102.0,RIKO FF,"Aucune communication, aucun service, la pire entreprise du monde : le Wi-Fi est constamment coupé et ils se moquent des clients.",2025,12,30,-0.65,attente en agence et personnel,128
102.0,Kathryn (“Socje”),"Je ne peux pour aucune raison recommander Maroc Telecom. Le service Internet est très peu fiable. J'ai souscrit pour 12 Mo, j'ai de la chance si j'en reçois la moitié. Il n’est pas rare d’éprouver des vitesses de 2 à 3 Mbs. Lorsque",2026,7,28,0.0,attente en agence et personnel,231
102.0,ORIGAMI Graphic Design,"Après plus d'une heure d'attente, l'employeur n'a servi qu'un seul client ; service très lent.",2026,4,29,-0.42,attente en agence et personnel,94
102.0,Hazok,"Je n'ai même pas été autorisé à entrer ! Je suis un touriste américain. Un agent de sécurité m'a arrêté à la porte. Je lui ai demandé s'il parlait anglais. Je n'arrêtais pas de dire « téléphone », « forfait ». Je lui ai montré mon",2024,7,28,-0.59,carte sim et réseau,230
102.0,Mourad Elamrati,"Le service d'Etisalat Almaghreb était globalement correct, mais il est perfectible, notamment au niveau du service client. Si le service de base était satisfaisant, un meilleur support client améliorerait considérablement l'expérience utilisateur.",2024,7,28,0.77,attente en agence et personnel,247
102.0,Ezil,"Après plus d'une heure d'attente, l'employeur n'a servi qu'un seul client ; le service est extrêmement lent. J'ai essayé Morocco Telecom pour la première fois, mais j'ai bien peur que cette entreprise ne soit qu'une source de problèmes.",2024,7,28,-0.69,attente en agence et personnel,236
102.0,Mourad Bouachra,"Bon accueil de la part de certains membres du personnel qui s'acquittent parfaitement de leurs fonctions, et un grand bravo à l'agent de sécurité privé chargé de la réception.",2026,7,28,0.93,attente en agence et personnel,175
102.0,origami pub,0 service,2026,4,29,0.53,attente en agence et personnel,9
102.0,HAJAR GROUANE BENSAID,Centre de services Maroc Telecom,2026,3,30,0.54,autre,32
102.0,Dani Chipa,"Dans cette agence, on ne parle aucune langue, car elle se situe dans une zone touristique internationale à proximité de l'Union européenne. Avec des relents racistes, c'est un zéro pointé pour les responsables qui recrutent le personnel de Morocco Telecom travaillant dans le nord du Maroc.",2019,7,30,-0.55,attente en agence et personnel,290
102.0,ken diment,"Excellent service, bon prix, tout a fonctionné comme prévu",2024,7,28,0.99,attente en agence et personnel,58
102.0,Number 445,Doit être la pire agence Maroc Telecom du Royaume. Le pire support client,2023,7,29,0.46,attente en agence et personnel,73
102.0,Younes Huawei,Makibghiwch yjawbo 3la télé kak3yaw nsoniw,2026,7,28,0.46,autre,42
102.0,hvvxyn n,Le problème majeur est que certains employés ne portent pas de masque...,2021,7,29,-0.56,autre,72
102.0,elkdioui mohamed,La qualité des services n'est pas à la hauteur.,2020,7,29,0.0,autre,47
102.0,Zanelabidine Lhani,très bien,2024,7,28,0.97,autre,9
102.0,Taeib BENALI,Service client déplorable ; les clients sont mal traités.,2020,7,29,-0.92,attente en agence et personnel,57
102.0,Yassine Farihane,Mal traiter les clients.,2021,7,29,-0.7,autre,24
102.0,Dounia El kadiri,Ya salam,2022,7,29,0.5,autre,8
102.0,Ayoub DAHMAN,Si mal,2019,7,30,-0.64,autre,6
102.0,Younes El Ayachi,Agent sylpa,2025,10,31,0.53,autre,11
102.0,Yassine KHATIB,Bien,2024,7,28,0.75,autre,4
102.0,Halima,Très mauvais,2022,7,29,-0.94,autre,12
102.0,يوسف شاطر,Accueil merveilleux,2020,7,29,0.57,attente en agence et personnel,19
102.0,Rachid maroc,S'il te plaît,2020,7,29,-0.57,autre,13
102.0,mariam amimar,Entrée une par une,2021,7,29,0.53,autre,18
102.0,Mariam Tet,incroyable,2021,7,29,-0.49,autre,10
102.0,زكرياء المجدوب الادريسي,excellent,2020,7,29,0.97,autre,9
102.0,NOA Kun,Bon,2018,7,30,0.91,autre,3
102.0,chaimaa hagoche,"Le service d'assistance technique est déplorable. Je me suis abonné à la fibre optique mercredi dernier, et cela fait maintenant sept jours que personne n'est venu installer le boîtier. Même l'agence ne répond pas au téléphone. C'est le pire service que j'aie jamais connu.",2026,7,25,-0.87,attente en agence et personnel,273
103.0,عــبــدالله ּاٴ̍بــوۥ عـبــد ا̍ڵــڔحۡــمۘــٰن,60 jours ???,2026,4,29,-0.36,autre,12
104.0,CAM JEMAA SHAIM,"Agence Maroc Télécom se situant au Quartier MIFTAH Lkhir sise à Safi dont les employés sont très aimable et accueillant, hospitaliers....",2021,7,29,0.81,attente en agence et personnel,137
104.0,Abdelkader ABKARI,C'EST un lieu destiné à MAROC TELECOM  PRIVILÉGIE SI BON,2021,7,29,0.62,autre,56
104.0,Mohsine Hachkar,Sentiments mitigés. La qualité des sévices gagnerait à être améliorée,2019,7,30,-0.64,autre,69
104.0,Mos Kal,Pas mal,2021,7,29,0.41,autre,7
104.0,ABDO ABDO,"Le service client de Maroc Telecom à Safi est extrêmement mauvais, et le service est inexistant (00/00).",2022,7,29,-0.96,attente en agence et personnel,104
104.0,driss lahmouni,malheureusement,2026,7,28,-0.91,autre,15
104.0,Med Zakkar,Manque de services,2021,7,29,0.57,autre,18
104.0,Mohammed Elachhab,Agence de télécommunications du Maroc,2022,7,29,0.45,attente en agence et personnel,37
104.0,Mohammed Cherfaoui,le pire service de tous les temps,2020,7,29,-0.78,attente en agence et personnel,33
104.0,Abdellatif Ghazi,Frouta,2021,7,29,0.61,autre,6
106.0,Fatii Eljaouhari,"Ils ont coupé le Wifi, nous sommes aller les voir pour résoudre le problème..ils ont dit le contrat est annulé, après quelques mois, nous avons reçu une lettre nous indiquant que nous devons payer 1300dh et pour cause!! apparement même si",2026,7,28,-0.74,internet fibre et box,238
106.0,AB BI,Le service le plus mediocre qu on puisse rencontrer . Là bas on oublie que c est un secteur privé je me demande pourquoi en embauche de tel personnel . Aucun sourire à l encontre de la clientele . NUL NUL,2021,7,29,-0.66,attente en agence et personnel,204
106.0,waldowish,"Une place mal éclairée le soir, comme la plus part des coins de la ville d'ailleurs, délabrée, où y a pas de sécurité, les visiteurs locaux font preuve d'incivisme vis à vis des monuments et d'installations de la place.",2021,7,29,-0.89,autre,219
106.0,Ali Snaiki Bennalou,Assez bien comme etablissement public reste  encore a faire plus d effort,2018,7,30,0.91,autre,73
106.0,Bernard Morand,Pas trop mal mais peuvent faire mieux !!!!!,2019,7,30,-0.56,autre,43
106.0,Aitarsim Mohamed,Mauvais service,2026,7,28,0.57,attente en agence et personnel,15
106.0,Taoufiq Laalou,une entreprise avec un service clients mediocre,2019,7,30,0.82,attente en agence et personnel,47
106.0,Brahim Marsi,Service manquant de rapidité et de conseil.,2018,7,30,0.65,attente en agence et personnel,43
106.0,Abdallah OUSAID,Situation à marjane de safi.,2023,7,29,-0.6,autre,28
106.0,said echchadi,Service moyen,2019,7,30,0.57,attente en agence et personnel,13
106.0,majhol Android,Ils ne sont pas tous bons et il y a un employé qui devrait être renvoyé.,2020,7,29,-0.6,autre,72
107.0,Bendkia Bouchaib,Une agence à Safi très bien situé mais un personnel Mal qualifié et manque d un manager pour repartir les tâches surtout pour le volet des particuliers.,2026,7,28,0.43,attente en agence et personnel,152
107.0,benmoussa abdelali,mouvaise agence et ub service nuk,2018,7,30,-0.45,attente en agence et personnel,33
107.0,Yassin Rachidi,Meilleur,2023,7,29,0.93,autre,8
107.0,AHMED BOUZID,Bon service,2022,7,29,0.92,attente en agence et personnel,11
107.0,Abdelkader ABKARI,Bon service,2020,7,29,0.92,attente en agence et personnel,11
107.0,Mohammed Elachhab,Agence de services Maroc Telecom,2022,7,29,0.48,attente en agence et personnel,32
107.0,ZOULOULOU,Très bien,2022,7,29,0.99,autre,9
107.0,ishakk mohamed,Adapté aux familles,2023,7,29,0.73,autre,19
107.0,Znb El,Safii,2023,7,29,0.55,autre,5
107.0,Catkiller Ryan,Service limité,2018,7,30,0.4,attente en agence et personnel,14
107.0,Charifa00@gmail.com Charifa,Safi,2018,7,30,0.56,autre,4
108.0,GEEK TECH (D),"Service pas très professionnel surtout avec les particuliers, ils changent les forfaits sans autorisation contrairement a la concurrence qui ne modifie rien sans notre accord, malheureusement ils ont le monopole sur le marché ...",2019,7,30,-0.67,attente en agence et personnel,229
108.0,Afaf Ato,"Une catastrophe, mais ça reste mieux que les autres auteur de lignes téléphoniques.",2018,7,30,-0.74,autre,83
108.0,FATIMA EZZAHRA CHAKIR,Vrai nice,2018,7,30,0.96,autre,9
108.0,mohammed bouhadi,Pas mal à améliorer,2018,7,30,0.54,autre,19
108.0,Simon Enha,"Pourriez-vous fermer à 12h40 ? Ne soyez pas si occupés, nous sommes ouverts jusqu'à 13h ! Si vous ne respectez pas les horaires d'ouverture, merci de nous le signaler.",2026,7,28,-0.42,autre,167
108.0,MODAMIR TY,Maroc Telecom est la meilleure entreprise du Maroc,2026,7,28,0.94,autre,50
108.0,soufiyane sadeq,Mauvais service,2026,7,28,0.57,attente en agence et personnel,15
108.0,Youness RAMDAOUI,Correct,2018,7,30,0.5,autre,7
108.0,Essam Khalil,Service rapide,2017,7,30,0.73,attente en agence et personnel,14
108.0,Jalal bensalah,Aucun réseau,2026,7,28,0.0,carte sim et réseau,12
110.0,Aïcha ANIBA,Entreprise publique  emblematique,2024,7,28,0.68,autre,33
110.0,Marwane Bel,Faible 😒,2021,7,29,0.41,autre,8
110.0,Yassine Lahmer,😠😠😠,2022,7,29,0.42,autre,3
110.0,SAMIR MESGARE,Maroc Telecom,2023,7,29,0.48,autre,13
110.0,clown memes,"Ils ne l'ont pas encore ouvert, il est 3h31 et ils ne l'ont toujours pas ouvert.",2023,7,29,-0.41,autre,80
110.0,Mohamed Radi,décent,2026,7,28,-0.67,autre,6
110.0,Said Ezhari,Bien,2025,9,1,0.75,autre,4
110.0,nabil elqochi,Restaurant réputé,2024,7,28,0.61,autre,17
110.0,baha mohamed,Envoyer,2022,7,29,0.54,autre,7
110.0,Said Boaawda,Zwin,2018,7,30,0.59,autre,4
110.0,Mohamed Rtil,N1,2023,7,29,0.51,autre,2
111.0,monsif moussa,L'agence Maroc Telecom se trouve à proximité de l'agence indépendante de distribution d'eau et d'électricité et du tajine.,2019,7,30,0.45,attente en agence et personnel,122
111.0,khalil khalil,Un manque de respect flagrant et arrogant envers le client,2024,7,28,-0.92,autre,58
112.0,إسماعيل العمرتي,"une seule personne pour recevoir tt le monde le 03 du mois, c médiocre de la part du 1er operateur national",2026,5,29,0.44,autre,107
112.0,jmc jmc,Semaine dernière on m'a annoncé 48h max pour installer une box ADSL. Ça fait 1 semaine que je fais des allers retours en agence pour connaître la date de passage du technicien mais rien !,2026,7,28,0.43,internet fibre et box,187
112.0,Hajar El-KARMI,"service client nuuul de chez nul,  cela fait une semaine qu'on me fait attendre l'installation ADSL sous pretexte que les cables ne sont pas dispo.  Aucune réponse sur les numéros de tel , Bref il faut penser à changer cette stratégie  sinon vous n'êtes pas le seul opérateur télécom au Maroc.",2020,7,29,-0.6,internet fibre et box,293
112.0,Chahid Yassine,Vraiment le vendeur dens la reception et n est pas honnete il fait de l harnaque  jai payer pour avoir 12 mg et dans le contrat et il ma fait 4 mg . Demain il va voir,2020,7,29,-0.52,attente en agence et personnel,166
112.0,Mehdi,"Toutes les agences ne travaillent pas le weekend et sur internet vous mettez qu'ils sont disponibles de 8h a 13h . Merci de modifier l'horaire",2023,7,29,0.0,autre,143
112.0,nezha afifi,Bon accueil et bon service. Le chargé de clientèle est très aimable (le monsieur installé dans un bureau),2022,7,29,0.98,attente en agence et personnel,105
112.0,jean-marc LAMOULIATTE,Bonne reception.  Bonne écoute du client. Personnel compétent.,2024,7,28,0.99,attente en agence et personnel,62
112.0,raffaele moretti,Service lent et personnel peut attentif à la clientèle.,2022,7,29,0.55,attente en agence et personnel,55
112.0,Abdelhalim Laraichi,Agence d'agencement des clients voulant régler leur facture uniquement par chèque,2020,7,29,-0.39,attente en agence et personnel,81
112.0,oussama Oussama,Mauvaise service,2025,12,30,0.55,attente en agence et personnel,16
112.0,Saadia Nafia,👍🏼,2026,2,28,0.42,autre,2
112.0,ROSE VANROY,Bons services mais pas très communicatif,2023,7,29,0.5,autre,40
112.0,Michel Paul,Bon accueil et problème résolu rapidement.,2023,7,29,0.92,attente en agence et personnel,42
112.0,NOMAD WRLD,Agence pourri dans le sens propre,2024,7,28,0.49,attente en agence et personnel,33
112.0,youness rahmaoui,Bon service et acceuil,2023,7,29,0.95,attente en agence et personnel,22
112.0,hamid fekkak,Bon accueil,2024,7,28,0.95,attente en agence et personnel,11
112.0,Zaim Said,Bien,2023,7,29,0.75,autre,4
112.0,Scarface,Génial agence,2023,7,29,0.58,attente en agence et personnel,13
112.0,media chou,"Ma connexion internet est coupée depuis un mois. J'ai beau les appeler, ils me disent systématiquement qu'ils interviendront sous 48 heures. C'est la même chose tous les mois, alors que la coupure n'a lieu qu'une fois par mois. Quand je les",2025,10,31,-0.51,carte sim et réseau,240
112.0,Amirissam Koundi,"J'ai souscrit un abonnement fibre optique chez Maroc Telecom il y a deux mois, mais ils ne m'ont pas fourni le service téléphonique. J'ai essayé de les contacter par tous les moyens possibles, mais en vain. Le centre d'assistance m'a",2026,7,28,0.0,internet fibre et box,233
112.0,Fahd Elkarbani,"À Pant Lik, une de nos sœurs est un peu forte, tout comme Anili, c'est pour ça que tu viens, alors ne perds pas ton temps.",2026,7,28,0.45,autre,122
112.0,Booka Tek,L'agence la plus lente du Maghreb,2026,7,28,0.46,attente en agence et personnel,33
112.0,boudari hicham,Il a été achevé,2026,7,28,0.56,autre,15
112.0,Aziz Eljadida,D'accord,2024,7,28,0.56,autre,8
112.0,Mohammed MEZROUI,Service excellent,2023,7,29,0.96,attente en agence et personnel,17
113.0,Philippe Mayer,Agence vide...attente très longue..banquettes inconfortable...pas terrible le service..j ai demander un répéteur pour la fibre..Un technicien est passé 9 minutes : résultats ca ne fonctionne pas..le technicien n a même pas pris de temps de vérifié..devant la médiocrité j ai renoncer a demander quoi que ce soit...,2026,3,30,-0.62,internet fibre et box,314
113.0,Chems Dourrachad,"Le service est très lent, il faut penser à augmenter le nombre des agents. Il y'avait une seule, alors qu'en attente il y'avait presque 13 clients.",2024,7,28,-0.53,attente en agence et personnel,147
113.0,Sidibouzid Bouzid,"Une agence de clientèle d'une entreprise privée avec des clients sans aucun agents au comptoir! Ah si, l'agent de sécurité pour faire patienter les nouveaux venus. Entre 13h et 14h30 profitez de la mer juste en face. Une situation drôle et triste à la fois !",2026,7,28,-0.83,attente en agence et personnel,259
113.0,KHALIL,"06/04/2023 vers 15h L’agent de sécurité était le seul qui m’a bien traité à l’entrée et m’a dit exactement où je devais aller au bureau du chef de l’agence, ce dernier n’a même pas",2023,7,29,0.36,attente en agence et personnel,181
113.0,sanaa chouait,Un personnel qui n'est pas accueillant. Un service lent surtout il faut appeler le service client et des commandes qui n'arrivent pas....c'est décevant,2021,7,29,-0.75,attente en agence et personnel,151
113.0,Abderahim Lemgaddar,"Hmd allah ...agents bien formés  mais je pense qu,il serait préférable de revoir l,effectif car pour une simple opération tu passes bcp de temps (fil d,attente .+ longue.....60 personnes)",2021,7,29,0.59,attente en agence et personnel,187
113.0,Az En,birn recu service impeccable sauf le service des derangement cela fait une semaine que j ai sagnaler le derangement de mon telephone et j usqu a present je n ai vue personne,2022,7,29,-0.63,attente en agence et personnel,173
113.0,MH Oussama,"Mauvais accueil toujours pleine, il y'a 2 personnel de charge clientèle et tu trouves 30 personne attendre son rôle",2020,7,29,0.77,attente en agence et personnel,115
113.0,jean-andré zembsch,"Lenteur des services, et ne répond pas aux appels téléphoniques",2025,10,1,0.0,autre,63
113.0,abdelaziz elbenna,Mauvais service.pas mal de client pour un ou deux ouvrières,2024,7,28,0.63,attente en agence et personnel,59
113.0,jean louis Delarue,Plein de gentillesse et surtout un plaisir de partager les rires qui parfois surgissaient du fait de mon ignorance passagère,2019,7,30,-0.69,autre,124
113.0,Michel Paul,"Bon accueil, service efficace et rapide.",2021,7,29,0.98,attente en agence et personnel,40
113.0,LEILA CHAFFAI,Il n ya pas assez d agents pour ne pas laisser les gens attendre,2021,7,29,0.0,autre,64
113.0,Soloh Hassan,Pire agence du Maroc,2026,7,28,0.45,attente en agence et personnel,20
113.0,Rémi PARENT,Pas très efficaces mais sympa,2019,7,30,0.58,autre,29
113.0,Mouissi Med,Y a pas de services mauvaise agence,2020,7,29,-0.57,attente en agence et personnel,35
113.0,EL HEFIANE Akram,Service médiocre,2025,9,1,0.66,attente en agence et personnel,16
113.0,KARIM AALJ,Ici se trouve une agence de Maroc Télécom,2021,7,29,0.44,attente en agence et personnel,41
113.0,Oufa Simo,Agence Maroc Telecom nabeul Bon service,2020,7,29,0.78,attente en agence et personnel,39
113.0,Stéphane Deraeve,Sérieux. Personnel compétant.,2021,7,29,-0.51,attente en agence et personnel,29
113.0,francette louise Bellanger,Trop long et inacceptable  de repondre,2023,7,29,0.42,service client et assistance,38
113.0,Hamza NAIT OURAJDAL,Mauvaise réception et service.,2021,7,29,0.53,attente en agence et personnel,30
113.0,Fihri 303,Bon service,2023,7,29,0.92,attente en agence et personnel,11
113.0,Ab sinaa Equipements,Satisfait,2020,7,29,0.89,autre,9
113.0,med nassif,Tt,2019,7,30,0.4,autre,2
113.0,Anthony Eaton,"Le pire service client que j'aie jamais vu ! J'attends l'installation de ma connexion internet depuis 10 jours. La première fois que le technicien est venu, il est reparti au bout de 10 minutes en disant qu'il reviendrait le lendemain.",2024,7,28,-0.73,internet fibre et box,235
113.0,Matthias Bauerschmitt,"Service excellent ! Ils ont été d'une aide précieuse à chaque étape. Même sans parler français, ils ont su m'expliquer les choses clairement. Le personnel est tout simplement exceptionnel.",2019,7,30,0.87,attente en agence et personnel,188
113.0,Abderrazak Kchiblou,Le travail n'est pas très sérieux !,2020,7,29,0.0,autre,35
113.0,西文希,Le service était bon et plutôt moderne.,2019,7,30,0.93,attente en agence et personnel,39
113.0,marian perez gonzalez,Bon service,2023,7,29,0.92,attente en agence et personnel,11
113.0,Abdelkarim Elfath,Service client médiocre,2023,7,29,0.62,attente en agence et personnel,23
113.0,Ahmed Zahar,"Agence Maroc Telecom, rue Nabeul",2018,7,30,0.46,attente en agence et personnel,32
113.0,BRAHIM ERREGUI (‫العلم بالدارجة‬‎),Bon traitement,2020,7,29,0.86,autre,14
113.0,Mohamed Labyad,Service au niveau,2023,7,29,0.67,attente en agence et personnel,17
113.0,Norddine Zouitni,Endroit convivial,2022,7,29,0.64,autre,17
113.0,Natalia Ab,👍,2021,7,29,0.42,autre,1
113.0,Mr.mohamed Zahid,"Personne ne répond au téléphone, même si c'est samedi et que les bureaux ferment à 13h.",2026,7,14,0.0,service client et assistance,87
114.0,Hajar Lahlou,"J’ai eu aujourd’hui une mauvaise expérience avec un agent d’IAM posté à l’entrée de l’agence, dont le comportement était inapproprié et peu respectueux. Son attitude ne reflète pas l’image d’une grande entreprise comme Maroc Telecom.",2026,5,29,-0.91,attente en agence et personnel,233
114.0,Meryem Znaiber,Je voulais résilier mon abonnement pour raison d’émigration. La dame a refusé ma demande et m’a jeté un grand mensonge que les résiliations se font uniquement en début de mois.,2026,5,29,-0.7,facturation et prix,176
114.0,anouar anouar,Cela fait une semaine que j'attends l'activation de la fibre sans aucun retour.,2026,2,28,0.51,internet fibre et box,79
114.0,Sidibouzid Bouzid,"C'est à la fois grave et triste de constater la désinvolture manifeste du personnel, le client doit revenir plusieurs fois pour acheter un pack parce que untel n'est ni disponible ni disposé! Ceci ne représente en rien les valeurs de",2026,7,28,-0.94,attente en agence et personnel,233
114.0,Isabelle Verpeaux,Les informations sont fausses. L'agence ferme à 13h30 le samedi.,2026,7,28,-0.81,attente en agence et personnel,64
114.0,Naji abdessamad,Service rapide,2025,12,30,0.73,attente en agence et personnel,14
114.0,Bouchaib Zaraguit,S'il vous plaît le numéro que vous mettez ici est le mien.. Quelqu'un peut m'aider à le supprimer d'ici.. Merci bcp,2018,7,30,-0.44,autre,115
114.0,Stéphane Deraeve,"Bonne agence, sérieux. Dommage le manque de personnel ...",2021,7,29,0.84,attente en agence et personnel,57
114.0,kaddari salah,Très bonne journée été passée,2024,7,28,0.94,autre,29
114.0,SAADYASS84,c'est quoi votre numéro de service pour appeler et merci.,2023,7,29,0.44,attente en agence et personnel,57
114.0,Mhammed Beddari,Le personnel n'est pas accueillant,2020,7,29,-0.58,attente en agence et personnel,34
114.0,KARIM AALJ,C'est une agence de Maroc Télécom,2021,7,29,0.44,attente en agence et personnel,33
114.0,El El,Personnel non courtois,2021,7,29,0.0,attente en agence et personnel,22
114.0,chamseddine elidrissi said,J'adore,2022,7,29,0.76,autre,7
114.0,jaouad belabbes,Rien d extra,2020,7,29,0.53,autre,12
114.0,MIND Look,Un service impeccable,2022,7,29,0.45,attente en agence et personnel,21
114.0,Jonas Jonas,bon service,2020,7,29,0.96,attente en agence et personnel,11
114.0,salak ayoub,Mauvais service,2019,7,30,0.57,attente en agence et personnel,15
114.0,X X,Chez le leader,2020,7,29,0.57,autre,14
114.0,Hamza Naouiss,Service nulle,2022,7,29,-0.48,attente en agence et personnel,13
114.0,فكرة من العِلم,Mauvais service,2021,7,29,0.57,attente en agence et personnel,15
114.0,mehdi zouhri,Mauvais service,2022,7,29,0.57,attente en agence et personnel,15
114.0,MA MA,"Tres bon service et merci à l’agent le charme Mr pour son aide et sa disponibilité. Cependant, il faudrait recruter davantage d’agents, car l’agence est grande, un ou deux agents ne peuvent pas satisfaire tous les clients, surtout qu’elle couvre une large zone, notamment El Jadida et Sidi Bouzid et moulay abdellah.",2026,7,7,0.65,attente en agence et personnel,316
114.0,MIDO BIKER,"Les filles qui y travaillent sont incroyablement arrogantes, leur travail est pénible et elles crachent beaucoup.",2026,5,29,-0.94,autre,113
114.0,mhammed Ouahidi,"Mauvais traitement et manque d'information. Si vous n'aimez pas son travail, allez voir ailleurs. Bon traitement. Nous sommes clients et nous voulons être traités avec respect.",2026,1,29,-0.47,autre,176
114.0,Youness MAHLAQ,"Service déplorable, personne n'est là et j'ai attendu trop longtemps.",2025,10,1,-0.78,attente en agence et personnel,69
114.0,Bea Uty,"Le personnel est injoignable et ne répond pas aux appels.  Nous espérons que le propriétaire de l'agence surveillera le comportement des employés.",2026,2,28,-0.71,attente en agence et personnel,148
114.0,kf kf,Le service client était déplorable... Nous espérons que la direction prendra cette affaire au sérieux...,2025,9,1,-0.89,attente en agence et personnel,104
114.0,HNINI Az-eddine,Soyez prudent lors de votre abonnement. L'utilisateur a mal activé mon abonnement et m'a envoyé une facture avec plus de 100 dirhams en trop.,2026,7,28,-0.77,facturation et prix,141
114.0,علي احمد,Leur service est excellent et leurs offres sont incroyables. Merci Maroc Telecom.,2024,7,28,0.96,attente en agence et personnel,81
114.0,Ben Adam,"Mauvaise qualité de service, par rapport au coût élevé Mauvaise qualité de service comparée au coût élevé ضعفجودة الخدمات، فقط مع التقنية الباحذية",2024,7,28,0.62,attente en agence et personnel,148
114.0,Triss Youssef,Très mauvais traitement des clients d'après mon expérience personnelle.,2024,7,28,-0.97,autre,71
114.0,Yassine Mouatassim,"Les gens impolis ne vous font pas de mal, répondez-leur.",2017,7,30,-0.53,autre,56
114.0,Simohammed Kharrouba,"Maroc Telecom, Etoile du Sud, Nouvelle Route Sidi Bouzid",2019,7,30,0.5,autre,56
114.0,BRAHIM ERREGUI (‫العلم بالدارجة‬‎),"Oui, vous êtes l'une des premières sociétés Maroc Telecom à El Jadida.",2021,7,29,0.56,autre,70
114.0,Yassine chetoui,Bureau des télécommunications du Maroc,2017,7,30,0.47,autre,38
114.0,Aymen Aymeen,Mauvais services👎🏼👎🏼👎🏼,2024,7,28,0.48,autre,22
114.0,Ayoub Kaddari,Lm,2020,7,29,0.41,autre,2
114.0,allo m3lam الو معلم,Bien,2022,7,29,0.75,autre,4
114.0,مول الكروسة,entreprise de télécommunications mobiles et fixes,2019,7,30,0.57,autre,49
114.0,Terkky Colomina,Services médiocres,2017,7,30,0.58,autre,18
114.0,Mourad Elfellah,Services médiocres,2020,7,29,0.58,autre,18
114.0,Mr.mohamed Zahid,"J'ai essayé d'appeler samedi, mais personne n'a répondu. Je ne comprends pas pourquoi ils sont ouverts.",2026,7,14,0.0,autre,103
114.0,Jdili Rachid,Les employés n'ont pas donné d'explications claires ; ils cherchaient juste à les endetter. Je vais voir le responsable car ils m'ont induit en erreur ; ils ne lui ont pas donné d'explications correctes. J'ai obtenu des informations auprès d'un autre organisme.,2026,7,7,-0.62,autre,261
114.0,Issam El,"Bon service, merci.",2026,7,7,0.94,attente en agence et personnel,19
115.0,Asma Chawki,Papapic est une chose qui,2020,7,29,0.55,autre,25
116.0,Younes Abjaou,Service dyal lkhra,2026,7,28,0.49,attente en agence et personnel,18
117.0,Barnossi Construction,"La boutique est climatisée mais surtout très bien organisée. Contrairement à Inwi de taza.",2025,11,30,0.5,autre,91
117.0,waw19waw waw19,Très beau site acuil professionnel,2023,7,29,0.95,application mobile et espace client,34
117.0,faya ringo,Assez bien marché,2023,7,29,0.9,autre,17
117.0,Khalid Mouhsine,Lamentable comme service,2019,7,30,0.53,attente en agence et personnel,24
117.0,Mohamed Zaroual,Satisfait,2019,7,30,0.89,autre,9
117.0,Lahlali Abdelkrim,Service à améliorer,2019,7,30,0.84,attente en agence et personnel,19
117.0,Abdellah Miqoi,Aqueillante,2022,7,29,0.49,autre,11
117.0,Borcamika Channel (“Abu Soufiane”),"Tout est parfait, mais prévoyez du temps et de la patience car l'endroit est situé en plein centre et très fréquenté. Sinon, le personnel est très sympathique. 👍",2025,12,30,0.37,attente en agence et personnel,161
117.0,Mustapha bounjoua,"C'est un bel immeuble avec un design génial, mais ses employés sont beaucoup moins aimables.",2022,7,29,0.62,autre,92
117.0,EL HRICHI Hassan,Cool,2025,10,31,0.91,autre,4
118.0,Hanane Op,Un sce de qualité une équipe a l écoute merci sur tt le chef d agence,2024,7,28,-0.72,attente en agence et personnel,69
118.0,Rachid Lazghan,"Tu es bien servi dans cette agence, je l'aime bien",2018,7,30,0.95,attente en agence et personnel,50
118.0,MOSTAFA MEGA_MOS,Quartier bien les habitants aussi de même pour l'agence et surtout l'épicerie MIRHISS,2019,7,30,0.92,attente en agence et personnel,85
118.0,TAZA GSM,Très bon équipe,2017,7,30,0.98,autre,15
118.0,waw19waw waw19,Bon accueil,2024,7,28,0.95,attente en agence et personnel,11
118.0,Jad Ait,Très bien accueilli,2023,7,29,0.99,autre,19
118.0,alich elch,Moyen,2018,7,30,0.46,autre,5
118.0,Driss Lakhloufi,Service clients,2019,7,30,0.52,attente en agence et personnel,15
118.0,Jose manuel Villasana (Floro),Bon service et parking facile.,2021,7,29,0.86,attente en agence et personnel,30
118.0,layozix brown,"Hé, cette boutique ne fonctionne pas, Maroud Talkom",2021,7,29,-0.47,autre,51
118.0,badr hichmin,Bon service,2016,7,30,0.92,attente en agence et personnel,11
118.0,Rachid El Misbahi,Pas professionnel,2018,7,30,0.0,autre,17
118.0,Meziane Nabil,Commission,2025,10,1,0.47,autre,10
118.0,Zakaria Hamdouch,Bon service,2024,7,28,0.92,attente en agence et personnel,11
118.0,Abdo WafiQ,Personnel formidable,2020,7,29,0.83,attente en agence et personnel,20
118.0,fouad daouayry,Chfara,2019,7,30,0.52,autre,6
118.0,الباحث: بدر المرابط,bien,2019,7,30,0.96,autre,4
118.0,Barca Barca,bien,2018,7,30,0.96,autre,4
119.0,Imad Boujoual,Jamil,2023,7,29,0.64,autre,5
121.0,Mansour Bouihat,fibre m9tou3 10j aucune reponse,2025,12,30,0.0,internet fibre et box,31
121.0,servant of islam,Meilleur choix pour l'investissement un emplacement ideal très demandé à la ville de settat.,2025,10,31,0.96,autre,92
121.0,Myriam Karima Saidi,"service clientèle et suivi technique nul, un mois que je réclame une intervention à domicile pour ma connexion internet et toujours rien (4 aller-retour en agence)...bonjour l'image",2018,7,30,0.53,attente en agence et personnel,181
121.0,Hicham Moustaqimi,Des agents serviables et souriants.. j'ai bien apprécié ma visite et leurs services,2023,7,29,0.86,autre,83
121.0,REUBEN KAWEZA,C'est un bon endroit 💪💪,2024,7,28,0.97,autre,23
121.0,Abdellatif Motaouakkil,Le service est bon,2023,7,29,0.97,attente en agence et personnel,18
121.0,Said ben ali,Bon service,2022,7,29,0.92,attente en agence et personnel,11
121.0,Abdennasser OTMANI,Directeur serviable,2023,7,29,0.66,autre,19
121.0,rachid amini,Maroc Télécom,2019,7,30,0.47,autre,13
121.0,yahya ouirdani,Il n'existe pas d'entreprise de télécommunications réputée au Maroc.,2026,5,29,0.0,autre,68
121.0,Rimuru Mochizuka,"Service client absolument nul. Le Wi-Fi a été coupé pendant trois semaines et, lorsque nous sommes allés nous plaindre, on nous a répété à plusieurs reprises qu'ils enverraient des techniciens après 48 heures. Or, ils n'arrivaient qu'après",2026,7,28,-0.64,attente en agence et personnel,239
121.0,ratib abderrahim,"Une semaine sans internet malgré plus de dix plaintes, et personne n'a levé le petit doigt.",2025,10,1,-0.62,autre,91
121.0,‫شمس عبدالحميد غني (عبد الحميد)‬‎,"C'est l'une des pires expériences que j'aie jamais vécues. Le service est déplorable. Ma connexion internet est coupée depuis deux semaines et personne ne répond. Ils mentent sans cesse. Malheureusement, tout le monde se plaint maintenant.",2023,7,29,-0.95,carte sim et réseau,239
121.0,houssin nour,Vous devrez attendre longtemps. Je vous recommande d'y aller tôt le matin.,2021,7,29,-0.4,autre,74
121.0,mariama boumia,Personnel agréable. Installation de la fibre optique coûteuse.,2022,7,29,0.65,internet fibre et box,62
121.0,Jana Zitkova,Recharge de données en libre-service,2026,7,28,0.57,carte sim et réseau,36
121.0,EL MAHJOUB SOUFAIH,Maintenant,2019,7,30,0.64,autre,10
121.0,Iouness Lol,merde,2024,7,28,-0.5,autre,5
121.0,انمي هيرو,Pionnier dans le domaine des communications et des technologies sans fil,2021,7,29,0.72,autre,72
121.0,Yassine Yassine,"Vous avez délibérément coupé la ligne ADSL à plusieurs reprises et pendant de longues périodes afin d'inciter les clients à souscrire à la fibre optique, très onéreuse par rapport aux pays voisins. Ce sont des agissements malveillants et sournois que seuls les professionnels de l'informatique peuvent comprendre.",2026,7,28,-0.82,internet fibre et box,313
122.0,Abdelhak Lamrichi,mauvais service 14j pour transfert internet,2023,7,29,-0.92,attente en agence et personnel,43
125.0,Amine Al,Une agence moderne qui contient tout ce que le client désire en termes de nouvelles technologies avec une plate-forme pour tester la vitesse de la fibre optique ainsi que la TV sur ADSL,2018,7,30,-0.63,internet fibre et box,185
125.0,Informatique Pro,Comme toutes les agences Maroc Télécom bon service,2024,7,28,0.89,attente en agence et personnel,50
125.0,Hicham Moustaqimi,Bonne experience les agents sont serviables,2023,7,29,0.96,autre,43
125.0,black sky (manaf),mauvaise connexion,2020,7,29,-0.92,carte sim et réseau,18
126.0,Anouar Badri,"Mauvais service, les agents sont toujours mal a l’aise ils t’accueillent que pendant l’achat de l’abonnement et après quand t’aura des problèmes ils sont fous de toi, mauvaise entreprise, mauvaise expérience, service clientèle zéro!!!",2025,9,1,-0.98,attente en agence et personnel,234
126.0,HICHAM BZR,Mauvais service Je ne sais pas sur quels critères ils se basent pour sélectionner ces employés,2023,7,29,-0.36,attente en agence et personnel,94
126.0,Moutia Oumima,Très mauvais service dans cette agence,2026,7,28,-0.97,attente en agence et personnel,38
126.0,mohamed Chaihab,Mochkila dyal service hta y3dbok avait twsl dak chi lay bghi,2026,3,30,0.4,attente en agence et personnel,60
126.0,achraf bouzzutoune,Service très appréciable.,2026,4,29,0.52,attente en agence et personnel,25
126.0,Tiyani Arrafie,"Très mauvais service, ils ont mon argent depuis deux mois et j'attends toujours qu'il soit rendu.",2023,7,29,-0.97,attente en agence et personnel,97
126.0,OUBEL Design,"Service déplorable, employés désagréables, je cesserai d'utiliser leurs services.",2024,7,28,-0.88,attente en agence et personnel,81
127.0,Elgnaoui Mustapha,Service médiocre,2026,1,29,0.66,attente en agence et personnel,16
129.0,Wohn-mobil statt Wohn-ung,"Aucune carte n'a été débitée, mais ils sont vraiment très gentils ❤️ et m'ont tout expliqué - des gens formidables 👌",2026,7,22,-0.65,autre,116
129.0,Futur irri,"Comment est-il possible qu'une demande de changement d'adresse soit retardée de plus de dix jours ? Comment peut-on bafouer à ce point les intérêts des citoyens ? Que Dieu me vienne en aide, car Il est le meilleur pour gérer les affaires.",2026,7,28,0.45,autre,238
130.0,M Amraoui,Bon accueil et efficacité. Pas trop d'attente,2024,7,28,0.92,attente en agence et personnel,45
130.0,Hassan Radwani,Les services de cette agence sont bons,2023,7,29,0.96,attente en agence et personnel,38
131.0,Samir Idrissi,"Assez bon service,sans plus Bonne situation géographique et mobilier futuriste rien à voir avec le niveau du Personnel commercial devenu d'humeur détestable",2020,7,29,0.79,attente en agence et personnel,156
131.0,Mohammed BELATAR,"CATASTROPHIQUE !!! Jamais vu une entreprise avec un service clients aussi inconscient ! Ils sont pire que les employés des administrations publiques! Aucune responsabilité, des problèmes à gogo, pas de solutions aux problèmes, et travail non réalisé!",2022,7,29,-0.94,attente en agence et personnel,250
131.0,SBIHI Mohamed,Scandaleux. ..plus d 2 heures d attente et j ai du partir sans obtenir le service . d autres ont abandonnés comme moi......impensable....une honte,2022,7,29,-0.87,attente en agence et personnel,146
131.0,FBD Concept,Une vrai catastrophe le service entreprise.. aucune écoute pour le client et aucune solution proposée aux problèmes. C est une honte d'avoir des commerciaux de ce calibre!!!!!,2020,7,29,-0.94,attente en agence et personnel,175
131.0,RICHARD LILIANE,Scandaleux. ...pas de personnel...plus d une heure d attente et j ai du partir sans obtenir le service de dépôt de mes règlements.....d autres ont abandonnés comme moi......impensable....une honte,2021,7,29,-0.83,attente en agence et personnel,196
131.0,Benroubicar Location de voiture,Mauvaise qualité,2026,3,30,0.64,autre,16
131.0,Fagouri Said,"Excellente, Merci pour le chaleureux accueil de toutes les filles qui travaillent dans ce Centre Dédié aux Entreprises",2023,7,29,0.99,attente en agence et personnel,118
131.0,Louis-Martin Soro,Belle agence,2022,7,29,0.84,attente en agence et personnel,12
131.0,Youssef mulder,Un lieu  pour être  servi  il faut  attendre  une  demi-heure Ce lieu mieux  pour les jours  de  ramadan Pour passer  le temps,2020,7,29,0.65,autre,126
131.0,Idi Motivé,Pas mal,2019,7,30,0.41,autre,7
131.0,Les Petites Crèmes,Personnel à l’accueil rapide et efficace.,2024,7,28,0.92,attente en agence et personnel,41
131.0,Youssef Bennouna,Tres joli cadre avec parking.,2021,7,29,0.46,autre,29
131.0,Hamid Mestari,Cherchent par tous les moyens à ne pas traiter votre demande,2021,7,29,-0.59,autre,60
131.0,Elarraoui Abdelhay,Propositions de solutions de téléphonie et hébergement des données des entreprises,2022,7,29,0.49,autre,82
131.0,Adil Rahmoune,Tres bon service,2022,7,29,0.94,attente en agence et personnel,16
131.0,Zoubida Charrouf,Des personnes serviabiles et efficaces,2023,7,29,0.82,autre,38
131.0,brahim aouiche,Très bonne services,2020,7,29,0.96,autre,19
131.0,Didi Seddik,Mauvais traitement du client,2020,7,29,0.47,autre,28
131.0,Chihab Amine,Agréable site,2023,7,29,0.56,application mobile et espace client,13
131.0,Rachida Guelzim,Toujours satisfaite !,2022,7,29,0.93,autre,21
131.0,ROLLING LIGHT SPARK,Ambience agréable,2021,7,29,0.66,autre,17
131.0,khatiri hassan,Parking garanti,2020,7,29,0.66,autre,15
131.0,KARIM AKALLAL,A amélioré,2018,7,30,0.56,autre,10
131.0,Mbarek Bouzidi,Travail,2020,7,29,0.57,autre,7
131.0,yiyang zhang,"Franchement, expérience très décevante chez Maroc Telecom. Il y avait deux agents présents, mais aucun ne travaillait ni ne prenait en charge les clients. L’attente était inutilement longue et le service laisse vraiment à désirer. C’est inacceptable pour une entreprise de cette taille.",2026,7,28,-0.86,attente en agence et personnel,286
131.0,mohammed el maarofi,"L'emplacement est idéal, très spacieux et magnifique, mais je n'ai trouvé qu'un seul employé pour répondre au téléphone d'un client.",2022,7,29,0.37,service client et assistance,132
131.0,Faisal Mahmoud,"Une agence commerciale de Maroc Telecom, spécialisée dans les services aux entreprises, emploie une majorité de personnes qui ont recours à la tromperie et au mensonge pour conclure des affaires avec les clients. Ne vous fiez pas à leurs dires, car vous risquez d'en payer le prix fort.",2020,7,29,-0.64,facturation et prix,286
131.0,basom consulting,"𝐖𝐎𝐑𝐒𝐓 𝐂𝐔𝐒𝐓𝐎𝐌𝐄𝐑 𝐒𝐄𝐑𝐕𝐈𝐂𝐄 𝐈 𝐇𝐀𝐕𝐄 𝐄𝐕𝐄𝐑 𝐄𝐗𝐏𝐄𝐑𝐈𝐄𝐍𝐂𝐄𝐃!! Si je peux faire quelque chose sans rien faire, je le ferai.",2022,7,29,-0.65,autre,109
131.0,ANAS IDRISSI,"La meilleure agence avec laquelle j'ai travaillé jusqu'à présent, comparée aux autres.",2023,7,29,0.92,attente en agence et personnel,86
131.0,Mathieu ChampRoux,La pire expérience client de ma vie. Il a fallu 96 heures et plus de 25 appels téléphoniques pour que ma connexion internet soit réparée.,2022,7,29,-0.79,carte sim et réseau,137
131.0,Yousuf,"Une excellente entreprise de télécommunications pour commander internet, des cartes SIM et tous les services liés aux communications.",2020,7,29,0.98,carte sim et réseau,133
131.0,ahmed abouny,"Oui, c'est Maroc Telecom, l'un des services",2022,7,29,0.59,autre,43
131.0,Moraxsw,Service impeccable,2024,7,28,0.5,attente en agence et personnel,18
131.0,YOUSSEF EL OUARDI,Magnifique design intérieur,2020,7,29,0.83,autre,27
131.0,Wiam WIAM,Vendeur peu accueillant,2020,7,29,0.8,attente en agence et personnel,23
131.0,JSB JSB,Attention lentilles.,2020,7,29,0.47,autre,20
131.0,Stefano De Vito,Bon service,2022,7,29,0.92,attente en agence et personnel,11
131.0,karaahmed 2,😍,2024,7,28,0.42,autre,1
131.0,midovitch 04,Haut,2018,7,30,0.44,autre,4
131.0,Ali rabat,bien,2019,7,30,0.96,autre,4
131.0,Cin Oli,Efficace,2019,7,30,0.49,autre,8
133.0,Asmaou Ahmadou,"Incapables de fournir une e-sim, ou une sim normale même... Déjà qu'il fait chaud, j'arrive pour activer une e-sim on me dit qu'il faut que j'achète une sim physique et SWITCH? (en 2025?,ok). En plus du fait que ce soit",2025,10,31,-0.55,carte sim et réseau,219
133.0,Yousra Rhaoussi,Service impeccable et très bon acceuil de la part de Monsieur Louati,2025,9,1,0.95,attente en agence et personnel,68
133.0,EL ALAOUI LALLA HALIMA,"Agence Maroc Télécom pour régler les factures de téléphone, faire des abonnements etc....",2024,7,28,0.42,attente en agence et personnel,89
133.0,RENAISSANCE MED,"Agence pour l'abonnement aux réseaux IAM, que ce soit le téléphone fixe, mobile ou l'internet.",2021,7,29,0.4,attente en agence et personnel,94
133.0,abdelkarim elghouari,Un service d'abonnement de télécommunication estimé technologique et d'intérêt...,2024,7,28,0.68,attente en agence et personnel,81
133.0,Fast Delivery,Bonnservices des employés sont adorables,2020,7,29,0.83,autre,40
133.0,Abdelaziz Essalhi,Agent Douaa bien accueille,2023,7,29,0.85,autre,26
133.0,moulay rachid Hachimi,Maroc,2019,7,30,0.47,autre,5
133.0,Youssef Hafid,"Agence du progrès, rue Hamman Al-Fatwaki",2021,7,29,0.56,attente en agence et personnel,40
133.0,alyaakoubi yam,Ils sont bien 😊,2024,7,28,0.97,autre,15
133.0,Yassine Kissani,Bon service,2024,7,28,0.92,attente en agence et personnel,11
133.0,Bouchra Nfinif,Service rapide.,2022,7,29,0.74,attente en agence et personnel,15
134.0,abdelhalim ouahid,Si je pouvais mettre 0 étoiles je l'aurais fait.  L'agence est nulle à tous les niveaux.  Cette agence doit être supprimée ou annexée à une autre agence. Service nul,2026,4,29,-0.66,attente en agence et personnel,165
134.0,LR007,Personnel gentil! Surtout mme Fatimazahra Merci,2026,7,28,0.88,attente en agence et personnel,47
134.0,Asmae,"Je suis vraiment déçu par le personnel de cette agence de téléphone. L'accueil était froid et peu professionnel, et les conseillers semblaient plus intéressés par leur propre travail que par l'aide à apporter aux clients. J'ai dû attendre",2026,7,28,-0.93,attente en agence et personnel,238
134.0,Allali Said,"Le  paiement des factures  n'est plus possible dans cette  agence, cette agence  où l'accueil est très agréable, le personnel est accueillant et à l'écoute des usagers, on peut renouveler, contracter un abonnement, modifier les  clauses du contrat,",2019,7,30,0.51,attente en agence et personnel,248
134.0,Wafae Hajaji,Maroc Telecom en général a une attitude qui n'est pas orienté client. Peut être s'en est trop demandé à l'opérateur historique de se mettre au diapason de la nouvelle ère orienté consommateurs?,2021,7,29,-0.66,autre,193
134.0,or orset,"Très bon accueil, professionnalisme, et qualité de service.",2023,7,29,0.99,attente en agence et personnel,59
134.0,Chihab Semmar,Ils pourraient être plus agréables,2020,7,29,-0.48,autre,34
134.0,Salma Sebbahi,mauvais service,2025,9,1,-0.85,attente en agence et personnel,15
134.0,Soulaimane Amri سليمان أمري,Ne répondent jamais.,2026,7,28,0.0,autre,20
134.0,Hassan Aitbarhouch,Moyen,2023,7,29,0.46,autre,5
134.0,Reda Karami,👎👎👎👎👎nulllll,2018,7,30,0.42,autre,12
134.0,SANAA IMRANI,Très bon accueil,2026,7,25,0.99,attente en agence et personnel,16
134.0,bazar bim vic,"Un service client au top ! Je suis passé(e) à l'agence et ma demande a été traitée avec une grande rapidité. Je voudrais exprimer ma profonde gratitude à Madame Fatima. Son expertise, sa gentillesse et son sens de l'écoute font toute la différence. Merci pour ce service 5 étoiles !",2026,7,25,0.96,attente en agence et personnel,282
134.0,AmraIA,"Très belle agence, personnel professionnel et à l'écoute. Merci beaucoup pour votre aide précieuse, votre accueil irréprochable et votre efficacité. Super service client !",2026,7,25,0.96,attente en agence et personnel,171
134.0,fekhar khalil,"Je suis très satisfait(e) du service de cette agence Maroc Telecom. Un grand merci spécialement à Madame Fatima qui a été d'une gentillesse et d'une compétence remarquables. Elle prend vraiment le temps d'écouter, de bien expliquer et de",2026,7,25,0.95,attente en agence et personnel,237
134.0,jalil fekhar,"Excellente expérience au sein de cette agence Maroc Telecom. Le service est rapide et l'accueil est chaleureux. Je tiens à remercier tout particulièrement Madame Fatima pour son grand professionnalisme, son sourire et sa patience. Elle a su traiter ma demande avec beaucoup d'efficacité. Je recommande vivement",2026,7,25,0.9,attente en agence et personnel,310
134.0,Titrit Kari,Je tient à saluer le personnel de cette agence entete madame fatima . Une femme agreable et à l ecoute qui propose ses services at des conseils pertinent . Je me déplace de loin exclusivement pour cela.,2026,7,28,-0.77,attente en agence et personnel,202
134.0,MOHAMED BR,ils gèrent mes lignes personnels et d'entreprises depuis 2008 rien a dire que applaudir leurs rigueur et leurs professionnalisme.. surtout un grand merci a mme Fatima el fouakhri.,2026,7,28,-0.68,autre,179
134.0,Amine Benbouazza,Bonne réception au du conseiller mme Fatima et la directrice Mme Kawtar un service de professionnels merci pour tt le staf,2026,7,14,0.94,attente en agence et personnel,122
134.0,Karim Erraji,"Service de qualité, tout le staff de l'agence est très compétent et à l'écoute",2026,7,14,0.89,attente en agence et personnel,78
134.0,Gilles Roy,"Nous nous sommes fait arnaqué au ""faux"" guichet Maroc Telecom de l aéroport de Rabat en prenant une carte sim 20Go à 100 dirhams qu ils n ont pas activité et tout ce que m a dit la dame de cette agence qu on a été voir, c est que le guichet",2026,7,7,-0.82,carte sim et réseau,240
134.0,Lucia Götz,"Toilettes très belles et propres, même avec du papier toilette et du désodorisant - mais pas publiques, donc il faut y aller en secret ou rapidement",2023,7,29,0.63,autre,148
134.0,F.zahra Ret,Service déplorable ! Et l'endroit n'est pas agréable.,2020,7,29,-0.94,attente en agence et personnel,53
134.0,Abdelhak Hammou ou ali,Fournir les meilleurs services,2024,7,28,0.95,autre,30
134.0,Jose Antonio,Service excellent,2020,7,29,0.96,attente en agence et personnel,17
134.0,Me hdi,Numéro de téléphone incorrect,2018,7,30,-0.67,service client et assistance,29
134.0,Younes Choukri,Le pire fournisseur d'accès internet du pays,2020,7,29,-0.61,autre,44
134.0,Fahd Monir,Dima top,2026,7,26,0.86,autre,8
134.0,Bouih Youness,SERVICE TOP,2026,7,25,0.71,attente en agence et personnel,11
134.0,HICHAM B.,Excellent service,2026,7,28,0.95,attente en agence et personnel,17
135.0,Hicham Lamq,"Le service dans cette agence Maroc Telecom est très lent. Il n’y a qu’un seul caissier, ce qui entraîne une attente excessivement longue pour les clients. L’organisation laisse clairement à désirer. De plus, le manque de respect envers les clients est inacceptable.",2026,3,30,-0.87,attente en agence et personnel,265
135.0,h l,"Service trop lent dans cette agence Maroc Telecom. Il n’y a qu’un seul caissier, ce qui provoque une très longue attente pour les clients. L’organisation est à revoir.",2026,3,30,-0.78,attente en agence et personnel,167
135.0,Victor Vigana,"Depuis la mise en place du confinement, un seul guichet fonctionne sur quatre, certes avec une employée efficace mais attente considérable à l'extérieur sous le soleil source d'enervement parmi le public sans gestes barrière. Après plus de 100 jours est ce tolérable ?",2021,7,29,-0.56,attente en agence et personnel,268
135.0,h al,"Le commercial (pas forcément un homme) a accueilli une cliente qui s'est présentée au guichet sans numéro, ça a pris 20 minutes puis il a plongé dans sa paperasse ( ou son facebook?) pendant 10 minutes et quand il a ďéclenché le truc qui",2019,7,30,-0.42,autre,237
135.0,Amina El yahiaoui,Service rapide et efficace merci M.zakaria,2026,7,28,0.85,attente en agence et personnel,42
135.0,Med Amekreh (Amekreh),Ça va.. J'ai effectué un abonnement mais a par à ment même l'agence souffre de problème de connexion. !?!?!,2020,7,29,-0.72,carte sim et réseau,107
135.0,EL ALAOUI LALLA HALIMA,"Agence Maroc Telecom du quartier Nahda I de Rabat. Lieu pour régler ces factures, faire un abonnement etc....",2026,7,28,0.52,attente en agence et personnel,109
135.0,Omar Azol,Tres grande agence pour la zone ce qui laise les gens de place y aller. Totalité de produits sont disponibles.,2020,7,29,0.55,attente en agence et personnel,110
135.0,Dounia L,Service nul. Après ma petite visite j'ai changé pour Inwi,2022,7,29,0.0,attente en agence et personnel,57
135.0,Six klg,"Meilleur réseau wifi au maroc ,service de maintenance rapide  mais parfois sa déconne .",2019,7,30,0.81,carte sim et réseau,87
135.0,RENAISSANCE MED,"Agence Maroc Télécom pour le paiement des factures de téléphone, s'abonner aux réseaux téléphoniques, à l'internet et autres.....",2023,7,29,-0.5,attente en agence et personnel,129
135.0,Akram Barouki,"Service très null, agents incompétents...j'y retournerai jamais 😡😡😡",2022,7,29,-0.68,attente en agence et personnel,67
135.0,mohammed elmalki,Accueil : + Service : + et rapide Bonne continuation,2021,7,29,0.89,attente en agence et personnel,52
135.0,Mehdi Kibani,C'est correct et l'emplacement est bien précise,2017,7,30,0.39,autre,47
135.0,mehdine sedick,C'est dur avec certains gens,2021,7,29,-0.63,autre,28
135.0,DANA DAYDAN,Virement c est un poste pour les Public,2018,7,30,0.61,autre,39
135.0,Sam,Très professionnel et accueillant,2022,7,29,0.94,autre,33
135.0,zakaria taous,Pas mal,2018,7,30,0.41,autre,7
135.0,Bob Boobs,C climatise et propre,2020,7,29,0.52,autre,21
135.0,Maghreb Med,Agence commerciale de Maroc Télécom à Nahda1 de Rabat.,2020,7,29,0.47,attente en agence et personnel,54
135.0,Youssef El Atrassi,Mauvaise Service client,2022,7,29,0.51,attente en agence et personnel,23
135.0,Gibril Kaloga,Meilleur réseau au maroc,2019,7,30,0.88,carte sim et réseau,24
135.0,Salaheddine Elhassani,Bonne agence,2019,7,30,0.94,attente en agence et personnel,12
135.0,nkaye salvador,Bien !,2020,7,29,0.94,autre,6
135.0,Faith fodiana,Simple et efficace..,2020,7,29,0.79,autre,20
135.0,Latifa Rahal,À l'écoute des clients,2019,7,30,0.63,autre,22
135.0,achkoune hicham (auto ecole achkoune),Agreable service,2019,7,30,0.64,attente en agence et personnel,16
135.0,Ahmed Bahedi,Nul,2020,7,29,-0.4,autre,3
135.0,Rachid Benjama,Beaucoups de négligences.,2020,7,29,-0.45,autre,25
135.0,kurt bonjour,Arnaque,2019,7,30,0.53,facturation et prix,7
135.0,Taoufik Fatine,Bon service,2018,7,30,0.92,attente en agence et personnel,11
135.0,midovitch 04,Super,2018,7,30,0.78,autre,5
135.0,Lahcen Boutakrabin,Parfait,2018,7,30,0.8,autre,7
135.0,Flair Casimir,👍,2020,7,29,0.42,autre,1
135.0,bastandi of world,👎👎👎👎👎,2019,7,30,0.42,autre,5
135.0,Sahtani Kamal,Bien,2020,7,29,0.75,autre,4
135.0,طريقنا Trikna,Nul,2018,7,30,-0.4,autre,3
135.0,Sibnath Mukherjee,"Le processus est lent, mais ça va, et les informations sont utiles. La lenteur s'explique par le fait qu'ils prennent le temps nécessaire pour bien comprendre la situation et qu'ils font tout leur possible pour vous aider. Globalement, ils sont bons, sans être exceptionnels, mais je leur donnerais quand même la note de 5/5.",2019,7,30,0.78,autre,325
135.0,Noufel masrour,"Je n'apprécie pas du tout cet endroit : le nombre d'employés est réduit et le paiement par carte bancaire n'est pas possible. Il y a toujours la queue et le service est lent. Si vous êtes pressé, il vaut mieux aller ailleurs que dans cette agence.",2017,7,30,-0.51,attente en agence et personnel,247
135.0,mohammed el maarofi,"Un bon siège social pour Maroc Telecom, offrant plusieurs services et bénéficiant d'un bon accueil de la part de ses employés.",2019,7,30,0.98,attente en agence et personnel,126
135.0,Tarik Fettah PHOTOMATIX,"Une agence réputée avec un personnel respectable, un service rapide et une équipe bien coordonnée.",2022,7,29,0.96,attente en agence et personnel,98
135.0,Hind Bouras (‫ام محمد‬‎),"Excellent, l'une des meilleures boutiques de téléphonie mobile.",2022,7,29,0.98,autre,63
135.0,gonflablemaroc rabat,Le pire traitement de la part du personnel,2022,7,29,-0.65,attente en agence et personnel,42
135.0,Nour Nour,Excellent,2019,7,30,0.96,autre,9
135.0,Marlyse laure Foh,Haut,2019,7,30,0.44,autre,4
135.0,Mustapha Adil,Utile,2023,7,29,0.61,autre,5
135.0,Pijus Kanti Khanra,Bien,2019,7,30,0.75,autre,4
135.0,ABDULAZIZ ALKHALDI,🤠😎,2020,7,29,0.42,autre,2
135.0,Said H,👎👎👎👎👎,2022,7,29,0.42,autre,5
136.0,Franck Brun szyporta,Très bonne agence et commerciale super sympa rien à dire par rapport à d'autre agence de la même société  qui m'a fait perdre 15j d'intérêt mobile  juste pour un mauvais paramétrage  alors que cette agence en 2 mn ma réglée le problème,2019,7,30,0.56,attente en agence et personnel,235
136.0,Fabrice DEMELLIER,Le Maroc on y passe la moitié de sa vie à attendre heureusement qu'on est en vacances. Sinon accueil correct.,2020,7,29,-0.43,attente en agence et personnel,109
136.0,Eric Basset,Très très bon accueil et service. Je recommande Maroc Telecom.,2023,7,29,0.98,attente en agence et personnel,62
