"num_agence","Ville","Name","Comment","Date"
"1.0","Casablanca","Mehdi Mokaddem","C’est bien de construire des tours, mais à cause de vous on ne va même pas être dans le top 10 des pays africains avec un bon accès internet! Vous commencez à agacer les gens sérieusement. …","il y a 6 mois"
"1.0","Casablanca","Youssef Barhoun","Je suis très déçu(e) du service d'IAM Maroc. J'ai rencontré plusieurs problèmes, notamment un manque de réactivité, un personnel peu professionnel et des délais de traitement très longs. Ce genre d'expérience est frustrant et ne reflète pas …","il y a 6 mois"
"1.0","Casablanca","Oussama Aissaoui","La seul et unique chose satisfaisante chez IAM c'est le siège.
Adsl, Fibre: Réseau 4G : Nul et instables comparant aux concurrents qui proposent mieux
Rapport qualité-prix : 👎🏼 …","il y a 6 ans"
"2.0","Casablanca","abdellatif drahmane","Un immense merci à la jeune dame de l'agence.. J'ai été très bien conseillé et je souligne sa grande patience ainsi que ses explications hyper claires. Elle a pris le temps nécessaire pour régler mon problème d’abonnement . …","il y a 5 mois"
"2.0","Casablanca","rachid maaroufi","Bonjour j'ai demandé un changement de ligne ADSL vers FIBRE depuis le 04/08 et toujours rien,pourtant ils m'ont informé à l'agence que le délais est de 48h. le SC au Tel ou bien l'agence Iam ne font que relancer sans avoir le motif du retard du prestataire","il y a 7 mois"
"2.0","Casablanca","Akhibou Sall","Je n’ai jamais vu un service aussi catastrophique. J’ai souscrit à la fibre optique depuis le 2 juillet, et nous sommes le 12 : toujours aucun service. J’appelle le service clientèle, aucune considération pour mon problème. Je me rends en agence, aucun effort n’est fait pour le résoudre. C’est du jamais vu, je suis extrêmement déçu","il y a 9 mois"
"3.0","Casablanca","Thierry ElMaleh","Bonjour, service mauvais , directrice mal discipliné et malhonnête ! Il vous faut plus de 15 jours pour la résiliation d’une ligne fixe
Sachant que je suis à jour","il y a un an"
"3.0","Casablanca","Hanane Chakir","MRE surtout éviter cet opérateur, 20GO en même pas 24h, c du vol, on est là depuis 5 jours et on a déjà claqué 40GO, comment c possible? En ne regardant ni films, ni en téléchargeant, c vraiment du vol, on a pris la box et en plus de ça 4 puces, on va changer d’opérateur c trop","il y a 3 ans"
"3.0","Casablanca","Amine Dabbar","Mauvaise service","il y a un an"
"4.0","Casablanca","sara jabir","a 14h35 pas de personnels dans l'agence, que l'agent de sécurité qui m'a orienter vers un numéro de service client (qui ne rep pas).
je n'ai rien compris","il y a 3 mois"
"4.0","Casablanca","Moulay Alaoui","Un service client inopérant, Perturbations sur la ligne Adsl  tout le temps, aucune réaction de la part de la société","il y a 4 mois"
"4.0","Casablanca","Fabien Surdi","La dame Rachida est très malpolie et pas professionnelle . Elle nous parle comme si c'est elle qui allait payer pour nous . 0 sourire , 0 mot gentil et énormément de provocations et de grimaces.C'est pour cette dame que je ne remettrai plus les pieds chez vous. Je me suis senti attaqué et rabaissé.","il y a 2 ans"
"5.0","Casablanca","Kamal Abdelmalek","Personnel absent, personne de disponible pour traiter les demandes des clients. En plus du site web qui ne marche pas correctement.","Modifié il y a 2 ans"
"5.0","Casablanca","Oussama Aissaoui","Service impeccable, conseillère top, professionnelle","Modifié il y a 4 ans"
"5.0","Casablanca","mo1960 simo","Personnel non qualifié malheureusement.","il y a 4 ans"
"6.0","Casablanca","Noha Ila","Ils m'ont rendu un excellent service rapidement, puisque je voulais un produit bien défini, il n'a pas essayé de vendre autre chose","il y a 8 mois"
"6.0","Casablanca","ANAS AMAL","Attention!! Prenez reçu de ce que vous payez dans cette agence!
Je me suis inscris à un abonnement dans cette agence, j’ai payé les frais de mise en service, on me demande de repayer ces frais sur l’application, quand je …","il y a un an"
"6.0","Casablanca","Cheap Shoop","Mauvaise service. malheursement","il y a 4 mois"
"7.0","Casablanca","Yassine","Le personnel est nonchalant. La conseillère parle en même temps au téléphone et à son collègue, et ne prend pas le temps d’expliquer au client. En tant que client je trouve cela irrespectueux et non professionnel…","il y a un mois"
"7.0","Casablanca","el barrad mohamed","Une étoile est déjà beaucoup compte tenu de l’inutilité de cette agence. Le monsieur (très nonchalant) nous a refusé une demande pourtant simple sans aucun motif nous obligeant à se déplacer vers une autre agence à plusieurs km. Une demande qui pouvait être traitée à son niveau. À FUIR !","il y a 4 mois"
"7.0","Casablanca","Anas Maaroufi","Maroc Télécom passe à la 5 G... le service en agence  tient encore du 16éme siécle. …","il y a 3 mois"
"9.0","Marrakech","amine A","Malheureusement je peux pas pas mettre zéro étoile, service médiocre, trop lent , personnel non professionnel","il y a 2 mois"
"9.0","Marrakech","Nour","La directrice  de l'agence  parle d'une façon inappropriée avec les clients  .. c'est grave","il y a 4 mois"
"9.0","Marrakech","Mizox Mougo","Service nul ! Voilà presque 3 semaines que j’attends l’installation de la fibre, et toujours rien. Que des promesses sans suite. Les techniciens et le service client ignorent les appels ou répondent sans jamais rien faire concrètement. On …","il y a 11 mois"
"10.0","Marrakech","lak abdel","Quand tu fais une réclamation, ils te disent toujours d’attendre 48h. Personne ne vient.
Je refais une deuxième réclamation, on me redemande encore d’attendre 48h… …","il y a 4 mois"
"10.0","Marrakech","Gaby Dufourcq","Pour vous permettre de circuler,vous guider, téléphoné a Marrakech, les équipes de Maroc Télécom vous change la carte sim de votre smartphone a la sortie de l'aéroport de Marrakech ; ils sont super pro , efficace,et sympathique : Merci a toute l'équipe","il y a un an"
"10.0","Marrakech","FLAMENT STEPHANE","Ne donne pas de bonnes informations et renvoie dans l’agence Gueliz. Sûrement un meilleur service pour un nouvel abonnement mais aucun service pour un client existant. Je n’y mettrai plus les pieds. Agence Gueliz. Un vrai service.","il y a un an"
"11.0","Tanger","Khalil Ouhmane","Le même problème dans toutes les agences de MT que j’ai visitées pour traiter mes demandes: toujours une file d’attente énorme et un seul employé pour servir tous les clients. Je ne recommande pas cette agence non plus et je lui donne 2/10 😡. …","il y a 8 mois"
"11.0","Tanger","Axel B.","Agence correct rien d'exceptionnel. Beaucoup d'attente comme dans toutes les agences IAM. Manque de personnels qualifiés. Aucun produit en stock (carte sim). Une attente de 40min pour vous dire d'appeler le service client au 888. Beaucoup de publicité mais rien de concret.","il y a 8 ans"
"11.0","Tanger","Samad Kaka","Maroc. Dlm. CV. Hallo. Deaf","il y a un an"
"12.0","Tanger","Man Momo","Déplorable, archaic en décalage par rapport à  son temps ; ça me rappelle les années 80 quand on mettait 10 ans pour avoir le téléphone fixe. ☎️","il y a un mois"
"12.0","Tanger","mohamed motassim","Service null, il ont dépassé l’administration publique par la lenteur du service.
Il a fallu un après-midi midi pour régler un truc de 10 min. C’est lamentable","il y a 6 mois"
"12.0","Tanger","Madiha Mouhib","Service nul .. le directeur est indisponible et l’autre employée n’a pas l’accès au système .. c’est vraiment honteux","il y a 6 mois"
"13.0","Tanger","Khalil Ouhmane","Service médiocre, le personnel n’est pas serviable et très lent pour traiter les demandes des clients. Le temps d’attente est beaucoup trop long. Je ne recommande pas cette agence pour vos besoins.","il y a 8 mois"
"13.0","Tanger","Ait Yatojane Khalil","C'est bien dommage qu'une société de télécommunications bien connue à Une service nul tel que cela . …","il y a 2 ans"
"13.0","Tanger","Mohamed Saalali","""Mon expérience avec 'Maroc Telecom' a été décevante. Le traitement des employés était extrêmement mauvais, je n'ai reçu aucune forme d'attention ou de respect. De plus, j'ai été surpris de voir qu'il n'y avait qu'un seul employé dans une …","il y a un an"
"14.0","Tanger","HALLAIS Chaïnez","Passage ce matin et quel ne fut ma surprise d'avoir une personne antipathique à l'accueil. Une dame qui ne fait pas l'effort de résoudre vos questionnement et m'envoie sur les numéros à appeler qui eux même ne répondent pas, elle me voit …","il y a 4 mois"
"14.0","Tanger","Sinthusha Kathiresu","Personnel pas sympathique qui nous donne une explication pas claire pour recharger notre sim
En tant que touriste je vous déconseille fortement cette agence! …","il y a un an"
"14.0","Tanger","DarkestRuby","Je déconseille fortement. La pire wifi au monde!! J'ai déposé plus de 50 réclamation au cours des années depuis que j'ai pris la wifi IAM et rien n'a changé! La connexion est hyper lente et coupe fréquemment. Ils veulent qu'on achète la fibre pour que le problème sera résolu mdr. J'en ai ras le bol j'annule mon contrat le lundi !","il y a un an"
"15.0","Tanger","Ben taieb Mohamed","Je me suis présenté à cette agence pour enregistrer une eSIM et tout s’est bien passé. Super accueil service au top. Merci","il y a 7 mois"
"15.0","Tanger","Terry Vai","Accueil chaleureux, j’ai été pris en charge directement.
L’agent de sécurité vous accueille et qui est très à l’écoute du client et donne de très bon conseils, vous serez orienté auprès d’un agent télécom. …","il y a un an"
"15.0","Tanger","Achraf Lgm","Une file d attente énorme comme partout chez IAM.. je conseille de payer, réclamer, et tout faire sur internet. Le service dans les agences n est pas à la hauteur de l entreprise. Je ne parle pas de cette agence en particulier!","il y a 8 ans"
"16.0","Tanger","Bilal Benserghin","C'est une agence qui ne mérite même pas une étoile, les agents et surtout le petit homme est très mauvais et parle mal et malheureux, je ne sais pas pourquoi il continue d'y travailler …","il y a 2 ans"
"16.0","Tanger","ABDELLATIF SERHIRI","je tiens a réclamer le comportement d'un certain Abdelghafour vraiment vulgaire pour un prestataire de service d'un organisme si important qui véhicule un slogan de satisfaire ces clients comme primordiale.","il y a 7 ans"
"16.0","Tanger","Mostafa Maimouni","Service magnifique","il y a 6 mois"
"17.0","Tanger","K. C","« Plusieurs fois, j’ai constaté un manque de professionnalisme de la part d’un agent de cette agence. Les explications sont données sur un ton ironique et des commentaires déplacés sont faits pendant le paiement. Je préfère désormais …","il y a 6 mois"
"17.0","Tanger","ISM_03","pour les MRE éviter de payé un abonnement fibre optique en liquide, car il met de côté votre contrat avec l'argent en espérant que ca va pas remarqué puis plus internet. à éviter surtout cette agence","il y a 8 mois"
"17.0","Tanger","Adalma","Toujours en sous effectifs
Attente interminable","il y a 4 mois"
"18.0","Tanger","mohammed larbi harrouch","Le guichet automatique,ne tire pas le reçu automatiquement,il faut appeler l'agent  de sécurité,pour le faire sortir par une petite clef personnelle,car le tiqué ce coincé.!","il y a 5 ans"
"18.0","Tanger","Manal Echtiouy","Service client tellement nul, plus un personnel incompétent ne vous aide même pas à  comprendre d'où le problème ou à le résoudre. 😡😡😡😡😡😡😡😡 …","il y a 2 ans"
"18.0","Tanger","Lahlou Saad","Le service est vraiment vraiment vraiment vraiment NUL. Le responsable est pas compétent et kihder gha bzez.
Allez chez une autre agence.","il y a 6 ans"
"19.0","Tanger","Salah Eddine Anaya","Je tiens à exprimer mon mécontentement concernant l’accueil et le service déplorables à l’agence Maroc Télécom de dradeb tanger. Le personnel fait preuve d’un manque total de professionnalisme : refus de travailler, mépris envers les …","il y a un an"
"19.0","Tanger","FAISSAL SENNOUN","Maroc télécom est la plus grande société de communication au Maroc depuis toujours, il monopole l’activité la première depuis la première activité au Maroc .","il y a 2 ans"
"19.0","Tanger","Ferdaous Mes","Le service client est très médiocre à l'agence moulay ismail","il y a 6 ans"
"20.0","Tanger","Afia Abdou","Mauvaise service
Mauvais sécurité
Service 2/10","il y a un an"
"20.0","Tanger","SAFAE SITTEL (‫صفاء‬‎)","Normalement c moins star","il y a 3 ans"
"20.0","Tanger","mariam benkirane","Commerciaux professionnels et efficaces !","Modifié il y a 3 ans"
"21.0","Tanger","محمد الهاشمي","Daiman bloqué","il y a 10 mois"
"21.0","Tanger","Yamina Hammas","Aucun texte","il y a 9 mois"
"22.0","Tanger","Driss Idrissi Yadini","Agence de Maroc Télécom pour arrondir les caisses de la société","il y a 2 ans"
"22.0","Tanger","ABDELOUAHED KHARIF","🙂🙂🙂👍👍👍 …","il y a 2 ans"
"22.0","Tanger","Syrine Younan","Service nul","il y a 6 jours"
"23.0","Tanger","Cristal Fayye","Un seul employé dans toute l’agence 😡😡😡😡😡😡😡 …","il y a 9 mois"
"23.0","Tanger","SAAD CHERTI","Emplacement enface de la plage","il y a 7 mois"
"23.0","Tanger","Amine Baqqali","Très bonne agence","il y a 2 ans"
"24.0","Tanger","Robin Doherty","Un endroit idéal pour obtenir votre carte SIM Maroc. La jeune femme qui y travaille a été d'une aide précieuse ! Elle a tout configuré sans problème… Je recommande vivement 😊 …","il y a un an"
"24.0","Tanger","Ali Drissi","Excellent service. 7ssen men ayi agence akhra","il y a 2 ans"
"24.0","Tanger","Lewandoski","Gg","il y a un an"
"25.0","Tanger","leila ajra","Excellent service, aziza était très  professionnelle  ,bienveillante et surtout souriante elle m'a vraiment sauvé.ça mérite  d'être déplacée à gzenaya et c'est la première fois que je suis satisfaite du service  bravo","il y a 9 mois"
"25.0","Tanger","soukaina el-karkoubi","Excellente service, grâce a son aide j'ai pu recupérer ma carte Sim marocaine et profiter pleins d'autres services personnalisés, merci et bonne continuation 🙏🏼 …","il y a 10 mois"
"25.0","Tanger","Podouce","La dame m’a déjà très bien renseigné par téléphone TbarkAllah et elle a été très aimable et de bon conseil.
J’ai traversé la ville pour me rendre à l’agence à Gueznaia après avoir fait les …","il y a 2 ans"
"26.0","Tanger","Yahya Yahyaoui","Très bonne expérience client","il y a 10 mois"
"26.0","Tanger","Souhail Kadiri","Je ne le recommande pas du tout","il y a un an"
"26.0","Tanger","Sou Laiman","Dima Chadda","il y a 7 mois"
"27.0","Tanger","Hafid Saoud","Service pas digne d'un opérateur téléphonique phare du pays.","il y a 4 ans"
"27.0","Tanger","hamza chair","Service lent est null","il y a 7 ans"
"27.0","Tanger","Mokhfi Jaafar","C est la ou je travail","il y a 6 ans"
"27.0","Tanger","Med Rida ZIANI","Bon Service !","il y a 9 ans"
"27.0","Tanger","sew try","Le pire service internet au monde, la pire entreprise","il y a un mois"
"27.0","Tanger","JR Butler","Service internet déplorable. Service client exécrable. N'espérez pas une résolution rapide de vos problèmes. S'il existait une alternative ne serait-ce qu'un peu meilleure, je paierais le double plutôt que de faire affaire avec Maroc Telecom.","il y a 9 ans"
"27.0","Tanger","Issam Rifi","Bon travail et grand professionnalisme","il y a un an"
"27.0","Tanger","Tark Tark","Tisalat zwina rizo fiha top","il y a 4 ans"
"27.0","Tanger","ASHRAF ALSHUAIBAT","Bon service","il y a 9 ans"
"27.0","Tanger","Hassan Mohkam","Super","il y a 4 ans"
"28.0","Tanger","Artistick Artistick","Un bureau d etude pro...qui releve tous les defits...avc un patron des plus ambitieux et a l ecoute de ces clients...bravo pour cette energie qui d annee en annee s accroit sur un developpement continu...👍 …","il y a 6 ans"
"28.0","Tanger","Dadimohammed Dadi","Un bosse sans reproche,depuis près de 16ans ou mes grandes filles ont évolué en informatique (projeteurs) câblages a réseaux) bonne continuation","il y a 7 ans"
"28.0","Tanger","reda almaimouni","Bureau d'études réseau câblé","il y a 8 ans"
"29.0","Tanger","elyssa","Pas sérieux quand je n ai plus de wifi chez moi il mette une semaine à réparer le problème ce qui est pas normal pour une entreprise de la sorte A FUIR!","il y a 4 mois"
"29.0","Tanger","Rayan Elkaddouri","Rayan","il y a 8 ans"
"29.0","Tanger","Haku","Aucun texte","il y a un an"
"30.0","Tanger","Ouassim (“OULDABDELHADI”)","mal service","il y a 7 ans"
"30.0","Tanger","TIGER - تايكر","Composez le service l5ra, 3ayetlo 9olto bli rah 3andi un problème 9ta3 3liya w mab9ax yrod, wax klab 7na wla xno ????!!!","il y a 3 ans"
"30.0","Tanger","سعد البشاوي Saad elbachaoui","Service ta3 lkhra","il y a 2 mois"
"31.0","Tanger","idlahcen said","Le service est médiocre et l'agence est de qualité inférieure. L'attitude est déplorable et les fonctionnaires ignorent totalement les services fournis par l'agence. Vous pouvez obtenir des informations précises auprès de n'importe qui, et …","il y a 3 ans"
"31.0","Tanger","Mohamed Hajji","Aucun texte","il y a 7 mois"
"31.0","Tanger","Yasser Ashkur","Aucun texte","il y a 2 ans"
"32.0","Tanger","Mohamed Essaidi","Aucun texte","il y a un an"
"34.0","Tanger","Adam Tanger","Magasin de confiance","il y a 2 ans"
"34.0","Tanger","Youssef El Qorichi","C'est ce que j'appelle rssab, 7 diw rasskum et service 0","il y a 2 ans"
"34.0","Tanger","TeLe MeSNANA","Aucun texte","il y a 3 ans"
"35.0","Tanger","maarouf hassan","Bon service et acceuil","il y a 4 mois"
"35.0","Tanger","Youssef sd","Le service 5G d'El Manzil proposé par IAM était vraiment excellent ! La connexion était incroyablement rapide et stable : le téléchargement et le streaming fonctionnaient sans aucun problème, même avec plusieurs personnes connectées …","il y a 4 mois"
"35.0","Tanger","Mohamed Sahraoui","Service excellent, si Dieu le veut.

(Ceci semble être un commentaire distinct et sans rapport avec le sujet : « Masnanah »)","il y a 3 mois"
"36.0","Tanger","Mohmed Yaoti","Très cher","il y a 4 ans"
"36.0","Tanger","Mounir Ghilam","Aucun texte","il y a 2 mois"
"36.0","Tanger","Badr Elazouzi","Aucun texte","il y a 4 mois"
"37.0","Fès","Souad BA","Nul de chez nul. Comportement sans aucun professionnalisme ni rigueur et pire encore, irrespectueux envers la clientèle. Faites attention surveillez les bien si vous devez les faire venir chez vous pour installer une ligne et ne les laissez …","il y a 2 mois"
"37.0","Fès","said benlamkaddem","Le plus grand opérateur du maroc incapable de couvrir complètement la ville de Fès. Quelle honte! Ajouté à ça le retard d'intervention en cas de problème du fixe ou d'internet. C'est vraiment honteux","il y a 2 mois"
"37.0","Fès","Michelle Ostermann","Excellent accueil. Un agent vous accueille à l’entrée et vous donne un ticket pour votre guichet.  Des sièges sont à disposition pour l’attente et un panneau vous indique quand c’est votre tour. La personne rencontrée au guichet à été très …","il y a 9 mois"
"38.0","Fès","yassine seghrouchni","servis pouri, ils m'ont fraude pour un forfait sans abonement et jusqua maintenant ils m ont pas rembourser","il y a 5 mois"
"38.0","Fès","othmane mansouri","Service très bon, les agents très compétents, mais 2 agents ne peuvent pas faire le boulot en totalité donc prévoyez plus de temps d'attente pour votre service","il y a un an"
"38.0","Fès","RED OUA N E","Service clients faible","il y a 7 mois"
"38.0","Fès","TLEMCANI SAID","fier des services proposés parfois plus avancés que des compagnies de téléphonie en europe","il y a un an"
"38.0","Fès","Saaid Lahcen","Lieu  propre ,calme et bien  équipé par un le matériel  nécessaire  au  bon fonctionnement.","il y a 7 ans"
"38.0","Fès","rachida houasli","Le service est nul là bas","il y a 7 ans"
"38.0","Fès","el amrani mohamed","service et reception clients trop nuls ne répondent meme pas au bonjour,meme l'agent de securité n'est pas gentil","il y a 8 ans"
"38.0","Fès","Badredine Ait Mouhane","travail nul  ( lenteur - ne respectent pas leur engagement-numéro de téléphone injoignable-.ne respectent pas leurs engagement.","il y a 8 ans"
"38.0","Fès","Corvus Corax","Temps d'attente phénoménal, qualité de service bordelique !!","il y a 8 ans"
"38.0","Fès","TF tube","Service trop nul.","il y a 7 ans"
"38.0","Fès","Simo Az","Service casi nul","il y a 5 ans"
"38.0","Fès","Abdelghani AACHAB","Une longue file d'attente et des conseillers paresseux et moins de compétence...","il y a 8 ans"
"38.0","Fès","Mohamed EL FATHI","Bien recu","il y a 8 ans"
"38.0","Fès","Abdou Rahim (Moutwaffik)","Excellentes prestations","il y a 3 ans"
"38.0","Fès","hassan fathi","Bon service","il y a 6 ans"
"38.0","Fès","Younes nachit","Passable services","il y a 5 ans"
"38.0","Fès","Mehdi Med","Nul","il y a 7 ans"
"38.0","Fès","Alae-Edin Lebied","👍👍👌 …","il y a 6 ans"
"38.0","Fès","Abdelaziz Bouqua","😊 …","il y a 6 ans"
"38.0","Fès","Hassan Eljanati","Opérateur téléphonique et internet Maroc","il y a 4 ans"
"38.0","Fès","Mohamed Oussama EL MOUMEN","Mauvais service","il y a 8 ans"
"38.0","Fès","Imad Lahia","Mauvais service","il y a 6 ans"
"38.0","Fès","MOTIA OTMANE (“Othman Peace”)","Servitude","il y a 7 ans"
"38.0","Fès","Tarik Kharchach","Je suis très insatisfait de l’accueil et du traitement de ma demande aujourd’hui de la part d’une personne qui s’installe au bureau du chef d’agence ‘une femme’. J’ai sollicité une information simple et légitime : le numéro de la ligne …","il y a 2 semaines"
"38.0","Fès","Kawthar Touzani","Service clients nule","il y a 3 semaines"
"38.0","Fès","Moroccan Tours Guide","Service très lent avec un seul employé. Prévoyez du temps avant de vous y rendre. J'attends toujours.","il y a 3 ans"
"38.0","Fès","Moustapha Elemine","Même si le FAI marocain numéro un dispose de ressources considérables, le traitement des demandes est extrêmement lent et la bureaucratie nuit gravement au service client, au point que vous avez l'impression d'avoir affaire à une machine sans alimentation de secours.","il y a 4 ans"
"38.0","Fès","H Bachtal","Très mauvais","il y a 8 ans"
"38.0","Fès","MIOZIK RAYAN","Pas mal","il y a 2 ans"
"38.0","Fès","Ma Chaoui","Service correct.","il y a 3 ans"
"38.0","Fès","ayoub chaib","Très mauvais","Modifié il y a 5 ans"
"38.0","Fès","Ayoub Ziyane - MEDIA","Parfait, messieurs 👍👍 …","il y a 3 ans"
"38.0","Fès","Abderrahim Catib","Excellente entreprise","il y a 4 ans"
"38.0","Fès","Mohammed Fanni","Pour prendre en considération le nouveau","il y a 7 ans"
"38.0","Fès","NET LEADER","Endroit agréable","il y a 5 ans"
"38.0","Fès","Yazami Pro","bien","Modifié il y a 2 ans"
"38.0","Fès","Bilal Yedri","T9aaal!!!!","Modifié il y a 9 ans"
"38.0","Fès","MOHAMMED BENNANI","Haut","il y a 3 ans"
"38.0","Fès","Mohamed Gttou","Accueillir","il y a 3 ans"
"38.0","Fès","Abderrahman Houiat","Les prix des offres sont très élevés.","il y a 3 jours"
"38.0","Fès","Driss Kettani","Aucun texte","il y a 5 jours"
"38.0","Fès","Ahmed FF","Aucun texte","il y a une semaine"
"38.0","Fès","Hamza nasmane","Est-il possible de recharger son compte MT Cash ?","il y a une semaine"
"38.0","Fès","Aya","Aucun texte","il y a un mois"
"38.0","Fès","mohamed motea","Aucun texte","il y a un mois"
"38.0","Fès","MED BADR SADOQ","Aucun texte","il y a 2 mois"
"38.0","Fès","Zineb Zinb","Aucun texte","il y a 4 mois"
"38.0","Fès","Reda CHAOUI","Aucun texte","il y a 10 mois"
"38.0","Fès","Noureddine ibba","Aucun texte","il y a 2 ans"
"38.0","Fès","hamid daali","Aucun texte","il y a 2 ans"
"38.0","Fès","Khalid Tajmouati","Aucun texte","il y a 3 ans"
"38.0","Fès","abdellah chaaouan","Aucun texte","il y a 3 ans"
"38.0","Fès","Talal Bamammer","Aucun texte","il y a 3 ans"
"38.0","Fès","NAWFEL SASSI","Aucun texte","il y a 3 ans"
"38.0","Fès","Nawfel Sassi","Aucun texte","il y a 3 ans"
"38.0","Fès","Almamoun Anass","Aucun texte","il y a 3 ans"
"38.0","Fès","SaMi Az","Aucun texte","il y a 3 ans"
"38.0","Fès","Aziz Erraji","Aucun texte","il y a 4 ans"
"38.0","Fès","Mohammed Meki","Aucun texte","il y a 4 ans"
"38.0","Fès","abdo abdo","Aucun texte","il y a 4 ans"
"38.0","Fès","the doctor","Aucun texte","il y a 4 ans"
"38.0","Fès","Ayoub Ed-dahraoui","Aucun texte","il y a 4 ans"
"38.0","Fès","Nabila El Fahmy (“Nabila Lorraine”)","Aucun texte","Modifié il y a 4 ans"
"38.0","Fès","Najia Douiri","Aucun texte","il y a 4 ans"
"38.0","Fès","Ahmed El allam","Aucun texte","il y a 4 ans"
"38.0","Fès","Achraf el","Aucun texte","il y a 4 ans"
"38.0","Fès","Anas-El","Aucun texte","il y a 4 ans"
"38.0","Fès","Mr abdelhai Filali","Aucun texte","il y a 4 ans"
"38.0","Fès","Alasana Konateh","Aucun texte","il y a 4 ans"
"38.0","Fès","Youssef ZOUHRI","Aucun texte","il y a 4 ans"
"38.0","Fès","Larsson Wright","Aucun texte","il y a 4 ans"
"38.0","Fès","Ahmed Boussalham","Aucun texte","il y a 5 ans"
"38.0","Fès","AOInc Office","Aucun texte","il y a 5 ans"
"38.0","Fès","Mistercool informatique and security","Aucun texte","il y a 5 ans"
"38.0","Fès","rachid El hamdaouy","Aucun texte","il y a 5 ans"
"38.0","Fès","Noureddine Louizi","Aucun texte","il y a 5 ans"
"38.0","Fès","Møhâmmèd Sèttøh","Aucun texte","il y a 5 ans"
"38.0","Fès","Ahmed Boussta","Aucun texte","il y a 6 ans"
"38.0","Fès","Moulay yousef kerroumi","Aucun texte","il y a 6 ans"
"38.0","Fès","abdou dakhouch","Aucun texte","il y a 6 ans"
"38.0","Fès","Hamza Harti","Aucun texte","il y a 6 ans"
"38.0","Fès","Chafi Mohamed","Aucun texte","il y a 6 ans"
"38.0","Fès","Hervet Le rois","Aucun texte","il y a 6 ans"
"38.0","Fès","Ilyass El Mellouli","Aucun texte","il y a 6 ans"
"38.0","Fès","Manar Faris","Aucun texte","il y a 6 ans"
"38.0","Fès","la vie en rose","Aucun texte","il y a 6 ans"
"38.0","Fès","Mohammed Meski","Aucun texte","il y a 6 ans"
"38.0","Fès","Simohammed Kabbaj","Aucun texte","il y a 6 ans"
"38.0","Fès","Anas EL","Aucun texte","il y a 6 ans"
"38.0","Fès","Abderrazzak. Souad Elhand","Aucun texte","il y a 7 ans"
"38.0","Fès","Simohamede Alami","Aucun texte","il y a 7 ans"
"38.0","Fès","Village Zerarda","Aucun texte","il y a 7 ans"
"38.0","Fès","Majid Kamal","Aucun texte","il y a 7 ans"
"38.0","Fès","CAP BOUJ","Aucun texte","il y a 7 ans"
"38.0","Fès","Larbi Tahhar","Aucun texte","il y a 7 ans"
"38.0","Fès","Hamid Lamghari","Aucun texte","il y a 7 ans"
"38.0","Fès","Mohamed el rhayati","Aucun texte","il y a 8 ans"
"38.0","Fès","Zineb Mabchour","Aucun texte","il y a 8 ans"
"38.0","Fès","Mohamed Lakhal","Aucun texte","il y a 8 ans"
"38.0","Fès","Oumar B Bengaly","Aucun texte","il y a 8 ans"
"38.0","Fès","Salahden Idrissi","Aucun texte","il y a 8 ans"
"38.0","Fès","Daybreak Morocco Tours","Aucun texte","il y a 8 ans"
"38.0","Fès","SOUFIANE BOUJOUR","Aucun texte","il y a 8 ans"
"38.0","Fès","Abdou Farsi","Aucun texte","il y a 8 ans"
"38.0","Fès","Abdelilah MOSSADDAQ KHZIBA","Aucun texte","il y a 8 ans"
"38.0","Fès","amine zahiri","Aucun texte","il y a 8 ans"
"38.0","Fès","mamou Ad","Aucun texte","il y a 8 ans"
"38.0","Fès","Hichàm Touzani","Aucun texte","Modifié il y a 8 ans"
"38.0","Fès","Redwane El'alami","Aucun texte","il y a 8 ans"
"38.0","Fès","Mouad NABIH","Aucun texte","il y a 8 ans"
"38.0","Fès","فهد الاطلس","Aucun texte","il y a 9 ans"
"38.0","Fès","Hamza Bouhafs","Aucun texte","il y a 9 ans"
"39.0","Fès","Aziz Alaoui","Un très très mauvais service dépannage fibre optique
Après trois semaines de réclamation au 124 et personnellement au près du chef service technique Agence Fès VN Av Hassan II sans aucune attention …","il y a un an"
"39.0","Fès","Mohammed BEN KIRANE","Je suis complètement  et très déçu de votre service de dépannage. Tros de retard malgé des multiples reclamations . Je suis  ingénieur électricien expert assermenté à Fes. Des pannes frequentes . Je pense me desabonner de IAM bientôt.  Vous devenez inutile pouroi . Je le transmettrai à mes connaissances","il y a un an"
"39.0","Fès","Kabil Toum Benchekroun","Service clients nul. L'accueil est mauvais, après 20min d'attente le responsable me dit que le service est en panne. Imaginez ça. C'est de n'importe quoi.","il y a 5 ans"
"39.0","Fès","Youssef Ettayeb","Mouvais servis Et des techniciens qui ne se soucient pas et ne se soucient pas des problèmes des clients. Je viens d’entrer dans dix jours en me plaignant et personne ne répond.","il y a 2 ans"
"39.0","Fès","Ahmed Yahiou","Les service après vente son nul","il y a 6 ans"
"39.0","Fès","ABDESSELAM TBER","Endroit pour les litiges entre les clients est le fournisseur","il y a 8 ans"
"39.0","Fès","Mohammed Menai","Les services après vente sont nuls","il y a 5 ans"
"39.0","Fès","Jamal Lachkar","Trop de monde,A évité si possible","il y a 8 ans"
"39.0","Fès","Easy Electronic","Direction régionale de Maroc Télécom  Aladarisa","il y a 6 ans"
"39.0","Fès","Med Benjelloun","Bons accueil et service","il y a 6 ans"
"39.0","Fès","Mohammed EL Fakrani","Beau bâtiment","il y a 6 ans"
"39.0","Fès","Guns N'Horses خيل و مكاحل","Bien","il y a 7 ans"
"39.0","Fès","Ahmed Yassir Chrifi","Meilleur organisation.","il y a 3 ans"
"39.0","Fès","Med Tagtag","Nulle","il y a 7 ans"
"39.0","Fès","Amal Chaouqi","Oui effectivement","il y a 6 ans"
"39.0","Fès","EL HIMANI Abdelghani","Attente injustifiée !","il y a 8 ans"
"39.0","Fès","Badreeddine Moubarik","Centre de fes","il y a 6 ans"
"39.0","Fès","Mohammed Andaloussi","Bien","il y a 7 ans"
"39.0","Fès","Badr Dulieu Alaoui","On y trouve de tout, mais on ne peut plus payer en espèces. On est obligé de payer à la banque. De plus, on ne peut plus utiliser de carte de crédit internationale, seulement une carte de débit marocaine. C'est de la pure discrimination.","Modifié il y a 6 ans"
"39.0","Fès","Otman Oty","Ce que j'apprécie ici, c'est que l'on peut régler ses factures soi-même (paiement par carte).","il y a 3 ans"
"39.0","Fès","BENNIS ANWAR","Aucun texte","il y a 3 jours"
"39.0","Fès","Mohammed Jamai","Quelqu'un aurait-il le numéro de téléphone de Maroc Telecom à Fès, près de la ville de Fès ? Merci.","il y a 3 semaines"
"39.0","Fès","simo siom","Aucun texte","il y a 2 ans"
"39.0","Fès","abdou abdou","Aucun texte","il y a 3 ans"
"39.0","Fès","X goodheart","Aucun texte","Modifié il y a 5 ans"
"39.0","Fès","salma Ammour","Aucun texte","il y a 6 ans"
"39.0","Fès","nada benjelloun","Aucun texte","il y a 6 ans"
"39.0","Fès","Ghali Lahrichi","Aucun texte","il y a 6 ans"
"39.0","Fès","Ghita Benatiya Andaloussi","Aucun texte","il y a 6 ans"
"39.0","Fès","Mohammed Elyoussi","Aucun texte","il y a 6 ans"
"39.0","Fès","Oussama ZARRIFI","Aucun texte","il y a 6 ans"
"39.0","Fès","Chakib Zemmouri","Aucun texte","il y a 6 ans"
"39.0","Fès","Sbai Mohammed","Aucun texte","il y a 6 ans"
"39.0","Fès","Otman Paterson","Aucun texte","il y a 6 ans"
"39.0","Fès","kamal oudaoud (“kamalovski”)","Aucun texte","il y a 7 ans"
"39.0","Fès","Driss Rafiki","Aucun texte","Modifié il y a 7 ans"
"39.0","Fès","mellouki mohamd","Aucun texte","il y a 7 ans"
"39.0","Fès","fatima bakkali","Aucun texte","il y a 7 ans"
"39.0","Fès","Kacem Lotfi","Aucun texte","il y a 8 ans"
"39.0","Fès","hatim cyber","Aucun texte","il y a 8 ans"
"39.0","Fès","صوت الحق","Aucun texte","il y a 8 ans"
"39.0","Fès","Larbi Barkaoui","Aucun texte","il y a 8 ans"
"39.0","Fès","Abdelilah Siyar","Aucun texte","il y a 8 ans"
"39.0","Fès","Mouad Arfaoui Zegzouti","Aucun texte","il y a 8 ans"
"39.0","Fès","Jiji","Aucun texte","il y a 8 ans"
"39.0","Fès","issam salhi","Aucun texte","il y a 8 ans"
"39.0","Fès","Elboukili Mouhcine","Aucun texte","il y a 8 ans"
"39.0","Fès","ADIL AKESBI","Aucun texte","il y a 8 ans"
"39.0","Fès","MOSTAFA EL KHARAJI EL ALAMI","Aucun texte","il y a 9 ans"
"40.0","Fès","Abdel El Broumi","Belle experience dans le monde ecologique","il y a 2 ans"
"40.0","Fès","RAMBOU Rabie","Ounette","il y a un an"
"40.0","Fès","Oumayma Khairi","Service nul","il y a 2 ans"
"40.0","Fès","Raja Boussetta","Serviable","il y a 6 ans"
"40.0","Fès","Abdelhamid Karam","Personnel incompétent","il y a 3 ans"
"40.0","Fès","Belkhir Youness","Je ne comprends pas comment une grande agence peut fonctionner avec une seule personne qui gère l’ensemble des demandes. De plus, cette même personne semble assurer des tâches qui ne relèvent pas de ses responsabilités, notamment en …","il y a 4 semaines"
"40.0","Fès","Abderazzaq Essalhi","C'est un bon endroit c'est le centre Maroc Telecom.","il y a 6 ans"
"40.0","Fès","Rachid Nouraddin","Un emplacement pratique, sans longue attente. Ils sont au service de la population, et que Dieu leur accorde le succès.","il y a 3 ans"
"40.0","Fès","Jose manuel Villasana (Floro)","J'ai été très bien accueilli, le magasin dispose d'un bon parking et le prix est très intéressant.","il y a 6 ans"
"40.0","Fès","LBAZNAZ","Akfees service khossossa. Wahed Chibani Smiyto Rachid","il y a 2 ans"
"40.0","Fès","Abdellah Zaouat","Je ne peux pas écrire cet avis avec vos services Maroc Telecom, mais vous êtes les meilleurs","il y a 5 ans"
"40.0","Fès","Ahmed Mnawar","Fès est magnifique","il y a 3 ans"
"40.0","Fès","Monim Monim","Labas","il y a 5 ans"
"40.0","Fès","Abdellah Chlih","Texte d'une star que Matsenhaloash","il y a 2 semaines"
"40.0","Fès","Brahim Hani","Aucun texte","il y a un an"
"40.0","Fès","waw19waw waw19","Aucun texte","il y a 2 ans"
"40.0","Fès","BEST LINE EVER","Aucun texte","il y a 2 ans"
"40.0","Fès","Abdelfatah Kahlawi","Aucun texte","il y a 2 ans"
"40.0","Fès","Ana Maria Gonzalez","Aucun texte","il y a 3 ans"
"40.0","Fès","Aziz FARAH","Aucun texte","il y a 3 ans"
"40.0","Fès","ترفيه ونشاط","Aucun texte","il y a 3 ans"
"40.0","Fès","ليالي الفاسية","Aucun texte","il y a 5 ans"
"40.0","Fès","Ontdek Fes","Aucun texte","il y a 7 ans"
"40.0","Fès","MO Amine SE","Aucun texte","il y a 7 ans"
"40.0","Fès","Hamza moumni","Aucun texte","il y a 7 ans"
"40.0","Fès","Anass Zniti","Aucun texte","il y a 7 ans"
"41.0","Fès","foufou salah","ma fible ne fonctionne pas depuis une semaine et à ce journ aucun  technicien ne s'est déplacé encore  chez moi pour voir le souci, service derrangement est nul.","il y a 11 mois"
"41.0","Fès","SOFAP sarl FABRICATION CITERNES EN POLYESTER","Un vive salut au personnel de cette agence et à leur sympathie remarquable.","il y a un an"
"41.0","Fès","El Mostafa Zeggauoi","Bon service, les gens sont vraiment serviable","il y a 6 ans"
"41.0","Fès","Soufiane ben salih","Très bon service... dédicace a monsieur merwan","il y a 5 ans"
"41.0","Fès","Adil Chafouk","Rapide et serviable 👍 …","il y a 3 ans"
"41.0","Fès","Hicham Moundafie","Couverture du réseau mais prix élevé","il y a 4 ans"
"41.0","Fès","abderrahim chakibi","Service de qualité","il y a 6 ans"
"41.0","Fès","Yahya Ikhlass","Excellents services","il y a 4 ans"
"41.0","Fès","bouchra semiri","Un service top","il y a 4 ans"
"41.0","Fès","Mohammed Eljdid","Maroc Télécom est une grande entreprise, mais très mal gérée. Le personnel est incompétent et ne connaît pas le fonctionnement de l'entreprise. Ils m'ont constamment renvoyé d'une agence à l'autre. J'ai perdu un temps et un argent …","il y a un an"
"41.0","Fès","Mohamed EL Bouazzaouy","Maroc Telecom, votre connexion internet est catastrophique ! Je paie un forfait haut débit, mais je n'obtiens qu'une vitesse à peine supérieure à celle d'une connexion par modem. C'est extrêmement frustrant d'essayer de travailler ou de …","il y a 2 ans"
"41.0","Fès","rayan mohmed","Mauvaise expérience, service client médiocre, Wi-Fi extrêmement lent. Leur seul souci est de gagner de l'argent sans fournir le moindre service client. Je vous conseille d'utiliser Inwi ou Orange, qui sont moins chers et plus rapides, avec un routeur et un vaporisateur.","il y a 5 ans"
"41.0","Fès","KAWALIS TV كواليس تيفي","Merci Maroc Telecom","il y a 6 ans"
"41.0","Fès","Rachid Alaoui","Ils ne répondent pas au téléphone.","il y a 3 semaines"
"41.0","Fès","mustapha Marzouk","Aucun texte","il y a 7 mois"
"41.0","Fès","Sami El Omari","Aucun texte","il y a 3 ans"
"41.0","Fès","Mounia Chebl","Aucun texte","il y a 3 ans"
"41.0","Fès","Fouad Gaming","Aucun texte","il y a 5 ans"
"41.0","Fès","Sihamthevenot Thevenotsiham","Aucun texte","il y a 5 ans"
"41.0","Fès","Bouchra Anbar","Aucun texte","il y a 6 ans"
"41.0","Fès","Otmn Raxi","Aucun texte","il y a 6 ans"
"41.0","Fès","Marzouk Ahmed","Aucun texte","il y a 6 ans"
"41.0","Fès","Mohammed SQUALLI HOUSSAINI","Aucun texte","il y a 6 ans"
"41.0","Fès","Rka 666","Aucun texte","il y a 6 ans"
"41.0","Fès","Abdelmajid Boukhari","Aucun texte","il y a 6 ans"
"41.0","Fès","Ghazal Subih","Aucun texte","il y a 6 ans"
"41.0","Fès","Abdel Mro","Aucun texte","il y a 6 ans"
"41.0","Fès","7BIBA Zineb","Aucun texte","il y a 7 ans"
"41.0","Fès","Benaissa Elyoumni","Aucun texte","il y a 7 ans"
"42.0","Fès","Aymane Hayani","Franchement, l’attente dans votre agence est interminable.
Pour une dizaine de clients, il n’y avait que deux agents, et ils étaient extrêmement lents. …","il y a 5 mois"
"42.0","Fès","Ali TR","Un seul personnel ,un seul poste pour tout quartier adarissa cest grave , 21 clients en attente c'est très grave.","il y a 7 mois"
"42.0","Fès","omar Laraqui","Le personnel est très paresseux. Durée d’attente très longue dépassant les 20 minutes par client.","il y a 2 ans"
"42.0","Fès","OshèN Younès","👍🏽 …","il y a 11 mois"
"42.0","Fès","CGB","Je suis allé dans ce bureau MT 4 ou 5 fois au cours des 5 derniers mois. À chaque fois, j'ai trouvé le personnel (du gardien à l'entrée aux caissiers) agréable et très serviable, répondant à mes divers problèmes et questions.","il y a 2 ans"
"42.0","Fès","Hammadi Otmane","Aucun texte","il y a 3 semaines"
"42.0","Fès","luce nur","Aucun texte","il y a 2 ans"
"43.0","Fès","Ziko Ziko","Un grand merci pour  toute l'équipe de cette agence qui fait montre d'un sens du professionnalisme de la responsabilité et du respect du client hors du commun. Bravo avec tous mes souhaits de réussite.","il y a 6 mois"
"43.0","Fès","BENZAKOUR","Trop d'attente et un seul fonctionnaire???","il y a 5 mois"
"43.0","Fès","Mohamed Al Amine","N'y perdez pas votre temps, de plus vous risquer de vous mettre inutilement en colère.
De manière générale, le reseau MT emmerde le peuple : donc pourquoi pas ses agences","il y a 2 ans"
"43.0","Fès","Mehdi Guennouni","Accueil désagréable, je crois que je vais changer d’opérateur partir chez orange
La chargée de clientèle soit disant ne cherche même pas a comprendre ta demande …","il y a 6 ans"
"43.0","Fès","Hayat Benyoucef","ça fait 11 jours que j’attends qu’on m’installe le wifi chez moi! Même après plusieurs réclamations, rien du tt !! Quel service !!","il y a 2 ans"
"43.0","Fès","Ben Khalid","Mauvais service,personnel incompétent","il y a 6 ans"
"43.0","Fès","yassine azw","superbe çest manifigue","il y a 9 ans"
"43.0","Fès","Chikita feet","Aucun texte","il y a 2 semaines"
"43.0","Fès","hajar allam","Aucun texte","il y a 2 mois"
"43.0","Fès","Taha A","Aucun texte","il y a un an"
"43.0","Fès","Yassine Chaibi","Aucun texte","il y a 2 ans"
"43.0","Fès","Hephssa Ek","Aucun texte","il y a 2 ans"
"43.0","Fès","saad Alaoui","Aucun texte","il y a 3 ans"
"43.0","Fès","Zineb Lazrak","Aucun texte","il y a 6 ans"
"43.0","Fès","Abderrahmane Kella Bennani","Aucun texte","il y a 6 ans"
"43.0","Fès","Zineb Semlali","Aucun texte","il y a 6 ans"
"43.0","Fès","Walid Chahidi","Aucun texte","il y a 6 ans"
"43.0","Fès","rayan (“rbllk_”)","Aucun texte","il y a 8 ans"
"43.0","Fès","Radouane Maache","Aucun texte","il y a 8 ans"
"44.0","Fès","achraf achraf","Aucun texte","il y a 2 semaines"
"45.0","Agadir","Zakaria Wakrim","Je me suis rendu à l’agence Maroc Telecom d’Agadir AlQods, située sur le boulevard Hassan Ier, et mon expérience a été excellente.
L’accueil a été très bienveillant, sans attente, et mon dossier a été pris en …","il y a 3 mois"
"45.0","Agadir","Lahoucine Sabir","2 agents pour une foule de clients, ce n'est pas normal ! Le guichet ""service"" est lié à celui de ""vente"". Les 2 employés font de leur mieux mais ce n'est pas ainsi qu'on fait attention aux clients...","il y a un an"
"45.0","Agadir","TCF Representative","Des fonctionnaires sympas, surtout Anas","il y a un mois"
"45.0","Agadir","Hassan Ider (Porte bonheur)","Très propre.et grande agence.
Mes mauvaise expérience avec
Les appareils d enregistrement …","il y a un an"
"45.0","Agadir","terrah mohamed","L'ordre est appréciéable , les mesures sanitaires sont respectées, mais l'agent traitant n'a, ni esprit commerciale ni politesse. Déjà sa tenue de travail, chemise et cravate correctes avec un pantalon en djinn, paradoxe. …","il y a 5 ans"
"45.0","Agadir","Samia Samia","L'employé au guichet 5 de l'agence principale de Dakhla à Agadir est vraiment mal élevé. Je lui est dit السلام عليكم  il ne ma même pas répondu et regardé ailleurs😲.  C'est vrai que s'était pas mon tour mais je voulais seulement un petit …","il y a 2 ans"
"45.0","Agadir","lady ecom","Service nul et merdique on attend pendant des heures aucun respect à la priorité le tableau d'affichage ne fonctionne pas, la dame à l'accueil est irrespectueuse et malheureusement aucun service de réclamation pour ce sujet !!!!","il y a un an"
"45.0","Agadir","Philippe Takacs","Lieu très accueillant et chaleureux. Pour ceux et celles qui ont besoin du réseau et bien entendu du wifi","il y a un an"
"45.0","Agadir","iliass BERJAOUI","Très bon service, j'y était le 23/05/2021 pour un transfert de la ligne de connexion ADSL dont le transfert était fait sur place même pas dans 24h. …","il y a 4 ans"
"45.0","Agadir","meg family","Bien reçu,  problème resolu très rapidement.
Conseiller très efficace najib ainsi que sa responsable.
équipé de technicien à domicile rapide et très professionnel. …","il y a 6 ans"
"45.0","Agadir","Franck William Olié","Bon service. Même si j'ai été victime de quelques erreurs. La prise à en change à été immédiate.","il y a 7 ans"
"45.0","Agadir","marcel pimpon","Nul aucun service plus d internet depuis 3 jours reponse de la personne presente il faut attendre on vous contactera lundi appel non prix en coupe jeudi o' va passer a la concurence","il y a 4 ans"
"45.0","Agadir","mohamed kharbouchi","Etant un client fidèle à  Marocm depuis les années 1980 le Service est parfait je suis  content.
Kharbouchi Mohamed
COGIT SERVICES AGADIR","Modifié il y a 4 ans"
"45.0","Agadir","lesatelliste ABAAKIL","Le service n'est pas à la hauteur.. d'ailleurs je suis venu pour résilier mon contrat d'abonnement ADSL","il y a 6 ans"
"45.0","Agadir","Abdelali Aouni paysagiste","Ça m'a un peu déçu. Manque de personnel beaucoup d'attente dehors","il y a 6 ans"
"45.0","Agadir","Anouar Benhammou","Grande agence, mais l'attente est interminable une vrai galèeeeeeere","il y a 6 ans"
"45.0","Agadir","Pompes funebres musulmanes kitab wa sunna","Très bien reçu","il y a un an"
"45.0","Agadir","Yvonne Bronchain","Bon service, je recommande","Modifié il y a 6 ans"
"45.0","Agadir","kneelBFRvalhalla","Nul services trop long 1 guichet  mauvais travail","il y a 6 ans"
"45.0","Agadir","ALI SWIRTI","accueil chaleureux
Personnel respectueux","il y a 2 ans"
"45.0","Agadir","ABDERRAHIM DALLAL","Pas mal comme agence","il y a 8 ans"
"45.0","Agadir","Christophe Clouet","Si vous aimez attendre, vous êtes servis","il y a 6 ans"
"45.0","Agadir","Elghachi Hassan","Dommage Des Coupures. Pas D'internet !","il y a 4 ans"
"45.0","Agadir","AbdeALLAH boussif","moins de personnels pour servir public","il y a 5 ans"
"45.0","Agadir","JEBLI Rachid","Meilleur opérateur..... MAROC TELECOM","il y a 6 ans"
"45.0","Agadir","HALA BARAKA","Excellente prestation","Modifié il y a 4 ans"
"45.0","Agadir","majd alaoui","Service rapide","il y a 4 ans"
"45.0","Agadir","ali najah","Service de m...e!","il y a 6 ans"
"45.0","Agadir","Hicham AGOURRAM","Service nulle 😡 …","il y a 7 ans"
"45.0","Agadir","Abdelali Lamkadem","Bon service","il y a 4 ans"
"45.0","Agadir","Crypto YesOrYes","Service injoignable !!!","il y a 3 ans"
"45.0","Agadir","Hajar Syaf","Service utile","il y a 3 ans"
"45.0","Agadir","Elmehdi BENSAID","💯 …","il y a 6 ans"
"45.0","Agadir","Sekhallou Oualid","Temps d’attente beaucoup trop long. Il y avait plus de 30 personnes qui attendaient et seulement un seul agent pour traiter tous les clients. Ce n’est pas du tout acceptable, surtout pour une entreprise privée comme Maroc Telecom où on …","il y a un mois"
"45.0","Agadir","Youssef El amrani idrissi","La pire expérience de ma vie. Un seul employé pour une quarantaine de clients, une attente de plus de trois heures, aucune organisation, aucun respect pour la clientèle. Un mépris flagrant et une gestion totalement inacceptable de la part de Maroc Telecom. Une honte pour une entreprise de cette envergure.","il y a 2 mois"
"45.0","Agadir","Mohamed Ait","++Agence propre
++Sécurité et équipement …","il y a 9 mois"
"45.0","Agadir","Mohamed Malih","La pire compagnie de télécommunications au monde 🌏… Le pire service… Les prix les plus élevés… Un traitement exécrable… J’ai tellement d’anecdotes à raconter à leur sujet que je regrette d’avoir souscrit un abonnement… Aujourd’hui, j’ai …","il y a 7 ans"
"45.0","Agadir","Meike Taki","Malheureusement, le changement de mon forfait a pris deux mois au lieu des 48 heures promises. Il était censé s'agir d'un simple remplacement de routeur, prévu sous 48 heures. Malheureusement, ma ligne fixe a cessé de fonctionner peu après. …","il y a un an"
"45.0","Agadir","Ne Goji","Le service de retrait d'espèces est à leur discrétion ; ils peuvent décider de vous le facturer ou non. La plupart des établissements ne le proposent pas ou refusent tout simplement de vous aider. Pourtant, l'entreprise exige qu'ils le proposent. C'est absurde.","il y a 11 mois"
"45.0","Agadir","AKOUCHAH Mohamed","J'attends là depuis 2 heures, il n'y a qu'un seul employé qui travaille très très très très lentement, je ne recommande pas cette agence.","il y a un an"
"45.0","Agadir","Brandon Cooper","Ils doivent améliorer leur service client","il y a 6 mois"
"45.0","Agadir","MIRAK 2PK","Awaln Maroc Telecom siyasa ta3ha f ta3amol m3a nwamr ghayr ma39ola, anaha tsd comme carte SIM ot3rdha lbi3 lwahd akhr farah hadi fi9imat lghaba2 7it makatra3ich anaho nta tkon msta3mlha f l7isabat lbankiya ou Lkhdma ou bzaf omor likay …","il y a un an"
"45.0","Agadir","Lahcen El Guarir","Service médiocre. Le personnel a besoin d'une formation sur la relation client.","il y a un an"
"45.0","Agadir","Anas","Service très mauvais","il y a 3 mois"
"45.0","Agadir","sofia elkbouri","Pas de réponse aux appels, service médiocre","il y a 6 mois"
"45.0","Agadir","mansouri mohamed","Conseil à tous ceux qui ont un téléphone et un abonnement chez Maroc Telecom de ne pas laisser leurs enfants utiliser leur téléphone car les enfants téléchargent des jeux et des programmes sur le Play Store et font des achats et le prix d'achat est calculé et ajouté à votre facture à votre insu.","il y a 4 ans"
"45.0","Agadir","ESSAID HAYOUTE","J'ai accès à tous les services de communication de Maroc Telecom.","il y a 9 mois"
"45.0","Agadir","Youssef Qtayb","Service 0","il y a un an"
"45.0","Agadir","‫سعيد حيوط (مول العشران)‬‎","Le service client assuré par le personnel n'est pas bon.","il y a 4 ans"
"45.0","Agadir","graphic X4","Wlah ma y9diw lik hado chi gharad ballah tfoooo","il y a 8 ans"
"45.0","Agadir","Agadir Bricolage","Le pire argument de vente de la pire entreprise de télécommunications de tous les temps","il y a 4 ans"
"45.0","Agadir","بلادي الغالية Morocco","Comportement inapproprié, ils ont libéré Zero Zero","il y a 2 ans"
"45.0","Agadir","Mounir Dahbi","Ils monopolisent","il y a 4 ans"
"45.0","Agadir","KHADIJA ARQIB","Ils offrent leurs services avec respect.","il y a 2 ans"
"45.0","Agadir","Radouane Mountassir","Mauvais service, comme inwi","il y a 5 ans"
"45.0","Agadir","mohamad abdlhak","Traitement insatisfaisant","il y a 2 ans"
"45.0","Agadir","Hassan Wahsiss","Service de qualité inférieure","il y a 5 ans"
"45.0","Agadir","DÖN ØUTHÄL","Bon service","il y a 2 ans"
"45.0","Agadir","Azdin Aitazizou","Merveilleux, merveilleux, excellent","il y a 3 ans"
"45.0","Agadir","Anas Ahmamcha","Service déplorable.","il y a 2 ans"
"45.0","Agadir","Lahoucine El kadiri (Photography)","Aucun texte","il y a 4 ans"
"45.0","Agadir","Ibn Hassan","Absolument fantastique","il y a un an"
"45.0","Agadir","NAJM ID BOURHIM","Payez la facture ici","il y a 4 ans"
"45.0","Agadir","Ajbabdi Hassan","Un lieu distingué","il y a 5 ans"
"45.0","Agadir","Marwan Alprence","Mauvais service","il y a 3 ans"
"45.0","Agadir","َ َ","🖕🖕🖕🖕 …","il y a un an"
"45.0","Agadir","Hamid Baammi","Aucun texte","il y a 2 jours"
"45.0","Agadir","nikhil soni","Aucun texte","il y a 4 jours"
"45.0","Agadir","Chenaoui Tours","Aucun texte","il y a une semaine"
"45.0","Agadir","ali khatim","Aucun texte","il y a un mois"
"45.0","Agadir","Inass","Aucun texte","il y a 5 mois"
"45.0","Agadir","Abdellah LOUKMANE","Aucun texte","il y a 7 mois"
"45.0","Agadir","Hicham Errami","Aucun texte","il y a 11 mois"
"45.0","Agadir","tayseer kk","Aucun texte","il y a un an"
"45.0","Agadir","Alaoo Mohamed","Aucun texte","il y a un an"
"45.0","Agadir","YOUSSEF EL AYADI","Aucun texte","il y a 3 ans"
"45.0","Agadir","noureddine sarhane","Aucun texte","il y a 3 ans"
"45.0","Agadir","mounir elfoulki","Aucun texte","il y a 3 ans"
"45.0","Agadir","Mohamed Anlouf","Aucun texte","il y a 3 ans"
"45.0","Agadir","Maftah Intissar","Aucun texte","il y a 3 ans"
"45.0","Agadir","Hakim Elbachary","Aucun texte","il y a 3 ans"
"45.0","Agadir","arim express","Aucun texte","il y a 3 ans"
"45.0","Agadir","mouradi ahmed","Aucun texte","il y a 4 ans"
"45.0","Agadir","Miloud elhalfi elhalfi tv","Aucun texte","il y a 4 ans"
"45.0","Agadir","Ali Ryho","Aucun texte","il y a 4 ans"
"45.0","Agadir","Bialach Jawad","Aucun texte","il y a 4 ans"
"45.0","Agadir","Ghizlane Kharbouch","Aucun texte","il y a 4 ans"
"45.0","Agadir","elhajji meryem","Aucun texte","il y a 4 ans"
"45.0","Agadir","med amine tantaoui","Aucun texte","il y a 4 ans"
"45.0","Agadir","Taha Tatoua","Aucun texte","il y a 4 ans"
"45.0","Agadir","Said Benhissoune","Aucun texte","il y a 4 ans"
"45.0","Agadir","Boujemaa Tarass","Aucun texte","il y a 4 ans"
"45.0","Agadir","Ayoub ANAKI","Aucun texte","il y a 5 ans"
"45.0","Agadir","ennaoui el mehdi","Aucun texte","il y a 5 ans"
"45.0","Agadir","Moh Elb","Aucun texte","il y a 5 ans"
"45.0","Agadir","khalid elmofaddal","Aucun texte","il y a 5 ans"
"45.0","Agadir","Jamal aoutil","Aucun texte","il y a 5 ans"
"45.0","Agadir","Adam Amenzou","Aucun texte","il y a 5 ans"
"45.0","Agadir","mustapha tata","Aucun texte","il y a 5 ans"
"45.0","Agadir","Hassan Jabbar","Aucun texte","il y a 5 ans"
"45.0","Agadir","YASSINE HANINE","Aucun texte","il y a 5 ans"
"45.0","Agadir","TOP CHANELLE","Aucun texte","il y a 5 ans"
"45.0","Agadir","boulkmaime Mohamed","Aucun texte","il y a 5 ans"
"45.0","Agadir","SOUTSAN YASSINE","Aucun texte","il y a 5 ans"
"45.0","Agadir","chhaibi abderrahim","Aucun texte","il y a 5 ans"
"45.0","Agadir","Abderrahim Boukdir","Aucun texte","il y a 5 ans"
"45.0","Agadir","ss oa (omar)","Aucun texte","il y a 5 ans"
"45.0","Agadir","Jamila Karkaz","Aucun texte","il y a 6 ans"
"45.0","Agadir","TOUHADI ISMAIL","Aucun texte","il y a 6 ans"
"45.0","Agadir","El Mehdi Iddouch","Aucun texte","il y a 6 ans"
"45.0","Agadir","Abdelaziz Chakir","Aucun texte","il y a 6 ans"
"45.0","Agadir","Bourass","Aucun texte","il y a 6 ans"
"45.0","Agadir","EKA","Aucun texte","il y a 6 ans"
"45.0","Agadir","ZINNID ABDHARIM","Aucun texte","il y a 6 ans"
"45.0","Agadir","Sibling Love","Aucun texte","il y a 7 ans"
"45.0","Agadir","oussama slymy","Aucun texte","il y a 7 ans"
"45.0","Agadir","abdellah anajjar","Aucun texte","il y a 7 ans"
"45.0","Agadir","Said Eddaoudi","Aucun texte","il y a 7 ans"
"45.0","Agadir","elfilali mohamed","Aucun texte","il y a 7 ans"
"45.0","Agadir","Redouane ABOULJAMAL","Aucun texte","il y a 7 ans"
"45.0","Agadir","Abdelmounaim EL GHOUZLANI","Aucun texte","il y a 7 ans"
"45.0","Agadir","anas bettar","Aucun texte","il y a 8 ans"
"45.0","Agadir","Youssef Aa","Aucun texte","il y a 8 ans"
"46.0","Agadir","Brahim Lachgar","Bonjour, je voulais vous informer que j'ai constaté quelques problèmes avec le service social de l'agence Maroc Telecom de salame …","Modifié il y a 2 ans"
"46.0","Agadir","Mouad B","Accueil courtois. Responsable agréable et compétente. Je n'avais pas de RDV. Cependant j'ai été reçu sans attente et  mon problème réglé rapidement. Merci.","il y a 5 ans"
"46.0","Agadir","Beyos Lolos","Tres mauvaise","il y a 9 mois"
"46.0","Agadir","Hassan Sabbari","c'est toujours fermé","il y a 2 ans"
"46.0","Agadir","mustapha el beggar","C'est formidable","il y a 3 ans"
"46.0","Agadir","abderrahman hilali","Pas mal","il y a 3 ans"
"46.0","Agadir","ⴰⵢⵓⵔ ⴰⴱⵔⴱⴰⵛ","Déçu","il y a 3 ans"
"46.0","Agadir","RAFIK rafik","Bonne","il y a 8 ans"
"46.0","Agadir","Noureddine Fagou","Nous sommes extrêmement déçus du service. Nous avons souscrit un abonnement fibre optique de 1 Gbit/s et payé l'intégralité du montant, mais nous ne recevons que 200 Mbit/s. Nous nous sommes rendus à leurs bureaux à plusieurs reprises et …","il y a 11 mois"
"46.0","Agadir","Ali Errahouni","f Site dayrin bli 7alin Nhar Sabt Tal 13h ohoma aslan Sadin","il y a 11 mois"
"46.0","Agadir","Uwe H.","J'aimerais bien lui donner 5 étoiles… mais j'en retire une pour la communication. Nous voulions une carte SIM de Telecom Maroc pour nos vacances. Nous sommes donc allés à la boutique. Malheureusement, le personnel ne parlait que français et …","il y a 2 ans"
"46.0","Agadir","BRAHIM D:","Cette entreprise est un véritable monopole. Que Dieu nous protège ! Leurs services sont déplorables, notamment la 4G et l'ADSL. Nous avons déposé des milliers de réclamations, et le problème persiste. …","il y a 2 ans"
"46.0","Agadir","Ahmed Taqi","Vous n'arrivez pas à trouver le nombre ?

C'est une question de chance.","il y a un an"
"46.0","Agadir","Latifa Mounich","Service excellent, je suis satisfait.","il y a 2 ans"
"46.0","Agadir","Meryam Atitaou","Leur service est médiocre et ils ne travaillent pas bien avec les clients.","il y a 3 ans"
"46.0","Agadir","habib haida","J'adore cet endroit","il y a 2 ans"
"46.0","Agadir","ennaqqal Jawad","Cool","il y a un an"
"46.0","Agadir","Evo","Super 👍 …","Modifié il y a 4 ans"
"46.0","Agadir","Sammie Elaouad","Service de qualité supérieure","il y a 4 ans"
"46.0","Agadir","Azdin Aitazizou","incroyable","il y a 3 ans"
"46.0","Agadir","Mohamed Bamhaoudi","Bien","il y a 6 ans"
"46.0","Agadir","Amal Agaa","Service👎🏻👎🏻👎🏻👎🏻👎🏻👎🏻👎🏻👎🏻 …","il y a 9 mois"
"46.0","Agadir","Jawad Liv","Aucun texte","il y a 4 jours"
"46.0","Agadir","farchi mouad","Aucune transaction","il y a 4 semaines"
"46.0","Agadir","Housin Gaming","Aucun texte","il y a 8 mois"
"46.0","Agadir","Sanae Doumani","Aucun texte","il y a 8 mois"
"46.0","Agadir","Evers everglades","Aucun texte","il y a un an"
"46.0","Agadir","Mariam Didbih","Aucun texte","il y a un an"
"46.0","Agadir","Med ahmed","Aucun texte","il y a 2 ans"
"46.0","Agadir","Samir Halsahel","Aucun texte","il y a 2 ans"
"46.0","Agadir","الصحة والجمال الصحة والجمال","Aucun texte","il y a 2 ans"
"46.0","Agadir","Youssef Bouzkri","Aucun texte","Modifié il y a 3 ans"
"46.0","Agadir","Safia Fandi","Aucun texte","il y a 3 ans"
"46.0","Agadir","Samira","Aucun texte","il y a 3 ans"
"46.0","Agadir","Mohamed Essayyah","Aucun texte","il y a 3 ans"
"46.0","Agadir","Zinouche inuosse","Aucun texte","il y a 4 ans"
"46.0","Agadir","Farid Bich","Aucun texte","il y a 4 ans"
"46.0","Agadir","Abdelkarim elhassoui","Aucun texte","il y a 6 ans"
"46.0","Agadir","Khaoula RIHIM","Aucun texte","il y a 7 ans"
"46.0","Agadir","ahmed ajroud","Aucun texte","il y a 7 ans"
"47.0","Agadir","Taoufik Oubaih","J’ai eu une expérience très décevante dans cette agence Maroc Telecom.

•	Manque de confort : pas de climatisation, ce qui rend l’attente difficile. …","il y a 7 mois"
"47.0","Agadir","Emma Grimaldi","Catastrophique, l agent n'a pas voulu me faire une carte sim juste par flemme. Extrêmement désagréable, je ne recommande pas","il y a 2 ans"
"47.0","Agadir","Issam El aabassi","À éviter","il y a 2 mois"
"47.0","Agadir","Aziz Bouamama","Tres bon accueil, Mr Abdllah etait tres gentil et a l'ecoute, je recommande.","il y a 4 ans"
"47.0","Agadir","Hassan for","Service insatisfaisant","il y a 5 mois"
"47.0","Agadir","Mohamed Rafidi (“Dresseur de chiens”)","Nul de nul ollah , jurassique jurassique.","il y a un an"
"47.0","Agadir","moha zer","Pas mal","il y a 3 ans"
"47.0","Agadir","Djalilla ait omar","Trop lent","il y a 3 ans"
"47.0","Agadir","Bronzi Jungler","Bonne expérience","il y a 5 ans"
"47.0","Agadir","RACHEL-VICTOIRE DELACHANCE","Sympa le personnel","il y a 7 ans"
"47.0","Agadir","Mohamed Ait eladel","Nul","il y a 4 ans"
"47.0","Agadir","Show Break","Excellent","il y a 6 ans"
"47.0","Agadir","Mohamed Agnaou","Manque de service","Modifié il y a 6 ans"
"47.0","Agadir","Jens","J'ai souscrit un contrat de 6 mois avec Maroc Telekom et je souhaitais augmenter mon forfait de données mensuel de 29 Go à 10 Go. Ne parlant ni français ni arabe, le vendeur, très aimable, s'est occupé de tout. (Au 7 décembre 2025)","il y a 4 mois"
"47.0","Agadir","hasna assahad","Monsieur Sayed, j'ai un domestique nommé Abdullah Khaddam. Que Dieu bénisse sa famille. Il travaille avec dévouement et j'ai toujours fait preuve d'une grande patience. J'ai vu comment il s'occupe des personnes âgées, les conseillant et restant à leur écoute jusqu'à ce qu'il leur montre comment faire.","il y a 7 mois"
"47.0","Agadir","Lobna Assahad","Malgré l'affluence, l'employé était très serviable et a servi les clients avec respect et patience. Merci pour votre excellent travail.","il y a 7 mois"
"47.0","Agadir","Habib Sal","Le service est nul, ce n'est pas un problème...","il y a 8 mois"
"47.0","Agadir","Rivaldo Pes","O9sim bilah yla akhra service f lmaghrib","il y a 4 mois"
"47.0","Agadir","Asma Sabir","Le service était déplorable.

Je suis allé le voir pour une question concernant mon numéro de téléphone. …","il y a 9 mois"
"47.0","Agadir","ZAKARIA Fakherddine","C'est trop lent ; il faut de la vitesse.","il y a un an"
"47.0","Agadir","Bahtit Younes ben oumare","Endroit formidable, personnel respectueux","il y a 3 ans"
"47.0","Agadir","Med Sous","Pas de réponse. Service 00","il y a un an"
"47.0","Agadir","Mustapha Akharaze","Service client 👌 …","il y a 6 ans"
"47.0","Agadir","Zach","Services de pointe","il y a 2 ans"
"47.0","Agadir","Wafa Ab","Wi-Fi pourri","il y a 6 ans"
"47.0","Agadir","SOCIÉTÉ WATERMED","Aucun texte","il y a un an"
"47.0","Agadir","ASMA El FARISSI","Aucun texte","il y a 3 ans"
"47.0","Agadir","sara ouaf","Aucun texte","il y a 5 ans"
"47.0","Agadir","Sidiki Dembélé","Aucun texte","il y a 5 ans"
"47.0","Agadir","wail Elbettani","Aucun texte","il y a 6 ans"
"47.0","Agadir","ECOLE ESCAM","Aucun texte","il y a 6 ans"
"47.0","Agadir","Ibtihal Amraoui","Aucun texte","il y a 7 ans"
"47.0","Agadir","doumagui najib","Aucun texte","il y a 7 ans"
"47.0","Agadir","Abdessamad Balla","Aucun texte","il y a 7 ans"
"47.0","Agadir","Asam AHMAD","Aucun texte","il y a 7 ans"
"47.0","Agadir","Mohammed ALAOUAB","Aucun texte","il y a 7 ans"
"48.0","Agadir","Catherine Lacroix","Très bon accueil et personnel sympathique","il y a 2 ans"
"48.0","Agadir","Loqman Amajoud","Un bon service et vite dans toute agadir.","il y a 5 ans"
"48.0","Agadir","Abdelali Aouni paysagiste","Automatic règlement par borne bonne continuation","il y a 7 ans"
"48.0","Agadir","Younes Kdir","👍 …","il y a 4 ans"
"48.0","Agadir","Thierry Burel","Bonjour je vous conseille cette agence la dame et le monsieur a l'accueil sont super gentils agréable sourient et vous explique bien encore merci a vous deux","il y a une semaine"
"48.0","Agadir","mohamad abdlhak","Excellent niveau de service","il y a 2 ans"
"48.0","Agadir","Mersioui Younes","5 étoiles au personnel pour le service","il y a 5 mois"
"48.0","Agadir","yannick Salerno","Je suis allé là-bas pour prendre un abonnement internet et c'était rapide, efficace et très accueillant.","il y a 9 mois"
"48.0","Agadir","Jan Jansen","Nous avons 2 lignes avec fibre optique 100Mb et après un an d'utilisation je peux dire : pas stable, beaucoup de temps de coupures courtes à longues (entre 1 et 5 minutes), prix élevé (500 dirhams par mois) (En Europe vous payez le même montant pour 1000Mb et dans les 2 ans où nous l'avons utilisé, il y a eu un minimum de coupures.","il y a un an"
"48.0","Agadir","Ra Ju","Très sympathique","il y a un an"
"48.0","Agadir","Otti Bar","Le service est excellent.","il y a un an"
"48.0","Agadir","ثقافة عامة","Merci pour votre service","il y a 2 ans"
"48.0","Agadir","Amazigh Bihi","Aucun texte","il y a 5 ans"
"48.0","Agadir","Serge Migda","Aucun texte","il y a un mois"
"48.0","Agadir","Rachid Belbachir","Aucun texte","il y a 2 mois"
"48.0","Agadir","Sivin Gd","Aucun texte","il y a 2 mois"
"48.0","Agadir","smaymox","Aucun texte","il y a 6 ans"
"48.0","Agadir","KHAD OTMA","Aucun texte","il y a 6 ans"
"48.0","Agadir","D_Dramo","Aucun texte","il y a 6 ans"
"48.0","Agadir","william simard","Aucun texte","il y a 7 ans"
"48.0","Agadir","Erik","Aucun texte","il y a 8 ans"
"49.0","Agadir","Amine Moulahi","Déçu par le mauvais service de cette agence de télécom. L'agent censé être au travail était en train de déjeuner ailleurs, ce qui démontre un manque total de respect envers les clients. En plus de cela, j'ai rencontré des problèmes de …","il y a 2 ans"
"49.0","Agadir","Meustoo cainks","2 de tension, ramener des jeunes les vieux marocains aigris c'est bon ils sabot le pays, caractère nrv, et on as l impression qu'ils vont te demander du bakchich. ...bizarre nan?..","il y a 6 ans"
"49.0","Agadir","Sliman Naoum","Plus de 30 min à la salle d’attente, 15 min pour chaque client c vraiment inacceptable","il y a 3 ans"
"49.0","Agadir","Amestoun Lahsen","Bn service. Agent competant serieu, efficace, accueillant et souriant","il y a 5 ans"
"49.0","Agadir","Djolof Services","Services remarquable et professionnels.","il y a 3 ans"
"49.0","Agadir","Abdelaziz Chakir","Service rapide","Modifié il y a 2 ans"
"49.0","Agadir","un known","Mauvaise service","il y a 5 ans"
"49.0","Agadir","soufiane informatique","Pour les clients Maroc Telecom","il y a 6 ans"
"49.0","Agadir","SMed ZAHAR (Smed ZAHAR)","Une boite de conserve !!","il y a 4 ans"
"49.0","Agadir","hoummad lkhattab","Quel service, l'entreprise prend de l'argent réel et les transactions sont nulles","il y a 6 mois"
"49.0","Agadir","Moulay Rachid","Had lagence khas.ibedlo hadak bouzebal likhdam tmak kolchi wach nass katkhls flousha wkhdama mayjawboch 3la téléphone bnadm dyal bouzebal","il y a 9 mois"
"49.0","Agadir","Astra Aoo","La sœur présente était incompétente. Pendant plus de quinze minutes, elle s'est disputée avec son amie, faisant attendre tout le monde. Finalement, quand j'ai pu la voir, elle m'a dit qu'elle ne pouvait rien faire pour moi…","il y a un an"
"49.0","Agadir","Hassan Aberdaze","Service médiocre, personnel désagréable et paresseux","il y a 4 mois"
"49.0","Agadir","zodnox artcrafts","Le personnel m'a très mal traité, leur service était déplorable, ils étaient d'une impolitesse incroyable… Ils auraient dû embaucher des jeunes. …","il y a 5 ans"
"49.0","Agadir","Mustapha REGRAGUI","Service déplorable, une heure d'attente, deux employés mécontents dont le seul but est de vous rendre la vie impossible... Désinformation, compétences informatiques rudimentaires.","il y a 3 ans"
"49.0","Agadir","Omar Lozy","Mes frères, si vous voulez faire des courses dans cette succursale, vous ne devriez pas avoir d'autres courses ce jour-là car ils travaillent très lentement, seulement une heure par client.","il y a 5 ans"
"49.0","Agadir","adel bibouden","Service impeccable de la part du pèlerin et communication fluide.","il y a 5 ans"
"49.0","Agadir","mahdi DOUIRI","Service médiocre, personnel impoli et paresseux","il y a 5 ans"
"49.0","Agadir","Mohamed Silva","bien","il y a 11 mois"
"49.0","Agadir","Yassine Douaddi","Ichay7 lghla","il y a 2 ans"
"49.0","Agadir","zo_uh_ir","Toi","il y a 5 ans"
"49.0","Agadir","mohamed elkheladi","Aucun texte","il y a 4 semaines"
"49.0","Agadir","AchlaftA","Aucun texte","il y a un an"
"49.0","Agadir","Ammisse Essaid","Aucun texte","il y a 2 ans"
"49.0","Agadir","Mohamed Ouaddi","Aucun texte","il y a 5 ans"
"49.0","Agadir","Brighton","Aucun texte","il y a 7 ans"
"50.0","Agadir","Massilia","Si yavait -1000 je l'aurais mis tellement service médiocre le monsieur méchant au guichet doit partir en retraite tout le monde a agadir sait son degré d'incompétence chef d'agence pas professionnel parle très mal","il y a un mois"
"50.0","Agadir","Damhan","C'est honteux .
L'agent âgé aux lunettes est une honte et donne une très mauvaise image de votre agence, aucune courtoisie, manque de bonne maniéres, ni salut ni bonjour ni …","il y a 4 ans"
"50.0","Agadir","Khalid Yassine","Cette agence est la pire d’Agadir. L’employé qui y travaille véhicule une image catastrophique de votre entreprise. Tous les avis précédents sont pourtant unanimes au sujet de l’employé qui y travaille sans que vous n’ayez rien fait pour y …","il y a 2 ans"
"50.0","Agadir","Lalla Asmae Karama","Un grand merci à fatiha farzouz animatrice chez Maroc telecom agence marjane Agadir. Excellent service, beaucoup de patience et un grand sourire chaleureux. Merci pour votre assistance Fatiha.  Ca fait plaisir!","il y a un an"
"50.0","Agadir","NASSIRI","Le monsieur au lunettes mene les clients au bout du nez. C est honteux d'avoir des gens aussi incompétent au service. Je passe chez Orange. C est pas comme par hasard qu'ils se sont installés juste à côté.","il y a 3 ans"
"50.0","Agadir","Monfort","Très mauvais service. Accueil très froid surtout de l’employé âgé avec des lunettes. On dirait qu’on les dérange. Se lève pas de son siège pour nous accueillir et parler avec nous derrière son comptoir. Cela nous change de Tanger où nous …","il y a 5 ans"
"50.0","Agadir","M A","On me coupe une ligne pro alors que le lien donné pour payer les factures ne fonctionne pas depuis la france …
Seule solution il faut vous déplacer.
Service client catastrophique !","il y a 2 ans"
"50.0","Agadir","Hadrane Amine","le service est nul je leurs es demandé de me régler un problème de wifi et ils m'ont dits que quelqu'un allait venir et la ,deux mois plus tard toujours personne.","il y a 7 ans"
"50.0","Agadir","reda","Le pire service que jai vue de ma vie , il ya deux personnes dans l’agence mais personne pour travailler","il y a 2 ans"
"50.0","Agadir","Mustapha Jassani","L'âge de pierre ! N'y allez pas vous allez le regretter sinon, garantie !","il y a un an"
"50.0","Agadir","doha salamat","personnel pas à la hauteur des attentes, avec un comportement non respectueux envers les clients.","il y a 5 ans"
"50.0","Agadir","Emmanuel NOGUÈS","Pas de carte prépayée.... Voir dans une autre agence","il y a 4 ans"
"50.0","Agadir","said ahadad","Meilleur service","il y a un an"
"50.0","Agadir","SCAP Jardineries","Service nullissime","il y a 4 ans"
"50.0","Agadir","Mido Nido","Service nul .","il y a 3 ans"
"50.0","Agadir","Ali Yousfi","Honteux incroyable la façon de parler du vieux monsieur à lunette au guichet je croyais que c'était une caméra cachée le chef d'agence pas mieux pour une simple info résiliation je me suis fait engueulé j'ai bien fait de changer d'opérateur","il y a un mois"
"50.0","Agadir","Felix Podobnig","Nous avons fait la queue pendant longtemps pour acheter deux cartes SIM avant la fermeture du magasin. Quand ce fut enfin notre tour, le vendeur nous a dit que le magasin était déjà fermé et nous a congédiés. Pourtant, des clients après nous ont été servis. Nous avons trouvé ce comportement très injuste et peu professionnel.","il y a 2 mois"
"50.0","Agadir","Gosia Kurczyk","L'homme à lunettes était désagréable, il a dit au début qu'il ne parlait que français et que nous ne pouvions rien arranger dans une autre langue (anglais) avec lui.","il y a 6 mois"
"50.0","Agadir","Bouchra R Daoudi","Le vendeur de Maroc Telecom avec ses lunettes nous a offert le pire service client qui soit. Il nous a demandé ce dont nous avions besoin, à savoir deux cartes SIM, puis a refusé de nous servir alors qu'il avait déjà aidé trois clients …","il y a 3 ans"
"50.0","Agadir","Fantastic World","Service déplorable. J'ai essayé d'appeler Marjane Agadir pour me renseigner, mais personne n'a répondu et le téléphone sonnait dans le vide. …","il y a 5 ans"
"50.0","Agadir","Estrella","C'est inadmissible, honteux et incroyablement impoli ! Cet homme à lunettes qui prétend travailler dans ce bureau est totalement incompétent pour servir le public. Il ne résout rien et ne sait même pas comment faire… Il est complètement …","il y a 2 ans"
"50.0","Agadir","Chaimae AIT","service cadran l wil siyed khedam bzez khdemto maqadch ydirha w kiyghewet hommes l foq","il y a 2 ans"
"50.0","Agadir","MARYAM ISMGAN","Bon service 👏👏 …","il y a un an"
"50.0","Agadir","Med Pookh","Service vraiment mauvais 👎👎👎 …","il y a 2 ans"
"50.0","Agadir","Salma Elgarani","Aucun texte","il y a 2 mois"
"50.0","Agadir","Anatoly Smolyaninov","Aucun texte","il y a 7 ans"
"51.0","Agadir","Chaiav 92","Très bonne expérience la directrice est très professionnelle je me suis permise d’aller la solliciter dans son bureau elle m’a accueillie avec le sourire et à prie ma demande très rapidement vraiment au top 👍👍👍👍je la remercie infiniment pour son professionnalisme …","il y a un mois"
"51.0","Agadir","Mustapha Oumoussa","Service médiocre : une heure d’attente pour une intervention qui ne dure que 5 minutes. …","il y a 7 mois"
"51.0","Agadir","Promosa","Le service le plus horrible que j'ai jamais vu !!!!!! La dame s'en fout complément des clients...","il y a un mois"
"51.0","Agadir","najib zeha","Cette agence ne mérite même pas une étoile. Je suis venu pour régler une situation problématique mais après ce service médiocre, j’ai décidé de résilier mes contrats. Tout le monde est parti pour déjeuner, rien n’est mis en place pour connaître le tour est à qui……","il y a 9 mois"
"51.0","Agadir","Pierre","Des professionnels qui ont su m'orienter et répondre à mes questions.","il y a 2 mois"
"51.0","Agadir","Mohammed Tamim","Bel endroit et personnel agréable","il y a 3 mois"
"51.0","Agadir","Nabil nabs","Service tres mediocre. La pire conpagnie telephonique Au Maroc. Des vrais escros.","il y a 2 ans"
"51.0","Agadir","C MARTY","Super accueil dépannage rapide","il y a un an"
"51.0","Agadir","youssef hatim","Bon service","il y a 3 mois"
"51.0","Agadir","Gérard David","Que du classique....","il y a 11 mois"
"51.0","Agadir","Mohamed ANIR","Très bon service. Je déclare que l'agent est très sympa.","il y a une semaine"
"51.0","Agadir","Karim BENABD","Maroc Telecom est le principal opérateur de télécommunications au Maroc, mais sa politique tarifaire est déconnectée du coût de la vie marocain, notamment avec un salaire minimum de 3 120 dirhams. …","il y a 11 mois"
"51.0","Agadir","Brahim A","Agence diima khawya, mezyaan, walakin khasset t3ref 3lach dima khawya o mafihach zham !?
Siyeda kbira li kheddama, t9iiiiiiiiiiiiiiiiillaaaa, service zéro, ou katsebbe9 …","il y a un an"
"51.0","Agadir","The Prof","Le service clientèle est assuré par une seule femme dans ce qui est considéré comme la plus grande agence de la ville… Excellente organisation, mais il faudrait embaucher un deuxième employé.","il y a un an"
"51.0","Agadir","Rachid Taghazout","Service client moyen","il y a un mois"
"51.0","Agadir","Ilias Jaafari","Ce que j'apprécie le plus, c'est la façon dont les gens de cette agence me traitent. Monsieur Hassan et son employée sont formidables, et je n'oublie pas l'agent de sécurité : que Dieu les bénisse, ils sont tous si gentils.","il y a 2 ans"
"51.0","Agadir","Azzam Mohamed (‫نقل البضائع توصيل الطلبات‬‎)","Maroc Telecom est spécialisée dans les services de téléphonie fixe et mobile ainsi que dans l'accès à Internet.","il y a un an"
"51.0","Agadir","Zakaria Moulla","Service client inapproprié","il y a 11 mois"
"51.0","Agadir","Anas","Aucun texte","il y a 3 mois"
"51.0","Agadir","Taki","Aucun texte","il y a 5 mois"
"51.0","Agadir","Peter Quinn","Aucun texte","il y a 9 mois"
"51.0","Agadir","Hassane Oubetni","Aucun texte","il y a 11 mois"
"51.0","Agadir","Berrada Younes","Aucun texte","il y a 11 mois"
"51.0","Agadir","Younes Alahyane","Aucun texte","il y a un an"
"51.0","Agadir","M R","Aucun texte","il y a 2 ans"
"52.0","Agadir","Mourad mourad","Le bureau de Maroc Telecom paiera ses factures","il y a 6 ans"
"52.0","Agadir","MINEJOKI","agence pour installation adsl et paiement de facture, beaucoup d'attente, parking disponible devant","Modifié il y a 4 ans"
"52.0","Agadir","Afago Lhou","Chef d'agence accueillante et brillante","il y a 6 ans"
"52.0","Agadir","Asmaa Abli","Ça n'existe plus.","il y a 2 ans"
"52.0","Agadir","Said tawile","Telecom","il y a 7 ans"
"52.0","Agadir","Soufiane Driver","Agence bien située avec un bon service client","il y a 5 ans"
"52.0","Agadir","Zakaria Gaizi","Pas utile du tout.","il y a 5 ans"
"52.0","Agadir","SingularityX","Aucun texte","il y a 4 ans"
"52.0","Agadir","Abdelaziz ait wakrime","Aucun texte","il y a 5 ans"
"52.0","Agadir","Badreddine B.","Aucun texte","il y a 6 ans"
"52.0","Agadir","أجي تعرف كيفاش و علاش LET'S KNOW HOW & WHY","Aucun texte","il y a 7 ans"
"52.0","Agadir","Reda Trb","Aucun texte","il y a 8 ans"
"53.0","Agadir","abdellah benmohamed","Service 0 il y a un responsable dans 4 guichet le directeur est toujours absent","il y a 6 mois"
"53.0","Agadir","Arti Elec","Comme toujours réseau en panne pourtant ce sont eux même qui fournisse le service internet , allez comprendre !
Avec 45 min d'attente et pour un service client qui laisse à désirer.
Il faut vraiment revoir le service client et la manière de travailler.","il y a un an"
"53.0","Agadir","Ucef Imed","Récemment, ils ont volé mon solde même si je ne l'ai pas utilisé et qu'il n'a pas encore expiré.","il y a 9 mois"
"53.0","Agadir","Fouad Idh","Cette agence correspond à une agence du siècle dernier avec l'impression de monopole et aucune notion du service Client. Suite à la migration de la ligne ADSL internet, nous sommes facturés deux fois: ancienne ligne et nouvelle depuis 4 …","il y a 2 ans"
"53.0","Agadir","Walid","Ne pas s’y rendre si vous ne parlez  pas arabe. 10 minutes d’attente plus le temps
du trajet de perdu pour se faire renvoyer sans renseignements ni excuses mais avec l’impression d’avoir dérangé.","il y a 2 ans"
"53.0","Agadir","Mohamed GA","S'ils ne veulent pas travailler, ils vous disent que le systeme est en panne surtout le vendredi soir.","il y a 2 ans"
"53.0","Agadir","T. Adil","L'entreprise n'a pas le pouvoir de vous dire si elle installera le Wi-Fi en 48 heures ou en 3 jours ; elle vous répond : « Je ne sais pas quelle sera la situation. »","il y a 3 mois"
"53.0","Agadir","Sia Sia","Ils ne respectent pas","il y a 6 mois"
"53.0","Agadir","Hamza el hakmi","Le service laisse à désirer et les femmes de ménage ne font pas correctement leur travail ; elles ne travaillent pas pour 2.","il y a un an"
"53.0","Agadir","Halima Ikkah","Le service est médiocre, le personnel ne fait pas correctement son travail.","il y a un an"
"53.0","Agadir","Ahmed Es sayad","Ils ne respectent pas les clients","il y a un an"
"53.0","Agadir","Simo 07 GAMING","Le gérant de Dial Agons, que Dieu la bénisse, est un homme humble.","il y a 2 ans"
"53.0","Agadir","Youssef Lasfar","👎 …","il y a 2 mois"
"53.0","Agadir","ريبو - Repo","Wach kayd3mo MT CASH","il y a 2 ans"
"53.0","Agadir","ILE Life","Service 2/5","il y a 2 ans"
"53.0","Agadir","haddou ouakka","Aucun texte","il y a un an"
"53.0","Agadir","Ismail Br","Service nul.","Modifié il y a un an"
"53.0","Agadir","MusTapha AbouLfarah","Service mauve","il y a un an"
"53.0","Agadir","Mohamed Ait dadda","Bien","il y a 2 ans"
"53.0","Agadir","Boujamaa Taguella","Agence Zeppelin","il y a 3 semaines"
"53.0","Agadir","El Meknadi Hassan","Aucun texte","il y a 5 mois"
"53.0","Agadir","Youssef Ait Omar","Aucun texte","il y a 9 mois"
"54.0","Agadir","هل تعلم","Bon service","il y a un mois"
"54.0","Agadir","Jamal Jawando","Le pire service client que j'aie jamais connu.
On m'a volé mon téléphone et ma carte SIM, et je suis allé en demander une nouvelle. Elle ne m'écoute pas, m'envoie dans un autre magasin, pour finalement …","il y a 7 mois"
"54.0","Agadir","Silvia","Il n'est pas possible de recharger ici.","il y a 2 mois"
"54.0","Agadir","Simon","Service médiocre : sachez qu’ils ne vous communiqueront pas les meilleures offres et qu’ils essaieront de vous faire choisir la plus chère.","Modifié il y a un an"
"54.0","Agadir","HUSN AF","service médiocre","il y a 8 mois"
"54.0","Agadir","yannick Salerno","Super -","il y a 9 mois"
"54.0","Agadir","AJEBLI LAHCEN","Service excellent","il y a 3 ans"
"54.0","Agadir","Lahcen NAJEH","Makhodamash","il y a un mois"
"54.0","Agadir","Mohamed","Aucun texte","il y a 9 mois"
"54.0","Agadir","هاني الذيابي","Aucun texte","il y a 11 mois"
"54.0","Agadir","fahad","Aucun texte","il y a un an"
"55.0","Agadir","Hamza Badada","Très mauvais service client... l'agence travaille avec Un seul guichet pendant 2 heure et 20 personnes En attendant son tour
C'est la 3 ème fois que j'ai observé cette façon de service","il y a 7 mois"
"55.0","Agadir","amin chigger","J'ai subi le pire traitement de ma vie par le directeur de la succursale qui ne m'a accordé aucune importance. Je faisais face au problème des pannes de WiFi depuis trois mois et je payais les redevances mensuelles à l'époque, j'ai déposé …","il y a 3 ans"
"55.0","Agadir","hassan bagag","Nul service.  Au moins changez les horaires sur google . Ils affichent que c'est ouvert jusqu'à 17h . Autant que c'est fermé entre midi.  Et ouvre à 15h 18h","il y a 5 ans"
"55.0","Agadir","tahar saleh","Accueil et service impeccable. Le jeune homme à l'accueil était hyper sympa et le fonctionnaire Jamaa était fort serviable, patient et aux petits soins envers nous. Je recommande vivement !","Modifié il y a 3 ans"
"55.0","Agadir","Anouar Axemax","Service 3yaan, personnels gha kayjm3o m3a be3diyathom onass katsna.
Une réclamation par téléphone a était faite au service concerné Maroc Telecom.","il y a 3 ans"
"55.0","Agadir","Jamal Soufian","Service de qualité , merci M. JAMAA pour votre accueil chaleureux","il y a 4 ans"
"55.0","Agadir","Berrada Younes","Service pire que nulle.","il y a 11 mois"
"55.0","Agadir","elba mat","Trop de monde pas de place pour se garer.","il y a 6 ans"
"55.0","Agadir","abdderahman tehri","service pas mal","il y a 4 ans"
"55.0","Agadir","AMADAL Life","☹️","Modifié il y a 7 ans"
"55.0","Agadir","asman ayoub","Mauvais service","il y a 5 ans"
"55.0","Agadir","mohamed kili","Nul service","il y a 3 ans"
"55.0","Agadir","Basma Sarsif","Retards et perturbations sans précédent. Seuls deux employés, tous deux âgés, travaillent. Les autres bureaux sont vides et plus de 40 clients attendent depuis plus d'une heure.","il y a 3 mois"
"55.0","Agadir","Mehdi mehdi","Le service est catastrophique ; à votre arrivée, une seule personne travaille, les autres sont absentes et plus de 30 personnes attendent. Il faut compter une heure et demie avant de savoir si c'est votre tour.","il y a 5 mois"
"55.0","Agadir","Ben EL Abde Ssamad","Mauvais endroit, mauvaises personnes, mauvais service","il y a 2 mois"
"55.0","Agadir","mocro agadir","Un employé dans une grande agence pour 50 clients","il y a 6 mois"
"55.0","Agadir","Karimi Alexendr","Endroit à éviter absolument. Beaucoup de monde et aucun service client... seulement deux personnes... et tout le monde attend... Fermez cet endroit et retirez-nous une entreprise...","il y a un an"
"55.0","Agadir","Mohamed Anaflous","J'aime bien Maroc Telecom, mais je n'aime pas leur agence d'Inezgane car les employés ne travaillent pas dur, ils ne se soucient pas des clients et ils ne valorisent pas les personnes qui souhaitent se rendre sur place.","il y a 3 ans"
"55.0","Agadir","Rachid BOUDERKA","L'une des meilleures entreprises de télécommunications en Afrique, et la plus populaire et la plus performante au Maroc. …","il y a 7 ans"
"55.0","Agadir","Mina El hilali","Endroit idéal pour prendre une douche 🧼 …","il y a un an"
"55.0","Agadir","Karyou Abdelwahab","Combien de temps dois-je attendre avant l'arrivée du technicien ? J'ai déjà réglé tous les frais. La connexion est lente et j'attends votre livraison. Veuillez me contacter. Votre service client est déplorable ; personne ne répond à nos appels.","il y a 5 ans"
"55.0","Agadir","Brahim Amhal","La pire agence et le pire service que j'aie jamais vus... Cet endroit devrait fermer ses portes 👎👎👎👎👎👎👎👎👎👎👎 …","il y a un an"
"55.0","Agadir","Mohamed Anaflous","Il y a un problème avec l'accueil ; le personnel ne travaille pas assez.","il y a 3 ans"
"55.0","Agadir","Mohamed Timzourhine","Centre principal de Maroc Telecom à Inezgane","il y a 2 ans"
"55.0","Agadir","Fatima Krepper","Service 3ndkom 000000000 bravo 3likom","il y a 2 ans"
"55.0","Agadir","Meow137","Pas aussi performant dans la réalité que ce qu'ils prétendent être pour une entreprise de télécommunications.","il y a 3 ans"
"55.0","Agadir","Josef Bac","Service au top 😘 …","il y a un an"
"55.0","Agadir","Mo Samir","Bon service client","il y a 7 ans"
"55.0","Agadir","هشام الدغمومي","C'est un endroit magnifique, vraiment.","il y a 6 ans"
"55.0","Agadir","Elfakir Abderrahim","Service propre et de qualité","il y a 5 ans"
"55.0","Agadir","Abdo Bouadli","Que Dieu la préserve en tant que marchandise.","il y a 3 ans"
"55.0","Agadir","Yan Ridouane","très mauvais traitement","il y a 7 ans"
"55.0","Agadir","elhafid kerroum","Juste des images","il y a 4 ans"
"55.0","Agadir","hassan choukri","Une belle expérience","il y a 2 ans"
"55.0","Agadir","Mohamed OUBLAL","Mauvais service","il y a 3 ans"
"55.0","Agadir","Driss ادريس TAKKI CHEBIHI التقي الشبيهي","Service prêté","il y a 9 ans"
"55.0","Agadir","Youssef Fariat","bien","il y a 3 ans"
"55.0","Agadir","Aziz kesta","Expérience Mazyana","il y a 3 ans"
"55.0","Agadir","brahim el kahraoui","Services médiocres","il y a 6 ans"
"55.0","Agadir","Mobi Sud","Maroc Telecom Inezgane","il y a 9 ans"
"55.0","Agadir","Youssef Makroum","Tzzzzzzzz","il y a 8 ans"
"55.0","Agadir","Adam Rami","Prix ​​élevés par rapport à la qualité proposée, et service client très lent et médiocre.","il y a une semaine"
"55.0","Agadir","BZM TECH","Aucun texte","il y a 2 semaines"
"55.0","Agadir","Magana Land","Aucun texte","il y a 3 semaines"
"55.0","Agadir","fadna outarrouh","Aucun texte","il y a 2 mois"
"55.0","Agadir","MOHAMED EL ALLAOUI","Aucun texte","il y a 7 mois"
"55.0","Agadir","Yassine Lahssan","Aucun texte","il y a 10 mois"
"55.0","Agadir","Mohamed Amazal","Aucun texte","il y a 2 ans"
"55.0","Agadir","Youssef Ouechen","Aucun texte","il y a 2 ans"
"55.0","Agadir","elhabib aziz","Aucun texte","il y a 2 ans"
"55.0","Agadir","Jean Claude Bremond","Aucun texte","il y a 3 ans"
"55.0","Agadir","Badr Chaouch","Aucun texte","il y a 3 ans"
"55.0","Agadir","Driss Kerbich","Aucun texte","il y a 4 ans"
"55.0","Agadir","adel libbou","Aucun texte","il y a 4 ans"
"55.0","Agadir","ahmed el badraoui","Aucun texte","il y a 5 ans"
"55.0","Agadir","ilyas bkhibkhi","Aucun texte","il y a 5 ans"
"55.0","Agadir","tarik oubaih","Aucun texte","il y a 6 ans"
"55.0","Agadir","Gouhmid Mustapha","Aucun texte","il y a 6 ans"
"55.0","Agadir","khalid eddaoudi","Aucun texte","il y a 6 ans"
"55.0","Agadir","Abdelali Abnay","Aucun texte","il y a 7 ans"
"55.0","Agadir","Idssi Zacharias","Aucun texte","il y a 7 ans"
"55.0","Agadir","Steaphann","Aucun texte","il y a 7 ans"
"55.0","Agadir","Youness Kamal","Aucun texte","il y a 8 ans"
"56.0","Agadir","bachir bruxelle","Mauvais réseau. De plus le services clients incompétent.","il y a 4 ans"
"56.0","Agadir","David Somovilla","L'endroit idéal pour acheter une carte SIM prépayée Maroc Telecom. Le vendeur est très aimable et facile à aborder, même si votre anglais est basique 😊 La carte SIM coûte 20 dirhams (2 €) et le forfait de données de 15 Go est à 100 dirhams (10 €). En plus, c'est beaucoup moins cher que chez Orange (deux fois moins cher). …","il y a 8 mois"
"56.0","Agadir","Patrick de Vriend","Vendeur sympathique. L'endroit idéal pour acheter une carte SIM. 70 dirhams pour une carte SIM de 20 Go.","il y a 4 mois"
"56.0","Agadir","Jochen Stammwitz","Très simple ! Le propriétaire est sympathique, parle bien français et est toujours prêt à aider en anglais. La connexion avec Maroc Telekom est bonne, et comme nous étions en road trip, nous avons visité de nombreuses régions reculées ! La carte SIM ne coûte que 120 Dh et 15 Go par mois.","il y a un an"
"56.0","Agadir","Daniel K.","Je cherchais une carte SIM pour mes vacances. Le service était très sympathique et la carte était bon marché (environ un tiers du prix dans les boutiques Orange). Je ne peux pas encore me prononcer sur le signal.","il y a 2 ans"
"56.0","Agadir","Peter SWV v2","Ce magasin n'existe pas.","il y a un mois"
"56.0","Agadir","Mario Deberdt","Ce n'est plus Maroc Telecom","il y a un mois"
"56.0","Agadir","Castus Karsten Liehm","Excellent conseil ! 120 DH pour 15 Go","il y a un an"
"56.0","Agadir","Othmane Amssaadi","Il n'existe plus, ils ont changé d'emplacement.","il y a un an"
"56.0","Agadir","Nassr Youba","Un homme bien travaillait dans cette agence.","il y a 3 ans"
"56.0","Agadir","Simou","Un endroit magnifique et merveilleux","il y a 6 ans"
"56.0","Agadir","katja zuliani","Ils sont doués pour donner des conseils.","il y a 6 ans"
"56.0","Agadir","zakaria fettach","Service 5/5","il y a 6 ans"
"56.0","Agadir","ABDENNASSER REBHI","Maroc Telecom","il y a 5 ans"
"56.0","Agadir","moulay mohamed ait izeddar","Hassan","Modifié il y a un jour"
"56.0","Agadir","BNS Bharat Nri Service","« Boutique de confiance, aucune arnaque. Bon prix pour la carte SIM et internet fonctionne parfaitement. »","il y a 3 semaines"
"56.0","Agadir","Elhassan Ouaddi","Aucun texte","il y a 9 mois"
"56.0","Agadir","طاهر القلب","Aucun texte","il y a un an"
"56.0","Agadir","Alexander Jackson","Aucun texte","il y a un an"
"56.0","Agadir","Riad El","Aucun texte","il y a 4 ans"
"56.0","Agadir","User Phone (“Bashar”)","Aucun texte","il y a 5 ans"
"56.0","Agadir","Said Ouabaid","Aucun texte","il y a 5 ans"
"56.0","Agadir","KARAM MELOUI","Aucun texte","il y a 5 ans"
"56.0","Agadir","Ahmed Manni","Aucun texte","il y a 6 ans"
"56.0","Agadir","رشيد بوبراهيم","Aucun texte","il y a 6 ans"
"56.0","Agadir","Андрей Пашин","Aucun texte","il y a 6 ans"
"56.0","Agadir","MARIO GUTIERREZ","Aucun texte","il y a 7 ans"
"56.0","Agadir","Latifa Talobant","Aucun texte","il y a 7 ans"
"56.0","Agadir","charlotte Hammenshøj","Aucun texte","il y a 7 ans"
"56.0","Agadir","Driss Garti","Aucun texte","il y a 8 ans"
"56.0","Agadir","gaetan scirocco","Aucun texte","il y a 8 ans"
"57.0","Agadir","Fatima KARIM","Dommage qu'il n'y a pas 0 étoile. Service catastrophique. J'y étais pour demandé une box plus récente car la mienne doit avoir 8 ans. Et la personne à l'accueil un monsieur très désagréable qui n'a clairement rien à faire dans cette agence. …","il y a 3 mois"
"57.0","Agadir","Abdo Français","C'est la plus mauvaise agence au Maroc, l'employé est vraiment chiant, irresponsable et non professionnel. J'ai eu une catastrophique expérience avec lui après avoir refusé d'exécuter le transfert de ma ligne ADSL vers mon nouveau logement. …","il y a 9 mois"
"57.0","Agadir","Ali","Ok, je suis MRE, mais je sais très bien faire la différence entre l’accueil pressé d’un homme stressé, et l’accueil méprisant d’un homme hautain. Je suis heureux d’avoir enfin pu cesser mon abonnement chez eux, 500dh par mois et impossible …","il y a 10 mois"
"57.0","Agadir","rabi kess","Pire agence maroc Télécom.
mauvais accueil des clients, délai d'attente trop longs ,meme qu'on a essayé de m'arnaquer pour récupérer mon numéro bloqué  en m'imposant un forfait avec …","il y a 2 ans"
"57.0","Agadir","Rachid Wally","J'ai mis une recharge de 50 DH #3 le jour au lendemain elle la disparu comment je me le demande Je ne savais pas que Maroc télécom faisait de la magie c'est bon à savoir merci à vous et à jamais","il y a 5 ans"
"57.0","Agadir","boubker chekkouri","Un monsieur qui s'investit réellement essi Ahmed.
Responsable d'agence très professionnelle et courtoise","il y a 2 ans"
"57.0","Agadir","Tawssil EL MALKI","Livraison Moto","il y a 6 mois"
"57.0","Agadir","Hassan Baani","Maroc telecom le 4G Donné mobile faible","il y a 2 ans"
"57.0","Agadir","Lahcen Bouargane","Oui j'ai envoyé un colis","il y a 4 ans"
"57.0","Agadir","kyo kosanaggi","maroc telecome reseaux service telephonoque","il y a 4 ans"
"57.0","Agadir","Jawad Z","Ça va","il y a 2 ans"
"57.0","Agadir","hassan chakir","Service nul et mauvais","il y a 2 ans"
"57.0","Agadir","Christian CLAVERIE","Une heure et demie d'attente.","il y a 2 ans"
"57.0","Agadir","najid marwan","Très bien","il y a 5 ans"
"57.0","Agadir","Houssam Elfarah","🤮👎 …","il y a un an"
"57.0","Agadir","QASSIMI ahmed","Bon service","il y a 4 ans"
"57.0","Agadir","Med-bou Bouchoukou","L'agence Morocco Telecom est la pire.

Mauvais accueil, temps d'attente interminables et manque de respect envers les …","il y a un an"
"57.0","Agadir","Lakhsassi Abderrahim","Une agence avec des utilisateurs novices qui ne maîtrisent pas leur travail.","il y a 9 mois"
"57.0","Agadir","mohammad almotawakil","Bon service et bon accueil mais pas à la hauteur de l'excellence","il y a 5 ans"
"57.0","Agadir","Fahed Talaint FF","HMAAR LI KAY N TMMMMMMMMMA","il y a 2 ans"
"57.0","Agadir","Jabran Samir","Momtaz ok","il y a 2 ans"
"57.0","Agadir","REDA KB","mauvais service","il y a 11 mois"
"57.0","Agadir","Ali Akounad","Très mauvais traitement 👎👎👎👎👎👎 …","il y a 5 ans"
"57.0","Agadir","Hassan Damous","Inezgane Azrou Aitbaha","il y a 2 ans"
"57.0","Agadir","hamid hammour","Aucun texte","il y a un mois"
"57.0","Agadir","Mohamed Doukkali","Aucun texte","il y a 9 mois"
"57.0","Agadir","Saâd","Aucun texte","il y a un an"
"57.0","Agadir","Karomi Mohamed","Aucun texte","il y a 2 ans"
"57.0","Agadir","Rabi Kess","Aucun texte","il y a 2 ans"
"57.0","Agadir","Youness Zakkar","Aucun texte","il y a 2 ans"
"57.0","Agadir","Imane Amouna","Aucun texte","il y a 3 ans"
"57.0","Agadir","Aziz El adadi","Aucun texte","il y a 3 ans"
"57.0","Agadir","Livreur Safed Express","Aucun texte","il y a 3 ans"
"57.0","Agadir","Youssef El Asri","Aucun texte","il y a 3 ans"
"57.0","Agadir","el horri ops","Aucun texte","il y a 3 ans"
"57.0","Agadir","Atanan Ayoub","Aucun texte","il y a 3 ans"
"57.0","Agadir","هموم المتقاعدين","Aucun texte","il y a 3 ans"
"57.0","Agadir","sabiri habib","Aucun texte","il y a 4 ans"
"57.0","Agadir","ysf vido","Aucun texte","il y a 5 ans"
"57.0","Agadir","Abdo Sami","Aucun texte","il y a 5 ans"
"57.0","Agadir","Naima Hamouch","Aucun texte","il y a 5 ans"
"57.0","Agadir","khalid khalid","Aucun texte","il y a 5 ans"
"57.0","Agadir","المحفوظ أبو محمد","Aucun texte","il y a 5 ans"
"57.0","Agadir","Zouhair Hafideddine","Aucun texte","il y a 5 ans"
"59.0","Agadir","Najdi Omar","Endroit chaleureux et  calme","il y a 2 ans"
"59.0","Agadir","Aissa Sellal","Café + eau = 9 dh","il y a 8 ans"
"59.0","Agadir","Noureddine Akhouti","assez long queu","Modifié il y a 8 ans"
"59.0","Agadir","fadli mehdi","Bien","il y a 4 ans"
"59.0","Agadir","MEHDI MEHDI","Bonne","il y a 4 ans"
"59.0","Agadir","Centre de montage Optique","👎 …","il y a 4 ans"
"59.0","Agadir","Simou","👍 …","il y a 6 ans"
"59.0","Agadir","Hicham Hicham","Boycott","il y a 7 ans"
"59.0","Agadir","Safae Ghanami","Cc","il y a 8 ans"
"59.0","Agadir","baloon26","Ils ne respectent pas les horaires. Nous avons attendu plus d'une heure en pensant qu'ils étaient en pause. Finalement, ils nous ont vendu des cartes SIM mais ne les ont pas enregistrées, les rendant inutilisables.","il y a 2 ans"
"59.0","Agadir","Nobody","Je l'ai trouvé proche","il y a 7 mois"
"59.0","Agadir","سعيد","Bon service, attribué aux clients et aux visiteurs","il y a 6 ans"
"59.0","Agadir","Mounir Dahbi","Une entreprise publique n'est pas différente des partenariats de ses concurrents.","il y a 5 ans"
"59.0","Agadir","Mohamed Malil","Bien","il y a un an"
"59.0","Agadir","Dr. Abdullah alzahrani","Offres faibles","il y a 6 ans"
"59.0","Agadir","F Alfehri","Il y a parfois surpopulation","il y a 4 ans"
"59.0","Agadir","Ahmed Idali","Agadir est une ville touristique par excellence","il y a 8 ans"
"59.0","Agadir","Nazo Zaging","Chic","il y a 7 ans"
"59.0","Agadir","Anas Fatihi (Anas Fatihi)","Satisfait.","il y a 9 ans"
"59.0","Agadir","Abdelkader Naimi","mauvais service","Modifié il y a 7 ans"
"59.0","Agadir","Hemza","Un lieu pour les appels","il y a 6 ans"
"59.0","Agadir","Youssef Ezzayany","Aucun texte","il y a 2 semaines"
"59.0","Agadir","Garden pots and plants","Aucun texte","il y a 10 mois"
"59.0","Agadir","Abdallah Achouay","Aucun texte","Modifié il y a un an"
"59.0","Agadir","h'ssine rechidi","Aucun texte","il y a 2 ans"
"59.0","Agadir","Mhoamad Kurd","Aucun texte","il y a 2 ans"
"59.0","Agadir","Hache Neziha","Aucun texte","il y a 4 ans"
"59.0","Agadir","ABDOU JALIL","Aucun texte","il y a 4 ans"
"59.0","Agadir","Claude Robin","Aucun texte","il y a 4 ans"
"59.0","Agadir","Naciri Adnane","Aucun texte","il y a 4 ans"
"59.0","Agadir","aziz jabbari","Aucun texte","il y a 4 ans"
"59.0","Agadir","Larbi Allali","Aucun texte","il y a 5 ans"
"59.0","Agadir","Najib ماشاءالله Zaki","Aucun texte","il y a 6 ans"
"59.0","Agadir","nadia jebha","Aucun texte","il y a 6 ans"
"59.0","Agadir","MOHAMED ACHOUAY","Aucun texte","il y a 6 ans"
"59.0","Agadir","Abdelhamid Boubekri","Aucun texte","il y a 6 ans"
"59.0","Agadir","moulay mohamed tamri","Aucun texte","il y a 6 ans"
"59.0","Agadir","MOUAAD MALEK","Aucun texte","il y a 6 ans"
"59.0","Agadir","Faiçal Taifour","Aucun texte","il y a 6 ans"
"59.0","Agadir","Daniel Kieffer","Aucun texte","il y a 6 ans"
"59.0","Agadir","Ben Tchich","Aucun texte","il y a 6 ans"
"59.0","Agadir","Mouse Sol","Aucun texte","il y a 6 ans"
"59.0","Agadir","Hassan Wahsiss","Aucun texte","il y a 6 ans"
"59.0","Agadir","Katy Elhihi","Aucun texte","il y a 7 ans"
"59.0","Agadir","محمد أحمد الصويري","Aucun texte","il y a 7 ans"
"59.0","Agadir","Zakaria Moutaik","Aucun texte","il y a 7 ans"
"59.0","Agadir","Youssef DB","Aucun texte","il y a 7 ans"
"59.0","Agadir","Khadija Maryam","Aucun texte","il y a 8 ans"
"59.0","Agadir","Hamza Laamri","Aucun texte","il y a 8 ans"
"59.0","Agadir","adil hsaini","Aucun texte","il y a 8 ans"
"59.0","Agadir","Safwane WAGUI","Aucun texte","il y a 8 ans"
"59.0","Agadir","Monsef Bakas","Aucun texte","il y a 8 ans"
"59.0","Agadir","ABDELALI CHIKI","Aucun texte","il y a 8 ans"
"59.0","Agadir","lhoussaine jdak","Aucun texte","il y a 8 ans"
"59.0","Agadir","mohammed eljaouhari","Aucun texte","il y a 8 ans"
"59.0","Agadir","Kouta Mostafa","Aucun texte","il y a 8 ans"
"59.0","Agadir","amine qtib","Aucun texte","il y a 8 ans"
"59.0","Agadir","mohamed bary","Aucun texte","il y a 8 ans"
"59.0","Agadir","Fakiri Brahim","Aucun texte","il y a 8 ans"
"59.0","Agadir","Adel Adil","Aucun texte","il y a 8 ans"
"59.0","Agadir","Idriss farhane","Aucun texte","il y a 8 ans"
"59.0","Agadir","redouan jabri","Aucun texte","il y a 8 ans"
"59.0","Agadir","ABDENBI BAKOUN","Aucun texte","il y a 8 ans"
"59.0","Agadir","suptechnqiue s.a.r.l","Aucun texte","il y a 8 ans"
"59.0","Agadir","raja casablanca 1949 Raja Casablanca","Aucun texte","il y a 9 ans"
"59.0","Agadir","Rachid Naji","Aucun texte","il y a 9 ans"
"59.0","Agadir","Abdelaly Jabbad","Aucun texte","il y a 9 ans"
"60.0","Agadir","Anouar ElOuardi","Aucun texte","il y a 6 mois"
"61.0","Agadir","sabah sbaa","Claque","il y a 3 ans"
"61.0","Agadir","Fadma Oussaada","Très bon accueil à l’agence. Le monsieur qui m’a aidé était très gentil, professionnel et patient. Service rapide et efficace. Merci beaucoup si Lamharzi ALAOUI !","il y a un mois"
"61.0","Agadir","Alsig Alsigo","Que Dieu vous bénisse, vous qui êtes les meilleurs !","il y a 2 ans"
"61.0","Agadir","Yassine Bakhouz","incroyable","il y a un an"
"61.0","Agadir","Livreur agadir livraison","Aucun texte","il y a un an"
"61.0","Agadir","Mohamed Kertous","Aucun texte","il y a un an"
"61.0","Agadir","Salah-eddine hakimi","Aucun texte","il y a 2 ans"
"62.0","Agadir","ayou a5","Parfait","il y a 3 mois"
"62.0","Agadir","Anas Paradzo","Aucun texte","il y a 2 mois"
"63.0","Agadir","Molly Mackinnon","Nous avons fait appel à leurs services en février 2024, puis en 2025 : leur aide est précieuse, leur aisance linguistique est une fois de plus très appréciable, et les options proposées, facilitant l’utilisation du système automatisé, permettent de recharger rapidement et facilement nos comptes de données chez MarocTelecom 🙏🏽🫶🏽❣️💫 …","il y a 2 mois"
"63.0","Agadir","amine bssita","Aucun texte","il y a 3 mois"
"63.0","Agadir","saidsayah","Aucun texte","il y a 11 mois"
"65.0","Agadir","Khalid Laamiri","Personne ne répond au téléphone
Franchement c’est n’importe quoi","il y a 3 semaines"
"65.0","Agadir","ab gsk","L'un des pires services que j'aie reçus ; aucun respect, en plus d'être impoli et de m'avoir menti en face en disant que le système était en panne ; c'est la troisième fois que j'y vais pour la même raison.","il y a 4 mois"
"65.0","Agadir","Tarik Belmoulati","Aucun texte","il y a 4 mois"
"66.0","Agadir","Hicham Hicham","0 étoile","il y a 7 mois"
"66.0","Agadir","laila bd","Mauvais service. Trop lent!!!","il y a 8 mois"
"66.0","Agadir","Cuisine Ola","Pas de sevice client contact","il y a un an"
"66.0","Agadir","Rachid Oumahmoud","Mauvaise gestion et mauvais services...l'employé a l'impression de travailler contre sa volonté.","il y a 6 mois"
"66.0","Agadir","IMAD KARIM","Le service est lent, un employé pour 100 personnes.","il y a 5 mois"
"66.0","Agadir","عائشة انفلوس","L'emplacement est accessible à tous","il y a un an"
"66.0","Agadir","sana souilem","service 0000000","il y a 6 mois"
"66.0","Agadir","momach rai","Aucun texte","il y a 3 mois"
"66.0","Agadir","النجارة","Aucun texte","il y a 3 mois"
"66.0","Agadir","Librairie Salam","Aucun texte","il y a un an"
"66.0","Agadir","Najoua Elasaad","Aucun texte","il y a un an"
"67.0","Agadir","Abdellah Bencheikh","J’ai acheté du matériel informatique chez Media Telecom, et franchement je suis très satisfait 👌. Les prix sont très raisonnables, le paiement est facile et flexible, et l’équipe est professionnelle et accueillante. Je recommande vivement ! …","il y a 6 mois"
"67.0","Agadir","Mohamed BENADI","Personnel accueillant et professionnel.
Les prestations sont excellente avec un très bon rapport qualité prix.","il y a 4 ans"
"67.0","Agadir","Ryme Zineb","Une Équipe très efficace et d'un grand professionnalisme. Beaucoup d'innovation avec une communication claire rapide et fluide . Media Telecom je la recommande vivement. Merci à vous","il y a 6 ans"
"67.0","Agadir","Mohamed Tarbi","Service rapide et professionnel, stuff technique et commerciale très sympa, bon chance et bon courage à vous tous 🔥 …","il y a 6 ans"
"67.0","Agadir","Mohcine Tamraoui","Boîte très sérieuse, meilleur rapport qualité prix , service professionnel et équipe compétente , je recommande","il y a 6 ans"
"67.0","Agadir","ABDELAAZIZ TAKAMA (TAKAMA DESIGN)","Un parfait travail , je parle d une équipe professionnelle et qualifié. 10/10","il y a 4 ans"
"67.0","Agadir","abdellatif achiban","Je vous recommande le service de cette société ,du bon service innovant","il y a 4 ans"
"67.0","Agadir","Oubassan Amine","Bon service de qualité avec un prix très intéressant","il y a 6 ans"
"67.0","Agadir","Rachid ENNAFAI","Équipe qualifiée et sérieux, qualité prix non discutable","il y a 6 ans"
"67.0","Agadir","KARIM BENHAYOUN","Matériel de qualité, professionnalisme de l'equipe. Boite sérieuse.","Modifié il y a 7 ans"
"67.0","Agadir","عبد الرحيم السكراتي","Vents et reparation des matérielle informations et vent et installation des camera et système de sécurité","il y a 8 ans"
"67.0","Agadir","EL HADI Hassan","Des gens sérieux et professionnel.

Je recommande.","Modifié il y a 4 ans"
"67.0","Agadir","Abdou Abdou","Bonne service et meilleur qualité","il y a 4 ans"
"67.0","Agadir","Hajar Ou","Bn qualité et bn service","il y a 6 ans"
"67.0","Agadir","Ali O","Excellent .dans tous les poibts de vues","il y a 5 ans"
"67.0","Agadir","arafat SHAIB","Service après vente.Qualité","il y a 4 ans"
"67.0","Agadir","Salah Eddine Benabed","Très bon service","il y a 3 ans"
"67.0","Agadir","Majid Brahim","Divers produits informatiques et vidéos","il y a 4 ans"
"67.0","Agadir","abderrahim akeskouss","pas mal","il y a 7 ans"
"67.0","Agadir","DARRAJ AGADIR","Rapide","il y a 6 ans"
"67.0","Agadir","Idriss Machhout","👌😍😉👍👍👍 …","Modifié il y a 4 ans"
"67.0","Agadir","ام سعد tv","Mon conseil : ces endroits sont beaucoup trop chers. J’ai acheté un point d’accès chez eux pour 1 400 dirhams, puis je suis allé dans un magasin classique et je l’ai trouvé à 700 dirhams. J’étais sidéré, je vous jure !","il y a 4 mois"
"67.0","Agadir","Lahcen Dakhla","Bon accueil, magasin propre et bien tenu. J'ai eu une très mauvaise expérience avec vous. J'ai acheté un ordinateur portable à 500 $ et j'ai constaté de nombreux problèmes. À chaque fois que je suis venu vous voir pour le faire réparer, …","il y a 3 ans"
"67.0","Agadir","zakaria el khallati","Bon service","il y a 7 mois"
"67.0","Agadir","mohamed Touile","Une entreprise réputée dans le domaine de l'installation ; le service client était bon.","il y a 3 ans"
"67.0","Agadir","Abidar Abdellah","Confiance, qualité et excellent service. Salutations à tous les frères et sœurs de Media Telecom.","il y a 2 ans"
"67.0","Agadir","امحمد الطاهري","En réalité, l'accueil a été satisfaisant, mais les prix de certains produits doivent être revus.","il y a 3 ans"
"67.0","Agadir","Ahmed Idwanaw","Ce sont plus que des professionnels, ils ont un bon service","il y a 4 ans"
"67.0","Agadir","rachid fahmi","Bon service","il y a 5 mois"
"67.0","Agadir","Hamza Fitnes","Un bon endroit pour apporter toute sa technologie avec garantie.","il y a 3 ans"
"67.0","Agadir","Soufiane Elajjani","Le meilleur endroit pour acheter vos produits technologiques","il y a 3 ans"
"67.0","Agadir","Bahtit Younes ben oumare","Quartier de Dakhla, rue Pullman Sud","il y a 3 ans"
"67.0","Agadir","Mounir Dahbi","bien","il y a un an"
"67.0","Agadir","Mizar Said","Bon traitement ♥","Modifié il y a 4 ans"
"67.0","Agadir","Khalid Rayan","Agadir Dakhla","il y a 2 ans"
"67.0","Agadir","Mohamed Baid","D'accord","il y a 4 ans"
"67.0","Agadir","Abdennasre Nehmadou","Médias télécoms 🥰 …","il y a un an"
"67.0","Agadir","Khalid","Aucun texte","il y a 3 mois"
"67.0","Agadir","Mamad Momo","Aucun texte","il y a 4 mois"
"67.0","Agadir","omar bouhjra","Aucun texte","il y a 5 mois"
"67.0","Agadir","Soufiane JITTOU","Aucun texte","il y a 11 mois"
"67.0","Agadir","Mustapha Rahi (“Mustapha”)","Aucun texte","il y a un an"
"67.0","Agadir","Jamal Farouk","Aucun texte","il y a un an"
"67.0","Agadir","el habib Aghriss","Aucun texte","il y a un an"
"67.0","Agadir","houcine el allali","Aucun texte","il y a un an"
"67.0","Agadir","rania soussi","Aucun texte","il y a un an"
"67.0","Agadir","BADRE MHOUH","Aucun texte","il y a 3 ans"
"67.0","Agadir","Aziz Gougouch","Aucun texte","il y a 3 ans"
"67.0","Agadir","Omar Idsalem","Aucun texte","il y a 3 ans"
"67.0","Agadir","Mamadou Oury Barry","Aucun texte","il y a 3 ans"
"67.0","Agadir","ben said","Aucun texte","il y a 3 ans"
"67.0","Agadir","agadir fly","Aucun texte","il y a 3 ans"
"67.0","Agadir","bichlifen mbarek","Aucun texte","il y a 3 ans"
"67.0","Agadir","Mustapha Elhantot","Aucun texte","il y a 4 ans"
"67.0","Agadir","ouahb ELQBAILI","Aucun texte","il y a 4 ans"
"67.0","Agadir","Youness Abarrou","Aucun texte","il y a 4 ans"
"67.0","Agadir","Messaoud Samir","Aucun texte","il y a 5 ans"
"67.0","Agadir","Said Boudra","Aucun texte","il y a 5 ans"
"67.0","Agadir","Soufiane Afouaiz","Aucun texte","il y a 5 ans"
"67.0","Agadir","fettah bouraich","Aucun texte","il y a 6 ans"
"67.0","Agadir","abdelhak MOUSTAGHIT","Aucun texte","il y a 7 ans"
"67.0","Agadir","Mohamed Id el fakih","Aucun texte","il y a 7 ans"
"68.0","Agadir","Said Mly Mly","Merci Offshore Valley et bonne continuation","il y a 10 ans"
"68.0","Agadir","Atman ASTID","La meilleur société a agadir","il y a 6 ans"
"68.0","Agadir","Bado Kaml","C est du n importe quoi..","il y a 10 ans"
"68.0","Agadir","Kamal EL ANTRI","Bon","il y a 5 ans"
"68.0","Agadir","Brandon Cooper","Je ne pense pas que cette entreprise ait une responsabilité sociale. Leur voiture est garée sur une place réservée aux personnes handicapées. Ils laissent un handicapé sans place de parking. Alors imaginez la façon dont ils traiteront leurs employés.","il y a 5 ans"
"68.0","Agadir","Linette Labossiere","J'ai beaucoup entendu parler de ce centre d'appels. Pourriez-vous m'indiquer son adresse ?","il y a 4 ans"
"68.0","Agadir","Abdelmjid Aitelhaj","Oui","il y a 4 ans"
"68.0","Agadir","Ali Birouk","Bien","il y a 5 ans"
"68.0","Agadir","elmahdi bensouafa","Centre d'appels","il y a 7 ans"
"68.0","Agadir","Hassan Bouba","Aucun texte","il y a 4 ans"
"68.0","Agadir","Abdelaaziz AKHARRAZ","Vallée offshore","il y a 12 ans"
"68.0","Agadir","Younes AKRAM-ELKASSAD","Aucun texte","il y a 4 mois"
"68.0","Agadir","imane AMZIL","Aucun texte","il y a 4 mois"
"68.0","Agadir","Ferdaws Adib","Aucun texte","il y a 9 mois"
"68.0","Agadir","Hunter Salah Ait lm","Aucun texte","il y a un an"
"68.0","Agadir","Hanane DOHNANE","Aucun texte","il y a 2 ans"
"68.0","Agadir","Djolof Services","Aucun texte","il y a 3 ans"
"68.0","Agadir","Hamza El Motaoukil","Aucun texte","il y a 4 ans"
"68.0","Agadir","Youssef Youssef","Aucun texte","il y a 4 ans"
"68.0","Agadir","Nordine ESSOUL","Aucun texte","il y a 5 ans"
"68.0","Agadir","Abderahim Anchkar","Aucun texte","il y a 5 ans"
"68.0","Agadir","عبدالله بلال","Aucun texte","il y a 5 ans"
"68.0","Agadir","Amina Coulibaly","Aucun texte","il y a 5 ans"
"68.0","Agadir","Amine ANNAL","Aucun texte","il y a 6 ans"
"68.0","Agadir","Mehdi Couthar (EMOUTHAR)","Aucun texte","il y a 6 ans"
"68.0","Agadir","Hajar Imzoura","Aucun texte","il y a 6 ans"
"68.0","Agadir","Abderrahim","Aucun texte","il y a 7 ans"
"68.0","Agadir","Imane EDDAHANI","Aucun texte","il y a 7 ans"
"68.0","Agadir","Youssef Agadir","Aucun texte","il y a 7 ans"
"68.0","Agadir","Abdelillah Haoud","Aucun texte","il y a 7 ans"
"68.0","Agadir","gohane jiji","Aucun texte","il y a 7 ans"
"68.0","Agadir","grizime Yasmine","Aucun texte","il y a 7 ans"
"68.0","Agadir","Nabila Hasbi","Aucun texte","il y a 7 ans"
"68.0","Agadir","Youssef Ouizadi","Aucun texte","il y a 7 ans"
"68.0","Agadir","M assmaa","Aucun texte","il y a 8 ans"
"68.0","Agadir","AiSsa Anadif","Aucun texte","il y a 8 ans"
"68.0","Agadir","Yassine Cho","Aucun texte","il y a 9 ans"
"68.0","Agadir","Hicham Drif","Aucun texte","il y a 10 ans"
"68.0","Agadir","Smail Hmalali","Aucun texte","il y a 10 ans"
"68.0","Agadir","Youness Elmadi","Aucun texte","il y a 13 ans"
"70.0","Agadir","Hasna Sarah","Le conseiller est très professionnel et assure un service de qualité très satisfaite 🙏 …","il y a un an"
"70.0","Agadir","Zineb DAKOUANE","Service trop long en plus les chaises à la salle d'attente on dirait un hammam pas confortable du tout","il y a 2 ans"
"70.0","Agadir","Méster Fayçal","Bon services","il y a 3 ans"
"70.0","Agadir","Lahcen Abell","L'agence est de premier ordre et offre un excellent service. L'agent est très compétent et à la hauteur des attentes. Personnellement, je suis très satisfait du service et de la qualité des soins prodigués par cette agence.","il y a 3 ans"
"70.0","Agadir","channel For challenges","Bons services 👌👍 …","il y a 3 ans"
"70.0","Agadir","Ayoub Dakh","bon service","il y a 2 ans"
"70.0","Agadir","Ahmed Saih","Aucun texte","il y a un an"
"71.0","Agadir","Vedat Esen","C'est des nul
On m'a vendu un abonnement
Il était très gentils... …","il y a 6 ans"
"71.0","Agadir","Didier LANERES","C est une loterie le 1er vendeur achetez une clef au souk
2e vendeur prenez une box chez nous j aïs écouté le 2e vendeur très professionnel et courtois","il y a 6 ans"
"71.0","Agadir","khalid nasiri","J'ai donné une étoile parce que ya pas 0 que des nul et qui donne des infio en erreur il save juste encaissé","il y a 5 ans"
"71.0","Agadir","KARIM BENHAYOUN","Service nul, personnel débordé d'un rien. Le haut est pour les entreprises, le rez de chaussée les particuliers.","il y a 8 ans"
"71.0","Agadir","Brahim Amnoun","Rien à dire sauf les interventions et service technique faible et mauvais communication","il y a 2 ans"
"71.0","Agadir","Afago Lhou","La meilleure agence iam pour Agadir .personnel courtois et serviable .bravo à toute l'équipe","il y a 5 ans"
"71.0","Agadir","brahim izermine","Bon operateurs pour sociétéset particuliers","il y a 2 ans"
"71.0","Agadir","Evers everglades","Personnel mal élevé et arrogant","il y a un an"
"71.0","Agadir","boudoir sucré","Personnel très gentil.","il y a 2 ans"
"71.0","Agadir","Claude Thibert","Très bon service en français","il y a 2 ans"
"71.0","Agadir","Salma DEROUECH","C‘est nul","il y a 3 ans"
"71.0","Agadir","isabelle cartier","Bon accueil. Bons conseils.","il y a un an"
"71.0","Agadir","pierre chapot","C'est l'agence maîtresse Maroc Télécom à Agadir. La meilleure compétence","il y a 8 ans"
"71.0","Agadir","abdelmajid el rhaffouli","L'agent commercial Haj Ihoume est top.","il y a 7 ans"
"71.0","Agadir","Hakim Nadime","Excellent ! 👌 (Merci Mohamed) …","il y a 3 ans"
"71.0","Agadir","Directeur","Pas mal","il y a 2 ans"
"71.0","Agadir","Badr Fathallah","Meilleure services Télécom  pour entreprises","Modifié il y a 8 ans"
"71.0","Agadir","El Mehdi FIHR","Le commercial très respectueux","il y a 8 ans"
"71.0","Agadir","Gérard David","Accueil très succinct","il y a 3 ans"
"71.0","Agadir","Mas Mous","Service nul !","il y a 3 ans"
"71.0","Agadir","Otman Otman","Agence maroc telecom","il y a 2 ans"
"71.0","Agadir","hamid Decorsat","Correcte","il y a 6 ans"
"71.0","Agadir","mounir elfoulki","👍👍👍👍 …","il y a 4 ans"
"71.0","Agadir","Zainane Mohamed","Service nul","il y a 2 ans"
"71.0","Agadir","Kim Kim","Service nul","il y a 7 ans"
"71.0","Agadir","Elicara","L'un des plus grands et des mieux achalandés points de vente Maroc Telecom à Agadir. Facile d'accès grâce à son parking extérieur, il propose tous les services, du rechargement de crédit à la vente d'équipements, de téléphones et de cartes SIM. Un point de référence incontournable pour les touristes dans cette ville touristique.","il y a 3 ans"
"71.0","Agadir","Andrew Gray","Cet endroit a fermé.","il y a un an"
"71.0","Agadir","Frank Fontaine","Tout est parfait ! Jeu de simulation touristique pour 20 Mad.","il y a 2 ans"
"71.0","Agadir","Lucy Piela","Très agréable et professionnel","il y a 2 ans"
"71.0","Agadir","Anass Moustabchir","J'ai eu une très mauvaise expérience avec ces agents non professionnels. Honte à vous, Maroc Télécom !","il y a 3 ans"
"71.0","Agadir","KHADIYA AL RIKABI","Vols et exploitation des citoyens ; services médiocres et prix exorbitants.","il y a 6 ans"
"71.0","Agadir","MOHAMED EL MANSOURI","Répondez au téléphone, les gars.","il y a 5 ans"
"71.0","Agadir","mehdi zouaoui","Aucun texte","il y a un an"
"71.0","Agadir","ISSAM EAGLE","Aucun texte","il y a 2 ans"
"71.0","Agadir","HAMMADI JABBARI","Aucun texte","il y a 3 ans"
"71.0","Agadir","Youssef","Aucun texte","il y a 3 ans"
"71.0","Agadir","Tariq Ali","Aucun texte","il y a 3 ans"
"71.0","Agadir","Christine Schaafsma","Aucun texte","il y a 6 ans"
"71.0","Agadir","Ahmed TANTIM","Aucun texte","il y a 6 ans"
"71.0","Agadir","Jean michel Lamberti","Aucun texte","il y a 6 ans"
"71.0","Agadir","M","Aucun texte","il y a 7 ans"
"71.0","Agadir","Boujemaa Ajerroud","Aucun texte","il y a 7 ans"
"71.0","Agadir","Trip in Wonderland","Aucun texte","il y a 7 ans"
"71.0","Agadir","Argan Light","Aucun texte","il y a 7 ans"
"71.0","Agadir","AMAZIGH aziz","Aucun texte","il y a 8 ans"
"71.0","Agadir","Mohamed tahiri","Aucun texte","il y a 8 ans"
"71.0","Agadir","bouchaib mfarmi","Aucun texte","il y a 8 ans"
"71.0","Agadir","Mahfoud Regragui","Aucun texte","il y a 8 ans"
"72.0","Agadir","Jean-Paul Beghin","C'est un accueil sympathique et compétent mais le reproche que l'on peut faire c'est un manque de personnel ce qui fait que l'on perd pas mal de temps ce qui n'est pas agréable en vacances.","il y a 8 ans"
"72.0","Agadir","Hassan Ider (Porte bonheur)","Pas mal.
C était très bien passé","il y a un an"
"72.0","Agadir","Mostafi Mohammed hassane","Bon service classe","il y a 2 ans"
"72.0","Agadir","Ait Taieb Elmokhtar","Bonnes services pour le public ciblé.","il y a 7 ans"
"72.0","Agadir","ABDEL MEL","Personnels, passive, trop d'attente,","il y a 6 ans"
"72.0","Agadir","google smartess","❤️❤️","il y a 3 ans"
"72.0","Agadir","lahoucine amdlous","Le service était correct.","il y a 3 ans"
"72.0","Agadir","Younes EL KONNADI","Super 👍 …","il y a 6 ans"
"72.0","Agadir","Rachid Ogajba","Aucun texte","il y a 3 ans"
"72.0","Agadir","Jamal Soufian","Aucun texte","il y a 4 ans"
"72.0","Agadir","said benbaba","Aucun texte","il y a 4 ans"
"72.0","Agadir","amin amare","Aucun texte","il y a 4 ans"
"72.0","Agadir","Mousse 003","Aucun texte","il y a 4 ans"
"72.0","Agadir","Guillaume neglokpe","Aucun texte","il y a 4 ans"
"72.0","Agadir","Youssef Ait braim","Aucun texte","il y a 4 ans"
"72.0","Agadir","J CH","Aucun texte","il y a 6 ans"
"72.0","Agadir","Fati Ma","Aucun texte","il y a 6 ans"
"72.0","Agadir","Mo Mustapha","Aucun texte","il y a 7 ans"
"72.0","Agadir","hamza el moudden","Aucun texte","il y a 7 ans"
"72.0","Agadir","Farid Ait Bella","Aucun texte","il y a 7 ans"
"72.0","Agadir","Fabienne Rivault","Aucun texte","il y a 8 ans"
"72.0","Agadir","Hanane Bada","Aucun texte","il y a 9 ans"
"73.0","Kenitra","Merveille Vosky","Nul, surtout le service technique. A moins de 5 minutes de l’agence, ils sont incapables de venir vous installer la fibre en 72h, alors qu’il s’agit d’un compte professionnel, on peut perdre des contrats, Maroc Télécom s’en fou, …","il y a un mois"
"73.0","Kenitra","wafa elkamli","La pire agence !!!! Depuis midi jusqu’à 15:30 une seule personne a l agence! Pour un seul papier on a du attendre plus de 3 h !!!!! La honte ! Il faut un congé pour récupérer un papier. Baghin idekhlo flous bla maykherjo 🙃 …","il y a 6 mois"
"73.0","Kenitra","Mo Belaini","Dit is de slechtste kantoor van Maroc telecom qua service ik wacht al 15 dagen op le fiber optiek ze zijn geweest kabel aangelegd buiten en naar de kelder garage getrokken maar de gene die de router moet installeren is niet meer komen …","il y a 6 mois"
"73.0","Kenitra","chakir khane","Une seule personne pour une trentaine de personnes.  Service est nul.  Trois heures d attentes","il y a 3 mois"
"73.0","Kenitra","chadi sibous","L'agence est ouverte mais personne pour recevoir les clients .","il y a 9 mois"
"73.0","Kenitra","Samir EL JAABA","Très belle expérience à l’agence Maroc Telecom du centre-ville de Kénitra. L’agence est située dans un joli immeuble, très spacieux et agréable. L’accueil dans la salle d’attente est impeccable, bien organisé, avec un service de queue …","il y a un an"
"73.0","Kenitra","nazik Jebrouni","Maroc Telecom rue Mohamed 5 LA bonne place pour acheter vos wifi Modem, un bon service les employees gentil je conseil tout Le monde d'aller LA bas, j'ai acheter wifi 4G HUAWEI.","il y a 4 ans"
"73.0","Kenitra","Cacahouète Ma","Service déplorable cette dame forte avec ses lunettes qui vous accueille, n’est vraiment pas aimable du tout connexion  Internet ne fonctionne pas nous avons demandé une augmentation de débit pour être à 12 méga. Malheureusement nous sommes …","il y a un an"
"73.0","Kenitra","hafifi CANAL","Service nul. L'internet coupe fréquemment avec très mauvaise connexion... personnel hautain..très mauvais comportement..ils traitent les clients comme si ils leur demandent la charité ... vraiment je regrette d'avoir m'abonner avec eux ... je réfléchis sérieusement à annuler mon contrat avec eux.","il y a 2 ans"
"73.0","Kenitra","Zouhair Ouerradi","Bonjour tout le monde
En résumé, j'ai eu un seul accueil lors de la souscription depuis aucun contacte l'agent omar sur le service client refuse de me rappeller car l'appel bouffe la …","il y a 3 ans"
"73.0","Kenitra","Driss Ouddou","Le service est nul.  Le directeur de l'agence prend une pausebien assez longue et deserte son bureau. Les clients peuvent tjrs attendre... Bizarre  bizarre...","il y a 3 ans"
"73.0","Kenitra","aziz barrak","Le seul service pour tout les kenitres. Rien que pour tirer une qui demande 1 minute ,il faut attendre 2  heures ! Ou même une demi journée. Il faut décentraliser cet important service a tout les quartiers.","il y a 3 ans"
"73.0","Kenitra","Amraoui Ibtihal","1 personnel pour 20 clients, service très lent 😡👎👎👎👎 …","il y a 11 mois"
"73.0","Kenitra","Ahmed Guider","Maroc Télécom et bonjour Mario","il y a un mois"
"73.0","Kenitra","Asma Jarmouni","Mauvais service.debit de 100mo très faible.","il y a 9 mois"
"73.0","Kenitra","mohamed amine bouhayk","service nuls  je ne conseille pas","il y a 9 mois"
"73.0","Kenitra","Badi Ben","Ca fait 4 mois que j'attend qu'on m'active le téléphone fixe dont on m'envoie les factures avec la fibre optique déjà opérationnelle, la honte !","il y a 6 ans"
"73.0","Kenitra","Said Allibou","Une belle prise en charge, surtout avec le Directeur d'agence qui est super pro et au petits soins avec les clients!","il y a 4 ans"
"73.0","Kenitra","Abdelhamid Bouscaud","Le personnel n'est pas à la hauteur, ils disent n'importent quoi aux clients c'est comme on e dans un poste de police et l'attente vraiment  ça te fait fuir ailleurs","il y a 6 ans"
"73.0","Kenitra","Maroc Tv","Pas du tout profesnionelle, surtout Amina👎🏼 …","il y a un an"
"73.0","Kenitra","Nordine Daho","Lieu propre , file d attente normale , peuvent mieux faire , pour servir les clients  !","il y a 6 ans"
"73.0","Kenitra","HAL SIM","On veut un contact téléphonique de l agence le 115 n est pas fonctionnel..on va pas s entasser tous devant les portes des agences!","il y a 5 ans"
"73.0","Kenitra","Maghreb Med","Agence de communication de la filiale IAM, au centre ville de Kénitra.","il y a 2 ans"
"73.0","Kenitra","TARIK BALKOUMI","Maroc telecom interdit les paiements en espèce nul","il y a 7 ans"
"73.0","Kenitra","jamal berjaoui","Leader de la téléphonie au Maroc  qui profite de son leadership pour faire le monopole.","il y a 6 ans"
"73.0","Kenitra","adib bensalem","où est le numéro de téléphone de l'agence? C'est quand même un opérateur téléphonique!","il y a 6 ans"
"73.0","Kenitra","N. Zaraali","Décidément Maroc telecom offre toujours un service à peine moyen","il y a 8 ans"
"73.0","Kenitra","Merieme Ghzalale","C nul","il y a 7 ans"
"73.0","Kenitra","Mouad Mraouni","Service très lent!","il y a 2 ans"
"73.0","Kenitra","Omar Bou","Propre. Bien accueillant","il y a 6 ans"
"73.0","Kenitra","bouchaib el kari","Bon service et accueil","il y a 2 ans"
"73.0","Kenitra","chou choucha","connexion pas si top","il y a 7 ans"
"73.0","Kenitra","Univers descovry","Service médiocre.  Attente indéterminée","il y a 6 ans"
"73.0","Kenitra","عالم القصص و الخيال بالعربي","Mauvaise service nul","il y a 3 ans"
"73.0","Kenitra","Abdelkader Ouammou","bon lieu à visiter.","il y a 5 ans"
"73.0","Kenitra","ahmed nacer hakmaoui","Répartition de services à revoir","il y a 4 ans"
"73.0","Kenitra","Paradiso Abdorahmane","PARADISO GRASSE","il y a un an"
"73.0","Kenitra","ahmed zaki cherkaoui","Bon accueille","il y a 4 ans"
"73.0","Kenitra","Orion Orion","Trés professionnel","il y a 4 ans"
"73.0","Kenitra","Camelia B","Bon","il y a 8 ans"
"73.0","Kenitra","Mohammad Citali","Bon service","il y a 4 ans"
"73.0","Kenitra","Mohamed Chnafa","Merci Maroc Telecom","il y a 3 ans"
"73.0","Kenitra","MAROCAINFO","propre professionnel","il y a 3 ans"
"73.0","Kenitra","Sadyo BAYO","Mauvaise Service","il y a 8 ans"
"73.0","Kenitra","Othmane Karsoune","Mauvaise service 👎 …","il y a 3 semaines"
"73.0","Kenitra","Mariam El Alaoui","Mauvais service, y existe 3 guichets alors que uniquement un seul en travail, et apres une heure d’attente ils me disent que le système est soudainement blocké.","il y a 3 semaines"
"73.0","Kenitra","Smoothbird","Service client déplorable. Ils vous raccrochent au nez et bloquent votre numéro s'ils n'ont pas envie de vous aider avec vos problèmes de connexion internet.","il y a 5 mois"
"73.0","Kenitra","MaxHp speed cars","Traitement indigne des clients, absence de supervision de l'agence et personnel sous-qualifié","il y a 8 mois"
"73.0","Kenitra","Abderrahman AR","J'ai eu une mauvaise expérience avec MT. Si vous ouvrez un ticket le lundi, vous êtes sûr d'être servi en premier le vendredi, même si vous relancez le service toutes les heures et tous les jours. Peu importe que vous télétravailliez ou non. Bref, c'est comme ça qu'on vous traite comme client au Maroc.","il y a 4 ans"
"73.0","Kenitra","Khalid AlNafisah","Employés avec une bonne performance globale, une bonne apparence et un bon comportement, des connaissances suffisantes et une rapidité d'exécution","il y a 2 ans"
"73.0","Kenitra","Gabriel Is my name","Commandez la fibre optique khdat ktar mn 42 jours ou ba9i matal9o la connexion","il y a 2 ans"
"73.0","Kenitra","Simo ELMheydi","Ici, dans cette section, n'importe qui peut ouvrir votre compte de connexion Internet ou votre carte d'appel.","il y a 2 ans"
"73.0","Kenitra","Nasreddine Bj","T3ala bzff","il y a 7 mois"
"73.0","Kenitra","AMiNe LBJ","Le personnel est très irrespectueux et négligent envers les clients. C'est vraiment dommage !","il y a 3 ans"
"73.0","Kenitra","منير الهوراي","Le service client est vraiment mauvais, ils ne font rien","il y a 4 ans"
"73.0","Kenitra","Bardai Samir","Le personnel est tellement

amical et serviable","il y a 6 ans"
"73.0","Kenitra","abdou najib","Maroc Telecom, fournit ses services en télécommunications filaires et sans fil.","il y a 5 ans"
"73.0","Kenitra","KARIM KALI","Le pire fournisseur d'accès internet marocain de tous les temps","il y a 5 ans"
"73.0","Kenitra","Adil Sadqi","Service médiocre, attente interminable.","il y a 5 ans"
"73.0","Kenitra","Ayman Rh","C'est un bon centre commercial","il y a 7 ans"
"73.0","Kenitra","Soufiane El Asraoui","très mauvais service 👎 …","il y a 3 ans"
"73.0","Kenitra","hicham zidal","Amélioration significative","il y a 2 ans"
"73.0","Kenitra","AILUROPHILE","Service très faible 👎👎👎👎👎👎 …","il y a 4 ans"
"73.0","Kenitra","Mohamed Mohammed","Des services satisfaisants et rapides","Modifié il y a 5 ans"
"73.0","Kenitra","يارب توبة ya rabbi touba","excellent","il y a 3 ans"
"73.0","Kenitra","Ghazwan Zakaria","Maroc Télécom","il y a 2 ans"
"73.0","Kenitra","sasa extra","Aucun texte","il y a une semaine"
"73.0","Kenitra","AYMANE SABI","Aucun texte","il y a 2 mois"
"73.0","Kenitra","Adnane Benqas","Aucun texte","il y a 4 mois"
"73.0","Kenitra","Hicham Belbiad","Aucun texte","il y a 4 mois"
"73.0","Kenitra","fatima omoabdou","Aucun texte","il y a 5 mois"
"73.0","Kenitra","Doudi Benben","Aucun texte","il y a 5 mois"
"73.0","Kenitra","Antoine LAGAUD","Aucun texte","il y a 6 mois"
"73.0","Kenitra","alouane houssine","Aucun texte","il y a 7 mois"
"73.0","Kenitra","Zakaria B","Aucun texte","il y a 7 mois"
"73.0","Kenitra","Abdel-Malek Gardaoui","Aucun texte","il y a 8 mois"
"73.0","Kenitra","Zakaria Lahlou","Aucun texte","il y a 9 mois"
"73.0","Kenitra","Ayoub Zeffout","Aucun texte","il y a un an"
"73.0","Kenitra","Hazem Mahmoud","Aucun texte","il y a un an"
"73.0","Kenitra","badr chakroun","Aucun texte","il y a un an"
"73.0","Kenitra","Wiebke Lanz","Aucun texte","il y a 2 ans"
"73.0","Kenitra","Mohamedy Oumalek","Aucun texte","il y a 2 ans"
"73.0","Kenitra","MOHCINE HASNI","Aucun texte","il y a 2 ans"
"73.0","Kenitra","Adil Baladi","Aucun texte","il y a 2 ans"
"73.0","Kenitra","Nadia Martinez","Aucun texte","il y a 2 ans"
"73.0","Kenitra","Mohammed KHABOUS","Aucun texte","il y a 2 ans"
"73.0","Kenitra","Ne Ro","Aucun texte","Modifié il y a 3 ans"
"73.0","Kenitra","ƴ","Aucun texte","il y a 3 ans"
"73.0","Kenitra","Ahmed El Moutaouakil","Aucun texte","il y a 3 ans"
"73.0","Kenitra","hicham cherradi","Aucun texte","il y a 3 ans"
"73.0","Kenitra","Sam Providence","Aucun texte","il y a 3 ans"
"73.0","Kenitra","Youssef Oubair","Aucun texte","il y a 4 ans"
"73.0","Kenitra","tarik hamdaoui","Aucun texte","il y a 4 ans"
"73.0","Kenitra","MM -_-Gr","Aucun texte","il y a 4 ans"
"73.0","Kenitra","Mohamed KHEDER","Aucun texte","il y a 4 ans"
"73.0","Kenitra","Romario Karo","Aucun texte","il y a 4 ans"
"73.0","Kenitra","Tima Zahra.","Aucun texte","il y a 4 ans"
"73.0","Kenitra","Abdelkader Imani","Aucun texte","il y a 4 ans"
"73.0","Kenitra","أبو وائل لحسن","Aucun texte","il y a 4 ans"
"73.0","Kenitra","abdel zamzami","Aucun texte","il y a 4 ans"
"73.0","Kenitra","Salma S","Aucun texte","il y a 4 ans"
"73.0","Kenitra","Aziz Janah","Aucun texte","il y a 5 ans"
"73.0","Kenitra","Somaya Maziane","Aucun texte","il y a 5 ans"
"73.0","Kenitra","Chemmar Tarik","Aucun texte","il y a 5 ans"
"73.0","Kenitra","El alloussi SAMIR","Aucun texte","il y a 5 ans"
"73.0","Kenitra","ilha im","Aucun texte","il y a 5 ans"
"73.0","Kenitra","Radouane Mountassir","Aucun texte","il y a 5 ans"
"73.0","Kenitra","Laila Benaziz","Aucun texte","il y a 5 ans"
"73.0","Kenitra","Zaynab HATTOUFI","Aucun texte","il y a 5 ans"
"73.0","Kenitra","عبد الحميد مزيان","Aucun texte","il y a 5 ans"
"73.0","Kenitra","Hassan Bou","Aucun texte","il y a 5 ans"
"73.0","Kenitra","Khchan Nourdin","Aucun texte","il y a 5 ans"
"73.0","Kenitra","elhlou elmostafa","Aucun texte","il y a 6 ans"
"73.0","Kenitra","Abbe Houmdi","Aucun texte","il y a 6 ans"
"73.0","Kenitra","omar mahtat","Aucun texte","il y a 6 ans"
"73.0","Kenitra","Bést Yöùnö Yóù Nísī","Aucun texte","il y a 6 ans"
"73.0","Kenitra","Nidal Nidal","Aucun texte","il y a 6 ans"
"73.0","Kenitra","mi ohamed","Aucun texte","il y a 6 ans"
"73.0","Kenitra","Firme Morad","Aucun texte","il y a 6 ans"
"73.0","Kenitra","walid El Hayouni","Aucun texte","il y a 6 ans"
"73.0","Kenitra","Windara","Aucun texte","il y a 7 ans"
"73.0","Kenitra","Mina 369 Frioui","Aucun texte","Modifié il y a 7 ans"
"73.0","Kenitra","halima mariposa","Aucun texte","il y a 7 ans"
"73.0","Kenitra","Paul Fortin","Aucun texte","il y a 7 ans"
"73.0","Kenitra","Ismail El Fekak","Aucun texte","il y a 7 ans"
"73.0","Kenitra","Walid Outadrart","Aucun texte","il y a 8 ans"
"73.0","Kenitra","Alhabib Khlil","Aucun texte","il y a 8 ans"
"73.0","Kenitra","TAOUS TAOUS","Aucun texte","il y a 8 ans"
"73.0","Kenitra","driss chouay","Aucun texte","Modifié il y a 8 ans"
"73.0","Kenitra","Badreddine Chahdi","Aucun texte","il y a 8 ans"
"73.0","Kenitra","Driss Kholtei","Aucun texte","il y a 8 ans"
"74.0","Kenitra","Imene Kara","Sur la ville de Mehdia et kenitra ne pas choisir Maroc télécom car le réseau est mauvais et peu de réception pour un prix ne défiant pas toutes concurrence 😂😂 . Finalement INWI fonctionne mieux et propose un boîtier  portable dans tout le Maroc …","il y a un an"
"74.0","Kenitra","mounir benabid","Staf ok service technique vraiment nul","il y a 2 ans"
"74.0","Kenitra","Mohamed belaouni","Fixe dima occupe.
Ministro del exterior plus fácil d'contacter","il y a 3 ans"
"74.0","Kenitra","Christian Vallius","Nous sommes en 2026 et votre page d'accueil n'est toujours pas en anglais ! Comment est-ce possible ? C'est honteux.","il y a 2 mois"
"74.0","Kenitra","Mounir Chkhachkhi","Ils ne proposent pas de recharges prépayées, uniquement des abonnements.","il y a 9 mois"
"74.0","Kenitra","Jolanda Hamelink","Merci pour votre aide précieuse. Bon service pour le rechargement de la carte SIM.","il y a 2 ans"
"74.0","Kenitra","Soufian Zerrou","Des employés respectueux, mashallah ! 😍 …","il y a 3 ans"
"74.0","Kenitra","Zahra Arbouche","Aucun texte","il y a 5 mois"
"74.0","Kenitra","Hamza MRAOUA","Aucun texte","il y a 10 mois"
"74.0","Kenitra","FATIMA ZAHRAE","Aucun texte","il y a un an"
"74.0","Kenitra","Mohamed El ouardi","Aucun texte","il y a un an"
"74.0","Kenitra","Khalid Khalid","Aucun texte","il y a 3 ans"
"74.0","Kenitra","bt kamal","Aucun texte","il y a 4 ans"
"74.0","Kenitra","Ahmed Bourhaba","Aucun texte","Modifié il y a 4 ans"
"74.0","Kenitra","س.س.س.س سهومة","Aucun texte","il y a 4 ans"
"74.0","Kenitra","ahmed idrissi","Aucun texte","il y a 6 ans"
"74.0","Kenitra","mouhsine allali","Aucun texte","il y a 6 ans"
"74.0","Kenitra","Soukaina Daoudi","Aucun texte","il y a 6 ans"
"74.0","Kenitra","المهدي الخاوا","Aucun texte","il y a 6 ans"
"74.0","Kenitra","Otis Zakaria","Aucun texte","il y a 6 ans"
"74.0","Kenitra","Abdelkarim Imrane","Aucun texte","il y a 6 ans"
"74.0","Kenitra","DARNA TECH","Aucun texte","il y a 6 ans"
"74.0","Kenitra","mohamed ouyad","Aucun texte","il y a 6 ans"
"75.0","Kenitra","mahfoudi abdelaziz","Mauvaise reception","il y a un an"
"75.0","Kenitra","Smoothbird","La fibre optique disparaît parfois ; le service client est extrêmement mauvais : s’ils n’ont pas envie de s’occuper de vous, ils bloquent tout simplement votre numéro.","il y a 5 mois"
"75.0","Kenitra","Jakub Krzeminski","J'attends un technicien depuis 14 jours.

Cela devrait prendre au maximum 48 heures.","il y a 2 ans"
"75.0","Kenitra","Enrique Montilla gonzalez","Bon signe","il y a 7 mois"
"75.0","Kenitra","Wafaa Malak","Aucun texte","il y a 2 semaines"
"75.0","Kenitra","Mohammed Abassisse","Aucun texte","il y a 3 semaines"
"75.0","Kenitra","ATMANE M'HAMDI","Aucun texte","il y a 2 ans"
"75.0","Kenitra","Khalil El","Aucun texte","il y a 2 ans"
"75.0","Kenitra","khaoula Belhassan","Aucun texte","il y a 2 ans"
"75.0","Kenitra","Driss","Aucun texte","il y a 2 ans"
"76.0","Kenitra","عالم القصص و الخيال بالعربي","Mauvaise service pas de numéro fix ou tél pour aide et support mauvaise expérience","il y a 3 ans"
"76.0","Kenitra","Ahmed ED","Agence de Maroc Telecom","il y a 8 ans"
"76.0","Kenitra","aziz khayil","Service déplorable et accueil médiocre","il y a 2 ans"
"76.0","Kenitra","Hassan Bahloul","Il y a du bruit dedans","il y a un an"
"76.0","Kenitra","جمال اكريش","bien","il y a 2 ans"
"76.0","Kenitra","Ahmed Laidi","Haut","il y a 2 ans"
"76.0","Kenitra","نبيل الصمكي","Aucun texte","il y a 10 mois"
"77.0","Kenitra","Anton Hämmerle","J'ai fait enregistrer mes 3 cartes SIM dans cette agence Maroc Telecom aujourd'hui et j'ai été servi par une dame très gentille, malgré des difficultés linguistiques (je parle à peine le français) elle a traité ma demande avec compétence et …","il y a 3 ans"
"77.0","Kenitra","N E","Service horrible, le personnel ne fait pas son travail comme il faut, il essaye le plus possible de se débarrasser des clients sans répondre à leurs besoins ou réclamations surtout un monsieur mal éduqué qui s'appelle Abdnebbi, il n'a même …","il y a 3 ans"
"77.0","Kenitra","Mostafa Meliani","Une agence qui offre un service plus rapide et plus fiable que l'agence principale située au centre de la ville l'ensemble du personnel de l'agence sont très serviable rapide et efficace en plus que cette agence se situe tout près d'une …","il y a 7 ans"
"77.0","Kenitra","Med Ali Alami","Personnel agréable et le directeur Mr mohammed Ali est parfait,professionnel.","il y a 5 ans"
"77.0","Kenitra","Betty LOUIS","Trés sympa","il y a 7 ans"
"77.0","Kenitra","Yasser Fenris","Un guichet est ouvert, l'autre est toujours fermé 👎🏻 Un guichet ne répond pas aux besoins des clients, sans parler du directeur d'agence qui est toujours absent et qu'on ne croise que par hasard, et encore, seulement s'il a envie de vous voir 😏 En résumé, les services de l'agence sont médiocres. …","il y a 6 mois"
"77.0","Kenitra","Youness B.","Service déplorable, il a fallu plus d'un mois pour réparer une coupure dans ma fibre optique.","il y a 3 ans"
"77.0","Kenitra","Erik B","Service horrible, long temps d'attente et service client insatisfaisant","il y a 8 ans"
"77.0","Kenitra","Zaime Abdelghani","Compagnie avec le meilleur de Roso","il y a 2 ans"
"77.0","Kenitra","Yassine Krisni","Aucun texte","il y a 2 mois"
"77.0","Kenitra","otman elmansouri","Aucun texte","il y a 5 mois"
"77.0","Kenitra","mo_naime","Aucun texte","il y a 6 mois"
"77.0","Kenitra","Saïd BOUAYADI","Aucun texte","il y a un an"
"77.0","Kenitra","Hamza Zahir","Aucun texte","il y a 4 ans"
"77.0","Kenitra","hamid lahyani","Aucun texte","il y a 7 ans"
"77.0","Kenitra","Youssef Bacha","Aucun texte","il y a 9 ans"
"78.0","Kenitra","Themo","C'était une mauvaise expérience.","il y a un an"
"78.0","Kenitra","rachid safsafi","Pas 24/24","il y a 10 mois"
"78.0","Kenitra","Ayoub Oskadour","Tichachrach","il y a un an"
"78.0","Kenitra","Hlali Mahdi","Aucun texte","il y a 4 semaines"
"78.0","Kenitra","hamza rhazi","Aucun texte","il y a 7 mois"
"79.0","Kenitra","Ashraf Said","Je me suis rendu à cette agence pour régler l’abonnement téléphonique . Sur la porte, il est indiqué que l’agence ouvre l’après-midi à 14h30. Pourtant, je suis venu plusieurs fois après 15h00 et j’ai trouvé l’agence toujours fermée. …","il y a 9 mois"
"79.0","Kenitra","Salim ALIOUA","Agence sous qualite , sol meme pas nettoye , service tres nul , pas de connaissance suffisante en reseau de teleco , et ca ferme l agence en horaire de travail","il y a 3 ans"
"79.0","Kenitra","NET- ELECTRONICS","Top qualité et service","il y a 3 ans"
"79.0","Kenitra","taha benslama","La pire connexion internet que j'aie jamais eue, service client déplorable","il y a 2 ans"
"79.0","Kenitra","Taha Aslafa","Aucun texte","il y a 3 ans"
"79.0","Kenitra","الشاف ابو يوسف","Aucun texte","il y a 4 ans"
"79.0","Kenitra","MOHA MOH","Aucun texte","il y a 5 ans"
"80.0","Meknès","Abdellatif Laaroussi","Ce numero de fix ne correspond pas à l'agence de Maroc Télécom.Veuillez ne pas contacter ce numéro car ce numéro est un numéro domicile personnel et non pas de maroc telecom.Merci pour votre compréhension.","il y a 6 ans"
"80.0","Meknès","Hamid Benayada","Accès facil.Cadre agréable.  Accueil chaleureux.","Modifié il y a 4 ans"
"80.0","Meknès","hassan Rizki","Lieu totalement rénové et structuré.","il y a 4 ans"
"80.0","Meknès","Rachid info Ha.","Iam mauvaise expérience","il y a 4 ans"
"80.0","Meknès","Med Mellouk","Serviable","il y a 8 ans"
"80.0","Meknès","Abdelkrim Lamrani (Magnanime)","Agence pour Maroc Télécom","il y a 9 ans"
"80.0","Meknès","Farah LO","Mauvais service","Modifié il y a 7 ans"
"80.0","Meknès","Omar Jelloul","Service","il y a 7 ans"
"80.0","Meknès","ABDELMOUNAIM EL HALBI","Bonne agence, tous les gens qui travaillent ici sont très gentils","Modifié il y a 7 ans"
"80.0","Meknès","Amine HALLAMI","Très propre. Service client très serviable.","il y a 4 ans"
"80.0","Meknès","Otmane","Service excellent.","il y a 2 ans"
"80.0","Meknès","Ph Oh","Il se trouve à l'intérieur du magasin Carrefour.","il y a 8 ans"
"80.0","Meknès","KARMA ALUMDF","Bon col de l'utérus","il y a 7 ans"
"80.0","Meknès","El mahdi Ariel","Bien","il y a 4 ans"
"80.0","Meknès","Moha trix","bien","il y a 8 ans"
"80.0","Meknès","Amine Moussamih officiel","Chfara","il y a 6 ans"
"80.0","Meknès","Siham. Soufaini","incroyable","il y a 3 ans"
"80.0","Meknès","Hamid Kissaoui","Maroc Telecom","Modifié il y a 8 ans"
"80.0","Meknès","Abdelnaj Bourhim","Aucun texte","il y a 3 ans"
"80.0","Meknès","ⵢⵓⵏⴻⵙ ⵛⴰⵍⵍⴰⵍ","Aucun texte","il y a 3 ans"
"80.0","Meknès","Said Baha","Aucun texte","il y a 3 ans"
"80.0","Meknès","Mohamed Achnine","Aucun texte","Modifié il y a 3 ans"
"80.0","Meknès","Hanane Berri","Aucun texte","il y a 3 ans"
"80.0","Meknès","ikram tahiri","Aucun texte","il y a 4 ans"
"80.0","Meknès","dima froid","Aucun texte","il y a 4 ans"
"80.0","Meknès","Ozymandias","Aucun texte","il y a 4 ans"
"80.0","Meknès","عزوز بلفقيه","Aucun texte","il y a 4 ans"
"80.0","Meknès","Redouane Mounay","Aucun texte","il y a 4 ans"
"80.0","Meknès","Abdelmjid Adel","Aucun texte","il y a 5 ans"
"80.0","Meknès","Jaafar Ely","Aucun texte","il y a 5 ans"
"80.0","Meknès","Khalid Khaldi","Aucun texte","il y a 6 ans"
"80.0","Meknès","SAMIR KHASSAL","Aucun texte","il y a 6 ans"
"80.0","Meknès","Haron Bakkali","Aucun texte","il y a 6 ans"
"80.0","Meknès","Mohamed badiss","Aucun texte","il y a 6 ans"
"80.0","Meknès","Oumaima Elhamraoui","Aucun texte","il y a 6 ans"
"80.0","Meknès","Rachid Ouaassine","Aucun texte","il y a 6 ans"
"80.0","Meknès","Abdelali Jdia بلا زواق","Aucun texte","il y a 6 ans"
"80.0","Meknès","MEK Khalil","Aucun texte","il y a 6 ans"
"80.0","Meknès","Abdelfattah Najim","Aucun texte","il y a 6 ans"
"80.0","Meknès","fet khalil","Aucun texte","il y a 6 ans"
"80.0","Meknès","med ely","Aucun texte","il y a 7 ans"
"80.0","Meknès","Ramzi El Aydi","Aucun texte","il y a 7 ans"
"80.0","Meknès","Zineb Tafni","Aucun texte","il y a 7 ans"
"80.0","Meknès","Khalid Chkoura","Aucun texte","il y a 7 ans"
"80.0","Meknès","Rayan osmani-hayat bouraher","Aucun texte","il y a 7 ans"
"80.0","Meknès","Med Réda Réda","Aucun texte","il y a 7 ans"
"80.0","Meknès","AICHA belha","Aucun texte","il y a 7 ans"
"80.0","Meknès","fugitif soufiane baaddou","Aucun texte","il y a 8 ans"
"80.0","Meknès","BEKKALI YOUNES","Aucun texte","il y a 8 ans"
"80.0","Meknès","F S","Aucun texte","il y a 8 ans"
"80.0","Meknès","aziz agerirane","Aucun texte","il y a 8 ans"
"80.0","Meknès","Hamid Ardi","Aucun texte","il y a 8 ans"
"80.0","Meknès","kheireddine kheireddine","Aucun texte","Modifié il y a 8 ans"
"80.0","Meknès","zaki alaoui","Aucun texte","il y a 8 ans"
"80.0","Meknès","issam traichel","Aucun texte","il y a 8 ans"
"80.0","Meknès","Nourddin Nourddin","Aucun texte","il y a 8 ans"
"80.0","Meknès","Amy Ouattara-Lahlou","Aucun texte","il y a 8 ans"
"80.0","Meknès","Khaoula Hoummani","Aucun texte","il y a 8 ans"
"80.0","Meknès","Dj MiZzO","Aucun texte","il y a 8 ans"
"80.0","Meknès","Hicham EL KABABRl","Aucun texte","il y a 8 ans"
"81.0","Meknès","M Bah","J’ai acheter un appareil wifi à 450 dirhams avec une recharge wifi en premier le système a du mal à fonctionner au bout d’une semaine ça ne fonctionne toujours pas j’ai fait plusieurs aller et retour malheureusement le personnel n’était pas …","il y a un an"
"81.0","Meknès","Ben Hana","Dommage qu'on puisse pas mettre 0, 10jrs sans téléphone fix ni internet mais aucun retour mais il faut payé l'abonnement quand même alors le comble c'est qu'on nous dit il faut faire une plainte, on se moque de nous un peu là??? Vers qui il …","il y a 2 ans"
"81.0","Meknès","najib Vlad","Accueil zero
Aucune empathie
Simple demande de confirmation de paiement pour la ligne fixe …","il y a 5 ans"
"81.0","Meknès","Zakaria Firji","Plus que jamais dans set ville","il y a 2 ans"
"81.0","Meknès","Rachid Hero","Pas mal.","il y a un an"
"81.0","Meknès","Mahmoud Dehak","Service très","il y a 3 ans"
"81.0","Meknès","Nassim Isfoula","Service vraiment à la base","il y a 2 semaines"
"81.0","Meknès","Nabil Nabil","incroyable","il y a 3 mois"
"81.0","Meknès","Simo Moumni","Aucun texte","il y a 2 mois"
"81.0","Meknès","Majed Fanda","Aucun texte","il y a un an"
"81.0","Meknès","Melodious Lyrics","Aucun texte","il y a 4 ans"
"81.0","Meknès","Guns N'Horses خيل و مكاحل","Aucun texte","il y a 5 ans"
"82.0","Meknès","Ben Hana","Dommage qu'on puisse pas mettre 0, 10jrs sans téléphone fix ni internet mais aucun retour mais il faut payé l'abonnement quand même alors le comble c'est qu'on nous dit il faut faire une plainte, on se moque de nous un peu là??? Vers qui il faut porter plainte, vivement la concurrence","il y a 2 ans"
"82.0","Meknès","Larbi EZZAHIR","Ils sont trompeurs.Ils n'agissent pas en cas de besoin.","il y a 2 ans"
"82.0","Meknès","El Mostapha Azzouni","mauvais accueil","il y a un an"
"82.0","Meknès","Mohammed Ouharma","Bonne réception","il y a 3 ans"
"82.0","Meknès","Baddache Bade-abin1","Service acceptable","il y a 4 ans"
"82.0","Meknès","Aziz Benelrhazi","La problématique.","il y a 3 ans"
"82.0","Meknès","stor phone","Younesounmes","il y a 6 ans"
"82.0","Meknès","Tarik Zaghli","Très mauvais accueil 0/5","il y a un jour"
"82.0","Meknès","ZGHARI ABDO","C'est bon","il y a 3 mois"
"82.0","Meknès","Salman 3M","Daiman dak likikon fadminisstration makaynch daiman machi rimra wla jouj","il y a un an"
"82.0","Meknès","Saeed A Al Shimer","Je dirais que l'Internet est très lent et si vous utilisez les réseaux sociaux, cela diminuera votre Go très rapidement, mais pour les appels, ils vous offrent plus de minutes en cadeau.","il y a 2 ans"
"82.0","Meknès","Neoa7a7","Service excellent 💙💙 …","Modifié il y a 2 mois"
"82.0","Meknès","Mahmoud Taher","Cool","il y a 5 ans"
"82.0","Meknès","Brahim Agrram","Service excellent","il y a 2 ans"
"82.0","Meknès","oussama baddou","Aucun texte","il y a 3 mois"
"82.0","Meknès","Abdelkhalek Kandil","Aucun texte","il y a 4 mois"
"82.0","Meknès","Souad DKAKI","Aucun texte","il y a 5 mois"
"82.0","Meknès","GUEDDAR Bennasser","Aucun texte","il y a 8 mois"
"82.0","Meknès","Bouh Med","Aucun texte","il y a 11 mois"
"82.0","Meknès","mohamed ouhra","Aucun texte","il y a un an"
"82.0","Meknès","Bida 47","Aucun texte","il y a 2 ans"
"82.0","Meknès","oussama mhdd","Aucun texte","il y a 2 ans"
"82.0","Meknès","Hassane Benabbou","Aucun texte","il y a 2 ans"
"82.0","Meknès","Fouzia Abiyad","Aucun texte","il y a 2 ans"
"82.0","Meknès","SkySys Consulting","Aucun texte","il y a 2 ans"
"82.0","Meknès","moussaab essteli","Aucun texte","il y a 3 ans"
"82.0","Meknès","Hassan GREEN","Aucun texte","il y a 3 ans"
"82.0","Meknès","Amine Amllal","Aucun texte","il y a 3 ans"
"82.0","Meknès","Izeem","Aucun texte","il y a 3 ans"
"82.0","Meknès","Adil Choukhmani","Aucun texte","il y a 3 ans"
"82.0","Meknès","Abdennaji Benjdaa","Aucun texte","il y a 4 ans"
"82.0","Meknès","Tarik Messaoudi","Aucun texte","il y a 4 ans"
"82.0","Meknès","Rahou Aaouine","Aucun texte","il y a 4 ans"
"82.0","Meknès","Abdelaziz Dhane","Aucun texte","il y a 5 ans"
"82.0","Meknès","Hassane Azeroual","Aucun texte","il y a 5 ans"
"82.0","Meknès","Asmae Ben","Aucun texte","il y a 5 ans"
"83.0","Meknès","Mohammed Najib","Le service par fois bien et parfois non","il y a 7 ans"
"83.0","Meknès","Fatima Himich","Le service client 0","il y a 10 mois"
"83.0","Meknès","Amal Zaoioui","Professionnalisme, propreté, agréable","il y a 4 ans"
"83.0","Meknès","Abdelatif Bakiz","Bon service","il y a 6 ans"
"83.0","Meknès","abdelilah SOUHI","A la hauteur des attentes","il y a 8 ans"
"83.0","Meknès","salma ismaili","Mal","il y a 2 ans"
"83.0","Meknès","El Mostapha Azzouni","Administration","il y a 7 ans"
"83.0","Meknès","Fouad Kssiouar","Bon accueil avant de faire une erreur deux cartes sim pour deux portables distinct. Deux forfaits de 40GO sur le même portable, du coup un téléphone avec 80GO et un avec zéro. Au lieu de réparé l'erreur et d'en rester là, arrogance de …","il y a une semaine"
"83.0","Meknès","Yassine Benhallam","Bonnes affaires, mais les transactions de l'entreprise restent compliquées (recharge de crédit MT Cash)","il y a 4 ans"
"83.0","Meknès","Lai San","Ils ne répondent pas au téléphone","il y a 2 ans"
"83.0","Meknès","mokhlaisse* lazragu*","École","Modifié il y a 2 ans"
"83.0","Meknès","Mohammed.rabab123 Mohammed","Échoué","il y a 7 ans"
"83.0","Meknès","Youssef 212","Maroc Telecom","il y a 8 ans"
"83.0","Meknès","Mnikicha Radwan","Aucun texte","il y a un mois"
"83.0","Meknès","bouj moat","Aucun texte","il y a 4 mois"
"83.0","Meknès","AbdelRhani Ch CHAHB","Aucun texte","il y a un an"
"83.0","Meknès","Wassim M17","Aucun texte","il y a 2 ans"
"83.0","Meknès","Karima Hlali","Aucun texte","il y a 3 ans"
"83.0","Meknès","abdellatif berkane","Aucun texte","il y a 5 ans"
"83.0","Meknès","Hiba STITOU","Aucun texte","il y a 5 ans"
"83.0","Meknès","William Andary","Aucun texte","il y a 6 ans"
"83.0","Meknès","Younes M'rabti","Maroc Telecom","il y a 6 ans"
"83.0","Meknès","Fatia Martin","Aucun texte","il y a 6 ans"
"83.0","Meknès","El mahdi Chihabe","Aucun texte","il y a 6 ans"
"83.0","Meknès","Amine Amine","Aucun texte","il y a 6 ans"
"83.0","Meknès","ACTION S.W.A","Aucun texte","il y a 7 ans"
"83.0","Meknès","الجيل الجديد في عالم الجبص","Aucun texte","il y a 7 ans"
"83.0","Meknès","Anasse Dacosta","Aucun texte","il y a 8 ans"
"83.0","Meknès","BENJEBBOUR ALI","Aucun texte","il y a 8 ans"
"83.0","Meknès","Mk Drs","Aucun texte","il y a 8 ans"
"84.0","Meknès","Zakaria Firji","Plus February","il y a 2 ans"
"84.0","Meknès","Zaki Naciri","Shafar et Tizid sont pires que les humains dans leur traitement.","il y a 4 mois"
"84.0","Meknès","Yassin Yassin","Le meilleur traitement et le meilleur service au monde","il y a 2 ans"
"84.0","Meknès","Yallah Nsafro - يالاه نسافرو","Excellent","il y a 3 ans"
"84.0","Meknès","Dogs Life","Bien","il y a 5 ans"
"84.0","Meknès","Oussa Barodi","Honnêtement, le service était excellent, que Dieu les bénisse.","il y a un mois"
"84.0","Meknès","senhaji rachiid","Aucun texte","il y a un an"
"84.0","Meknès","Soumia","Aucun texte","il y a un an"
"84.0","Meknès","maj reg","Aucun texte","il y a un an"
"84.0","Meknès","OCTA Telecom","Aucun texte","il y a 3 ans"
"84.0","Meknès","Tijani Hamid","Aucun texte","il y a 3 ans"
"84.0","Meknès","hajbi housni mohammed","Aucun texte","il y a 3 ans"
"84.0","Meknès","Taha ZIAT","Aucun texte","il y a 4 ans"
"84.0","Meknès","OS GO","Aucun texte","il y a 5 ans"
"84.0","Meknès","Abdelmouniim EChhiba","Aucun texte","il y a 6 ans"
"84.0","Meknès","Gsi Domotique sécurité Réseaux","Aucun texte","il y a 8 ans"
"84.0","Meknès","MR AOUTIR","Aucun texte","il y a 9 ans"
"84.0","Meknès","Fadwa Belarbi","Aucun texte","il y a 9 ans"
"86.0","Meknès","SAID ER-RAZKI","Excellent acceuil et conseil et service ultra-rapide.","il y a un an"
"86.0","Meknès","Diego 99","Boutique tres pratique evite les déplacements au centre ville","il y a 9 ans"
"86.0","Meknès","Mohammed Bounab","AMT fait bien son travail","il y a 7 ans"
"86.0","Meknès","Abderrahim el bouni","Agence IAM au service des citoyens","il y a 3 ans"
"86.0","Meknès","mohammed bounab","Agence au service des clients dont j'en suis un","il y a 7 ans"
"86.0","Meknès","Omar Jelloul","Superbe","il y a 8 ans"
"86.0","Meknès","M&H (lamiae lamiae)","Service hautain","il y a 7 ans"
"86.0","Meknès","Sara Mai","Nul, nul, nul! Impolis et incompétents!! Si je pouvais mettre -5 je le ferai!","il y a 2 semaines"
"86.0","Meknès","Ibrahim sarri","Service très mauvais","il y a 7 mois"
"86.0","Meknès","Manell","Que Dieu vous maudisse tous, même une seule étoile, c'est de trop pour vous, bande d'idiots !","il y a 5 ans"
"86.0","Meknès","Didir Didir","Un magasin propre qui offre un excellent service à la clientèle.","il y a 3 ans"
"86.0","Meknès","تيفي chanel","peu clair","il y a 4 ans"
"86.0","Meknès","Lahmadi Mohamed","Aucun texte","il y a 9 mois"
"86.0","Meknès","Abdelhak Drissi","Aucun texte","il y a un an"
"86.0","Meknès","Aya Ryas","Aucun texte","Modifié il y a un an"
"86.0","Meknès","A.B.M أبو مروى الزاهر محمد","Aucun texte","il y a 2 ans"
"86.0","Meknès","Omellemo Lemoomel","Aucun texte","il y a 6 ans"
"86.0","Meknès","medas diouri","Aucun texte","il y a 9 ans"
"87.0","Meknès","Thomas","Meilleur service client que j'ai connu au Maroc. La femme a l'accueil est toujours à l'écoute, souriante, compétente et très efficace.","il y a un an"
"87.0","Meknès","karima mouadi","En vacances pour 3semaines  l achat d une puce pour 20 dhr et 100dhr de credit internet(10go) m ont amplement suffit.bonne qualité de réseau.","il y a 8 ans"
"87.0","Meknès","Mahmoud Taher","Sympa","Modifié il y a 6 ans"
"87.0","Meknès","alaeddine himoud","Une agence de proximité","il y a 8 ans"
"87.0","Meknès","Zohir","réseau très médiocre","il y a 2 ans"
"87.0","Meknès","Hassan Almagribi","Bon traitement","il y a 6 ans"
"87.0","Meknès","Abdou","Aucun texte","il y a 3 ans"
"87.0","Meknès","Soufiane Elbouhamdi","Aucun texte","il y a 5 ans"
"87.0","Meknès","Gamz How","Aucun texte","il y a 5 ans"
"87.0","Meknès","Nordine Ankour","Aucun texte","il y a 6 ans"
"87.0","Meknès","HE_57","Aucun texte","il y a 7 ans"
"87.0","Meknès","Hakim Chane","Aucun texte","il y a 10 ans"
"88.0","Oujda","Jamil B","Longue attente avant d'être servi. Malgré de nombreux guichets, il n'y avait qu'un seul d'ouvert. C'est décourageant d'attendre aussi longtemps pour être pris en main. Sinon l'agent qui s'occupe de vous, pour moi c'était Mr Driss, il etait …","il y a 2 ans"
"88.0","Oujda","Azzeddine Mekkaoui","L'agence de Maroc Télécom possède un espace commercial très moderne et bien géré,en plein centre d'Oujda.On vend téléphonie fixe , mobile et fournisseurs d'accès Internet (f.a.i.). Cependant les temps d'attente pour chaque client sont …","il y a 2 ans"
"88.0","Oujda","salma salma","J ai déposé une réclamation avec des relevé bancaires qui prouve que mes factures sont payés mais malheureusement ma ligne est bloqué","il y a un an"
"88.0","Oujda","Najah Kadiri","Service nulle une seule personne qui travaille... Il faut améliorer la communication des agents avec les clients","il y a 2 ans"
"88.0","Oujda","Anass","Service très médiocre, aucun respect pour les clients. Une agence à éviter.","il y a un an"
"88.0","Oujda","hotel lahlou","Service après-vente meilleur que les autres mais tjs beaucoup de monde .","il y a 6 ans"
"88.0","Oujda","Ml Rmo","Une semaine sans internet chaque jour je pars de voir ils sont toujours en train de discuter entre ils ont jamais réparer le problème c'est hallucinant Maroc Telecom","il y a 7 ans"
"88.0","Oujda","Jihane Jihane","mais j'ai une petite préférence vers agence jawhara oued nachef ,","Modifié il y a 2 ans"
"88.0","Oujda","Ahmed Boualaoui","Bonne accueil  mais problème toujour pas régler.","il y a 6 ans"
"88.0","Oujda","Yahya Sahel","Ça fait partie de l administration qu on dégoûte d y aller","il y a 6 ans"
"88.0","Oujda","jean michel voyez","Satisfaisant","il y a 8 mois"
"88.0","Oujda","Noureddine Alla","La meilleure des 2 autres opérateurs et rapide aussi.","il y a 7 ans"
"88.0","Oujda","Benaribi Boumediene","Service n'est pas organise surtout service technique","il y a 8 ans"
"88.0","Oujda","Rabie Bibiche","Nice Service","il y a 5 ans"
"88.0","Oujda","Mostafa Ouahhabi","Service très nul","il y a 3 ans"
"88.0","Oujda","Informatique Professional (‫المحترف للمعلوميات‬‎)","Le service de lagence de zegangan a nador et nulle","il y a 9 ans"
"88.0","Oujda","mohammed grari","Administration maroc telecom
Oeuvres sociales des postes et telecom","il y a 8 ans"
"88.0","Oujda","Indiana Jones","bon service","il y a 2 ans"
"88.0","Oujda","Ahmed Abadi","Ah med","Modifié il y a 7 ans"
"88.0","Oujda","YOUNES FAHCHOUCH","Ça marche","il y a 6 ans"
"88.0","Oujda","Mohamed El Bouazzati","Service client médiocre","il y a 6 ans"
"88.0","Oujda","siham Khaider","Super merci","il y a 3 ans"
"88.0","Oujda","mokh man","Bon emlpacement","il y a 8 ans"
"88.0","Oujda","Ibrahim Mafi","👎👎 …","il y a 7 ans"
"88.0","Oujda","F F","Toujours au top ! Merci beaucoup au responsable de l'agence pour avoir aidé à la réactivation de la carte sim périmée (suite à non recharge depuis plus de 6 mois).","il y a 2 semaines"
"88.0","Oujda","mohammed bouhjer","Maroc Télécom et une société leader de télécommunications avec la plus large couverture réseau du pays. Il opère également dans plusieurs pays africains.","il y a un mois"
"88.0","Oujda","hassan laaraj","Services médiocres et régions hors couverture","il y a 2 ans"
"88.0","Oujda","MAAMAR khalid","Plus de 10 minutes d'attente + un seul employé...","il y a 3 ans"
"88.0","Oujda","filali mohammed","Offres et réductions pour la rentrée scolaire. Bienvenue ! 💐 …","il y a 3 ans"
"88.0","Oujda","Oujda Maroc","Patrimoine Oujdi, Barid Al Maghrib, Oujda","il y a 7 ans"
"88.0","Oujda","iiWater","Excellent niveau de communication","il y a 7 ans"
"88.0","Oujda","محمد البغيل","Agence officielle de la ville d'Oujda","il y a 7 ans"
"88.0","Oujda","‫قناة اللغة العربية (‪azouzoute abderrahmane‬‏)‬‎","Il y a un peu d'attente.","il y a 8 ans"
"88.0","Oujda","Mohammed Oulahen","Je n'aime pas ça","il y a 7 ans"
"88.0","Oujda","Elbagdadi Abderrahim","Pourquoi avez-vous arrêté la VoIP ?","il y a 9 ans"
"88.0","Oujda","mohamed el mahdi Seffaj","Cool","il y a 2 ans"
"88.0","Oujda","Ahmed Oujda","Haut","il y a 3 ans"
"88.0","Oujda","Noureddine Jabbari","Services nuls","il y a 2 ans"
"88.0","Oujda","soufiane benaddi","Super","il y a 3 ans"
"88.0","Oujda","imad hadi","Service zéro","il y a 3 ans"
"88.0","Oujda","khalid usa 2taf","milieu","il y a 7 ans"
"88.0","Oujda","ABDELLAH MAAROUF","Services acceptable","il y a 3 semaines"
"88.0","Oujda","Hicham","Aucun texte","il y a un mois"
"88.0","Oujda","Soun Nm","Aucun texte","il y a 3 mois"
"88.0","Oujda","Abdelhafid El Bouzrazi","Aucun texte","il y a 5 mois"
"88.0","Oujda","Matthieu Musot (“TREE3”)","Aucun texte","il y a 11 mois"
"88.0","Oujda","Lafalaki Mehamad","Aucun texte","il y a un an"
"88.0","Oujda","Najia Azzouz","Aucun texte","il y a un an"
"88.0","Oujda","Abdessamad Phone","Aucun texte","il y a un an"
"88.0","Oujda","mohammed kamal Kabbaj","Aucun texte","il y a un an"
"88.0","Oujda","Khalid BOUKRAA","Aucun texte","il y a 2 ans"
"88.0","Oujda","Mohamed Lakhdar","Aucun texte","il y a 2 ans"
"88.0","Oujda","farid daoudi","Aucun texte","il y a 2 ans"
"88.0","Oujda","Hadda Sobhi","Aucun texte","il y a 2 ans"
"88.0","Oujda","Imad Ketama","Aucun texte","Modifié il y a 2 ans"
"88.0","Oujda","Hicham Lbettioui","Aucun texte","il y a 3 ans"
"88.0","Oujda","ahmed KORJIT","Aucun texte","il y a 3 ans"
"88.0","Oujda","Younes Lakrat","Aucun texte","il y a 3 ans"
"88.0","Oujda","Aeneas The Real","Aucun texte","il y a 3 ans"
"88.0","Oujda","youness Youness","Aucun texte","il y a 3 ans"
"88.0","Oujda","mohammed errami","Aucun texte","il y a 3 ans"
"88.0","Oujda","Benaissa Oulalit","Aucun texte","il y a 3 ans"
"88.0","Oujda","Hisoka 911","Aucun texte","il y a 3 ans"
"88.0","Oujda","محمد فحشوش","Aucun texte","il y a 4 ans"
"88.0","Oujda","Jamal Grari","Aucun texte","il y a 4 ans"
"88.0","Oujda","A. EL MERHFOR","Aucun texte","il y a 5 ans"
"88.0","Oujda","morad ayat","Aucun texte","il y a 6 ans"
"88.0","Oujda","مراجعة أخير هواتف","Aucun texte","il y a 6 ans"
"88.0","Oujda","abdelilah D","Aucun texte","il y a 6 ans"
"88.0","Oujda","Sihame Zer","Aucun texte","il y a 6 ans"
"88.0","Oujda","ahmed ahmed","Aucun texte","il y a 6 ans"
"88.0","Oujda","Galerie Oujda","Aucun texte","il y a 6 ans"
"88.0","Oujda","Taïbi Benhima","Aucun texte","il y a 7 ans"
"88.0","Oujda","Med Saad Laaroussi","Aucun texte","il y a 7 ans"
"88.0","Oujda","benalem mohamed","Aucun texte","il y a 7 ans"
"88.0","Oujda","Claudine@gmail.com Boudjiber","Aucun texte","il y a 7 ans"
"88.0","Oujda","cherrat zakaria","Aucun texte","il y a 8 ans"
"88.0","Oujda","Younes Ayoub","Aucun texte","il y a 8 ans"
"88.0","Oujda","Ancien Nouveau","Aucun texte","il y a 8 ans"
"88.0","Oujda","Driss Aouichi","Aucun texte","il y a 8 ans"
"88.0","Oujda","Lamrabet Youssef","Aucun texte","il y a 8 ans"
"88.0","Oujda","Abdelali Benabdelali","Aucun texte","il y a 8 ans"
"88.0","Oujda","agencesABB2018","Aucun texte","il y a 8 ans"
"88.0","Oujda","Lisa Midou","Aucun texte","il y a 8 ans"
"88.0","Oujda","BOUAMAMA MUSTAPHA","Aucun texte","il y a 8 ans"
"88.0","Oujda","Abderrahim RHIYOURHI","Aucun texte","il y a 8 ans"
"88.0","Oujda","arabi salim","Aucun texte","il y a 9 ans"
"88.0","Oujda","Abdeljalil Atouani","Aucun texte","il y a 9 ans"
"88.0","Oujda","Abderrahmane Bouamama","Aucun texte","il y a 10 ans"
"89.0","Oujda","Simo Larguet","IAM n’est pas le meilleurs opérateur téléphonique/internet au Maroc à mon opinion. Par contre, le personnel de cette agence est super bien. Attentif, serviable et courtois. Je n’ai vu que de bon geste depuis que j’ai eu le service IAm.","il y a 5 mois"
"89.0","Oujda","Mohammed Taibi","Personnel irresponsable, pas de communication, je viens juste de vivre l'instant le 8.7.25 à 14h15.","il y a 9 mois"
"89.0","Oujda","Karim Riga","Horaires de travail non respectés, personnels désagréables fais le minimum pour ces clients, apparemment en ce mois du ramadan ils ferment à 15h30 si vous vous arriver après cette heure comme par hasard le système BUG vraiment très déçu de cette agence !!!","il y a 3 ans"
"89.0","Oujda","aziz elmalhi","Espace agréable. Bon accueil et un service rapide. Merci","il y a 3 ans"
"89.0","Oujda","Amine Amine","Il nous arnaque ; ils vont perdre beaucoup de clients.","il y a 6 ans"
"89.0","Oujda","ABDERRAHIM TAHRI","C'est eux les rois non pas le client","il y a 9 ans"
"89.0","Oujda","iman badi","Très mauvais accueil","il y a 6 ans"
"89.0","Oujda","Khal Abdel","👍 …","il y a un an"
"89.0","Oujda","Aziz Benj (Aziz Benjelloun)","Bien","Modifié il y a 7 ans"
"89.0","Oujda","mohammed IAISSAYANE","Personnel serviable","il y a 6 ans"
"89.0","Oujda","Midox Sadaq","Agence","il y a 7 ans"
"89.0","Oujda","brahmi kaouthar","Travail","il y a 5 ans"
"89.0","Oujda","rezzouq Hilal","Un service négligé","il y a 6 ans"
"89.0","Oujda","Belbachir Mohamed","Excellent","il y a 11 mois"
"89.0","Oujda","Pavel Kuchař","a.bon","il y a 11 ans"
"89.0","Oujda","OUJDA HAYOUNI","Bon","il y a 6 ans"
"89.0","Oujda","Abdel Abdel","incroyable","il y a 11 ans"
"89.0","Oujda","Maroc Télécom","Fe","il y a 7 ans"
"89.0","Oujda","Gilles Daviot","Aucun texte","il y a 2 ans"
"89.0","Oujda","Bouarfa Zohir","Aucun texte","il y a 3 ans"
"89.0","Oujda","Khal Abdel","Aucun texte","il y a 3 ans"
"89.0","Oujda","Youssef Hanine","Aucun texte","il y a 5 ans"
"89.0","Oujda","Oumayma MOULOUDI","Aucun texte","il y a 5 ans"
"89.0","Oujda","Smart Store Oraimo oujda","Aucun texte","il y a 5 ans"
"89.0","Oujda","everything in life","Aucun texte","il y a 6 ans"
"89.0","Oujda","Ikram Khodja","Aucun texte","il y a 7 ans"
"89.0","Oujda","Elmiya Vlogs","Aucun texte","il y a 8 ans"
"89.0","Oujda","Karamo Konate","Aucun texte","il y a 9 ans"
"90.0","Oujda","Hmidach Ikram","C'est un lieu très magnifique et agréable, aussi les employés sont gentils et adorables ,Merci pour vos efforts,،👍🏻👍🏻👍🏻😊😊😊 merci bcp …","il y a 4 ans"
"90.0","Oujda","M A PAYO","Bcp d monde peu d gens serviable","il y a 7 ans"
"90.0","Oujda","jean michel voyez","Les opérateurs  sont sympa
Bon travail","il y a 2 ans"
"90.0","Oujda","Issam temissam","Soyez la bienvenue ""Un monde nouveau vous appelle""","il y a 6 ans"
"90.0","Oujda","Bouarfa Zohir","Acheter ce qui me plaît","il y a 6 ans"
"90.0","Oujda","Mohamed Zaidi","L esprit commercial à amélioré","il y a 7 ans"
"90.0","Oujda","BENYOUNES HIJAZI","Un personnel impeccable","Modifié il y a 4 ans"
"90.0","Oujda","Youssef Chouichou","bien","il y a 8 ans"
"90.0","Oujda","ZIRAR MILOUD","Retard par le service","il y a 7 ans"
"90.0","Oujda","Guido ter Horst","Sympa, local et serviable. Mieux que de faire la queue dans le centre d'Oujda.","il y a 4 ans"
"90.0","Oujda","MG","Si vous voulez quelque chose de raisonnable, adressez-vous à une autre agence, ou évitez tout simplement Maroc Telecom, et en particulier leur offre internet ou Wi-Fi, comme on l'appelle couramment.","il y a 4 ans"
"90.0","Oujda","Soun Nm","Les usagers de cette agence sont inexistants ; il n'y a ni accueil, ni service correct, ni professionnalisme – c'est comme une bande de personnes âgées jouant aux dames.","il y a 4 ans"
"90.0","Oujda","Elkiche Ahmed (Ahmed)","C'est bon","il y a 5 ans"
"90.0","Oujda","محمد البغيل","Réception inférieure à celle souhaitée","il y a 7 ans"
"90.0","Oujda","COSANO VA","Il/Elle","il y a 6 ans"
"90.0","Oujda","Mohammed Achour","Aucun texte","il y a 2 ans"
"90.0","Oujda","نور قلم","Aucun texte","il y a 2 ans"
"90.0","Oujda","marrakechi mustapha","Aucun texte","il y a 4 ans"
"90.0","Oujda","yassine rahho","Aucun texte","il y a 4 ans"
"90.0","Oujda","Wessal Bou","Aucun texte","il y a 5 ans"
"90.0","Oujda","mbadel yassine","Aucun texte","il y a 5 ans"
"90.0","Oujda","MG BOSS","Aucun texte","il y a 5 ans"
"90.0","Oujda","Rabie Bibiche","Aucun texte","il y a 5 ans"
"90.0","Oujda","Abdessamad Abdou","Aucun texte","il y a 6 ans"
"90.0","Oujda","med amine hjaji","Aucun texte","il y a 6 ans"
"90.0","Oujda","mokafih مكافح","Aucun texte","il y a 8 ans"
"90.0","Oujda","Nabil HALAWA (Moluoge)","Aucun texte","il y a 8 ans"
"90.0","Oujda","Ayoub Orkhan","Aucun texte","il y a 8 ans"
"90.0","Oujda","nor islam","Aucun texte","il y a 9 ans"
"91.0","Oujda","Tigre 130","Bien!
Dommage que la démarche de IAM pousse vers la fibre coûte que coûte  alors qu'on ne peut être intéressé forcement","il y a 3 ans"
"91.0","Oujda","HAMZA KHAT","Merci bcp pour laide
Très accueillante
Je conseille merci a mme seddiki🙏🏻 …","il y a 2 ans"
"91.0","Oujda","fatima zaouia","Je ne connais pas ce lieu en ce qui concerne l'administration mais juste à côté l'arrêt terminus du bus numéro 20","il y a 4 ans"
"91.0","Oujda","Kher Hafed","Différents offres magnifique avec des bon prix","il y a 5 ans"
"91.0","Oujda","Jasmin Brisso fawaz BIO SANGA","Il reste encore du travail surtout au niveau de l'accueil","il y a 6 ans"
"91.0","Oujda","Nestor Biro madi","Est un réseau de communication très bon","il y a 3 ans"
"91.0","Oujda","Rabie Bibiche","Service lent","il y a 5 ans"
"91.0","Oujda","Redouane Ezzine","Service trés nul","il y a 4 ans"
"91.0","Oujda","ADME YT","😍🇲🇦🇩🇿 …","il y a 6 ans"
"91.0","Oujda","Abdelkader Azzouzi","Le bureau est plutôt bien, mais ils sont toujours dans la phase d'attente.","il y a 5 ans"
"91.0","Oujda","Mafi Watan (“Mafi watan”)","Les qualités erronées ne sont pas toujours bonnes.","il y a 7 ans"
"91.0","Oujda","محمد امباركي","Service disponible 6,5 jours par semaine","il y a 4 ans"
"91.0","Oujda","Mohammed Ettouil","Mm ok","il y a 4 ans"
"91.0","Oujda","Marwan Ouijaa","Mauvais","il y a 3 ans"
"91.0","Oujda","mohammed elmeknassi","excellent","il y a 3 ans"
"91.0","Oujda","Noraden Boulanoir","bien","il y a 4 ans"
"91.0","Oujda","Mohammed belamri","Bon endroit","il y a 4 ans"
"91.0","Oujda","Hassan Mouhoub","Aucun texte","il y a 2 ans"
"91.0","Oujda","bensaad youssef","Aucun texte","il y a 2 ans"
"91.0","Oujda","Boucharoura Moustapha","Aucun texte","il y a 2 ans"
"91.0","Oujda","HZ Maroc Voyage","Aucun texte","il y a 3 ans"
"91.0","Oujda","Yamina Hasnaoui","Aucun texte","il y a 3 ans"
"91.0","Oujda","Amin Khaldi","Aucun texte","il y a 4 ans"
"91.0","Oujda","elmiloud hettab","Aucun texte","il y a 4 ans"
"91.0","Oujda","Hassan Burmani","Aucun texte","il y a 4 ans"
"91.0","Oujda","Ziad EL YAZIDI","Aucun texte","il y a 4 ans"
"91.0","Oujda","khalid Bouqob","Aucun texte","il y a 4 ans"
"91.0","Oujda","mounir larouz","Aucun texte","il y a 4 ans"
"91.0","Oujda","Abdellah Neqrouz","Aucun texte","il y a 4 ans"
"91.0","Oujda","Ayoub Mchiouer","Aucun texte","il y a 5 ans"
"91.0","Oujda","Redouane Bouziani","Aucun texte","il y a 5 ans"
"91.0","Oujda","Ali Saksaka","Aucun texte","il y a 5 ans"
"91.0","Oujda","AMINE KABIR","Aucun texte","il y a 7 ans"
"91.0","Oujda","Muhammed Mani","Aucun texte","Modifié il y a 7 ans"
"91.0","Oujda","SALI YQ","Aucun texte","il y a 7 ans"
"91.0","Oujda","Mouhamed Boutchich","Aucun texte","il y a 7 ans"
"91.0","Oujda","Med Bike Cycling","Aucun texte","il y a 7 ans"
"91.0","Oujda","Arif Mutalib","Aucun texte","il y a 7 ans"
"92.0","Oujda","Yasser Mehdi","Maroc Télécom est l'opérateur classique du Maroc, avec une superbe couverture nationale de réseau de téléphonie fixe, mobile et internet.","il y a 6 mois"
"92.0","Oujda","Yassine El khalfi (Intelligentception)","Le lieu est bien, le personnel aussi, il y a un parking pour vélo (pour l'accrocher), parcontre concernant Maroc Telecom de manière générale (je ne parle pas de ce lieu particulièrement) il semble qu'il y ait un manque de sérieux, le débit …","il y a 2 ans"
"92.0","Oujda","Moha Mehdi","Service pas responsable. Téléphoner fixe de  ma mère âge plus que 70anns  safiii 4semaine  En page.   a san age elle  a été voire le service pluse que 5 fois ma sœur a appelé plus que 3fois    a ce jours là. Personne a déplacé chez elle. Pour la réparer. Il encaissé que l 💸💸💸💸💸. Mafihom la rahma la chafaka. …","il y a 2 ans"
"92.0","Oujda","imane bellahbib","Service nuuuul + le non respect des clients","il y a un an"
"92.0","Oujda","hicham azam","Mauvais service, non respect de la clientèle","il y a 3 ans"
"92.0","Oujda","MOHAMMED CH","Service nul nul à éviter.","il y a 3 ans"
"92.0","Oujda","abrazi abderrahim","le service est nul","il y a 8 ans"
"92.0","Oujda","Mohammed Coulali","Batima coin dial lhouma","il y a 6 ans"
"92.0","Oujda","Ali Sahrabi","Mauvais service","il y a 7 ans"
"92.0","Oujda","abdelkrim filal","Je recommande vivement cette agence, Directrice compétente avec un sens relationnel exceptionnel. Merci beaucoup pour votre prestation !","il y a 4 semaines"
"92.0","Oujda","Md Shakil","Ta3amoul 00000 filles tseb siyda tma hchouma asi mustafa llah yn3lak. Mostawak machi dyal charika bhal iam","il y a un an"
"92.0","Oujda","RS Sohan Shahadat","Le service client est catastrophique.","il y a un an"
"92.0","Oujda","Abdelouahed Chajii","Bon traitement","il y a 11 mois"
"92.0","Oujda","mom olpi","Services de qualité inférieure fournis","il y a 6 ans"
"92.0","Oujda","Predator Alpha","Service 0","il y a 4 ans"
"92.0","Oujda","Taxi Driver","Personnel agréable","il y a 2 ans"
"92.0","Oujda","SAMIR HED","Hui","il y a 6 ans"
"92.0","Oujda","roland sonntag","Personnel très aimable. J'achète toujours mes recharges téléphoniques Maroc Telecom là-bas.","il y a 6 jours"
"92.0","Oujda","Wadie Bakkou","Aucun texte","il y a 11 mois"
"92.0","Oujda","Abdelilah OTMANI","Aucun texte","il y a 2 ans"
"92.0","Oujda","Robin Kincaid","Aucun texte","il y a 2 ans"
"92.0","Oujda","Mos Tafa (Stf)","Aucun texte","il y a 3 ans"
"92.0","Oujda","houda Kajioue","Aucun texte","il y a 4 ans"
"92.0","Oujda","anas elarabi","Aucun texte","il y a 5 ans"
"92.0","Oujda","Abadi Chef.","Aucun texte","il y a 6 ans"
"92.0","Oujda","a h m e e d t m","Aucun texte","il y a 8 ans"
"93.0","Oujda","Brahim LAHLAL","Prévoir la journée, pire qu'un consulat.
Seul avantage, le wifi est gratuit là-bas","il y a un an"
"93.0","Oujda","محمد فوغالي","Pourquoi mettre un téléphone si on ne décroche plus?","il y a un an"
"93.0","Oujda","Anouar hader","éviter cette agence !!","il y a 6 ans"
"93.0","Oujda","Issam Ayyadi","Une entreprise mondialement connue pour ses offres téléphoniques et internet onéreuses, et dont le chiffre d'affaires mensuel se chiffre en milliards de dirhams, a récemment acquis Inwi. Elle affirme que l'agence emploie des agents de …","il y a 7 mois"
"93.0","Oujda","F F","Aucun texte","il y a 4 semaines"
"93.0","Oujda","Ayoub Moussaoui","Aucun texte","il y a 8 mois"
"93.0","Oujda","Ahmed Taifor","Aucun texte","il y a 9 mois"
"94.0","Oujda","Mostafa Mouzouri","Ma mère (72 ans) qui s’est présentée dans cette agence d’Oujda pour demander une augmentation de son débit internet. Suite à un conseil inadapté, une option mobile de 50 DH lui a été activée alors que cela n'a aucun impact sur son débit. …","il y a 3 mois"
"94.0","Oujda","Khalid Grari","La pire agence que j'ai jamais vu, du sécurité vers le directeur, un agent commercial qui est dépassé par la technologie et têtu avec un directeur impoli une agence à éviter","il y a 2 ans"
"94.0","Oujda","kadd Merr","Le téléphone toujours occupé 👎🏻👎🏻 …","il y a 6 mois"
"94.0","Oujda","Adam Benjelloun (‫أدم بنجلون‬‎)","Agence Maroc Telecom université","il y a 3 ans"
"94.0","Oujda","Aroua Kharbach","Pire service","il y a 11 mois"
"94.0","Oujda","abdelkrim filal","Horaires d'ouverture non à jour sur Google, je me suis déplacé pour rien","il y a un mois"
"94.0","Oujda","roland sonntag","Très accueillants et serviables. J'y achète toujours mes recharges Maroc Telecom.","il y a 6 jours"
"94.0","Oujda","Driss Mestour","Aucun texte","il y a une semaine"
"94.0","Oujda","Kourradi Salah Eddine","Aucun texte","il y a 5 mois"
"94.0","Oujda","boutaina mouhoub","Aucun texte","il y a 2 ans"
"95.0","Oujda","Soufiane Aissi","Où se situe votre magasin et dans quel pays ?","il y a 10 mois"
"95.0","Oujda","MAROC MAROC","excellent..","il y a 5 mois"
"95.0","Oujda","Soufiane Baladi","Aucun texte","il y a 5 mois"
"96.0","Tetouan","Samuel dawino","Très mauvaise expérience à cette agence. Le personnel est extrêmement impoli et arrogant. Au lieu de s’occuper des clients, ils passent leur temps à regarder des vidéos TikTok pendant les heures de travail. C’est totalement irrespectueux et …","il y a 5 mois"
"96.0","Tetouan","Ismael Khalifa","J’ai été un dimanche au maroc telecom qui se trouve dans le Marjane de Tetouan, c’est une vrai catastrophe, il n’y a que 1 personne pour une file de malade attente de 40 min minimum, lorsque c’est mon tour le gars ne dit même pas …","il y a un an"
"96.0","Tetouan","Hanya el allaf","J'étais agréablement surprise de la qualité et de la rapidité du service! Ma demande d'installation de ligne a été traitée dans un délai très correcte avec un suivi journalier de la part de l'équipe technique ainsi que l'agence commerciale. Bravo 👏 👍 …","Modifié il y a 4 ans"
"96.0","Tetouan","word up","12/05/2020 directeur d'agence incompetent qui ne connait pas son produit et n'a aucun mannerisme ou comprehension de la relation clientele. Abstenez-vous d'aller à cette agence pour votre bien-être psychologique, ils ne donnent aucun …","il y a 5 ans"
"96.0","Tetouan","Angelam Mounir","Très mauvais service
Agence presque toujours vide et personnel nul
Vaut mieux la fermer …","il y a 2 ans"
"96.0","Tetouan","Med Red","Belle expérience, tout le staff était accueillant le personnel ainsi le directeur, je recommande. Bonne continuation 👍👍 …","il y a 5 ans"
"96.0","Tetouan","Amine aboch (abochalin)","Service khari
Un sol guichet","il y a 10 mois"
"96.0","Tetouan","ahmed el omrani","ils ne respectent pas les horaires . ils sont fermés alors que l agence doit etre ouverte maintenant . et ils ne repondent pas au telephone .","il y a 3 ans"
"96.0","Tetouan","boulouah redouane","Comme direction c'est bien organisée. Mais pour la qualité des services à revoir","il y a 5 ans"
"96.0","Tetouan","Mostafa Bouali","Ca sert à quoi d'afficher son numéro de téléphone si on ne répond pas?!!","il y a 6 ans"
"96.0","Tetouan","Rachid ALAOUI (“Artiste 69”)","Très bon service","Modifié il y a 7 ans"
"96.0","Tetouan","Malika Addaibouni","Des services à la mesure","il y a 5 ans"
"96.0","Tetouan","Stéphane KOUBIAC","ils ne répondent jamais au téléphone.
pourquoi afficher un numéro si c'est pour ne pas décrocher ?","il y a une semaine"
"96.0","Tetouan","Sonia Lesliensinvisibles","On vous trouve une solution pour chaque souci. Avec efficacité et sourire. Merci à l’agence de Tetouan dans la galerie de Marjane!","il y a 3 semaines"
"96.0","Tetouan","SOUHAIL JAOUANI","Service excellent, je le recommande vivement ! 👌 L’employeur a été d’une aide précieuse et a résolu notre problème efficacement, surtout après l’échec d’une autre agence (ADALA). Un professionnalisme et une fiabilité exemplaires. …","il y a 2 mois"
"96.0","Tetouan","Abir Laachir","Service vraiment mauvais. J'attends mon internet depuis une semaine, et ils n'arrêtent pas de me dire que le technicien va venir, mais il ne vient jamais.","il y a 8 mois"
"96.0","Tetouan","Zakaria Braksa","J'y suis allé pour prendre un abonnement fibre optique, la dame sur place était super accueillante, sympathique et serviable. Service 5 étoiles.","il y a 2 ans"
"96.0","Tetouan","lahcen boulmane","Oui, j'ai visité le siège de Maroc Telecom à Tétouan, et j'y ai rencontré une employée formidable. Je la remercie.","il y a 2 ans"
"96.0","Tetouan","Said Aghattass","Les règles sanitaires liées à la COVID-19 sont bien respectées.","il y a 4 ans"
"96.0","Tetouan","Mouriss Contes","Un membre du personnel","il y a 4 ans"
"96.0","Tetouan","Bbb Jjj","Bien","il y a 6 ans"
"96.0","Tetouan","MAROUANE EL BACHIRI","Bon service","il y a 6 ans"
"96.0","Tetouan","Nafie Arboun","Pauvre","il y a un an"
"96.0","Tetouan","faya mo","Calme et confortable","il y a 3 ans"
"96.0","Tetouan","Hicham Hamidi","Pour les services de télécommunications","il y a 4 ans"
"96.0","Tetouan","Loko Bachar","Aucun texte","il y a 3 mois"
"96.0","Tetouan","Otman Benjelloun","Aucun texte","il y a 6 mois"
"96.0","Tetouan","New amineo امين امينيو","Aucun texte","il y a 2 ans"
"96.0","Tetouan","رقية الحمامصي","Aucun texte","il y a 3 ans"
"96.0","Tetouan","Am A","Aucun texte","il y a 3 ans"
"96.0","Tetouan","Mutawassim Hajjaj","Aucun texte","il y a 3 ans"
"96.0","Tetouan","Hanie OCHAN","Aucun texte","il y a 4 ans"
"96.0","Tetouan","MONTASSIR KAROUANE","Aucun texte","il y a 5 ans"
"96.0","Tetouan","Amina Ben Benali","Aucun texte","il y a 5 ans"
"96.0","Tetouan","Nori Z","Aucun texte","il y a 5 ans"
"96.0","Tetouan","Othmane Azzi","Aucun texte","il y a 5 ans"
"96.0","Tetouan","Anouar El Issati","Aucun texte","il y a 6 ans"
"96.0","Tetouan","AZAROUAL SAMIR","Aucun texte","il y a 6 ans"
"96.0","Tetouan","Raouan","Aucun texte","il y a 6 ans"
"96.0","Tetouan","Mohamed Idiraten zerouali","Aucun texte","il y a 7 ans"
"96.0","Tetouan","mohssin EL (“BRB”)","Aucun texte","Modifié il y a 7 ans"
"96.0","Tetouan","Jhhjv Fhjkhf","Aucun texte","il y a 7 ans"
"96.0","Tetouan","Nuha El Haddad","Aucun texte","il y a 7 ans"
"96.0","Tetouan","Jebaari Officiel","Aucun texte","il y a 7 ans"
"96.0","Tetouan","Abdallah Senba","Aucun texte","il y a 7 ans"
"96.0","Tetouan","Imad EL AHMADI","Aucun texte","il y a 8 ans"
"97.0","Tetouan","Hicham Zaoujal","Je suis très mécontent. J’ai souscrit à un abonnement chez Maroc Telecom depuis le mardi dernier et, jusqu’à maintenant, ma ligne n’a toujours pas été activée. Ce retard est inacceptable et manque de professionnalisme","il y a 3 mois"
"97.0","Tetouan","HD KING","Mon expérience !, Je sais que c'est une agence de télécommunication. Là bas vous pouvez acheter des cartes sim ""Maroc Télécom"", faire des abonnements wifi, et plein d'autres choses. L'accueil y est quand même. Merci.","il y a 3 ans"
"97.0","Tetouan","adam chakour","9:25 am est toujours personne dans l'agence à part le gars de sécurité et la femme de ménage !!!","il y a un an"
"97.0","Tetouan","Ali Ghoudane","Service clientèle lent. Debit internet laisse à désirer ! Des prix à reviser pour pouvoir faire bénéficier tout le monde.","il y a 4 ans"
"97.0","Tetouan","Stronger Son","Vraiment j'ai ete dessous a cause d'une mouvaise façon de traiter les clients","il y a 3 ans"
"97.0","Tetouan","Mehdi Zouak","agence pas très efficace,
l'accueil n'est pas toujours le meilleur","il y a 5 ans"
"97.0","Tetouan","imane essenhaji","Service très nul!","il y a un an"
"97.0","Tetouan","Mounir Oulad Azzi","Les employé sont très désagréable.","il y a 2 ans"
"97.0","Tetouan","Mustapha Idrissi","Service trop lent et manque d'éfficacité","il y a 3 ans"
"97.0","Tetouan","Allô Martil !? Allô Martil !?","Bien équipée, bien organisée, propre...","il y a 3 ans"
"97.0","Tetouan","Adam Rg","Toujours fermé","il y a 6 ans"
"97.0","Tetouan","ثقافة خاصة","mauvaise service👎 …","il y a 3 ans"
"97.0","Tetouan","Mounir EL HICHOU EL HAMMOUCH","Agence fermée le samedi","il y a 4 ans"
"97.0","Tetouan","Mostafa Latif","Nul","il y a 5 ans"
"97.0","Tetouan","Ali Imrani Boukhobza","Mauvaise réception","il y a 7 ans"
"97.0","Tetouan","SOUHAIL JAOUANI","J'ai eu une mauvaise expérience dans cette agence lorsque je me suis renseignée sur le retard d'installation de ma fibre optique, alors que j'avais souscrit mon abonnement quelques jours auparavant. …","il y a 2 mois"
"97.0","Tetouan","حمادي hammadi","L'un des employés s'est montré extrêmement froid et distant. Je me souviens, au début de la pandémie, lorsque je suis allé le voir pour résilier mon abonnement téléphonique et internet. Il m'a imposé des démarches administratives complexes, …","il y a 2 ans"
"97.0","Tetouan","hamza chairi","Service déplorable, personnel irrespectueux, connexion internet extrêmement lente et personne ne répond au téléphone. Je déconseille fortement de souscrire à leurs services.","il y a un an"
"97.0","Tetouan","Ouail Abroun","Le pire service que j'ai jamais reçu... Le fournisseur d'accès Internet n'accepte pas un fichier PDF comme preuve ou adresse... Personne à qui parler... Même le responsable n'est pas joignable... J'ai dû passer à un concurrent. « Inwi » était bien meilleur.","il y a 2 ans"
"97.0","Tetouan","Nuha El Haddad","On ne peut pas appeler ça un service. C'est vraiment honteux… J'ai eu beaucoup de mal à faire comprendre au responsable du service que j'avais besoin d'une connexion internet stable. Ils n'ont rien fait, à part un contrôle régulier de la ligne fixe !","il y a 7 ans"
"97.0","Tetouan","Aicha Aulad","Maroco Telecom est une entreprise de télécommunications comme Base of Orange ou Telenet.","il y a un an"
"97.0","Tetouan","Hassan Abghouni","C'est plutôt bien malgré la surpopulation et le manque de personnel.","il y a 5 ans"
"97.0","Tetouan","F.F.《Y.T》","Fin ma tmxi txarji mt cash ygolo lik makhdamx","il y a un an"
"97.0","Tetouan","Bilal El","Le service client est lent, ce qui contribue à la forte surpopulation.","il y a 3 ans"
"97.0","Tetouan","Nader KHAMLICHI","Le pire service. Les employés ne se soucient pas du client. Ils vous font attendre sans se soucier de rien. Je vous déconseille de faire affaire avec eux.","Modifié il y a 6 ans"
"97.0","Tetouan","wadie belhmar","Un seul employé et vous devez attendre votre tour, combien de temps cela va-t-il prendre ?","il y a un an"
"97.0","Tetouan","AB C.","La plupart du temps, il faut attendre plus de 15 minutes pour être servi.","il y a 7 ans"
"97.0","Tetouan","Jamal Bunker","Bonjour","il y a 7 mois"
"97.0","Tetouan","barram khalid","Service 0","il y a un an"
"97.0","Tetouan","Mohamed Kharbach","Très, très, très mauvais 😡😡😡😡😡😡😡😡 Leurs services sont inexistants …","il y a 4 ans"
"97.0","Tetouan","Samir Chacor ABU SALMAN","La photo ne reflète pas et ne présente pas le lieu.","il y a 4 ans"
"97.0","Tetouan","Simohamed Azaitar","Ils me traiteront bien","il y a 3 ans"
"97.0","Tetouan","Do Dodo","mauvais traitement et manque de services","il y a 2 ans"
"97.0","Tetouan","Diego Quiles","Un voyage nostalgique rempli de souvenirs","il y a 8 ans"
"97.0","Tetouan","الشافي","traitement de qualité inférieure","il y a 5 ans"
"97.0","Tetouan","Fouad Kenitramaroc99","normale","il y a un an"
"97.0","Tetouan","EL Amin","Transaction 0","il y a 3 ans"
"97.0","Tetouan","Elalilti XĎ","Pas bon","il y a 8 ans"
"97.0","Tetouan","Mohamed Aha","mauvais traitements","il y a 2 ans"
"97.0","Tetouan","Aymane Ou bo","0 service","il y a 2 ans"
"97.0","Tetouan","Mohammed Ali BEN JEDDI","Bien","il y a 4 ans"
"97.0","Tetouan","Younes Fatah","Cri vide","il y a 4 ans"
"97.0","Tetouan","Florian Martin","Gestion téléphonique","Modifié il y a 3 ans"
"97.0","Tetouan","Plus Account","Je suis donc censée attendre qu'une seule personne revienne de vacances pour obtenir le service dont j'ai besoin, car apparemment les autres ne savent pas comment faire.","il y a une semaine"
"97.0","Tetouan","Brahim Mansouri","Il y a tellement de négligence qu'on a l'impression que tout le monde est en colère et nous ignore. Cet organisme doit revoir ses méthodes de prise en charge. Je vais changer d'entreprise à cause de la qualité du traitement ; c'est catastrophique.","il y a 3 semaines"
"97.0","Tetouan","Abdallah Elouizi","Aucun texte","il y a 9 mois"
"97.0","Tetouan","A'ß YouSsef","Aucun texte","il y a un an"
"97.0","Tetouan","Walid Sedejari","Aucun texte","il y a un an"
"97.0","Tetouan","lazaar mohamed","Aucun texte","il y a 2 ans"
"97.0","Tetouan","Fisa MOHAMED","Aucun texte","il y a 3 ans"
"97.0","Tetouan","mohamed ouazzani","Aucun texte","il y a 3 ans"
"97.0","Tetouan","Ibtissam Merroun","Aucun texte","il y a 3 ans"
"97.0","Tetouan","Bouker Badhou","Aucun texte","il y a 3 ans"
"97.0","Tetouan","user","Aucun texte","il y a 3 ans"
"97.0","Tetouan","aymame","Aucun texte","il y a 3 ans"
"97.0","Tetouan","Farid Tetouan","Aucun texte","il y a 4 ans"
"97.0","Tetouan","Said Chamlali","Aucun texte","il y a 4 ans"
"97.0","Tetouan","jawad bejawi","Aucun texte","il y a 4 ans"
"97.0","Tetouan","Adnane El krami","Aucun texte","il y a 4 ans"
"97.0","Tetouan","MOUHCINE EL","Aucun texte","il y a 4 ans"
"97.0","Tetouan","Omar Akdi","Aucun texte","il y a 4 ans"
"97.0","Tetouan","Zaka F","Aucun texte","il y a 4 ans"
"97.0","Tetouan","AHMED ELAMRI","Aucun texte","il y a 4 ans"
"97.0","Tetouan","Rubio Sport 7","Aucun texte","il y a 4 ans"
"97.0","Tetouan","Mohamed Ajouaoui","Aucun texte","il y a 4 ans"
"97.0","Tetouan","mohamed fadli","Aucun texte","il y a 4 ans"
"97.0","Tetouan","Saad Saad Saad","Aucun texte","il y a 4 ans"
"97.0","Tetouan","Naoufal Akhrouf","Aucun texte","il y a 4 ans"
"97.0","Tetouan","youssef seffar","Aucun texte","il y a 5 ans"
"97.0","Tetouan","Warda Ahidar","Aucun texte","il y a 5 ans"
"97.0","Tetouan","Abde Al hak","Aucun texte","il y a 5 ans"
"97.0","Tetouan","Rafik EL KORACHI","Aucun texte","il y a 6 ans"
"97.0","Tetouan","We Loui","Aucun texte","il y a 6 ans"
"97.0","Tetouan","Soulaiman Chakkour","Aucun texte","il y a 6 ans"
"97.0","Tetouan","nabil mechbal","Aucun texte","il y a 6 ans"
"97.0","Tetouan","Abdelaziz Majait","Aucun texte","il y a 6 ans"
"97.0","Tetouan","Elhadi CHAOUI","Aucun texte","il y a 6 ans"
"97.0","Tetouan","JAMAL BEN KADI","Aucun texte","il y a 7 ans"
"97.0","Tetouan","Rachid ALAOUI (“Artiste 69”)","Aucun texte","il y a 7 ans"
"97.0","Tetouan","Omar El haddad","Aucun texte","il y a 7 ans"
"97.0","Tetouan","Knowledge Way","Aucun texte","il y a 7 ans"
"97.0","Tetouan","Nizar Bouhlal","Aucun texte","il y a 7 ans"
"97.0","Tetouan","Yazid Taheri","Aucun texte","il y a 7 ans"
"97.0","Tetouan","said lles","Aucun texte","il y a 7 ans"
"98.0","Tetouan","Douaa Saidi","Je souhaite exprimer mon mécontentement concernant une expérience récente dans votre agence. J’ai été pris en charge par une conseillère, dont l’attitude a été particulièrement décevante. Elle s’est montrée impolie et condescendante dans …","il y a un an"
"98.0","Tetouan","Bassim","À éviter absolument. Le pire service de la pire agence de la pire entreprise de télécommunication du Maroc. Le chaos absolu. Pas d'ordre du tout. Seulement 2 représentants à la réception. Les autres sont soit en train de discuter …","il y a 2 ans"
"98.0","Tetouan","Zakar’IA","J'ai jamais vu un accueil aussi execrable, la personne qui m'as reçu a fait preuve de désinvolture et d'un manque flagrant de professionalisme ! Je déconseille fortement cette agence !","il y a 2 ans"
"98.0","Tetouan","Adnane Aboadnane","Disponible et service extra","il y a 7 ans"
"98.0","Tetouan","Abdellah BAKKALI","Aucun commentaire","il y a 7 ans"
"98.0","Tetouan","Youssef Ghanem","Parfait","il y a 5 ans"
"98.0","Tetouan","Hind M","Nous tenions à remercier chaleureusement le directeur de l’agence ainsi que toute son équipe pour leur professionnalisme et leur engagement. Malgré une situation particulière (immeuble neuf et premier raccordement à la fibre), ils ont su …","il y a 4 semaines"
"98.0","Tetouan","Véronique","Quel endroit impersonnel et pas accueillant, remettez vous en question un peu...","il y a un mois"
"98.0","Tetouan","yousra najah","J'ai rendu visite à l'agence en raison de problèmes persistants avec ma connexion ADSL. J'ai eu la chance d'être conseillée par Mme Bakkali Tahiri. Elle a été extrêmement patiente, aimable et serviable. Elle m'a tout expliqué étape par étape en utilisant un vocabulaire simple et clair, ce que j'ai beaucoup apprécié. 🙏🏻 …","il y a 2 mois"
"98.0","Tetouan","Mimi Sabrin","La pire expérience de ma vie. Le personnel est malhonnête et tout le monde s'en fiche. J'ai dû payer d'avance et attendre presque une semaine pour avoir internet, mais malheureusement, rien ne s'est passé. Je n'ai reçu aucun message ni …","il y a 8 mois"
"98.0","Tetouan","Saber Ch","Le gérant est extrêmement impoli à tous les égards.","il y a 7 mois"
"98.0","Tetouan","Assia Bouras","Service déplorable. Accueil et traitement catastrophiques. Connexion internet très lente. L'équipe de maintenance est toujours en retard et n'arrive qu'après de longues et pénibles négociations avec des responsables incompétents. Et tout cela pour rien. Que Dieu vienne en aide aux habitants de Tétouan.","il y a 2 ans"
"98.0","Tetouan","YNS Bnhs","La dame du premier bureau m'a mal reçue. Le personnel plus âgé manquait de courtoisie et d'écoute, et était souvent irritable.","il y a 2 ans"
"98.0","Tetouan","Me _ The visitor","Un service professionnel exceptionnel de la part de Youssef !
Il a pris le temps de nous expliquer les possibilités de la fibre optique à domicile, comment payer en ligne et à quoi s'attendre dès la signature du contrat ! …","il y a 2 ans"
"98.0","Tetouan","Kamar El Madani","Service déplorable. Aucun employé ne fait correctement son travail. Leur seule préoccupation est de vider les bureaux. Ils font des promesses qu'ils ne tiennent pas, du genre « Je vous recontacte », « Ne vous inquiétez pas », etc. …","il y a 4 ans"
"98.0","Tetouan","Nadir Nadir","Top top","il y a un mois"
"98.0","Tetouan","Your guider","Endroit très agréable et propre, personnel respectueux, peu fréquenté.","il y a 9 mois"
"98.0","Tetouan","Mou Bla","Service client déplorable… La personne à qui j'ai parlé était très impolie et incompétente. Si vous avez la possibilité d'aller ailleurs, évitez cet endroit.","il y a 6 ans"
"98.0","Tetouan","Achraf El Ismaili","Le pire directeur d'agence que j'aie jamais vu… Je lui ai fait part du problème et il m'a dit que si ça ne me convenait pas, je pouvais résilier le service… Pfff, une personne comme ça donne envie de détester le Maroc et Maroc Telecom.","il y a 3 ans"
"98.0","Tetouan","Jfufd Igyr","www,blogget,com/atom/ns#/category)(titre) (#2598114)","il y a 4 ans"
"98.0","Tetouan","SouL","Les pires personnes que j'aie vues en ville jusqu'à présent.","il y a 2 ans"
"98.0","Tetouan","Ayoub Tetouan","Ça fonctionne très, très mal.","il y a un an"
"98.0","Tetouan","Ayoub Rhattoy","Mauvais endroit","il y a 3 ans"
"98.0","Tetouan","Sbai Mostafa","bon service","il y a 4 ans"
"98.0","Tetouan","Said ETTARAF","Entreprise exploiteuse","Modifié il y a 7 ans"
"98.0","Tetouan","soulaiman Bhd","Des prix élevés, des prix très élevés. Je crois que le Maroc est le seul pays au monde où l'accès à Internet est cher.","il y a une semaine"
"98.0","Tetouan","youssef lagdim","Aucun texte","il y a 5 mois"
"98.0","Tetouan","aluni mohammed","Aucun texte","il y a 9 mois"
"98.0","Tetouan","El maimouni Ayman","Aucun texte","il y a 11 mois"
"98.0","Tetouan","Amin Amin","Aucun texte","il y a un an"
"98.0","Tetouan","Fatima Wachaf","Aucun texte","il y a un an"
"98.0","Tetouan","Unknow Zerocinq (#)","Aucun texte","il y a 2 ans"
"98.0","Tetouan","Zohair Selmouni","Aucun texte","il y a 3 ans"
"98.0","Tetouan","MOHAMMED KANJAA","Aucun texte","il y a 3 ans"
"98.0","Tetouan","Morning waitss","Aucun texte","il y a 3 ans"
"98.0","Tetouan","Karim Oulad Si Ali","Aucun texte","il y a 4 ans"
"98.0","Tetouan","Ayoub EZ-ZARI","Aucun texte","il y a 4 ans"
"98.0","Tetouan","Malki mohamed Malki boumahchad","Aucun texte","il y a 4 ans"
"98.0","Tetouan","Adam Rifi","Aucun texte","il y a 6 ans"
"98.0","Tetouan","Bouazza Ouakka","Aucun texte","il y a 6 ans"
"98.0","Tetouan","Maemoun Alami","Aucun texte","il y a 6 ans"
"98.0","Tetouan","Sulayman Mohamed Taie","Aucun texte","il y a 6 ans"
"99.0","Tetouan","Shami Wissam","Forfait internet illimité qui ne marche plus au bout de 2 jours, aucun service client ( elle m’a clairement dit de me demerder) et de plus la vendeuse est agressive avec les clients.","il y a 7 mois"
"99.0","Tetouan","Zakar’IA","Ça vous arrive de répondre au téléphone ?? ?
À chaque fois que j’ai un problème impossible d’avoir l’agence !","il y a 2 ans"
"99.0","Tetouan","Michel","Une Femme très gentille à l'écoute et explique bien les choses pour les tourismes français 👍 …","il y a 2 ans"
"99.0","Tetouan","Marcel Dinghs","Nous avons acheté une carte SIM et un forfait de données. Une semaine plus tard, lorsque j'ai inséré la carte SIM dans le téléphone, elle ne fonctionnait pas. Trois téléphones différents n'ont pas reconnu la carte. Je ne sais pas ce qu'ils nous ont vendu.","il y a 3 mois"
"99.0","Tetouan","Meryeme Jallal","Service déplorable, manque d'efficacité, connexion toujours mauvaise, voire inexistante. …","il y a 11 mois"
"99.0","Tetouan","DIDIJ Doja","Ils ne répondent même pas au téléphone ! À quoi bon afficher un numéro si personne ne répond ?","il y a un an"
"99.0","Tetouan","Saad Stitou El Messari","Aucun texte","il y a 6 mois"
"99.0","Tetouan","Self Annihilation","Aucun texte","il y a 8 mois"
"99.0","Tetouan","ayman zerri","Aucun texte","il y a 10 mois"
"100.0","Tetouan","Seungkyun Kim","Il n'y avait aucun panneau et la porte était fermée... Je transpirais abondamment à cause de l'ascension de la colline.","il y a 3 mois"
"100.0","Tetouan","Sofia Stones","Vous avez des problèmes de connexion internet, vous allez vous plaindre, on vous donne le numéro 115, vous appelez et vous tombez sur un répondeur automatique qui ne résout rien. Ils sont prompts à encaisser votre argent, sinon ils vous coupent la connexion, mais quand il s'agit de résoudre un problème… rien. Une vraie déception.","il y a un an"
"100.0","Tetouan","Manuel Muñoz","Service excellent et très proche de l'arrêt de bus CTM","il y a 7 mois"
"100.0","Tetouan","Toto Lili","Aucun texte","il y a un an"
"100.0","Tetouan","Abdo Rabo","Aucun texte","il y a un an"
"100.0","Tetouan","Dikra El bekkari","Aucun texte","il y a un an"
"101.0","Tetouan","aya Elmehdi","une seule conseillère dans une grande agence c'est pitoyable + la conseillère et impolie et parle de haut , a chaque demande elle dis appel le 115 ou ch pas quoi meme le responsable d agence appeler le 115 il a dis. …","il y a 4 ans"
"101.0","Tetouan","Toto Lili","Le service est totalement inégal. On y va comme si on y allait pour neuf heures, le Wi-Fi est coupé de temps en temps et, quand on y va, on nous dit de payer 500 dirhams pour éviter les problèmes, ce qui est absurde. Pour ceux qui veulent …","il y a un an"
"101.0","Tetouan","PBdroid","Une grande agence avec une seule femme","il y a 4 semaines"
"102.0","Tetouan","Ilyass Maarouf","NUL NUL  NUL
J'ai souscrit aux services fibre Il y a 20 jours, evidement faut tout payer en avance. …","il y a 3 mois"
"102.0","Tetouan","Regis lemotard","Nul malpoli, incompétent 0 étoile c est mieux.","il y a 2 mois"
"102.0","Tetouan","Mo Abz","La pire agence de Maroc Telecom au Maroc, de loin et a Martil. Ils ne résolvent jamais rien et ne proposent aucune solution, quel que soit le problème. Les deux employés sont très antipathiques, ils te parlent avec arrogance comme s’ils te …","il y a 10 mois"
"102.0","Tetouan","lyna LMR","A fuir !!! Allez à Inwi. J’ai payé pour une box wifi j’ai jamais eu de wifi. Le personnel m’a donné leur téléphone. On a échangé 3 fois et puis elle décide de ne plus me répondre. Allez à INWI !","il y a 8 mois"
"102.0","Tetouan","Abdellatif Ait Baala","Très mauvais accueil","il y a 2 mois"
"102.0","Tetouan","École Imame Eddine","Je viens de les revoir bon service","il y a 8 mois"
"102.0","Tetouan","SIWAK BJJ ACADEMY","Vraiment pas serviable, le marché de poisson de martial son plus professionnel ...j’étais venu pour des infos pour ouvrir une connexion internet chez moi...le personnel pas poli certains d entre eux on difficiles de répondre aux …","il y a 6 ans"
"102.0","Tetouan","Toto Lili","Très mauvais réseau 👎 , j'ai signé sur un début de 12 Mbps , et j'ai reçu 2 Mbps , et des ruptures chaque  fois , le comportement des enployées inappropriés 😡, je vous conseille pas MAROC TÉLÉCOM, mauvais service 👎👎 mauvaise début …","il y a un an"
"102.0","Tetouan","Q. M.","la communication n est pas leurs points fort,
5 jours d attente donc perdus pour un depannage réalisé en 10 minutes.","il y a un an"
"102.0","Tetouan","Abderrezak BERBARA","Agence très bien placée, personnel agréable et le service est très rapide.","il y a un an"
"102.0","Tetouan","Mesbah Mohamed","Parfait !","il y a 3 mois"
"102.0","Tetouan","Lamia F","merci à la conseillère qui m’a aidé à résoudre mon pbm de puce. Rapide, à l’écoute et efficace","il y a un an"
"102.0","Tetouan","lamia jbara","Propre, calme, mais pas bcp de personnel","il y a 10 mois"
"102.0","Tetouan","khadija Ouziki","Merci pour vos services","il y a 8 mois"
"102.0","Tetouan","Faycal FAYCAL","Accueil très froid","il y a 11 mois"
"102.0","Tetouan","فوائد من الدين والدنيا","Un service au dessous de zero,les clients sont leur dernier souci","il y a 4 ans"
"102.0","Tetouan","Bajia Yassir","service nul et ne respecte pas les clients","il y a 6 ans"
"102.0","Tetouan","Angry Joker","Aucun respect du client.","il y a 6 ans"
"102.0","Tetouan","Imad. Kdeih","Accueil nul","il y a 3 ans"
"102.0","Tetouan","Ali Ameziane","mauvais service","il y a 8 ans"
"102.0","Tetouan","Ahmed Guider","Mmmmmmmmmmmmmmmmmmmmmmmmmmmmmmmmmmmmmmmmmmmmmm le croissant Au chocolat","il y a un mois"
"102.0","Tetouan","الأوريغامي Origami","Après plus d'une heure d'attente, l'employeur n'a servi qu'un seul client ; service très lent.","il y a 3 mois"
"102.0","Tetouan","Omar Bennouna","Service déplorable. Même lorsque l'agence est vide, elle ne dispose pratiquement d'aucun service et est incapable de proposer la moindre solution. On peut tout au plus payer des factures, ce qui est bien plus simple et possible dans …","il y a 8 mois"
"102.0","Tetouan","RIKO FF","Aucune communication, aucun service, la pire entreprise du monde : le Wi-Fi est constamment coupé et ils se moquent des clients.","il y a 7 mois"
"102.0","Tetouan","Kathryn (“Socje”)","Je ne peux pour aucune raison recommander Maroc Telecom. Le service Internet est très peu fiable. J'ai souscrit pour 12 Mo, j'ai de la chance si j'en reçois la moitié. Il n’est pas rare d’éprouver des vitesses de 2 à 3 Mbs. Lorsque …","il y a un an"
"102.0","Tetouan","ORIGAMI Graphic Design","Après plus d'une heure d'attente, l'employeur n'a servi qu'un seul client ; service très lent.","il y a 3 mois"
"102.0","Tetouan","Hazok","Je n'ai même pas été autorisé à entrer ! Je suis un touriste américain. Un agent de sécurité m'a arrêté à la porte. Je lui ai demandé s'il parlait anglais. Je n'arrêtais pas de dire « téléphone », « forfait ». Je lui ai montré mon …","il y a 2 ans"
"102.0","Tetouan","Mourad Elamrati","Le service d'Etisalat Almaghreb était globalement correct, mais il est perfectible, notamment au niveau du service client. Si le service de base était satisfaisant, un meilleur support client améliorerait considérablement l'expérience utilisateur.","il y a 2 ans"
"102.0","Tetouan","Ezil","Après plus d'une heure d'attente, l'employeur n'a servi qu'un seul client ; le service est extrêmement lent. J'ai essayé Morocco Telecom pour la première fois, mais j'ai bien peur que cette entreprise ne soit qu'une source de problèmes.","il y a 2 ans"
"102.0","Tetouan","Mourad Bouachra","Bon accueil de la part de certains membres du personnel qui s'acquittent parfaitement de leurs fonctions, et un grand bravo à l'agent de sécurité privé chargé de la réception.","il y a un an"
"102.0","Tetouan","origami pub","0 service","il y a 3 mois"
"102.0","Tetouan","HAJAR GROUANE BENSAID","Centre de services Maroc Telecom","il y a 4 mois"
"102.0","Tetouan","Dani Chipa","Dans cette agence, on ne parle aucune langue, car elle se situe dans une zone touristique internationale à proximité de l'Union européenne. Avec des relents racistes, c'est un zéro pointé pour les responsables qui recrutent le personnel de Morocco Telecom travaillant dans le nord du Maroc.","il y a 7 ans"
"102.0","Tetouan","ken diment","Excellent service, bon prix, tout a fonctionné comme prévu","il y a 2 ans"
"102.0","Tetouan","Number 445","Doit être la pire agence Maroc Telecom du Royaume. Le pire support client","il y a 3 ans"
"102.0","Tetouan","Younes Huawei","Makibghiwch yjawbo 3la télé kak3yaw nsoniw","il y a un an"
"102.0","Tetouan","hvvxyn n","Le problème majeur est que certains employés ne portent pas de masque...","il y a 5 ans"
"102.0","Tetouan","elkdioui mohamed","La qualité des services n'est pas à la hauteur.","il y a 6 ans"
"102.0","Tetouan","Zanelabidine Lhani","très bien","il y a 2 ans"
"102.0","Tetouan","Taeib BENALI","Service client déplorable ; les clients sont mal traités.","il y a 6 ans"
"102.0","Tetouan","Yassine Farihane","Mal traiter les clients.","il y a 5 ans"
"102.0","Tetouan","Dounia El kadiri","Ya salam","il y a 4 ans"
"102.0","Tetouan","Ayoub DAHMAN","Si mal","il y a 7 ans"
"102.0","Tetouan","Younes El Ayachi","Agent sylpa","il y a 9 mois"
"102.0","Tetouan","Yassine KHATIB","Bien","il y a 2 ans"
"102.0","Tetouan","Halima","Très mauvais","il y a 4 ans"
"102.0","Tetouan","يوسف شاطر","Accueil merveilleux","il y a 6 ans"
"102.0","Tetouan","Rachid maroc","S'il te plaît","il y a 6 ans"
"102.0","Tetouan","mariam amimar","Entrée une par une","il y a 5 ans"
"102.0","Tetouan","Mariam Tet","incroyable","il y a 5 ans"
"102.0","Tetouan","زكرياء المجدوب الادريسي","excellent","il y a 6 ans"
"102.0","Tetouan","NOA Kun","Bon","il y a 8 ans"
"102.0","Tetouan","chaimaa hagoche","Le service d'assistance technique est déplorable. Je me suis abonné à la fibre optique mercredi dernier, et cela fait maintenant sept jours que personne n'est venu installer le boîtier. Même l'agence ne répond pas au téléphone. C'est le pire service que j'aie jamais connu.","il y a 3 jours"
"102.0","Tetouan","ISMAIL KHLIFA","Aucun texte","il y a une semaine"
"102.0","Tetouan","علاء بوطيور","Aucun texte","il y a 2 mois"
"102.0","Tetouan","Achraf","Aucun texte","il y a 2 mois"
"102.0","Tetouan","bangicode","Aucun texte","il y a 3 mois"
"102.0","Tetouan","imperial cafe","Aucun texte","il y a 3 mois"
"102.0","Tetouan","bangui achraf","Aucun texte","il y a 3 mois"
"102.0","Tetouan","vaneno karim","Aucun texte","Modifié il y a 5 mois"
"102.0","Tetouan","Abdelali Sbihi","Aucun texte","il y a 8 mois"
"102.0","Tetouan","Mohamed Nour","Aucun texte","il y a un an"
"102.0","Tetouan","Oesem","Aucun texte","il y a un an"
"102.0","Tetouan","Oussama Raysouny","Aucun texte","il y a un an"
"102.0","Tetouan","Paco","Aucun texte","il y a 2 ans"
"102.0","Tetouan","OUAHIBA ELYAAGOUBI","Aucun texte","il y a 2 ans"
"102.0","Tetouan","Mohamed El Khatib","Aucun texte","il y a 2 ans"
"102.0","Tetouan","HAKIM BELKAT","Aucun texte","il y a 3 ans"
"102.0","Tetouan","Med Ali (“Anarchy”)","Aucun texte","il y a 3 ans"
"102.0","Tetouan","adil anwar Tssouli","Aucun texte","il y a 3 ans"
"102.0","Tetouan","Patrick Bertin","Aucun texte","il y a 4 ans"
"102.0","Tetouan","Fahsi Ben Sellam Mouad","Aucun texte","il y a 4 ans"
"102.0","Tetouan","Samir El Alami","Aucun texte","il y a 4 ans"
"102.0","Tetouan","Rahma Abdelouaret","Aucun texte","il y a 4 ans"
"102.0","Tetouan","Mouna Harrachii","Aucun texte","il y a 4 ans"
"102.0","Tetouan","Hajaar vlogs","Aucun texte","il y a 4 ans"
"102.0","Tetouan","Khalil Zip","Aucun texte","il y a 4 ans"
"102.0","Tetouan","Abdell Ahmed","Aucun texte","il y a 4 ans"
"102.0","Tetouan","Rachid","Aucun texte","il y a 4 ans"
"102.0","Tetouan","Soufian Elhiki","Aucun texte","il y a 5 ans"
"102.0","Tetouan","Abdekrim El Hayani","Aucun texte","il y a 5 ans"
"102.0","Tetouan","Khalid BELMOUDEN","Aucun texte","il y a 5 ans"
"102.0","Tetouan","Abdelkhalak Elrhalmi","Aucun texte","il y a 5 ans"
"102.0","Tetouan","job Ourh","Aucun texte","il y a 5 ans"
"102.0","Tetouan","Fouad Sennouni","Aucun texte","Modifié il y a 5 ans"
"102.0","Tetouan","Said Nourti","Aucun texte","il y a 5 ans"
"102.0","Tetouan","Abdessamad Ouhassoune","Aucun texte","il y a 6 ans"
"102.0","Tetouan","Ranay Leranay","Aucun texte","il y a 6 ans"
"102.0","Tetouan","Luis José","Aucun texte","il y a 6 ans"
"102.0","Tetouan","Ismael ASSOUMANA KIMBA","Aucun texte","il y a 6 ans"
"102.0","Tetouan","Medelinor","Aucun texte","il y a 6 ans"
"102.0","Tetouan","Kawtar Baghouz","Aucun texte","il y a 6 ans"
"102.0","Tetouan","Adil MADIH","Aucun texte","il y a 6 ans"
"102.0","Tetouan","imane BJD","Aucun texte","Modifié il y a 7 ans"
"102.0","Tetouan","Ali Mohamed","Aucun texte","il y a 7 ans"
"102.0","Tetouan","Menbia Radouane","Aucun texte","il y a 7 ans"
"102.0","Tetouan","Imad Taouil","Aucun texte","il y a 7 ans"
"102.0","Tetouan","Amina Bouhlal","Aucun texte","il y a 7 ans"
"102.0","Tetouan","Caza Cazanova","Aucun texte","il y a 7 ans"
"102.0","Tetouan","AMHARRAK EL HOSSAIN","Aucun texte","il y a 7 ans"
"102.0","Tetouan","David Arévalo","Aucun texte","il y a 8 ans"
"102.0","Tetouan","Ahmed Sellak","Aucun texte","il y a 8 ans"
"103.0","Tetouan","عــبــدالله ּاٴ̍بــوۥ عـبــد ا̍ڵــڔحۡــمۘــٰن","60 jours ???","il y a 3 mois"
"103.0","Tetouan","Ami Ihssane","Aucun texte","il y a une semaine"
"103.0","Tetouan","Nasrdin El Bakkali","Aucun texte","il y a 10 mois"
"104.0","Safi","CAM JEMAA SHAIM","Agence Maroc Télécom se situant au Quartier MIFTAH Lkhir sise à Safi dont les employés sont très aimable et accueillant, hospitaliers....","Modifié il y a 5 ans"
"104.0","Safi","Abdelkader ABKARI","C'EST un lieu destiné à MAROC TELECOM  PRIVILÉGIE SI BON","il y a 5 ans"
"104.0","Safi","Mohsine Hachkar","Sentiments mitigés. La qualité des sévices gagnerait à être améliorée","il y a 7 ans"
"104.0","Safi","Mos Kal","Pas mal","il y a 5 ans"
"104.0","Safi","ABDO ABDO","Le service client de Maroc Telecom à Safi est extrêmement mauvais, et le service est inexistant (00/00).","il y a 4 ans"
"104.0","Safi","driss lahmouni","malheureusement","il y a un an"
"104.0","Safi","Med Zakkar","Manque de services","il y a 5 ans"
"104.0","Safi","Mohammed Elachhab","Agence de télécommunications du Maroc","Modifié il y a 4 ans"
"104.0","Safi","Mohammed Cherfaoui","le pire service de tous les temps","il y a 6 ans"
"104.0","Safi","Abdellatif Ghazi","Frouta","il y a 5 ans"
"104.0","Safi","nawal idmahamma","Aucun texte","il y a 9 mois"
"104.0","Safi","mohammed driouech","Aucun texte","Modifié il y a 10 mois"
"104.0","Safi","Mouhssine Benbakhta","Aucun texte","il y a 2 ans"
"104.0","Safi","Kamal Kamal","Aucun texte","il y a 4 ans"
"104.0","Safi","Raja GALAZ","Aucun texte","il y a 4 ans"
"104.0","Safi","ياسين بلفحل","Aucun texte","il y a 4 ans"
"104.0","Safi","Юссеф Ахаммар","Aucun texte","il y a 4 ans"
"104.0","Safi","youness kamall","Aucun texte","il y a 5 ans"
"104.0","Safi","Mehdi Ecom","Aucun texte","il y a 5 ans"
"104.0","Safi","assiya isfahane","Aucun texte","il y a 6 ans"
"104.0","Safi","Fahd Roussafi","Aucun texte","il y a 6 ans"
"104.0","Safi","Yassine LAMLILHA","Aucun texte","il y a 7 ans"
"104.0","Safi","Omar Chagra","Aucun texte","il y a 8 ans"
"104.0","Safi","Youness BOUDARQA","Aucun texte","il y a 9 ans"
"106.0","Safi","Fatii Eljaouhari","Ils ont coupé le Wifi, nous sommes aller les voir pour résoudre le problème..ils ont dit le contrat est annulé, après quelques mois, nous avons reçu une lettre nous indiquant que nous devons payer 1300dh et pour cause!! apparement même si …","il y a un an"
"106.0","Safi","AB BI","Le service le plus mediocre qu on puisse rencontrer . Là bas on oublie que c est un secteur privé je me demande pourquoi en embauche de tel personnel . Aucun sourire à l encontre de la clientele . NUL NUL","il y a 5 ans"
"106.0","Safi","waldowish","Une place mal éclairée le soir, comme la plus part des coins de la ville d'ailleurs, délabrée, où y a pas de sécurité, les visiteurs locaux font preuve d'incivisme vis à vis des monuments et d'installations de la place.","il y a 5 ans"
"106.0","Safi","Ali Snaiki Bennalou","Assez bien comme etablissement public reste  encore a faire plus d effort","il y a 8 ans"
"106.0","Safi","Bernard Morand","Pas trop mal mais peuvent faire mieux !!!!!","il y a 7 ans"
"106.0","Safi","Aitarsim Mohamed","Mauvais service","il y a un an"
"106.0","Safi","Taoufiq Laalou","une entreprise avec un service clients mediocre","il y a 7 ans"
"106.0","Safi","Brahim Marsi","Service manquant de rapidité et de conseil.","il y a 8 ans"
"106.0","Safi","Abdallah OUSAID","Situation à marjane de safi.","il y a 3 ans"
"106.0","Safi","said echchadi","Service moyen","il y a 7 ans"
"106.0","Safi","majhol Android","Ils ne sont pas tous bons et il y a un employé qui devrait être renvoyé.","il y a 6 ans"
"106.0","Safi","HIT SPORT","Aucun texte","il y a 2 ans"
"106.0","Safi","ABDOU RABIH ABDESSALAM","Aucun texte","il y a 5 ans"
"106.0","Safi","devosystem","Aucun texte","il y a 5 ans"
"106.0","Safi","Ghazi Abdellatif","Aucun texte","il y a 5 ans"
"106.0","Safi","arbia azhar","Aucun texte","il y a 6 ans"
"106.0","Safi","Abdellah Benmoussa","Aucun texte","il y a 6 ans"
"106.0","Safi","Karkouri Mouti","Aucun texte","il y a 6 ans"
"106.0","Safi","Khalil LAHLALI","Aucun texte","il y a 7 ans"
"106.0","Safi","Yassine Ouasmine ElReg","Aucun texte","il y a 7 ans"
"106.0","Safi","omar houbbi","Aucun texte","il y a 7 ans"
"106.0","Safi","Amawn Amawn","Aucun texte","il y a 7 ans"
"106.0","Safi","houda fadil","Aucun texte","il y a 8 ans"
"107.0","Safi","Bendkia Bouchaib","Une agence à Safi très bien situé mais un personnel Mal qualifié et manque d un manager pour repartir les tâches surtout pour le volet des particuliers.","il y a un an"
"107.0","Safi","benmoussa abdelali","mouvaise agence et ub service nuk","il y a 8 ans"
"107.0","Safi","Yassin Rachidi","Meilleur","il y a 3 ans"
"107.0","Safi","AHMED BOUZID","Bon service","il y a 4 ans"
"107.0","Safi","Abdelkader ABKARI","Bon service","il y a 6 ans"
"107.0","Safi","Mohammed Elachhab","Agence de services Maroc Telecom","il y a 4 ans"
"107.0","Safi","ZOULOULOU","Très bien","il y a 4 ans"
"107.0","Safi","ishakk mohamed","Adapté aux familles","il y a 3 ans"
"107.0","Safi","Znb El","Safii","il y a 3 ans"
"107.0","Safi","Catkiller Ryan","Service limité","il y a 8 ans"
"107.0","Safi","Charifa00@gmail.com Charifa","Safi","il y a 8 ans"
"107.0","Safi","Agence Iam","Aucun texte","il y a un mois"
"107.0","Safi","Semlali Zahra","Aucun texte","il y a un mois"
"107.0","Safi","Fouziya channel","Aucun texte","il y a 4 mois"
"107.0","Safi","group gfr","Aucun texte","il y a 5 mois"
"107.0","Safi","said said","Aucun texte","il y a 2 ans"
"107.0","Safi","Rachid rachid","Aucun texte","il y a 4 ans"
"107.0","Safi","أحمد البيظاوي","Aucun texte","il y a 4 ans"
"107.0","Safi","Youssef El Mouate","Aucun texte","il y a 5 ans"
"107.0","Safi","assasin royal","Aucun texte","il y a 6 ans"
"107.0","Safi","MONSEF BONHAR","Aucun texte","il y a 6 ans"
"107.0","Safi","Sara Bn","Aucun texte","il y a 8 ans"
"107.0","Safi","Hassan Chfina","Aucun texte","Modifié il y a 8 ans"
"107.0","Safi","belkaid karim","Aucun texte","il y a 8 ans"
"107.0","Safi","amina bennani","Aucun texte","il y a 8 ans"
"108.0","Safi","GEEK TECH (D)","Service pas très professionnel surtout avec les particuliers, ils changent les forfaits sans autorisation contrairement a la concurrence qui ne modifie rien sans notre accord, malheureusement ils ont le monopole sur le marché ...","il y a 7 ans"
"108.0","Safi","Afaf Ato","Une catastrophe, mais ça reste mieux que les autres auteur de lignes téléphoniques.","il y a 8 ans"
"108.0","Safi","FATIMA EZZAHRA CHAKIR","Vrai nice","il y a 8 ans"
"108.0","Safi","mohammed bouhadi","Pas mal à améliorer","Modifié il y a 8 ans"
"108.0","Safi","Simon Enha","Pourriez-vous fermer à 12h40 ? Ne soyez pas si occupés, nous sommes ouverts jusqu'à 13h ! Si vous ne respectez pas les horaires d'ouverture, merci de nous le signaler.","il y a un an"
"108.0","Safi","MODAMIR TY","Maroc Telecom est la meilleure entreprise du Maroc","il y a un an"
"108.0","Safi","Hisham HAOU","Aucun texte","il y a 7 mois"
"108.0","Safi","soufiyane sadeq","Mauvais service","il y a un an"
"108.0","Safi","Youness RAMDAOUI","Correct","il y a 8 ans"
"108.0","Safi","Essam Khalil","Service rapide","il y a 9 ans"
"108.0","Safi","Jalal bensalah","Aucun réseau","il y a un mois"
"108.0","Safi","Abu Khalid","Aucun texte","il y a un an"
"108.0","Safi","malik sabri","Aucun texte","il y a 2 ans"
"108.0","Safi","Abdelaziz Rayss","Aucun texte","il y a 6 ans"
"108.0","Safi","walid asbaiti","Aucun texte","il y a 6 ans"
"108.0","Safi","EUROGRUES Laghzaoui Mahmoud","Aucun texte","il y a 6 ans"
"108.0","Safi","Roberto Ballini","Aucun texte","il y a 7 ans"
"108.0","Safi","Abdeljalil Lahlou","Aucun texte","il y a 8 ans"
"108.0","Safi","Abdlhadi Jdida","Aucun texte","il y a 8 ans"
"108.0","Safi","PATRIOT","Aucun texte","il y a 8 ans"
"110.0","Safi","Aïcha ANIBA","Entreprise publique  emblematique","il y a 2 ans"
"110.0","Safi","Marwane Bel","Faible 😒 …","il y a 5 ans"
"110.0","Safi","Yassine Lahmer","😠😠😠 …","il y a 4 ans"
"110.0","Safi","SAMIR MESGARE","Maroc Telecom","il y a 3 ans"
"110.0","Safi","clown memes","Ils ne l'ont pas encore ouvert, il est 3h31 et ils ne l'ont toujours pas ouvert.","il y a 3 ans"
"110.0","Safi","Mohamed Radi","décent","il y a un an"
"110.0","Safi","Said Ezhari","Bien","il y a 11 mois"
"110.0","Safi","nabil elqochi","Restaurant réputé","il y a 2 ans"
"110.0","Safi","baha mohamed","Envoyer","il y a 4 ans"
"110.0","Safi","Said Boaawda","Zwin","il y a 8 ans"
"110.0","Safi","Mohamed Rtil","N1","il y a 3 ans"
"110.0","Safi","AymanYassine AABID","Aucun texte","il y a un mois"
"110.0","Safi","Elhassan Btouta","Aucun texte","il y a 6 mois"
"110.0","Safi","Nabil Rerhdachi","Aucun texte","il y a 3 ans"
"110.0","Safi","Souih Mehdi","Aucun texte","il y a 3 ans"
"110.0","Safi","oumaima Lakhtabbi","Aucun texte","il y a 3 ans"
"110.0","Safi","amigo hamza","Aucun texte","il y a 5 ans"
"110.0","Safi","Soka Miza","Aucun texte","il y a 5 ans"
"110.0","Safi","Msms _54","Aucun texte","il y a 5 ans"
"110.0","Safi","Karim Kamal","Aucun texte","il y a 8 ans"
"110.0","Safi","Puch Line MO-CH","Aucun texte","il y a 9 ans"
"111.0","Safi","monsif moussa","L'agence Maroc Telecom se trouve à proximité de l'agence indépendante de distribution d'eau et d'électricité et du tajine.","il y a 7 ans"
"111.0","Safi","khalil khalil","Un manque de respect flagrant et arrogant envers le client","il y a 2 ans"
"111.0","Safi","Imane Alae","Aucun texte","il y a 2 ans"
"112.0","El Jadida","إسماعيل العمرتي","une seule personne pour recevoir tt le monde le 03 du mois, c médiocre de la part du 1er operateur national","il y a 2 mois"
"112.0","El Jadida","jmc jmc","Semaine dernière on m'a annoncé 48h max pour installer une box ADSL. Ça fait 1 semaine que je fais des allers retours en agence pour connaître la date de passage du technicien mais rien ! …","il y a un an"
"112.0","El Jadida","Hajar El-KARMI","service client nuuul de chez nul,  cela fait une semaine qu'on me fait attendre l'installation ADSL sous pretexte que les cables ne sont pas dispo.  Aucune réponse sur les numéros de tel , Bref il faut penser à changer cette stratégie  sinon vous n'êtes pas le seul opérateur télécom au Maroc.","il y a 6 ans"
"112.0","El Jadida","Chahid Yassine","Vraiment le vendeur dens la reception et n est pas honnete il fait de l harnaque  jai payer pour avoir 12 mg et dans le contrat et il ma fait 4 mg . Demain il va voir","il y a 6 ans"
"112.0","El Jadida","Mehdi","Toutes les agences ne travaillent pas le weekend et sur internet vous mettez qu'ils sont disponibles de 8h a 13h .
Merci de modifier l'horaire","il y a 3 ans"
"112.0","El Jadida","nezha afifi","Bon accueil et bon service. Le chargé de clientèle est très aimable (le monsieur installé dans un bureau)","il y a 4 ans"
"112.0","El Jadida","jean-marc LAMOULIATTE","Bonne reception.  Bonne écoute du client. Personnel compétent.","il y a 2 ans"
"112.0","El Jadida","raffaele moretti","Service lent et personnel peut attentif à la clientèle.","il y a 4 ans"
"112.0","El Jadida","Abdelhalim Laraichi","Agence d'agencement des clients voulant régler leur facture uniquement par chèque","il y a 6 ans"
"112.0","El Jadida","oussama Oussama","Mauvaise service","il y a 7 mois"
"112.0","El Jadida","Saadia Nafia","👍🏼 …","il y a 5 mois"
"112.0","El Jadida","ROSE VANROY","Bons services mais pas très communicatif","il y a 3 ans"
"112.0","El Jadida","Michel Paul","Bon accueil et problème résolu rapidement.","il y a 3 ans"
"112.0","El Jadida","NOMAD WRLD","Agence pourri dans le sens propre","il y a 2 ans"
"112.0","El Jadida","youness rahmaoui","Bon service et acceuil","il y a 3 ans"
"112.0","El Jadida","hamid fekkak","Bon accueil","il y a 2 ans"
"112.0","El Jadida","Zaim Said","Bien","il y a 3 ans"
"112.0","El Jadida","Scarface","Génial agence","il y a 3 ans"
"112.0","El Jadida","media chou","Ma connexion internet est coupée depuis un mois. J'ai beau les appeler, ils me disent systématiquement qu'ils interviendront sous 48 heures. C'est la même chose tous les mois, alors que la coupure n'a lieu qu'une fois par mois. Quand je les …","il y a 9 mois"
"112.0","El Jadida","Amirissam Koundi","J'ai souscrit un abonnement fibre optique chez Maroc Telecom il y a deux mois, mais ils ne m'ont pas fourni le service téléphonique. J'ai essayé de les contacter par tous les moyens possibles, mais en vain. Le centre d'assistance m'a …","il y a un an"
"112.0","El Jadida","Fahd Elkarbani","À Pant Lik, une de nos sœurs est un peu forte, tout comme Anili, c'est pour ça que tu viens, alors ne perds pas ton temps.","il y a un an"
"112.0","El Jadida","Booka Tek","L'agence la plus lente du Maghreb","il y a un an"
"112.0","El Jadida","boudari hicham","Il a été achevé","il y a un an"
"112.0","El Jadida","Mohamed Amin Sakaly","Aucun texte","il y a 7 ans"
"112.0","El Jadida","Aziz Eljadida","D'accord","il y a 2 ans"
"112.0","El Jadida","Mohammed MEZROUI","Service excellent","il y a 3 ans"
"112.0","El Jadida","صناعة فديو sna3at video","Aucun texte","il y a 4 mois"
"112.0","El Jadida","Mezry ayoub","Aucun texte","il y a 8 mois"
"112.0","El Jadida","Bouzidi Hamid","Aucun texte","il y a 10 mois"
"112.0","El Jadida","Soloh Hassan","Aucun texte","il y a un an"
"112.0","El Jadida","Safowan Aoutil","Aucun texte","il y a un an"
"112.0","El Jadida","imane Belkhaddar","Aucun texte","il y a 2 ans"
"112.0","El Jadida","alain legrand","Aucun texte","il y a 2 ans"
"112.0","El Jadida","mehdi zouhri","Aucun texte","il y a 2 ans"
"112.0","El Jadida","Hassan Jdida (“Hassan24000”)","Aucun texte","il y a 2 ans"
"112.0","El Jadida","H.A","Aucun texte","il y a 2 ans"
"112.0","El Jadida","Yves Robin","Aucun texte","il y a 3 ans"
"112.0","El Jadida","ACHRAF OTHMANE EL FATH (FREE DOM)","Aucun texte","il y a 3 ans"
"112.0","El Jadida","Master IIDSCM Master","Aucun texte","il y a 3 ans"
"112.0","El Jadida","Khadija Belaouej","Aucun texte","il y a 3 ans"
"112.0","El Jadida","Hicham ZMAIMITA","Aucun texte","il y a 3 ans"
"112.0","El Jadida","Adnane Rayyad","Aucun texte","il y a 3 ans"
"112.0","El Jadida","Amine Dakkar","Aucun texte","il y a 3 ans"
"112.0","El Jadida","Lalla Laila MAHMOUD","Aucun texte","il y a 4 ans"
"112.0","El Jadida","Timothy Jones","Aucun texte","il y a 4 ans"
"112.0","El Jadida","Sef_Jam","Aucun texte","il y a 4 ans"
"112.0","El Jadida","Younes BOUYA","Aucun texte","il y a 4 ans"
"112.0","El Jadida","jose reina jimenez","Aucun texte","il y a 5 ans"
"112.0","El Jadida","Rim El Manar","Aucun texte","il y a 5 ans"
"112.0","El Jadida","Asma Lahlou","Aucun texte","il y a 5 ans"
"112.0","El Jadida","Reda Ab","Aucun texte","il y a 5 ans"
"112.0","El Jadida","Oussama Ib","Aucun texte","il y a 5 ans"
"112.0","El Jadida","Naim Naim","Aucun texte","il y a 5 ans"
"112.0","El Jadida","BRAHIM ERREGUI (‫العلم بالدارجة‬‎)","Aucun texte","il y a 6 ans"
"112.0","El Jadida","Med Amine BEN RHANEM","Aucun texte","il y a 6 ans"
"112.0","El Jadida","Bilal Morabit","Aucun texte","il y a 7 ans"
"113.0","El Jadida","Philippe Mayer","Agence vide...attente très longue..banquettes inconfortable...pas terrible le service..j ai demander un répéteur pour la fibre..Un technicien est passé 9 minutes : résultats ca ne fonctionne pas..le technicien n a même pas pris de temps de vérifié..devant la médiocrité j ai renoncer a demander quoi que ce soit...","il y a 4 mois"
"113.0","El Jadida","Chems Dourrachad","Le service est très lent, il faut penser à augmenter le nombre des agents. Il y'avait une seule, alors qu'en attente il y'avait presque 13 clients.","il y a 2 ans"
"113.0","El Jadida","Sidibouzid Bouzid","Une agence de clientèle d'une entreprise privée avec des clients sans aucun agents au comptoir! Ah si, l'agent de sécurité pour faire patienter les nouveaux venus. Entre 13h et 14h30 profitez de la mer juste en face.
Une situation drôle et triste à la fois !","il y a un an"
"113.0","El Jadida","KHALIL","06/04/2023 vers 15h
L’agent de sécurité était le seul qui m’a bien traité à l’entrée et m’a dit exactement où je devais aller au bureau du chef de l’agence, ce dernier n’a même pas …","il y a 3 ans"
"113.0","El Jadida","sanaa chouait","Un personnel qui n'est pas accueillant. Un service lent surtout il faut appeler le service client et des commandes qui n'arrivent pas....c'est décevant","il y a 5 ans"
"113.0","El Jadida","Abderahim Lemgaddar","Hmd allah ...agents bien formés  mais je pense qu,il serait préférable de revoir l,effectif car pour une simple opération tu passes bcp de temps (fil d,attente .+ longue.....60 personnes)","il y a 5 ans"
"113.0","El Jadida","Az En","birn recu service impeccable sauf le service des derangement cela fait une semaine que j ai sagnaler le derangement de mon telephone et j usqu a present je n ai vue personne","il y a 4 ans"
"113.0","El Jadida","MH Oussama","Mauvais accueil toujours pleine, il y'a 2 personnel de charge clientèle et tu trouves 30 personne attendre son rôle","il y a 6 ans"
"113.0","El Jadida","jean-andré zembsch","Lenteur des services, et ne répond pas aux appels téléphoniques","il y a 10 mois"
"113.0","El Jadida","abdelaziz elbenna","Mauvais service.pas mal de client pour un ou deux ouvrières","il y a 2 ans"
"113.0","El Jadida","jean louis Delarue","Plein de gentillesse et surtout un plaisir de partager les rires qui parfois surgissaient du fait de mon ignorance passagère","il y a 7 ans"
"113.0","El Jadida","Michel Paul","Bon accueil, service efficace et rapide.","il y a 5 ans"
"113.0","El Jadida","LEILA CHAFFAI","Il n ya pas assez d agents pour ne pas laisser les gens attendre","il y a 5 ans"
"113.0","El Jadida","Soloh Hassan","Pire agence du Maroc","il y a un an"
"113.0","El Jadida","Rémi PARENT","Pas très efficaces mais sympa","il y a 7 ans"
"113.0","El Jadida","Mouissi Med","Y a pas de services mauvaise agence","il y a 6 ans"
"113.0","El Jadida","EL HEFIANE Akram","Service médiocre","il y a 11 mois"
"113.0","El Jadida","KARIM AALJ","Ici se trouve une agence de Maroc Télécom","il y a 5 ans"
"113.0","El Jadida","Oufa Simo","Agence Maroc Telecom nabeul Bon service","il y a 6 ans"
"113.0","El Jadida","Stéphane Deraeve","Sérieux. Personnel compétant.","il y a 5 ans"
"113.0","El Jadida","francette louise Bellanger","Trop long et inacceptable  de repondre","il y a 3 ans"
"113.0","El Jadida","Hamza NAIT OURAJDAL","Mauvaise réception et service.","il y a 5 ans"
"113.0","El Jadida","Fihri 303","Bon service","il y a 3 ans"
"113.0","El Jadida","Ab sinaa Equipements","Satisfait","il y a 6 ans"
"113.0","El Jadida","med nassif","Tt","il y a 7 ans"
"113.0","El Jadida","Anthony Eaton","Le pire service client que j'aie jamais vu ! J'attends l'installation de ma connexion internet depuis 10 jours. La première fois que le technicien est venu, il est reparti au bout de 10 minutes en disant qu'il reviendrait le lendemain. …","il y a 2 ans"
"113.0","El Jadida","Matthias Bauerschmitt","Service excellent ! Ils ont été d'une aide précieuse à chaque étape. Même sans parler français, ils ont su m'expliquer les choses clairement. Le personnel est tout simplement exceptionnel.","il y a 7 ans"
"113.0","El Jadida","Abderrazak Kchiblou","Le travail n'est pas très sérieux !","il y a 6 ans"
"113.0","El Jadida","西文希","Le service était bon et plutôt moderne.","il y a 7 ans"
"113.0","El Jadida","marian perez gonzalez","Bon service","il y a 3 ans"
"113.0","El Jadida","Abdelkarim Elfath","Service client médiocre","il y a 3 ans"
"113.0","El Jadida","Ahmed Zahar","Agence Maroc Telecom, rue Nabeul","il y a 8 ans"
"113.0","El Jadida","BRAHIM ERREGUI (‫العلم بالدارجة‬‎)","Bon traitement","il y a 6 ans"
"113.0","El Jadida","Mohamed Labyad","Service au niveau","il y a 3 ans"
"113.0","El Jadida","Norddine Zouitni","Endroit convivial","il y a 4 ans"
"113.0","El Jadida","Natalia Ab","👍 …","il y a 5 ans"
"113.0","El Jadida","safae s_i","Aucun texte","il y a 5 heures"
"113.0","El Jadida","Mr.mohamed Zahid","Personne ne répond au téléphone, même si c'est samedi et que les bureaux ferment à 13h.","il y a 2 semaines"
"113.0","El Jadida","Raja Panwar","Aucun texte","il y a 4 mois"
"113.0","El Jadida","May Odabashy","Aucun texte","il y a 8 mois"
"113.0","El Jadida","Adil Oughchi","Aucun texte","il y a un an"
"113.0","El Jadida","El Mostafa Gourram","Aucun texte","il y a un an"
"113.0","El Jadida","Mustapha Rafiqui","Aucun texte","il y a 2 ans"
"113.0","El Jadida","Bouchra SELOUANE","Aucun texte","il y a 2 ans"
"113.0","El Jadida","Souf2001","Aucun texte","il y a 2 ans"
"113.0","El Jadida","Jean-Louis Metenier","Aucun texte","il y a 2 ans"
"113.0","El Jadida","Choufani Mohammed","Aucun texte","il y a 3 ans"
"113.0","El Jadida","Renzo Enrico Trillocco","Aucun texte","il y a 3 ans"
"113.0","El Jadida","Med Zinaoui","Aucun texte","il y a 3 ans"
"113.0","El Jadida","abou ikram","Aucun texte","Modifié il y a 4 ans"
"113.0","El Jadida","luisa paruzzolo","Aucun texte","il y a 4 ans"
"113.0","El Jadida","Nice Curtys Mayanga","Aucun texte","il y a 5 ans"
"113.0","El Jadida","Bou Ben","Aucun texte","il y a 5 ans"
"113.0","El Jadida","Marouan","Aucun texte","il y a 5 ans"
"113.0","El Jadida","BOUHAYA Omar","Aucun texte","il y a 5 ans"
"113.0","El Jadida","morad soussi","Aucun texte","il y a 5 ans"
"113.0","El Jadida","nour moh","Aucun texte","il y a 5 ans"
"113.0","El Jadida","Hamza Mouddakir","Aucun texte","il y a 5 ans"
"113.0","El Jadida","zoubair mohamed","Aucun texte","il y a 5 ans"
"113.0","El Jadida","Chalal Abdo hadi","Aucun texte","il y a 5 ans"
"113.0","El Jadida","Hassan Dasser","Aucun texte","il y a 5 ans"
"113.0","El Jadida","Francine Loreille","Aucun texte","il y a 5 ans"
"113.0","El Jadida","Aicha Rifai","Aucun texte","il y a 6 ans"
"113.0","El Jadida","Zakaria DISSOUNE","Aucun texte","il y a 6 ans"
"113.0","El Jadida","taha boushaba","Aucun texte","il y a 6 ans"
"113.0","El Jadida","ayoub Himadi","Aucun texte","il y a 6 ans"
"113.0","El Jadida","Mohamed Rabbah","Aucun texte","il y a 7 ans"
"113.0","El Jadida","Top Stats Top Stats","Aucun texte","il y a 7 ans"
"113.0","El Jadida","Youssef Nesbane","Aucun texte","il y a 8 ans"
"113.0","El Jadida","Sáád Sáád officiel","Aucun texte","il y a 8 ans"
"114.0","El Jadida","Hajar Lahlou","J’ai eu aujourd’hui une mauvaise expérience avec un agent d’IAM posté à l’entrée de l’agence, dont le comportement était inapproprié et peu respectueux. Son attitude ne reflète pas l’image d’une grande entreprise comme Maroc Telecom. …","il y a 2 mois"
"114.0","El Jadida","Meryem Znaiber","Je voulais résilier mon abonnement pour raison d’émigration. La dame a refusé ma demande et m’a jeté un grand mensonge que les résiliations se font uniquement en début de mois.","il y a 2 mois"
"114.0","El Jadida","anouar anouar","Cela fait une semaine que j'attends l'activation de la fibre sans aucun retour.","il y a 5 mois"
"114.0","El Jadida","Sidibouzid Bouzid","C'est à la fois grave et triste de constater la désinvolture manifeste du personnel, le client doit revenir plusieurs fois pour acheter un pack parce que untel n'est ni disponible ni disposé! Ceci ne représente en rien les valeurs de …","il y a un an"
"114.0","El Jadida","Isabelle Verpeaux","Les informations sont fausses. L'agence ferme à 13h30 le samedi.","il y a un an"
"114.0","El Jadida","Naji abdessamad","Service rapide","il y a 7 mois"
"114.0","El Jadida","Bouchaib Zaraguit","S'il vous plaît le numéro que vous mettez ici est le mien.. Quelqu'un peut m'aider à le supprimer d'ici.. Merci bcp","il y a 8 ans"
"114.0","El Jadida","Stéphane Deraeve","Bonne agence, sérieux. Dommage le manque de personnel ...","il y a 5 ans"
"114.0","El Jadida","kaddari salah","Très bonne journée été passée","il y a 2 ans"
"114.0","El Jadida","SAADYASS84","c'est quoi votre numéro de service pour appeler et merci.","il y a 3 ans"
"114.0","El Jadida","Mhammed Beddari","Le personnel n'est pas accueillant","il y a 6 ans"
"114.0","El Jadida","KARIM AALJ","C'est une agence de Maroc Télécom","il y a 5 ans"
"114.0","El Jadida","El El","Personnel non courtois","il y a 5 ans"
"114.0","El Jadida","chamseddine elidrissi said","J'adore","il y a 4 ans"
"114.0","El Jadida","jaouad belabbes","Rien d extra","il y a 6 ans"
"114.0","El Jadida","MIND Look","Un service impeccable","il y a 4 ans"
"114.0","El Jadida","Jonas Jonas","bon service","il y a 6 ans"
"114.0","El Jadida","salak ayoub","Mauvais service","il y a 7 ans"
"114.0","El Jadida","X X","Chez le leader","il y a 6 ans"
"114.0","El Jadida","Hamza Naouiss","Service nulle","il y a 4 ans"
"114.0","El Jadida","فكرة من العِلم","Mauvais service","il y a 5 ans"
"114.0","El Jadida","mehdi zouhri","Mauvais service","il y a 4 ans"
"114.0","El Jadida","MA MA","Tres bon service et merci à l’agent le charme Mr pour son aide et sa disponibilité. Cependant, il faudrait recruter davantage d’agents, car l’agence est grande, un ou deux agents ne peuvent pas satisfaire tous les clients, surtout qu’elle couvre une large zone, notamment El Jadida et Sidi Bouzid et moulay abdellah.","Modifié il y a 3 semaines"
"114.0","El Jadida","MIDO BIKER","Les filles qui y travaillent sont incroyablement arrogantes, leur travail est pénible et elles crachent beaucoup.","il y a 2 mois"
"114.0","El Jadida","mhammed Ouahidi","Mauvais traitement et manque d'information. Si vous n'aimez pas son travail, allez voir ailleurs. Bon traitement. Nous sommes clients et nous voulons être traités avec respect.","il y a 6 mois"
"114.0","El Jadida","Youness MAHLAQ","Service déplorable, personne n'est là et j'ai attendu trop longtemps.","il y a 10 mois"
"114.0","El Jadida","Bea Uty","Le personnel est injoignable et ne répond pas aux appels.

Nous espérons que le propriétaire de l'agence surveillera le comportement des employés.","il y a 5 mois"
"114.0","El Jadida","kf kf","Le service client était déplorable... Nous espérons que la direction prendra cette affaire au sérieux...","il y a 11 mois"
"114.0","El Jadida","HNINI Az-eddine","Soyez prudent lors de votre abonnement. L'utilisateur a mal activé mon abonnement et m'a envoyé une facture avec plus de 100 dirhams en trop.","il y a un an"
"114.0","El Jadida","علي احمد","Leur service est excellent et leurs offres sont incroyables. Merci Maroc Telecom.","il y a 2 ans"
"114.0","El Jadida","Ben Adam","Mauvaise qualité de service, par rapport au coût élevé
Mauvaise qualité de service comparée au coût élevé
ضعفجودة الخدمات، فقط مع التقنية الباحذية","Modifié il y a 2 ans"
"114.0","El Jadida","Triss Youssef","Très mauvais traitement des clients d'après mon expérience personnelle.","il y a 2 ans"
"114.0","El Jadida","Yassine Mouatassim","Les gens impolis ne vous font pas de mal, répondez-leur.","il y a 9 ans"
"114.0","El Jadida","Simohammed Kharrouba","Maroc Telecom, Etoile du Sud, Nouvelle Route Sidi Bouzid","il y a 7 ans"
"114.0","El Jadida","BRAHIM ERREGUI (‫العلم بالدارجة‬‎)","Oui, vous êtes l'une des premières sociétés Maroc Telecom à El Jadida.","Modifié il y a 5 ans"
"114.0","El Jadida","Yassine chetoui","Bureau des télécommunications du Maroc","il y a 9 ans"
"114.0","El Jadida","Aymen Aymeen","Mauvais services👎🏼👎🏼👎🏼 …","il y a 2 ans"
"114.0","El Jadida","Ayoub Kaddari","Lm","Modifié il y a 6 ans"
"114.0","El Jadida","allo m3lam الو معلم","Bien","il y a 4 ans"
"114.0","El Jadida","مول الكروسة","entreprise de télécommunications mobiles et fixes","il y a 7 ans"
"114.0","El Jadida","Terkky Colomina","Services médiocres","il y a 9 ans"
"114.0","El Jadida","Mourad Elfellah","Services médiocres","il y a 6 ans"
"114.0","El Jadida","Mr.mohamed Zahid","J'ai essayé d'appeler samedi, mais personne n'a répondu. Je ne comprends pas pourquoi ils sont ouverts.","il y a 2 semaines"
"114.0","El Jadida","Jdili Rachid","Les employés n'ont pas donné d'explications claires ; ils cherchaient juste à les endetter. Je vais voir le responsable car ils m'ont induit en erreur ; ils ne lui ont pas donné d'explications correctes. J'ai obtenu des informations auprès d'un autre organisme.","il y a 3 semaines"
"114.0","El Jadida","Issam El","Bon service, merci.","il y a 3 semaines"
"114.0","El Jadida","hamza jouidi","Aucun texte","il y a 6 mois"
"114.0","El Jadida","Mohammed Reda EDDIHI","Aucun texte","il y a 7 mois"
"114.0","El Jadida","Mohammed Khouy","Aucun texte","il y a 9 mois"
"114.0","El Jadida","Oumiama moussaid","Aucun texte","il y a un an"
"114.0","El Jadida","Bahloul Redouan","Aucun texte","il y a un an"
"114.0","El Jadida","Abdellatif Kharrague","Aucun texte","il y a un an"
"114.0","El Jadida","Ghali Rabi","Aucun texte","il y a un an"
"114.0","El Jadida","Sanaa Bouabed","Aucun texte","il y a un an"
"114.0","El Jadida","Abdrahim Chkaifi","Aucun texte","il y a un an"
"114.0","El Jadida","Rabi Topo","Aucun texte","il y a un an"
"114.0","El Jadida","youssef","Aucun texte","il y a un an"
"114.0","El Jadida","bendada Media","Aucun texte","il y a un an"
"114.0","El Jadida","Bouhaoula Abdenbi","Aucun texte","il y a 2 ans"
"114.0","El Jadida","slim slim","Aucun texte","il y a 3 ans"
"114.0","El Jadida","Aagadi Nawfal","Aucun texte","il y a 4 ans"
"114.0","El Jadida","Bouchrit Boualam","Aucun texte","il y a 4 ans"
"114.0","El Jadida","julio cesar hernandez quintana","Aucun texte","il y a 5 ans"
"114.0","El Jadida","Souad Alla","Aucun texte","il y a 5 ans"
"114.0","El Jadida","Majjati Abdelkhalaq","Aucun texte","il y a 6 ans"
"114.0","El Jadida","Reda Graiti","Aucun texte","il y a 6 ans"
"114.0","El Jadida","Hicham Hisham","Aucun texte","il y a 6 ans"
"114.0","El Jadida","Rachida Rochdi","Aucun texte","il y a 6 ans"
"114.0","El Jadida","Amine Moussalit","Aucun texte","il y a 6 ans"
"114.0","El Jadida","Mohamed Kaoui","Aucun texte","il y a 6 ans"
"114.0","El Jadida","Lotfi ZOHIR","Aucun texte","il y a 6 ans"
"114.0","El Jadida","doukali mohammed","Aucun texte","il y a 6 ans"
"114.0","El Jadida","Salvador Jiménez","Aucun texte","il y a 7 ans"
"114.0","El Jadida","Nizar (“n”)","Aucun texte","il y a 7 ans"
"114.0","El Jadida","مخبزة وحلويات أرين أرين","Aucun texte","il y a 7 ans"
"114.0","El Jadida","Barki Karim","Aucun texte","il y a 7 ans"
"114.0","El Jadida","Soufiane Alkama","Aucun texte","il y a 7 ans"
"114.0","El Jadida","ABDELMAJID BOUTARA","Aucun texte","il y a 7 ans"
"114.0","El Jadida","malika chakir","Aucun texte","il y a 7 ans"
"114.0","El Jadida","Athman Adil","Aucun texte","il y a 7 ans"
"114.0","El Jadida","Pedro","Aucun texte","il y a 7 ans"
"114.0","El Jadida","KAMAL ABDELKADER","Aucun texte","il y a 7 ans"
"114.0","El Jadida","Calla Bouchta","Aucun texte","il y a 7 ans"
"114.0","El Jadida","triple compte de Challengeur du 23","Aucun texte","il y a 7 ans"
"114.0","El Jadida","Youssef Elmeskine","Aucun texte","il y a 8 ans"
"114.0","El Jadida","Ahmed Aounane","Aucun texte","il y a 8 ans"
"114.0","El Jadida","Abdessamad Louzi","Aucun texte","il y a 8 ans"
"114.0","El Jadida","ROKHSSI Ahmed","Aucun texte","il y a 8 ans"
"114.0","El Jadida","Nabil79 Elkhalfi","Aucun texte","il y a 8 ans"
"114.0","El Jadida","Issam Sbaiti","Aucun texte","il y a 8 ans"
"114.0","El Jadida","TV Terkzi","Aucun texte","il y a 8 ans"
"114.0","El Jadida","tarik moumni","Aucun texte","il y a 8 ans"
"114.0","El Jadida","Ihsan Ahmidi","Aucun texte","il y a 8 ans"
"114.0","El Jadida","Youssef Madhoum","Aucun texte","il y a 9 ans"
"114.0","El Jadida","Ahmed FILALI","Aucun texte","il y a 9 ans"
"114.0","El Jadida","said aboulfath","Aucun texte","il y a 9 ans"
"114.0","El Jadida","Gjgh Gfgjnn","Aucun texte","il y a 10 ans"
"115.0","El Jadida","Asma Chawki","Papapic est une chose qui","il y a 6 ans"
"115.0","El Jadida","Noreddine Souhami","Aucun texte","il y a 3 ans"
"116.0","El Jadida","Younes Abjaou","Service dyal lkhra","il y a un an"
"117.0","Taza","Barnossi Construction","La boutique est climatisée mais surtout très bien organisée.
Contrairement à Inwi de taza. …","il y a 8 mois"
"117.0","Taza","waw19waw waw19","Très beau site acuil professionnel","il y a 3 ans"
"117.0","Taza","faya ringo","Assez bien marché","il y a 3 ans"
"117.0","Taza","Khalid Mouhsine","Lamentable comme service","il y a 7 ans"
"117.0","Taza","Mohamed Zaroual","Satisfait","il y a 7 ans"
"117.0","Taza","Lahlali Abdelkrim","Service à améliorer","il y a 7 ans"
"117.0","Taza","Abdellah Miqoi","Aqueillante","il y a 4 ans"
"117.0","Taza","Borcamika Channel (“Abu Soufiane”)","Tout est parfait, mais prévoyez du temps et de la patience car l'endroit est situé en plein centre et très fréquenté. Sinon, le personnel est très sympathique. 👍 …","il y a 7 mois"
"117.0","Taza","Mustapha bounjoua","C'est un bel immeuble avec un design génial, mais ses employés sont beaucoup moins aimables.","il y a 4 ans"
"117.0","Taza","EL HRICHI Hassan","Cool","il y a 9 mois"
"117.0","Taza","Briwal Nabil","Aucun texte","il y a 5 mois"
"117.0","Taza","SI MED OUAFI TOUJOURS FIDEL","Aucun texte","il y a 2 ans"
"117.0","Taza","Ahmed Sanhaji","Aucun texte","il y a 3 ans"
"117.0","Taza","Mohamed El haddad","Aucun texte","il y a 4 ans"
"117.0","Taza","mohamed Elyaagoubi","Aucun texte","il y a 4 ans"
"117.0","Taza","Youssef Hminat","Aucun texte","il y a 4 ans"
"117.0","Taza","Aissam El Yaagoubi","Aucun texte","il y a 5 ans"
"117.0","Taza","Khalil Ovitch","Aucun texte","il y a 5 ans"
"117.0","Taza","Ouadie Bahi","Aucun texte","il y a 5 ans"
"117.0","Taza","Boudali alil","Aucun texte","il y a 5 ans"
"117.0","Taza","Mohamed CHAHDI EL OUAZZANI","Aucun texte","il y a 5 ans"
"117.0","Taza","Youssef Amallah","Aucun texte","il y a 6 ans"
"117.0","Taza","الرياضة والسياحة Sport et tourisme","Aucun texte","il y a 6 ans"
"117.0","Taza","chaimae chimo","Aucun texte","il y a 7 ans"
"117.0","Taza","Mohamed LOUGHMARI","Aucun texte","il y a 7 ans"
"117.0","Taza","Mosstafa Baaziz","Aucun texte","il y a 7 ans"
"117.0","Taza","Elboubkari Said","Aucun texte","il y a 8 ans"
"117.0","Taza","Sritah Kato","Aucun texte","il y a 9 ans"
"118.0","Taza","Hanane Op","Un sce de qualité une équipe a l écoute merci sur tt le chef d agence","Modifié il y a 2 ans"
"118.0","Taza","Rachid Lazghan","Tu es bien servi dans cette agence, je l'aime bien","il y a 8 ans"
"118.0","Taza","MOSTAFA MEGA_MOS","Quartier bien les habitants aussi de même pour l'agence et surtout l'épicerie MIRHISS","Modifié il y a 7 ans"
"118.0","Taza","TAZA GSM","Très bon équipe","il y a 9 ans"
"118.0","Taza","waw19waw waw19","Bon accueil","il y a 2 ans"
"118.0","Taza","Jad Ait","Très bien accueilli","il y a 3 ans"
"118.0","Taza","alich elch","Moyen","il y a 8 ans"
"118.0","Taza","Driss Lakhloufi","Service clients","il y a 7 ans"
"118.0","Taza","Jose manuel Villasana (Floro)","Bon service et parking facile.","il y a 5 ans"
"118.0","Taza","layozix brown","Hé, cette boutique ne fonctionne pas, Maroud Talkom","il y a 5 ans"
"118.0","Taza","badr hichmin","Bon service","il y a 10 ans"
"118.0","Taza","Rachid El Misbahi","Pas professionnel","il y a 8 ans"
"118.0","Taza","Meziane Nabil","Commission","il y a 10 mois"
"118.0","Taza","Zakaria Hamdouch","Bon service","il y a 2 ans"
"118.0","Taza","Abdo WafiQ","Personnel formidable","il y a 6 ans"
"118.0","Taza","fouad daouayry","Chfara","il y a 7 ans"
"118.0","Taza","الباحث: بدر المرابط","bien","il y a 7 ans"
"118.0","Taza","El hamdaoui Mohamed","Aucun texte","il y a 9 mois"
"118.0","Taza","Mohammed El Oualid","Aucun texte","il y a 2 ans"
"118.0","Taza","Hakim EL YAGOUBI (Hakim ISFLT)","Aucun texte","il y a 4 ans"
"118.0","Taza","AkaWail","Aucun texte","il y a 6 ans"
"118.0","Taza","Mina Chaibi","Aucun texte","il y a 6 ans"
"118.0","Taza","Hamza Cc","Aucun texte","il y a 6 ans"
"118.0","Taza","KAMAL BOUDRA","Aucun texte","il y a 6 ans"
"118.0","Taza","Ayoub Lachhab","Aucun texte","il y a 6 ans"
"118.0","Taza","في الشارع السفلي","Aucun texte","il y a 7 ans"
"118.0","Taza","Hakim Ali","Aucun texte","Modifié il y a 7 ans"
"118.0","Taza","m.s.n H.r.t","Aucun texte","il y a 8 ans"
"118.0","Taza","Nabiha Orjani","Aucun texte","il y a 8 ans"
"118.0","Taza","NourEddine KHELLADI","Aucun texte","il y a 8 ans"
"118.0","Taza","Amghar Mohamed","Aucun texte","il y a 8 ans"
"118.0","Taza","Barca Barca","bien","il y a 8 ans"
"118.0","Taza","Ikram Lkamel","Aucun texte","il y a 8 ans"
"118.0","Taza","mr shaouki","Aucun texte","il y a 9 ans"
"118.0","Taza","fakhr eddin","Aucun texte","il y a 9 ans"
"118.0","Taza","Elbaraka Ahmed","Aucun texte","il y a 9 ans"
"118.0","Taza","Brahim Fangour","Aucun texte","il y a 9 ans"
"118.0","Taza","hajar El","Aucun texte","il y a 9 ans"
"118.0","Taza","Ťħễ Awěśŏɱě Bŏŷ","Aucun texte","il y a 10 ans"
"119.0","Taza","Imad Boujoual","Jamil","il y a 3 ans"
"121.0","Settat","Mansour Bouihat","fibre m9tou3 10j aucune reponse","il y a 7 mois"
"121.0","Settat","servant of islam","Meilleur choix pour l'investissement un emplacement ideal très demandé à la ville de settat.","il y a 9 mois"
"121.0","Settat","Myriam Karima Saidi","service clientèle et suivi technique nul, un mois que je réclame une intervention à domicile pour ma connexion internet et toujours rien (4 aller-retour en agence)...bonjour l'image","il y a 8 ans"
"121.0","Settat","Hicham Moustaqimi","Des agents serviables et souriants.. j'ai bien apprécié ma visite et leurs services","il y a 3 ans"
"121.0","Settat","REUBEN KAWEZA","C'est un bon endroit 💪💪 …","il y a 2 ans"
"121.0","Settat","Abdellatif Motaouakkil","Le service est bon","Modifié il y a 3 ans"
"121.0","Settat","Said ben ali","Bon service","il y a 4 ans"
"121.0","Settat","Abdennasser OTMANI","Directeur serviable","il y a 3 ans"
"121.0","Settat","rachid amini","Maroc Télécom","il y a 7 ans"
"121.0","Settat","yahya ouirdani","Il n'existe pas d'entreprise de télécommunications réputée au Maroc.","il y a 2 mois"
"121.0","Settat","Rimuru Mochizuka","Service client absolument nul. Le Wi-Fi a été coupé pendant trois semaines et, lorsque nous sommes allés nous plaindre, on nous a répété à plusieurs reprises qu'ils enverraient des techniciens après 48 heures. Or, ils n'arrivaient qu'après …","il y a un an"
"121.0","Settat","ratib abderrahim","Une semaine sans internet malgré plus de dix plaintes, et personne n'a levé le petit doigt. …","il y a 10 mois"
"121.0","Settat","‫شمس عبدالحميد غني (عبد الحميد)‬‎","C'est l'une des pires expériences que j'aie jamais vécues. Le service est déplorable. Ma connexion internet est coupée depuis deux semaines et personne ne répond. Ils mentent sans cesse. Malheureusement, tout le monde se plaint maintenant. …","il y a 3 ans"
"121.0","Settat","houssin nour","Vous devrez attendre longtemps. Je vous recommande d'y aller tôt le matin.","il y a 5 ans"
"121.0","Settat","mariama boumia","Personnel agréable. Installation de la fibre optique coûteuse.","Modifié il y a 4 ans"
"121.0","Settat","Jana Zitkova","Recharge de données en libre-service","Modifié il y a un an"
"121.0","Settat","EL MAHJOUB SOUFAIH","Maintenant","il y a 7 ans"
"121.0","Settat","Iouness Lol","merde","il y a 2 ans"
"121.0","Settat","انمي هيرو","Pionnier dans le domaine des communications et des technologies sans fil","Modifié il y a 5 ans"
"121.0","Settat","Yassine Yassine","Vous avez délibérément coupé la ligne ADSL à plusieurs reprises et pendant de longues périodes afin d'inciter les clients à souscrire à la fibre optique, très onéreuse par rapport aux pays voisins. Ce sont des agissements malveillants et sournois que seuls les professionnels de l'informatique peuvent comprendre.","il y a 59 minutes"
"121.0","Settat","Elmostafa Doumairi","Aucun texte","il y a un mois"
"121.0","Settat","Mariam El Alaoui","Aucun texte","il y a 2 mois"
"121.0","Settat","Salah Moubarak","Aucun texte","il y a 9 mois"
"121.0","Settat","Youssef Idrissi","Aucun texte","il y a 11 mois"
"121.0","Settat","fatima zahoud","Aucun texte","il y a un an"
"121.0","Settat","Aziz Elkahi","Aucun texte","il y a 2 ans"
"121.0","Settat","Hamza Otmani","Aucun texte","Modifié il y a 3 ans"
"121.0","Settat","Mohamed Moutik","Aucun texte","il y a 4 ans"
"121.0","Settat","Ait Hali El Houssaine","Aucun texte","il y a 4 ans"
"121.0","Settat","Achraf Cherkaoui","Aucun texte","il y a 5 ans"
"121.0","Settat","noureddine bayla","Aucun texte","il y a 5 ans"
"121.0","Settat","AymaneRH","Aucun texte","il y a 5 ans"
"121.0","Settat","Miloud Echarki","Aucun texte","il y a 7 ans"
"121.0","Settat","Noha Layani","Aucun texte","il y a 7 ans"
"121.0","Settat","Kilani Kilani","Aucun texte","il y a 7 ans"
"122.0","Settat","Abdelhak Lamrichi","mauvais service 14j pour transfert internet","il y a 3 ans"
"122.0","Settat","Settat Netflix","Aucun texte","il y a 2 ans"
"122.0","Settat","Sawadogo Abdoul-Aziz","Aucun texte","il y a 6 ans"
"123.0","Settat","Redouane el ouanass","Aucun texte","il y a un an"
"125.0","Settat","Amine Al","Une agence moderne qui contient tout ce que le client désire en termes de nouvelles technologies avec une plate-forme pour tester la vitesse de la fibre optique ainsi que la TV sur ADSL","il y a 8 ans"
"125.0","Settat","Informatique Pro","Comme toutes les agences Maroc Télécom bon service","il y a 2 ans"
"125.0","Settat","Hicham Moustaqimi","Bonne experience les agents sont serviables","il y a 3 ans"
"125.0","Settat","black sky (manaf)","mauvaise connexion","il y a 6 ans"
"125.0","Settat","Chorouk Krouli","Aucun texte","il y a 5 ans"
"125.0","Settat","Khalil El mouadden","Aucun texte","il y a 6 ans"
"125.0","Settat","Med Amine Slimani","Aucun texte","il y a 8 ans"
"126.0","Larache","Anouar Badri","Mauvais service, les agents sont toujours mal a l’aise ils t’accueillent que pendant l’achat de l’abonnement et après quand t’aura des problèmes ils sont fous de toi, mauvaise entreprise, mauvaise expérience, service clientèle zéro!!!","il y a 11 mois"
"126.0","Larache","HICHAM BZR","Mauvais service Je ne sais pas sur quels critères ils se basent pour sélectionner ces employés","il y a 3 ans"
"126.0","Larache","Moutia Oumima","Très mauvais service dans cette agence","il y a un an"
"126.0","Larache","mohamed Chaihab","Mochkila dyal service hta y3dbok avait twsl dak chi lay bghi","il y a 4 mois"
"126.0","Larache","achraf bouzzutoune","Service très appréciable.","il y a 3 mois"
"126.0","Larache","Tiyani Arrafie","Très mauvais service, ils ont mon argent depuis deux mois et j'attends toujours qu'il soit rendu.","il y a 3 ans"
"126.0","Larache","OUBEL Design","Service déplorable, employés désagréables, je cesserai d'utiliser leurs services.","il y a 2 ans"
"126.0","Larache","Moha Bak","Aucun texte","Modifié il y a 9 mois"
"126.0","Larache","Karim El Ouardi","Aucun texte","il y a un an"
"126.0","Larache","Magdy Hammoud","Aucun texte","il y a 3 ans"
"127.0","Larache","Elgnaoui Mustapha","Service médiocre","Modifié il y a 6 mois"
"129.0","Larache","Wohn-mobil statt Wohn-ung","Aucune carte n'a été débitée, mais ils sont vraiment très gentils ❤️ et m'ont tout expliqué - des gens formidables 👌 …","il y a 6 jours"
"129.0","Larache","Futur irri","Comment est-il possible qu'une demande de changement d'adresse soit retardée de plus de dix jours ? Comment peut-on bafouer à ce point les intérêts des citoyens ? Que Dieu me vienne en aide, car Il est le meilleur pour gérer les affaires.","il y a une semaine"
"129.0","Larache","Abdouelrouychye","Aucun texte","il y a un an"
"129.0","Larache","maps maps","Aucun texte","il y a 2 ans"
"130.0","Rabat","M Amraoui","Bon accueil et efficacité. Pas trop d'attente","il y a 2 ans"
"130.0","Rabat","Hassan Radwani","Les services de cette agence sont bons","il y a 3 ans"
"130.0","Rabat","Hassan obadi chellaoui","Aucun texte","il y a 4 mois"
"130.0","Rabat","Salma El mouhajir","Aucun texte","il y a un an"
"130.0","Rabat","Ilias Zerouali","Aucun texte","il y a un an"
"130.0","Rabat","Zoubir Bnadam","Aucun texte","il y a un an"
"130.0","Rabat","Oum","Aucun texte","il y a 2 ans"
"130.0","Rabat","النيكاراغوي","Aucun texte","il y a 3 ans"
"130.0","Rabat","EL Oussama M","Aucun texte","il y a 3 ans"
"131.0","Rabat","Samir Idrissi","Assez bon service,sans plus
Bonne situation géographique et mobilier futuriste rien à voir avec le niveau du Personnel commercial devenu d'humeur détestable …","il y a 6 ans"
"131.0","Rabat","Mohammed BELATAR","CATASTROPHIQUE !!! Jamais vu une entreprise avec un service clients aussi inconscient ! Ils sont pire que les employés des administrations publiques! Aucune responsabilité, des problèmes à gogo, pas de solutions aux problèmes, et travail non réalisé!","il y a 4 ans"
"131.0","Rabat","SBIHI Mohamed","Scandaleux. ..plus d 2 heures d attente et j ai du partir sans obtenir le service . d autres ont abandonnés comme moi......impensable....une honte","il y a 4 ans"
"131.0","Rabat","FBD Concept","Une vrai catastrophe le service entreprise.. aucune écoute pour le client et aucune solution proposée aux problèmes. C est une honte d'avoir des commerciaux de ce calibre!!!!!","il y a 6 ans"
"131.0","Rabat","RICHARD LILIANE","Scandaleux. ...pas de personnel...plus d une heure d attente et j ai du partir sans obtenir le service de dépôt de mes règlements.....d autres ont abandonnés comme moi......impensable....une honte","il y a 5 ans"
"131.0","Rabat","Benroubicar Location de voiture","Mauvaise qualité","il y a 4 mois"
"131.0","Rabat","Fagouri Said","Excellente, Merci pour le chaleureux accueil de toutes les filles qui travaillent dans ce Centre Dédié aux Entreprises","il y a 3 ans"
"131.0","Rabat","Louis-Martin Soro","Belle agence","il y a 4 ans"
"131.0","Rabat","Youssef mulder","Un lieu  pour être  servi  il faut  attendre  une  demi-heure
Ce lieu mieux  pour les jours  de  ramadan
Pour passer  le temps","il y a 6 ans"
"131.0","Rabat","Idi Motivé","Pas mal","il y a 7 ans"
"131.0","Rabat","Les Petites Crèmes","Personnel à l’accueil rapide et efficace.","il y a 2 ans"
"131.0","Rabat","Youssef Bennouna","Tres joli cadre avec parking.","il y a 5 ans"
"131.0","Rabat","Hamid Mestari","Cherchent par tous les moyens à ne pas traiter votre demande","il y a 5 ans"
"131.0","Rabat","Elarraoui Abdelhay","Propositions de solutions de téléphonie et hébergement des données des entreprises","il y a 4 ans"
"131.0","Rabat","Adil Rahmoune","Tres bon service","il y a 4 ans"
"131.0","Rabat","Zoubida Charrouf","Des personnes serviabiles et efficaces","il y a 3 ans"
"131.0","Rabat","brahim aouiche","Très bonne services","il y a 6 ans"
"131.0","Rabat","Didi Seddik","Mauvais traitement du client","il y a 6 ans"
"131.0","Rabat","Chihab Amine","Agréable site","il y a 3 ans"
"131.0","Rabat","Rachida Guelzim","Toujours satisfaite !","il y a 4 ans"
"131.0","Rabat","ROLLING LIGHT SPARK","Ambience agréable","il y a 5 ans"
"131.0","Rabat","khatiri hassan","Parking garanti","il y a 6 ans"
"131.0","Rabat","KARIM AKALLAL","A amélioré","il y a 8 ans"
"131.0","Rabat","Mbarek Bouzidi","Travail","il y a 6 ans"
"131.0","Rabat","yiyang zhang","Franchement, expérience très décevante chez Maroc Telecom. Il y avait deux agents présents, mais aucun ne travaillait ni ne prenait en charge les clients. L’attente était inutilement longue et le service laisse vraiment à désirer. C’est inacceptable pour une entreprise de cette taille.","il y a une semaine"
"131.0","Rabat","mohammed el maarofi","L'emplacement est idéal, très spacieux et magnifique, mais je n'ai trouvé qu'un seul employé pour répondre au téléphone d'un client. …","il y a 4 ans"
"131.0","Rabat","Faisal Mahmoud","Une agence commerciale de Maroc Telecom, spécialisée dans les services aux entreprises, emploie une majorité de personnes qui ont recours à la tromperie et au mensonge pour conclure des affaires avec les clients. Ne vous fiez pas à leurs dires, car vous risquez d'en payer le prix fort.","il y a 6 ans"
"131.0","Rabat","basom consulting","𝐖𝐎𝐑𝐒𝐓 𝐂𝐔𝐒𝐓𝐎𝐌𝐄𝐑 𝐒𝐄𝐑𝐕𝐈𝐂𝐄 𝐈 𝐇𝐀𝐕𝐄 𝐄𝐕𝐄𝐑 𝐄𝐗𝐏𝐄𝐑𝐈𝐄𝐍𝐂𝐄𝐃!! Si je peux faire quelque chose sans rien faire, je le ferai. …","il y a 4 ans"
"131.0","Rabat","ANAS IDRISSI","La meilleure agence avec laquelle j'ai travaillé jusqu'à présent, comparée aux autres. …","il y a 3 ans"
"131.0","Rabat","Mathieu ChampRoux","La pire expérience client de ma vie. Il a fallu 96 heures et plus de 25 appels téléphoniques pour que ma connexion internet soit réparée.","Modifié il y a 4 ans"
"131.0","Rabat","Yousuf","Une excellente entreprise de télécommunications pour commander internet, des cartes SIM et tous les services liés aux communications.","il y a 6 ans"
"131.0","Rabat","ahmed abouny","Oui, c'est Maroc Telecom, l'un des services","Modifié il y a 4 ans"
"131.0","Rabat","Moraxsw","Service impeccable","il y a 2 ans"
"131.0","Rabat","YOUSSEF EL OUARDI","Magnifique design intérieur","il y a 6 ans"
"131.0","Rabat","Wiam WIAM","Vendeur peu accueillant","il y a 6 ans"
"131.0","Rabat","JSB JSB","Attention lentilles.","il y a 6 ans"
"131.0","Rabat","Stefano De Vito","Bon service","il y a 4 ans"
"131.0","Rabat","karaahmed 2","😍 …","il y a 2 ans"
"131.0","Rabat","midovitch 04","Haut","il y a 8 ans"
"131.0","Rabat","Ali rabat","bien","il y a 7 ans"
"131.0","Rabat","Cin Oli","Efficace","il y a 7 ans"
"131.0","Rabat","Jaber Shomrani","Aucun texte","il y a un an"
"131.0","Rabat","Youness Ab","Aucun texte","il y a un an"
"131.0","Rabat","Yous Yao","Aucun texte","il y a un an"
"131.0","Rabat","noureddine Sandan","Aucun texte","il y a un an"
"131.0","Rabat","HICHAM BOUCHAQOUR","Aucun texte","il y a un an"
"131.0","Rabat","Otmane Zouheir","Aucun texte","il y a 3 ans"
"131.0","Rabat","Ghizo Maago","Aucun texte","il y a 3 ans"
"131.0","Rabat","elfahli saad","Aucun texte","il y a 3 ans"
"131.0","Rabat","Younes EL FADDI","Aucun texte","il y a 3 ans"
"131.0","Rabat","Les Ateliers Marocains ATMAR","Aucun texte","il y a 3 ans"
"131.0","Rabat","Mohamed Sbihi","Aucun texte","il y a 4 ans"
"131.0","Rabat","SAFAA FAHEM","Aucun texte","il y a 4 ans"
"131.0","Rabat","el ayadi mohammed","Aucun texte","il y a 4 ans"
"131.0","Rabat","Elwalid Hamour","Aucun texte","il y a 4 ans"
"131.0","Rabat","Hajar Kabli","Aucun texte","il y a 4 ans"
"131.0","Rabat","Vynz Plays","Aucun texte","il y a 4 ans"
"131.0","Rabat","alessio ansuini","Aucun texte","il y a 5 ans"
"131.0","Rabat","HMD Invest","Aucun texte","il y a 5 ans"
"131.0","Rabat","Fatima Zahra Khennoussi","Aucun texte","il y a 5 ans"
"131.0","Rabat","carmen maria moreno cantero","Aucun texte","il y a 5 ans"
"131.0","Rabat","Khalil Boukri","Aucun texte","il y a 6 ans"
"131.0","Rabat","S. K4rim S. K4rim","Aucun texte","il y a 6 ans"
"131.0","Rabat","Mohamed Redouane Skaita","Aucun texte","il y a 6 ans"
"131.0","Rabat","ان معي ربي سيهدين","Aucun texte","il y a 6 ans"
"131.0","Rabat","BOUHMOUCH RACHID","Aucun texte","il y a 6 ans"
"131.0","Rabat","Ibrahim El-Zawawy","Aucun texte","il y a 6 ans"
"131.0","Rabat","Otmane Fettal","Aucun texte","il y a 6 ans"
"131.0","Rabat","Abdou Lakhal","Aucun texte","il y a 7 ans"
"131.0","Rabat","Amine MRANI","Aucun texte","il y a 7 ans"
"131.0","Rabat","محمد برزوق","Aucun texte","il y a 7 ans"
"131.0","Rabat","Ali Alami","Aucun texte","il y a 7 ans"
"131.0","Rabat","nimsya Yasmine","Aucun texte","il y a 7 ans"
"131.0","Rabat","youssef jabairi (Jabairi87)","Aucun texte","il y a 7 ans"
"131.0","Rabat","Calin Ilie","Aucun texte","il y a 8 ans"
"131.0","Rabat","el abbadi Youssef","Aucun texte","il y a 8 ans"
"131.0","Rabat","Hanane BOUHADANE","Aucun texte","il y a 8 ans"
"131.0","Rabat","Алексей Шишкин","Aucun texte","il y a 8 ans"
"131.0","Rabat","Jesus Guerrero","Aucun texte","il y a 8 ans"
"133.0","Rabat","Asmaou Ahmadou","Incapables de fournir une e-sim, ou une sim normale même...
Déjà qu'il fait chaud, j'arrive pour activer une e-sim on me dit qu'il faut que j'achète une sim physique et SWITCH? (en 2025?,ok). En plus du fait que ce soit …","il y a 9 mois"
"133.0","Rabat","Yousra Rhaoussi","Service impeccable et très bon acceuil de la part de Monsieur Louati","il y a 11 mois"
"133.0","Rabat","EL ALAOUI LALLA HALIMA","Agence Maroc Télécom pour régler les factures de téléphone, faire des abonnements etc....","il y a 2 ans"
"133.0","Rabat","RENAISSANCE MED","Agence pour l'abonnement aux réseaux IAM, que ce soit le téléphone fixe, mobile ou l'internet.","il y a 5 ans"
"133.0","Rabat","abdelkarim elghouari","Un service d'abonnement de télécommunication estimé technologique et d'intérêt...","il y a 2 ans"
"133.0","Rabat","Fast Delivery","Bonnservices des employés sont adorables","il y a 6 ans"
"133.0","Rabat","Abdelaziz Essalhi","Agent Douaa bien accueille","il y a 3 ans"
"133.0","Rabat","moulay rachid Hachimi","Maroc","il y a 7 ans"
"133.0","Rabat","Youssef Hafid","Agence du progrès, rue Hamman Al-Fatwaki","il y a 5 ans"
"133.0","Rabat","alyaakoubi yam","Ils sont bien 😊 …","il y a 2 ans"
"133.0","Rabat","Yassine Kissani","Bon service","il y a 2 ans"
"133.0","Rabat","Bouchra Nfinif","Service rapide.","il y a 4 ans"
"133.0","Rabat","N. R.","Aucun texte","il y a 5 mois"
"133.0","Rabat","Bouazza Errahimi","Aucun texte","il y a 8 mois"
"133.0","Rabat","Khaoula Slimi","Aucun texte","il y a 2 ans"
"133.0","Rabat","doha sdiki","Aucun texte","il y a 2 ans"
"133.0","Rabat","Ahmed Bousselam","Aucun texte","il y a 2 ans"
"133.0","Rabat","Rabie Soulymani","Aucun texte","il y a 2 ans"
"133.0","Rabat","Bouzalrha Mustapha","Aucun texte","il y a 3 ans"
"133.0","Rabat","‫اكتشف المفيد (في عالم الطيور)‬‎","Aucun texte","il y a 3 ans"
"133.0","Rabat","Raju Sharma","Aucun texte","il y a 3 ans"
"133.0","Rabat","Abdelouahed Eljaouhari","Aucun texte","Modifié il y a 3 ans"
"133.0","Rabat","Pierre jean Pittino","Aucun texte","il y a 5 ans"
"133.0","Rabat","benarif asmaa","Aucun texte","il y a 6 ans"
"133.0","Rabat","Abdelillah Nwassri","Aucun texte","il y a 6 ans"
"133.0","Rabat","Hassan El Moudni","Aucun texte","il y a 6 ans"
"133.0","Rabat","OUFASKA FOUAD","Aucun texte","il y a 7 ans"
"133.0","Rabat","Adnane Eloiriachi","Aucun texte","il y a 7 ans"
"134.0","Rabat","abdelhalim ouahid","Si je pouvais mettre 0 étoiles je l'aurais fait.  L'agence est nulle à tous les niveaux.  Cette agence doit être supprimée ou annexée à une autre agence. Service nul","il y a 3 mois"
"134.0","Rabat","LR007","Personnel gentil!
Surtout mme Fatimazahra
Merci","il y a un mois"
"134.0","Rabat","Asmae","Je suis vraiment déçu par le personnel de cette agence de téléphone. L'accueil était froid et peu professionnel, et les conseillers semblaient plus intéressés par leur propre travail que par l'aide à apporter aux clients. J'ai dû attendre …","Modifié il y a un an"
"134.0","Rabat","Allali Said","Le  paiement des factures  n'est plus possible dans cette  agence, cette agence  où l'accueil est très agréable, le personnel est accueillant et à l'écoute des usagers, on peut renouveler, contracter un abonnement, modifier les  clauses du contrat,","il y a 7 ans"
"134.0","Rabat","Wafae Hajaji","Maroc Telecom en général a une attitude qui n'est pas orienté client. Peut être s'en est trop demandé à l'opérateur historique de se mettre au diapason de la nouvelle ère orienté consommateurs?","il y a 5 ans"
"134.0","Rabat","or orset","Très bon accueil, professionnalisme, et qualité de service.","il y a 3 ans"
"134.0","Rabat","Chihab Semmar","Ils pourraient être plus agréables","il y a 6 ans"
"134.0","Rabat","Salma Sebbahi","mauvais service","il y a 11 mois"
"134.0","Rabat","Soulaimane Amri سليمان أمري","Ne répondent jamais.","il y a un an"
"134.0","Rabat","Hassan Aitbarhouch","Moyen","Modifié il y a 3 ans"
"134.0","Rabat","Reda Karami","👎👎👎👎👎nulllll …","il y a 8 ans"
"134.0","Rabat","SANAA IMRANI","Très bon accueil","il y a 3 jours"
"134.0","Rabat","bazar bim vic","Un service client au top ! Je suis passé(e) à l'agence et ma demande a été traitée avec une grande rapidité. Je voudrais exprimer ma profonde gratitude à Madame Fatima. Son expertise, sa gentillesse et son sens de l'écoute font toute la différence. Merci pour ce service 5 étoiles !","il y a 3 jours"
"134.0","Rabat","AmraIA","Très belle agence, personnel professionnel et à l'écoute. Merci beaucoup pour votre aide précieuse, votre accueil irréprochable et votre efficacité. Super service client !","il y a 3 jours"
"134.0","Rabat","fekhar khalil","Je suis très satisfait(e) du service de cette agence Maroc Telecom. Un grand merci spécialement à Madame Fatima qui a été d'une gentillesse et d'une compétence remarquables. Elle prend vraiment le temps d'écouter, de bien expliquer et de …","il y a 3 jours"
"134.0","Rabat","jalil fekhar","Excellente expérience au sein de cette agence Maroc Telecom. Le service est rapide et l'accueil est chaleureux. Je tiens à remercier tout particulièrement Madame Fatima pour son grand professionnalisme, son sourire et sa patience. Elle a su traiter ma demande avec beaucoup d'efficacité. Je recommande vivement","il y a 3 jours"
"134.0","Rabat","Titrit Kari","Je tient à saluer le personnel de cette agence entete madame fatima .
Une femme agreable et à l ecoute qui propose ses services at des conseils pertinent . Je me déplace de loin exclusivement pour cela.","il y a une semaine"
"134.0","Rabat","MOHAMED BR","ils gèrent mes lignes personnels et d'entreprises depuis 2008 rien a dire que applaudir leurs rigueur et leurs professionnalisme..
surtout un grand merci a mme Fatima el fouakhri.","il y a une semaine"
"134.0","Rabat","Amine Benbouazza","Bonne réception au du conseiller mme Fatima et la directrice Mme Kawtar un service de professionnels merci pour tt le staf","il y a 2 semaines"
"134.0","Rabat","Karim Erraji","Service de qualité, tout le staff de l'agence est très compétent et à l'écoute","il y a 2 semaines"
"134.0","Rabat","Gilles Roy","Nous nous sommes fait arnaqué au ""faux"" guichet Maroc Telecom de l aéroport de Rabat en prenant une carte sim 20Go à 100 dirhams qu ils n ont pas activité et tout ce que m a dit la dame de cette agence qu on a été voir, c est que le guichet …","il y a 3 semaines"
"134.0","Rabat","Lucia Götz","Toilettes très belles et propres, même avec du papier toilette et du désodorisant - mais pas publiques, donc il faut y aller en secret ou rapidement","il y a 3 ans"
"134.0","Rabat","F.zahra Ret","Service déplorable ! Et l'endroit n'est pas agréable.","il y a 6 ans"
"134.0","Rabat","Abdelhak Hammou ou ali","Fournir les meilleurs services","il y a 2 ans"
"134.0","Rabat","Jose Antonio","Service excellent","il y a 6 ans"
"134.0","Rabat","Me hdi","Numéro de téléphone incorrect","il y a 8 ans"
"134.0","Rabat","Younes Choukri","Le pire fournisseur d'accès internet du pays","il y a 6 ans"
"134.0","Rabat","Fahd Monir","Dima top","il y a 2 jours"
"134.0","Rabat","Bouih Youness","SERVICE TOP","il y a 3 jours"
"134.0","Rabat","HICHAM B.","Excellent service","il y a une semaine"
"134.0","Rabat","jack","Aucun texte","il y a un mois"
"134.0","Rabat","NOURIA HIMMICH","Aucun texte","il y a 3 mois"
"134.0","Rabat","Abderrafie KHAOUTI","Aucun texte","il y a un an"
"134.0","Rabat","GGM ORGANISATION","Aucun texte","il y a 2 ans"
"134.0","Rabat","Med Omss","Aucun texte","il y a 2 ans"
"134.0","Rabat","Jam Ela","Aucun texte","il y a 2 ans"
"134.0","Rabat","Ben05","Aucun texte","il y a 2 ans"
"134.0","Rabat","Amazing. Yamato","Aucun texte","il y a 3 ans"
"134.0","Rabat","Pablo Yañez","Aucun texte","il y a 4 ans"
"134.0","Rabat","Abdullah ELFikky","Aucun texte","il y a 4 ans"
"134.0","Rabat","EL GHAZOUANI Manal","Aucun texte","il y a 4 ans"
"134.0","Rabat","Jesús RODRIGUEZ","Aucun texte","il y a 4 ans"
"134.0","Rabat","HSAINE YASSINE","Aucun texte","il y a 5 ans"
"134.0","Rabat","anir benlachgar","Aucun texte","il y a 5 ans"
"134.0","Rabat","hobri abderrahim","Aucun texte","il y a 6 ans"
"134.0","Rabat","Chakib Berka","Aucun texte","il y a 6 ans"
"134.0","Rabat","Ayoub Oujeddi","Aucun texte","il y a 6 ans"
"134.0","Rabat","Karim Maaroufi","Aucun texte","il y a 7 ans"
"134.0","Rabat","imrane idelhaj","Aucun texte","il y a 7 ans"
"134.0","Rabat","Hicham Moneymaker","Aucun texte","il y a 8 ans"
"134.0","Rabat","Tatia Emghar","Aucun texte","il y a 8 ans"
"134.0","Rabat","mohamed lguaouzi","Aucun texte","il y a 8 ans"
"134.0","Rabat","Fatima El Fouakhri","Aucun texte","il y a 8 ans"
"134.0","Rabat","Cyriac Edappully","Aucun texte","il y a 9 ans"
"135.0","Rabat","Hicham Lamq","Le service dans cette agence Maroc Telecom est très lent. Il n’y a qu’un seul caissier, ce qui entraîne une attente excessivement longue pour les clients. L’organisation laisse clairement à désirer. De plus, le manque de respect envers les clients est inacceptable.","il y a 4 mois"
"135.0","Rabat","h l","Service trop lent dans cette agence Maroc Telecom. Il n’y a qu’un seul caissier, ce qui provoque une très longue attente pour les clients. L’organisation est à revoir. …","il y a 4 mois"
"135.0","Rabat","Victor Vigana","Depuis la mise en place du confinement, un seul guichet fonctionne sur quatre, certes avec une employée efficace mais attente considérable à l'extérieur sous le soleil source d'enervement parmi le public sans gestes barrière. Après plus de 100 jours est ce tolérable ?","il y a 5 ans"
"135.0","Rabat","h al","Le commercial (pas forcément un homme) a accueilli une cliente qui s'est présentée au guichet sans numéro, ça a pris 20 minutes puis il a plongé dans sa paperasse ( ou son facebook?) pendant 10 minutes et quand il a ďéclenché le truc qui …","il y a 7 ans"
"135.0","Rabat","Amina El yahiaoui","Service rapide et efficace merci M.zakaria","il y a un an"
"135.0","Rabat","Med Amekreh (Amekreh)","Ça va.. J'ai effectué un abonnement mais a par à ment même l'agence souffre de problème de connexion. !?!?!","il y a 6 ans"
"135.0","Rabat","EL ALAOUI LALLA HALIMA","Agence Maroc Telecom du quartier Nahda I de Rabat.
Lieu pour régler ces factures, faire un abonnement etc....","Modifié il y a un an"
"135.0","Rabat","Omar Azol","Tres grande agence pour la zone ce qui laise les gens de place y aller.
Totalité de produits sont disponibles.","il y a 6 ans"
"135.0","Rabat","Dounia L","Service nul. Après ma petite visite j'ai changé pour Inwi","il y a 4 ans"
"135.0","Rabat","Six klg","Meilleur réseau wifi au maroc ,service de maintenance rapide  mais parfois sa déconne .","il y a 7 ans"
"135.0","Rabat","RENAISSANCE MED","Agence Maroc Télécom pour le paiement des factures de téléphone, s'abonner aux réseaux téléphoniques, à l'internet et autres.....","Modifié il y a 3 ans"
"135.0","Rabat","Akram Barouki","Service très null, agents incompétents...j'y retournerai jamais 😡😡😡 …","il y a 4 ans"
"135.0","Rabat","mohammed elmalki","Accueil : +
Service : + et rapide
Bonne continuation","il y a 5 ans"
"135.0","Rabat","Mehdi Kibani","C'est correct et l'emplacement est bien précise","il y a 9 ans"
"135.0","Rabat","mehdine sedick","C'est dur avec certains gens","il y a 5 ans"
"135.0","Rabat","DANA DAYDAN","Virement c est un poste pour les Public","il y a 8 ans"
"135.0","Rabat","Sam","Très professionnel et accueillant","il y a 4 ans"
"135.0","Rabat","zakaria taous","Pas mal","il y a 8 ans"
"135.0","Rabat","Bob Boobs","C climatise et propre","il y a 6 ans"
"135.0","Rabat","Maghreb Med","Agence commerciale de Maroc Télécom à Nahda1 de Rabat.","il y a 6 ans"
"135.0","Rabat","Youssef El Atrassi","Mauvaise Service client","il y a 4 ans"
"135.0","Rabat","Gibril Kaloga","Meilleur réseau au maroc","il y a 7 ans"
"135.0","Rabat","Salaheddine Elhassani","Bonne agence","il y a 7 ans"
"135.0","Rabat","nkaye salvador","Bien !","il y a 6 ans"
"135.0","Rabat","Faith fodiana","Simple et efficace..","Modifié il y a 6 ans"
"135.0","Rabat","Latifa Rahal","À l'écoute des clients","il y a 7 ans"
"135.0","Rabat","achkoune hicham (auto ecole achkoune)","Agreable service","il y a 7 ans"
"135.0","Rabat","Ahmed Bahedi","Nul","il y a 6 ans"
"135.0","Rabat","Rachid Benjama","Beaucoups de négligences.","Modifié il y a 6 ans"
"135.0","Rabat","kurt bonjour","Arnaque","Modifié il y a 7 ans"
"135.0","Rabat","Taoufik Fatine","Bon service","il y a 8 ans"
"135.0","Rabat","midovitch 04","Super","il y a 8 ans"
"135.0","Rabat","Lahcen Boutakrabin","Parfait","il y a 8 ans"
"135.0","Rabat","Flair Casimir","👍 …","il y a 6 ans"
"135.0","Rabat","bastandi of world","👎👎👎👎👎 …","il y a 7 ans"
"135.0","Rabat","Sahtani Kamal","Bien","il y a 6 ans"
"135.0","Rabat","طريقنا Trikna","Nul","il y a 8 ans"
"135.0","Rabat","Sibnath Mukherjee","Le processus est lent, mais ça va, et les informations sont utiles. La lenteur s'explique par le fait qu'ils prennent le temps nécessaire pour bien comprendre la situation et qu'ils font tout leur possible pour vous aider. Globalement, ils sont bons, sans être exceptionnels, mais je leur donnerais quand même la note de 5/5.","il y a 7 ans"
"135.0","Rabat","Noufel masrour","Je n'apprécie pas du tout cet endroit : le nombre d'employés est réduit et le paiement par carte bancaire n'est pas possible. Il y a toujours la queue et le service est lent. Si vous êtes pressé, il vaut mieux aller ailleurs que dans cette agence.","il y a 9 ans"
"135.0","Rabat","mohammed el maarofi","Un bon siège social pour Maroc Telecom, offrant plusieurs services et bénéficiant d'un bon accueil de la part de ses employés.","il y a 7 ans"
"135.0","Rabat","Tarik Fettah PHOTOMATIX","Une agence réputée avec un personnel respectable, un service rapide et une équipe bien coordonnée.","il y a 4 ans"
"135.0","Rabat","Hind Bouras (‫ام محمد‬‎)","Excellent, l'une des meilleures boutiques de téléphonie mobile.","il y a 4 ans"
"135.0","Rabat","gonflablemaroc rabat","Le pire traitement de la part du personnel","il y a 4 ans"
"135.0","Rabat","Nour Nour","Excellent","Modifié il y a 7 ans"
"135.0","Rabat","Marlyse laure Foh","Haut","il y a 7 ans"
"135.0","Rabat","Mustapha Adil","Utile","il y a 3 ans"
"135.0","Rabat","Pijus Kanti Khanra","Bien","il y a 7 ans"
"135.0","Rabat","ABDULAZIZ ALKHALDI","🤠😎 …","il y a 6 ans"
"135.0","Rabat","Said H","👎👎👎👎👎 …","il y a 4 ans"
"135.0","Rabat","Amona Brk","Aucun texte","il y a un an"
"135.0","Rabat","Sall Ldyi","Aucun texte","il y a un an"
"135.0","Rabat","Hari Kumar","Aucun texte","il y a un an"
"135.0","Rabat","Ahmed marwane Amine","Aucun texte","il y a 2 ans"
"135.0","Rabat","Tarik Baja","Aucun texte","Modifié il y a 3 ans"
"135.0","Rabat","hicham wazzani","Aucun texte","il y a 3 ans"
"135.0","Rabat","Marwan Sakiat","Aucun texte","il y a 3 ans"
"135.0","Rabat","Habib Birbir","Aucun texte","il y a 4 ans"
"135.0","Rabat","Dr.Khaled alhammadi","Aucun texte","il y a 4 ans"
"135.0","Rabat","Mouataz Billah Benyahya","Aucun texte","il y a 4 ans"
"135.0","Rabat","baddi sanae","Aucun texte","il y a 4 ans"
"135.0","Rabat","Liliane Backa","Aucun texte","il y a 4 ans"
"135.0","Rabat","Larbi Aitbenbella","Aucun texte","il y a 4 ans"
"135.0","Rabat","Brahim Elmoutaouakkil","Aucun texte","il y a 4 ans"
"135.0","Rabat","maroc informatique et reprographie","Aucun texte","il y a 4 ans"
"135.0","Rabat","Lakcim Mohammed","Aucun texte","il y a 5 ans"
"135.0","Rabat","MUSTAPHA Byati","Aucun texte","il y a 5 ans"
"135.0","Rabat","ennahbaoui ste.ennahbaoui","Aucun texte","il y a 5 ans"
"135.0","Rabat","G","Aucun texte","il y a 5 ans"
"135.0","Rabat","Hassan Mesbah","Aucun texte","il y a 5 ans"
"135.0","Rabat","Younes Hicham","Aucun texte","il y a 5 ans"
"135.0","Rabat","abosalah Almarribi","Aucun texte","il y a 5 ans"
"135.0","Rabat","Ahmed Hoummani","Aucun texte","il y a 6 ans"
"135.0","Rabat","Ilham illou","Aucun texte","il y a 6 ans"
"135.0","Rabat","Belgh bch","Aucun texte","il y a 6 ans"
"135.0","Rabat","naji hanna","Aucun texte","il y a 6 ans"
"135.0","Rabat","abdennacer lebsir","Aucun texte","il y a 6 ans"
"135.0","Rabat","Yannick konan","Aucun texte","il y a 6 ans"
"135.0","Rabat","Salwa Akikab","Aucun texte","il y a 6 ans"
"135.0","Rabat","Ismaili Younes","Aucun texte","il y a 6 ans"
"135.0","Rabat","Othmane Nejd","Aucun texte","il y a 6 ans"
"135.0","Rabat","zaher lhoussin","Aucun texte","il y a 7 ans"
"135.0","Rabat","Abdenasser loukili","Aucun texte","il y a 7 ans"
"135.0","Rabat","Ahmed Reda jbaihi (Arjbaihi)","Aucun texte","il y a 7 ans"
"135.0","Rabat","boubker cherkaoui","Aucun texte","il y a 7 ans"
"135.0","Rabat","talal Lamoudni","Aucun texte","il y a 7 ans"
"135.0","Rabat","M'hammed B","Aucun texte","Modifié il y a 7 ans"
"135.0","Rabat","Ali Bensi","Aucun texte","il y a 7 ans"
"135.0","Rabat","Hanaan bidar","Aucun texte","il y a 7 ans"
"135.0","Rabat","Inass Chelouati","Aucun texte","il y a 7 ans"
"135.0","Rabat","Ibrahima Diallo","Aucun texte","il y a 7 ans"
"135.0","Rabat","Ouz Najat","Aucun texte","il y a 7 ans"
"135.0","Rabat","Amina JOUNDOULI","Aucun texte","il y a 7 ans"
"135.0","Rabat","Chaimae El Khazri","Aucun texte","il y a 8 ans"
"135.0","Rabat","elidrissi filali","Aucun texte","il y a 8 ans"
"135.0","Rabat","abd rahman","Aucun texte","il y a 8 ans"
"135.0","Rabat","Ahmed Reda Jbaihi","Aucun texte","il y a 8 ans"
"135.0","Rabat","Nicolas Kusuaka","Aucun texte","il y a 8 ans"
"135.0","Rabat","Reda Maachou","Aucun texte","il y a 8 ans"
"135.0","Rabat","Yahia El Haddad","Aucun texte","il y a 8 ans"
"135.0","Rabat","Mamadou TRAORE","Aucun texte","il y a 8 ans"
"135.0","Rabat","GaiCiré Fall","Aucun texte","il y a 8 ans"
"135.0","Rabat","Nadir Addam","Aucun texte","il y a 8 ans"
"135.0","Rabat","Lorenzo B. Aiba","Aucun texte","il y a 8 ans"
"135.0","Rabat","Ahmad Fiqi","Aucun texte","il y a 8 ans"
"135.0","Rabat","Kamal Ruhela","Aucun texte","il y a 8 ans"
"135.0","Rabat","rachid taoudi","Aucun texte","il y a 8 ans"
"135.0","Rabat","jalil bakhiyi","Aucun texte","il y a 9 ans"
"136.0","Rabat","Franck Brun szyporta","Très bonne agence et commerciale super sympa rien à dire par rapport à d'autre agence de la même société  qui m'a fait perdre 15j d'intérêt mobile  juste pour un mauvais paramétrage  alors que cette agence en 2 mn ma réglée le problème","il y a 7 ans"
"136.0","Rabat","Fabrice DEMELLIER","Le Maroc on y passe la moitié de sa vie à attendre heureusement qu'on est en vacances. Sinon accueil correct.","il y a 6 ans"
"136.0","Rabat","Eric Basset","Très très bon accueil et service. Je recommande Maroc Telecom.","il y a 3 ans"
