Comment,sentiment_score,review_id
"C’est bien de construire des tours, mais à cause de vous on ne va même pas être dans le top 10 des pays africains avec un bon accès internet! Vous commencez à agacer les gens sérieusement.",0.57,1
"Je suis très déçu(e) du service d'IAM Maroc. J'ai rencontré plusieurs problèmes, notamment un manque de réactivité, un personnel peu professionnel et des délais de traitement très longs. Ce genre d'expérience est frustrant et ne reflète pas",-0.96,2
"La seul et unique chose satisfaisante chez IAM c'est le siège. Adsl, Fibre: Réseau 4G : Nul et instables comparant aux concurrents qui proposent mieux Rapport qualité-prix : 👎🏼",0.65,3
Un immense merci à la jeune dame de l'agence.. J'ai été très bien conseillé et je souligne sa grande patience ainsi que ses explications hyper claires. Elle a pris le temps nécessaire pour régler mon problème d’abonnement .,0.91,4
"Bonjour j'ai demandé un changement de ligne ADSL vers FIBRE depuis le 04/08 et toujours rien,pourtant ils m'ont informé à l'agence que le délais est de 48h. le SC au Tel ou bien l'agence Iam ne font que relancer sans avoir le motif du retard du prestataire",-0.52,5
"Je n’ai jamais vu un service aussi catastrophique. J’ai souscrit à la fibre optique depuis le 2 juillet, et nous sommes le 12 : toujours aucun service. J’appelle le service clientèle, aucune considération pour mon problème. Je me rends en agence, aucun effort n’est fait pour le résoudre. C’est du jamais vu, je suis extrêmement déçu",-0.72,6
"Bonjour, service mauvais , directrice mal discipliné et malhonnête ! Il vous faut plus de 15 jours pour la résiliation d’une ligne fixe Sachant que je suis à jour",-0.98,7
"MRE surtout éviter cet opérateur, 20GO en même pas 24h, c du vol, on est là depuis 5 jours et on a déjà claqué 40GO, comment c possible? En ne regardant ni films, ni en téléchargeant, c vraiment du vol, on a pris la box et en plus de ça 4 puces, on va changer d’opérateur c trop",-0.57,8
Mauvaise service,0.55,9
"a 14h35 pas de personnels dans l'agence, que l'agent de sécurité qui m'a orienter vers un numéro de service client (qui ne rep pas). je n'ai rien compris",0.0,10
"Un service client inopérant, Perturbations sur la ligne Adsl  tout le temps, aucune réaction de la part de la société",0.0,11
"La dame Rachida est très malpolie et pas professionnelle . Elle nous parle comme si c'est elle qui allait payer pour nous . 0 sourire , 0 mot gentil et énormément de provocations et de grimaces.C'est pour cette dame que je ne remettrai plus les pieds chez vous. Je me suis senti attaqué et rabaissé.",-0.97,12
"Personnel absent, personne de disponible pour traiter les demandes des clients. En plus du site web qui ne marche pas correctement.",-0.44,13
"Service impeccable, conseillère top, professionnelle",0.8,14
Personnel non qualifié malheureusement.,0.0,15
"Ils m'ont rendu un excellent service rapidement, puisque je voulais un produit bien défini, il n'a pas essayé de vendre autre chose",0.88,16
"Attention!! Prenez reçu de ce que vous payez dans cette agence! Je me suis inscris à un abonnement dans cette agence, j’ai payé les frais de mise en service, on me demande de repayer ces frais sur l’application, quand je",0.67,17
Mauvaise service. malheursement,-0.73,18
"Le personnel est nonchalant. La conseillère parle en même temps au téléphone et à son collègue, et ne prend pas le temps d’expliquer au client. En tant que client je trouve cela irrespectueux et non professionnel",-0.85,19
Une étoile est déjà beaucoup compte tenu de l’inutilité de cette agence. Le monsieur (très nonchalant) nous a refusé une demande pourtant simple sans aucun motif nous obligeant à se déplacer vers une autre agence à plusieurs km. Une demande qui pouvait être traitée à son niveau. À FUIR !,-0.63,20
Maroc Télécom passe à la 5 G... le service en agence  tient encore du 16éme siécle.,-0.37,21
"Malheureusement je peux pas pas mettre zéro étoile, service médiocre, trop lent , personnel non professionnel",-0.74,22
La directrice  de l'agence  parle d'une façon inappropriée avec les clients  .. c'est grave,-0.86,23
"Service nul ! Voilà presque 3 semaines que j’attends l’installation de la fibre, et toujours rien. Que des promesses sans suite. Les techniciens et le service client ignorent les appels ou répondent sans jamais rien faire concrètement. On",-0.8,24
"Quand tu fais une réclamation, ils te disent toujours d’attendre 48h. Personne ne vient. Je refais une deuxième réclamation, on me redemande encore d’attendre 48h",-0.52,25
"Pour vous permettre de circuler,vous guider, téléphoné a Marrakech, les équipes de Maroc Télécom vous change la carte sim de votre smartphone a la sortie de l'aéroport de Marrakech ; ils sont super pro , efficace,et sympathique : Merci a toute l'équipe",0.95,26
Ne donne pas de bonnes informations et renvoie dans l’agence Gueliz. Sûrement un meilleur service pour un nouvel abonnement mais aucun service pour un client existant. Je n’y mettrai plus les pieds. Agence Gueliz. Un vrai service.,0.0,27
Le même problème dans toutes les agences de MT que j’ai visitées pour traiter mes demandes: toujours une file d’attente énorme et un seul employé pour servir tous les clients. Je ne recommande pas cette agence non plus et je lui donne 2/10 😡.,-0.63,28
Agence correct rien d'exceptionnel. Beaucoup d'attente comme dans toutes les agences IAM. Manque de personnels qualifiés. Aucun produit en stock (carte sim). Une attente de 40min pour vous dire d'appeler le service client au 888. Beaucoup de publicité mais rien de concret.,-0.42,29
Maroc. Dlm. CV. Hallo. Deaf,0.52,30
"Déplorable, archaic en décalage par rapport à  son temps ; ça me rappelle les années 80 quand on mettait 10 ans pour avoir le téléphone fixe. ☎️",-0.72,31
"Service null, il ont dépassé l’administration publique par la lenteur du service. Il a fallu un après-midi midi pour régler un truc de 10 min. C’est lamentable",-0.86,32
Service nul .. le directeur est indisponible et l’autre employée n’a pas l’accès au système .. c’est vraiment honteux,-0.72,33
"Service médiocre, le personnel n’est pas serviable et très lent pour traiter les demandes des clients. Le temps d’attente est beaucoup trop long. Je ne recommande pas cette agence pour vos besoins.",-0.47,34
C'est bien dommage qu'une société de télécommunications bien connue à Une service nul tel que cela .,-0.86,35
"""Mon expérience avec 'Maroc Telecom' a été décevante. Le traitement des employés était extrêmement mauvais, je n'ai reçu aucune forme d'attention ou de respect. De plus, j'ai été surpris de voir qu'il n'y avait qu'un seul employé dans une",-0.82,36
"Passage ce matin et quel ne fut ma surprise d'avoir une personne antipathique à l'accueil. Une dame qui ne fait pas l'effort de résoudre vos questionnement et m'envoie sur les numéros à appeler qui eux même ne répondent pas, elle me voit",-0.58,37
"Personnel pas sympathique qui nous donne une explication pas claire pour recharger notre sim En tant que touriste je vous déconseille fortement cette agence!",-0.52,38
Je déconseille fortement. La pire wifi au monde!! J'ai déposé plus de 50 réclamation au cours des années depuis que j'ai pris la wifi IAM et rien n'a changé! La connexion est hyper lente et coupe fréquemment. Ils veulent qu'on achète la fibre pour que le problème sera résolu mdr. J'en ai ras le bol j'annule mon contrat le lundi !,-0.93,39
Je me suis présenté à cette agence pour enregistrer une eSIM et tout s’est bien passé. Super accueil service au top. Merci,0.95,40
"Accueil chaleureux, j’ai été pris en charge directement. L’agent de sécurité vous accueille et qui est très à l’écoute du client et donne de très bon conseils, vous serez orienté auprès d’un agent télécom.",0.9,41
"Une file d attente énorme comme partout chez IAM.. je conseille de payer, réclamer, et tout faire sur internet. Le service dans les agences n est pas à la hauteur de l entreprise. Je ne parle pas de cette agence en particulier!",-0.63,42
"C'est une agence qui ne mérite même pas une étoile, les agents et surtout le petit homme est très mauvais et parle mal et malheureux, je ne sais pas pourquoi il continue d'y travailler",-0.95,43
je tiens a réclamer le comportement d'un certain Abdelghafour vraiment vulgaire pour un prestataire de service d'un organisme si important qui véhicule un slogan de satisfaire ces clients comme primordiale.,-0.8,44
Service magnifique,0.85,45
"« Plusieurs fois, j’ai constaté un manque de professionnalisme de la part d’un agent de cette agence. Les explications sont données sur un ton ironique et des commentaires déplacés sont faits pendant le paiement. Je préfère désormais",-0.88,46
"pour les MRE éviter de payé un abonnement fibre optique en liquide, car il met de côté votre contrat avec l'argent en espérant que ca va pas remarqué puis plus internet. à éviter surtout cette agence",-0.46,47
"Toujours en sous effectifs Attente interminable",0.44,48
"Le guichet automatique,ne tire pas le reçu automatiquement,il faut appeler l'agent  de sécurité,pour le faire sortir par une petite clef personnelle,car le tiqué ce coincé.!",-0.53,49
"Service client tellement nul, plus un personnel incompétent ne vous aide même pas à  comprendre d'où le problème ou à le résoudre. 😡😡😡😡😡😡😡😡",-0.61,50
"Le service est vraiment vraiment vraiment vraiment NUL. Le responsable est pas compétent et kihder gha bzez. Allez chez une autre agence.",-0.44,51
"Je tiens à exprimer mon mécontentement concernant l’accueil et le service déplorables à l’agence Maroc Télécom de dradeb tanger. Le personnel fait preuve d’un manque total de professionnalisme : refus de travailler, mépris envers les",-0.89,52
"Maroc télécom est la plus grande société de communication au Maroc depuis toujours, il monopole l’activité la première depuis la première activité au Maroc .",0.71,53
Le service client est très médiocre à l'agence moulay ismail,-0.53,54
"Mauvaise service Mauvais sécurité Service 2/10",0.56,55
Normalement c moins star,0.54,56
Commerciaux professionnels et efficaces !,0.91,57
Daiman bloqué,0.45,58
Agence de Maroc Télécom pour arrondir les caisses de la société,-0.44,59
🙂🙂🙂👍👍👍,0.42,60
Service nul,-0.45,61
Un seul employé dans toute l’agence 😡😡😡😡😡😡😡,0.4,62
Emplacement enface de la plage,0.42,63
Très bonne agence,0.95,64
Un endroit idéal pour obtenir votre carte SIM Maroc. La jeune femme qui y travaille a été d'une aide précieuse ! Elle a tout configuré sans problème  Je recommande vivement 😊,0.74,65
Excellent service. 7ssen men ayi agence akhra,0.93,66
Gg,0.42,67
"Excellent service, aziza était très  professionnelle  ,bienveillante et surtout souriante elle m'a vraiment sauvé.ça mérite  d'être déplacée à gzenaya et c'est la première fois que je suis satisfaite du service  bravo",0.94,68
"Excellente service, grâce a son aide j'ai pu recupérer ma carte Sim marocaine et profiter pleins d'autres services personnalisés, merci et bonne continuation 🙏🏼",0.97,69
"La dame m’a déjà très bien renseigné par téléphone TbarkAllah et elle a été très aimable et de bon conseil. J’ai traversé la ville pour me rendre à l’agence à Gueznaia après avoir fait les",0.96,70
Très bonne expérience client,0.96,71
Je ne le recommande pas du tout,0.0,72
Dima Chadda,0.47,73
Service pas digne d'un opérateur téléphonique phare du pays.,0.0,74
Service lent est null,0.0,75
C est la ou je travail,0.0,76
Bon Service !,0.97,77
"Le pire service internet au monde, la pire entreprise",-0.67,78
"Service internet déplorable. Service client exécrable. N'espérez pas une résolution rapide de vos problèmes. S'il existait une alternative ne serait-ce qu'un peu meilleure, je paierais le double plutôt que de faire affaire avec Maroc Telecom.",-0.78,79
Bon travail et grand professionnalisme,0.97,80
Tisalat zwina rizo fiha top,0.63,81
Bon service,0.92,82
Super,0.78,83
Un bureau d etude pro...qui releve tous les defits...avc un patron des plus ambitieux et a l ecoute de ces clients...bravo pour cette energie qui d annee en annee s accroit sur un developpement continu...👍,0.79,84
"Un bosse sans reproche,depuis près de 16ans ou mes grandes filles ont évolué en informatique (projeteurs) câblages a réseaux) bonne continuation",0.57,85
Bureau d'études réseau câblé,0.49,86
Pas sérieux quand je n ai plus de wifi chez moi il mette une semaine à réparer le problème ce qui est pas normal pour une entreprise de la sorte A FUIR!,0.0,87
Rayan,0.55,88
mal service,-0.5,89
"Composez le service l5ra, 3ayetlo 9olto bli rah 3andi un problème 9ta3 3liya w mab9ax yrod, wax klab 7na wla xno ????!!!",-0.51,90
Service ta3 lkhra,0.51,91
"Le service est médiocre et l'agence est de qualité inférieure. L'attitude est déplorable et les fonctionnaires ignorent totalement les services fournis par l'agence. Vous pouvez obtenir des informations précises auprès de n'importe qui, et",-0.93,92
Magasin de confiance,0.76,93
"C'est ce que j'appelle rssab, 7 diw rasskum et service 0",0.41,94
Bon service et acceuil,0.95,95
"Le service 5G d'El Manzil proposé par IAM était vraiment excellent ! La connexion était incroyablement rapide et stable : le téléchargement et le streaming fonctionnaient sans aucun problème, même avec plusieurs personnes connectées",0.96,96
"Service excellent, si Dieu le veut.  (Ceci semble être un commentaire distinct et sans rapport avec le sujet : « Masnanah »)",0.63,97
Très cher,-0.5,98
"Nul de chez nul. Comportement sans aucun professionnalisme ni rigueur et pire encore, irrespectueux envers la clientèle. Faites attention surveillez les bien si vous devez les faire venir chez vous pour installer une ligne et ne les laissez",-0.86,99
Le plus grand opérateur du maroc incapable de couvrir complètement la ville de Fès. Quelle honte! Ajouté à ça le retard d'intervention en cas de problème du fixe ou d'internet. C'est vraiment honteux,-0.8,100
Excellent accueil. Un agent vous accueille à l’entrée et vous donne un ticket pour votre guichet.  Des sièges sont à disposition pour l’attente et un panneau vous indique quand c’est votre tour. La personne rencontrée au guichet à été très,0.95,101
"servis pouri, ils m'ont fraude pour un forfait sans abonement et jusqua maintenant ils m ont pas rembourser",-0.68,102
"Service très bon, les agents très compétents, mais 2 agents ne peuvent pas faire le boulot en totalité donc prévoyez plus de temps d'attente pour votre service",0.88,103
Service clients faible,0.41,104
fier des services proposés parfois plus avancés que des compagnies de téléphonie en europe,0.67,105
"Lieu  propre ,calme et bien  équipé par un le matériel  nécessaire  au  bon fonctionnement.",0.93,106
Le service est nul là bas,0.0,107
"service et reception clients trop nuls ne répondent meme pas au bonjour,meme l'agent de securité n'est pas gentil",-0.65,108
travail nul  ( lenteur - ne respectent pas leur engagement-numéro de téléphone injoignable-.ne respectent pas leurs engagement.,-0.6,109
"Temps d'attente phénoménal, qualité de service bordelique !!",0.53,110
Service trop nul.,-0.55,111
Service casi nul,0.0,112
Une longue file d'attente et des conseillers paresseux et moins de compétence...,-0.62,113
Bien recu,0.82,114
Excellentes prestations,0.97,115
Bon service,0.92,116
Passable services,0.64,117
Nul,-0.4,118
👍👍👌,0.42,119
😊,0.42,120
Opérateur téléphonique et internet Maroc,0.53,121
Mauvais service,0.57,122
Mauvais service,0.57,123
Servitude,0.74,124
Je suis très insatisfait de l’accueil et du traitement de ma demande aujourd’hui de la part d’une personne qui s’installe au bureau du chef d’agence ‘une femme’. J’ai sollicité une information simple et légitime : le numéro de la ligne,-0.73,125
Service clients nule,-0.58,126
Service très lent avec un seul employé. Prévoyez du temps avant de vous y rendre. J'attends toujours.,0.8,127
"Même si le FAI marocain numéro un dispose de ressources considérables, le traitement des demandes est extrêmement lent et la bureaucratie nuit gravement au service client, au point que vous avez l'impression d'avoir affaire à une machine sans alimentation de secours.",-0.62,128
Très mauvais,-0.94,129
Pas mal,0.41,130
Service correct.,-0.38,131
Très mauvais,-0.94,132
"Parfait, messieurs 👍👍",0.84,133
Excellente entreprise,0.98,134
Pour prendre en considération le nouveau,0.65,135
Endroit agréable,0.62,136
bien,0.96,137
T9aaal!!!!,0.53,138
Haut,0.44,139
Accueillir,0.57,140
Les prix des offres sont très élevés.,0.69,141
Est-il possible de recharger son compte MT Cash ?,-0.36,142
"Un très très mauvais service dépannage fibre optique Après trois semaines de réclamation au 124 et personnellement au près du chef service technique Agence Fès VN Av Hassan II sans aucune attention",-0.95,143
Je suis complètement  et très déçu de votre service de dépannage. Tros de retard malgé des multiples reclamations . Je suis  ingénieur électricien expert assermenté à Fes. Des pannes frequentes . Je pense me desabonner de IAM bientôt.  Vous devenez inutile pouroi . Je le transmettrai à mes connaissances,-0.96,144
"Service clients nul. L'accueil est mauvais, après 20min d'attente le responsable me dit que le service est en panne. Imaginez ça. C'est de n'importe quoi.",-0.94,145
Mouvais servis Et des techniciens qui ne se soucient pas et ne se soucient pas des problèmes des clients. Je viens d’entrer dans dix jours en me plaignant et personne ne répond.,0.0,146
Les service après vente son nul,-0.39,147
Endroit pour les litiges entre les clients est le fournisseur,0.46,148
Les services après vente sont nuls,-0.49,149
"Trop de monde,A évité si possible",0.49,150
Direction régionale de Maroc Télécom  Aladarisa,0.5,151
Bons accueil et service,0.96,152
Beau bâtiment,0.69,153
Bien,0.75,154
Meilleur organisation.,0.95,155
Nulle,-0.37,156
Oui effectivement,0.59,157
Attente injustifiée !,-0.89,158
Centre de fes,0.4,159
Bien,0.75,160
"On y trouve de tout, mais on ne peut plus payer en espèces. On est obligé de payer à la banque. De plus, on ne peut plus utiliser de carte de crédit internationale, seulement une carte de débit marocaine. C'est de la pure discrimination.",-0.57,161
"Ce que j'apprécie ici, c'est que l'on peut régler ses factures soi-même (paiement par carte).",-0.49,162
"Quelqu'un aurait-il le numéro de téléphone de Maroc Telecom à Fès, près de la ville de Fès ? Merci.",-0.43,163
Belle experience dans le monde ecologique,0.94,164
Ounette,0.53,165
Service nul,-0.45,166
Serviable,0.69,167
Personnel incompétent,-0.49,168
"Je ne comprends pas comment une grande agence peut fonctionner avec une seule personne qui gère l’ensemble des demandes. De plus, cette même personne semble assurer des tâches qui ne relèvent pas de ses responsabilités, notamment en",0.0,169
C'est un bon endroit c'est le centre Maroc Telecom.,0.97,170
"Un emplacement pratique, sans longue attente. Ils sont au service de la population, et que Dieu leur accorde le succès.",0.66,171
"J'ai été très bien accueilli, le magasin dispose d'un bon parking et le prix est très intéressant.",0.98,172
Akfees service khossossa. Wahed Chibani Smiyto Rachid,0.59,173
"Je ne peux pas écrire cet avis avec vos services Maroc Telecom, mais vous êtes les meilleurs",0.69,174
Fès est magnifique,0.51,175
Labas,0.54,176
Texte d'une star que Matsenhaloash,0.71,177
"ma fible ne fonctionne pas depuis une semaine et à ce journ aucun  technicien ne s'est déplacé encore  chez moi pour voir le souci, service derrangement est nul.",-0.58,178
Un vive salut au personnel de cette agence et à leur sympathie remarquable.,0.96,179
"Bon service, les gens sont vraiment serviable",0.93,180
Très bon service... dédicace a monsieur merwan,0.84,181
Rapide et serviable 👍,0.82,182
Couverture du réseau mais prix élevé,0.69,183
Service de qualité,0.82,184
Excellents services,0.95,185
Un service top,0.8,186
"Maroc Télécom est une grande entreprise, mais très mal gérée. Le personnel est incompétent et ne connaît pas le fonctionnement de l'entreprise. Ils m'ont constamment renvoyé d'une agence à l'autre. J'ai perdu un temps et un argent",-0.92,187
"Maroc Telecom, votre connexion internet est catastrophique ! Je paie un forfait haut débit, mais je n'obtiens qu'une vitesse à peine supérieure à celle d'une connexion par modem. C'est extrêmement frustrant d'essayer de travailler ou de",-0.95,188
"Mauvaise expérience, service client médiocre, Wi-Fi extrêmement lent. Leur seul souci est de gagner de l'argent sans fournir le moindre service client. Je vous conseille d'utiliser Inwi ou Orange, qui sont moins chers et plus rapides, avec un routeur et un vaporisateur.",0.62,189
Merci Maroc Telecom,0.77,190
Ils ne répondent pas au téléphone.,0.0,191
"Franchement, l’attente dans votre agence est interminable. Pour une dizaine de clients, il n’y avait que deux agents, et ils étaient extrêmement lents.",-0.76,192
"Un seul personnel ,un seul poste pour tout quartier adarissa cest grave , 21 clients en attente c'est très grave.",-0.78,193
Le personnel est très paresseux. Durée d’attente très longue dépassant les 20 minutes par client.,-0.79,194
👍🏽,0.42,195
"Je suis allé dans ce bureau MT 4 ou 5 fois au cours des 5 derniers mois. À chaque fois, j'ai trouvé le personnel (du gardien à l'entrée aux caissiers) agréable et très serviable, répondant à mes divers problèmes et questions.",0.72,196
Un grand merci pour  toute l'équipe de cette agence qui fait montre d'un sens du professionnalisme de la responsabilité et du respect du client hors du commun. Bravo avec tous mes souhaits de réussite.,0.97,197
Trop d'attente et un seul fonctionnaire???,-0.57,198
"N'y perdez pas votre temps, de plus vous risquer de vous mettre inutilement en colère. De manière générale, le reseau MT emmerde le peuple : donc pourquoi pas ses agences",-0.65,199
"Accueil désagréable, je crois que je vais changer d’opérateur partir chez orange La chargée de clientèle soit disant ne cherche même pas a comprendre ta demande",-0.79,200
"ça fait 11 jours que j’attends qu’on m’installe le wifi chez moi! Même après plusieurs réclamations, rien du tt !! Quel service !!",-0.47,201
"Mauvais service,personnel incompétent",-0.43,202
superbe çest manifigue,0.86,203
"Je me suis rendu à l’agence Maroc Telecom d’Agadir AlQods, située sur le boulevard Hassan Ier, et mon expérience a été excellente. L’accueil a été très bienveillant, sans attente, et mon dossier a été pris en",0.94,204
"2 agents pour une foule de clients, ce n'est pas normal ! Le guichet ""service"" est lié à celui de ""vente"". Les 2 employés font de leur mieux mais ce n'est pas ainsi qu'on fait attention aux clients...",-0.69,205
"Des fonctionnaires sympas, surtout Anas",-0.44,206
"Très propre.et grande agence. Mes mauvaise expérience avec Les appareils d enregistrement",-0.75,207
"L'ordre est appréciéable , les mesures sanitaires sont respectées, mais l'agent traitant n'a, ni esprit commerciale ni politesse. Déjà sa tenue de travail, chemise et cravate correctes avec un pantalon en djinn, paradoxe.",-0.6,208
L'employé au guichet 5 de l'agence principale de Dakhla à Agadir est vraiment mal élevé. Je lui est dit السلام عليكم  il ne ma même pas répondu et regardé ailleurs😲.  C'est vrai que s'était pas mon tour mais je voulais seulement un petit,-0.69,209
"Service nul et merdique on attend pendant des heures aucun respect à la priorité le tableau d'affichage ne fonctionne pas, la dame à l'accueil est irrespectueuse et malheureusement aucun service de réclamation pour ce sujet !!!!",-0.9,210
Lieu très accueillant et chaleureux. Pour ceux et celles qui ont besoin du réseau et bien entendu du wifi,0.98,211
"Très bon service, j'y était le 23/05/2021 pour un transfert de la ligne de connexion ADSL dont le transfert était fait sur place même pas dans 24h.",0.92,212
"Bien reçu,  problème resolu très rapidement. Conseiller très efficace najib ainsi que sa responsable. équipé de technicien à domicile rapide et très professionnel.",0.8,213
Bon service. Même si j'ai été victime de quelques erreurs. La prise à en change à été immédiate.,0.69,214
Nul aucun service plus d internet depuis 3 jours reponse de la personne presente il faut attendre on vous contactera lundi appel non prix en coupe jeudi o' va passer a la concurence,-0.49,215
"Etant un client fidèle à  Marocm depuis les années 1980 le Service est parfait je suis  content. Kharbouchi Mohamed COGIT SERVICES AGADIR",0.87,216
Le service n'est pas à la hauteur.. d'ailleurs je suis venu pour résilier mon contrat d'abonnement ADSL,0.0,217
Ça m'a un peu déçu. Manque de personnel beaucoup d'attente dehors,-0.8,218
"Grande agence, mais l'attente est interminable une vrai galèeeeeeere",-0.74,219
Très bien reçu,0.98,220
"Bon service, je recommande",0.91,221
Nul services trop long 1 guichet  mauvais travail,-0.84,222
"accueil chaleureux Personnel respectueux",0.97,223
Pas mal comme agence,0.0,224
"Si vous aimez attendre, vous êtes servis",0.81,225
Dommage Des Coupures. Pas D'internet !,-0.41,226
moins de personnels pour servir public,0.59,227
Meilleur opérateur..... MAROC TELECOM,0.92,228
Excellente prestation,0.97,229
Service rapide,0.73,230
Service de m...e!,0.61,231
Service nulle 😡,-0.52,232
Bon service,0.92,233
Service injoignable !!!,-0.6,234
Service utile,0.78,235
💯,0.42,236
"Temps d’attente beaucoup trop long. Il y avait plus de 30 personnes qui attendaient et seulement un seul agent pour traiter tous les clients. Ce n’est pas du tout acceptable, surtout pour une entreprise privée comme Maroc Telecom où on",-0.59,237
"La pire expérience de ma vie. Un seul employé pour une quarantaine de clients, une attente de plus de trois heures, aucune organisation, aucun respect pour la clientèle. Un mépris flagrant et une gestion totalement inacceptable de la part de Maroc Telecom. Une honte pour une entreprise de cette envergure.",-0.91,238
"++Agence propre ++Sécurité et équipement",0.6,239
"La pire compagnie de télécommunications au monde 🌏  Le pire service  Les prix les plus élevés  Un traitement exécrable  J’ai tellement d’anecdotes à raconter à leur sujet que je regrette d’avoir souscrit un abonnement  Aujourd’hui, j’ai",-0.53,240
"Malheureusement, le changement de mon forfait a pris deux mois au lieu des 48 heures promises. Il était censé s'agir d'un simple remplacement de routeur, prévu sous 48 heures. Malheureusement, ma ligne fixe a cessé de fonctionner peu après.",-0.61,241
"Le service de retrait d'espèces est à leur discrétion ; ils peuvent décider de vous le facturer ou non. La plupart des établissements ne le proposent pas ou refusent tout simplement de vous aider. Pourtant, l'entreprise exige qu'ils le proposent. C'est absurde.",-0.68,242
"J'attends là depuis 2 heures, il n'y a qu'un seul employé qui travaille très très très très lentement, je ne recommande pas cette agence.",-0.55,243
Ils doivent améliorer leur service client,0.79,244
"Awaln Maroc Telecom siyasa ta3ha f ta3amol m3a nwamr ghayr ma39ola, anaha tsd comme carte SIM ot3rdha lbi3 lwahd akhr farah hadi fi9imat lghaba2 7it makatra3ich anaho nta tkon msta3mlha f l7isabat lbankiya ou Lkhdma ou bzaf omor likay",-0.36,245
Service médiocre. Le personnel a besoin d'une formation sur la relation client.,0.64,246
Service très mauvais,-0.91,247
"Pas de réponse aux appels, service médiocre",0.0,248
Conseil à tous ceux qui ont un téléphone et un abonnement chez Maroc Telecom de ne pas laisser leurs enfants utiliser leur téléphone car les enfants téléchargent des jeux et des programmes sur le Play Store et font des achats et le prix d'achat est calculé et ajouté à votre facture à votre insu.,-0.58,249
J'ai accès à tous les services de communication de Maroc Telecom.,0.68,250
Service 0,0.58,251
Le service client assuré par le personnel n'est pas bon.,-0.76,252
Wlah ma y9diw lik hado chi gharad ballah tfoooo,-0.42,253
Le pire argument de vente de la pire entreprise de télécommunications de tous les temps,-0.77,254
"Comportement inapproprié, ils ont libéré Zero Zero",-0.66,255
Ils monopolisent,-0.49,256
Ils offrent leurs services avec respect.,0.89,257
"Mauvais service, comme inwi",0.54,258
Traitement insatisfaisant,-0.89,259
Service de qualité inférieure,0.48,260
Bon service,0.92,261
"Merveilleux, merveilleux, excellent",0.98,262
Service déplorable.,-0.79,263
Absolument fantastique,0.78,264
Payez la facture ici,0.43,265
Un lieu distingué,-0.65,266
Mauvais service,0.57,267
🖕🖕🖕🖕,0.42,268
"Bonjour, je voulais vous informer que j'ai constaté quelques problèmes avec le service social de l'agence Maroc Telecom de salame",0.64,269
Accueil courtois. Responsable agréable et compétente. Je n'avais pas de RDV. Cependant j'ai été reçu sans attente et  mon problème réglé rapidement. Merci.,0.67,270
Tres mauvaise,-0.89,271
c'est toujours fermé,-0.6,272
C'est formidable,0.79,273
Pas mal,0.41,274
Déçu,0.47,275
Bonne,0.95,276
"Nous sommes extrêmement déçus du service. Nous avons souscrit un abonnement fibre optique de 1 Gbit/s et payé l'intégralité du montant, mais nous ne recevons que 200 Mbit/s. Nous nous sommes rendus à leurs bureaux à plusieurs reprises et",-0.87,277
f Site dayrin bli 7alin Nhar Sabt Tal 13h ohoma aslan Sadin,0.37,278
"J'aimerais bien lui donner 5 étoiles  mais j'en retire une pour la communication. Nous voulions une carte SIM de Telecom Maroc pour nos vacances. Nous sommes donc allés à la boutique. Malheureusement, le personnel ne parlait que français et",-0.53,279
"Cette entreprise est un véritable monopole. Que Dieu nous protège ! Leurs services sont déplorables, notamment la 4G et l'ADSL. Nous avons déposé des milliers de réclamations, et le problème persiste.",-0.91,280
"Vous n'arrivez pas à trouver le nombre ?  C'est une question de chance.",-0.5,281
"Service excellent, je suis satisfait.",0.97,282
Leur service est médiocre et ils ne travaillent pas bien avec les clients.,-0.69,283
J'adore cet endroit,0.74,284
Cool,0.91,285
Super 👍,0.79,286
Service de qualité supérieure,0.66,287
incroyable,-0.49,288
Bien,0.75,289
Service👎🏻👎🏻👎🏻👎🏻👎🏻👎🏻👎🏻👎🏻,0.42,290
Aucune transaction,0.0,291
"J’ai eu une expérience très décevante dans cette agence Maroc Telecom.  •	Manque de confort : pas de climatisation, ce qui rend l’attente difficile.",-0.82,292
"Catastrophique, l agent n'a pas voulu me faire une carte sim juste par flemme. Extrêmement désagréable, je ne recommande pas",-0.8,293
À éviter,0.5,294
"Tres bon accueil, Mr Abdllah etait tres gentil et a l'ecoute, je recommande.",0.9,295
Service insatisfaisant,-0.58,296
"Nul de nul ollah , jurassique jurassique.",-0.69,297
Pas mal,0.41,298
Trop lent,0.5,299
Bonne expérience,0.96,300
Sympa le personnel,0.59,301
Nul,-0.4,302
Excellent,0.96,303
Manque de service,0.46,304
"J'ai souscrit un contrat de 6 mois avec Maroc Telekom et je souhaitais augmenter mon forfait de données mensuel de 29 Go à 10 Go. Ne parlant ni français ni arabe, le vendeur, très aimable, s'est occupé de tout. (Au 7 décembre 2025)",0.39,305
"Monsieur Sayed, j'ai un domestique nommé Abdullah Khaddam. Que Dieu bénisse sa famille. Il travaille avec dévouement et j'ai toujours fait preuve d'une grande patience. J'ai vu comment il s'occupe des personnes âgées, les conseillant et restant à leur écoute jusqu'à ce qu'il leur montre comment faire.",-0.78,306
"Malgré l'affluence, l'employé était très serviable et a servi les clients avec respect et patience. Merci pour votre excellent travail.",0.92,307
"Le service est nul, ce n'est pas un problème...",0.0,308
O9sim bilah yla akhra service f lmaghrib,0.48,309
"Le service était déplorable.  Je suis allé le voir pour une question concernant mon numéro de téléphone.",-0.88,310
C'est trop lent ; il faut de la vitesse.,-0.54,311
"Endroit formidable, personnel respectueux",0.96,312
Pas de réponse. Service 00,0.0,313
Service client 👌,0.49,314
Services de pointe,0.62,315
Wi-Fi pourri,0.6,316
Très bon accueil et personnel sympathique,0.98,317
Un bon service et vite dans toute agadir.,0.97,318
Automatic règlement par borne bonne continuation,0.64,319
👍,0.42,320
Bonjour je vous conseille cette agence la dame et le monsieur a l'accueil sont super gentils agréable sourient et vous explique bien encore merci a vous deux,0.92,321
Excellent niveau de service,0.94,322
5 étoiles au personnel pour le service,0.88,323
"Je suis allé là-bas pour prendre un abonnement internet et c'était rapide, efficace et très accueillant.",0.96,324
"Nous avons 2 lignes avec fibre optique 100Mb et après un an d'utilisation je peux dire : pas stable, beaucoup de temps de coupures courtes à longues (entre 1 et 5 minutes), prix élevé (500 dirhams par mois) (En Europe vous payez le même montant pour 1000Mb et dans les 2 ans où nous l'avons utilisé, il y a eu un minimum de coupures.",-0.43,325
Très sympathique,0.84,326
Le service est excellent.,0.98,327
Merci pour votre service,0.97,328
"Déçu par le mauvais service de cette agence de télécom. L'agent censé être au travail était en train de déjeuner ailleurs, ce qui démontre un manque total de respect envers les clients. En plus de cela, j'ai rencontré des problèmes de",-0.98,329
"2 de tension, ramener des jeunes les vieux marocains aigris c'est bon ils sabot le pays, caractère nrv, et on as l impression qu'ils vont te demander du bakchich. ...bizarre nan?..",-0.61,330
"Plus de 30 min à la salle d’attente, 15 min pour chaque client c vraiment inacceptable",0.43,331
"Bn service. Agent competant serieu, efficace, accueillant et souriant",0.95,332
Services remarquable et professionnels.,0.93,333
Service rapide,0.73,334
Mauvaise service,0.55,335
Pour les clients Maroc Telecom,0.7,336
Une boite de conserve !!,-0.51,337
"Quel service, l'entreprise prend de l'argent réel et les transactions sont nulles",-0.44,338
Had lagence khas.ibedlo hadak bouzebal likhdam tmak kolchi wach nass katkhls flousha wkhdama mayjawboch 3la téléphone bnadm dyal bouzebal,0.81,339
"La sœur présente était incompétente. Pendant plus de quinze minutes, elle s'est disputée avec son amie, faisant attendre tout le monde. Finalement, quand j'ai pu la voir, elle m'a dit qu'elle ne pouvait rien faire pour moi",-0.78,340
"Service médiocre, personnel désagréable et paresseux",-0.53,341
"Le personnel m'a très mal traité, leur service était déplorable, ils étaient d'une impolitesse incroyable  Ils auraient dû embaucher des jeunes.",-0.96,342
"Service déplorable, une heure d'attente, deux employés mécontents dont le seul but est de vous rendre la vie impossible... Désinformation, compétences informatiques rudimentaires.",-0.86,343
"Mes frères, si vous voulez faire des courses dans cette succursale, vous ne devriez pas avoir d'autres courses ce jour-là car ils travaillent très lentement, seulement une heure par client.",0.0,344
Service impeccable de la part du pèlerin et communication fluide.,0.5,345
"Service médiocre, personnel impoli et paresseux",-0.44,346
bien,0.96,347
Ichay7 lghla,0.53,348
Toi,0.52,349
Si yavait -1000 je l'aurais mis tellement service médiocre le monsieur méchant au guichet doit partir en retraite tout le monde a agadir sait son degré d'incompétence chef d'agence pas professionnel parle très mal,-0.85,350
"C'est honteux . L'agent âgé aux lunettes est une honte et donne une très mauvaise image de votre agence, aucune courtoisie, manque de bonne maniéres, ni salut ni bonjour ni",-0.97,351
Cette agence est la pire d’Agadir. L’employé qui y travaille véhicule une image catastrophique de votre entreprise. Tous les avis précédents sont pourtant unanimes au sujet de l’employé qui y travaille sans que vous n’ayez rien fait pour y,-0.91,352
"Un grand merci à fatiha farzouz animatrice chez Maroc telecom agence marjane Agadir. Excellent service, beaucoup de patience et un grand sourire chaleureux. Merci pour votre assistance Fatiha.  Ca fait plaisir!",0.95,353
Le monsieur au lunettes mene les clients au bout du nez. C est honteux d'avoir des gens aussi incompétent au service. Je passe chez Orange. C est pas comme par hasard qu'ils se sont installés juste à côté.,-0.67,354
Très mauvais service. Accueil très froid surtout de l’employé âgé avec des lunettes. On dirait qu’on les dérange. Se lève pas de son siège pour nous accueillir et parler avec nous derrière son comptoir. Cela nous change de Tanger où nous,-0.98,355
"On me coupe une ligne pro alors que le lien donné pour payer les factures ne fonctionne pas depuis la france   Seule solution il faut vous déplacer. Service client catastrophique !",-0.89,356
"le service est nul je leurs es demandé de me régler un problème de wifi et ils m'ont dits que quelqu'un allait venir et la ,deux mois plus tard toujours personne.",-0.68,357
"Le pire service que jai vue de ma vie , il ya deux personnes dans l’agence mais personne pour travailler",-0.61,358
"L'âge de pierre ! N'y allez pas vous allez le regretter sinon, garantie !",0.5,359
"personnel pas à la hauteur des attentes, avec un comportement non respectueux envers les clients.",-0.55,360
Pas de carte prépayée.... Voir dans une autre agence,0.0,361
Meilleur service,0.95,362
Service nullissime,-0.61,363
Service nul .,-0.52,364
Honteux incroyable la façon de parler du vieux monsieur à lunette au guichet je croyais que c'était une caméra cachée le chef d'agence pas mieux pour une simple info résiliation je me suis fait engueulé j'ai bien fait de changer d'opérateur,-0.83,365
"Nous avons fait la queue pendant longtemps pour acheter deux cartes SIM avant la fermeture du magasin. Quand ce fut enfin notre tour, le vendeur nous a dit que le magasin était déjà fermé et nous a congédiés. Pourtant, des clients après nous ont été servis. Nous avons trouvé ce comportement très injuste et peu professionnel.",-0.9,366
"L'homme à lunettes était désagréable, il a dit au début qu'il ne parlait que français et que nous ne pouvions rien arranger dans une autre langue (anglais) avec lui.",-0.62,367
"Le vendeur de Maroc Telecom avec ses lunettes nous a offert le pire service client qui soit. Il nous a demandé ce dont nous avions besoin, à savoir deux cartes SIM, puis a refusé de nous servir alors qu'il avait déjà aidé trois clients",-0.68,368
"Service déplorable. J'ai essayé d'appeler Marjane Agadir pour me renseigner, mais personne n'a répondu et le téléphone sonnait dans le vide.",-0.79,369
"C'est inadmissible, honteux et incroyablement impoli ! Cet homme à lunettes qui prétend travailler dans ce bureau est totalement incompétent pour servir le public. Il ne résout rien et ne sait même pas comment faire  Il est complètement",-0.96,370
service cadran l wil siyed khedam bzez khdemto maqadch ydirha w kiyghewet hommes l foq,0.45,371
Bon service 👏👏,0.92,372
Service vraiment mauvais 👎👎👎,-0.93,373
Très bonne expérience la directrice est très professionnelle je me suis permise d’aller la solliciter dans son bureau elle m’a accueillie avec le sourire et à prie ma demande très rapidement vraiment au top 👍👍👍👍je la remercie infiniment pour son professionnalisme,0.97,374
Service médiocre : une heure d’attente pour une intervention qui ne dure que 5 minutes.,0.46,375
Le service le plus horrible que j'ai jamais vu !!!!!! La dame s'en fout complément des clients...,-0.98,376
"Cette agence ne mérite même pas une étoile. Je suis venu pour régler une situation problématique mais après ce service médiocre, j’ai décidé de résilier mes contrats. Tout le monde est parti pour déjeuner, rien n’est mis en place pour connaître le tour est à qui",-0.51,377
Des professionnels qui ont su m'orienter et répondre à mes questions.,0.63,378
Bel endroit et personnel agréable,0.79,379
Service tres mediocre. La pire conpagnie telephonique Au Maroc. Des vrais escros.,-0.47,380
Super accueil dépannage rapide,0.86,381
Bon service,0.92,382
Que du classique....,0.52,383
Très bon service. Je déclare que l'agent est très sympa.,0.94,384
"Maroc Telecom est le principal opérateur de télécommunications au Maroc, mais sa politique tarifaire est déconnectée du coût de la vie marocain, notamment avec un salaire minimum de 3 120 dirhams.",-0.61,385
"Agence diima khawya, mezyaan, walakin khasset t3ref 3lach dima khawya o mafihach zham !? Siyeda kbira li kheddama, t9iiiiiiiiiiiiiiiiillaaaa, service zéro, ou katsebbe9",0.54,386
"Le service clientèle est assuré par une seule femme dans ce qui est considéré comme la plus grande agence de la ville  Excellente organisation, mais il faudrait embaucher un deuxième employé.",0.51,387
Service client moyen,0.56,388
"Ce que j'apprécie le plus, c'est la façon dont les gens de cette agence me traitent. Monsieur Hassan et son employée sont formidables, et je n'oublie pas l'agent de sécurité : que Dieu les bénisse, ils sont tous si gentils.",-0.66,389
Maroc Telecom est spécialisée dans les services de téléphonie fixe et mobile ainsi que dans l'accès à Internet.,0.61,390
Service client inapproprié,-0.52,391
Le bureau de Maroc Telecom paiera ses factures,0.38,392
"agence pour installation adsl et paiement de facture, beaucoup d'attente, parking disponible devant",-0.63,393
Chef d'agence accueillante et brillante,0.96,394
Ça n'existe plus.,0.0,395
Telecom,0.53,396
Agence bien située avec un bon service client,0.95,397
Pas utile du tout.,-0.43,398
Service 0 il y a un responsable dans 4 guichet le directeur est toujours absent,-0.38,399
"Comme toujours réseau en panne pourtant ce sont eux même qui fournisse le service internet , allez comprendre ! Avec 45 min d'attente et pour un service client qui laisse à désirer. Il faut vraiment revoir le service client et la manière de travailler.",-0.5,400
"Récemment, ils ont volé mon solde même si je ne l'ai pas utilisé et qu'il n'a pas encore expiré.",-0.57,401
"Cette agence correspond à une agence du siècle dernier avec l'impression de monopole et aucune notion du service Client. Suite à la migration de la ligne ADSL internet, nous sommes facturés deux fois: ancienne ligne et nouvelle depuis 4",0.0,402
"Ne pas s’y rendre si vous ne parlez  pas arabe. 10 minutes d’attente plus le temps du trajet de perdu pour se faire renvoyer sans renseignements ni excuses mais avec l’impression d’avoir dérangé.",-0.6,403
"S'ils ne veulent pas travailler, ils vous disent que le systeme est en panne surtout le vendredi soir.",-0.55,404
L'entreprise n'a pas le pouvoir de vous dire si elle installera le Wi-Fi en 48 heures ou en 3 jours ; elle vous répond : « Je ne sais pas quelle sera la situation. »,-0.51,405
Ils ne respectent pas,-0.48,406
Le service laisse à désirer et les femmes de ménage ne font pas correctement leur travail ; elles ne travaillent pas pour 2.,-0.8,407
"Le service est médiocre, le personnel ne fait pas correctement son travail.",-0.34,408
Ils ne respectent pas les clients,-0.48,409
"Le gérant de Dial Agons, que Dieu la bénisse, est un homme humble.",-0.85,410
👎,0.42,411
Wach kayd3mo MT CASH,0.49,412
Service 2/5,0.55,413
Service nul.,-0.52,414
Service mauve,-0.48,415
Bien,0.75,416
Agence Zeppelin,0.52,417
Bon service,0.92,418
"Le pire service client que j'aie jamais connu. On m'a volé mon téléphone et ma carte SIM, et je suis allé en demander une nouvelle. Elle ne m'écoute pas, m'envoie dans un autre magasin, pour finalement",-0.7,419
Il n'est pas possible de recharger ici.,-0.49,420
Service médiocre : sachez qu’ils ne vous communiqueront pas les meilleures offres et qu’ils essaieront de vous faire choisir la plus chère.,0.44,421
service médiocre,0.64,422
Super -,0.85,423
Service excellent,0.96,424
Makhodamash,0.64,425
"Très mauvais service client... l'agence travaille avec Un seul guichet pendant 2 heure et 20 personnes En attendant son tour C'est la 3 ème fois que j'ai observé cette façon de service",-0.97,426
"J'ai subi le pire traitement de ma vie par le directeur de la succursale qui ne m'a accordé aucune importance. Je faisais face au problème des pannes de WiFi depuis trois mois et je payais les redevances mensuelles à l'époque, j'ai déposé",-0.69,427
Nul service.  Au moins changez les horaires sur google . Ils affichent que c'est ouvert jusqu'à 17h . Autant que c'est fermé entre midi.  Et ouvre à 15h 18h,-0.46,428
"Accueil et service impeccable. Le jeune homme à l'accueil était hyper sympa et le fonctionnaire Jamaa était fort serviable, patient et aux petits soins envers nous. Je recommande vivement !",0.52,429
"Service 3yaan, personnels gha kayjm3o m3a be3diyathom onass katsna. Une réclamation par téléphone a était faite au service concerné Maroc Telecom.",-0.56,430
"Service de qualité , merci M. JAMAA pour votre accueil chaleureux",0.86,431
Service pire que nulle.,-0.67,432
Trop de monde pas de place pour se garer.,0.0,433
service pas mal,0.7,434
☹️,0.42,435
Mauvais service,0.57,436
Nul service,0.38,437
"Retards et perturbations sans précédent. Seuls deux employés, tous deux âgés, travaillent. Les autres bureaux sont vides et plus de 40 clients attendent depuis plus d'une heure.",-0.61,438
"Le service est catastrophique ; à votre arrivée, une seule personne travaille, les autres sont absentes et plus de 30 personnes attendent. Il faut compter une heure et demie avant de savoir si c'est votre tour.",-0.94,439
"Mauvais endroit, mauvaises personnes, mauvais service",-0.93,440
Un employé dans une grande agence pour 50 clients,0.68,441
Endroit à éviter absolument. Beaucoup de monde et aucun service client... seulement deux personnes... et tout le monde attend... Fermez cet endroit et retirez-nous une entreprise...,-0.53,442
"J'aime bien Maroc Telecom, mais je n'aime pas leur agence d'Inezgane car les employés ne travaillent pas dur, ils ne se soucient pas des clients et ils ne valorisent pas les personnes qui souhaitent se rendre sur place.",-0.44,443
"L'une des meilleures entreprises de télécommunications en Afrique, et la plus populaire et la plus performante au Maroc.",0.97,444
Endroit idéal pour prendre une douche 🧼,0.52,445
Combien de temps dois-je attendre avant l'arrivée du technicien ? J'ai déjà réglé tous les frais. La connexion est lente et j'attends votre livraison. Veuillez me contacter. Votre service client est déplorable ; personne ne répond à nos appels.,-0.68,446
La pire agence et le pire service que j'aie jamais vus... Cet endroit devrait fermer ses portes 👎👎👎👎👎👎👎👎👎👎👎,-0.7,447
Il y a un problème avec l'accueil ; le personnel ne travaille pas assez.,-0.56,448
Centre principal de Maroc Telecom à Inezgane,0.52,449
Service 3ndkom 000000000 bravo 3likom,0.84,450
Pas aussi performant dans la réalité que ce qu'ils prétendent être pour une entreprise de télécommunications.,0.0,451
Service au top 😘,0.79,452
Bon service client,0.87,453
"C'est un endroit magnifique, vraiment.",-0.54,454
Service propre et de qualité,0.85,455
Que Dieu la préserve en tant que marchandise.,0.7,456
très mauvais traitement,-0.92,457
Juste des images,0.68,458
Une belle expérience,0.95,459
Mauvais service,0.57,460
Service prêté,0.67,461
bien,0.96,462
Expérience Mazyana,0.48,463
Services médiocres,0.58,464
Maroc Telecom Inezgane,0.41,465
Tzzzzzzzz,0.56,466
"Prix ​​élevés par rapport à la qualité proposée, et service client très lent et médiocre.",0.87,467
Mauvais réseau. De plus le services clients incompétent.,-0.45,468
"L'endroit idéal pour acheter une carte SIM prépayée Maroc Telecom. Le vendeur est très aimable et facile à aborder, même si votre anglais est basique 😊 La carte SIM coûte 20 dirhams (2 €) et le forfait de données de 15 Go est à 100 dirhams (10 €). En plus, c'est beaucoup moins cher que chez Orange (deux fois moins cher).",0.56,469
Vendeur sympathique. L'endroit idéal pour acheter une carte SIM. 70 dirhams pour une carte SIM de 20 Go.,0.61,470
"Très simple ! Le propriétaire est sympathique, parle bien français et est toujours prêt à aider en anglais. La connexion avec Maroc Telekom est bonne, et comme nous étions en road trip, nous avons visité de nombreuses régions reculées ! La carte SIM ne coûte que 120 Dh et 15 Go par mois.",0.91,471
Je cherchais une carte SIM pour mes vacances. Le service était très sympathique et la carte était bon marché (environ un tiers du prix dans les boutiques Orange). Je ne peux pas encore me prononcer sur le signal.,0.8,472
Ce magasin n'existe pas.,0.0,473
Ce n'est plus Maroc Telecom,0.0,474
Excellent conseil ! 120 DH pour 15 Go,0.97,475
"Il n'existe plus, ils ont changé d'emplacement.",0.0,476
Un homme bien travaillait dans cette agence.,0.9,477
Un endroit magnifique et merveilleux,-0.48,478
Ils sont doués pour donner des conseils.,0.45,479
Service 5/5,0.57,480
Maroc Telecom,0.48,481
Hassan,0.53,482
"« Boutique de confiance, aucune arnaque. Bon prix pour la carte SIM et internet fonctionne parfaitement. »",0.69,483
Dommage qu'il n'y a pas 0 étoile. Service catastrophique. J'y étais pour demandé une box plus récente car la mienne doit avoir 8 ans. Et la personne à l'accueil un monsieur très désagréable qui n'a clairement rien à faire dans cette agence.,-0.82,484
"C'est la plus mauvaise agence au Maroc, l'employé est vraiment chiant, irresponsable et non professionnel. J'ai eu une catastrophique expérience avec lui après avoir refusé d'exécuter le transfert de ma ligne ADSL vers mon nouveau logement.",-0.99,485
"Ok, je suis MRE, mais je sais très bien faire la différence entre l’accueil pressé d’un homme stressé, et l’accueil méprisant d’un homme hautain. Je suis heureux d’avoir enfin pu cesser mon abonnement chez eux, 500dh par mois et impossible",0.55,486
"Pire agence maroc Télécom. mauvais accueil des clients, délai d'attente trop longs ,meme qu'on a essayé de m'arnaquer pour récupérer mon numéro bloqué  en m'imposant un forfait avec",-0.94,487
J'ai mis une recharge de 50 DH #3 le jour au lendemain elle la disparu comment je me le demande Je ne savais pas que Maroc télécom faisait de la magie c'est bon à savoir merci à vous et à jamais,0.45,488
"Un monsieur qui s'investit réellement essi Ahmed. Responsable d'agence très professionnelle et courtoise",0.58,489
Livraison Moto,0.67,490
Maroc telecom le 4G Donné mobile faible,0.49,491
Oui j'ai envoyé un colis,-0.39,492
maroc telecome reseaux service telephonoque,0.48,493
Ça va,0.36,494
Service nul et mauvais,-0.85,495
Une heure et demie d'attente.,0.46,496
Très bien,0.99,497
🤮👎,0.42,498
Bon service,0.92,499
"L'agence Morocco Telecom est la pire.  Mauvais accueil, temps d'attente interminables et manque de respect envers les",-0.91,500
Une agence avec des utilisateurs novices qui ne maîtrisent pas leur travail.,-0.44,501
Bon service et bon accueil mais pas à la hauteur de l'excellence,0.72,502
HMAAR LI KAY N TMMMMMMMMMA,0.5,503
Momtaz ok,0.66,504
mauvais service,-0.85,505
Très mauvais traitement 👎👎👎👎👎👎,-0.95,506
Inezgane Azrou Aitbaha,0.62,507
Endroit chaleureux et  calme,-0.52,508
Café + eau = 9 dh,0.54,509
assez long queu,0.42,510
Bien,0.75,511
Bonne,0.95,512
👎,0.42,513
👍,0.42,514
Boycott,0.52,515
Cc,0.44,516
"Ils ne respectent pas les horaires. Nous avons attendu plus d'une heure en pensant qu'ils étaient en pause. Finalement, ils nous ont vendu des cartes SIM mais ne les ont pas enregistrées, les rendant inutilisables.",-0.57,517
Je l'ai trouvé proche,0.44,518
"Bon service, attribué aux clients et aux visiteurs",0.97,519
Une entreprise publique n'est pas différente des partenariats de ses concurrents.,0.0,520
Bien,0.75,521
Offres faibles,0.42,522
Il y a parfois surpopulation,-0.67,523
Agadir est une ville touristique par excellence,0.92,524
Chic,0.46,525
Satisfait.,0.78,526
mauvais service,-0.85,527
Un lieu pour les appels,0.66,528
Claque,0.44,529
"Très bon accueil à l’agence. Le monsieur qui m’a aidé était très gentil, professionnel et patient. Service rapide et efficace. Merci beaucoup si Lamharzi ALAOUI !",0.99,530
"Que Dieu vous bénisse, vous qui êtes les meilleurs !",0.96,531
incroyable,-0.49,532
Parfait,0.8,533
"Nous avons fait appel à leurs services en février 2024, puis en 2025 : leur aide est précieuse, leur aisance linguistique est une fois de plus très appréciable, et les options proposées, facilitant l’utilisation du système automatisé, permettent de recharger rapidement et facilement nos comptes de données chez MarocTelecom 🙏🏽🫶🏽❣️💫",0.76,534
"Personne ne répond au téléphone Franchement c’est n’importe quoi",0.0,535
"L'un des pires services que j'aie reçus ; aucun respect, en plus d'être impoli et de m'avoir menti en face en disant que le système était en panne ; c'est la troisième fois que j'y vais pour la même raison.",-0.8,536
0 étoile,0.78,537
Mauvais service. Trop lent!!!,0.55,538
Pas de sevice client contact,0.0,539
Mauvaise gestion et mauvais services...l'employé a l'impression de travailler contre sa volonté.,-0.95,540
"Le service est lent, un employé pour 100 personnes.",0.61,541
L'emplacement est accessible à tous,0.7,542
service 0000000,0.52,543
"J’ai acheté du matériel informatique chez Media Telecom, et franchement je suis très satisfait 👌. Les prix sont très raisonnables, le paiement est facile et flexible, et l’équipe est professionnelle et accueillante. Je recommande vivement !",0.89,544
"Personnel accueillant et professionnel. Les prestations sont excellente avec un très bon rapport qualité prix.",0.98,545
Une Équipe très efficace et d'un grand professionnalisme. Beaucoup d'innovation avec une communication claire rapide et fluide . Media Telecom je la recommande vivement. Merci à vous,0.92,546
"Service rapide et professionnel, stuff technique et commerciale très sympa, bon chance et bon courage à vous tous 🔥",0.98,547
"Boîte très sérieuse, meilleur rapport qualité prix , service professionnel et équipe compétente , je recommande",0.95,548
"Un parfait travail , je parle d une équipe professionnelle et qualifié. 10/10",0.81,549
"Je vous recommande le service de cette société ,du bon service innovant",0.97,550
Bon service de qualité avec un prix très intéressant,0.98,551
"Équipe qualifiée et sérieux, qualité prix non discutable",0.41,552
"Matériel de qualité, professionnalisme de l'equipe. Boite sérieuse.",0.72,553
Vents et reparation des matérielle informations et vent et installation des camera et système de sécurité,0.64,554
"Des gens sérieux et professionnel.  Je recommande.",0.48,555
Bonne service et meilleur qualité,0.99,556
Bn qualité et bn service,0.73,557
Excellent .dans tous les poibts de vues,0.95,558
Service après vente.Qualité,0.53,559
Très bon service,0.98,560
Divers produits informatiques et vidéos,0.58,561
pas mal,0.7,562
Rapide,0.63,563
👌😍😉👍👍👍,0.42,564
"Mon conseil : ces endroits sont beaucoup trop chers. J’ai acheté un point d’accès chez eux pour 1 400 dirhams, puis je suis allé dans un magasin classique et je l’ai trouvé à 700 dirhams. J’étais sidéré, je vous jure !",-0.64,565
"Bon accueil, magasin propre et bien tenu. J'ai eu une très mauvaise expérience avec vous. J'ai acheté un ordinateur portable à 500 $ et j'ai constaté de nombreux problèmes. À chaque fois que je suis venu vous voir pour le faire réparer,",-0.91,566
Bon service,0.92,567
Une entreprise réputée dans le domaine de l'installation ; le service client était bon.,0.95,568
"Confiance, qualité et excellent service. Salutations à tous les frères et sœurs de Media Telecom.",0.99,569
"En réalité, l'accueil a été satisfaisant, mais les prix de certains produits doivent être revus.",0.44,570
"Ce sont plus que des professionnels, ils ont un bon service",0.94,571
Bon service,0.92,572
Un bon endroit pour apporter toute sa technologie avec garantie.,0.98,573
Le meilleur endroit pour acheter vos produits technologiques,0.94,574
"Quartier de Dakhla, rue Pullman Sud",0.49,575
bien,0.96,576
Bon traitement ♥,0.84,577
Agadir Dakhla,0.52,578
D'accord,0.56,579
Médias télécoms 🥰,0.43,580
Merci Offshore Valley et bonne continuation,0.84,581
La meilleur société a agadir,0.87,582
C est du n importe quoi..,0.0,583
Bon,0.91,584
Je ne pense pas que cette entreprise ait une responsabilité sociale. Leur voiture est garée sur une place réservée aux personnes handicapées. Ils laissent un handicapé sans place de parking. Alors imaginez la façon dont ils traiteront leurs employés.,-0.47,585
J'ai beaucoup entendu parler de ce centre d'appels. Pourriez-vous m'indiquer son adresse ?,0.39,586
Oui,0.49,587
Bien,0.75,588
Centre d'appels,0.52,589
Vallée offshore,0.49,590
Le conseiller est très professionnel et assure un service de qualité très satisfaite 🙏,0.92,591
Service trop long en plus les chaises à la salle d'attente on dirait un hammam pas confortable du tout,-0.61,592
Bon services,0.93,593
"L'agence est de premier ordre et offre un excellent service. L'agent est très compétent et à la hauteur des attentes. Personnellement, je suis très satisfait du service et de la qualité des soins prodigués par cette agence.",0.96,594
Bons services 👌👍,0.91,595
bon service,0.96,596
"C'est des nul On m'a vendu un abonnement Il était très gentils...",-0.86,597
"C est une loterie le 1er vendeur achetez une clef au souk 2e vendeur prenez une box chez nous j aïs écouté le 2e vendeur très professionnel et courtois",0.69,598
J'ai donné une étoile parce que ya pas 0 que des nul et qui donne des infio en erreur il save juste encaissé,-0.68,599
"Service nul, personnel débordé d'un rien. Le haut est pour les entreprises, le rez de chaussée les particuliers.",-0.54,600
Rien à dire sauf les interventions et service technique faible et mauvais communication,-0.67,601
La meilleure agence iam pour Agadir .personnel courtois et serviable .bravo à toute l'équipe,0.98,602
Bon operateurs pour sociétéset particuliers,0.89,603
Personnel mal élevé et arrogant,-0.92,604
Personnel très gentil.,0.63,605
Très bon service en français,0.98,606
C‘est nul,-0.46,607
Bon accueil. Bons conseils.,0.98,608
C'est l'agence maîtresse Maroc Télécom à Agadir. La meilleure compétence,0.88,609
L'agent commercial Haj Ihoume est top.,0.93,610
Excellent ! 👌 (Merci Mohamed),0.97,611
Pas mal,0.41,612
Meilleure services Télécom  pour entreprises,0.93,613
Le commercial très respectueux,0.96,614
Accueil très succinct,-0.76,615
Service nul !,-0.76,616
Agence maroc telecom,0.42,617
Correcte,0.52,618
👍👍👍👍,0.42,619
Service nul,-0.45,620
Service nul,-0.45,621
"L'un des plus grands et des mieux achalandés points de vente Maroc Telecom à Agadir. Facile d'accès grâce à son parking extérieur, il propose tous les services, du rechargement de crédit à la vente d'équipements, de téléphones et de cartes SIM. Un point de référence incontournable pour les touristes dans cette ville touristique.",0.72,622
Cet endroit a fermé.,-0.67,623
Tout est parfait ! Jeu de simulation touristique pour 20 Mad.,0.96,624
Très agréable et professionnel,0.85,625
"J'ai eu une très mauvaise expérience avec ces agents non professionnels. Honte à vous, Maroc Télécom !",-0.96,626
Vols et exploitation des citoyens ; services médiocres et prix exorbitants.,0.68,627
"Répondez au téléphone, les gars.",-0.51,628
C'est un accueil sympathique et compétent mais le reproche que l'on peut faire c'est un manque de personnel ce qui fait que l'on perd pas mal de temps ce qui n'est pas agréable en vacances.,-0.79,629
"Pas mal. C était très bien passé",0.66,630
Bon service classe,0.92,631
Bonnes services pour le public ciblé.,0.94,632
"Personnels, passive, trop d'attente,",-0.42,633
❤️❤️,0.42,634
Le service était correct.,-0.43,635
Super 👍,0.79,636
"Nul, surtout le service technique. A moins de 5 minutes de l’agence, ils sont incapables de venir vous installer la fibre en 72h, alors qu’il s’agit d’un compte professionnel, on peut perdre des contrats, Maroc Télécom s’en fou,",-0.81,637
La pire agence !!!! Depuis midi jusqu’à 15:30 une seule personne a l agence! Pour un seul papier on a du attendre plus de 3 h !!!!! La honte ! Il faut un congé pour récupérer un papier. Baghin idekhlo flous bla maykherjo 🙃,-0.86,638
Dit is de slechtste kantoor van Maroc telecom qua service ik wacht al 15 dagen op le fiber optiek ze zijn geweest kabel aangelegd buiten en naar de kelder garage getrokken maar de gene die de router moet installeren is niet meer komen,-0.68,639
Une seule personne pour une trentaine de personnes.  Service est nul.  Trois heures d attentes,-0.46,640
L'agence est ouverte mais personne pour recevoir les clients .,0.46,641
"Très belle expérience à l’agence Maroc Telecom du centre-ville de Kénitra. L’agence est située dans un joli immeuble, très spacieux et agréable. L’accueil dans la salle d’attente est impeccable, bien organisé, avec un service de queue",0.92,642
"Maroc Telecom rue Mohamed 5 LA bonne place pour acheter vos wifi Modem, un bon service les employees gentil je conseil tout Le monde d'aller LA bas, j'ai acheter wifi 4G HUAWEI.",0.95,643
"Service déplorable cette dame forte avec ses lunettes qui vous accueille, n’est vraiment pas aimable du tout connexion  Internet ne fonctionne pas nous avons demandé une augmentation de débit pour être à 12 méga. Malheureusement nous sommes",-0.86,644
Service nul. L'internet coupe fréquemment avec très mauvaise connexion... personnel hautain..très mauvais comportement..ils traitent les clients comme si ils leur demandent la charité ... vraiment je regrette d'avoir m'abonner avec eux ... je réfléchis sérieusement à annuler mon contrat avec eux.,-0.96,645
"Bonjour tout le monde En résumé, j'ai eu un seul accueil lors de la souscription depuis aucun contacte l'agent omar sur le service client refuse de me rappeller car l'appel bouffe la",0.61,646
Le service est nul.  Le directeur de l'agence prend une pausebien assez longue et deserte son bureau. Les clients peuvent tjrs attendre... Bizarre  bizarre...,-0.84,647
"Le seul service pour tout les kenitres. Rien que pour tirer une qui demande 1 minute ,il faut attendre 2  heures ! Ou même une demi journée. Il faut décentraliser cet important service a tout les quartiers.",-0.43,648
"1 personnel pour 20 clients, service très lent 😡👎👎👎👎",0.5,649
Maroc Télécom et bonjour Mario,0.92,650
Mauvais service.debit de 100mo très faible.,0.44,651
service nuls  je ne conseille pas,-0.53,652
"Ca fait 4 mois que j'attend qu'on m'active le téléphone fixe dont on m'envoie les factures avec la fibre optique déjà opérationnelle, la honte !",-0.47,653
"Une belle prise en charge, surtout avec le Directeur d'agence qui est super pro et au petits soins avec les clients!",0.99,654
"Le personnel n'est pas à la hauteur, ils disent n'importent quoi aux clients c'est comme on e dans un poste de police et l'attente vraiment  ça te fait fuir ailleurs",-0.68,655
"Pas du tout profesnionelle, surtout Amina👎🏼",0.0,656
"Lieu propre , file d attente normale , peuvent mieux faire , pour servir les clients  !",0.77,657
On veut un contact téléphonique de l agence le 115 n est pas fonctionnel..on va pas s entasser tous devant les portes des agences!,-0.65,658
"Agence de communication de la filiale IAM, au centre ville de Kénitra.",0.48,659
Maroc telecom interdit les paiements en espèce nul,-0.52,660
Leader de la téléphonie au Maroc  qui profite de son leadership pour faire le monopole.,0.69,661
où est le numéro de téléphone de l'agence? C'est quand même un opérateur téléphonique!,-0.55,662
Décidément Maroc telecom offre toujours un service à peine moyen,0.55,663
C nul,-0.4,664
Service très lent!,0.74,665
Propre. Bien accueillant,0.94,666
Bon service et accueil,0.96,667
connexion pas si top,0.41,668
Service médiocre.  Attente indéterminée,0.61,669
Mauvaise service nul,-0.43,670
bon lieu à visiter.,0.96,671
Répartition de services à revoir,0.57,672
PARADISO GRASSE,0.57,673
Bon accueille,0.87,674
Trés professionnel,0.52,675
Bon,0.91,676
Bon service,0.92,677
Merci Maroc Telecom,0.77,678
propre professionnel,0.61,679
Mauvaise Service,0.54,680
Mauvaise service 👎,0.51,681
"Mauvais service, y existe 3 guichets alors que uniquement un seul en travail, et apres une heure d’attente ils me disent que le système est soudainement blocké.",-0.55,682
Service client déplorable. Ils vous raccrochent au nez et bloquent votre numéro s'ils n'ont pas envie de vous aider avec vos problèmes de connexion internet.,-0.91,683
"Traitement indigne des clients, absence de supervision de l'agence et personnel sous-qualifié",-0.6,684
"J'ai eu une mauvaise expérience avec MT. Si vous ouvrez un ticket le lundi, vous êtes sûr d'être servi en premier le vendredi, même si vous relancez le service toutes les heures et tous les jours. Peu importe que vous télétravailliez ou non. Bref, c'est comme ça qu'on vous traite comme client au Maroc.",-0.94,685
"Employés avec une bonne performance globale, une bonne apparence et un bon comportement, des connaissances suffisantes et une rapidité d'exécution",0.98,686
Commandez la fibre optique khdat ktar mn 42 jours ou ba9i matal9o la connexion,0.73,687
"Ici, dans cette section, n'importe qui peut ouvrir votre compte de connexion Internet ou votre carte d'appel.",0.0,688
T3ala bzff,0.46,689
Le personnel est très irrespectueux et négligent envers les clients. C'est vraiment dommage !,-0.98,690
"Le service client est vraiment mauvais, ils ne font rien",-0.91,691
"Le personnel est tellement  amical et serviable",0.74,692
"Maroc Telecom, fournit ses services en télécommunications filaires et sans fil.",0.53,693
Le pire fournisseur d'accès internet marocain de tous les temps,-0.64,694
"Service médiocre, attente interminable.",0.45,695
C'est un bon centre commercial,0.97,696
très mauvais service 👎,-0.95,697
Amélioration significative,0.72,698
Service très faible 👎👎👎👎👎👎,0.38,699
Des services satisfaisants et rapides,0.86,700
excellent,0.97,701
Maroc Télécom,0.47,702
Sur la ville de Mehdia et kenitra ne pas choisir Maroc télécom car le réseau est mauvais et peu de réception pour un prix ne défiant pas toutes concurrence 😂😂 . Finalement INWI fonctionne mieux et propose un boîtier  portable dans tout le Maroc,-0.91,703
Staf ok service technique vraiment nul,0.0,704
"Fixe dima occupe. Ministro del exterior plus fácil d'contacter",0.52,705
Nous sommes en 2026 et votre page d'accueil n'est toujours pas en anglais ! Comment est-ce possible ? C'est honteux.,-0.81,706
"Ils ne proposent pas de recharges prépayées, uniquement des abonnements.",0.0,707
Merci pour votre aide précieuse. Bon service pour le rechargement de la carte SIM.,0.96,708
"Des employés respectueux, mashallah ! 😍",0.75,709
Mauvaise reception,0.58,710
"La fibre optique disparaît parfois ; le service client est extrêmement mauvais : s’ils n’ont pas envie de s’occuper de vous, ils bloquent tout simplement votre numéro.",-0.95,711
"J'attends un technicien depuis 14 jours.  Cela devrait prendre au maximum 48 heures.",0.59,712
Bon signe,0.86,713
Mauvaise service pas de numéro fix ou tél pour aide et support mauvaise expérience,-0.71,714
Agence de Maroc Telecom,0.46,715
Service déplorable et accueil médiocre,-0.49,716
Il y a du bruit dedans,-0.49,717
bien,0.96,718
Haut,0.44,719
"J'ai fait enregistrer mes 3 cartes SIM dans cette agence Maroc Telecom aujourd'hui et j'ai été servi par une dame très gentille, malgré des difficultés linguistiques (je parle à peine le français) elle a traité ma demande avec compétence et",-0.67,720
"Service horrible, le personnel ne fait pas son travail comme il faut, il essaye le plus possible de se débarrasser des clients sans répondre à leurs besoins ou réclamations surtout un monsieur mal éduqué qui s'appelle Abdnebbi, il n'a même",-0.91,721
Une agence qui offre un service plus rapide et plus fiable que l'agence principale située au centre de la ville l'ensemble du personnel de l'agence sont très serviable rapide et efficace en plus que cette agence se situe tout près d'une,0.68,722
"Personnel agréable et le directeur Mr mohammed Ali est parfait,professionnel.",0.68,723
Trés sympa,0.51,724
"Un guichet est ouvert, l'autre est toujours fermé 👎🏻 Un guichet ne répond pas aux besoins des clients, sans parler du directeur d'agence qui est toujours absent et qu'on ne croise que par hasard, et encore, seulement s'il a envie de vous voir 😏 En résumé, les services de l'agence sont médiocres.",-0.59,725
"Service déplorable, il a fallu plus d'un mois pour réparer une coupure dans ma fibre optique.",-0.75,726
"Service horrible, long temps d'attente et service client insatisfaisant",-0.95,727
Compagnie avec le meilleur de Roso,0.93,728
C'était une mauvaise expérience.,-0.96,729
Pas 24/24,0.46,730
Tichachrach,0.49,731
"Je me suis rendu à cette agence pour régler l’abonnement téléphonique . Sur la porte, il est indiqué que l’agence ouvre l’après-midi à 14h30. Pourtant, je suis venu plusieurs fois après 15h00 et j’ai trouvé l’agence toujours fermée.",-0.53,732
"Agence sous qualite , sol meme pas nettoye , service tres nul , pas de connaissance suffisante en reseau de teleco , et ca ferme l agence en horaire de travail",-0.47,733
Top qualité et service,0.93,734
"La pire connexion internet que j'aie jamais eue, service client déplorable",-0.86,735
Ce numero de fix ne correspond pas à l'agence de Maroc Télécom.Veuillez ne pas contacter ce numéro car ce numéro est un numéro domicile personnel et non pas de maroc telecom.Merci pour votre compréhension.,0.0,736
Accès facil.Cadre agréable.  Accueil chaleureux.,0.57,737
Lieu totalement rénové et structuré.,0.45,738
Iam mauvaise expérience,-0.9,739
Serviable,0.69,740
Agence pour Maroc Télécom,0.47,741
Mauvais service,0.57,742
Service,0.57,743
"Bonne agence, tous les gens qui travaillent ici sont très gentils",0.91,744
Très propre. Service client très serviable.,0.88,745
Service excellent.,0.97,746
Il se trouve à l'intérieur du magasin Carrefour.,0.49,747
Bon col de l'utérus,0.91,748
Bien,0.75,749
bien,0.96,750
Chfara,0.52,751
incroyable,-0.49,752
Maroc Telecom,0.48,753
J’ai acheter un appareil wifi à 450 dirhams avec une recharge wifi en premier le système a du mal à fonctionner au bout d’une semaine ça ne fonctionne toujours pas j’ai fait plusieurs aller et retour malheureusement le personnel n’était pas,-0.77,754
"Dommage qu'on puisse pas mettre 0, 10jrs sans téléphone fix ni internet mais aucun retour mais il faut payé l'abonnement quand même alors le comble c'est qu'on nous dit il faut faire une plainte, on se moque de nous un peu là??? Vers qui il",-0.61,755
"Accueil zero Aucune empathie Simple demande de confirmation de paiement pour la ligne fixe",-0.48,756
Plus que jamais dans set ville,0.38,757
Pas mal.,0.0,758
Service très,0.69,759
Service vraiment à la base,0.7,760
incroyable,-0.49,761
"Dommage qu'on puisse pas mettre 0, 10jrs sans téléphone fix ni internet mais aucun retour mais il faut payé l'abonnement quand même alors le comble c'est qu'on nous dit il faut faire une plainte, on se moque de nous un peu là??? Vers qui il faut porter plainte, vivement la concurrence",-0.63,762
Ils sont trompeurs.Ils n'agissent pas en cas de besoin.,-0.46,763
mauvais accueil,-0.87,764
Bonne réception,0.94,765
Service acceptable,0.8,766
La problématique.,0.48,767
Younesounmes,0.57,768
Très mauvais accueil 0/5,-0.92,769
C'est bon,0.97,770
Daiman dak likikon fadminisstration makaynch daiman machi rimra wla jouj,-0.46,771
"Je dirais que l'Internet est très lent et si vous utilisez les réseaux sociaux, cela diminuera votre Go très rapidement, mais pour les appels, ils vous offrent plus de minutes en cadeau.",-0.52,772
Service excellent 💙💙,0.96,773
Cool,0.91,774
Service excellent,0.96,775
Le service par fois bien et parfois non,0.66,776
Le service client 0,0.52,777
"Professionnalisme, propreté, agréable",0.83,778
Bon service,0.92,779
A la hauteur des attentes,0.48,780
Mal,-0.42,781
Administration,0.53,782
"Bon accueil avant de faire une erreur deux cartes sim pour deux portables distinct. Deux forfaits de 40GO sur le même portable, du coup un téléphone avec 80GO et un avec zéro. Au lieu de réparé l'erreur et d'en rester là, arrogance de",-0.56,783
"Bonnes affaires, mais les transactions de l'entreprise restent compliquées (recharge de crédit MT Cash)",0.81,784
Ils ne répondent pas au téléphone,0.0,785
École,0.63,786
Échoué,-0.42,787
Maroc Telecom,0.48,788
Maroc Telecom,0.48,789
Plus February,0.59,790
Shafar et Tizid sont pires que les humains dans leur traitement.,-0.82,791
Le meilleur traitement et le meilleur service au monde,0.96,792
Excellent,0.96,793
Bien,0.75,794
"Honnêtement, le service était excellent, que Dieu les bénisse.",0.97,795
Excellent acceuil et conseil et service ultra-rapide.,0.96,796
Boutique tres pratique evite les déplacements au centre ville,-0.47,797
AMT fait bien son travail,0.95,798
Agence IAM au service des citoyens,0.54,799
Agence au service des clients dont j'en suis un,0.48,800
Superbe,0.85,801
Service hautain,0.57,802
"Nul, nul, nul! Impolis et incompétents!! Si je pouvais mettre -5 je le ferai!",-0.93,803
Service très mauvais,-0.91,804
"Que Dieu vous maudisse tous, même une seule étoile, c'est de trop pour vous, bande d'idiots !",-0.77,805
Un magasin propre qui offre un excellent service à la clientèle.,0.96,806
peu clair,0.0,807
"Meilleur service client que j'ai connu au Maroc. La femme a l'accueil est toujours à l'écoute, souriante, compétente et très efficace.",0.97,808
En vacances pour 3semaines  l achat d une puce pour 20 dhr et 100dhr de credit internet(10go) m ont amplement suffit.bonne qualité de réseau.,0.86,809
Sympa,0.66,810
Une agence de proximité,0.56,811
réseau très médiocre,0.56,812
Bon traitement,0.86,813
"Longue attente avant d'être servi. Malgré de nombreux guichets, il n'y avait qu'un seul d'ouvert. C'est décourageant d'attendre aussi longtemps pour être pris en main. Sinon l'agent qui s'occupe de vous, pour moi c'était Mr Driss, il etait",-0.65,814
"L'agence de Maroc Télécom possède un espace commercial très moderne et bien géré,en plein centre d'Oujda.On vend téléphonie fixe , mobile et fournisseurs d'accès Internet (f.a.i.). Cependant les temps d'attente pour chaque client sont",0.52,815
J ai déposé une réclamation avec des relevé bancaires qui prouve que mes factures sont payés mais malheureusement ma ligne est bloqué,-0.92,816
Service nulle une seule personne qui travaille... Il faut améliorer la communication des agents avec les clients,-0.54,817
"Service très médiocre, aucun respect pour les clients. Une agence à éviter.",-0.45,818
Service après-vente meilleur que les autres mais tjs beaucoup de monde .,0.76,819
Une semaine sans internet chaque jour je pars de voir ils sont toujours en train de discuter entre ils ont jamais réparer le problème c'est hallucinant Maroc Telecom,-0.62,820
"mais j'ai une petite préférence vers agence jawhara oued nachef ,",0.47,821
Bonne accueil  mais problème toujour pas régler.,0.87,822
Ça fait partie de l administration qu on dégoûte d y aller,-0.55,823
Satisfaisant,0.59,824
La meilleure des 2 autres opérateurs et rapide aussi.,0.94,825
Service n'est pas organise surtout service technique,0.0,826
Nice Service,0.77,827
Service très nul,-0.46,828
Le service de lagence de zegangan a nador et nulle,-0.41,829
"Administration maroc telecom Oeuvres sociales des postes et telecom",-0.44,830
bon service,0.96,831
Ah med,0.61,832
Ça marche,0.51,833
Service client médiocre,0.62,834
Super merci,0.76,835
Bon emlpacement,0.94,836
👎👎,0.42,837
Toujours au top ! Merci beaucoup au responsable de l'agence pour avoir aidé à la réactivation de la carte sim périmée (suite à non recharge depuis plus de 6 mois).,0.86,838
Maroc Télécom et une société leader de télécommunications avec la plus large couverture réseau du pays. Il opère également dans plusieurs pays africains.,0.6,839
Services médiocres et régions hors couverture,0.46,840
Plus de 10 minutes d'attente + un seul employé...,0.44,841
Offres et réductions pour la rentrée scolaire. Bienvenue ! 💐,0.84,842
"Patrimoine Oujdi, Barid Al Maghrib, Oujda",0.7,843
Excellent niveau de communication,0.94,844
Agence officielle de la ville d'Oujda,0.46,845
Il y a un peu d'attente.,-0.63,846
Je n'aime pas ça,0.0,847
Pourquoi avez-vous arrêté la VoIP ?,-0.47,848
Cool,0.91,849
Haut,0.44,850
Services nuls,-0.53,851
Super,0.78,852
Service zéro,0.58,853
milieu,0.52,854
Services acceptable,0.78,855
"IAM n’est pas le meilleurs opérateur téléphonique/internet au Maroc à mon opinion. Par contre, le personnel de cette agence est super bien. Attentif, serviable et courtois. Je n’ai vu que de bon geste depuis que j’ai eu le service IAm.",0.54,856
"Personnel irresponsable, pas de communication, je viens juste de vivre l'instant le 8.7.25 à 14h15.",-0.61,857
"Horaires de travail non respectés, personnels désagréables fais le minimum pour ces clients, apparemment en ce mois du ramadan ils ferment à 15h30 si vous vous arriver après cette heure comme par hasard le système BUG vraiment très déçu de cette agence !!!",-0.9,858
Espace agréable. Bon accueil et un service rapide. Merci,0.97,859
Il nous arnaque ; ils vont perdre beaucoup de clients.,-0.92,860
C'est eux les rois non pas le client,-0.56,861
Très mauvais accueil,-0.94,862
👍,0.42,863
Bien,0.75,864
Personnel serviable,0.68,865
Agence,0.49,866
Travail,0.57,867
Un service négligé,0.46,868
Excellent,0.96,869
a.bon,0.95,870
Bon,0.91,871
incroyable,-0.49,872
Fe,0.51,873
"C'est un lieu très magnifique et agréable, aussi les employés sont gentils et adorables ,Merci pour vos efforts,،👍🏻👍🏻👍🏻😊😊😊 merci bcp",0.78,874
Bcp d monde peu d gens serviable,0.35,875
"Les opérateurs  sont sympa Bon travail",0.89,876
"Soyez la bienvenue ""Un monde nouveau vous appelle""",0.93,877
Acheter ce qui me plaît,-0.67,878
L esprit commercial à amélioré,0.72,879
Un personnel impeccable,0.39,880
bien,0.96,881
Retard par le service,-0.56,882
"Sympa, local et serviable. Mieux que de faire la queue dans le centre d'Oujda.",0.77,883
"Si vous voulez quelque chose de raisonnable, adressez-vous à une autre agence, ou évitez tout simplement Maroc Telecom, et en particulier leur offre internet ou Wi-Fi, comme on l'appelle couramment.",-0.45,884
"Les usagers de cette agence sont inexistants ; il n'y a ni accueil, ni service correct, ni professionnalisme – c'est comme une bande de personnes âgées jouant aux dames.",-0.65,885
C'est bon,0.97,886
Réception inférieure à celle souhaitée,0.42,887
Il/Elle,0.55,888
"Bien! Dommage que la démarche de IAM pousse vers la fibre coûte que coûte  alors qu'on ne peut être intéressé forcement",-0.51,889
"Merci bcp pour laide Très accueillante Je conseille merci a mme seddiki🙏🏻",0.89,890
Je ne connais pas ce lieu en ce qui concerne l'administration mais juste à côté l'arrêt terminus du bus numéro 20,0.0,891
Différents offres magnifique avec des bon prix,0.96,892
Il reste encore du travail surtout au niveau de l'accueil,0.47,893
Est un réseau de communication très bon,0.96,894
Service lent,0.53,895
Service trés nul,-0.52,896
😍🇲🇦🇩🇿,0.42,897
"Le bureau est plutôt bien, mais ils sont toujours dans la phase d'attente.",0.83,898
Les qualités erronées ne sont pas toujours bonnes.,-0.69,899
"Service disponible 6,5 jours par semaine",0.57,900
Mm ok,0.76,901
Mauvais,0.52,902
excellent,0.97,903
bien,0.96,904
Bon endroit,0.88,905
"Maroc Télécom est l'opérateur classique du Maroc, avec une superbe couverture nationale de réseau de téléphonie fixe, mobile et internet.",0.83,906
"Le lieu est bien, le personnel aussi, il y a un parking pour vélo (pour l'accrocher), parcontre concernant Maroc Telecom de manière générale (je ne parle pas de ce lieu particulièrement) il semble qu'il y ait un manque de sérieux, le débit",0.83,907
Service pas responsable. Téléphoner fixe de  ma mère âge plus que 70anns  safiii 4semaine  En page.   a san age elle  a été voire le service pluse que 5 fois ma sœur a appelé plus que 3fois    a ce jours là. Personne a déplacé chez elle. Pour la réparer. Il encaissé que l 💸💸💸💸💸. Mafihom la rahma la chafaka.,-0.85,908
Service nuuuul + le non respect des clients,-0.75,909
"Mauvais service, non respect de la clientèle",-0.57,910
Service nul nul à éviter.,-0.4,911
le service est nul,0.0,912
Batima coin dial lhouma,0.49,913
Mauvais service,0.57,914
"Je recommande vivement cette agence, Directrice compétente avec un sens relationnel exceptionnel. Merci beaucoup pour votre prestation !",0.85,915
Ta3amoul 00000 filles tseb siyda tma hchouma asi mustafa llah yn3lak. Mostawak machi dyal charika bhal iam,-0.46,916
Le service client est catastrophique.,-0.91,917
Bon traitement,0.86,918
Services de qualité inférieure fournis,0.46,919
Service 0,0.58,920
Personnel agréable,0.62,921
Hui,0.54,922
Personnel très aimable. J'achète toujours mes recharges téléphoniques Maroc Telecom là-bas.,0.92,923
"Prévoir la journée, pire qu'un consulat. Seul avantage, le wifi est gratuit là-bas",0.46,924
Pourquoi mettre un téléphone si on ne décroche plus?,-0.57,925
éviter cette agence !!,-0.7,926
"Une entreprise mondialement connue pour ses offres téléphoniques et internet onéreuses, et dont le chiffre d'affaires mensuel se chiffre en milliards de dirhams, a récemment acquis Inwi. Elle affirme que l'agence emploie des agents de",0.62,927
"Ma mère (72 ans) qui s’est présentée dans cette agence d’Oujda pour demander une augmentation de son débit internet. Suite à un conseil inadapté, une option mobile de 50 DH lui a été activée alors que cela n'a aucun impact sur son débit.",0.0,928
"La pire agence que j'ai jamais vu, du sécurité vers le directeur, un agent commercial qui est dépassé par la technologie et têtu avec un directeur impoli une agence à éviter",-0.87,929
Le téléphone toujours occupé 👎🏻👎🏻,-0.36,930
Agence Maroc Telecom université,0.48,931
Pire service,0.54,932
"Horaires d'ouverture non à jour sur Google, je me suis déplacé pour rien",-0.64,933
Très accueillants et serviables. J'y achète toujours mes recharges Maroc Telecom.,0.97,934
Où se situe votre magasin et dans quel pays ?,-0.43,935
excellent..,0.97,936
"Très mauvaise expérience à cette agence. Le personnel est extrêmement impoli et arrogant. Au lieu de s’occuper des clients, ils passent leur temps à regarder des vidéos TikTok pendant les heures de travail. C’est totalement irrespectueux et",-0.99,937
"J’ai été un dimanche au maroc telecom qui se trouve dans le Marjane de Tetouan, c’est une vrai catastrophe, il n’y a que 1 personne pour une file de malade attente de 40 min minimum, lorsque c’est mon tour le gars ne dit même pas",-0.92,938
J'étais agréablement surprise de la qualité et de la rapidité du service! Ma demande d'installation de ligne a été traitée dans un délai très correcte avec un suivi journalier de la part de l'équipe technique ainsi que l'agence commerciale. Bravo 👏 👍,0.94,939
"12/05/2020 directeur d'agence incompetent qui ne connait pas son produit et n'a aucun mannerisme ou comprehension de la relation clientele. Abstenez-vous d'aller à cette agence pour votre bien-être psychologique, ils ne donnent aucun",0.0,940
"Très mauvais service Agence presque toujours vide et personnel nul Vaut mieux la fermer",-0.97,941
"Belle expérience, tout le staff était accueillant le personnel ainsi le directeur, je recommande. Bonne continuation 👍👍",0.95,942
"Service khari Un sol guichet",0.66,943
ils ne respectent pas les horaires . ils sont fermés alors que l agence doit etre ouverte maintenant . et ils ne repondent pas au telephone .,-0.53,944
Comme direction c'est bien organisée. Mais pour la qualité des services à revoir,0.88,945
Ca sert à quoi d'afficher son numéro de téléphone si on ne répond pas?!!,-0.43,946
Très bon service,0.98,947
Des services à la mesure,0.69,948
"ils ne répondent jamais au téléphone. pourquoi afficher un numéro si c'est pour ne pas décrocher ?",-0.48,949
On vous trouve une solution pour chaque souci. Avec efficacité et sourire. Merci à l’agence de Tetouan dans la galerie de Marjane!,0.9,950
"Service excellent, je le recommande vivement ! 👌 L’employeur a été d’une aide précieuse et a résolu notre problème efficacement, surtout après l’échec d’une autre agence (ADALA). Un professionnalisme et une fiabilité exemplaires.",0.93,951
"Service vraiment mauvais. J'attends mon internet depuis une semaine, et ils n'arrêtent pas de me dire que le technicien va venir, mais il ne vient jamais.",-0.94,952
"J'y suis allé pour prendre un abonnement fibre optique, la dame sur place était super accueillante, sympathique et serviable. Service 5 étoiles.",0.94,953
"Oui, j'ai visité le siège de Maroc Telecom à Tétouan, et j'y ai rencontré une employée formidable. Je la remercie.",0.6,954
Les règles sanitaires liées à la COVID-19 sont bien respectées.,0.88,955
Un membre du personnel,0.56,956
Bien,0.75,957
Bon service,0.92,958
Pauvre,0.6,959
Calme et confortable,0.82,960
Pour les services de télécommunications,0.69,961
"Je suis très mécontent. J’ai souscrit à un abonnement chez Maroc Telecom depuis le mardi dernier et, jusqu’à maintenant, ma ligne n’a toujours pas été activée. Ce retard est inacceptable et manque de professionnalisme",-0.87,962
"Mon expérience !, Je sais que c'est une agence de télécommunication. Là bas vous pouvez acheter des cartes sim ""Maroc Télécom"", faire des abonnements wifi, et plein d'autres choses. L'accueil y est quand même. Merci.",0.87,963
9:25 am est toujours personne dans l'agence à part le gars de sécurité et la femme de ménage !!!,-0.48,964
Service clientèle lent. Debit internet laisse à désirer ! Des prix à reviser pour pouvoir faire bénéficier tout le monde.,-0.76,965
Vraiment j'ai ete dessous a cause d'une mouvaise façon de traiter les clients,-0.67,966
"agence pas très efficace, l'accueil n'est pas toujours le meilleur",-0.52,967
Service très nul!,-0.81,968
Les employé sont très désagréable.,-0.86,969
Service trop lent et manque d'éfficacité,-0.6,970
"Bien équipée, bien organisée, propre...",0.89,971
Toujours fermé,0.55,972
mauvaise service👎,-0.89,973
Agence fermée le samedi,0.43,974
Nul,-0.4,975
Mauvaise réception,0.46,976
"J'ai eu une mauvaise expérience dans cette agence lorsque je me suis renseignée sur le retard d'installation de ma fibre optique, alors que j'avais souscrit mon abonnement quelques jours auparavant.",-0.97,977
"L'un des employés s'est montré extrêmement froid et distant. Je me souviens, au début de la pandémie, lorsque je suis allé le voir pour résilier mon abonnement téléphonique et internet. Il m'a imposé des démarches administratives complexes,",-0.88,978
"Service déplorable, personnel irrespectueux, connexion internet extrêmement lente et personne ne répond au téléphone. Je déconseille fortement de souscrire à leurs services.",-0.95,979
Le pire service que j'ai jamais reçu... Le fournisseur d'accès Internet n'accepte pas un fichier PDF comme preuve ou adresse... Personne à qui parler... Même le responsable n'est pas joignable... J'ai dû passer à un concurrent. « Inwi » était bien meilleur.,0.4,980
"On ne peut pas appeler ça un service. C'est vraiment honteux  J'ai eu beaucoup de mal à faire comprendre au responsable du service que j'avais besoin d'une connexion internet stable. Ils n'ont rien fait, à part un contrôle régulier de la ligne fixe !",-0.84,981
Maroco Telecom est une entreprise de télécommunications comme Base of Orange ou Telenet.,0.5,982
C'est plutôt bien malgré la surpopulation et le manque de personnel.,0.62,983
Fin ma tmxi txarji mt cash ygolo lik makhdamx,0.39,984
"Le service client est lent, ce qui contribue à la forte surpopulation.",-0.49,985
Le pire service. Les employés ne se soucient pas du client. Ils vous font attendre sans se soucier de rien. Je vous déconseille de faire affaire avec eux.,-0.82,986
"Un seul employé et vous devez attendre votre tour, combien de temps cela va-t-il prendre ?",-0.47,987
"La plupart du temps, il faut attendre plus de 15 minutes pour être servi.",0.43,988
Bonjour,0.75,989
Service 0,0.58,990
"Très, très, très mauvais 😡😡😡😡😡😡😡😡 Leurs services sont inexistants",-0.98,991
La photo ne reflète pas et ne présente pas le lieu.,0.0,992
Ils me traiteront bien,0.92,993
mauvais traitement et manque de services,-0.95,994
Un voyage nostalgique rempli de souvenirs,0.65,995
traitement de qualité inférieure,0.0,996
normale,0.5,997
Transaction 0,0.53,998
Pas bon,0.81,999
mauvais traitements,-0.85,1000
0 service,0.53,1001
Bien,0.75,1002
Cri vide,0.49,1003
Gestion téléphonique,0.57,1004
"Je suis donc censée attendre qu'une seule personne revienne de vacances pour obtenir le service dont j'ai besoin, car apparemment les autres ne savent pas comment faire.",-0.52,1005
Il y a tellement de négligence qu'on a l'impression que tout le monde est en colère et nous ignore. Cet organisme doit revoir ses méthodes de prise en charge. Je vais changer d'entreprise à cause de la qualité du traitement ; c'est catastrophique.,-0.89,1006
"Je souhaite exprimer mon mécontentement concernant une expérience récente dans votre agence. J’ai été pris en charge par une conseillère, dont l’attitude a été particulièrement décevante. Elle s’est montrée impolie et condescendante dans",-0.74,1007
À éviter absolument. Le pire service de la pire agence de la pire entreprise de télécommunication du Maroc. Le chaos absolu. Pas d'ordre du tout. Seulement 2 représentants à la réception. Les autres sont soit en train de discuter,-0.71,1008
"J'ai jamais vu un accueil aussi execrable, la personne qui m'as reçu a fait preuve de désinvolture et d'un manque flagrant de professionalisme ! Je déconseille fortement cette agence !",-0.95,1009
Disponible et service extra,0.71,1010
Aucun commentaire,0.0,1011
Parfait,0.8,1012
"Nous tenions à remercier chaleureusement le directeur de l’agence ainsi que toute son équipe pour leur professionnalisme et leur engagement. Malgré une situation particulière (immeuble neuf et premier raccordement à la fibre), ils ont su",0.54,1013
"Quel endroit impersonnel et pas accueillant, remettez vous en question un peu...",-0.56,1014
"J'ai rendu visite à l'agence en raison de problèmes persistants avec ma connexion ADSL. J'ai eu la chance d'être conseillée par Mme Bakkali Tahiri. Elle a été extrêmement patiente, aimable et serviable. Elle m'a tout expliqué étape par étape en utilisant un vocabulaire simple et clair, ce que j'ai beaucoup apprécié. 🙏🏻",0.86,1015
"La pire expérience de ma vie. Le personnel est malhonnête et tout le monde s'en fiche. J'ai dû payer d'avance et attendre presque une semaine pour avoir internet, mais malheureusement, rien ne s'est passé. Je n'ai reçu aucun message ni",-0.91,1016
Le gérant est extrêmement impoli à tous les égards.,-0.87,1017
Service déplorable. Accueil et traitement catastrophiques. Connexion internet très lente. L'équipe de maintenance est toujours en retard et n'arrive qu'après de longues et pénibles négociations avec des responsables incompétents. Et tout cela pour rien. Que Dieu vienne en aide aux habitants de Tétouan.,-0.88,1018
"La dame du premier bureau m'a mal reçue. Le personnel plus âgé manquait de courtoisie et d'écoute, et était souvent irritable.",-0.93,1019
"Un service professionnel exceptionnel de la part de Youssef ! Il a pris le temps de nous expliquer les possibilités de la fibre optique à domicile, comment payer en ligne et à quoi s'attendre dès la signature du contrat !",0.66,1020
"Service déplorable. Aucun employé ne fait correctement son travail. Leur seule préoccupation est de vider les bureaux. Ils font des promesses qu'ils ne tiennent pas, du genre « Je vous recontacte », « Ne vous inquiétez pas », etc.",-0.91,1021
Top top,0.9,1022
"Endroit très agréable et propre, personnel respectueux, peu fréquenté.",0.86,1023
"Service client déplorable  La personne à qui j'ai parlé était très impolie et incompétente. Si vous avez la possibilité d'aller ailleurs, évitez cet endroit.",-0.93,1024
"Le pire directeur d'agence que j'aie jamais vu  Je lui ai fait part du problème et il m'a dit que si ça ne me convenait pas, je pouvais résilier le service  Pfff, une personne comme ça donne envie de détester le Maroc et Maroc Telecom.",-0.85,1025
"www,blogget,com/atom/ns#/category)(titre) (#2598114)",0.53,1026
Les pires personnes que j'aie vues en ville jusqu'à présent.,-0.76,1027
"Ça fonctionne très, très mal.",-0.87,1028
Mauvais endroit,0.48,1029
bon service,0.96,1030
Entreprise exploiteuse,0.73,1031
"Des prix élevés, des prix très élevés. Je crois que le Maroc est le seul pays au monde où l'accès à Internet est cher.",0.54,1032
"Forfait internet illimité qui ne marche plus au bout de 2 jours, aucun service client ( elle m’a clairement dit de me demerder) et de plus la vendeuse est agressive avec les clients.",-0.79,1033
"Ça vous arrive de répondre au téléphone ?? ? À chaque fois que j’ai un problème impossible d’avoir l’agence !",-0.62,1034
Une Femme très gentille à l'écoute et explique bien les choses pour les tourismes français 👍,0.87,1035
"Nous avons acheté une carte SIM et un forfait de données. Une semaine plus tard, lorsque j'ai inséré la carte SIM dans le téléphone, elle ne fonctionnait pas. Trois téléphones différents n'ont pas reconnu la carte. Je ne sais pas ce qu'ils nous ont vendu.",-0.59,1036
"Service déplorable, manque d'efficacité, connexion toujours mauvaise, voire inexistante.",-0.96,1037
Ils ne répondent même pas au téléphone ! À quoi bon afficher un numéro si personne ne répond ?,0.0,1038
Il n'y avait aucun panneau et la porte était fermée... Je transpirais abondamment à cause de l'ascension de la colline.,-0.67,1039
"Vous avez des problèmes de connexion internet, vous allez vous plaindre, on vous donne le numéro 115, vous appelez et vous tombez sur un répondeur automatique qui ne résout rien. Ils sont prompts à encaisser votre argent, sinon ils vous coupent la connexion, mais quand il s'agit de résoudre un problème  rien. Une vraie déception.",-0.86,1040
Service excellent et très proche de l'arrêt de bus CTM,0.96,1041
"une seule conseillère dans une grande agence c'est pitoyable + la conseillère et impolie et parle de haut , a chaque demande elle dis appel le 115 ou ch pas quoi meme le responsable d agence appeler le 115 il a dis.",-0.74,1042
"Le service est totalement inégal. On y va comme si on y allait pour neuf heures, le Wi-Fi est coupé de temps en temps et, quand on y va, on nous dit de payer 500 dirhams pour éviter les problèmes, ce qui est absurde. Pour ceux qui veulent",-0.68,1043
Une grande agence avec une seule femme,0.68,1044
"NUL NUL  NUL J'ai souscrit aux services fibre Il y a 20 jours, evidement faut tout payer en avance.",-0.53,1045
"Nul malpoli, incompétent 0 étoile c est mieux.",-0.64,1046
"La pire agence de Maroc Telecom au Maroc, de loin et a Martil. Ils ne résolvent jamais rien et ne proposent aucune solution, quel que soit le problème. Les deux employés sont très antipathiques, ils te parlent avec arrogance comme s’ils te",-0.86,1047
A fuir !!! Allez à Inwi. J’ai payé pour une box wifi j’ai jamais eu de wifi. Le personnel m’a donné leur téléphone. On a échangé 3 fois et puis elle décide de ne plus me répondre. Allez à INWI !,-0.89,1048
Très mauvais accueil,-0.94,1049
Je viens de les revoir bon service,0.91,1050
"Vraiment pas serviable, le marché de poisson de martial son plus professionnel ...j’étais venu pour des infos pour ouvrir une connexion internet chez moi...le personnel pas poli certains d entre eux on difficiles de répondre aux",-0.7,1051
"Très mauvais réseau 👎 , j'ai signé sur un début de 12 Mbps , et j'ai reçu 2 Mbps , et des ruptures chaque  fois , le comportement des enployées inappropriés 😡, je vous conseille pas MAROC TÉLÉCOM, mauvais service 👎👎 mauvaise début",-0.97,1052
"la communication n est pas leurs points fort, 5 jours d attente donc perdus pour un depannage réalisé en 10 minutes.",0.0,1053
"Agence très bien placée, personnel agréable et le service est très rapide.",0.94,1054
Parfait !,0.95,1055
"merci à la conseillère qui m’a aidé à résoudre mon pbm de puce. Rapide, à l’écoute et efficace",0.84,1056
"Propre, calme, mais pas bcp de personnel",0.0,1057
Merci pour vos services,0.98,1058
Accueil très froid,-0.78,1059
"Un service au dessous de zero,les clients sont leur dernier souci",0.47,1060
service nul et ne respecte pas les clients,-0.57,1061
Aucun respect du client.,0.0,1062
Accueil nul,-0.4,1063
mauvais service,-0.85,1064
Mmmmmmmmmmmmmmmmmmmmmmmmmmmmmmmmmmmmmmmmmmmmmm le croissant Au chocolat,0.54,1065
"Après plus d'une heure d'attente, l'employeur n'a servi qu'un seul client ; service très lent.",-0.42,1066
"Service déplorable. Même lorsque l'agence est vide, elle ne dispose pratiquement d'aucun service et est incapable de proposer la moindre solution. On peut tout au plus payer des factures, ce qui est bien plus simple et possible dans",-0.68,1067
"Aucune communication, aucun service, la pire entreprise du monde : le Wi-Fi est constamment coupé et ils se moquent des clients.",-0.65,1068
"Je ne peux pour aucune raison recommander Maroc Telecom. Le service Internet est très peu fiable. J'ai souscrit pour 12 Mo, j'ai de la chance si j'en reçois la moitié. Il n’est pas rare d’éprouver des vitesses de 2 à 3 Mbs. Lorsque",0.0,1069
"Après plus d'une heure d'attente, l'employeur n'a servi qu'un seul client ; service très lent.",-0.42,1070
"Je n'ai même pas été autorisé à entrer ! Je suis un touriste américain. Un agent de sécurité m'a arrêté à la porte. Je lui ai demandé s'il parlait anglais. Je n'arrêtais pas de dire « téléphone », « forfait ». Je lui ai montré mon",-0.59,1071
"Le service d'Etisalat Almaghreb était globalement correct, mais il est perfectible, notamment au niveau du service client. Si le service de base était satisfaisant, un meilleur support client améliorerait considérablement l'expérience utilisateur.",0.77,1072
"Après plus d'une heure d'attente, l'employeur n'a servi qu'un seul client ; le service est extrêmement lent. J'ai essayé Morocco Telecom pour la première fois, mais j'ai bien peur que cette entreprise ne soit qu'une source de problèmes.",-0.69,1073
"Bon accueil de la part de certains membres du personnel qui s'acquittent parfaitement de leurs fonctions, et un grand bravo à l'agent de sécurité privé chargé de la réception.",0.93,1074
0 service,0.53,1075
Centre de services Maroc Telecom,0.54,1076
"Dans cette agence, on ne parle aucune langue, car elle se situe dans une zone touristique internationale à proximité de l'Union européenne. Avec des relents racistes, c'est un zéro pointé pour les responsables qui recrutent le personnel de Morocco Telecom travaillant dans le nord du Maroc.",-0.55,1077
"Excellent service, bon prix, tout a fonctionné comme prévu",0.99,1078
Doit être la pire agence Maroc Telecom du Royaume. Le pire support client,0.46,1079
Makibghiwch yjawbo 3la télé kak3yaw nsoniw,0.46,1080
Le problème majeur est que certains employés ne portent pas de masque...,-0.56,1081
La qualité des services n'est pas à la hauteur.,0.0,1082
très bien,0.97,1083
Service client déplorable ; les clients sont mal traités.,-0.92,1084
Mal traiter les clients.,-0.7,1085
Ya salam,0.5,1086
Si mal,-0.64,1087
Agent sylpa,0.53,1088
Bien,0.75,1089
Très mauvais,-0.94,1090
Accueil merveilleux,0.57,1091
S'il te plaît,-0.57,1092
Entrée une par une,0.53,1093
incroyable,-0.49,1094
excellent,0.97,1095
Bon,0.91,1096
"Le service d'assistance technique est déplorable. Je me suis abonné à la fibre optique mercredi dernier, et cela fait maintenant sept jours que personne n'est venu installer le boîtier. Même l'agence ne répond pas au téléphone. C'est le pire service que j'aie jamais connu.",-0.87,1097
60 jours ???,-0.36,1098
"Agence Maroc Télécom se situant au Quartier MIFTAH Lkhir sise à Safi dont les employés sont très aimable et accueillant, hospitaliers....",0.81,1099
C'EST un lieu destiné à MAROC TELECOM  PRIVILÉGIE SI BON,0.62,1100
Sentiments mitigés. La qualité des sévices gagnerait à être améliorée,-0.64,1101
Pas mal,0.41,1102
"Le service client de Maroc Telecom à Safi est extrêmement mauvais, et le service est inexistant (00/00).",-0.96,1103
malheureusement,-0.91,1104
Manque de services,0.57,1105
Agence de télécommunications du Maroc,0.45,1106
le pire service de tous les temps,-0.78,1107
Frouta,0.61,1108
"Ils ont coupé le Wifi, nous sommes aller les voir pour résoudre le problème..ils ont dit le contrat est annulé, après quelques mois, nous avons reçu une lettre nous indiquant que nous devons payer 1300dh et pour cause!! apparement même si",-0.74,1109
Le service le plus mediocre qu on puisse rencontrer . Là bas on oublie que c est un secteur privé je me demande pourquoi en embauche de tel personnel . Aucun sourire à l encontre de la clientele . NUL NUL,-0.66,1110
"Une place mal éclairée le soir, comme la plus part des coins de la ville d'ailleurs, délabrée, où y a pas de sécurité, les visiteurs locaux font preuve d'incivisme vis à vis des monuments et d'installations de la place.",-0.89,1111
Assez bien comme etablissement public reste  encore a faire plus d effort,0.91,1112
Pas trop mal mais peuvent faire mieux !!!!!,-0.56,1113
Mauvais service,0.57,1114
une entreprise avec un service clients mediocre,0.82,1115
Service manquant de rapidité et de conseil.,0.65,1116
Situation à marjane de safi.,-0.6,1117
Service moyen,0.57,1118
Ils ne sont pas tous bons et il y a un employé qui devrait être renvoyé.,-0.6,1119
Une agence à Safi très bien situé mais un personnel Mal qualifié et manque d un manager pour repartir les tâches surtout pour le volet des particuliers.,0.43,1120
mouvaise agence et ub service nuk,-0.45,1121
Meilleur,0.93,1122
Bon service,0.92,1123
Bon service,0.92,1124
Agence de services Maroc Telecom,0.48,1125
Très bien,0.99,1126
Adapté aux familles,0.73,1127
Safii,0.55,1128
Service limité,0.4,1129
Safi,0.56,1130
"Service pas très professionnel surtout avec les particuliers, ils changent les forfaits sans autorisation contrairement a la concurrence qui ne modifie rien sans notre accord, malheureusement ils ont le monopole sur le marché ...",-0.67,1131
"Une catastrophe, mais ça reste mieux que les autres auteur de lignes téléphoniques.",-0.74,1132
Vrai nice,0.96,1133
Pas mal à améliorer,0.54,1134
"Pourriez-vous fermer à 12h40 ? Ne soyez pas si occupés, nous sommes ouverts jusqu'à 13h ! Si vous ne respectez pas les horaires d'ouverture, merci de nous le signaler.",-0.42,1135
Maroc Telecom est la meilleure entreprise du Maroc,0.94,1136
Mauvais service,0.57,1137
Correct,0.5,1138
Service rapide,0.73,1139
Aucun réseau,0.0,1140
Entreprise publique  emblematique,0.68,1141
Faible 😒,0.41,1142
😠😠😠,0.42,1143
Maroc Telecom,0.48,1144
"Ils ne l'ont pas encore ouvert, il est 3h31 et ils ne l'ont toujours pas ouvert.",-0.41,1145
décent,-0.67,1146
Bien,0.75,1147
Restaurant réputé,0.61,1148
Envoyer,0.54,1149
Zwin,0.59,1150
N1,0.51,1151
L'agence Maroc Telecom se trouve à proximité de l'agence indépendante de distribution d'eau et d'électricité et du tajine.,0.45,1152
Un manque de respect flagrant et arrogant envers le client,-0.92,1153
"une seule personne pour recevoir tt le monde le 03 du mois, c médiocre de la part du 1er operateur national",0.44,1154
Semaine dernière on m'a annoncé 48h max pour installer une box ADSL. Ça fait 1 semaine que je fais des allers retours en agence pour connaître la date de passage du technicien mais rien !,0.43,1155
"service client nuuul de chez nul,  cela fait une semaine qu'on me fait attendre l'installation ADSL sous pretexte que les cables ne sont pas dispo.  Aucune réponse sur les numéros de tel , Bref il faut penser à changer cette stratégie  sinon vous n'êtes pas le seul opérateur télécom au Maroc.",-0.6,1156
Vraiment le vendeur dens la reception et n est pas honnete il fait de l harnaque  jai payer pour avoir 12 mg et dans le contrat et il ma fait 4 mg . Demain il va voir,-0.52,1157
"Toutes les agences ne travaillent pas le weekend et sur internet vous mettez qu'ils sont disponibles de 8h a 13h . Merci de modifier l'horaire",0.0,1158
Bon accueil et bon service. Le chargé de clientèle est très aimable (le monsieur installé dans un bureau),0.98,1159
Bonne reception.  Bonne écoute du client. Personnel compétent.,0.99,1160
Service lent et personnel peut attentif à la clientèle.,0.55,1161
Agence d'agencement des clients voulant régler leur facture uniquement par chèque,-0.39,1162
Mauvaise service,0.55,1163
👍🏼,0.42,1164
Bons services mais pas très communicatif,0.5,1165
Bon accueil et problème résolu rapidement.,0.92,1166
Agence pourri dans le sens propre,0.49,1167
Bon service et acceuil,0.95,1168
Bon accueil,0.95,1169
Bien,0.75,1170
Génial agence,0.58,1171
"Ma connexion internet est coupée depuis un mois. J'ai beau les appeler, ils me disent systématiquement qu'ils interviendront sous 48 heures. C'est la même chose tous les mois, alors que la coupure n'a lieu qu'une fois par mois. Quand je les",-0.51,1172
"J'ai souscrit un abonnement fibre optique chez Maroc Telecom il y a deux mois, mais ils ne m'ont pas fourni le service téléphonique. J'ai essayé de les contacter par tous les moyens possibles, mais en vain. Le centre d'assistance m'a",0.0,1173
"À Pant Lik, une de nos sœurs est un peu forte, tout comme Anili, c'est pour ça que tu viens, alors ne perds pas ton temps.",0.45,1174
L'agence la plus lente du Maghreb,0.46,1175
Il a été achevé,0.56,1176
D'accord,0.56,1177
Service excellent,0.96,1178
Agence vide...attente très longue..banquettes inconfortable...pas terrible le service..j ai demander un répéteur pour la fibre..Un technicien est passé 9 minutes : résultats ca ne fonctionne pas..le technicien n a même pas pris de temps de vérifié..devant la médiocrité j ai renoncer a demander quoi que ce soit...,-0.62,1179
"Le service est très lent, il faut penser à augmenter le nombre des agents. Il y'avait une seule, alors qu'en attente il y'avait presque 13 clients.",-0.53,1180
"Une agence de clientèle d'une entreprise privée avec des clients sans aucun agents au comptoir! Ah si, l'agent de sécurité pour faire patienter les nouveaux venus. Entre 13h et 14h30 profitez de la mer juste en face. Une situation drôle et triste à la fois !",-0.83,1181
"06/04/2023 vers 15h L’agent de sécurité était le seul qui m’a bien traité à l’entrée et m’a dit exactement où je devais aller au bureau du chef de l’agence, ce dernier n’a même pas",0.36,1182
Un personnel qui n'est pas accueillant. Un service lent surtout il faut appeler le service client et des commandes qui n'arrivent pas....c'est décevant,-0.75,1183
"Hmd allah ...agents bien formés  mais je pense qu,il serait préférable de revoir l,effectif car pour une simple opération tu passes bcp de temps (fil d,attente .+ longue.....60 personnes)",0.59,1184
birn recu service impeccable sauf le service des derangement cela fait une semaine que j ai sagnaler le derangement de mon telephone et j usqu a present je n ai vue personne,-0.63,1185
"Mauvais accueil toujours pleine, il y'a 2 personnel de charge clientèle et tu trouves 30 personne attendre son rôle",0.77,1186
"Lenteur des services, et ne répond pas aux appels téléphoniques",0.0,1187
Mauvais service.pas mal de client pour un ou deux ouvrières,0.63,1188
Plein de gentillesse et surtout un plaisir de partager les rires qui parfois surgissaient du fait de mon ignorance passagère,-0.69,1189
"Bon accueil, service efficace et rapide.",0.98,1190
Il n ya pas assez d agents pour ne pas laisser les gens attendre,0.0,1191
Pire agence du Maroc,0.45,1192
Pas très efficaces mais sympa,0.58,1193
Y a pas de services mauvaise agence,-0.57,1194
Service médiocre,0.66,1195
Ici se trouve une agence de Maroc Télécom,0.44,1196
Agence Maroc Telecom nabeul Bon service,0.78,1197
Sérieux. Personnel compétant.,-0.51,1198
Trop long et inacceptable  de repondre,0.42,1199
Mauvaise réception et service.,0.53,1200
Bon service,0.92,1201
Satisfait,0.89,1202
Tt,0.4,1203
"Le pire service client que j'aie jamais vu ! J'attends l'installation de ma connexion internet depuis 10 jours. La première fois que le technicien est venu, il est reparti au bout de 10 minutes en disant qu'il reviendrait le lendemain.",-0.73,1204
"Service excellent ! Ils ont été d'une aide précieuse à chaque étape. Même sans parler français, ils ont su m'expliquer les choses clairement. Le personnel est tout simplement exceptionnel.",0.87,1205
Le travail n'est pas très sérieux !,0.0,1206
Le service était bon et plutôt moderne.,0.93,1207
Bon service,0.92,1208
Service client médiocre,0.62,1209
"Agence Maroc Telecom, rue Nabeul",0.46,1210
Bon traitement,0.86,1211
Service au niveau,0.67,1212
Endroit convivial,0.64,1213
👍,0.42,1214
"Personne ne répond au téléphone, même si c'est samedi et que les bureaux ferment à 13h.",0.0,1215
"J’ai eu aujourd’hui une mauvaise expérience avec un agent d’IAM posté à l’entrée de l’agence, dont le comportement était inapproprié et peu respectueux. Son attitude ne reflète pas l’image d’une grande entreprise comme Maroc Telecom.",-0.91,1216
Je voulais résilier mon abonnement pour raison d’émigration. La dame a refusé ma demande et m’a jeté un grand mensonge que les résiliations se font uniquement en début de mois.,-0.7,1217
Cela fait une semaine que j'attends l'activation de la fibre sans aucun retour.,0.51,1218
"C'est à la fois grave et triste de constater la désinvolture manifeste du personnel, le client doit revenir plusieurs fois pour acheter un pack parce que untel n'est ni disponible ni disposé! Ceci ne représente en rien les valeurs de",-0.94,1219
Les informations sont fausses. L'agence ferme à 13h30 le samedi.,-0.81,1220
Service rapide,0.73,1221
S'il vous plaît le numéro que vous mettez ici est le mien.. Quelqu'un peut m'aider à le supprimer d'ici.. Merci bcp,-0.44,1222
"Bonne agence, sérieux. Dommage le manque de personnel ...",0.84,1223
Très bonne journée été passée,0.94,1224
c'est quoi votre numéro de service pour appeler et merci.,0.44,1225
Le personnel n'est pas accueillant,-0.58,1226
C'est une agence de Maroc Télécom,0.44,1227
Personnel non courtois,0.0,1228
J'adore,0.76,1229
Rien d extra,0.53,1230
Un service impeccable,0.45,1231
bon service,0.96,1232
Mauvais service,0.57,1233
Chez le leader,0.57,1234
Service nulle,-0.48,1235
Mauvais service,0.57,1236
Mauvais service,0.57,1237
"Tres bon service et merci à l’agent le charme Mr pour son aide et sa disponibilité. Cependant, il faudrait recruter davantage d’agents, car l’agence est grande, un ou deux agents ne peuvent pas satisfaire tous les clients, surtout qu’elle couvre une large zone, notamment El Jadida et Sidi Bouzid et moulay abdellah.",0.65,1238
"Les filles qui y travaillent sont incroyablement arrogantes, leur travail est pénible et elles crachent beaucoup.",-0.94,1239
"Mauvais traitement et manque d'information. Si vous n'aimez pas son travail, allez voir ailleurs. Bon traitement. Nous sommes clients et nous voulons être traités avec respect.",-0.47,1240
"Service déplorable, personne n'est là et j'ai attendu trop longtemps.",-0.78,1241
"Le personnel est injoignable et ne répond pas aux appels.  Nous espérons que le propriétaire de l'agence surveillera le comportement des employés.",-0.71,1242
Le service client était déplorable... Nous espérons que la direction prendra cette affaire au sérieux...,-0.89,1243
Soyez prudent lors de votre abonnement. L'utilisateur a mal activé mon abonnement et m'a envoyé une facture avec plus de 100 dirhams en trop.,-0.77,1244
Leur service est excellent et leurs offres sont incroyables. Merci Maroc Telecom.,0.96,1245
"Mauvaise qualité de service, par rapport au coût élevé Mauvaise qualité de service comparée au coût élevé ضعفجودة الخدمات، فقط مع التقنية الباحذية",0.62,1246
Très mauvais traitement des clients d'après mon expérience personnelle.,-0.97,1247
"Les gens impolis ne vous font pas de mal, répondez-leur.",-0.53,1248
"Maroc Telecom, Etoile du Sud, Nouvelle Route Sidi Bouzid",0.5,1249
"Oui, vous êtes l'une des premières sociétés Maroc Telecom à El Jadida.",0.56,1250
Bureau des télécommunications du Maroc,0.47,1251
Mauvais services👎🏼👎🏼👎🏼,0.48,1252
Lm,0.41,1253
Bien,0.75,1254
entreprise de télécommunications mobiles et fixes,0.57,1255
Services médiocres,0.58,1256
Services médiocres,0.58,1257
"J'ai essayé d'appeler samedi, mais personne n'a répondu. Je ne comprends pas pourquoi ils sont ouverts.",0.0,1258
Les employés n'ont pas donné d'explications claires ; ils cherchaient juste à les endetter. Je vais voir le responsable car ils m'ont induit en erreur ; ils ne lui ont pas donné d'explications correctes. J'ai obtenu des informations auprès d'un autre organisme.,-0.62,1259
"Bon service, merci.",0.94,1260
Papapic est une chose qui,0.55,1261
Service dyal lkhra,0.49,1262
"La boutique est climatisée mais surtout très bien organisée. Contrairement à Inwi de taza.",0.5,1263
Très beau site acuil professionnel,0.95,1264
Assez bien marché,0.9,1265
Lamentable comme service,0.53,1266
Satisfait,0.89,1267
Service à améliorer,0.84,1268
Aqueillante,0.49,1269
"Tout est parfait, mais prévoyez du temps et de la patience car l'endroit est situé en plein centre et très fréquenté. Sinon, le personnel est très sympathique. 👍",0.37,1270
"C'est un bel immeuble avec un design génial, mais ses employés sont beaucoup moins aimables.",0.62,1271
Cool,0.91,1272
Un sce de qualité une équipe a l écoute merci sur tt le chef d agence,-0.72,1273
"Tu es bien servi dans cette agence, je l'aime bien",0.95,1274
Quartier bien les habitants aussi de même pour l'agence et surtout l'épicerie MIRHISS,0.92,1275
Très bon équipe,0.98,1276
Bon accueil,0.95,1277
Très bien accueilli,0.99,1278
Moyen,0.46,1279
Service clients,0.52,1280
Bon service et parking facile.,0.86,1281
"Hé, cette boutique ne fonctionne pas, Maroud Talkom",-0.47,1282
Bon service,0.92,1283
Pas professionnel,0.0,1284
Commission,0.47,1285
Bon service,0.92,1286
Personnel formidable,0.83,1287
Chfara,0.52,1288
bien,0.96,1289
bien,0.96,1290
Jamil,0.64,1291
fibre m9tou3 10j aucune reponse,0.0,1292
Meilleur choix pour l'investissement un emplacement ideal très demandé à la ville de settat.,0.96,1293
"service clientèle et suivi technique nul, un mois que je réclame une intervention à domicile pour ma connexion internet et toujours rien (4 aller-retour en agence)...bonjour l'image",0.53,1294
Des agents serviables et souriants.. j'ai bien apprécié ma visite et leurs services,0.86,1295
C'est un bon endroit 💪💪,0.97,1296
Le service est bon,0.97,1297
Bon service,0.92,1298
Directeur serviable,0.66,1299
Maroc Télécom,0.47,1300
Il n'existe pas d'entreprise de télécommunications réputée au Maroc.,0.0,1301
"Service client absolument nul. Le Wi-Fi a été coupé pendant trois semaines et, lorsque nous sommes allés nous plaindre, on nous a répété à plusieurs reprises qu'ils enverraient des techniciens après 48 heures. Or, ils n'arrivaient qu'après",-0.64,1302
"Une semaine sans internet malgré plus de dix plaintes, et personne n'a levé le petit doigt.",-0.62,1303
"C'est l'une des pires expériences que j'aie jamais vécues. Le service est déplorable. Ma connexion internet est coupée depuis deux semaines et personne ne répond. Ils mentent sans cesse. Malheureusement, tout le monde se plaint maintenant.",-0.95,1304
Vous devrez attendre longtemps. Je vous recommande d'y aller tôt le matin.,-0.4,1305
Personnel agréable. Installation de la fibre optique coûteuse.,0.65,1306
Recharge de données en libre-service,0.57,1307
Maintenant,0.64,1308
merde,-0.5,1309
Pionnier dans le domaine des communications et des technologies sans fil,0.72,1310
"Vous avez délibérément coupé la ligne ADSL à plusieurs reprises et pendant de longues périodes afin d'inciter les clients à souscrire à la fibre optique, très onéreuse par rapport aux pays voisins. Ce sont des agissements malveillants et sournois que seuls les professionnels de l'informatique peuvent comprendre.",-0.82,1311
mauvais service 14j pour transfert internet,-0.92,1312
Une agence moderne qui contient tout ce que le client désire en termes de nouvelles technologies avec une plate-forme pour tester la vitesse de la fibre optique ainsi que la TV sur ADSL,-0.63,1313
Comme toutes les agences Maroc Télécom bon service,0.89,1314
Bonne experience les agents sont serviables,0.96,1315
mauvaise connexion,-0.92,1316
"Mauvais service, les agents sont toujours mal a l’aise ils t’accueillent que pendant l’achat de l’abonnement et après quand t’aura des problèmes ils sont fous de toi, mauvaise entreprise, mauvaise expérience, service clientèle zéro!!!",-0.98,1317
Mauvais service Je ne sais pas sur quels critères ils se basent pour sélectionner ces employés,-0.36,1318
Très mauvais service dans cette agence,-0.97,1319
Mochkila dyal service hta y3dbok avait twsl dak chi lay bghi,0.4,1320
Service très appréciable.,0.52,1321
"Très mauvais service, ils ont mon argent depuis deux mois et j'attends toujours qu'il soit rendu.",-0.97,1322
"Service déplorable, employés désagréables, je cesserai d'utiliser leurs services.",-0.88,1323
Service médiocre,0.66,1324
"Aucune carte n'a été débitée, mais ils sont vraiment très gentils ❤️ et m'ont tout expliqué - des gens formidables 👌",-0.65,1325
"Comment est-il possible qu'une demande de changement d'adresse soit retardée de plus de dix jours ? Comment peut-on bafouer à ce point les intérêts des citoyens ? Que Dieu me vienne en aide, car Il est le meilleur pour gérer les affaires.",0.45,1326
Bon accueil et efficacité. Pas trop d'attente,0.92,1327
Les services de cette agence sont bons,0.96,1328
"Assez bon service,sans plus Bonne situation géographique et mobilier futuriste rien à voir avec le niveau du Personnel commercial devenu d'humeur détestable",0.79,1329
"CATASTROPHIQUE !!! Jamais vu une entreprise avec un service clients aussi inconscient ! Ils sont pire que les employés des administrations publiques! Aucune responsabilité, des problèmes à gogo, pas de solutions aux problèmes, et travail non réalisé!",-0.94,1330
Scandaleux. ..plus d 2 heures d attente et j ai du partir sans obtenir le service . d autres ont abandonnés comme moi......impensable....une honte,-0.87,1331
Une vrai catastrophe le service entreprise.. aucune écoute pour le client et aucune solution proposée aux problèmes. C est une honte d'avoir des commerciaux de ce calibre!!!!!,-0.94,1332
Scandaleux. ...pas de personnel...plus d une heure d attente et j ai du partir sans obtenir le service de dépôt de mes règlements.....d autres ont abandonnés comme moi......impensable....une honte,-0.83,1333
Mauvaise qualité,0.64,1334
"Excellente, Merci pour le chaleureux accueil de toutes les filles qui travaillent dans ce Centre Dédié aux Entreprises",0.99,1335
Belle agence,0.84,1336
Un lieu  pour être  servi  il faut  attendre  une  demi-heure Ce lieu mieux  pour les jours  de  ramadan Pour passer  le temps,0.65,1337
Pas mal,0.41,1338
Personnel à l’accueil rapide et efficace.,0.92,1339
Tres joli cadre avec parking.,0.46,1340
Cherchent par tous les moyens à ne pas traiter votre demande,-0.59,1341
Propositions de solutions de téléphonie et hébergement des données des entreprises,0.49,1342
Tres bon service,0.94,1343
Des personnes serviabiles et efficaces,0.82,1344
Très bonne services,0.96,1345
Mauvais traitement du client,0.47,1346
Agréable site,0.56,1347
Toujours satisfaite !,0.93,1348
Ambience agréable,0.66,1349
Parking garanti,0.66,1350
A amélioré,0.56,1351
Travail,0.57,1352
"Franchement, expérience très décevante chez Maroc Telecom. Il y avait deux agents présents, mais aucun ne travaillait ni ne prenait en charge les clients. L’attente était inutilement longue et le service laisse vraiment à désirer. C’est inacceptable pour une entreprise de cette taille.",-0.86,1353
"L'emplacement est idéal, très spacieux et magnifique, mais je n'ai trouvé qu'un seul employé pour répondre au téléphone d'un client.",0.37,1354
"Une agence commerciale de Maroc Telecom, spécialisée dans les services aux entreprises, emploie une majorité de personnes qui ont recours à la tromperie et au mensonge pour conclure des affaires avec les clients. Ne vous fiez pas à leurs dires, car vous risquez d'en payer le prix fort.",-0.64,1355
"𝐖𝐎𝐑𝐒𝐓 𝐂𝐔𝐒𝐓𝐎𝐌𝐄𝐑 𝐒𝐄𝐑𝐕𝐈𝐂𝐄 𝐈 𝐇𝐀𝐕𝐄 𝐄𝐕𝐄𝐑 𝐄𝐗𝐏𝐄𝐑𝐈𝐄𝐍𝐂𝐄𝐃!! Si je peux faire quelque chose sans rien faire, je le ferai.",-0.65,1356
"La meilleure agence avec laquelle j'ai travaillé jusqu'à présent, comparée aux autres.",0.92,1357
La pire expérience client de ma vie. Il a fallu 96 heures et plus de 25 appels téléphoniques pour que ma connexion internet soit réparée.,-0.79,1358
"Une excellente entreprise de télécommunications pour commander internet, des cartes SIM et tous les services liés aux communications.",0.98,1359
"Oui, c'est Maroc Telecom, l'un des services",0.59,1360
Service impeccable,0.5,1361
Magnifique design intérieur,0.83,1362
Vendeur peu accueillant,0.8,1363
Attention lentilles.,0.47,1364
Bon service,0.92,1365
😍,0.42,1366
Haut,0.44,1367
bien,0.96,1368
Efficace,0.49,1369
"Incapables de fournir une e-sim, ou une sim normale même... Déjà qu'il fait chaud, j'arrive pour activer une e-sim on me dit qu'il faut que j'achète une sim physique et SWITCH? (en 2025?,ok). En plus du fait que ce soit",-0.55,1370
Service impeccable et très bon acceuil de la part de Monsieur Louati,0.95,1371
"Agence Maroc Télécom pour régler les factures de téléphone, faire des abonnements etc....",0.42,1372
"Agence pour l'abonnement aux réseaux IAM, que ce soit le téléphone fixe, mobile ou l'internet.",0.4,1373
Un service d'abonnement de télécommunication estimé technologique et d'intérêt...,0.68,1374
Bonnservices des employés sont adorables,0.83,1375
Agent Douaa bien accueille,0.85,1376
Maroc,0.47,1377
"Agence du progrès, rue Hamman Al-Fatwaki",0.56,1378
Ils sont bien 😊,0.97,1379
Bon service,0.92,1380
Service rapide.,0.74,1381
Si je pouvais mettre 0 étoiles je l'aurais fait.  L'agence est nulle à tous les niveaux.  Cette agence doit être supprimée ou annexée à une autre agence. Service nul,-0.66,1382
Personnel gentil! Surtout mme Fatimazahra Merci,0.88,1383
"Je suis vraiment déçu par le personnel de cette agence de téléphone. L'accueil était froid et peu professionnel, et les conseillers semblaient plus intéressés par leur propre travail que par l'aide à apporter aux clients. J'ai dû attendre",-0.93,1384
"Le  paiement des factures  n'est plus possible dans cette  agence, cette agence  où l'accueil est très agréable, le personnel est accueillant et à l'écoute des usagers, on peut renouveler, contracter un abonnement, modifier les  clauses du contrat,",0.51,1385
Maroc Telecom en général a une attitude qui n'est pas orienté client. Peut être s'en est trop demandé à l'opérateur historique de se mettre au diapason de la nouvelle ère orienté consommateurs?,-0.66,1386
"Très bon accueil, professionnalisme, et qualité de service.",0.99,1387
Ils pourraient être plus agréables,-0.48,1388
mauvais service,-0.85,1389
Ne répondent jamais.,0.0,1390
Moyen,0.46,1391
👎👎👎👎👎nulllll,0.42,1392
Très bon accueil,0.99,1393
"Un service client au top ! Je suis passé(e) à l'agence et ma demande a été traitée avec une grande rapidité. Je voudrais exprimer ma profonde gratitude à Madame Fatima. Son expertise, sa gentillesse et son sens de l'écoute font toute la différence. Merci pour ce service 5 étoiles !",0.96,1394
"Très belle agence, personnel professionnel et à l'écoute. Merci beaucoup pour votre aide précieuse, votre accueil irréprochable et votre efficacité. Super service client !",0.96,1395
"Je suis très satisfait(e) du service de cette agence Maroc Telecom. Un grand merci spécialement à Madame Fatima qui a été d'une gentillesse et d'une compétence remarquables. Elle prend vraiment le temps d'écouter, de bien expliquer et de",0.95,1396
"Excellente expérience au sein de cette agence Maroc Telecom. Le service est rapide et l'accueil est chaleureux. Je tiens à remercier tout particulièrement Madame Fatima pour son grand professionnalisme, son sourire et sa patience. Elle a su traiter ma demande avec beaucoup d'efficacité. Je recommande vivement",0.9,1397
Je tient à saluer le personnel de cette agence entete madame fatima . Une femme agreable et à l ecoute qui propose ses services at des conseils pertinent . Je me déplace de loin exclusivement pour cela.,-0.77,1398
ils gèrent mes lignes personnels et d'entreprises depuis 2008 rien a dire que applaudir leurs rigueur et leurs professionnalisme.. surtout un grand merci a mme Fatima el fouakhri.,-0.68,1399
Bonne réception au du conseiller mme Fatima et la directrice Mme Kawtar un service de professionnels merci pour tt le staf,0.94,1400
"Service de qualité, tout le staff de l'agence est très compétent et à l'écoute",0.89,1401
"Nous nous sommes fait arnaqué au ""faux"" guichet Maroc Telecom de l aéroport de Rabat en prenant une carte sim 20Go à 100 dirhams qu ils n ont pas activité et tout ce que m a dit la dame de cette agence qu on a été voir, c est que le guichet",-0.82,1402
"Toilettes très belles et propres, même avec du papier toilette et du désodorisant - mais pas publiques, donc il faut y aller en secret ou rapidement",0.63,1403
Service déplorable ! Et l'endroit n'est pas agréable.,-0.94,1404
Fournir les meilleurs services,0.95,1405
Service excellent,0.96,1406
Numéro de téléphone incorrect,-0.67,1407
Le pire fournisseur d'accès internet du pays,-0.61,1408
Dima top,0.86,1409
SERVICE TOP,0.71,1410
Excellent service,0.95,1411
"Le service dans cette agence Maroc Telecom est très lent. Il n’y a qu’un seul caissier, ce qui entraîne une attente excessivement longue pour les clients. L’organisation laisse clairement à désirer. De plus, le manque de respect envers les clients est inacceptable.",-0.87,1412
"Service trop lent dans cette agence Maroc Telecom. Il n’y a qu’un seul caissier, ce qui provoque une très longue attente pour les clients. L’organisation est à revoir.",-0.78,1413
"Depuis la mise en place du confinement, un seul guichet fonctionne sur quatre, certes avec une employée efficace mais attente considérable à l'extérieur sous le soleil source d'enervement parmi le public sans gestes barrière. Après plus de 100 jours est ce tolérable ?",-0.56,1414
"Le commercial (pas forcément un homme) a accueilli une cliente qui s'est présentée au guichet sans numéro, ça a pris 20 minutes puis il a plongé dans sa paperasse ( ou son facebook?) pendant 10 minutes et quand il a ďéclenché le truc qui",-0.42,1415
Service rapide et efficace merci M.zakaria,0.85,1416
Ça va.. J'ai effectué un abonnement mais a par à ment même l'agence souffre de problème de connexion. !?!?!,-0.72,1417
"Agence Maroc Telecom du quartier Nahda I de Rabat. Lieu pour régler ces factures, faire un abonnement etc....",0.52,1418
Tres grande agence pour la zone ce qui laise les gens de place y aller. Totalité de produits sont disponibles.,0.55,1419
Service nul. Après ma petite visite j'ai changé pour Inwi,0.0,1420
"Meilleur réseau wifi au maroc ,service de maintenance rapide  mais parfois sa déconne .",0.81,1421
"Agence Maroc Télécom pour le paiement des factures de téléphone, s'abonner aux réseaux téléphoniques, à l'internet et autres.....",-0.5,1422
"Service très null, agents incompétents...j'y retournerai jamais 😡😡😡",-0.68,1423
Accueil : + Service : + et rapide Bonne continuation,0.89,1424
C'est correct et l'emplacement est bien précise,0.39,1425
C'est dur avec certains gens,-0.63,1426
Virement c est un poste pour les Public,0.61,1427
Très professionnel et accueillant,0.94,1428
Pas mal,0.41,1429
C climatise et propre,0.52,1430
Agence commerciale de Maroc Télécom à Nahda1 de Rabat.,0.47,1431
Mauvaise Service client,0.51,1432
Meilleur réseau au maroc,0.88,1433
Bonne agence,0.94,1434
Bien !,0.94,1435
Simple et efficace..,0.79,1436
À l'écoute des clients,0.63,1437
Agreable service,0.64,1438
Nul,-0.4,1439
Beaucoups de négligences.,-0.45,1440
Arnaque,0.53,1441
Bon service,0.92,1442
Super,0.78,1443
Parfait,0.8,1444
👍,0.42,1445
👎👎👎👎👎,0.42,1446
Bien,0.75,1447
Nul,-0.4,1448
"Le processus est lent, mais ça va, et les informations sont utiles. La lenteur s'explique par le fait qu'ils prennent le temps nécessaire pour bien comprendre la situation et qu'ils font tout leur possible pour vous aider. Globalement, ils sont bons, sans être exceptionnels, mais je leur donnerais quand même la note de 5/5.",0.78,1449
"Je n'apprécie pas du tout cet endroit : le nombre d'employés est réduit et le paiement par carte bancaire n'est pas possible. Il y a toujours la queue et le service est lent. Si vous êtes pressé, il vaut mieux aller ailleurs que dans cette agence.",-0.51,1450
"Un bon siège social pour Maroc Telecom, offrant plusieurs services et bénéficiant d'un bon accueil de la part de ses employés.",0.98,1451
"Une agence réputée avec un personnel respectable, un service rapide et une équipe bien coordonnée.",0.96,1452
"Excellent, l'une des meilleures boutiques de téléphonie mobile.",0.98,1453
Le pire traitement de la part du personnel,-0.65,1454
Excellent,0.96,1455
Haut,0.44,1456
Utile,0.61,1457
Bien,0.75,1458
🤠😎,0.42,1459
👎👎👎👎👎,0.42,1460
Très bonne agence et commerciale super sympa rien à dire par rapport à d'autre agence de la même société  qui m'a fait perdre 15j d'intérêt mobile  juste pour un mauvais paramétrage  alors que cette agence en 2 mn ma réglée le problème,0.56,1461
Le Maroc on y passe la moitié de sa vie à attendre heureusement qu'on est en vacances. Sinon accueil correct.,-0.43,1462
Très très bon accueil et service. Je recommande Maroc Telecom.,0.98,1463
"Très mauvaise expérience avec cette succursale: autant que l’accueil est très médiocre voir inexistant, l’agent de sécurité qui te regarde de haut en parlant de toi aux employés orange comme si tu n’existais pas. Aucune information concrète",-0.98,1464
Ça sera la dernière fois où je partirai dans cette agence orange 2 mars. Quel accueil dégradant et qu'elle impolitesse Je suis cliente orange abonnée fibre optique et mobile.,-0.64,1465
La dame à l'accueil est impolie je l'ai salué elle n'a pas répondu et même pas levé sa tête,-0.66,1466
Sous-effectif criant. Accueil et Sav en dessous de la moyenne.,0.53,1467
3fois pour un changement de modem et enfin rien n’a été fait,-0.44,1468
Aucun respect pour le client dommage qu'il n'y ait oas de 0 étoiles. L'agent a été très désagréable envers ma mère et moi. Il n'a même pas pris la peine de nous expliquer quoi que ce soit. A la fin il nous tend la box sans même nous,-0.8,1469
"Terrible service client. J'ai un probleme au niveau de la fibre optique je suis alle ACHETER un routeur et non pas prendre un routeur gratuitement. La dame a la caisse EXPRESS etait tres malpolie, a refuse de me vendre un routeur pretextant",-0.89,1470
Bonne agence et bon accueil. Je recommande.,0.98,1471
"Manque de professionnalisme du conseiller. Il s'appelle Marouane. Il était agacé et parlait très mal. Si il n'aime pas son travail, il n'a qu'à laisser sa place à quelqu'un d'autre. En tout cas je ne viendrais plus jamais dans cette boutique tant qu'il y travaille.",-0.92,1472
"J'ai acheté des écouteurs sans fils chez eux, lors de mon dernier séjour au Maroc, et il s'est avéré que ses écouteurs étaient défectueux. Je les ai retournés en boutique, mais aucune prise en charge de la part du",-0.72,1473
Jy etas la dame la petite Dame nest pas serviable elle con'ait rien du service clt  mais jai pu faire ma demande en ligne avec le service client Bsr,-0.48,1474
Service après-vente null. Problème de fibre optique non résolu depuis plus de 2 semaines sans intervention technique.,-0.45,1475
agence plein de cafards vraiment une honte qui touche à la réputation de votre marque,-0.55,1476
La boutique de la honte ! Service client inexistant... Ne mérite aucune étoile !,0.49,1477
Expérience magnifique. Service au top. Chef de l’agence et l’équipe très professionnels. 👍,0.81,1478
Coupure wifi depuis plusieurs jours...sav déplorable,-0.75,1479
Ce fut à un grand plaisir de fréquenter cette boutique Bon service Bonne réception,0.86,1480
Une équipe de pro et manager à l'écoute et le commercial était sympa et souriant Merci,0.44,1481
Excellent service Une équipe souriante et très serviable,0.96,1482
Une agence de l'opérateur Meditel récemment converti en l'enseigne orange.dans cet agence j'ai apprécié le service donné par son chef d'agence qui est très serviable avec un sourire permanent.agence propre avec des services légèrement en agence Versus les deux autres opérateurs.souci de stationnement.,0.63,1483
Très bon service Les commerciale toujours la sourire,0.97,1484
Service trop lent. 45 mins d'attente pour payer une facture en fin de journée. Une seule fille pour gérer tout le monde.,0.44,1485
Mauvais service beaucoup de retard manque d'experience plus d'une heure pour payer une simple facture,-0.69,1486
"Excellent service, Ecoute active et résolution instantanée des petits soucis telecoms, je recommande vivement!",0.95,1487
Le service et les employés de ce lieu est vraiment super et sympa c'est mon magasin habituel.,0.91,1488
"Très bon accueil, équipe sympathique et souriante",0.99,1489
Un peu d'attente mais le vendeur m'a vraiment très bien conseillé et expliqué les choses,0.69,1490
"Personnels accueillant et à l'écoute, merci bcp",0.89,1491
"Belle équipe, dynamique,au service des consommateurs",0.95,1492
Excellent aceuille le responsable de l agence est une personne agréable est serviable,0.92,1493
Très bon et chaleureux accueil....service et attention à la clientèle de bon niveau....,0.98,1494
Pas mal juste une remarque 5 postes de travail une personne présente,0.43,1495
DAR BOX 349 dhs/mois à éviter : une catastrophe. Pas de connexion aux heures de pointes (9-23h00),-0.7,1496
Toute la société Orange nul nul nul et nuuuuul j'appelle le centre d'appel des mois et des mois sans avoir une seule réponse leur service est top nul,-0.64,1497
Excellent service. Représentant professionnel et à l'écoute de la clientèle.,0.98,1498
Bon service.un peu de sourire serait le bienvenu,0.97,1499
Service irréprochable. Temps d'attente normal,-0.62,1500
Manager aimable et serviable !!,0.92,1501
"Personnel ne maîtrise aucun process, vous fera perdre du temps",-0.47,1502
"La ligne téléphonique de cette agence est bloquée, en-cas de besoin.",-0.62,1503
Orange vous salue avec le pis d'une vache et vous fait ses adieux avec les cornes d'un bœuf,0.84,1504
Très bonne accueil,0.97,1505
Bien accueilli personnel sympathique,0.92,1506
"Nul, gestion anarchique, agence sous staffé",-0.72,1507
Trés bon service👑❤,0.93,1508
Très bon service.,0.98,1509
Prestation.. Equipe pro👍👍👍,0.65,1510
temps d'attente long,0.47,1511
Bon accueil,0.95,1512
Des commerciaux sympa,0.56,1513
un bon service,0.96,1514
Accueil adorable,0.81,1515
Bien,0.75,1516
Personnel soignant,0.42,1517
Bon service,0.92,1518
agence de proximité,0.55,1519
Aceuillante,0.52,1520
Bien,0.75,1521
"Mauvaise expérience,  la fille à l'accueil ne veut même pas faire son travail en dénonçant qu'ils peuvent m'aiderait et me répondait d'aller à une autre agence comme si j'ai rien à faire.",-0.43,1522
Bravo pour l’engagement de la dame au comptoir. Elle a su résoudre un problème vraiment difficile avec efficacité. Félicitations pour ses compétences.,0.91,1523
"Très mauvaise expérience. Le conseiller a manqué de transparence et n’a pas mentionné tous les frais, ce qui donne l’impression qu’ils sont volontairement cachés pour conclure la vente. Lorsque j’ai contacté le service à la clientèle, le",-0.96,1524
Je tiens à exprimer mon profond mécontentement concernant la qualité de service proposée par Orange Maroc.,0.43,1525
"Le bureau était vide à mon arrivée. Je n'ai pas pu changer mon adresse. On m'a dit d'appeler le centre d'appels, mais personne ne parle anglais. Je ne comprends pas pourquoi ils n'ont pas pu me recevoir en personne.",0.0,1526
Cinq étoiles en moins. Le personnel du centre manque de professionnalisme dans la communication.,0.43,1527
Magasin inutile !,-0.73,1528
Retards de service et indifférence envers le client,-0.64,1529
ça prend du temps avant que ce soit ton tour,0.42,1530
C'est bon,0.97,1531
"Orange, une agence commerciale de télécommunications au Maroc",0.56,1532
bon service,0.96,1533
"Je viens de sortir de l’agence flagship Orange qui se trouve au boulevard Masira, Rien à dire franchement j’ai été prise en Charge rapidement, Soufiane a été très professionnel très rapide Et a su m’expliquer très bien mon forfait. C’est grâce à des personnes comme ça que je préfère Orange aux autres opérateurs.",0.95,1534
"Je suis client chez Orange et je possède un numéro enregistré à mon nom. J’utilisais une eSIM, mais malheureusement le code eSIM a été perdu.",-0.75,1535
Agence principale vide 4 postes fantômes service express personne a son poste   on se demande à quoi sa sert une agence aussi grande avec si peut de conseiller ou de commerciaux . Et cela avant 17h . Par contre je donne 5 étoiles au personnes présentes dans l agence .👍,0.7,1536
"Je vous déconseille fortement de faire un contrat avec Orange. Plus qu’une semaine sans la fibre, franchement c’est honteux, personne ne vient faire les travaux nécessaire pour arranger et satisfaire leur clients ! Très peu professionnel ! Honteux !",-0.73,1537
Le pire service. Je ne conseille à personne de s'occuper d'eux. Je suis arrivé 20 minutes avant l'heure. Le gardien m'a renvoyé dans la rue. Ils ferment la porte vitrée avant l'heure. ils nous indiquent que nous sommes fermés. Sortez d'ici. Je suis venu payer les factures de téléphone et d'internet.,-0.68,1538
"2 fois j’ai envoyé des touristes prendre une puce pour une courte période, les deux fois il a été dit que le logiciel ramait et qu’ils allaient faire le nécessaires dans la foulée. Lorsque les deux clients sont partis ils ont reçus un",-0.67,1539
Servie tres tres long on a besoin de prendre un congé pour passer payer une facture il faut réagir face a ça si non a quoi sert une agence assez grande avec deux employés qui n’arrive pas à assumer,-0.54,1540
"Très mécontente du service, j'ai changé d'opérateur pour passer à la fibre Orange pour profiter de la vitesse de la fibre, et j'ai mal fait, je suis sans internet depuis 3 jours. Promesse d'installation au bout de 48h, on prend 72h pour",-0.81,1541
"J'ai mis 2 étoiles uniquement pour l'agence qui est très bien décorée avec de la place pour s'asseoir en attendant, toutefois la conseillère que j'ai eu n'a rien à faire dans un service clients on dirait qu'on la dérange à chaque question",0.54,1542
"Je recommande cette agence Orange, Yousra est une personne très compétente et attentive, elle saura répondre à vos besoins",0.82,1543
Tres mauvaise agence et tres mauvais directeur qui ne sait pas parler aux clients,-0.96,1544
"Je tiens à remercier l’équipe pour leur excellent service. Leur professionnalisme, leur créativité et leur réactivité ont dépassé mes attentes. Si vous cherchez une agence qui allie expertise et écoute, je les recommande vivement !",0.85,1545
"Un très bon accueil et service à l'agence Orange Flagship. Professionnel, précis, rigoureux. J'ai apprécié la très bonne qualité de service fournie dans cette agence par le conseiller Soufiane.",0.95,1546
"Service catastrophique. Dans cette agence, on ne fera rien pour trouver des solutions à vos problèmes (fibre optique en panne, et cela dit en en passant, évitez cet opérateur). Incompétence au plus haut point, une honte. A fuir.",-0.88,1547
je suis passé à l’agence pour demander des renseignements concernant la fibre optique. la conseillère m’a indiqué que mon adresse n’était pas “éligible” à,-0.47,1548
Je me suis présenté 2 fois à cette agence le service est d’une lenteur incroyable À l’entrée l’agent de sécurité te donne un numéro imprimé coupé d’une feuille,-0.51,1549
Notre expérience avec l'agent Soufiane a été excellente. Un grand merci à lui pour ses conseils et son service.,0.99,1550
Je me suis rendue à l'agence pour récupérer mon numéro de téléphone qui est avec abonnement suite à une perte de mon  téléphone ...ils ont refusé de me rendre mon numéro pour le Motif absence de numéro de téléphone sur le système et,-0.67,1551
C'était une bonne expérience avec commeciale Khadija elle était efficace et très à l'écoute je la remercie infiniment,0.94,1552
"Très bon service, l'agent Khadija est très serviable",0.97,1553
Très satisfaite du service. Efficace et efficient. Yousra est très bienveillante et aimable.,0.98,1554
Très serviable la conseillère khadija était très professionnelle et très serviable en tout très bon accueil et service,0.94,1555
"L équipe est professionnel , ma demande a été bien pris en charge je recommande 👌",0.76,1556
Très satisfait ! Un grand merci à votre agent Soufiane,0.95,1557
Excellent service Thanks soufiane pour ton aide et recommandation,0.98,1558
Très satisfait soufiane Agent commercial top👌,0.87,1559
"Une équipe de choc Professionel , serviable, disponible et toujours à l écoute",0.74,1560
Khadija la conseillère était très professionnelle,0.72,1561
Staff très à l’écoute et serviable 👏🏼,0.82,1562
Tres bonne service Tres bien accueilli,0.96,1563
Equipe très professionnel,0.62,1564
Mauvais service,0.57,1565
Service au Top,0.73,1566
"Service excellent 👍 J’ai installé la fibre et mon expérience est très satisfaisante. La connexion est rapide et stable, sans coupures. L’installation s’est bien passée et le personnel est professionnel. Franchement, très bon réseau, je recommande 👌",0.93,1567
"Service très professionnel, équipe accueillante et à l’écoute. Je recommande vivement !",0.88,1568
Accueil chaleureux et convivial. Le personnel est d'une extrême gentillesse et professionnalisme,0.53,1569
"Je me suis récemment rendu à la boutique Orange Smart Store située au 194 boulevard d’Anfa, à Casablanca, pour recharger notre routeur Wi-Fi D’jib. Malheureusement, le service client a été très décevant. Ma mère n’y est pas allée sans",-0.8,1570
Wifi adsl fe dare ma9to3 hadi simana ana mkhals les billures dyali kamlin ou netoma 9at3in 3lia la ligne wifi ach m'en haq 3ndkom t9at3oh ou service client zéro zéro zéro zéro zéro zéro zéro zéro zéro zéro zéro zéro zéro zéro,0.48,1571
La meilleure orange dans une ville pleine de professionnels du service client surmenés et épuisés.,0.89,1572
Des gens incompétents ! Un service catastrophique. À éviter.,-0.91,1573
Meilleure équipe,0.91,1574
"Très déçue par le comportement de ce conseiller clientèle : comportement irrespectueux, manque total de professionnalisme et absence complète d’écoute.",-0.97,1575
"Arriver, voir d'autres clients à l'intérieur, mais se faire refuser l'entrée juste parce qu'il était 18h30  et en plus avec un comportement impoli. Il n'y a rien de pire que de se sentir mal accueilli, surtout après s'être déplacée pour rien.",-0.78,1576
Orange seul opérateur ou tu peux pas faire d'abonnement fibre avec un passeport étranger catastrophique alors que orange c français mdr,-0.65,1577
Toujours fermé entre midi et deux... Nous sommes trois clients devant la porte à 14h. Pas d'horaires sur la porte. Les deux autres agences du quartier sont fermées aussi. Vous pourriez au moins aménager les horaires pour que l'une d'entre elles soit ouverte ! Mais non... Service zéro.,0.0,1578
"Certainement l'opérateur le plus voleur du bien sur accompagné d' une énorme malhonnêteté ( mais, en général ça va de pair ) recharge de 300 dirhams pour un roaming qui n'a jamais fonctionné et la réponse de mon interlocuteur et toute",-0.75,1579
Service nul .agente d accuiel n a aucune relation avec l accueil  ... j avais un propleme simple j ai perdu ma carte sim YOXO orange je suis partit a l agance orange cote wiliya de police twins centre casa l agente ma confirme que YOXO qui,0.0,1580
"Accueil chaleureux et professionnel, Excellent service après vente!!! Je recommande",0.93,1581
Très mauvais accueil! La vendeuse parle avec une amie au téléphone et ignore les clients... Publicité mensongère et frauduleuse de orange Maroc... des forfaits illimités,-0.99,1582
Non respect des horaires d ouvertures . Les gens attendaient tous devant . Un seul employé présent donc très grosse attente . C est décourageant,-0.8,1583
Service client zero ca fait plus d'un mois que j'ai commende ma ligne fibre et je n'ai toujour rien recu alors que je suis bien eligible a chaque fois que je les contacte on me dit que c'est pour bientot c'est du n'importe quoi absence total du professionnalisme Pire que maroc telecom,-0.38,1584
Un monsieur tres gentil qui prend le temps de bien vous renseigner... Super.,0.94,1585
une seule résolution aux problèmes = appelez le support. Ce dernier vous transfère d'un service à un autre.,0.57,1586
Serviabilité au top. Merci,0.95,1587
Bon accueil,0.95,1588
0 résolution aux problèmes,0.39,1589
"Service clientèle zero,",-0.43,1590
Parfaitement NUL,0.72,1591
Bien,0.75,1592
Manque de compétence,0.54,1593
Très bon service Personnel très accueillant,0.99,1594
Merci Anas pour le service !,0.95,1595
Très bon service. Merci Anas !,0.98,1596
J'ai reçu des messages contradictoires. Mais un préposé m'a aidé.,-0.75,1597
D'accord,0.56,1598
Surpopulation,0.43,1599
"Le service est déplorable, surtout quand c'est une employée qui travaille. Elle était vraiment désagréable et m'a simplement dit d'appeler le service client. Avant cela, j'attendais qu'elle termine sa conversation téléphonique. Une fois",-0.9,1600
"Nom de l'agent Orange : Nabil Bougharfaoui-rn08964  L'agent mentionné ci-dessus a commis une grave erreur, ou sa collègue. J'ai",-0.72,1601
"Je ne recommande pas cette agence. le 31/10/2025 a 15h Ils font travailler une seule personne pour gérer plusieurs clients à la fois,  ce qui montre un manque d’organisation et de respect pour les employés comme pour les clients. Une meilleure répartition du travail serait nécessaire pour offrir un service professionnel.",-0.76,1602
"Franchement, très mauvaise expérience à l’agence Orange de Birnazaran. Le vigile et la conseillère sont très malpolis et ne savent pas du tout comment traiter les clients. Aucun respect, aucun sourire, et un service vraiment médiocre. La direction devrait vraiment contrôler cette agence",-0.96,1603
"Arriver, voir d'autres clients à l'intérieur, mais se faire refuser l'entrée juste parce qu'il était 12h45  et en plus avec un comportement impoli. Il n'y a rien de pire que de se sentir mal accueilli, surtout après s'être déplacée pour rien et donner de fausses informations au client pour se libérer",-0.79,1604
"Très déçue du service chez Orange. Je n’ai rien à reprocher au gestionnaire, mais une seule personne gère tous les clients, ce qui crée des délais d’attente de plus d’une heure.",-0.91,1605
"À FUIR ! Une agence lamentable où le client n’a aucune valeur aux yeux des agents. Voilà plusieurs semaines que le wifi est coupé, sans aucune solution proposée,",-0.72,1606
"Apparemment ici, on ferme quand le personnel décide, pas selon les horaires affichés. La meuf très arrogante, voulait partir avant la fermeture. Bravo pour le service !",0.62,1607
"Service lamentable et catastrophique. Aucun effort de la part du personnel pour trouver une solution à un problème d’indisponibilité de la fibre optique depuis plusieurs jours. Pire encore, incohérence totale entre le discours du centre d’appels et celui des commerciaux surplace.",-0.87,1608
"J’étais moi et deux clients qui étaient avant moi, malheureusement une grande agence avec un seul agent qui est chauve et qui n’a pas arrêté de rigoler avec deux clientes pendant une heure alors qu’on est entrain d’attendre.",-0.86,1609
2 agents pour servir plusieurs clients c’est très lent En plus les gens ne respectent pas leur tour Il faut ajouter des agents sur cette agence au moins 4 ou 5,-0.53,1610
"FUIYEZ l’agence Orange Biranzarane. Le service y est d’une lenteur insupportable et le personnel, loin d’être professionnel, fait preuve d’un désintérêt total envers les clients.",-0.87,1611
"Je rentre à l'agence, je vais vers l'agent: Bonjour Mr est ce que je peux vous poser une question ?(Je voulais savoir si je pouvais faire une demande de resiliation sur place ou pas), il me regarde, m'ignore et change de place, incroyable",-0.59,1612
"Après un long périple pour une prestation particulière, j ai été enfin orientée vers l agence orange bir anzarane. L’équipe est tellement professionnelle et compétente que ma réclamation a été",0.64,1613
"Cet établissement devrait fermer pour avoir un personnel aussi peu éduqué irrespectueux. Il ne savent pas s’ils sont désagréables et tout le monde est d’accord avec moi. Ça fait plusieurs fois déjà que j’y suis allé, ils sont désagréables,",-0.78,1614
Sevice 0000000 1 personne pour une agence !!! Au lieu de faire un nouveau abonnement je vais résilier les autres.,0.63,1615
"bonjour, je suis passée à cet agence dernièrement pour faire une demande adsl. Déjà moi je rentre, je dis à la dame bonjour elle répond même pas mais pas que, quand je vais vers elle pour demander des informations d’avantage sur les offres",0.44,1616
"Première fois que j’y vais pour un abonnement Box internet. Service irréprochable, j’espère que cela durera dans le temps😊",-0.63,1617
"Siyda li kayna tema est super désagréable, service 0",-0.55,1618
"Anarchique. La vendeuse se laisse interrompre par n'importe qui sans se soucier des affaires en cours, créant ainsi une file d'attente interminable.",-0.77,1619
"Je suis très déçu par le service de l'agence . Pour un simple service, j'ai dû attendre une éternité",-0.92,1620
"Une agence de télécommunications , aucun numero de contact , pour une incompétence ou une info il faut s’y rendre ,",0.0,1621
Nous avons pris 5 forfaits la commerciale a été très agréable. Elle a été à l'écoute patiente et professionnelle . Merci beaucoup je vous recommande 👍🏻👍🏻,0.93,1622
"Une catastrophe , on doit patienter pendant une trentaine de minutes  alors que les agents plaisantent entre eux pour enfin nous dire que le système ne fonctionnent pas .",-0.89,1623
"Satisfait, transfert rapide (moins de 24h) de la fibre vers la nouvelle adresse",0.69,1624
NUL,0.46,1625
Commercial irrespectueux et impoli qui donne une mauvaise image de la société Orange que je respecte,-0.97,1626
Service nul et long,-0.34,1627
Meilleurs commercial,0.95,1628
Serviable,0.69,1629
"Je ne recommande pas cette agence. Le responsable boutique ne respecte pas ces collègues, en plus il refuse d'accueillir les clients.",-0.49,1630
Bonjour J'ai été surprise par l'accueil chaleureux de l'équipe de l'agence Biranzarane tout particulièrement Ssi Reda pour son accueil et sens du service. Merci encore à toute l'équipe et à très bientôt. Sanaa,0.95,1631
La pire agence de l’histoire des telecoms au monde. Si y avait 0 étoiles j’aurais cliqué,-0.72,1632
"Très déçu du service de cette agence.  Pour être tout à fait honnête, je ne pense même pas qu'une étoile soit méritée. J'ai dû attendre près de deux heures et il n'y avait qu'une seule personne au guichet.",-0.94,1633
"Personnel très courtois et serviable, notamment Nada et le monsieur dont j'ai oublié le nom, sans oublier l'agent de sécurité, lui aussi très serviable. Certes, il faut patienter, mais c'est la vie en ville.",0.41,1634
"Bonjour, je tiens à vous informer que, selon moi, l'agence Biranzaran est l'une des pires de Casablanca. Les clients doivent patienter longuement et un seul agent est disponible. Améliorez votre service ou fermez définitivement l'agence.",-0.46,1635
"Une seule étoile, c'est déjà beaucoup. Service client déplorable. Impossible de joindre qui que ce soit. Les problèmes persistent malgré d'innombrables appels. Personne ne semble savoir ce qu'il fait. De plus, pour ce magasin, le numéro de",-0.73,1636
"Produit et service déplorables. Le combo parfait ! Je ne recommande ni ce magasin ni cet opérateur. Nous avons acheté une eSIM qui ne fonctionne pas. Nous sommes retournés au magasin pour acheter une carte SIM, et elle ne fonctionnait pas",-0.69,1637
"Endroit agréable et propre.  Conseiller poli parlant anglais. Il nous a aidés avec la carte SIM, notre",0.66,1638
"Je paie 649 dirhams par mois et ils m'ont fourni un routeur défectueux qui redémarre aléatoirement presque toutes les heures. Quand j'ai demandé à le changer, ils ont répondu : « Nous sommes en rupture de stock. »",-0.81,1639
Ce magasin est une véritable arnaque ! À éviter absolument ! Service client déplorable : les gens font la queue pendant des heures et les employés s’en fichent complètement,-0.97,1640
"Des heures d'attente à chaque fois, embauchez du personnel !",0.62,1641
"Boutique Orange Telecom, proposant des services de téléphonie mobile, d'internet sans fil et par fibre optique. La boutique est située rue Bir Anzarane, au rez-de-chaussée de la Résidence",0.47,1642
"Ce magasin est une véritable abomination. Quelle honte ! Je parle d'Orange en général au Maroc, mais qui sait où faire part de ce genre de commentaires ? Impossible de les contacter.",-0.71,1643
"Des employés qui semblent obligés d'être là, un service client médiocre et une attitude déplorable.",-0.9,1644
J'ai attendu longtemps juste pour acheter du crédit. Un homme atypique.,0.52,1645
Mon service,0.61,1646
Excellent,0.96,1647
service clinique,0.5,1648
"Je déconseille ce lieu quelque soit sa nomination. Clima nerveux dedans, les conseillers ne connaissent même pas leurs catalogues produits et des erreurs de saisie... Seul point positif, c'est une file d'attente gérée par le gars de sécurité. A améliorer",-0.49,1649
"Excellente expérience à l'agence Orange bd Anfa ⭐⭐⭐⭐⭐  Le personnel est très professionnel, accueillant et à l’écoute. J’ai été",0.98,1650
"Je suis très satisfait du service de cette boutique Orange. L'équipe est professionnelle, réactive et à l'écoute. Ma demande a été traitée rapidement et efficacement. Un grand merci a Mr Ayoub. Je recommande.",0.9,1651
J'étais accueilli par M Ayoub; Il a pris le temps de m'expliquer les offres et les opportunités Orange fibre optique.,0.81,1652
"Je suis passé chez Orange Anfa pour un échange d’eSIM. Le conseiller au milieu était vraiment sympa, patient et très poli. Tout s’est bien passé, service professionnel et agréable.",-0.46,1653
"Excellente expérience à l'agence Orange bd Anfa surtt avec l agent comercial Mr Ayoub ,une communication transparente 👍",0.92,1654
L agent de sécurité Il joue au téléphone Les commerciaux sort un après l autre à 14h00,0.47,1655
Je tien a remercier Mr ayoub. Pour son pour son professionalism grand merci anfaa pour ce service,0.74,1656
"Super expérience à l’agence Orange Anfa ! Un grand merci à Mohcine pour son professionnalisme, son écoute et sa patience. Il a su répondre à toutes mes questions avec clarté. Service au top !",0.97,1657
Pour moi Mr ayoub zouhairi et un ami par un commercial orange grand bravo,0.96,1658
"Avertissement abonnement, ne prenez en aucun cas l’abonnement orange tout illimité à 500 dh. Grosse arnaque il n’y a pas d’accès illimité ! Et personnes ne répond au service réclamation.",-0.59,1659
Très mauvaise expérience avec Orange. Ma ligne ne fonctionne plus depuis plus de 2 jours et personne n’a rien fait pour régler le problème ! J’ai fait plusieurs réclamations et rien n’a changé !,-0.96,1660
Service de qualité je recommande !!,0.9,1661
"Bonjour En constatant que le debit de mon Dar Box est devenu trop faible, j'ai appelé le service relation client, qui m'informe que cest normal les conditions de mon",-0.59,1662
Je paie pour 12 Mbps Darbox et j'en reçois au max 2 pendant les beaux jours. Aucune réclamation n'a abouti. Toujours rien. La wifi ne me sert pratiquement à rien. Je ferai un constat technique via une agence spécialisée et je porterai,0.0,1663
Jamais une société aussi nulle 20 jours dattente toujours pas installé de plus destruction de votre appartement car il ne trouve plus le passage et ensuite plus personne ne vous reponds au téléphone fortement déconseillé.,-0.72,1664
Top Acceuil et service,0.73,1665
Plus d'une heure d'attente C'est nuuulll,-0.52,1666
"Excellent accueil, commerciaux très respectueux et professionnels.",0.99,1667
J'apprécie bien le lieu de plus ils font les offrent de téléphonie mobile,0.95,1668
Les caissiè entrain de rigoler à l'intérieur cependant des clients qui attend furieux 😡😡😡 manque de professionnalisme,-0.87,1669
Une bande d’escrocs qui ne respectent pas les contrats attention les potentiel clients Orange ne respecte pas les contrats,-0.65,1670
Veuillez changer votre numéro de téléphone,0.46,1671
Satisfait,0.89,1672
"bonne agence , personnel a l’écoute",0.95,1673
Toujours un problème de système c'est honteux,-0.68,1674
Il faut avoir les numéros téléphoniques des agences,-0.44,1675
Méditel qui est devenue Orange en 2017,0.6,1676
Lieu de paiement de factures,0.52,1677
Bien,0.75,1678
Bon,0.91,1679
Réclamation,-0.56,1680
Opérateur de qualité,0.8,1681
🥳🥳,0.42,1682
Très moderne genre startup et service très professionnel,0.81,1683
Bien,0.75,1684
Bien,0.75,1685
Services non liés. Je suis venu vous voir pour activer une carte internationale. Je suis arrivé en Turquie et elle n'a pas fonctionné. J'ai dû acheter une nouvelle carte pour 400 dirhams.,0.0,1686
L'un de nos frères là-bas a l'impression d'être traité comme un moins que rien.,0.48,1687
"Longue attente, une seule personne au travail. Plus de dix personnes attendent.",-0.49,1688
"Guéliz, Marrakech  🐢🐢🐢 Centre-ville et connexion lente Dar-box",0.61,1689
"Orange est très bien, c'est très bon marché et l'internet est à très haut débit avec une bonne qualité d'appel.",0.98,1690
"Le personnel est incompétent, indiscipliné et ne se soucie pas des autres.",-0.42,1691
Une bonne entreprise uniquement en zone urbaine,0.85,1692
Meilleure entreprise de télécommunications au Maroc.,0.93,1693
Service client déplorable,-0.76,1694
Entreprise de télécommunications au Maroc,0.62,1695
Kolchi mzn,0.4,1696
Merci beaucoup,0.92,1697
D'accord,0.56,1698
Correct,0.5,1699
Personnel agréable et serviable. Le système de file d'attente est efficace. Réponses rapides aux questions.,0.86,1700
"Très bon service, Chargés clientèles sympas, patients et répondent à toutes questions.",0.97,1701
Service à la clientèle au niveau requis .surtout Mr Ahmed merci beaucoup chef,0.65,1702
Très bon service des agents très compétents.,0.98,1703
Mzn hed l agence,0.45,1704
Agence formidable,0.8,1705
👏👏👏,0.42,1706
Je l'ai trouvé fermé et vous avez écrit « Combien de temps cela va-t-il prendre ? » et maintenant il est 14h21 et le magasin est fermé.,-0.6,1707
Un témoignage de la gentillesse de l'utilisateur et de son excellent service.,0.91,1708
Je l'ai trouvé fermé et vous avez écrit « combien de temps cela va-t-il prendre ? » et maintenant il est 13h40 et le magasin est fermé.,-0.61,1709
"Très bien, bon réseau, c'est la meilleure entreprise.",0.99,1710
"Le service de l'agence est bon et propre, surtout celui de M. Ahmed.",0.97,1711
Agence Vallevel  Nous conseillons aux gens de s'y rendre.,0.53,1712
"Que Dieu vous bénisse, mes enfants",0.62,1713
La qualité du service était très bonne et le travail bien réalisé la fille à l’accueil a fait preuve de professionnalisme avec un très bon sens de l’accueil et un comportement agréable.🧡🧡,0.97,1714
"Good service 👍🏻👍🏻👍🏻👍🏻 J’ai travaillé avec une fille Travail propre et professionnel, bonne organisation et comportement correct et respectueux.",0.97,1715
Très mauvais service!!! La commerciale a besoin de formation pour savoir comment traiter les clients!,-0.99,1716
Mouvais expérience Une fille dans l'accueil Pas professionnel Et le procédure de sav nulle,-0.4,1717
Très mauvais service on dirait qu'on est dans une administration de l'ère médiévale.,-0.98,1718
Je souhaite partager mon expérience concernant une interaction avec l’une de vos commerciales au sein de votre agence située au Boulevard Panoramique à Casablanca.,0.71,1719
Très bon service je recommande,0.97,1720
Bon service et aimable personnel,0.96,1721
Très bon service,0.98,1722
"Très bon service, j’ai pris un abonnement pour ma fille, le commercial était très à l’écoute  la directrice est très serviable et accueillante..",0.97,1723
"Une équipe formidable à l'agence Orange ! Service rapide, efficace et toujours avec le sourire. Bravo au chef d'équipe",0.99,1724
"Personnels a la hauteur, bon service Chef d agence est très aimable",0.97,1725
Très bon service je recommande,0.97,1726
Un service de très haute qualité + des employés très agréables et aimables 10/10.,0.92,1727
Bon service. Staf serviable,0.94,1728
"Service au top:  équipe à l’écoute, efficace et rapide",0.95,1729
Très bonne service,0.96,1730
"Espace client très moyen, propose un bon service, fil d'attente moyen, personnel qualifié.",0.93,1731
"Merci reda , bon service",0.97,1732
"Personnel aimable, temps d'attente trop long, toujours des problemes de connexion au niveau du TPE, dans l'obligation de reporter le paiement à chaque fois",0.5,1733
Bon service,0.92,1734
Agence clean personnel aimable surtout madame sakina gentille et à l'écoute,0.73,1735
Localisation gps erroné,-0.52,1736
Merci à toute l équipe Bon service,0.97,1737
Service nul,-0.45,1738
Très bonne service,0.96,1739
Endroit stratégique pas loin du tram le service est excellent,0.92,1740
Bon service ⚡,0.92,1741
Pour moi il y a pas mieux que l'agence panoramique. Puisque j'habite  à côté.,-0.39,1742
Un travail professionnel dans tous les sens du terme,0.65,1743
Très bon service,0.98,1744
Bonne service,0.97,1745
Une très bonne agence,0.93,1746
Bonne travail,0.97,1747
"Bon acceulle, interessant",0.97,1748
C bon,0.83,1749
Bon service,0.92,1750
Très bon service,0.98,1751
Ça va,0.36,1752
Rien a dire,0.47,1753
C'est une agence inwi,-0.58,1754
Bon,0.91,1755
👍🏾,0.42,1756
Sans commentaire,0.0,1757
👍,0.42,1758
Client,0.44,1759
service top,0.72,1760
👍👍👍,0.42,1761
Chez Pedro,0.53,1762
bon service,0.96,1763
👍👍,0.42,1764
Réactivité,0.43,1765
Bon service 😍😍😍😍😍😍😍😍,0.92,1766
Bon service,0.92,1767
Bon servic,0.89,1768
Bon service,0.92,1769
Merci pour le service rien à dire,0.91,1770
Très bon service 👏🏻🖤,0.98,1771
Pas trop mal dans l ensemble le service client et réactive,0.48,1772
La qualité de l'agence réside dans ses employés. Ils ne lésinent pas sur les conseils adaptés à mes besoins. Merci Orange.,0.6,1773
"En entrant, j'ai trouvé l'agent de sécurité.  Une jeune femme était avec deux clientes venues acheter le même produit.",0.54,1774
Service excellent,0.96,1775
Bon service. Personnel sympathique.,0.97,1776
Merci pour les services de cette agence.,0.96,1777
Très bonne expérience,0.96,1778
Services excellents,0.97,1779
Le caissier fait du bon travail.,0.96,1780
Excellent service,0.95,1781
Services excellents,0.97,1782
Excellent,0.96,1783
Service déplorable 👎🏼👎🏼👎🏼👎🏼,-0.76,1784
Uriner dans les toilettes,0.43,1785
Bon,0.91,1786
Mezian bzaf,0.5,1787
"Meilleure agence, service rapide 👍👍",0.95,1788
Bon service,0.92,1789
"Excellent service de la part des consultants qui travaillent dur, que Dieu les bénisse.",0.94,1790
"Honnêtement, les relations d'affaires de l'agence sont excellentes. Merci pour le travail de votre personnel.",0.98,1791
Agence ouverte mais sans personnel !!! Il n’y a que l’agent de sécurité pour dire que l’équipe revient dans quelques temps je vous conseille de revenir .,-0.6,1792
Retard injustifié dans l’installation de la ligne ADSL : plus de 15 jours pour la première demande et déjà plus de 7 jours de retard pour la deuxième. Service très décevant et absence de respect des délais annoncés.,-0.85,1793
"Je tiens à remercier chaleureusement Mr Yassine pour la qualité de son accueil et de sa prise en charge. Malgré l'heure tardive de ma venue, il a fait preuve d'un grand professionnalisme, de patience et d'une remarquable amabilité.",0.83,1794
"Merci Zineb pour votre professionnalisme, votre gentillesse et votre accueil chaleureux. Toujours avec le sourire.",0.9,1795
"Très belle expérience, sympathie et grand professionnalisme. Je recommande",0.98,1796
Y’a une personne qui accueil les clients malgré la grande fille d’attente,0.83,1797
"L’accès à l’agence m’a été interdit par un agent de sécurité très mal poli car voulais rattacher mon vélo électrique à un garde corps en inox, propriété de l’immeuble. Tout le staff de l’âge me regardait sans cligner un œil. C’est scandaleux !!",-0.97,1798
Zineb est très agréable et souriante llsh yehfedha agence bvd al Quds,0.63,1799
"Je suis très satisfait de mon expérience. Le service client est impeccable, et l'équipe est toujours prête à aider avec un sourire. Un grand merci à M. Ayoub, qui a été particulièrement attentif et professionnel. Il a pris le temps de",0.7,1800
"Bel accueil et  M. Ayoub qui nous a fourni toutes les informations et proposé les services adéquats relatifs à notre besoin. Tout, jusqu'à la signature du contrat, s'est fait dans un temps rapide.",0.91,1801
"Un grand merci à Ayoub qui m’a été d’une aide précieuse. Il a fait preuve de professionnalisme et m’a conseillé pour trouver l’offre la mieux adaptée à mes besoin. Merci pour la rapidité, l’efficacité et l’accueil. Je recommande vivement",0.91,1802
Très bon service vraiment très satisfait. Personne à l écoute . Rapidité efficacité. Un grand merci a M Ayoub je ne regrette gère le fait de changer IAM pour orange,0.91,1803
Merci beaucoup yassine pour la proposition de orange Money 🙏🏻,0.85,1804
Trés bonne experience client avec le staff et plus precisement Mr.Ayoub avec qui j’ai eu le plaisir de traiter plusieurs demandes et qui a été a l’ecoute et trés professionel en tous points.,0.76,1805
Une gestion nulle. Un manager incompétent. Vente de cartes incompatibles avec materiel existant. Impossible de changer ou annuler le contrat. Ils vous font aller et venir sans régler le moindre problème. Personne n’a envie de travailler.  J’ai rarement vu un manque de professionnalisme aussi flagrant. A éviter à tout prix.,-0.84,1806
Je suis passé pour une l'installation de fibre. J'étais très satisfait a tous les niveaux Surtout auprès de Ayoub qui était top. En moin de 48h j'avais la fibre deja installée.,0.9,1807
"Pire service, mon routeur a été volé, l'agente qui m'a prise en charge dans l'agence m'a pris le routeur, ils m'ont demandé que je n'en avais plus besoin et que je devais le retourner alors que je l'avais acheté. Agence 896 Bd El Qods",-0.61,1808
"J’arrive 15min avant la fermeture affichée littéralement sur la porte  d’entrée, mais le rideau est à moitié fermé, je toque car nous sommes toujours dans l’horaire d’ouverture, sa réponse a été d’éteindre les lumières et de m’ignorer.",-0.71,1809
1 étoile est de trop pour la qualité d’accueil et d’écoute de cette agence. C’est une honte. Aucune solution trouvée a un problème mineur. Je vais résilier toutes mes lignes personnelles et professionnelles avec cet opérateur à cause de mon expérience pourrie dans cette agence.,0.62,1810
"service médiocre, la seul chose que vous pouvez faire sans probleme c est la souscription a une offre puis aprés commence un vrai calvaire avec le staff de cette agence et le centre de relation client, aucun probléme ne sera résolu et vous",0.35,1811
"Service null, a chaque fois que je passe a cette agence c'est pour y rester 1 heure, le temps d'attente est juste impossible et c'est toujours la faute du système.",-0.74,1812
Service client très lente,0.62,1813
"La pire expérience de toute ma vie . Le Mr de l accueil ( le gros brun ) est d une incompétence inouïe  j ai fait deux réclamations au niveau du service clientèles et aussi un mail envoyer au PDG , aux directeurs : commercial , RH marketing",-0.86,1814
Un staff incompétent dans cet agence. Il m’a fallu plusieurs déplacements pour me dire que ma demande ne sera pas prise en compte.,-0.74,1815
Je ne recommande pas orange Trop de publicité mais le service est mauvais Est ce que c est normal qu on vous livre,-0.78,1816
"Je remercie Mr ayoub pour le service, c'est très gentille et serviable",0.84,1817
"Service nul. Personnel insouciant, et ne réponds pas aux demandes du client. J’ai perdu mon temps dans cette agence et je suis sortie sans aucun service rendu.",-0.72,1818
"Merci beaucoup et Bravo Équipe Boutique Orange El Qods, surtout Mr Ayoub vraiment Très professionnelle, très à l'écoute .. je recommande fortement",0.96,1819
"service nul,nul ,nul. il fallait mettre une étoile pour vous racobter ça,  cette agence ne mérite même pas 0, pour un abonnement fibre optique on te donne un numéro d'un commercial , après 2 mois on vient installer un branchement jusqu'à",-0.5,1820
Très bon accueil et professionnalisme de M. Ayoub de l'agence Elqods.  Merci beaucoup M. Ayoub,0.97,1821
"Le service est trés nul,pensez a qualifier vos employé.  elle m a demander d aller a une autre agence pour payer parceque ils ont problem",-0.81,1822
Un tres bon service les conseillers sont accueillants et souriants merci encore une fois,0.96,1823
"Un staff incompétent et peut serviable,dommage que ce soit à l’encontre de l’effort que fait la compagnie pour améliorer ces services.",-0.54,1824
"e remercie infiniment Mme Habiba Mouira pour son accueils chaleureux , très serviable, aimable ,accueillante, gentille ,merci encore Mme 🙏🙏",0.96,1825
Un accueil chaleureux par un monsieur qui s appelle ayoub si je me rappelle bien son nom zouhaidi,0.74,1826
"trés bon service . je tien de remercie monsieur ayoub et tout l'equipe , bon courage pour la suit .",0.98,1827
Agent Ayoub est très aimable et serviable. Il a su présenter le meilleur service.,0.95,1828
Super expérience avec Ayoub à 2 reprises. Je recommande de passer par cette agence.,0.88,1829
Merci Mr Ayoub pour votre service rapide et efficace et pour votre sourire.,0.96,1830
"Suite achat et perte de carte sim, je viens demander l'activation de numéro et renouvellement de carte sim l'on me répond qu'il faut impérativement le socle de la carte sim perdue et que tout le monde peut avoir un numéro de carte sim, le",-0.6,1831
Très  bonne service. Acceuil agréable  de Si Ayoub.,0.96,1832
Excellent travail service parfait choukrane drari lli temma surtt Mr Ayoub,0.91,1833
Satisfait du service et la disponibilité du personnel et surtout Mr Ayoub Zouhairi,0.81,1834
J'étais bien accueilli par M.  Ayoub Ezouhairi Excellente expérience,0.96,1835
"J’ai trouvé un Commercial qui s’appelle Ayoub, elle est très gentille elle est serviable 🥰🙏",0.8,1836
"Je remercie infiniment hajar et Fati pour leurs accueils chaleureux , elles sont très serviables agréables et efficace .",0.87,1837
Malheureusement y en a pas moins que 1 etoile vous ne le méritez pas . service d'accueil trop nul . réceptionniste trop vulgaire.,-0.83,1838
Merci beaucoup Mr Ayoub vraiment Très professionnelle . Et Bravo a toutes l'équipe Orange El Qods.,0.95,1839
Excellent service et accueil de ayoub de l'agence orange alqods,0.95,1840
Aucun respect pour les clients Agents non qualifiés (La jeune demoiselle non souriante et qui croit qu'Orange est la sienne et qui applique ses propres règles ),-0.48,1841
"Service nul ,personnel absent, tu sera reçu par l l'agent de sécurité, ça fait la troisième fois que je demande l l'activation de mon numéro, sans aucune réponse...vraiment personnel irresponsable, à éviter....",-0.59,1842
Service médiocre ne mérite même pas une étoile,0.0,1843
Mauvais accueil mauvaise orientation  la personne qui c est adressé à moi est impolie et désagréable,-0.95,1844
"Très bon service et excellent conseil, merci Sidi Oussama laghzal!",0.98,1845
Bon service,0.92,1846
"Un agent pour plusieur client ,attente de 45 mn pour paye une facture deception",-0.48,1847
Service nul franchement .les gens incompétents,-0.73,1848
un service minable   personnelles non professionnel,-0.66,1849
Équipe formidable,0.85,1850
"Agence sur le boulevard Al Qods, horaires pratiques, personnels dynamiques, et souvent une attente raisonnable.",-0.49,1851
Null. Une personne qui circule comme fantom. Attend  longtemps,0.46,1852
"Service trop null, Aucun equipement disponible",-0.5,1853
Bonne accueille et bon service,0.98,1854
Ayoub est fantastique,0.85,1855
Service excellent et équipe au top,0.98,1856
Bel accueil et service rapide,0.96,1857
Fait partie des 3 opérateurs actuels du pays,0.51,1858
Tres mauvais services,-0.85,1859
C'est catastrophique 0/10,-0.88,1860
Tout est ok,0.87,1861
Vous manquez de professionnalisme,-0.69,1862
Service pas mal,0.69,1863
Bien,0.75,1864
Excellent service,0.95,1865
Agence d'orange,0.58,1866
Bravo,0.92,1867
mauvise service,0.5,1868
Incroyable,0.6,1869
Je constate avec regret que mon problème reste sans solution depuis plus d’un mois. Aucun suivi n’a été assuré et les délais annoncés ne sont pas respectés. Même le chef d’agence n’apporte ni aide ni escalade du dossier. vraiment c'est pas digne de la réputation du service de l'opérateur orange,-0.59,1870
"Bonjour, j'ai beaucoup apprécié le service ici à cette agence Orange et surtout celui de M. Ayoub, qui nous a vraiment été d'une grande aide, je tiens à le remercier encore une fois.",0.91,1871
Merci beaucoup pour votre service. Merci 3lik Doux et serviable,0.96,1872
Mrc khouya ayoub 3la service gadity liya dakchi lah issahal 3liik👍,-0.4,1873
"Excellent service. Un grand merci à Ayoub, qui a été d'une grande aide.",0.99,1874
"Des employés qui ne répondent pas aux salutations ou aux salutations, et dont le visage est renfrogné quand on les attaque.",-0.51,1875
Ils ne traitent pas bien les clients ; je ne veux pas aller dans cet endroit.,-0.48,1876
"Bon service, directeur d'agence agréable",0.95,1877
"Ils arnaquent les gens, soyez prudents.",-0.72,1878
service trop lent et de mauvaise qualité,-0.83,1879
Bon service,0.92,1880
Incomplet,0.58,1881
service ZÉRO,0.55,1882
"Un employé d'Orange n'a pas accès à internet, comment pourrait-il me l'installer ? Haha, je vous jure, la différence entre Maroc Telecom et Orange est abyssale.",-0.65,1883
Service déplorable. Je paie 248 dirhams et voilà le résultat : internet en panne.,-0.8,1884
Bon en général,0.92,1885
"Je tiens à partager ma très mauvaise expérience avec cette agence Orange Maroc. Je devais échanger mon routeur WiFi défectueux. On m’a demandé de revenir le lendemain pour récupérer le nouveau. Je suis revenu comme convenu, mais on m’a",-0.95,1886
"Mauvaise expérience avec Orange, service client inefficace.Et retard d’activation de wifi de 6 jours",-0.71,1887
"Je me suis rendu plusieurs fois dans cet établissement pour payer ma facture Orange. Malheureusement, le service est toujours le même : attente très longue, manque d’accueil et aucun professionnalisme de la part du personnel. Même un simple",-0.72,1888
"Je déconseille fortement cet opérateur, du moins en ce qui concerne le service de box. La promesse d'un débit de 20 méga est loin d'être tenue, le service client est peu utile et le processus de résiliation est compliqué, avec des",-0.61,1889
"J'ai demandé une carte ESIM, cependant, j'ai été informé que les cartes ESIM standards ne sont pas encore disponibles et qu'un abonnement obligatoire est requis.",-0.52,1890
"Très bon service 👍🏻 Meilleure agence, équipe efficace et professionnel",0.98,1891
Numéro de l'agence stp,0.43,1892
"Meilleur agence, bon accueil, équipe efficace et professionnel",0.99,1893
merci trés bon service,0.92,1894
Bon service,0.92,1895
Service de qualité,0.82,1896
"À éviter, il y a plus de service. Après avoir acheté et testé le boîtier WiFi à 250 DH, il sera équipé d'un port de 20 mégaoctets, et je ne recevrai ni 5 mégaoctets ni 2 mégaoctets. Je contacte le service client (la personne qui me",-0.4,1897
Agence big ou fiha wahed likhdam zham service zéro,0.43,1898
Bonjour,0.75,1899
Bon service,0.92,1900
Service excellent,0.96,1901
Service client médiocre,0.62,1902
"Je suis très déçu(e) par l’accueil à l’agence O Village. La dame présente sur place s’est montrée impolie et peu respectueuse envers les clients, avec des gestes et une attitude laissant penser qu’elle était agacée. Si elle n’est pas",-0.89,1903
"Un grand merci à toute l’équipe Orange O Village pour votre professionnalisme, votre accueil chaleureux et la qualité du travail fourni. Une équipe engagée, réactive et toujours orientée satisfaction client.",0.95,1904
"on est le 27/11/2025 et malgré tous les relances via agence via centre d'appels, pas d'avancement.            contrat signé le 28/08, la fibre n'est pas encore installé , et on est le 29/10.ça montre tous ...........",0.0,1905
Je remercie Orange pour la qualité de ses services et l’excellent accueil du service client. Toujours à l’écoute et très professionnels. Je recommande sans hésiter.,0.92,1906
Je suis très déçue du service de l’agence Orange à O’Village Sidi Maarouf. Ma sœur a demandé la réactivation de son numéro ainsi que la récupération de sa carte SIM (numéro sous son nom et avec contrat). L’agent nous a dit qu’il allait,-0.9,1907
"Mauvais service malheureusement, l’agent li kan tema sba7 mabaghich taihder",-0.82,1908
"Merci bq pour le service dans la boutique orange o'village , equipe serviable bravo",0.96,1909
"Une expérience merdique tu signe un contrat adsl qui stipule que l'installation et mise en service se feront en 7 j ouvrables max et tu te retrouve à j 11 sans connexion et tout ce qu'ils trouvent à te dire c'est ""appele le centre de",-0.47,1910
"J'ai vécu une experience traumatisante ce dimanche 02 fevier 2025. En effet, je suis parti échanger mon modem fibre optique par un nouveau car l'ancien ne fonctionne plus ( conformation equipe technique) sauf que le responsable me repond",-0.73,1911
"J'ai déménagé, je voudrais transférer la fibre à ma nouvelle adresse, elle m'a dit qu'il y'a un problème dans la demande, et il faut envoyé une réclamation et attendre 48h , sinon on résilié le contrat et on souscrit à nouveau",-0.73,1912
Très bon service,0.98,1913
Expérience très positive et le personnel à l’écoute. Petite mention spéciale à Madame Jihane qui a su résoudre mon soucis avec professionnalisme . Je recommande 😃,0.96,1914
Agent tres serviable reactif et très agreable . Contrairement a dautre agence notament celle de bouskoura,0.51,1915
Équipe serviable merci,0.61,1916
"Le service était hyper sympa, un grand merci a mouad qui   A rendu l’expérience assez fluide et aimable !",0.92,1917
Bonne expérience dans votre magasin avec votre salarié jihane elle m'a aidée et donné de bon conseil je recommande au top 👌,0.95,1918
"On m’a très bien accueilli, les agents aimables 👍",0.98,1919
Je suis très satisfait de mon expérience dans cette boutique 👏,0.84,1920
conseils très sympathiques et compétents aux clients. Utile même pour les petites questions sur les communications mobiles pour les touristes. J'adorerais revenir ici!,0.89,1921
Service a la hauteur avec une équipes sympa je recommande vivement cette agence 🤩🤩,0.57,1922
"Très très bob service, radipe efficace et très aimable. Merci Orange",0.97,1923
Un très bon service de la part de la conseillère commerciale jihane agence marché centrale Meknès je recommande,0.93,1924
"Très bon service de la part de l’équipe orange, spécialement Mr Mouad Faris",0.96,1925
"Très bon service de la part de l’équipe orange, spécialement monsieur mouad👍",0.97,1926
Compétence médiocre. On m'a fait perdre beaucoup de temps pour rédiger une simple demande de résiliation.,-0.53,1927
Merci pour le service c’est très gentil,0.91,1928
"Merci beaucoup pour le service , les Agence sont très serviable. Merci beaucoup 🤍🤍",0.94,1929
Très bon service! 🙂,0.99,1930
Personnel très acceuillant service professionnel et rapide,0.65,1931
Je vous remercie infiniment pour votre service,0.73,1932
Meilleure expérience client je vous recommande cette agence,0.93,1933
Merci pour les conseils et surtout l'ambiance conviviale au sein du Shop.,0.96,1934
tres bon service,0.96,1935
Service de qualité et une très belle boutique 😍😍,0.96,1936
Merci pour votre service Mouad Faris merci frérot,0.93,1937
J'adorais le service de cette agence,0.85,1938
Un bon service de soufian orange merci énormément,0.93,1939
Merci bcp bonne services,0.9,1940
Très bien,0.99,1941
Service impeccable! Merci,0.87,1942
Très bon service,0.98,1943
"Meilleurs service meilleur agence ,,😍😍",0.96,1944
Belle expérience,0.92,1945
Equipe très compétence,0.79,1946
équipe serviable 😍,0.66,1947
Service de qualité 👍👍,0.83,1948
Très satisfait,0.92,1949
Bon service✅,0.91,1950
Merci pour le service,0.96,1951
Meilleur service,0.95,1952
Meilleur service clientèle,0.95,1953
Bon service,0.92,1954
Parfait,0.8,1955
Équipe serviable,0.66,1956
👍,0.42,1957
👍 👍 👍 👍,-0.38,1958
Bon service,0.92,1959
Boutique manifique,0.8,1960
Merci pour l'accueil,0.98,1961
équipe serviable 👍🏼,0.66,1962
"Très satisfait du service. L'équipe a été réactive, professionnelle et à l'écoute de mes besoins. Je recommande vivement.",0.9,1963
Service top merci sara,0.6,1964
"Très déçue du service. Je me suis présentée à 22h40 alors que l’horaire affiché indique 23h, mais le monsieur n’a même pas pris la peine d’ouvrir la porte ou d’expliquer. C’est vraiment dommage et irrespectueux pour les clients.",-0.97,1965
"Service très agréable, merci beaucoup au monsieur à lunettes !",0.9,1966
Personnel désagréable et service lent,-0.66,1967
Équipe formidable,0.85,1968
Jihane Elouati marché central bnita driyfa bzzzff hiya li khalatni chark m3akoum,0.51,1969
Dima lala fati mnwra l'agence 9imat ta3amol,0.4,1970
Bonne équipe,0.93,1971
Excellent service 👌🏽,0.95,1972
Bon service 👍🏼,0.92,1973
Ouvrir alors qu'ils ne sont pas ouverts,-0.44,1974
Bon travail,0.95,1975
bon service,0.96,1976
bien,0.96,1977
Personnel incompétent.,-0.53,1978
Service Bn,0.49,1979
Bon service,0.92,1980
👏👏,0.42,1981
Merci,0.86,1982
Service Meillheur,0.55,1983
"Accueil excellent, une jeune femme charmante, que Dieu la bénisse ! Elle était souriante et son service impeccable. Merci, Orange Agency.",0.93,1984
"Aujourd’hui, lors de ma visite à l’agence Orange au Maroc, j’ai été accueilli avec une grande courtoisie par une agente s'appelait Hind, dont le professionnalisme mérite d’être salué. Son sens du service, sa patience et sa manière claire",0.75,1985
"Je tiens à vous adresser mes sincères félicitations pour avoir choisi une conseillère telle que Madame Hind, qui se distingue par son sourire, son accueil des plus chaleureux et surtout son professionnalisme exemplaire. Elle transmet les",0.76,1986
"J’ai souscrit au forfait 49dh Réseaux sociaux en 3 ou 4 minutes, dans un point agréé orange a Maarif face Twin center. Pour le désactiver c’est la galère, depuis septembre que j’ai fais la demande de résiliation.. l’agent qui m’a activé le",-0.48,1987
"Très déçue du service. Je tiens à préciser que l’agence a fait correctement son travail et que ce commentaire concerne Orange dans son ensemble. Installation de la fibre faite mercredi, mais la ligne n’est toujours pas activée après 6",-0.93,1988
"Une mauvaise expérience. Je suis venu pour récupérer mon numéro de téléphone et ils m'ont dit que ce n'était pas possible, et le numéro est devenu au nom de quelqu'un!!!!! S'il vous plaît, aidez-moi à le récupérer.",-0.98,1989
Personnel pas serviable et jamais disponible. Pour avoir juste une information sur ton dossier tu es obligé de te déplacer. De plus ils perdent ton dossier. Des agents toujours absent ou indisponible pour des raisons fallacieuses.  Les,-0.69,1990
"Ils mettent partout l’affiche de la 5g , et ils ne mettent qu’il minimum un iPhone 12 pour l’avoir et bien sur l’affiche il ne le mettent pas",-0.37,1991
Super avec Melle hind agence orange Oum rabii top1,0.8,1992
"Très bon accueil, efficacité",0.99,1993
Je tiens à remercier chaleureusement les agents commerciaux d’Orange à l’agence Oum Rabii pour leur excellent service Un merci tout particulier à l’agent Zineb Lalaa pour son professionnalisme son,0.85,1994
Je recommande cette agence. Pleine satisfaction de notre côté. Tout cela a été possible grâce à une équipe et en particulier notre  agent el bouaamri mohamed pour sa gentillesse et son bon comportement professionnelles.,0.93,1995
"Je tiens à vous remercier sincèrement pour votre accueil chaleureux et votre professionnalisme. Votre écoute, vos conseils et votre réactivité ont rendu cette expérience agréable et fluide. Merci pour votre excellent travail El Bouamri Mohamed 🙏",0.93,1996
Bonjour je suis une cliente très fidèle aujourd'hui je suis parti pour faire une souscription forfait mobile . J'ai rencontré une jeune damme elle s'appelle hind hany très ravissante et aimable bon courage,0.81,1997
Merci infiniment pour votre disponibilité et votre accompagnement exemplaire. Votre professionnalisme et votre bienveillance ont grandement facilité ma démarche. C’est un plaisir d’être conseillée par quelqu’un d’aussi compétent et attentionné !El Bouamri Mohamed,0.54,1998
"Je tiens à exprimer ma satisfaction concernant l'assistance que j'ai reçue de la part d’une chargée de clientèle s’appelle Latifa au sein de votre agence . Lors de ma récente visite, Elle a fait preuve d'un professionnalisme exemplaire et",0.5,1999
"Nul de chez nul, après 1 mois et plusieurs appels ils ne passent pas chez moi. Je demande d annuler et ils ne veulent pas me rembourser .",-0.57,2000
"Un grand merci pour votre gentillesse et votre professionnalisme. Vous avez su répondre à toutes mes questions avec patience et efficacité. Votre accompagnement a été précieux, bravo pour votre excellent travail El Bouamri Mohamed",0.98,2001
"Je tiens à exprimer ma satisfaction concernant le service reçu de la part de votre collaborateur Simohamed EL BOUAAMRI lors de ma récente visite à votre agence. il a fait preuve d’un grand professionnalisme, d’écoute attentive et d’une",0.65,2002
"Un grand merci pour votre professionnalisme et votre disponibilité. Votre accompagnement a été impeccable, et vos conseils ont vraiment fait la différence. Bravo à toi El Bouamri Mohamed.",0.86,2003
"J'étais reçue par Mr Hamza naciri , un très bon accueil,  ma demande à été traité avec professionnalisme,  il répondu à toute mes questions",0.94,2004
"Un service d’excellence, j’ai été accompagné par mohammed bouamri durant toute la procédure de mise en place de mon programme de fidélité .trop satisfait je le recommande",0.67,2005
Surprise par la qualité de service et le professionnalisme des personnels de l’agence oum rabia . Merci à Hamza qui nous a pris en charge avec sourir et amabilité. Bonne continuation,0.89,2006
"Service nul , très lent , j'ai attendu preque une heure pour rencontrer une conseillère qui n'a pas écouté à ma réclamation et  qui m'a mal informé par rapport à ma demande de résiliation . Il faudra vraiment revoir la formation de vos",-0.7,2007
Hamza merci pour le service c’est très gentil et aussi vous êtes efficace.,0.8,2008
Service excellent et grande réactivité et professionnalisme de la part de El Bouamri Mohamed,0.97,2009
Mauvaise expérience Pour changer le routeur,0.61,2010
J'etait toujours satisfaite pour le service avec la clientelle merci bcp e bonne continuation e je tient a remercier le chef d'agence  m majda pour sa gentiesse e disponibilitè,0.93,2011
"Merci à Mr El hamyny qui nous a habitué de son excellente  prise en charge de notre  demandes , à bientôt",0.95,2012
Je suis très satisfaite par le service rendu par Monsieur Bouamri souriant aimable et très gentil,0.96,2013
"Très bon service, le comercial avec lequel j’ai traité a été très réactif et m’a beaucoup conseillé pour parvenir à faire mon choix, merci El Bouaamri Mohamed",0.93,2014
"Je tiens a remercié infiniment Mme fatima zahra pour le temps accordé  pour ses explications , probleme est traité après plusieurs réclamations je suis très reconnaissante merci a elle",0.49,2015
"Merci beaucoup chère Zineb Kalaa !!! Commerciale professionnelle, sympa , à l'écoute, prestation à la hauteur. Mille mercis Zineb ! Tu es une fierté pour Orange ! Elle a répondu à toutes mes questions.. demande traité avec efficacité et rapidité.rien à dire !",0.9,2016
Je tiens à féliciter l’agence Orange Oum Rabii pour la qualité exceptionnelle de son service en particulier Monsieur Bouameri Son professionnalisme sa disponibilité et son attention envers les clients font,0.63,2017
Accueil chaleureux des commerciaux professionnels et surtout je tiens à remercier la conseillère Latifa elle m a bien expliquée l offre,0.47,2018
Bon accueil.problème technique explique et résolu sur le champ.suivi après service assure.grand professionalisme des agents du service clientele surtout Mr Hamza +++agence Oum Rabia.merci,0.94,2019
bon service avec Melle latifa,0.94,2020
Merci a lagent el bouaamri pour son acceuil et le bon service,0.95,2021
Merci à l agent el Bouaamri pour le bon service et ton professionnalisme,0.95,2022
Très bon service de Mr Hakim pour le changement de sim vers esim. La queue d'attente est bien gérée.,0.91,2023
Merci a MR Mohamed hamyny  pour ses services  de . qualite et  a la prochaine fois inchallah,0.79,2024
Très bonne expérience je remecie énormément l'agence oum rabii spécialement Mr hamza naciri pour son acceuil et pour sont traitement,0.9,2025
Bonjour je tiens a remercier mr Hamza pour son service et professionnalisme ✅💯,0.79,2026
Je suis très très satisfait du service de l'agent el hamyny pour sa courtoisie et de son accueil il est très très explicite,0.87,2027
Merci a l agent elbouaamri pour son professionnalisme et sa gentillesse,0.9,2028
Merci beaucoup ! Service impeccable agent Hamza au top..m’a résolu mon problèmes d’application maxi it,0.94,2029
Je remercie infiniment mr el bouaamri pour le bon service,0.85,2030
Je tiens à remercier Simohamed El bouaamri pour son professionnalisme et engagement lors de mon passage à votre agence,0.85,2031
Merci Mr mohamed el hamyny pour son service de qualité,0.73,2032
Merci pour toute l equipee oum rabii et surtout l agent él bouaamri pour son accueil et son proffessionalisme,0.88,2033
Merci à Hamza pour son accueil sa gentillesse et ses conseils . Je recommande cette agence et ce conseiller,0.96,2034
Merci Mohamed el bouaamri pour ton accueil et pour ton professionnalisme,0.89,2035
Un accueil très chaleureux et un commercial très souriant vraiment un bons services bravo ! Est surtout Mme Majida était à l'écoute est souriante .,0.98,2036
"Service au top dans cette agence. Le personnel est très accueillant et au petit soin. Je recommande vivement, continuez comme ça !",0.97,2037
Merci  a Mr mohamed hamyny pour son aimable service ...,0.76,2038
Très bon service et gentillesse avec sourire Merci Melle latifa,0.97,2039
Je tiens à remercier l agent el bouaamri pour son soutien hier à l agence très simpas et serviable,0.85,2040
Pas sen commerciale ni respect ni prise en charge les agents se plaisent entre eu et les clients en attente grave  gestuelle avec les clients en plus trop de retard pour saisir les forfaits et l activation des forfaits normaux je sais bien,-0.68,2041
Merci a toute l'equîpe de l'agence Orange Oum rabii et spécialement a Mr Mohamed,0.73,2042
un accueil tres chaleureux de la part chef d’agence madame Majida  qui m’a bien conseillé  et qui était très aimable 👍,0.88,2043
Bon service avec mohamed elbouaamri merci pour ta gentillesse,0.9,2044
Merci Mohamed El bouaamri bon service,0.93,2045
Si Mohamed un agent serviable souriant et dynamique merci d avoir résolu mon problème pr le routeur,-0.43,2046
Un bon service accueil chaleureux j'aime beaucoup la prestation offerte sutout latifa très aimable dynamique et surtout serviable merci beaucoup latifa ❤️❤️,0.96,2047
"Je remercie infiniment le personnel de cette agence , la cheffe d’agence est d’une gentillesse exceptionnelle. Un grand merci",0.71,2048
Client satisfait du service de Hamza rapide et efficace bravo à lui,0.95,2049
Tres bonne experience avec l agent el bouaamri mohamed,0.81,2050
Un accueil très chaleureux et un commercial très souriant merci el bouaamri bon service,0.92,2051
"Hamza Naciri meilleur conseiller clientele, prise en charge rapide et efficace. Demandez Mr.Naciri.",0.92,2052
"Suis-je très satisfait de l’agent qui ma recuit aujourd’hui a l’agence orange, après plus tant active grâce a lui aujourd’hui j’ai reçu a me connecter au réseau 👌🏾",0.89,2053
Très bon service agent accueillant mohamed el bouaalri,0.93,2054
Merci a l agent El bouaamri pour le bon service,0.94,2055
Cetais une tres belle experience a orange oum rabii avec l agent el bouaamri mohamed tres serviable,0.84,2056
Merci a el bouaamri pour son acceuil chaleureux et son proffessionalisme,0.9,2057
Merci el bouaamri pour le bon service,0.96,2058
Je tiens à remercier l'agent mr Bouamri pour les renseignements fournis et le service rendu,0.58,2059
Merci El bouaamri pour ton accueil chaleureux,0.91,2060
Merci pour le service si hamza top,0.92,2061
Merci à l’agent Mohamed hamyny pour son support et sa réactivité.,0.89,2062
Merci El bouaamri pour ta gentillesse et ton simpatie,0.94,2063
Merci a qimohamed el bouaamei pour son professionalisme,0.89,2064
Merci fatima ezzahra pour votre accueil et service,0.9,2065
"Bonne équipe professionnelle , chef d'agence toujours présente et à l'écoute bon continuation",0.97,2066
Merci latifa le service est top je les recommande,0.82,2067
Merci pour le service et la résolution de mon problème à Mr Hamza,0.93,2068
Bon accueil et bon service. La chargée de clientèle ( latifa ) est très aimable et serviable,0.98,2069
Merci el bouaamri Mohamed pour ton accueil,0.91,2070
Merci mr hamza pour les informations un grand chef,0.9,2071
A recommandé le service et professionnalisme de faim saura rien à dir,0.58,2072
Bon service avec l'équipe oum rabiii,0.88,2073
"Merci à l'équipe orange Oum rabii pour leur service de qualité , hm",0.9,2074
Bon accueil la chef de l agence trop sympathique  serviable bravo bon continuation,0.97,2075
Merci el bouaamri tu étais exceptionnel,0.72,2076
Meilleur commercial meilleur traitement toujours avec le sourire merci El bouaamri,0.93,2077
Je tiens a remercier infiniment mme Fatim ezzahra pour engagement,0.72,2078
Bon service avec mr hamza,0.9,2079
Un accueil chaleureux et une explication bienveillante et très explicite de la part de l’agent Hajar ♥️♥️♥️,0.86,2080
Un service et un traitement exceptionnelle avec l agent el bouaamri,0.52,2081
Moi j adore orange et en plus yavais un acceuil tres chalereux de la part de l agent el bouaamri mohamed qui ma bien conseiller et qui etait tres simpas,0.61,2082
Merci a l agent El bouaamri pour son traitement,0.89,2083
Toujours satisfaite chez orange merci beaucoup chef Hamza,0.88,2084
"Tout est tres nul dans ce boutique, le service, le personnel, (on entend les discutes de personnel de l'interieur sur leurs sujets intimes) Il faut travaillé serieusement ce maque de respect envers les gens, parce qu'on est votre raison d'etre",-0.88,2085
Merci beaucoup MR hamza pour votre service grace a vous je suis toujour avec orange,0.86,2086
"Très bonne agence Orange, toute l’équipe est très gentille et merci beaucoup à la chef d’agence pour sa gentillesse ❤️",0.97,2087
Merci pour votre service Mr hamza,0.93,2088
Je suis très satisfait pour le service avec Orange et je remercie mr hamza,0.92,2089
Super Service avec la conseillère latifa merci,0.77,2090
"J'ai fait une demande de déménagement ligne fibre optique ca fait une semaine chez cette agence, quand j'ai appelé le service technique vu qu'il ont pris du retard pour traiter la demande, je découvre que la demande n'a même pas été saisis par l'agence dans les systèmes !!!",-0.73,2091
Merci pour l agent el bouaamri pour son service,0.94,2092
merci pour vorte professionnalisme  hm,0.51,2093
Ils ont des services géniaux. Je recommande.,0.57,2094
Expérience extraordinaire avec cette agence merci latifa,-0.4,2095
Un accueil très chaleureux de la chef d agence Mme Majida,0.83,2096
"Excellente expérience, agents à l’écoute et serviable",0.98,2097
Je tiens a remericier l agent el bouaamri pour son soutien,0.71,2098
El bouaamri mohamed je te remercie infiniment,0.41,2099
Merci bq mohamed bouaamri pour les services,0.76,2100
excellent service merci bien,0.98,2101
Merci infiniment el bouaamri pour votre accueil,0.88,2102
tres bon service avec l agent hamza,0.91,2103
Le service de cette agence en particulière est vraiment catastrophique et plus ni le traitement des demandes ni relation client ni courtoisie plus la manque d'information .ils communique au client des fauses infos. Tout simplement c'est nullllllllllllll.....,-0.91,2104
Merci si hamza pour votre service,0.82,2105
"La commerciale est impolie, elle traite les clients d'une façon insupportable. Le comportement est à revoir, afin ne pas donner une mauvaise image sur Orange.",-0.86,2106
Bon service merci de votre accueil,0.92,2107
Trés bon service a recommandé,0.91,2108
"Service à l hauteur, employés courtoisie et sympas , merci latifa",0.54,2109
tres serviable st is some a l'ecoute du client,0.56,2110
Meilleur agence merci pour le service h,0.94,2111
Bon service madame Latifa,0.94,2112
Mohamed el bouaanri bon service merci,0.91,2113
Merci el bouaamri pour tes conseils,0.92,2114
Bon sercive avec Mr hamza,-0.63,2115
Services top bonne continuation,0.86,2116
Bon service hamza merci,0.88,2117
Agence à recommander merci madame latifa pour tes explications pertinentes,-0.42,2118
Merci el bouaamri pour le bon service,0.96,2119
Merci pour mohamed el bouaamri,0.8,2120
Merci bcp  a l equipe,0.78,2121
Bon service avec elbouaamri mohamed,0.87,2122
Bon service merci h,0.84,2123
Service parfait RAS elbouaamri mohamed,0.67,2124
Merci pour le service hamza naciri,0.91,2125
Mr naciri hamza très serviable,0.7,2126
agence à recommander merci beaucoup Madame latifa,-0.49,2127
Nul ferme avant l’heure prétextant que le système est ko du Grand n’importe quoi manque de professionnalisme et de respect envers les clients,-0.56,2128
Merci a l equipe orange oum rabii,0.78,2129
Merci infiniment Mr hamza,0.57,2130
"Traitement tres professionnel  , je suis Tres satisfait",0.75,2131
Merci bien pour votre service,0.99,2132
Meilleure service avec la conseillère Latifa,0.95,2133
Merci a l agent el bouaamri mohamed,0.6,2134
J ai été bien reçue.,0.95,2135
Merci à vous Mr hamza,0.9,2136
Meilleur agent meilleur traitement avec el bouaamri,0.93,2137
Meilleurs services Commerciaux professionnels a l'écoute Merci orange,0.96,2138
Très satisfait conseiller très aimable ♥️♥️,0.94,2139
Bon service avec Latifa,0.96,2140
Simohamed el bouamri c'est le meilleur,0.9,2141
Latifa talibi très bonne commerçant,0.88,2142
Un grand bravo à Mr mohamed BRiki pour son professionnalisme et son sevice impeccable,0.89,2143
Service parfait de Mme latifa,0.81,2144
Merci pour le service mr hamza,0.92,2145
Equipe commerciale très professionnelle.,0.74,2146
Top meilleure agence sur casa continuez comme ça,0.89,2147
bien savoir ce que vous voulez sinon le vendeur vous endort avec plein de parole et vous colle le forfait qu'il veut.,0.68,2148
Très bon service avec zineb,0.98,2149
Très bon traitement avec bouaamri,0.95,2150
Serviable et souriante travail aboutit rapidement,0.69,2151
Un commercial très souriant et très gentil El bouaamri mohamed,0.58,2152
Agence à recommander merci Mlle Latifa,0.55,2153
Bon traitement avec el bouaamri,0.83,2154
"Super serviable, equipe magnifique surtout mohamed et reda.",0.67,2155
Agence a ne pas recommander franchement c'est nul et archi nul,-0.59,2156
"Service rapide, et personnels très accueillent 👍👍",0.87,2157
Merci beaucoup pour les informations 😃👍,0.93,2158
Très bon service,0.98,2159
Très  bon service Latifa,0.98,2160
Je remercie toute l’équipe,0.65,2161
Service à l hauteur merci lt,0.55,2162
"Service très lent. Aucune entente ou consolidation avec le service clientèle téléphonique. Ils ne font que vendre. Quand ils ne peuvent pas régler votre problème,  ils vous renvoient au service clientèle orange. Minable.",-0.4,2163
Merci bcp votre accueil.,0.89,2164
pour hamza si bonne commerciale 👍,0.84,2165
Top service merci,0.72,2166
Merci pour le traitement 10/10,0.91,2167
Parfait le service . Mohamed elbouaamri,0.84,2168
Merci pour tous vos renseignements.,0.96,2169
Bon service Latifa,0.95,2170
Bon service avec la conseillère latifa,0.9,2171
L'accueil est chaleureux et le service est de niveau appréciable,-0.57,2172
Merci si hamza,0.65,2173
Équipe très sérieuse ! Chapeau à vous!!!,0.83,2174
"très mauvais service, personne ne veut travaillé y’a 4 bureau sans aucune raison",-0.92,2175
Merci mr hamza,0.65,2176
Merci pour le service Mr hamza,0.92,2177
Merci pour le service 🤠,0.96,2178
Bravo pour l accueil.,0.99,2179
"Excelente accueil, service professionnel.",0.98,2180
"service nul, mou3amala 0 avec le client !",-0.45,2181
"Bon service client, équipe jeune et dynamique",0.95,2182
Trop surviable merci orange,0.63,2183
Tres lent au service avec les clients,0.6,2184
"Endroit convivial , service client parfait",0.76,2185
Merci me hamza,0.74,2186
Très bon service,0.98,2187
Bon courage Latifa,0.98,2188
Merci madame latifa,0.66,2189
C bien,0.75,2190
Formidable accueil service de la dernière génération.,0.9,2191
Excellente service,0.97,2192
Bon service latifa,0.82,2193
Un bon service avec la conseillère latifa,0.95,2194
Service impeccable,0.5,2195
Merci si hamza,0.65,2196
"Bon acceulle, bon service, rapide.",0.98,2197
Personnel serviable. Service correct,0.47,2198
Meilleurs services 👍,0.95,2199
merci bouaamri,0.52,2200
Merci Mr hamza,0.63,2201
Bon service,0.92,2202
Un manque du sens de service,-0.8,2203
"Fil d'attente toute la journée, peu de personnel",-0.46,2204
Merci pour le service,0.96,2205
Merci pour le service,0.96,2206
A éviter car aucune prise en charge,0.0,2207
De personnel très poli,-0.41,2208
Bon service et accueillant,0.98,2209
Merci f,0.65,2210
Agence à recommender lt,0.5,2211
Bon service latifa,0.82,2212
Personnel serviable,0.68,2213
Tres bien,0.95,2214
Équipe commerciale au niveau.,0.59,2215
Bon service,0.92,2216
Merci.,0.9,2217
Bon accueil,0.95,2218
Zineb,0.61,2219
J aime,0.89,2220
pas mal,0.7,2221
Merci pour le service,0.96,2222
Un' service de qualité,0.83,2223
Bon service latifa,0.82,2224
Nice crew services,0.76,2225
Satisfait,0.89,2226
Accueil parfait,0.84,2227
"Service nul ,",-0.53,2228
Service rapide,0.73,2229
Bon service,0.92,2230
👍👍,0.42,2231
Mauvais service,0.57,2232
Zineb,0.61,2233
Bien,0.75,2234
👍👍👍,0.42,2235
👍👍👍👍👍,0.42,2236
🧡🧡🧡🧡,0.42,2237
Un bon service,0.96,2238
Echange puce,0.56,2239
Service zéro,0.58,2240
Agence pour les communication,0.51,2241
⭐⭐⭐⭐⭐,0.42,2242
Bon service,0.92,2243
BOn service,0.52,2244
Bon service,0.92,2245
Bon service,0.92,2246
"(Puisque Google ne me permet pas de répondre à votre message, le plus important pour lequel j'ai fait 3 km à pied jusqu'à votre boutique Orange est de résilier mon abonnement car je quitte le pays. Le fait qu'une tâche aussi simple n'ait",-0.46,2247
"Bonjour à tous. Je tiens à remercier sincèrement Hamza pour son excellent service et son accueil chaleureux envers les clients, y compris moi-même. Je le félicite chaleureusement et lui souhaite une excellente santé, du bien-être et une brillante carrière. Cordialement.",0.93,2248
"Le service était excellent, Hamza est le meilleur agent avec lequel j'ai jamais travaillé !",0.98,2249
"J'ai besoin du numéro de l'agence tout de suite, s'il vous plaît. J'ai une question à poser. J'ai changé de routeur et ça ne fonctionne pas. Je voudrais savoir",-0.63,2250
Service impeccable et personnel respectueux. Merci Hind.,0.92,2251
Service vraiment déplorable ; la jeune femme qui m’a reçue ne m’a pas expliqué que j’avais besoin d’une pièce d’identité et que la personne devait signer le contrat ; j’ai dû y retourner deux fois sans que mon problème ne soit résolu.,-0.93,2252
Le personnel nous a bien accueillis et nous a gentiment expliqué le problème que nous rencontrions avec le réseau.,0.92,2253
"Un service client exceptionnel qui nous a permis, à ma femme et moi, de trouver rapidement et efficacement ce dont nous avions besoin. Une jeune femme nous a servis et a su nous satisfaire même lorsque nous manquions de Derija.",0.82,2254
Personne ne fait son travail dans cette agence. Le responsable fait des allers-retours incessants et ment en prétextant avoir oublié son téléphone à la maison pour justifier l'absence de confirmation par e-mail !,-0.76,2255
"Service client déplorable : impolitesse, négligence et même l'absence de personnel. Ils prétendent être fermés alors qu'il y a du monde à l'intérieur !",-0.95,2256
"Merci pour votre accueil chaleureux et la qualité de vos services. Nous remercions également tout le personnel de cette agence, et plus particulièrement Mohamed Bouamri.",0.96,2257
"Le centre Zainab est attentif à ses clients et à leurs problèmes, et sœur Zainab Qalaa s'est montrée très coopérative. Je la remercie pour son temps et ses conseils.",0.59,2258
"J'étais en vacances au Maroc et j'avais besoin d'un point d'accès Wi-Fi mobile pour me connecter à Internet. Ils ont été très aimables, notamment M. Mohamed El Bouaamri et Mme Majida, qui étaient très polis et serviables. Je les recommande.",0.75,2259
"Le service était excellent, Hamza, qui s'est occupé de moi, était vraiment très gentil et serviable. J'ai beaucoup apprécié son service ☺️",0.97,2260
"Merci pour votre hospitalité et votre aimable traitement, et un grand merci à M. Hamza.",0.97,2261
Les agents ici sont vraiment très gentils et à l'écoute. Je vous recommande de venir ici si vous avez le moindre problème !,-0.58,2262
"Le service est excellent, le personnel est très coopératif et la gérante du magasin, Mme Majida, est très respectueuse et serviable.",0.98,2263
Merci pour votre accueil chaleureux en réponse à la demande de M.H.,0.92,2264
"Le meilleur service client ! Latifa Talibi est la meilleure, nommez-la responsable ! Elle incarne parfaitement le rôle d'une responsable du service client 🙏",0.99,2265
"Merci, sœur Fatima Al-Zahra, pour votre gentillesse.",0.9,2266
"Service excellent, mes meilleures salutations.",0.99,2267
Excellent service ! # Mme Zineb est professionnelle et serviable.  Merci.,0.98,2268
Merci à frère Al-Bouamri pour son service.,0.92,2269
Merci pour votre accueil chaleureux.,0.96,2270
Chokrane el bouaamri 3la lkhidma,0.52,2271
Merci pour votre accueil chaleureux.,0.96,2272
Si hamza chokran 3la mo3amala,0.49,2273
Le chemin vers le même but,0.39,2274
M. Hamza Naciri bon service,0.86,2275
Service Bn M. Hamza,0.55,2276
Merci el bouaamri,0.83,2277
"Chaque fois que je me présente à l'agence Orange, je ne trouve qu'un seul vendeur et un seul caissier, alors que plus de 20 clients attendent ! C'est ridicule !",-0.96,2278
Merci el bouaamri mohamed,0.61,2279
Chokrane mohames el bouaamri,0.48,2280
Chokrane l bouaamri bazaf,0.49,2281
MRC à Simonhamed El Bouamri,0.51,2282
Endroit idéal pour souscrire à des services téléphoniques. Personnel agréable.,0.74,2283
Chokrane mohamed elbouaamri 3la koulchi,0.45,2284
Quel poids ! Le service client a besoin d'être étudié.,0.73,2285
Service impeccable 👍,0.46,2286
"Hamza, le meilleur",0.94,2287
Bouaamri chokrane bazzaf,0.53,2288
Chokran Fatim Zahra,0.58,2289
"Service déplorable, équipe désagréable et incompétente !",-0.89,2290
Bon service 👍,0.92,2291
Emplacement idéal. Offres exceptionnelles.,0.55,2292
Bon service,0.92,2293
Hamza naciri,0.47,2294
Service haut,0.6,2295
Haut,0.44,2296
Latifa Talibi,0.65,2297
La meilleure agence 💓💓💓💓,0.93,2298
👍👍👍,0.42,2299
D'accord,0.56,2300
Beau,0.59,2301
Haut,0.44,2302
Manque de respect incroyable pour les clients de la part de la dame de cette agence! on vient faire une réclamation et demander des explications après plus de 8 jours sans fibre optique alros que pour la facturation orange est très,-0.64,2303
Service clientèle nul : mauvaise communication et fermeture avant l’heure..,-0.93,2304
"Sympa! Personnel gentil serviable, répond à toutes les questions et donne le plus d'informations possibles",0.86,2305
Bonjour Manque de passe pour les handicapés Ainsi j ai croisé 3 kafar ds une durée de 15 min c est vraiment dégouton,-0.62,2306
Services meilleurs,0.89,2307
Manque de respect ton autin je n'ai jamais aussi mal été traité de ma vie,0.48,2308
Horrible service Attente infinie Compétences presque nulles,-0.52,2309
"Je souhaite signaler un comportement inacceptable concernant votre méthode de publicité. Des étiquettes autocollantes ont été collées directement devant la porte de notre maison, sans notre autorisation.",-0.75,2310
Aucun respect pour les clients  à fuire,-0.49,2311
"J’ai eu le malheur de visiter cette « agence » pour résoudre un problème avec ma carte SIM, notamment en ce qui concerne le partage de données sur mon forfait. L'agent m'a assuré que le problème venait de mon forfait actuel et m'a conseillé",-0.82,2312
"Très bon service, a l’écoute. Ssi mourad était agréable",0.95,2313
Très bonne service accueil qualité prix,0.98,2314
Malheureusement pas de respect,-0.7,2315
"Service de qualité comme toujours, merci mohamed",0.71,2316
"Je ne recommande pas, gérant désagréable qui n'a aucun sens de service et aucun respect pour les clients",-0.52,2317
"Parfait, service agréable",0.85,2318
Tres mauvais accueil de la part du premier responsable. ca manque du professionnalisme.,-0.97,2319
Cette agence est top! Personnel sympathique serviable et arrangeant,0.98,2320
"bon service, personnel amical",0.97,2321
Merci pour le bon service,0.98,2322
"C'est petit mais efficace,  très bon accueil",0.94,2323
Bonjour je suis devant l'agence mais c'est à moitié fermer. Votre numéro de téléphone portable svp,-0.46,2324
Très bon service,0.98,2325
Des beaux souvenirs !!...mixtel  accueil service professionalisme ...etc..,0.91,2326
Très bonne réception merci pour cette équipe,0.95,2327
Pour le paiement des factures. C'est très lent.,0.42,2328
Tres Bon service,0.87,2329
Pire Service après vente,0.45,2330
Service courtois et délicat,-0.52,2331
Personnel aimable et professionnel,0.86,2332
Bon service,0.92,2333
Simple et efficace,0.81,2334
☺️,0.42,2335
Chapeau...,0.46,2336
"Le soir, il y a pas mal de monde, mais le service est rapide grâce aux quatre employés. Dommage qu'il n'y ait pas plus de chaises, c'est parfois pénible de devoir rester debout. Dans l'ensemble, l'interaction est rapide, le service client",0.59,2337
"C'était très utile. Le type savait ce qu'il faisait. Cependant, nous avions oublié notre carte d'identité et il a omis de nous le rappeler après en avoir fait une photocopie. Globalement, c'était correct.",0.61,2338
Parfait,0.8,2339
"Service déplorable : ils ne peuvent rien faire d’autre que vous vendre une nouvelle ligne. Aucun service après-vente, personnel très impoli qui vous renverra vers une autre agence principale. Ils ne font pas confiance à leur personnel et ne leur donnent pas les moyens de vous aider.",-0.87,2340
"Petite boutique, mais un personnel formidable offrant un service rapide. 😀",0.56,2341
"Bon service, mais la couverture est insuffisante.",-0.43,2342
Bon accueil Personnel agréable,0.92,2343
Service excellent,0.96,2344
Bon service,0.92,2345
Super,0.78,2346
Haut,0.44,2347
Super,0.78,2348
"Agence ferme bieeen avant les delais de travail , et refuse de service les clients sous pretexte le stock indisponible ( e-sim)",-0.63,2349
Accueil et service professionnel le monsieur a répondu à toutes mes attendu je recommande cette agence,0.6,2350
J'ai fait un abonnement chez vous et c'est bien pratique pour moi,0.91,2351
Demande de raccordement fibre non traitée,-0.46,2352
Acceuil et conseil sympathique,0.74,2353
Service efficace,0.83,2354
Moyen,0.46,2355
"Arrêtez de prendre Rocharge 20 dirhams et les douleurs cesseront pour vous. Débarrassez-vous de moi. Nous en avons fini avec nos têtes, mais nous ne pouvons pas nous débarrasser de toi",-0.75,2356
Je pensais que vous ne payiez que 49 dh mais le gars m'a facturé plus en disant que c'était les frais d'agence mais je n'ai trouvé le supplément nulle part sur les documents qu'il m'a donnés,-0.69,2357
Orange n'a plus besoin d'être présentée ; elle se distingue par ses services et mérite une bonne note.,0.77,2358
Orange est un site web qui permet d'accéder aux services mobiles et de payer ses factures ; il est bien connu et mérite d'être visité.,0.91,2359
peut être,0.46,2360
D'accord,0.56,2361
Bon service,0.92,2362
"J’ai récemment visité cette agence Orange dans le but de souscrire à un raccordement fibre optique. Malheureusement, l’agent sur place n’a pas fait preuve de compréhension. Elle m’a indiqué que mon adresse ne figurait pas dans leur système",-0.63,2363
"Cette agence mérite moins d'une étoile Personnel n'est pas professionnel n'est pas sérieux, vous oblige de faire l'abonnement, et prennent trop de temps au traitement des opérations",-0.47,2364
Très bon service,0.98,2365
Mauvaise service,0.55,2366
mauvais service !!,-0.97,2367
Pas assez de personnels,0.0,2368
Bon service,0.92,2369
Top service merci,0.72,2370
Merci pour le service,0.96,2371
Meilleur service,0.95,2372
Mauvaise,0.5,2373
Pour eux les Clients sont ............,-0.46,2374
"Franchement, j'ai été choqué par le service d'Orange Maroc sur Grand Boulevard. Je voulais simplement changer mon deuxième numéro pour une eSIM, mais on m'a dit que je devais prendre un abonnement. C'est absurde ! J'ai déjà un abonnement",-0.93,2375
Khari,0.53,2376
Service exceptionnel,0.51,2377
Merci,0.86,2378
Merci,0.86,2379
"Très mauvaise expérience avec cette agence. Malgré mon contrat signé présenté sur place, on m’a dit qu’aucune information n’apparaît dans leur système. Je trouve ça inadmissible et peu professionnel. J’attends une vraie vérification de mon dossier et une solution rapide, car ce manque de suivi est vraiment décevant.",-0.96,2380
"Je tiens à remercier Yousra pour son excellent service. Elle a été très professionnelle, avec moi et avec mon amis Américaine elle m’a beaucoup aidée avec mon problème. Une personne aimable et compétente ! Merci encore pour votre aide.",0.97,2381
"Un grand merci à l'agence Orange, en particulier à l'équipe de l'agence située à Casa port  à Casablanca, pour son excellent service ! Votre professionnalisme, votre accueil chaleureux et votre efficacité font toute la différence. Grâce à vous, chaque visite est une expérience agréable. Bravo et continuez ainsi ! 👏",0.85,2382
"Je suis pleinement satisfait du service, le personnel est à la fois aimable et très professionnel. Un grand merci à vous ! 🙏",0.95,2383
Excellente service et très  rapid service  rien à dire  avec  youssra,0.95,2384
"L'agence Orange Casa Port offre un service impeccable. L’équipe est accueillante, professionnelle et toujours prête à aider. L'ambiance est agréable et l'attente est courte. Un excellent choix pour tous vos besoins en télécommunication !",0.93,2385
Très satisfaite du service que vous proposez et surtout du personnels qui travaillent  avec tout professionnalisme et bienveillance,0.97,2386
"C'est très agréable, je recommande cette agence à tous le monde, le serve est merveilleux et les filles sont très sympas surtout mademoiselle Youssra , même si l'agence était pleine elle m'a donné le temps pour expliquer toutes les options",-0.69,2387
Tres bon service très professionnel Je vous recommande sans hésitation 👍🏼,0.86,2388
"J'avais une bonne expérience avec l'agence surtout avec la fille qui s'appelle Youssra , si tu lis ce commentaire je te dis bon courage et bon continuation et j'espère avoir l'opportunité de te voir une autre fois 💖",0.71,2389
Je suis três satisfait du service; l agent commercial amal m a donné tout le temps pour lui expliquer mon souci et elle m a bien donné la solution avec une souscription d un forfait qui m arrange. Merci encore pour le service,0.93,2390
Vraiment c'est une expérience incroyable avec une trop belle fille je crois qu'il s'appelle Youssra elle a un bon service avec une bonne explication elle me donne assez d'informations she helped me she is very good,0.9,2391
C'est la première fois que je vais donne mon point de vue sur quelque chose mais sincèrement la fille dans l'agence de casaport Hi's name it's Yousra i think elle a un bon esprit du travail et une explication trop douce et détaillée c'était vraiment une bonne expérience Que j'avais l'honneur de partager avec vous,0.77,2392
Excellente expérience dans cette agence ! L’accueil était vraiment chaleureux et la fille Youssra très gentille répondre a toutes mes questions avec professionnalisme service rapide et efficace,0.97,2393
Le service est magnifique et rapide les employés travaillent dur et sont courtois🥰,0.61,2394
Le service est très appréciable.Merci,0.61,2395
"Bon service, La fille qui porte les lunettes est très sympa, et s'entend bien avec les clients",0.94,2396
Très bon service merci ⚘️,0.96,2397
C'est une bonne boutique accueillante qui traite bien des clients et leur respecte,0.98,2398
Très Bon service ❤️❤️,0.96,2399
Un trés bonne service j’adore grâce a youssraa merci bcp et je reviendera inchallah,0.9,2400
Je vous remercie Mlle Yousra pour votre service bon continuation,0.84,2401
Bon qualité de service client Mme youssra 👍,0.92,2402
"Service impeccable, Je tiens à remercier Mlle. YOUSSRA pour ça gentillesse",0.8,2403
Excellent service. Equipe professionnelle serviable,0.97,2404
"Je suis très satisfaite, très bon service👍🏼👍🏼",0.97,2405
"Trés Bon service, J'ai tellement l'admire",0.94,2406
Je suis vraiment très satisfait du service vraiment une équipe top,0.94,2407
Excellente agence un service professionnel et une èquipe très réactive je recommande vivement,0.9,2408
Très bonne service et accueil,0.98,2409
Très Bonne assistence . Bon service . Yousra est une personne très agréable et très serviable,0.98,2410
Excellent service et La fille Youssra três gentille,0.96,2411
très bon service client 👌,0.94,2412
"Très bon service, très satisfaite Merci !!",0.99,2413
Serait plus facile d’ajouter un numero de telephone au lieu de se deplacer a l’agence car ma ligne n’a pas ete activee et le service client me demande de re-voir avec l’agence poir activer la ligne.,0.35,2414
"Rapidité de service, accueillant, serviable , merci ❤️",0.91,2415
Agréable agence Les filles sont très gentille et professionnelle surtout à l’écoute,0.71,2416
"Merci Mlle Youssra, rapidité, efficacité et empathie. Tu es la meilleure",0.98,2417
Je suis très satisfaite par le service de youssra chez l'agence orange casa port. Serviable et professionnel,0.95,2418
Très bon service ❤️,0.98,2419
"Service au top, un grand merci !!",0.99,2420
Je te remercie de m'avoir rendu service🥰🥰,-0.41,2421
Bon service qualité,0.96,2422
Trés bon service,0.89,2423
"Service Très nul, Ne perdrez pas votre temps a cette agence, la fille qui travaille dans cette agence elle est pas envie de faire son travail, et elle n’a aucune réponse quelque",-0.55,2424
Merci infiniment pour votre service 😊😊🙏,0.84,2425
Bon service merci boucoup.,0.87,2426
Servicer incroyable avec youssra,0.5,2427
Salam Agence très professionnelle avec un staff tres qualifié,0.59,2428
Bonne service 🙏🏻,0.96,2429
"Yousra, une fille aimable qui ne se lasse jamais de rire",0.73,2430
Service très sympa de l'agence,0.56,2431
J ai trouvé Un bon service chez orange de casa port,0.94,2432
Bonjour je demande si je peux changer ma puce en esim chez vous,0.53,2433
Je suis vraiment très satisfait,0.9,2434
Le meilleur service dans la meilleure agence à casa port merci à vous,0.97,2435
Je suis très satisfait de mon passage à l'agence casa port,0.8,2436
Très bon service ✨,0.98,2437
Merci pour votre service 😊😊☺️,0.96,2438
Toujours fermé....les employés passent leurs temps en pause sur cette agence....90% de leur temps c'est fermé....pour un client depuis méditel j'ai juste envie de résilier car je perd du temps à faire des va et viens à l'agence et c'est tout le temps fermé,-0.58,2439
Un service tremplin parfait,0.75,2440
Merci beoucoup a votre sérvice ❤️❤️❤️❤️❤️❤️❤️,0.76,2441
Bon service mashaalah,0.87,2442
"En entresol, des jeunes qui se plaquent pr fumer des joints, de l'odeur de pisse à côté, déco minimalisme, on dirait qu'on les a cambriolé",-0.9,2443
Bonne service 😇,0.96,2444
Bon Qualité de travail,0.93,2445
Meilleur service,0.95,2446
Très bonne service,0.96,2447
Je suis très satisfait,0.89,2448
Merci pour votre service,0.97,2449
La nullité de leur service vous donne envie de changer l’opérateur carrément.,-0.65,2450
Bonne expériences,0.95,2451
"Service Très nul,",-0.52,2452
Bon service 🤍,0.92,2453
Good expérience,0.96,2454
Bonne service,0.97,2455
Service client impeccable,0.48,2456
Bon service client,0.87,2457
Très bon service,0.98,2458
Bon lieu 👌🏻,0.84,2459
Merci pour votre service,0.97,2460
Bonne relation client,0.96,2461
Bon service,0.92,2462
Bienvenue sur orange edt moi,0.74,2463
Bonne service,0.97,2464
Très bon service,0.98,2465
Très bon service,0.98,2466
Merci pour votre service,0.97,2467
Bon service,0.92,2468
Satisfait,0.89,2469
BON SERVICE,0.57,2470
Très bon service,0.98,2471
Très bon service,0.98,2472
Merci pour votre service,0.97,2473
Bon service,0.92,2474
Bon service,0.92,2475
Satisfait,0.89,2476
Satisfait,0.89,2477
Bon service,0.92,2478
"Insatisfaite, la réceptionniste était tellement impolie et négligente.",-0.92,2479
"Excellent service chez Orange ! Le personnel était sympathique, compétent et m'a rapidement aidé. Tout s'est déroulé sans accroc et avec professionnalisme. Je recommande vivement.",0.93,2480
"L'employée, Yusra, une femme portant des lunettes, nous a fourni un service médiocre. Elle nous a forcés à écrire un bon avis. Virez-la ; c'est une honte pour Orange. Quand nous voulons recharger notre abonnement internet, il nous complique toujours la tâche.",0.77,2481
"Je venais de loin et j'avais besoin d'un nouveau numéro après avoir perdu le mien. À l'agence, j'ai trouvé une conseillère à lunettes qui m'a beaucoup aidée en m'expliquant les différents forfaits et leurs avantages. Malgré ma fatigue et le",0.43,2482
Très serviable. La jeune femme parle anglais et français. Elle donne les meilleurs conseils aux clients. Fortement recommandé.,0.94,2483
Je recommande vivement. La jeune femme est très serviable. Elle parle anglais et français.,0.75,2484
"Bon service, merci.",0.94,2485
Bon service et personnel très accessible.,0.91,2486
Une qualité de traitement élevée après avoir été dans une situation peu enviable,0.55,2487
Service excellent,0.96,2488
Je ne comprends pas pourquoi vous embauchez quelqu'un comme elle ; elle ne veut absolument pas travailler. Je suis venue récupérer mon numéro et elle a été impolie. Elle m'a immédiatement dit d'aller voir une autre agence et qu'elle ne pouvait pas me le rendre. Un vrai fiasco ! Je ne recommande pas.,-0.66,2489
Service excellent,0.96,2490
"Ce sont des arnaqueuses et des voleuses ! Elles m'ont vendu une carte SIM d'occasion avec un nom allemand, et sa validité était inférieure au prix payé. Au lieu d'une heure de communication, je n'ai eu que cinq minutes. Quand je suis",-0.84,2491
Très bon service,0.98,2492
Excellent service avec des gens gentils,0.97,2493
Très bon service de Yousra,0.97,2494
Service décevant. Nous payons toujours notre abonnement mensuel et une employée nous dit d'aller chez Cash Plus. Avons-nous un abonnement chez Orange ou chez Cash Plus ?,0.47,2495
Service déplorable.  La jeune femme était très irrespectueuse ; j’avais l’impression de la supplier. Ce n’est pas un service digne de ce nom.,-0.93,2496
Expérience merveilleuse grâce à Yousra,0.82,2497
Service excellent,0.96,2498
Merci pour votre coopération,0.97,2499
Très bon service,0.98,2500
Le manque de service donne envie de changer complètement d'opérateur. Les agents manquent de professionnalisme.,-0.88,2501
Meilleur service client 👏,0.93,2502
Service excellent,0.96,2503
"Nous avons terminé le premier mois du programme Forfi et le deuxième mois est terminé, mais il n'a pas encore été publié...",0.0,2504
Très bon traitement,0.95,2505
La meilleure agence qui soit,0.87,2506
Bon service,0.92,2507
Bon service,0.92,2508
Merci à tous,0.94,2509
Service excellent.,0.97,2510
Traiter au niveau,0.57,2511
Bon service,0.92,2512
À SERVIR DE PRÉFÉRENCE ✌️,0.5,2513
Bon service,0.92,2514
Des briques sans briques,0.45,2515
Merci ❤️,0.86,2516
Excellent service ❤❤❤,0.95,2517
Service haut,0.6,2518
Bonnes affaires,0.9,2519
Bon service,0.92,2520
Bon service,0.92,2521
Bon service,0.92,2522
Bien,0.75,2523
Mchalh alikom,0.46,2524
Service excellent,0.96,2525
Bon service,0.92,2526
Merci,0.86,2527
👍👍,0.42,2528
Bien,0.75,2529
Service excellent,0.96,2530
Bon service,0.92,2531
Bon service,0.92,2532
Service excellent,0.96,2533
10:10 du matin et toujours fermé ..,-0.43,2534
Personel désagréable !!!a 10.30 du matin la jeune fille était en pause alors que le magasin ouvre à 10h réponse après avoir attendu 15 minutes son retour :vous pouvez faire une réclamation si vous voulez et je ne vous dit pas comment je,-0.94,2535
"Excellent service. Rapide, efficace et de bons conseils.",0.99,2536
Agent très désagréable. Incompétente. Informations erronées,-0.88,2537
"J'ai eu besoin d'aide avec l'application à deux reprises. En tant que cliente de ce bureau, je m'y suis rendue et les deux employées plaisantaient et m'ont simplement dit d'appeler le service client ! Eh oui, mesdames, c'est comme ça qu'on fait : mieux vaut rester assise à s'ennuyer que d'aider un client.",-0.53,2538
"C'est la deuxième fois que je viens ici en semaine, et les portes sont fermées.",-0.49,2539
Mauvaise communication 😩,0.46,2540
Bon service client,0.87,2541
Excellent service client,0.92,2542
"Je suis très déçu du service. Je me suis rendu à l’agence Orange pour résilier mon contrat d’abonnement. On m’a fait signer un papier, puis on m’a dit d’appeler le service client. Depuis des jours, impossible de les joindre. Et maintenant,",-0.9,2543
Je vous remercie infiniment. Continuez à faire du bon travail ! Les entreprises rêvent de trouver des employés comme vous.,0.95,2544
"J’ai été très satisfaite de mon expérience dans cette boutique. Le service était impeccable, avec un personnel à la fois compétent et très souriant. Mercii😍",0.81,2545
"Je vous remercie orange pour bon qualité services,je suis très satisfait. L'équipe très professionnelle et accueillant. Bravo et continuez.",0.97,2546
Cette agence de Goulmima est vraiment satisfait les besoins des clients avec un bon service et les femmes de cet agence sont sympathiques et avec un bon sens de communication et l’accueil.,0.95,2547
Je vous suis très reconnaissant pour votre travail. Je vous remercie pour tout ce que vous faites avec vos clients. Il est rare de rencontrer des personnes aussi dévouées et dignes de confiance. Vos efforts ne passent pas inaperçus.,0.7,2548
je vous remercie la commerciale de l'Orange Agence Goulmima Je vous remercie orange pour bon qualité services par apport l'accueil l'information et tous les agents sont des milliers a propos la bon communication et on plus de ça sont satisfaits mes besoins.,0.93,2549
Merci pour votre excellent service et votre professionnalisme. très agréable. Bravo et continuez ainsi,0.99,2550
Je suis tres satisfait pour votre service et je vous remercie pour tous ce que vous faites avec vous client,0.93,2551
"Bonjour , personnel totalement incompétents, voila 15 jours que je me suis abonné a la fibre depuis sans nouvelles ! J’ai etais contacter deux fois pour la prise de rendez vous et les deux fois personne ne  c’est presente au rdv ! D’après",-0.58,2552
Service nuuul. J ai donné 1 étoile car y en a pas de possibilité pour donner 0. Personnel incompétent! Ça fait un siècle qu'on arrange des rdv pour installer la fibre optique et ç tjrs pas fait!!! Nous changerons de société!!,-0.78,2553
"Agence goulmima à fuire!! Ils ferment avant l’heure, tardent bcp pour ouvrir l’après-midi (je parle d’un retard de plus d’une heure), ne répondent pas au téléphone. Je passe presque chaque jour cette semaine dans cette agence et à chaque",-0.9,2554
Très bon service pour cette agence orange de bourgogne,0.97,2555
"Bon service,  je suis très satisfaite",0.95,2556
Service nuuul!! J'ai jamais cru que la fibre optique prend 70 ans pour être installée. Aucune appréciation donnée aux clients & le service est anarchique!!!,-0.93,2557
Le service et les employés de ce lieu est vraiment super et sympa c'est mon agence habituel,0.91,2558
Cette agence de goulmima est vraiment satisfait les besoins des clients avec un bon service et les femmes de cet agence sont sympathiques et avec un bon sens de communication et l’accueil.,0.95,2559
Merci infiniment 🙏 Très bonne service 👍,0.94,2560
Bonjour Je vous remercie les agents commercial de l'agence Goulmima Orange a votre bon service et toujours bon service. Merci,0.98,2561
Bonjour Je vous remercie orange pour bon qualité services par apport l'accueil l'information et tous les agents sont des milliers a propos la bon communication et on,0.97,2562
"Personnel de la boutique Orange Goulmima désagréable au possible, à éviter.",-0.65,2563
Très bonne service 👍👍👍 top,0.97,2564
Très bon service 👌🏻,0.98,2565
Très bon service merci,0.97,2566
bon travail et bon satisfait,0.99,2567
Très satisfait,0.92,2568
Très bon service,0.98,2569
Excellent accueil,0.97,2570
Bon services,0.93,2571
Bon service,0.92,2572
👍👍👍👍👍👍,0.42,2573
Excellente,0.98,2574
Très mauvais service,-0.95,2575
"Je remercie l'agence Orange Guelmim pour son service, en particulier les filles, car elles sont très bien traitées, en particulier Fatima Zahra. Je la remercie infiniment pour son excellent accueil et pour nous avoir consacré beaucoup de temps. Merci.",0.95,2576
"Merci Orange pour l'excellent service que vous offrez, et je remercie tout particulièrement la succursale de Guelmim pour sa réactivité et sa bonne communication.",0.97,2577
Service top top top j'avais un problème avec mon WiFi ou c'était le même que mon zahra sarahaaa 3tatni wa9t ou tableau pour ça hta 9adito,-0.42,2578
Vraiment le servir ili top top top .fatimazzahra merci bazaaaf 3la 7osn ta3amol,0.87,2579
"La meilleure agence en termes de service, de dévouement au travail et d'excellent traitement de la clientèle. Merci.",0.96,2580
"Excellent travail les gars, je recommande vivement ✨",0.92,2581
"Que la paix soit avec vous.  Je remercie Orange pour ses services, et je tiens également à remercier la",0.89,2582
"Il ne maîtrise pas les bases des téléphones double SIM. Il n'a pas remplacé la carte SIM principale (appels et données) par la carte locale avant d'effectuer un test. Cela a entraîné des frais exorbitants de la part de mon opérateur national. Et ce, malgré nos avertissements clairs : il ne fallait absolument pas procéder ainsi.",-0.66,2583
La meilleure agence en termes de traitement,0.9,2584
"Plus d'une heure de diffusion, ils n'acceptent pas les paiements par carte bancaire",0.0,2585
Meilleur service,0.95,2586
Bon service 🙏,0.92,2587
Orange 1er réseau au maroc ☆☆☆☆☆,0.62,2588
Top parfait,0.89,2589
Haut,0.44,2590
Cool,0.91,2591
Service très lent et médiocre,0.63,2592
Fermé avant l'heure prévue,0.43,2593
Service client déplorable.,-0.79,2594
Vraiment incroyable,-0.52,2595
Nulllll,-0.4,2596
"Service médiocre. Un agent de l'agence a agi de manière impolie et arrogante, ce qui m'a poussé à annuler mon abonnement fibre 100 Mo. Très déçu par son comportement ! 😡😡😡",-0.93,2597
Une équipe professionnelle remarquable et sympathique,0.95,2598
"À Fuuiiiiiirrrrr!!!!!!! Service de très mauvaise qualité, le mauvais comportement du personnel de l'agence risque de faire perdre un nombre important de client de la compagnie.",-0.98,2599
Service nulle zéro,-0.49,2600
"Équipe professionnelle, bon service",0.95,2601
Mauvais service et mauvaise expérience,-0.88,2602
Le meilleur service de cette agence ; le monsieur est très poli et professionnel.,0.93,2603
traitement médiocre,0.56,2604
Ces personnes (les agents) m'ont fait aimer l'entreprise.,0.82,2605
bon ben....si vous avez besoin de rien vous pouvez y aller. je passe 2 fois et ils n ont pas de carte internet.....,0.79,2606
"15heures 30 et l'agence est fermée,  aucun contrôle de la maison mère,  ils font ce quils veulent et ternissent l'image de Orange",-0.64,2607
Agents accueillant ayant le sens du service,0.82,2608
Très bon service,0.98,2609
Juste c'est le plus proche,0.57,2610
bien,0.96,2611
Bon service,0.92,2612
Nul,-0.4,2613
Bonne réception,0.94,2614
Sénégalais,0.39,2615
Un service null. Le comportement de cette employée était extrêmement provocateur et irrespectueux envers les clients. Je vous conseille de l'éviter.,-0.96,2616
"Quel manque de professionnalisme ! Quels sont vos critères de recrutement pour ces agents ? Ils ne font absolument aucun effort pour fidéliser les clients, mais expliquent comment résilier facilement. C'est inadmissible !",-0.95,2617
"Le pire service que j'aie jamais vu ! Ils ne peuvent pas vous aider. Adressez-vous plutôt à une grande agence, ne perdez pas votre temps.",-0.77,2618
Correct,0.5,2619
A fuir a se demander a quoi sert le service après vente et le service client !!! Pour vous expliquer : problème technique de la box sachant que la carte sim de la box est chargé d'un montent de 300 dh cette dernière fonctionne tres bien,-0.59,2620
"Pire expérience. Je leur demande un abonnement fibre optique. Je signe, il me disent qu'un technicien va passer dans 2 jours max. Le désastre commence là: les techniciens viennent, me disent que le cable chez moi bloque quelque part et il",-0.84,2621
"Le Monsieur blond avec lunettes à l'agence est très professionnel. Je voulais la fibre mais apparemment dans ma ruelle à derb ghallef y a pas de fibre. Merci pour l'amabilité, le professionnalisme, d'avoir passé un très long moment pour",0.61,2622
"Service Horrible, Demande de portabilité jamais effectuée; On s'est permis d'envoyer la demande d'exécution à mon ancien opérateur avant d'activer mon numéro!  Pire, on me renvoie depuis le matin en me disant que les délais de traitement",-0.9,2623
Un service client inexistant et laissant à desirer.. J'ai dû faire l aller retour 2 fois pour une demande de résiliation de ma ligne!,-0.65,2624
"Le service client m’a dirigé vers une agence Orange pour une demande de déménagement de ma ligne fibre, quand je suis arrivé à cette agence, j’ai été surpris qu’ils ne faisaient pas déménagement",-0.5,2625
"Service null et personnel incompétent, le Mr n'est pas à l'agence on l'attend 20 minutes pour nous donner de faux renseignements on nous disant que l'offre en question n'est plus disponible sadderna bel3arbya et il s'en fout carrément. Bref mauvaise experience !!!",-0.96,2626
Pire opérateur du Maroc cela fait 10jours j'ai pas internet chez moi et il ne font rien,-0.43,2627
Mauvaise expérience des agents commerciaux qui ne sont pas crédible la ligne 121 fait semblant qu'il écoute et traite les réclamations alors quils n'ont pas le pouvoir d'agir ainsi les responsables du service après vente se cachent toujours,-0.66,2628
Merci pour le service.  Ils m'ont depanné pendant les  fêtes et week end.,0.94,2629
Accueil nul et mauvais conseils.,-0.9,2630
"Problème technique dans l’agence, sans donner un quelconque délai et me priant de me rendre immédiatement dans une autre agence.",0.0,2631
Service impeccable surtout le jeune homme qui porte les lunettes,-0.42,2632
Mauvaise Service après vente.,0.42,2633
Ne respecte pas les horaires du travail,0.0,2634
Une honte,0.59,2635
Très occupé sur son téléphone,0.49,2636
Mauvaise service,0.55,2637
Mauvaise,0.5,2638
"Je souhaite partager mon expérience en tant que client, car la situation devient vraiment préoccupante",-0.52,2639
La pire agence que j'aie jamais fréquentée.,-0.69,2640
Bonne réception,0.94,2641
Le pire service,-0.47,2642
Le service Orange est bon.,0.96,2643
il y a un certain relâchement dans le service,0.48,2644
"Merci beaucoup à l’agence pour son excellent accueil et son professionnalisme. Service rapide, efficace et personnel très aimable. Je recommande vivement!",0.98,2645
"Service impeccable et professionnel, merci pour votre accueil 👍👍👍",0.72,2646
Meilleur service,0.95,2647
"Bonjour à vous , Je ne comprends pas ce comportement des personnes qui travaillent chez vous , aujourd'hui l'Etat nous demande de rester à la maison et j'ai acheté une carte et",0.47,2648
"C’est tout simplement la meilleure boutique Orange de tout Casablanca. J’habite au SUD de Casablanca, ça fait loin mais croyez-moi ça vaut le déplacement. En plus on se déplace une seule fois et le reste c’est tout par téléphone avec la",0.49,2649
En date du 30/06/2022 j ai recharge 120 dhs  sur mon tel malheureusement et d un seul coup le solde s est échappé et je n ai même pas consommé un centime. Depuis ce jour je n ai arrêté de contacter le service clientèle 01/07  et 04/07,-0.84,2650
"De passage au Maroc pour un déplacement professionnel, j'ai sollicité les services de cette agence pour une carte sim, le service était juste incroyable. La jeune dame m'a très bien expliqué et orienté, j'ai pu repartir avec une carte sim",0.61,2651
"Très bon service, mes lignes professionnelles ont été activées très rapidement, ainsi que la fibre, je recommande vivement.",0.96,2652
Très bonne qualité de service sérieux et professionnalisme je recommande vivement,0.95,2653
Merci Orange pour le service,0.94,2654
Très bon service 👍,0.98,2655
Très bon service,0.98,2656
Bonne qualité et très bon service ❤👌👌👌,0.99,2657
"Agence à la hauteur, personnel souriant, Merci.",0.8,2658
Personnel très accueillant et compétant,0.96,2659
Bon service .,0.95,2660
C'est bien,0.98,2661
Service rapide,0.73,2662
Bon servic👏,0.91,2663
Agance c fermé ?????,-0.49,2664
Top services,0.73,2665
Un lieu de service téléphonique,0.55,2666
"Les services offerts par cette agence sont excellents et le service client irréprochable. Mes amis et moi, qui avons déjà fait appel à leurs services à titre professionnel, partageons le même avis et la même satisfaction. C'est pourquoi je",0.85,2667
"Excellent accueil, merci.",0.98,2668
Service excellent,0.96,2669
Traiter au niveau,0.57,2670
"Excellent service, merci beaucoup et bonne chance !",0.99,2671
Boutique A7san Orange,0.66,2672
"Malheureusement, le traitement était inapproprié.",-0.84,2673
Service excellent,0.96,2674
Bon service,0.92,2675
Transaction claire et explicite,0.45,2676
bon service,0.96,2677
Accueil convivial,0.7,2678
Services faciles,0.79,2679
mauvais service,-0.85,2680
Pas très bon,0.91,2681
M.h123450,0.51,2682
haut,0.56,2683
Le service était parfait et la dame au guichet très à l’écoute merci encore,0.9,2684
Tres bon service et merci beaucoup mr hicham,0.93,2685
"la personne à l'accueil est minable , irrespectueuse. C'est bien dommage",-0.96,2686
L'agence ne se trouve pas exactement a l'endroit indiqué et plus j'ai trouvé l'agence férmée a 13h30 contairement a ce qui est indiqué sur cet fiche,-0.52,2687
"La personne a l'accueil Irrespectueux, mauvais service malheureusement",-0.93,2688
Bon service et accueil très gentil,0.98,2689
"Informations erronées, partielles, approche contractuelle flou. Service déplorable",-0.81,2690
Très mauvais accueil !,-0.98,2691
Catastrophique,-0.62,2692
"Un grand merci aux conseillers,Hafsa et Hicham, de l'agence orange val fleuri, pour leur patience et leur gentillesse. C'est un réel plaisir d'être accompagné par des personnes aussi compétentes et souriantes. Ne changez rien, vous faites un excellent travail",0.9,2693
Excellent service de la part du personnel de cette agence en particulier Mr Hicham et Madame Hafsa,0.95,2694
Boutique et personnel au soin ! Rapide efficace je recommande Hafsa,0.94,2695
"Les employés de cette agence d'Orange sont aimables et serviables. Cependant, l'entreprise dans son ensemble est déplorable. Leur connexion Wi-Fi à domicile a été interrompue neuf fois en un an. Lorsque j'ai voulu résilier mon contrat, j'ai",-0.79,2696
"J'ai récemment eu la malheureuse expérience avec Orange et je me suis senti obligé de partager ma déception avec d'autres personnes concernant leurs services. Dès mon arrivée, j'ai compris que quelque chose clochait. La réceptionniste, dont",-0.9,2697
"Fermé à l'heure prévue. Il est 15h20 samedi, et personne ne travaille.",-0.37,2698
Cela fait un mois que j'essaie d'obtenir la fibre optique et je ne l'ai toujours pas reçue. De quel genre de service s'agit-il ?,-0.49,2699
"Franchement, j'ai été très impressionné par l'accueil et la clarté des explications concernant les offres disponibles. Un grand merci !",0.98,2700
Bon accueil et bon traitement. Merci. Je suis très satisfait.,0.98,2701
Pas ouvert pendant les heures affichées,0.0,2702
"Désormais j'ai vécu une très mauvaise expérience avec la conseillère de cette boutique ! Malheureusement je suis pas le seul à contesté, très désagréable, un acceuil froid, Pas digne de ce job!",-0.98,2703
Agence professionelle et tres bon service,0.95,2704
Très bon service,0.98,2705
Très bon service,0.98,2706
Très bon service à l’agence ainsebaa srtt la fille qui m’a aidée très gentille et professionnel Merci beaucoup,0.95,2707
"La réceptionniste du bureau est très aimable et accueillante envers tout le monde, et elle vous laisse suffisamment de temps pour comprendre.",0.95,2708
Très bon service,0.98,2709
Agence très professionnelle et très bon service,0.95,2710
La meilleure agence du monde,0.95,2711
Service excellent,0.96,2712
Wifi d’jib acheté après 2 jours je constate que sa batterie qui est censé normalement tenir huit heures ne tient même pas deux heures. Je reviens à la boutique pour demander un échange de batterie et la dame me dit ´que c’est trop tard on,-0.42,2713
personnels non polyvalant mauvaise comunication et mauvais acceuil,-0.58,2714
Agence et gérant agréables !,0.62,2715
Un service client qui laisse globalement à désirer,-0.8,2716
❤️❤️❤️❤️🫡🫡🫡🫡🫡,0.42,2717
C'est du n'importe quoi...c'est fermé alors que je me suis tapé un long chemin,-0.58,2718
"Service tres mauvais, je ne recommande pas cette agence!! J’ai fait une demande dans cette agence a laquelle je n’ai pas encore eu de réponse jusqu’à présent, tandis que dans une autre agence, ma demande a été traitée et j’ai déjà eu l’installation de fibre optique faite",-0.95,2719
"Merci Mme SARA pour votre service, l'installation de mon abonnement Fibre optique dans le meilleur délai",0.92,2720
Tres Bon Service,0.78,2721
Merci bcp sara,0.63,2722
Service de client est nul,0.0,2723
Merci sara,0.76,2724
Bien,0.75,2725
Le service est excellent et toutes les démarches se déroulent sans accroc. Je me sens comme en famille.,0.92,2726
Service excellent,0.96,2727
Le service client est bon et conforme aux normes.,0.93,2728
Il était fermé aujourd'hui !,-0.69,2729
"Agence fermée à 10h10 alors que l'horaire d'ouverture est affiché à 9h. Aucun personnel sur place, rideau baissé, impossible d'obtenir des informations. Très décevant pour un service censé être accessible aux clients.",-0.79,2730
Très mauvais service. Kaydwi m3ak o mnefekh. Mauvais personnel,-0.96,2731
"Personnel incompétent et pas serviable,je suis alle a une autre agence ,ils ont traite le probleme vite et le persinnel accueillant et serviable bravo à eux ils se trouvent au prince moulay abdellah ´",-0.49,2732
Le monsieur sur place est gentil serviable il nous a tout expliqué je recommande,0.62,2733
Vente de cartes invalides. Fraude,-0.75,2734
Des étiquettes pour l’installation de la fibre Orange ont été collées sur ma maison sans aucune autorisation. Il s’agit d’une propriété privée et personne ne m’a demandé mon accord. J’ai des photos comme preuves. Merci de respecter les habitants et de demander l’autorisation avant d’intervenir.,0.0,2735
Très bon service. Personnel à l'écoute du besoin réel et de bons conseils. 5 étoiles pour la disponibilité et les très bonnes explications concernant les différents abonnements et Pass Merci.,0.99,2736
Très bon service.,0.98,2737
Ras,0.49,2738
Merci pour le service et l'excellent accueil 🙏,0.99,2739
Service impeccable 👍🏻 Bonne continuation,0.85,2740
"Merci pour votre service, et pour votre écoute et votre accueil chaleureux.",0.97,2741
bien,0.96,2742
"Bonjour, Je suis très satisfait, du comportement du vendeur Mr KHALID LACHGAR Magasin Ben Omar 743 Maarif pour tout le parcours ...",0.93,2743
"Bonjour, Je suis  Trés satisfait du vendeur Mr khalid lachgar Magasin ben Omar",0.85,2744
"Bonjour, Merci de visiter l'agence BenOmar Maarif Pour vous accompagner à réaliser vos besoins Orange, pour moi je suis très",0.96,2745
Bonjour Je suis très satisfait du comportement du vendeur Mr KHALID LACHGAR agence Ben Omar 743 maarif Merci.,0.84,2746
Bonjour Je suis tres satisfait du vendeur Mr Khalid Lachgar agence Benomar Maarif Merci,0.89,2747
Impeccable.  Professionnalisme et maîtrise de si khalid lachgar ( agence benomar) du produit. Temps de prise en charge record avec des explications pointues,-0.47,2748
bonjour bonne service je remercie mr khalid agence ben omar maarif,0.93,2749
"Merci beaucoup pour le bon service, très satisfait, agence ben omar maarif",0.98,2750
Bonjour Je suis très satisfait du vendeur Mr Khalid Lachgar agence Ben Omar Maarif,0.89,2751
Trés bon service,0.89,2752
"Ben Omar est une personne formidable, il fait de son mieux pour servir le client.",0.87,2753
"Hassan ,très serviable,toujours souriant",0.86,2754
bon acueil et service,0.97,2755
Professionnels!!,0.81,2756
"Très, très bon",0.99,2757
UN,0.47,2758
"Depuis le 23/08/2025, ma ligne est hors service à cause de travaux Orange dans le secteur. Malgré plusieurs relances, toujours aucune solution. Si ça continue, je vais résilier toutes les lignes de ma société. Je conseille à tout le monde",-0.45,2759
Toujours la même expérience et pareil que les deux autres opérateurs principaux dans notre chèr pays...la première fois pour s'abonner tu es la bienvenue et tout se passe très bien après la signature du contrat et après 3 ans  4 ans de,0.67,2760
"Pour résilier j'ai du me déplacer depuis dar bouazza a cette adresse , et puis une fois sur place j'ai rempli le formulaire et le mec sur place m'a bien dit que tout est ok.",0.79,2761
Sans mentir le service est super agréable pas de perte de temps tout mes abonnements passe par cette agence merci bonne continuation 👌🙏,0.55,2762
"Salam alikom, Je suis client d'orange plus que vingt ans,et je suis reconnaissant de cette agence pour le service",0.72,2763
Je suis très satisfait du service de cette agence toujours toop merci et bonne continuation 🙏🙏🙏,0.89,2764
Service nuuuul! Ça fait 5jours que la fibre ne marche pas chez moi et aucun retour apres 10000 reclamations,-0.79,2765
"Très satisfait du service de cette agence, toujours disponible pour n'importe quelle information.",0.85,2766
Service très bas et nul au agence imilzola à revoir,-0.41,2767
Une très bonne expérience je suis satisfait,0.94,2768
La connexion wifi  ne marche pas à bouskoura !!!!,-0.59,2769
Bon,0.91,2770
"Le 6 mars 2023, je suis arrivé à 9h30, c'était fermé. On dirait que ça n'ouvre jamais ! Quelle perte de temps d'avoir marché 25 minutes pour y arriver !",-0.71,2771
Mauvais service - ils m'ont également laissé attendre 14 jours d'affilée pour réparer mon wifi,-0.47,2772
"J'ai rapidement activé mon forfait internet (plus de Go que prévu, un bonus appréciable !).",0.69,2773
"Ce lieu n'existe pas, sachez qu'il s'agit d'un troll et non d'une véritable agence.",-0.5,2774
La pire entreprise de télécommunications de tous les temps,-0.82,2775
😍👍,0.42,2776
"Inacceptable ! Je me suis déplacé à 11h du matin pour me rendre à l’agence Orange et je l’ai trouvée fermée sans aucun mot, aucune explication. C’est un manque total de respect pour les clients. À quoi servent les horaires affichés si",-0.42,2777
"Sincerement vous feriez mieux de virer ce monsieur à ce post , sur 20demandes jamais au plus grand jamais 1 seule n’a été résolue, tu veux « une Box rupture de stock carte sim rupture de stock, machine ne marche pas , problème système,",-0.61,2778
"Il semble que votre système soit dépassé, datant des années 80, ou alors que votre service clientèle trouve constamment des excuses pour éviter de travailler. Je suis confronté à des va-et-vient incessants pour obtenir une eSIM sous",-0.87,2779
Il m’a dit que il existe pas le dar box de 199 juste pour prendre celui qui est à 400 et il m’a pas répondu à mes questions clairement comme si il sait pas exactement le produit,0.0,2780
L'agent est accueillant et ne manque de professionnalisme. Il m'a vendu deux services d'une manière fluide et charmante. Dr Benbouziyane,0.71,2781
"Une boutique tout le temps fermée, accueil zéro , incompétent.",0.58,2782
Très bon service ! professionnel et à la hauteur.,0.99,2783
Dommage que les paiements soient souvent en panne,-0.61,2784
Service rapide et efficace,0.87,2785
Un peu bien,0.96,2786
Own shop Orange Maroc,0.6,2787
"Service médiocre, le monsieur ne répond pas aux demandes comme il convient.",0.0,2788
"Incompétent, personnel impolie, mauvais accueil et expérience. Si possible à éviter",-0.94,2789
"Service client déplorable.  L'agence donne l'impression d'être ouverte uniquement de nom, sans fournir de",-0.78,2790
"Agence incompétente, toutes les demandes ne sont pas satisfaites, les hommes à l'accueil se prennent pour des rois !",-0.6,2791
"Bonjour, j'ai bien reçu une carte SIM Wi-Fi de votre part, mais elle ne fonctionne toujours pas.",0.79,2792
"Service vraiment déplorable. Ils prennent une pause de 2 heures, de 13h à 15h. Quand j'ai demandé à être servi à 13h20 et que j'ai expliqué que c'était la quatrième fois que je venais à 13h et qu'on me disait de revenir, ils se sont mis à",-0.93,2793
Service nul,-0.45,2794
Grossier et non professionnel. 👎,-0.51,2795
"Pour la première fois, j’ai vraiment aimé le service. L’accueil était chaleureux, le personnel était professionnel et très respectueux. Je me suis sentie à l’aise et bien prise en charge. Merci beaucoup! 👏🏻",0.98,2796
Un vrai service client. Les filles sont tres serviables a l’écoute. A dupliquer dans ttes les agences oranges. Merci 🙏🙏,0.86,2797
Très serviable surtout si vous trouvez  le hajj  abdellah  le gérant historique de magasin  bon explications  pour  les forfaits  disponibles  cher Orange  bon orientation  vers ce que  vous  voudrais et n'oubliez  pas l'autre  équipe,0.87,2798
Service catastrophique a éviter,-0.6,2799
bon service et bon accueil merci bcp  magnifique agence orange 👍👍👍,0.97,2800
Un service de qualité,0.83,2801
Mauvaise expérience des personnes I responsable du foutage de gueule honte à vou,-0.55,2802
Tres Bon service ❤️,0.85,2803
Service très satisfait 😁,0.88,2804
"Paix Tout mon respect aux personnes qui travaillent dans cette agence. Elles ont un sens aigu du devoir, un respect mutuel et prennent le temps de comprendre mes",0.71,2805
"Une agence formidable en termes de traitement, de communication, de perfectionnement, de compréhension, d'appréciation, de respect et d'intégrité. Merci, Agent Abdelrahman.",0.94,2806
"Des services de qualité, et surtout un excellent service après-vente.",0.96,2807
Le service était extrêmement difficile ❤️,-0.76,2808
Très bon accueil Service rapide Personnel compétent,0.97,2809
La fibre d’orange est la fibre la plus nulle que j’ai vue de ma vie elle est lente elle se casse tout le temps je ne vous la recommande surtout pas je donnerai même 0 étoile,-0.66,2810
Bien,0.75,2811
"Code vendeur : RN08596. Faites attention de cette personne, elle m'a confirmé que j'aurais une remise de 50% sur les 3 premières factures or que l'offre avait ete deja expirée 1 mois avant. Aujourd'hui a ma surprise je recois la premiere",-0.44,2812
"Il vaut mieux fermer cette agence. C est une honte pour orange  un chargé  de clientèle avec des lunettes nous annonce toujours sans se gêner « système hors service 7 jours sur 7 » 0 professionnalisme, 0 sourire et 0 tact Waww c est un prétexte pour ne pas faire son boulot Vivement l agence Morroco Mall.",0.41,2813
la jeune demoiselle qu'elle a été à l'accueil ce matin (elle porte le foular ) est vraimenet nule j ai venu pour prendre des rensigniment pour un 2eme abonnement darbox et malheureusement la jeunne demoiselle n avait pas le temps ou plutot,-0.78,2814
Bien accueilli Bonne service Excellente expérience Merci orange,0.98,2815
"La politesse, c’est gratuit",0.52,2816
Mavais actuellement,0.49,2817
"La personne responsable du service a laissé le magasin à moitié fermé  J'ai interpellé l'agent de sécurité et lui ai dit que le magasin devait être ouvert et que cette personne devait revenir rapidement. Après 30 minutes, toujours rien. Veuillez consulter les avis et prendre des mesures  c'est très inadmissible",-0.68,2818
J'ai fréquenté la boutique Orange du Marina Mall. La vendeuse (j'ai oublié son nom) a été très serviable dès notre arrivée à Casablanca. Elle nous a été d'une grande aide et nous a conseillé le forfait idéal.,0.88,2819
Je suis venu dans ce magasin pour la troisième fois afin de recharger mon crédit. Les deux employés que j'ai rencontrés étaient tous deux maussades et sérieux. Ils ne savent pas sourire. J'imagine qu'ils ne veulent pas être dérangés par les clients.,-0.73,2820
"Ma carte SIM a été récupérée par son « ancien propriétaire ». Évitez cet endroit à tout prix, vous risquez de vous faire arnaquer.",-0.57,2821
Ma Hajar m'a offert un excellent service.,0.92,2822
Je suis assis ici depuis 30 minutes et il n'y a littéralement personne.,-0.52,2823
"Un agent très serviable et gentil Conseils pratiques, politesse et courtoisie, je recommande.",0.74,2824
La vous ne serez pas déçu.le service commercial comme il faut vous ne serez pas déçu.,0.0,2825
Un agent par agence? Sérieusement?,-0.54,2826
Meilleurs services,0.96,2827
Voici mon magasin Orange ; vous pouvez y payer vos factures et acheter des abayas et des routeurs.,0.64,2828
Bon service client,0.87,2829
Pas mal,0.41,2830
Meilleur programme,0.94,2831
Très bon service 🙏,0.98,2832
"Excellent accueil, si Dieu le veut.",0.98,2833
"L'attitude inadmissible d'un agent de votre boutique Orange, négligeant ses responsabilités, reflète un grave manque de professionnalisme et nuit à l'image de votre enseigne. Des mesures disciplinaires sont vivement attendues.",-0.96,2834
Agence M. Farid Mers Sultan  Service client exceptionnel 5 étoiles ✅✅✅,0.74,2835
Très mauvais service Personne non professionnelle,-0.97,2836
Personne non professionnel du tout,-0.46,2837
Ça fait 5 mois que je n'ai pas de connection J'attends encore Veuillez faire le nécessaire Merci d'avance,0.48,2838
l'offre est très faible,-0.47,2839
agence  orange,0.66,2840
Mauvais service,0.57,2841
La damme qui travaille à cette agence est tout sauf professionnelle. Elle prend le paiement sans passer la commande qu'après une semaine et avec un dossier tout erroné. J'ai annuler l'abonnement après la période d'angagement à cause d'elle.,-0.89,2842
La porte est déjà fermé a 18:50 😏,-0.44,2843
Réactive,0.4,2844
"Je souhaite souligner le professionnalisme exemplaire de Souad Fadil lors de ma visite à l’agence Orange Maroc. Son expertise, son écoute attentive et sa capacité à proposer des solutions adaptées à mes besoins ont rendu cette expérience",0.79,2845
"Je me suis rendu à cette agence Orange située sur l’avenue Mohammed V au rue mohammed diouri Casablanca afin d’acheter une carte SIM Internet au prix de 199 dirhams, tel qu’indiqué sur le site officiel d’Orange, sans matériel, puisque je",-0.41,2846
Samir le vendeur est très calme et professionnel ! L’agence n’est pas mal et le service est rapide. Je suis satisfaite,0.61,2847
"Très déçue du service Orange en général, et de cette agence en particulier. Le personnel manque d’écoute, et la jeune femme en charge s’est montrée hautaine et peu professionnelle.",-0.93,2848
J'ai été la bas a 09h45  pas encore ouvert,0.0,2849
"2em fois je viens, kal9ahoum sadin... ne sont pas professionnel !!! 7chouma o 3ib o 3ar y7elou o ysedou we9t li bghaw !!!!",-0.78,2850
"Le service client est extrêmement sympathique, le seul problème est que l'endroit est un peu petit, donc à plus de deux clients, le magasin devient vite bondé.",-0.79,2851
"Ils ne respectent pas leurs horaires. Je suis allée deux jours de suite à 18h30 et 18h35, et c'était toujours fermé. C'est très peu professionnel.",-0.46,2852
"J'y suis allé deux fois ! Ils étaient censés être ouverts, mais la porte était fermée et il n'y avait personne. Service déplorable.",-0.89,2853
16:45 hadi o ba9i ma jach  Il est 16h45 et ce n'est toujours pas ouvert,0.0,2854
Service excellent et de grande qualité,0.99,2855
"Je remercie Mme SARA pour votre service, vs êtes à l'écoute, le problème est résolu dans une 1 heure",0.45,2856
Très bon service,0.98,2857
👏🏻,0.42,2858
"La responsable d'agence est très agréable, à l'écoute et donne de très bon conseilles Merci",0.93,2859
Accueil au niveau,0.59,2860
Le service était bon et respectait les normes établies par le gouvernement en matière de santé !,0.97,2861
La responsable d’agence m’a très mal parlé et regardait son téléphone en même temps. Je suis venu la voir pour un problème de wifi et elle m’a dis de voir avec le service commercial par téléphone sans aucune explication. Pas de bonjour ni au revoir. À quoi sert cette agence ?,-0.81,2862
Personne dans l’agence catastrophique ! Il faut la changer au plus vite et recruter quelqu’un motivé à rendre service aux clients Orange.,-0.86,2863
"J'ai visité Orange à deux reprises à cet endroit et les deux messieurs ont été très serviables, Youness en particulier.",0.84,2864
Localisation incorrect,-0.47,2865
"Mauvaise expérience, je ne recommande pas cette entreprise. J’ai fait une demande d’installation de la fibre le 21/01 et, aujourd’hui, le 29/01, je n’ai toujours reçu aucun appel. Le commercial m’avait pourtant assuré que les techniciens",-0.5,2866
"Zéro qualité de service, zéro professionnalisme",0.88,2867
"Votre agence de ferdaous, mauvais service , les conseillères clientèle impolies , mal éduquées, répondent très mal aux clients, raccroche au nez du consommateurs. Pour envoyer une équipe installer le wifi plus de 48 et elles ont l’audace de dire qu’elles ont trop de travail elles n’ont pas que ça à faire. Je suis déçu du service",-0.97,2868
Ils ont été extrêmement impolis avec moi parce que mon français n'est pas très bon.,-0.88,2869
Excellent,0.96,2870
"Bjr J ai acheté deux mois connection internet , Mais il ya plus de connectiô",-0.37,2871
"Bonjour, j'ai fais une demande pour un transfert de ma ligne fibre orange, suite à un déménagement . la commerciale en agence ne connait pas la procédure du déménagement",0.44,2872
"Très mauvaise expérience. Pas de lumière, pas de Wi-Fi, pas de monnaie. La dame qui travaille là-bas est arrogante.",-0.94,2873
Orange dans cette zone ? À éviter,-0.42,2874
"Personnel incompétent, la dame à l’accueil m’a mal expliqué mon abonnement et était désagréable. De plus, elle m’a demandé de la payée 250 Dirhams sauf que après vérification de mes factures Orange, le montant était de 200 Dirhams. Boutique à fuir.",-0.85,2875
il y a une gentille et serviable employée je l'en courage et je la remercie pour son aide,0.9,2876
"SERVICE IMPECCABLE, FILLE QUI PROPOSE MEILLEURE OFFRE QUI RÉPOND AUX BESOINS, MERCI BEAUCOUP",0.55,2877
Se trouve à côté d'un cyber. Il paraît que ça marche. Bon continuation,0.57,2878
Dommage trop petit pour le quartier,0.42,2879
Mauvaise opérateur,0.51,2880
Quelques services rendus,0.69,2881
Toopp,0.51,2882
Je suis navré de vous informer que ma visite à la boutique Orange maroc a été extrêmement décevante. J'ai été déçu de la solution qui m'a été apportée pour résoudre mon problème.,-0.77,2883
"Bonjour, Vers 14h30 j'ai fait une visite a votre agence et je peux vous dire que j'ai été choqué par l'attitude de la fille qui était au bureau, mal sens commercial,",-0.82,2884
"M. Abdelghani est un homme aimable, toujours à votre service. Je le contacte pour toute question et il y répond immédiatement. Merci.",0.91,2885
"J'ai essayé de les joindre pour obtenir des renseignements, mais ils n'ont pas répondu. Ils ne respectent pas leurs clients. Je ne recommande pas cette agence.",0.0,2886
"Que la paix soit avec vous tous.  Malheureusement, ils ne méritent aucune étoile. Pourquoi ? Tout simplement parce qu'ils ne répondent pas au téléphone.",-0.44,2887
Merci pour les agents qui travaille a cette agence,0.93,2888
J ai eu l occasion de visiter l'agence c'était Bon le service,0.9,2889
Mouvaise service toujours le système ça marche pas entre midi et 14h Vraiment hchoma,-0.36,2890
Personnel accueillant et tres bon service,0.98,2891
Acceuil catastrophique 2 personnes pour 10 clients  . Je pense que c’est la même société orange française  .je suis parti au bout d’une heure  . Déçu,-0.81,2892
Très bon service,0.98,2893
Très bon service,0.98,2894
Équipe réactive et serviable 👌🏼,0.61,2895
Personnelles à la hauteur,0.48,2896
"Terrible service. La dame entre ouvre la porte et me parle étant dehors, me bloquant l’entrée. Répondant à mes questions que pour s’en débarrasser, refuse de prendre ma réclamation en tant que client de la fibre Orange. Me redirige vers le",-0.81,2897
Bon service ou service défectueux,0.76,2898
Bon service merci,0.9,2899
Bon service,0.92,2900
Service nul,-0.45,2901
"Je ne peux pas vraiment les noter ni leur attribuer un nombre d'étoiles, mais je peux dire que leur service était excellent. Ces jeunes hommes étaient très professionnels et courtois. Que Dieu les bénisse et qu'ils soient nombreux. Ils sont vraiment très appréciés.",0.7,2902
Service décevant. Une personne clairement incompétente travaille dans cette agence. Je m’y suis rendue pour régler un problème de fibre optique et j’ai demandé à ce qu’une,0.5,2903
Très satisfait.,0.87,2904
Très satisfait,0.92,2905
"Excellente expérience avec l’agence, en particulier avec Madame Nezha ! Elle est très professionnelle, accueillante et toujours à l’écoute. Grâce à elle, tout s’est passé de manière claire, rapide et agréable.",0.99,2906
Merci à l’agent qui s’est occupé de moi pour son professionnalisme et sa gentillesse. Je recommande,0.87,2907
Je recommande la boutique surtout lbent li tema (Zineb)  super professionnelle gentille et accueillante allah isehel 3liha,0.86,2908
"Le vendeur, M. Tariq, était très professionnel. Le problème de Wi-Fi a été résolu avec succès. Merci.",0.9,2909
Agence Commercial,0.47,2910
"Bonjour, Je suis vraiment déçue par l’accueil de la secrétaire à l’agence Orange. Son attitude manque de professionnalisme et de courtoisie. Au lieu d’aider les clients",-0.8,2911
service extrêmement mauvais,-0.9,2912
Service 0,0.58,2913
bon service,0.96,2914
Mauvais service,0.57,2915
Fermé et ne respectant pas les horaires,-0.55,2916
"Le business model de cette agence est rien moins que surprenant: vendre au maximum, avec peu ou pas de service technique. Quid de la satisfaction du client? Avec Orange, et au Maroc, on devrait s’attendre à un meilleur service. Loin de moi",0.0,2917
Café italien,0.59,2918
"J’ai souscrit une demande de fibre chez Orange le 11 août avec un délai annoncé de 10 jours pour l’installation. Plus de 3 semaines après, toujours aucune intervention ni information claire. C’est inadmissible qu’une grande entreprise comme Orange ne respecte pas ses engagements et laisse ses clients sans suivi sérieux. Très déçu.",-0.87,2919
"Je remercier infiniment Mr. Jamal pour son professionalisme et pour son suivi serieusement de mon dossier autant que nouveau client d'Orange, merci encore une fois 👍",0.76,2920
"Installation rapide, équipe professionnelle. Un grand changement. Service remarquable Bravo!",0.98,2921
"Mauvaise expérience avec ADSL Orange, ça fait 10 jours que nous n’avons pas d’internet sachant que toutes nos factures sont réglées. Nous sommes partis à l’agence aucune solution, on a appelé le technicien, il est venu 2 fois et il nous a",-0.54,2922
"J’ai eu d’amères expériences avec Orange Maroc et Orange Money Maroc. A peine atterri à Casa, je saute sur le kiosque orange de l’aéroport pour acheter 3 puces pour ma famille, confortés par les expériences positives avec Orange dans",0.87,2923
"Service très décevant. J’ai demandé la portabilité le 30 avril et reçu ma SIM Orange le 3 mai. Ma ligne a été coupée le 5 mai et depuis je suis sans service. Plusieurs appels au service client, promesses non tenues. Aucun respect pour le client.",-0.82,2924
"Petite expérience “intéressante” avec Orange  Aujourd’hui, j’ai appris quelque chose d’intéressant :",0.89,2925
Je suis  agréablement surpris par la qualité du service à l’agence Orange Andalous. Mon problème de fibre a été pris en charge avec une rapidité exceptionnelle et,0.7,2926
Salutations respectueuses a orange et à tout les membres de personnelles j était et toujours bien reçu et bien servie,0.97,2927
"Les agents du service client ne sont absolument pas professionnels du tout, dit-il, comment vous pouvez fournir des services et ils ne connaissent pas les bases des services. Vous cherchez simplement à collecter des paiements mais à résoudre des problèmes, vous ne pouvez pas.",-0.48,2928
Bon accueil bon service mérite l'attention les commerciaux sont recommandable,0.96,2929
"Service beaucoup trop lent, il faudrait vraiment améliorer ce point.",0.44,2930
Eafakm chno had chi rah vrmt c ma 2e fois wana knji agence service ghzaaaal bzzzzf kntmna ybqaw haka pour tjrs 🙏🏻❤️,0.45,2931
"1. La localisation est fausse, le magasin se situe au sein du centre commercial (et non pas sur la rue Oued Fes)",-0.68,2932
"Une agence très professionnelle, sérieuse et à l’écoute. Un grand merci tout particulièrement à Yassmine pour son accompagnement, sa disponibilité et son professionnalisme. Elle a su me guider avec efficacité et bienveillance, ce qui m’a mise totalement en confiance. Je recommande vivement cette agence",0.92,2933
"J'ai attendu 20 à 25 minutes, et l'employé a tout simplement refusé de recharger mon compte sans donner d'explication. Il restait encore une heure avant la fermeture. Un service déplorable ! On perd son temps et on est traité de la sorte, et ce n'est pas la première fois.",-0.86,2934
"Ca fait plus de 15 jours que j’ai lancé une demande pour fibre optique en allant sur place a chaque fois, lancé premiere fois la dame a donné de fausses informations a mon employé qui était parti a la récolte d’info, pour rapidement se",-0.57,2935
"Nous nous sommes présentés à deux reprises pendant les horaires d’ouverture et nous avons trouvé l’agence fermée à deux reprises. Nous avons été informées que la responsable a été prendre sa pause déjeuner à 15h15, or une pause est déjà prévue de 13h à 15h. À quoi bon annoncer un horaire s’il n’est pas respecté ? C’est inadmissible!",-0.77,2936
"Bjr agence à éviter absolument, toujours le meme prétexte système en panne !!! On doit pas prendre les gens pour des cons, j ai refait le teste plus que 15 fois décalé dans temps et toujours le même prétexte, je vous conseille agence Fal Ould Amir le top du top gentillesse et service",0.51,2937
Service top Mademoiselle fatima est à  l'écoute très serviable et suit les demandes des adhérents jusqu'à  aboutissement du résultat final. mes sincères remerciements à cette jeune.,0.75,2938
La demoiselle est très professionnelle et courtoise. Le service est rapide et elle n'hésite pas à donner des informations avec sérieux et sourire. Merci.,0.77,2939
"J'ai eu affaire à Mme Fatima . Responsable et expérimentée . Grâce à elle , on a pu trouver l'origine du problème et on a pu avoir la ligne . J'ai fait 2 abonnements . Je suis amplement satisfaite du service .",0.66,2940
Service correct pour un forfait internet très convenable et économique pour mon épouse.,0.7,2941
"La pire agence Orange que j’aie jamais visitée. Le personnel manque totalement de sens de l’accueil, de politesse et de professionnalisme.",-0.68,2942
"A l’heure où ils doivent être ouverts , c’est ferme et il y a personne",-0.49,2943
"Je n'en crois pas mes yeux ! Je suis passé pour remplacer un routeur fibre optique défectueux. Bien qu'ils ne l'aient pas eu en stock (la demande officielle n'a donc pas pu aboutir), l'équipe a fait preuve d'un professionnalisme rare. Le",-0.74,2944
"Service absolument scandaleux. Personnel arrogant, irrespectueux et incapable de faire son travail. Aucune aide, aucune écoute, juste du mépris total envers les clients. Une expérience honteuse, je déconseille fortement cette agence.",-0.96,2945
Meilleur accueil et une qualité de service exceptionnelle. Mention spéciale à Mehdi.,0.92,2946
Rien à dire : une vraie qualité de service Mme nada.,0.81,2947
Très bonne expérience avec un bon service merci bcp nada,0.96,2948
Merci bcp une belle agence avec un bon service merci orange,0.97,2949
"Service après vente nul, j'avais contracté un abonnement professionnel fin décembre 2025, je voulais prendre avec un smartphone moyenne gamme et on m'a conseillé le Redmi A3 que j'ai pris pour 1000 dirhams, depuis mai il commence à montrer",0.42,2950
Service et accueil excellents ; j'espère que cela restera toujours ainsi.,0.98,2951
Bon accueil.  Très bon service. L'agent d accueil est serviable et professionnelle.,0.99,2952
"Je tiens à remercier particulièrement les deux dames pour leur professionnalisme exceptionnel. Chaque fois que j'ai eu besoin d'aide, elles ont répondu rapidement et de manière très professionnelle. Elles ont su résoudre mes problèmes avec",0.69,2953
Un grand merci à ces deux dames pour leur professionnalisme et leur accueil chaleureux. Leur sens du service et leur gentillesse rendent l’expérience en magasin encore plus agréable. Bravo pour votre excellent travail,0.98,2954
"J'étais dans cette agence  pour créer un contrat pour mon numéro Orange, et j'ai été scandalisé de découvrir qu'on m'imposait de souscrire à un forfait pour obtenir ce contrat. le personnel a refusé de procéder autrement, ce qui est",-0.81,2955
Plus de 5 jours pour brancher la fibre Optique. 45 min pour traiter ma demande. Je vais arreter mon contrat avant de se connecter .,0.53,2956
"On attend depuis 7 jours pour installer la fibre optique et toujours pas de réponse, sachant qu'on est éligible bravo et merci orange",0.53,2957
Très bon accueil excellent service.,0.99,2958
Très bon service,0.98,2959
Bonjour je voudrais savoir si les horaires écrites sont juste vous êtes ouvert samedi de 15:30 à 20:00???,0.44,2960
Je tiens à exprimer ma profonde gratitude envers cette boutique orange pour la qualité exceptionnelle des services offerts. Je souhaiterais également remercier tout particulièrement Monsieur Abdelghani pour son professionnalisme et son dévouement. Son aide précieuse a été grandement appréciée.,0.83,2961
"Il ne fonctionne pas non plus en permanence, par exemple lorsqu'il démarre à 21h et reste allumé jusqu'à minuit, ou lorsqu'il est en mode 3ASSR 3LIK. Quand quelqu'un s'approche de moi, près de mon père, je n'ai à m'inquiéter de rien et je ne connais rien au moteur.",-0.53,2962
Le personnel a des clients et fait défiler son téléphone 😐,-0.56,2963
Ils ne méritent même pas une étoile. Ma mère a voulu changer son abonnement pour passer à la fibre on lui refuse le changement parce que soit disant l'abonnement est sur le nom de quelqu'un qu'on connait même pas mais avec le numéro,-0.52,2964
"Grande déception de l’accueil, la dame qui m’a servi est impolie elle crie sans aucune raison sous prétexte que c’est son ton normal et qu’elle va pas le changer parce que elle travaille chez orange depuis 2 ans. Je suis venue au magasin",-0.75,2965
A part Mr mohssin sur le service tech personne n'a essayé de résoudre mon problème et en plus une dame m'a rejeté directement pour consulter mon abonnement et ma ligne sachant bien que      j 'ai 3 abonnement orange 2 perso et 1 professionnel,-0.5,2966
"Je tiens à exprimer ma profonde gratitude à la société Orange pour la qualité de ses services et son professionnalisme. Un grand merci également à monsieur Hicham pour son accueil chaleureux, sa",0.92,2967
Bon service,0.92,2968
Bonne ambiance et rencontre agréable avec les costumes,0.98,2969
L’agence est fermée pourtant c’est mentionné ouvert il est 15h20,-0.42,2970
"Je me suis adressé au Service Client Orange pour régler le problème de 4GPlus qui ne fonctionnait pas, mais... Malheureusement, mon expérience avec votre service a été totalement",-0.74,2971
Nous sommes partis à 17h et l’agence était fermée alors que les horaires d’ouverture pendant l’après-midi sont de 15h à 21h30. Nous voulions faire un abonnement chez eux mais ça nous pousse à douter de leur sérieux.,-0.71,2972
"Trés bon services, staff professionnel, un gérant trés gentil et compréhensif.",0.92,2973
Un très bon service..,0.96,2974
Excellente agence efficace et créative,0.99,2975
"Service professionnel un geand merci à Madame Najoua une personne gentille et à l'écoute, elle m'a bien expliqué la différence entre les forfaits d'orange. Je vous recommande cette agence",0.55,2976
Hélas personne ne répond au numéro de cette agence dans Google. On reçoit un message nous indiquant le site web d'Orange et puis ça coupe!!,0.0,2977
👍,0.42,2978
"Personnel incompétents surtout la voilée derrière son bureau, elle ne maitrise même pas ses produits ni les offres je suis venu pour une fibre, mais pas encore service là ou j’habite à Témara alors j'ai opté pour un DARBOX, elle a pris mes",-0.49,2979
👍,0.42,2980
9h39 toujours pas ouvert,0.0,2981
"Le service impeccable, personnel très agréable très sympa, grande capacité d'écoute, maîtrise des procédures merci de votre professionnalisme bonne continuation.",0.77,2982
Un très bon accueil et fluidité,0.98,2983
"Accueil formidable, service impeccable.",0.75,2984
"« Expérience catastrophique : personnel arrogant et débit internet lamentable. Orange est à éviter absolument. Pour un service fiable et un meilleur débit, je recommande Maroc Telecom. »",-0.83,2985
"Nulle, Je viens pour une connexion fibre optique a 11:00 Personne n'est a l'agence et s'est marqué ouvert et il ne ferme qu'à 13:00. Bon bref nulle.",-0.51,2986
"Service zéro! Pas de professionnalisme. Le commercial est tout sauf courtois, injoignable, et ne connait pas son métier!",-0.59,2987
"Je suis allé sur place le 7 juillet 2025. Service catastrophique, je suis allé prendre un forfait à 200DH, l’agent sur place me demande de payer 240DH cash. Après lui avoir demandé pourquoi, il me dit « votre premier mois 200DH, et 40DH",-0.61,2988
"Agence Orange Massira 2 , résidence Raja. Service et Assistante. Conseil et Démo . Les abonnements téléphonique et Wifi et aussi vente de téléphone. Personnels qualifié accueillant et chaleureux 👍",0.78,2989
Bonjour Je viens de quitter l'agence ça fait maintenant 10 minutes.l'agence était déjà fermée alors que c'est mentionné qu'elle est ouverte jusqu'à 19h30 et la personne,-0.51,2990
"Premier contact au Maroc pour acheter une carte SIM locale valable 17 jours, à cheval sur deux mois, dans cette boutique Orange. Avec le recul, nous avons eu le sentiment de nous être fait avoir en payant relativement cher un abonnement",0.49,2991
Aucun respect du client... Il font de grosses erreurs professionnelles et se n'est jamais de leur faute !. Internet coupé parce que un employé orange 🍊 à oublier de mettre en fonction mon,-0.76,2992
"Mohamed amine ait jilali tbrlklh 3lih bonne service et très gentil , merci beaucoup Mohamed",0.9,2993
Cette agence précisément est très malle le service zéro le comportement avec les clients est nulle les personnes qui travaillent là-bas sont mal éduqué et impolis,-0.92,2994
"Je suis extrêmement déçu par cette agence Orange. Ils sont constamment en rupture de stock des cartes eSIM, ce qui est très frustrant. De plus, le service des agents laisse vraiment à désirer. Ils ne sont ni serviables ni professionnels. Je",-0.98,2995
"Je suis vraiment déçu par cette agence Orange. Ils n'ont jamais de cartes eSIM en stock, ce qui est très agaçant. En plus, le service des agents est médiocre. Ils ne sont ni aimables ni compétents. Je déconseille fortement cette agence. Si vous voulez éviter des problèmes, cherchez ailleurs",-0.92,2996
"Je suis très satisfaite du service fourni par cet agence Orange. L'accueil a été impeccable, M. Amine DOBLI était courtois, à l'écoute et très professionnel. Il a su répondre à mes questions avec clarté et efficacité, rendant l'expérience agréable et sans stress. Je recommande vivement cette agence pour leur excellent service client !",0.91,2997
Que des menteurs ! J’attends internet ça fait une semaine et toujours rien ! Quant vous souscrivez il sont à l’écoute ! Une fois abonné tout le monde s’en fou,-0.73,2998
Grand merci à Amine de meknes d’avoir pu répondre à nos attentes et à fournir une qualité de service exemplaire. N’oubliez pas de régler la climatisation.  Le personnel tout comme le client méritent d’être dans de bonnes conditions. 15 min ont suffit pour que l’ont commence à transpirer.,0.6,2999
Je suis très satisfaite du service qui m'a été fourni. L'agent Amine Dobli a fait preuve de professionnalisme et d'efficacité tout au long de notre interaction. Merci pour cette expérience positive,0.96,3000
"J’ai venu pour un échange de carte SIM à l’agence Orange Drissia et vraiment je suis extrêmement satisfaite du service de l’agence Orange Drissia : accueil chaleureux, personnel professionnel et efficace, et prise en charge rapide. Une expérience vraiment impeccable !",0.73,3001
"Malheureusement, j’ai vécu l’une des pires expériences dans cette agence Orange. Le commercial qui m’a reçu a fait preuve d’un manque total de respect et d’un",-0.88,3002
"Très mauvaise expérience au sein de cette agence. Les vendeurs sont menteurs. En 2023, j’avais la fibre optique, mais suite à mon déménagement à Tanger, il n’y avait pas de fibre dans le quartier Drissia. J’ai donc décidé de passer à",-0.96,3003
Franchement je suis vraiment déçue de la qualité de service me suis rendu à 2 reprises à l'agence et à chaque fois je tombe sur le même commercial qui est à moitié endormi pas envie de réponde à mes questions,-0.83,3004
"J’ai récemment visité une boutique Orange et j’ai été agréablement surpris par la qualité du service. L’accueil était chaleureux et les conseillers très professionnels, prenant le temps de répondre à toutes mes questions. L’espace est bien",0.9,3005
"En ce qui concerne l'accueil et la prise en charge initiale de mes besoins j'étais satisfaite, le personnel a été professionnel et réactif lors de notre premier contact, ce qui m’a donné une bonne impression.",0.95,3006
"Je tiens à remercier l'équipe de l'agence Orange Drissia pour leur excellent service. J'ai été très satisfait de l'accueil chaleureux, de la rapidité et de la qualité du service offert. Une expérience client vraiment agréable",0.95,3007
"Problème résolu en une minute, très satisfait du service",0.88,3008
Je suis très satisfaite du service fourni par cet agence Orange. Mr la bas était à l'écoute et très professionnel. Je recommande vivement cette agence pour leur excellent service.,0.95,3009
"Je suis un ancien client d'orange et cette agence et l'une des raisons de rester fidèle à la compagnie, toujours servi à temps, l'équipe est très pro sur tt Mr Abdelkrim il est toujours ouvert à nos questions et multiples demandes.",0.67,3010
"Très mauvaise service, et très mauvaise expérience, dommage qu’on ne peut pas mettre 0 étoile, les employés ne sont pas professionnels, communication zéro",-0.98,3011
Très bon service équipe serviable et bien qualifiée bravo et merci beaucoup je recommande vivement cette agence Orange is here 🧡⚪,0.97,3012
"Très mauvaise expérience au sein de cette agence orange dommage qu'on ne peut pas mettre 0 étoile, on a refusé catégoriquement de rendre mon numéro de téléphone sans s'abonner à un forfait téléphonique, après plusieurs appels téléphoniques",-0.97,3013
Vendeur menteur qui vous fait acheter des abonnements inutiles pour vous soutirer de l’argent. Endroit à éviter je suis venue en vacances avec ma famille pour prendre un abonnement internet j’ai voulu recharger ma box (wifi d’jib) pour un,0.44,3014
"Très bonne expérience, l’équipe est très agréable et dynamique, je recommande vivement le service de cette agence",0.93,3015
"Un très bon service clients, et surtout avec le nouveau responsable",0.97,3016
Le vendeur est super gentil et applique son travail à merveille !!,0.92,3017
"Personnels très professionnels et attentifs, agence toujours propre. Je remercie spécialement MR. Bakr Marbahi pour son professionnalisme et son habilité 👍 Je recommande vivement cette agence !",0.81,3018
Je suis client d'orange depuis le premier jour franchement  je suis satisfait du traitement que j'ai reçu de la part de l'agence orange Idrissia je vous souhaite du succès et de la continuité...,0.75,3019
"Une agréable agence avec des gens qui travaillent ailleurs très sympa très professionnelle, je recommande vivement",0.57,3020
"Service rapide, cadre professionnel,  sympa et serviable, merci  à Mr Bakr de son professionnalisme et pour son aide de me fournir tous ce que j'avais besoin. A recommander vivement.",0.85,3021
"Une équipe à saluer, très bonne qualité d'accueil et prise en charge rapide Merci beaucoup",0.98,3022
La boutique est pleine de clients il y a une seul personne les autres déjeune à 15h16,-0.54,3023
Personnel accueillant et service au top bravo et bon courage. Je la recommande vivement.,0.98,3024
Bonjour Les employés de cette agence ne sont pas professionnels du tout a l'image d' orange .,0.45,3025
Excellent service client et rapidité de traitement des commandes avec la capacité de communiquer efficacement.,0.95,3026
Service au top très belle prestation bonne continuation et Bravo l'équipe. Orange toujours kayna,0.97,3027
Je recommande vivement cette agence. Des très bons personnes à l'écoute. Bravo 👏,0.95,3028
Merci à M. AbdelKarim pour ses efforts et à l'équipe d'Orange Idrissiya pour le bon traitement et l'accueil,0.95,3029
Très satisfait + bonne qualité de service + disponibilité,0.98,3030
Magasin bien oraganisée et service de qualite merci l'équipe,0.87,3031
Très sympa 👍 Ta3amol top de top avec mes salut a mr Abdelkrim,0.94,3032
Service nul bzaaf,-0.44,3033
Présentation et service magnifique Bon continuation,0.9,3034
Un très bon service Orange is the best  🧡💛,0.97,3035
Une belle présentation avec un bon accueil,0.99,3036
Excellent service client et traitement des réclamations.,0.91,3037
Tres bon service par l'agent commercial youssef,0.93,3038
Service impeccable merci bcp,0.49,3039
Acceuil chaleureux et travail à la portée bravo l'equipe,0.96,3040
Un très bon service,0.97,3041
Merci pour votre service 🧡🤍,0.96,3042
Service impeccable. Équipe de choc,-0.48,3043
Bonne qualité de service,0.98,3044
"Personnel, attentif, serviable et professionnel",0.82,3045
Très bon service,0.98,3046
Bonne service de client,0.97,3047
Très bon service,0.98,3048
Service impeccable 👍👍,0.46,3049
j aime le service,0.9,3050
Bon service,0.92,3051
Bien,0.75,3052
Très bon service,0.98,3053
"Service au Top ,",0.68,3054
Bon service,0.92,3055
Satisfaction totale,-0.51,3056
bien,0.96,3057
Très bon service,0.98,3058
👍,0.42,3059
👍,0.42,3060
Bon service,0.92,3061
Bien,0.75,3062
Formidables,0.77,3063
Bon service,0.92,3064
"Service déplorable, employés très arrogants et irrespectueux envers les clients 👎👎. Un employé refuse même de travailler.",-0.97,3065
"Aucun lien de parenté, vous aviez demandé le Wi-Fi, il était hors service pendant un mois, et je l'ai donné à l'installateur.",0.0,3066
"Service très rapide, sympathique et compétent ! J'ai obtenu une carte SIM illimitée pendant 30 jours pour 200 DH. Je recommande vivement.",0.89,3067
"Honnêtement, les services ont été excellents et le traitement irréprochable depuis l'arrivée de M. Abdul Karim en tant que directeur.",0.91,3068
"Une équipe formidable et d'une humilité remarquable. Des explications claires, des informations précises et un travail excellent.",0.96,3069
Je recommande vivement ce magasin ! L'accueil était chaleureux et le service excellent. Merci pour cette superbe expérience !,0.98,3070
"Honnêtement, c'est la meilleure agence en termes de gestion des dossiers et d'explications des offres.",0.89,3071
"Bonjour, mon numéro n'est toujours pas activé et cela fait environ une semaine.",-0.37,3072
"Excellent service, merci pour vos efforts, Orange Kayna",0.97,3073
Service de bonne qualité,0.93,3074
L'une des meilleures agences d'Orange en termes de service et d'accueil.,0.95,3075
"Des services professionnels au niveau requis, j'apprécie cela",0.52,3076
"Merci, frère Abdul Karim, pour l'excellent service.",0.97,3077
Que Dieu vous accorde le succès. Excellent service.,0.99,3078
Service excellent,0.96,3079
Mauvais service,0.57,3080
"Service impeccable, excellent ! 👌",0.97,3081
"Service excellent, merci.",0.97,3082
Que Dieu nous guide vers la bonté,0.97,3083
Service rapide et efficace,0.87,3084
Service excellent,0.96,3085
service nul,0.0,3086
Bon service,0.92,3087
J'ai apprécié le service,0.63,3088
Meilleur service,0.95,3089
Service au niveau,0.67,3090
Ahsan mo3amala,0.53,3091
Vous continuez ?,-0.35,3092
"Merci, Arang",0.73,3093
Service excellent,0.96,3094
Débit au niveau.,0.51,3095
Parfait 🫡🙏,0.83,3096
Que Dieu bénisse,0.5,3097
Toujours brillant,0.7,3098
Longue expérience et collaboration avec Orange,0.88,3099
Je suis devant l'agence sensée être ouverte à 9h30. Il est 10h et toujours pas l'ombre d'un conseiller disposé a ouvrir l'agence... C'est absoiument pas sérieux et en phase avec un groupe aussi important que Orange...,-0.54,3100
"Aujourd'hui je me suis rendu à la boutique Orange Marjane Tanger, et ont m'as dit que j'avais une dette datant d'un ans, concernant une boxe que j'ai rendue le jour même en faisant une annulation, car la connexion chez moi était mauvaise. j'exige un remboursement et une mise a jour du système pour effacer cette sois disante dette.",-0.91,3101
La fille avec le hijab manque de professionnalisme ..chatter sur wtsp et laisser le client attendre ca ce fait pas !! Merci de faire le nécessaire,-0.52,3102
"Très mauvais service, on voulais résilier notre contrat, il nous dit qu’il faut contacter le support alors que l’engagement a été fait dans cette agence. On parlant avec cet agent il décide de fuir. C’est honteux.",-0.98,3103
"Une honte. Le magasin doit ouvrir à 9h, l'employé arrive à 9h30. Il rentre, referme le magasin, ouvre le rideau en métal et repart... Attente... 20 minutes.",0.46,3104
"Très mauvais service, les employés ne sont pas qualifiés. Je souhaite de changé ma cart SIM en ESIM. Ils me disent qu'il ne faut pas être abonné. Il faut résilier l'abonnement pour obtenir une carte ESIM. Mais maintenant, nous n'avons plus",-0.96,3105
Les horaires affichés ne correspondent pas à la réalité. Dimanche fermé mais selon les horaires affichés sur internet ouvert...,0.0,3106
Équipe très sollicitante avec accueil très chaleureux !,0.7,3107
"Mon expérience avec cette agence a été très décevante. Suite à la souscription d’un contrat pour wifi, un problème d’adresse est survenu ""dont je n’ai jamais compris l’origine"".",-0.76,3108
À éviter absolument  Le plus mauvais opérateur jamais vu au monde. Je le déconseille aux Français. Je,-0.96,3109
Le service est nul et long j'ai acheté un tel cela fait 4 jours et la configuration n'a toujours pas été faite,-0.52,3110
L adresse est fausse c est un magasin de sport maintenant . It s a wrong adresse now it s a sport shop,-0.8,3111
Trés bon service et personnels sympas! Merci,0.97,3112
La pire agence qui peut exister,-0.72,3113
Service impeccable et ultra-rapide ! Deux cartes SIM avec 5 Go de données chacune pour un total de 160 DH. Un excellent rapport qualité-prix !,0.97,3114
N'existe pas ici,0.0,3115
"Expérience horrible. L'employé est d'une incompétence notoire. Après 40 minutes d'attente, il nous a simplement demandé d'aller dans un autre magasin, car il avait peur de se tromper. Quelle incompétence !",-0.94,3116
"Service déplorable, d'une lenteur exaspérante ! C'est incroyablement frustrant !",-0.98,3117
"Boutique de téléphonie mobile située directement sur le boulevard, excellent service rapide !",0.97,3118
"Service client nulll.je voulais des infos sur comment modifier mon forfait yoxo mais j'ai été clairement rejeté. À éviter clairement cette agence. J'utilise cet opérateur depuis longtemps ,mais ce faire ignorer comme ça c'est insupportable",-0.73,3119
Trop d attente personnel pas sympathique j' ai un abonnement de 49 dh j' ai acheté 3 recharges a 50dh chacune de data elles sont consommés a une vitesse incroyable.,-0.39,3120
"Un accueil très chaleureux, un personnel compétent et compréhensif. Une mention spéciale pour Loubna",0.9,3121
"Merci à Ismail pour son professionnalisme, son service rapide et sa grande écoute. Il reste disponible, ne bloque pas face aux difficultés et propose toujours des solutions",0.92,3122
"Très mauvaise expérience avec Orange. Depuis jeudi après-midi, ma connexion Wi-Fi ne fonctionne plus. J’ai contacté le service client à plusieurs reprises, mais tout ce qu’on m’a proposé, ce sont",-0.96,3123
Vendeur très professionnel et gentil,0.79,3124
"Service déplorable, personnel peu coopératif et incompétent, je suis très déçu par cette agence.",-0.9,3125
Services médiocres Négliger les informations sur les clients,0.44,3126
Trés modeste,0.49,3127
Excellent et les prix sont bons,0.99,3128
"Très bon accueil chez Orange Passage rapide en boutique ce matin. La technicienne était souriante, agréable et efficace. Ça fait plaisir de commencer la journée avec des personnes positives. Merci !",0.99,3129
"Très bien servi sur place, sauf pas de numéro de contact pour les appeler",0.86,3130
Une des filles qui y travaille m'a fait signer un forfait alors que j'ai demandé une simple carte sim rechargeable,0.71,3131
"Très professionnel,très sympa et en plus pas chère ! Merci encore au personnel de la boutique ,je vais pouvoir passer un bon séjour ici au Maroc !",0.46,3132
Très bonne service,0.96,3133
Bon service,0.92,3134
service top.. des femmes simpas,0.73,3135
"Ils ne méritent même pas une demi-étoile. Leur contrat ADSL est censé être à 20 Mbps, mais le débit n'atteint même pas 4 Mbps. C'est le pire opérateur. La seule solution est de changer.",-0.64,3136
Tanger,0.52,3137
Je tiens à remercier madame Charifa pour son accueil chaleureux et la qualité de service qu'elle offre pour les clients et son service après vente qui est très agréable.,0.86,3138
Je remercie infiniment madame charifa pour la qualité de service et le professionnalisme,0.7,3139
Les horaires c marqué ouvert mais sinon y’a aucun personnel à la boutique toujours fermé la personne n’est jamais là au comptoir lumière allumé mais personne,-0.51,3140
"Accueil professionnel, chaleureux et service rapide. Je recommande cette boutique où le personnel est à l'écoute et où l'échange est agréable. Et en plus les horaires affichées sont respectés. Shokran bezzaf!",0.72,3141
"Leur horaire d'ouverture est incorrect. Ils ouvrent et ferment la porte à clé et restent à l'intérieur. Il est 9h17 et personne n'ouvre la porte. Pendant ce temps, ils sont à l'intérieur.",-0.65,3142
L’agence est fermée pour aucune raison. Cette agence ne respecte pas les horaires. Catastrophe.,-0.77,3143
Attention l'ouverture est notée à 9h mais personne avant 10h!,0.41,3144
"Ils ne prennent pas les gens au sérieux, je me suis rendu pas mal de fois pour réclamer au sujet de mon routeur wifi qui ne fonctionne pas. Et il me reponds en feuilletant son tablette que je peux faire une réclamation, il ne m’a même pas",-0.71,3145
Personne qui s'est occupé de moi très gentille et très professionnelle,-0.45,3146
C est bien passé,0.74,3147
C'est un mauvais prestataire ici átanger,-0.97,3148
"Bonjour Je tiens à exprimer ma sincère gratitude envers les agents chargés de clientèle de cette agence, ainsi que la responsable de l’agence, pour leur",0.58,3149
Deux conseilleres accuillente souriante et plein d'energie . Je recommande vivement Mme hajar et Mme Lamiae,0.73,3150
trés professionelle et pratique. Trés bone qualité de service,0.6,3151
"Je tiens à remercier chaleureusement l’agence Orange Bni makada pour son professionnalisme et son accueil. Un grand merci particulièrement à l’agent qui m’a reçue, une jeune femme très serviable, patiente et à l’écoute. Elle a pris le temps",0.95,3152
Bon service,0.92,3153
"L'entreprise ne respecte pas les horaires d'ouverture et de fermeture officiels, et ses services, tout comme ceux de l'agence, sont médiocres. Veuillez améliorer les services de cette agence afin de garantir la satisfaction de vos clients.",-0.38,3154
"Je voudrais bien partager mon expérience avec vous, vécu à l'agence Orange, située à Avenue Allal Ben Abdellah Rabat, personnel chaleureux et professionnel en particulier Mlle ou Mme Soukaina Lahbari. Vraiment Bravo",0.89,3155
"Bon service au niveau du magasin, mais, les sièges réservés aux clients et aussi aux personnel ne sont pas confortables.",0.41,3156
Orange élu meilleur service après vente de l’année ! C’est une blague ? Ni le service du remplacement dun routeur défectueux,-0.49,3157
"Mauvais service, manque de politesse et absence de respect,",-0.68,3158
Personnel désagréable mauvaise expérience . Ne mérite pas d étoiles,-0.93,3159
"Mention spéciale  à la personne aux lunettes  et sans cheveux , je pense qu'il fait sont travail  avec passion",0.73,3160
"Deja 3 semaines pour un changement de routeur defectueux. Malgré les deplacements a l agence, les appels avec le support technique qui ne peut faire avancer le dossier, rien n'est fait pour regler le probleme. Le chef d'agence peut bien",-0.36,3161
"Je tiens à exprimer ma reconnaissance envers Soukaina pour son professionnalisme exemplaire. Lors de ma visite à la boutique, j’ai été particulièrement impressionné par son écoute attentive et sa réactivité. Soukaina a su répondre à mes",0.83,3162
Ils sont trop fort plusieurs visites pour avoir un technicien pour un problème de box et le summum C'est que l on m envoi chez maroc Télécom pour avoir la fibre car orange ne livre pas la fibre si l'on n'est pas résident alors que je suis propriétaire de mon appartement.,-0.65,3163
"Je donne 2 étoiles en raison du manque de professionnalisme des commerciaux. En tant que client depuis plus de 10 ans, j'ai souhaité suspendre mon forfait lors d'un déplacement hors du Maroc. Le service client téléphonique m'a mal informé",-0.7,3164
"Aujourd’hui, je suis allé à l’agence Orange pour régler ma facture et recharger mon compte OrangeMoney. Malheureusement, comme à chaque fois, on m’a dit qu’il y avait un blocage sur le profil du caissier. C’est une situation récurrente, et",-0.82,3165
Service null et comportement arrogant du personnel. Centre d Appel fibre optique très très lent. Après plusieurs appels aucun service accompli. À revoir,-0.65,3166
"Service très décevant. Aucune organisation, il n'y a même pas de système de gestion de file d'attente pour savoir quand c'est ton tour. En plus, aucun espace pour s'asseoir et patienter confortablement. L'expérience est vraiment désagréable. 👎",-0.8,3167
Lors de ma visite chez Orange j'etais impressionné par le service de mademoiselle Soukaina était attentif et rapide. Elle a pu répondre à toutes mes questions et m'a aidé à choisir le meilleur service,0.94,3168
le person hicham hairich pas bon,-0.36,3169
"Bonjour tt l monde Après une demande de résiliation de la fibre optique le service me demande de déposer le routeur à l’agence pour ne pas inclure le prix dans la facture, je le",0.49,3170
"Très sympa, ils sont allés au bout du souci. Très patient et clair à la caisse",-0.61,3171
"Faites attention !! Les commerciaux essayent de vous forcer à prendre des abonnements, et si vous refusez, ils ne traitent pas votre demande. J'ai fait la même demande à deux agences différentes, et clairement, les",-0.9,3172
J'ai acheté un téléphone il y a deux semaines et la batterie ne tiens pas. Je pars à l'étranger début de semaine et ils n'ont aucune solution à me donner. Ils ne m'ont pas conseillé en amont sur le téléphone et maintenant ils mettent en,-0.48,3173
SAV LAMENTABLE ! Probablement le pire service client tout domaine confondu ! J’ai souscrit un abonnement téléphonique car c’est plus rentable que les,-0.51,3174
"Agence bien située, personnel agréable, souriant, très commercial. Cependant, il y a eu des couacs comme un changement de propriétaire de ligne qui met plus de 2 mois, un contrat d'installation de la fibre optique signé mais",-0.41,3175
"Vraiment vraiment je va remercie vous etes les meilleurs, je viens pour acheter une wifi djib pour mes 10 jours restant, je suis extremement bien conseillé par la chargée clientèle qui m’oriente vers une e-sim a 5€ qui me permettra de",0.86,3176
"Arrivant de France, on a été y acheter des cartes sim pour notre séjour au Maroc. Ça a été très rapide et les explications claires. Au top",0.8,3177
"Le numéro de ma carte d'identité a été attribué a une tierce personne en 2010. Client chez eux en 2018. J'ai réclamé plusieurs fois, aucune solution. Mes factures arrivent toujours au nom de la personne X depuis 5 mois... ça mène en bateau",-0.49,3178
Un bon service clientèle compréhensif. J'ai eu la malchance de venir dans une heure de pointe ou y'avait beaucoup de monde en attente. Produits introuvables dans les petites agences. Il valait le coup de s'y rendre!,0.57,3179
"Très bon service. Excellente assistance. Bravo si othmane, chef d'agence orange. Merci beaucoup.",0.99,3180
"Très insatisfait du SAV d'orange. Malgré l''apparente bonne volonté de mes interlocuteurs, aucune solution n'a été trouvé à une erreur de leurs part qui dure depuis près de 10 mois.",-0.91,3181
"Agent a la caisse en plus d'être désagréable, il a prioriser une personne de la part de l'agent de sécurité bien qu'il ait au moins 4 personnes dans la file d'attente.",-0.67,3182
"Professional mais a besoin de peut d'arrangement au niveau communication,a cause de la situation geographique du lieu,tres frequente par les nons residents de rabats et surtout chemin de passage pour beaucoup d'etrangers. On ne doit pas avoir toujours besoin de demander ou faire ceci,ou faire cela.",-0.66,3183
Les promesses ne sont pas tenues par cet opérateur. Très mauvaise couverture que ce soit le réseau ou la 4G.je me remet avec maroc Télécom avec ma  flotte des le mois prochain.,-0.93,3184
Très bon service de la part du chef d agence,0.98,3185
Service nul . Personne mal polie à l accueil,-0.73,3186
Je suis trés satisfait du service.,0.76,3187
"Très bon accueil, service à la hauteur de mes attentes",0.98,3188
"Nul ,c'est une épicerie sans plus.il n'y a que des vendeurs qui vous ignorent complètement si vous êtes là pour un problème.",-0.62,3189
Blablabla ! Déplacements inutiles pour résoudre les problèmes. Cette agence est incompétente.,-0.55,3190
"Service agreable, personnels chaleureux, bon travail.",0.97,3191
Le service est excellent par Mr othmane,0.96,3192
Accueil très moyen. Et beaucoup d'attente pour pas grand chose.,-0.51,3193
"très mal organisé, la majorité des commerciaux ne porte pas le masque correctement!!!",-0.92,3194
je vous jure les gens son nule ils ne savent pas comment travailler,-0.61,3195
Service de qualité d'ailleurs moi aussi j'ai forfait Orange je le recommande vivement,0.79,3196
Ils ont très mal service après vente,-0.9,3197
"J'ai adoré ce lieu, magnifique avec un acceuil chaleureux. J'ai kiffé",0.79,3198
déçu  pas commercial aucun professionnalisme nulle,-0.57,3199
Très bien Personnel à votre écoute Professionnel,0.98,3200
Il manque beaucoup a faire pour les clients ... Tu diis passer une heure pour voir un agent de orange,-0.7,3201
"Ça va, rien a dire mais c est a eux de contacter le 121 de leur agence",-0.34,3202
Très mauvais service. Je déconseille Orange car le service est nul.,-0.98,3203
Service envers clientèle nul + non respect  horaire de travail,-0.61,3204
Aucun service Il sont prêts à prendre votre argent sans répondre à vos attentes,0.0,3205
En tout cas l'accueil est mieux que chez Maroc Telecom,0.87,3206
Le Pays-Bas est toujours disponible pour répondre à toutes les questions.,0.58,3207
"Attention au service commercial des entreprises, le commercial n'appartient pas à Orange, c'est de la sous-traitance, des pièges au informations fournies, consultez la haute ligne",-0.57,3208
"Bonne service, et parfait.",0.98,3209
Un agent trempant,-0.58,3210
L'attente est longue. Déjà que tous ne parlent pas bien Français,-0.66,3211
Beaucoup mieux que meditel le changement vers Orange en vaut la peine à conseiller vivement,0.48,3212
Gestion très professionnelle des demandes de la clientèle. TOP,0.86,3213
Très mauvais service je déconseille !!!,-0.98,3214
"Déçu, hôtesses méprisantes voire impolies... Vraiment déçu",-0.74,3215
Un lieu parfait avec un acceuil chaleureux..,0.75,3216
Propose un tel et ensuite annonce qu'ils sont en rupture de stock,-0.52,3217
Le personnel est très efficace,0.87,3218
Le meilleur opérateur Télécom au maroc. Merci,0.95,3219
"Magazin, show room et espace de travail orange Maroc.",0.71,3220
Bel endroit bons produits A revisiter,0.92,3221
Service utile et sympathique.,0.89,3222
trop bien super boutique,0.95,3223
Bonne aceuille client satisfait,0.93,3224
Très bien,0.99,3225
Très bon service 👍👍,0.98,3226
Tres belles accueil,0.95,3227
Mauvaise affaire connection médiocre,0.47,3228
Mauvaise service des caisses,0.44,3229
Bureau de vente principal et point de paiement de facture,0.48,3230
J'adore,0.76,3231
Accueil aussi mauvais que Orange France,-0.94,3232
Le service est mauvais,-0.93,3233
Service client lamentable,-0.67,3234
Très satisfaite,0.94,3235
Grand agence orange commercial et services,0.75,3236
Service client impeccable,0.48,3237
Pour payer ma facture,0.5,3238
bon accueil,0.98,3239
"Jolie, aisance et relationnelle",0.87,3240
Un accueil chaleureux,0.85,3241
Super accueil,0.92,3242
Service clientèle premium,0.79,3243
Orange ancien meditel,0.5,3244
Accès facile,0.76,3245
Cede regional de Rabat ORANGE,0.56,3246
Bon service,0.92,3247
Service excellent,0.96,3248
Service incomplet.,0.55,3249
Bien,0.75,3250
Bon,0.91,3251
Mauvais service,0.57,3252
Propre,0.57,3253
Super,0.78,3254
Mal acceuillie,-0.62,3255
Chic,0.46,3256
De mieux en mieux,0.78,3257
Société de telecomunication,0.49,3258
Bon accueil,0.95,3259
Magnifique,0.87,3260
Orange,0.67,3261
bon service,0.96,3262
Mauvais service,0.57,3263
Bon service,0.92,3264
Internet X Escargot,-0.42,3265
"Le réseau Orange marocain est une catastrophe, le service client est encore piiiire ! Moi qui avais orange en France j’ai pensé avoir la même qualité alors la je confirme qu’ils sont très loin. Achat d’une box dar qui ne fonctionne jamais",-0.93,3266
"Orange et son personnel sont catastrophiques ! Je vous conseille de changer d'opérateur ! Ils se moquent complètement des clients, c'est scandaleux.",-0.98,3267
"Très mauvais service client, même lorsqu'ils appellent le responsable semble impuissant, haussement d'épaules seulement.",-0.98,3268
Internet 4 jours ou hya bra (fibre optique) 3afakoum ila bant likoum seftouhaa lyaa svp,0.53,3269
"Service très efficace, serviable et aimable pour l'achat d'une carte SIM locale. Le responsable s'est même mis en quatre pour nous conduire dans un restaurant populaire.",0.95,3270
"J'ai eu une expérience agréable, contrairement à celle d'il y a deux mois. Un employé s'est montré patient, compréhensif et aimable. J'espère que cette agence continuera à faire un travail remarquable et que son personnel continuera à traiter les clients avec respect.",0.77,3271
"J'avais laissé un avis négatif sur cet établissement il y a deux ans. J'y suis retourné aujourd'hui et j'ai bénéficié d'un service client exceptionnel, ce qui a considérablement amélioré mon expérience. Je le recommande vivement, compte tenu des changements apportés. Un grand merci à Said pour son aide.",-0.72,3272
"S'il n'y avait pas de note minimale, ce service la mériterait amplement.  L'entreprise et son application sont médiocres. Le service commercial est bon,",0.67,3273
"J'ai acheté une carte SIM prépayée de voyage pas chère sans problème, j'ai payé 70 dirhams pour 10 Go. Il y avait pas mal de monde, donc il faudra peut-être patienter un peu.",-0.44,3274
"J'ai payé pour un mois, mais ils ont suspendu mon compte après seulement deux semaines d'utilisation. J'ai demandé des explications au personnel, qui a répondu qu'il n'en savait rien. Le prix est trois fois plus élevé que dans mon pays, mais le service est déplorable au Maroc. N'utilisez surtout pas Orange !",-0.75,3275
J'ai attendu trois jours l'ouverture d'internet dans plusieurs villes marocaines à cause de l'Aïd al-Adha.,-0.58,3276
"Chaque recharge de 10 Go coûte 100 dirhams, et la carte SIM est gratuite à l'aéroport. Le service inclut des recharges internet et appels ; les appels internationaux sont facturés séparément. Les recharges sont disponibles dans les épiceries et les supermarchés.",0.54,3277
"Un seul caissier dans leur magasin principal, et il est beaucoup trop lent.",-0.42,3278
Le service fourni par cet endroit est bon et rapide à répondre en cas de besoin.,0.95,3279
Service 0,0.58,3280
Service impeccable et carte SIM à un prix avantageux pour mon séjour de 3 semaines à Rabat. Je recommande la boutique près de la médina de Rabat.,0.7,3281
Cette entreprise n'a jamais livré le téléphone que j'avais commandé en ligne et ne m'a pas remboursé. C'est une arnaque.,-0.76,3282
Ils ont pris mon argent et n'ont jamais activé ma carte ; j'ai dû retourner les voir pour leur rappeler. Un simple haussement d'épaules,-0.47,3283
"J'ai bénéficié d'un bon service ici, et compte tenu des prix et des services proposés, leurs offres sont intéressantes.",0.96,3284
Les services sont de bonne qualité.,0.95,3285
"Ils ont rencontré des problèmes avec le service de paiement, beaucoup de gens attendaient.",0.48,3286
"Un seul caissier dans leur magasin principal, et il est beaucoup trop lent.",-0.42,3287
Un service impeccable assuré par un personnel charmant et accueillant !,0.76,3288
Magasin moderne appartenant à cet opérateur téléphonique.,0.71,3289
Bien.  Et.,0.83,3290
"Mauvais accueil, mauvais service  soyez vigilants",-0.83,3291
"Bon service, personnel serviable",0.93,3292
Ils mentent un peu sur leurs services.,-0.49,3293
Mauvais services je ne le recommande pas,0.0,3294
Bravo à tous ceux qui sont compétents ! 👏,0.98,3295
Service médiocre.,0.63,3296
Une dame très agréable avec qui discuter sur Orange Rabat,0.65,3297
Les produits de base sont légèrement plus chers que prévu,-0.5,3298
service extrêmement médiocre,0.66,3299
Bonne organisation,0.96,3300
Services très bons,0.93,3301
Service médiocre,0.66,3302
Service client médiocre,0.62,3303
Excellent travail,0.97,3304
Service client médiocre,0.62,3305
compétence,0.7,3306
Bien,0.75,3307
Bon service,0.92,3308
Balima,0.59,3309
Correct,0.5,3310
Rapide et poli,0.56,3311
Bon service,0.92,3312
Services Internet et téléphoniques,0.51,3313
Mal,-0.42,3314
TRÈS PROFESSIONNEL,0.52,3315
"J’ai eu une expérience très positive avec Orange. Leur service est excellent, et les personnes travaillant dans cette agence sont vraiment compétentes et accueillantes. Ils m’ont beaucoup aidé, et je suis très satisfait",0.99,3316
Très bon service ! L’équipe est toujours gentille et professionnelle. Je recommande 🙏🏽,0.98,3317
Excellent service/ staff Tjrs a l’écoute,0.93,3318
Serviable et serieux,0.71,3319
Équipe très réactive 👍,-0.43,3320
Jaim pas 🤮,0.0,3321
D'accord,0.56,3322
Service nul!! Surtout l'agent khali. J'ai déposé une réclamation officielle consernant l'achat d'un forfait Orange. Je considère avoir été induite en erreur par une,-0.92,3323
"Grand merci Lamia pour votre aide ! Très satisfait, très bel accueil, efficacité Tout dans le sourire Merci beacoup",0.99,3324
"Je suis allé récemment chez Orange pour souscrire à un abonnement, et j’ai été vraiment surpris par les offres. Le service était impeccable ! Hajar, une des employées, a été super gentille et accueillante. Elle a tout réglé rapidement et de",0.51,3325
"Merci beaucoup pour le bon traitement, je pense que cette agence est l'une des meilleures agences pour Orang, grâce à Taoufq.  Je recommande d'y aller",0.98,3326
"Je suis très satisfaite de mon passage à l’agence Orange Borj Fès. L’équipe est professionnelle, accueillante et à l’écoute. Le service a été rapide et efficace, et le conseiller a su répondre à toutes mes questions avec patience et clarté. Un grand merci pour leur aide et leur disponibilité ! Je recommande vivement cette agence.",0.97,3327
"""J'ai été très satisfait du service offert par l'agent commercial d'Orange à Borj Fès. Il a été très professionnel, à l'écoute et patient pour répondre à toutes mes questions. Grâce à ses conseils, j'ai pu choisir l'offre qui correspond",0.95,3328
Service nul pas de réponse pas réaction de la part des agents,0.0,3329
Le cervice pas bon il ne veulent pas même te donner de temps pour acheter le wifi je ne généralise pas la fille qui simpa et le sécurité il fait son travail mieux que le vendeur a les gents respo.sable il faut qui le change pour ne perdu du clients  Merci,-0.6,3330
satisfaite et bon service ♥️,0.98,3331
"Un grand merci Lors de ma visite, l’agence était très fréquentée, mais malgré le monde et la pression, ce commercial a su rester professionnel, efficace et très à l’écoute. Il",0.76,3332
je suis honnête de mettre une seul étoile d'ailleur il ne merite meme pas cette etoile mauvaise service et d'ailleur j'ai achete un telephone ils m'ont dit que j'avais un garantie d'une an mais le jour suivant quand je suis parti pour changer il ont refusé,-0.9,3333
C est nul ce matin,-0.44,3334
Excellent service et très serviable Tellement que je veux,0.96,3335
Bon service et très serviable Bon continuation mr karim,0.93,3336
"Ravie de partager mon expérience clientèle avec ce lieu, surtout la bonne communication et services dont je suis fier. Lors d'un problème, je n'hésite contacter mon agence préféré. Là où le problème résolu.  Merci beaucoup Mr KARIM KHAOULAJ, Avenue MED 5 FES",0.81,3337
"Maroc Fès Nord-west : Orange. Cite : Oued Fès. Rue OKba  Ben Nfiae. Près du Renpoint la fontaine. Service : spécialisé dans les télécommunications, réseaux Wi-Fi. Cherche des Les données sur le site Google Maps sont fausses, ainsi que les photos.",-0.57,3338
Je suis très satisfait du service client. Le personnel est toujours disponible et à l'écoute. Une expérience positive à chaque visite !,0.97,3339
Bon endroit le personnel est très aimable je recommande vivement. Je remercie Mme Idrissi pour son excellent service et surtout le service après vente.,0.92,3340
"!!Un bon service,merci Anas",0.98,3341
"Très bon personnel, dommage que Anas n'est plus là c'était un agent classe. Apart tout le personnel est jeune et gentil",0.74,3342
Merci pour votre visite,0.96,3343
Très bon service,0.98,3344
Très bon expériences Merci infiniment,0.98,3345
Bon service,0.92,3346
"C'est marqué ferme à 13h, et à 12h40 il n'y a déjà plus personne...",-0.56,3347
"Je tiens à partager mon excellente expérience à l’agence Orange de Fès. Dès mon arrivée, j’ai été très bien accueilli, et je tiens à remercier le responsable Nabil pour son professionnalisme et sa gentillesse. Nabil a su répondre à toutes",0.96,3348
"J’ai été agréablement surpris par l’amabilité et la bienveillance du service de cette agence , le responsable Nabil m’a été d’une grande aide , son sourire, sa joie de vivre et sa rigueur de travail prouvent que c’est une personne dévouée et déterminée a faire avancer la franchise , je recommande vivement , merci .",-0.48,3349
Dernièrement j’ai commandé une eSIM avec 5G illimité pendant 7j à 120MAD. La 5G a duré 3j puis a arrêté de fonctionner. J’ai appelé le service client et après un appel de 50 minutes et après avoir parlé a 4 personnes différentes du service,-0.46,3350
Je tenais à partager mon incroyable expérience avec cette agence. Leur professionnalisme et leu expertise ont dépassé mes attentes. Un grand MERCI à toute l’équipe pour son travail de qualité.,0.51,3351
10:24 am. L’agence doit être déjà ouverte,0.49,3352
"Il y a deux jours, je me suis rendue dans cette agence et je ne peux que souligner le professionnalisme, l’écoute et le respect du jeune homme qui y travaille. J’ai été très satisfaite des conseils et de la qualité du service. Malgré les",0.76,3353
"On sera peut être pas champion du monde de foot, mais les champions de l'incompétence c'est certain.",0.0,3354
Presque 15 jours et pas de connexion par rapport a la fibre nous demandons un clé de dépannage mais pas de solution,0.0,3355
La dame à la réception est serviable. Bon service.,0.91,3356
"Vous êtes les propriétaire de l'espace, soyez les bienvenues.",0.67,3357
👍,0.42,3358
"Les travaux d'excavation et le bruit des vendeurs ambulants sont gênants, mais tout ira bien dans les prochains mois.",0.52,3359
Mauvaise experience ..cette agence mal accueilli les clients...( la femme),-0.81,3360
Mon mari et moi avons acheté une carte SIM et tout a été très rapide — excellent service.,0.97,3361
Vous ouvrez aujourd'hui ?,0.38,3362
"Bon accueil, un service à la hauteur, servi comme il faut. Je recommande vivement cette boutique orange",0.88,3363
"À chaque visite chez Orange à Fès, le personnel est très attentionné et prend le temps de bien expliquer les offres. Une équipe au top!",0.96,3364
A travers mon expérience avec boutique  Orange mentionné je le recommande vivement vu l'accueil chaleureux des conseillers ainsi qu'ils ont un esprit d'empathie et de la patience avec les clients,0.61,3365
"Très bon ressenti après être passé dans cette boutique Orange, de très bon renseignements,  on sent que la personne s'y connaît elle est très commerçante. J'aime trouver des personnes compétentes, j'y retournerai",0.96,3366
"Je suis passé à votre agence Orange ce matin, le service était minable, vous faites fuir la clientèle. Je ne recommande pas du tout.",-0.87,3367
Non professionnelle et comportement inapproprié 👎🏻,-0.66,3368
Bon service merci ifiniment,0.8,3369
Très bon service,0.98,3370
tres bon service,0.96,3371
"Un monsieur très sympa, il explique tres bien tous les détails et veille a ce que le client soit dans la meilleure configuration de son abonnement. Bon courage !",0.96,3372
"L'agence était injoignable à partir de 18h35 et j'ai attendu jusqu'à 19h15. Finalement, je suis parti. Maintenant, je suis votre voisin. Je dois aller jusqu'en ville pour obtenir ce dont j'ai besoin. C'est vraiment dommage.",-0.62,3373
mauvais service,-0.85,3374
Fermer dans les horaires de travail,-0.44,3375
Service de pointe,0.63,3376
Service excellent,0.96,3377
commercial nule acueil nul effectif sur cette agence à changer,-0.65,3378
"Une agence avec un service médiocre, la conseillère n'a même pas  pris le temps de vérifier mon dossier ou bien traiter ma demande, la conseillère m'a fourni comme réponse, ' allez voir soit disant à l' agence principale ' chaque mois je me",-0.61,3379
Il faut respecte le temp de travail 3:30 et l'agence toujour fermer c'est un scam,-0.53,3380
"Bonne expérience, merci pour votre aide",0.98,3381
Merci . Tres bon service,0.97,3382
Merci bon Meilleur services sur cette agence,0.99,3383
Tres bon service ❤️❤️❤️❤️,0.93,3384
"Manque d'information, mauvais comportment, service inacceptable",-0.95,3385
toujours fermé,-0.43,3386
😒,0.42,3387
"Expérience catastrophique dans cette agence. Une vendeuse a fait preuve d'un mépris total envers moi, refusant carrément de prendre en compte ma demande de résiliation. En plus, ma demande de souscription d un abonnement Box 5G.",-0.92,3388
"Bonjour, Suite à votre réponse, j'ai suivi vos instructions et j'ai déposé une réclamation via le lien fourni. On m'a alors promis par email (Accusé de réception) une",-0.52,3389
"Mauvaise Expérience, manque de professionnalisme et de communication. Une résiliation souhaitée pour changer à la nouvelle offre, l'agence refuse sous prétexte que cette procédure se fait par téléphone. Orange a besoin de revoir ses collaborateurs.",-0.81,3390
"Je tiens à partager l’agréable expérience que j’ai eu dans l’agence orange de chafchaouni. A mon arrivé j’ai directement été accueilli par Mehdi, une personne adorable, serviable et professionnelle, a su répondre à mes besoin et a su me conseiller. Je recommande fortement !",0.88,3391
"À mon arrivée , j’ai été chaleureusement accueilli  par un jeune homme souriant , respectueux et sérieux, sa rigueur et sa discipline de travail m’ont convaincu de prolonger mon aventure en tant que client avec orange , merci Mehdi .",0.94,3392
Meilleur service avec une magnifique agent,0.97,3393
Meilleur service,0.95,3394
Bon service,0.92,3395
"Le vendeur m'a arnaqué, il m'a facturé 90 dirhams et ne m'a donné qu'un jeton de 20 dirhams.",-0.63,3396
"Je tiens à laisser un avis très positif suite à mon passage à l’agence Orange Agadir ( SOUK EL HED ) Le technicien qui s’est occupé de moi ( ZAKARIA )  a été très professionnel,",0.94,3397
Très mauvaise expérience. Je me suis rendu en agence aujourd’hui à 11h. Le vendeur était occupé à rire et discuter avec son amie et ne m’a pas pris en charge immédiatement.,-0.97,3398
Un tout grand merci à Zakaria de l’agence qui fait preuve de disponibilité pour la clientèle. Je vous recommande Zakaria de cette agence il est au top !,0.95,3399
Pareil que d’autres commentaire je me suis faite avoir Le gars m’a mis un forfait qui appartient à quelqu’un d’autre donc impossible pour moi de faire quoi que ce soit sur une carte SIM qui n’est pas à mon nom,-0.57,3400
"Bonjour Prière de m’expliquer pourquoi c’est noté sur votre profil que votre agence orange est ouvert le dimanche de 14h30 à 21h00, et je la trouve ,aujourd’hui  dimanche le 28 décembre 2025, fermée !!!!",0.41,3401
Excellent accueil et très bon service. Soufiane a été professionnel patient à l'écoute de mes besoins il m'as recommandé LADSL une technologie d'internet efficace,0.98,3402
Service impeccable avec Mohamed,-0.42,3403
"Par la présente, je tiens à vous exprimer mon profond mécontentement suite à ma visite dans votre agence. Après avoir patienté dans la file d'attente, j'ai été confronté à un manque de",-0.73,3404
"J’ai été très bien accueilli par deux agents. Ils m’ont beaucoup aidé, ont tout expliqué clairement et m’ont donné de très bons conseils. Leur professionnalisme était remarquable, surtout en comparaison avec les autres agences situées sur la même avenue.",0.96,3405
Pris carte sim 11 Go plus 1 h phone pour 100 drh..activation immédiate et contrôle credit ok...très rapide..merci,0.79,3406
"Très bon service chez Orange ! Le personnel est professionnel et accueillant. Mention spéciale à Brahim, très gentil et serviable. Franchement, j’ai beaucoup aimé le service. Je recommande !",0.99,3407
"Bonjour, j’ai pris une darbox dans l’agence de Tiznit. J’ai payé janvier. En fevrier je me suis rendu dans votre agence j’ai payé février et j’ai demandé de clôturer mon dossier. J’ai payé en liquide et j’ai demandé si c’était bien résilié,",0.45,3408
D'après mon passage à l'agence j'étais satisfait du service et du comportement de conseiller driss,0.65,3409
Malgre fibre coupure toutes les 7 secondes habitant agadir hassane En france jamais sauf inondation,-0.55,3410
Merci pour le service et la compétence très particulière du personnel,0.95,3411
Équipe au top. La commerciale était très compétente.,0.76,3412
Belle équipe,0.86,3413
"OK, merci pour les renseignements !",0.92,3414
Bien,0.75,3415
"La dame à l’agence ne fait preuve ni de respect envers les clients ni de professionnalisme. Elle ne respecte pas les horaires de travail et, à chaque déplacement, je trouve l’agence fermée malgré les heures d’ouverture. L’agence est plus",0.0,3416
"J’ai eu une expérience exceptionnelle avec vous  L’équipe est très professionnelle, respectueuse des délais et toujours disponible pour répondre aux questions. Le suivi est impeccable du début à la fin. Je recommande vivement cette agence à toute personne qui cherche un service fiable et de qualité. Merci à toute l’équipe",0.8,3417
"Il est 10 hrs de matin il y a personne, Maroc telecom just en face est ouvert depuis 8:30 hrs .👎",0.39,3418
Le service est nulle pas de respect pour les clients  dans le site la fermeture a 19:30 ils m’ont dit que ils ont fini 18:50 et le gens de service m’ont attaqué parce que je le questionne pourquoi,-0.72,3419
"J’ai souscrit à la fibre optique chez Orange, mais à peine un jour après l’installation, la ligne ne fonctionne déjà plus. Aucun réseau, aucun service ! J’ai contacté le personnel en agence, mais on m’a répondu qu’ils sont juste des",0.0,3420
"Je me suis déplacé pour resilier le contrat de la fibre! Jai du attendre 40minute a l’agence pour ca  et quand j’appelle le service , on m’ informe que rien n’a été fait et qie je dois se deplacer encore une fois pour que ca soit fait!!! Je",-0.77,3421
"Grâce à l’aide et à la gentillesse de Nouhaila, je recommande vraiment cet endroit. Elle a pris le temps de tout m’expliquer en détail et a été extrêmement",0.93,3422
Super acceuil je recommande cette boutique. Nouha est une personne qui vous accompagne et vous oriente vers le meilleur service possible en fonction de vos besoins et de votre budget j'ai pris pour ma société toute une flotte. Et même à distance elle est toujours dispo et a l'écoute 👍,0.51,3423
"Boutique Orange qui n'existe plus ! ❌ Quelle perte de temps, le minimum aurait été de mettre à jour la fiche google. 0 sérieux.",-0.77,3424
"Il est 10h30, il n’y a personne sauf la femme de ménage. Nous sommes quatre personnes en attente et la boutique est fermée. Ce n’est pas sérieux pour une agence Orange",-0.49,3425
Service médiocre personnel mal formé les clients repartent bredouille insatisfait Je suggère le changement du personnel,-0.74,3426
Pas de téléphone fixe ni site internet ni horaire de travail... 9h de matin et la gence est fermée.,-0.59,3427
Orange Maroc une mauvaise expérience en terme de relation client et services après vente. Après avoir opté pour une souscription en ligne d’un contrat Internet ADSL (vue,-0.95,3428
Le jeune homme qui reçoit etre très gentil et connaît parfaitement son travail. Mais surtout il règle tout les problèmes en un temps record. Je recommande vivement.,0.61,3429
Le jeune qui travaille dans cette agence est très compétent dans son domaine. Il essaye de trouver une solution à ton problème,0.7,3430
Bon service merci,0.9,3431
Localisation erronee,-0.65,3432
"Je tiens à exprimer mon mécontentement concernant la fibre Orange. La connexion est toujours instable, les coupures sont fréquentes, malgré les réclamations auprès du service clients, aucune solution !!!!!",-0.79,3433
"Très bon service client . Un staff à l’écoute et le top en résolution de problème , respect pour eux",0.99,3434
Accueil plus que satisfaisant. Le personnel est à l'écoute pour expliquer au client les offres et régler rapidement tout litige. Depuis plusieurs années nous sommes clients et le resterons auprès de cette agence qui nous a toujours donné  satisfaction. Merci Orange.,0.84,3435
"Bonjour, Hier je me suis rendu à l'agence du Marché Central pour déposer une réclamation. Cela fait maintenant 7 jours que je n'ai",-0.44,3436
"Très bonne expérience à la Boutique Orange. Mlle Souhayla Kadiri Telmçani est très serviable, professionnelle et accueillante. Je recommande vivement.",0.96,3437
Service rapide et personnel professionnel. Très satisfait de mon passage à la boutique Orange.,0.91,3438
"Un grand merci à Madame Sabah, conseillère chez Orange, pour son professionnalisme, sa disponibilité et sa gentillesse Elle est très à l’écoute, patiente et efficace. Grâce à elle, tout s’est déroulé facilement et rapidement. Un service client exemplaire.",0.95,3439
Personnel trés acceuillant Mme IMANE en agence baladia meknes  . Sourire aux clients .service àla hauteur. Je recommande cette agence,-0.75,3440
Excellent travaille d’équipe un bon accompagnement surtout madame Sbah merci beaucoup pour votre service,0.96,3441
"L'horaire de clôture samedi est de 21h,je suis passé à 19h45, l'agence est fermé et une dame à l'intérieur m'a dit qu'ils ferment à 19h30. Je me suis déplacé que pour réactiver ma puce. Ce n'est pas normal de mettre des informations erronées en ligne...",-0.8,3442
"Je fais le tour de la ville pour trouver un orange qui a une carte SIM prépayé, le premier est ouvert mais n’en a pas et ce orange est fermé alors qu’il est 15h28. Normalement ça ferme à 19h45 les samedi",0.0,3443
Excellent service 👍 Excellent accueil et conseil Performances de très haut niveau Grand merci 🙏,0.98,3444
Au top. Accueil et écoute. Je recommande.,0.89,3445
Se trouve au milieu du quartier zitoun,0.48,3446
Meilleure agence,0.9,3447
"⚠️ Mauvaise expérience.  Communication floue, processus pas transparent. On sent que l’objectif est seulement de vendre. Faites attention.",-0.65,3448
Achète une carte prépayée parfait,0.67,3449
"Les services d'accueil des clients ne sont pas extraordinaires et pas mauvais, je pense que la qualité des services devrait s'améliorer et les réponses devraient être sans ambiguïté.",0.0,3450
Bon service merci,0.9,3451
Je vous remercie bcp pour le service,0.67,3452
Merci beaucoup pour le service fiable et l'écoute attentive vous êtes magnifique,0.93,3453
Très bon service soukaina merci bcq,0.96,3454
Très bon service soukaina merci beaucoup,0.98,3455
Très bn service soukaina merci bcq pour ta gentillesse,0.86,3456
"Je tiens à remercier chaleureusement Jouhayna pour son excellent service chez Orange-WiFi. Elle a été très professionnelle, patiente et à l’écoute de nos besoins. Grâce à son aide, toutes nos démarches ont été simples et efficaces.",0.97,3457
"Je suis originaire de la ville de Taza et je vais toujours dans cette agence pour la qualité de leur service, surtout grâce à l’employée  Jouhaina, qui s’occupe très bien des clients et leur montre beaucoup de bienveillance. C’est une",0.94,3458
"Je tiens à remercier chaleureusement la jeune demoiselle qui m’a accueilli aujourd’hui chez Orange. Dès mon arrivée, j’ai été impressionné par son professionnalisme, sa gentillesse et son écoute. Elle est non seulement charmante et",0.94,3459
Très bon service,0.98,3460
"Désastreux. On m’envoie des techniciens pour rien soit disant qu’il y a un problème au niveau du boîtier pour la fibre. Quand on leur demande à quand un retour, incapable",-0.93,3461
Bon contusion top service,0.96,3462
J’ai fait une portabilité d’une linge iam vers orange dans cette agence. Tout est passé bien. Merci orange,0.75,3463
Meilleur agence au niveau du meknes j'adore les jeunes la bas sont seriviables,0.87,3464
Satisfaite.,0.92,3465
🥰,0.42,3466
💙💙,0.42,3467
"bon idée d'avoir des agences partout, pour un bon sevice il faut juste réduire un peut les prix",0.95,3468
Marché borj,0.49,3469
Bien,0.75,3470
A fuir!,-0.7,3471
Excellent aceuil Excellent service Bonne continuation,0.98,3472
Agent à l'écoute très accueillant,0.96,3473
Merci orange,0.84,3474
Merci Orange,0.86,3475
Agence toujours fermée ne respecte jamais le temps d'ouverture et de fermeture on dirait un commerce dont le propriétaire ouvre et ferme à sa guise. 10h30 et toujours fermée 18h30 fermée alors que dans les horaires est écrit de 9h30 à 20h N'importe quoi,-0.46,3476
Satisfaite de vos services. Merci Mme Naima,0.97,3477
Service excellent. Un grand merci à Mme Naeema pour son dialogue et sa compréhension.,0.99,3478
Je félicite lagencier orange Mohamed ouislan meknes,0.79,3479
Bon service mohamed agence ouislane,0.76,3480
Très bon réception,0.97,3481
Bien accueill,0.93,3482
Khdma n9iya,0.44,3483
Bon traitement,0.86,3484
Parfait,0.8,3485
"Service professionnel et efficace, avec une grande qualité d’exécution et un vrai respect des délais. Je suis très satisfaite de cette collaboration et je recommande vivement Bellous Ibtissam pour son sérieux et son professionnalisme.",0.94,3486
Un grand merci à Bellous Ibtissam pour son aide précieuse pour l'installation de ma connexion internet ADSL à mon domicile à Oujda. Elle a été super efficace et a rendu le processus tellement simple.,0.9,3487
Très bon service. Un grand merci 🙏 pour votre gentillesse et votre bienveillance .❤️ Bellous ibtissam,0.96,3488
"Tres bn service, je suis tres satisfied pour cette belle commerciale ""Souriante, serviciable, ""bent nas Ibtissam Bellous",0.86,3489
"Excellente expérience, bonne écoute et suivi sérieux. Je recommande sans hésitation. C.C Bellous ibtissam",0.89,3490
"Excellente et professionnelle, service rapide et sympathique. L’agent Bellous ibtissam est top. Merci",0.98,3491
Tres bon service et merci pour accueil de la part de Mme Kaoutar oujda,0.96,3492
Accueil chaleureux et très bon suivi bravo Ibtissam bellous ❤️,0.94,3493
Un grand merci à Kawtar pour son accueil chaleureux et ses excellents conseils,0.98,3494
Great expérience and hight qualité service and so much respect thank you orange Bellous IBtissam,0.96,3495
"J'ai eu le plaisir d'être un des clients de Mme Chouik depuis 2008, et je tiens à souligner son professionnalisme et son expertise. Elle a su répondre à toutes mes attentes avec une grande efficacité et a toujours fait preuve de réactivité",-0.46,3496
Agence très serviable.merci beaucoup,0.81,3497
Bonjour J ai passé ce matin à cette agence pour une information l agent m'a bien accueille très bon service,0.94,3498
"Bonjour, Nous sommes passés aujourd’hui à votre agence pour installer le Wi-Fi à la maison, mais nous vous avons trouvés fermés.",0.87,3499
"Bonjour, Je souhaiterais avoir des informations concernant l’installation du Wi-Fi chez Orange.",0.82,3500
"Service nul ! Personne a l'écoute ! Une fois l'argent encaissé pas de réclamation même 2 heures après l'achat ! J'avais demandé à la vendeuse si le réseau est accessible par tout ,sa réponse était oui ! Où j'habite aucun signal 1/10 !",-0.85,3501
Aujourd'hui j'étais à l'agence Orange Lazaret bd Allal El Fassi franchement j'ai été bien accueilli par Mme Zohra et M. Salah Eddine et m'ont présentés un très bon service avec beaucoup d'informations.,0.92,3502
Services catastrophique a la part d’un fille voilée elle a pas envie de travailler du tout en plein de conversation il touche a son téléphone sur les réseaux sociaux service nul j’ai annulé d’être un client chez vous,-0.84,3503
Bon relation client je recommande volontiers,0.88,3504
Professionnel,0.64,3505
Excellent service,0.95,3506
"Service absolument déplorable chez Orange Maroc. Ma mère a souscrit une offre Unifi, a payé comme demandé, mais elle n’a jamais eu de réseau chez elle. Cela fait plus d’une semaine qu’elle attend, et malgré cinq visites à l’agence, rien n’a",-0.7,3507
"J'ai acheté un téléphone chez eux, mais ils ne m'ont pas fourni le contrat d'achat en raison d'un problème technique. Je suis revenu plus tard et j'ai été informé que le contrat avait disparu. Leur comportement est inapproprié, ce qui nuit",-0.72,3508
service client top merci soukaina,0.73,3509
"J'ai acheté un appareil wifi de 600 Dh hier mercredi 7 janvier de cette agence, agence Orange avenue des FAR de Tétouan et le vendeur était TAIBI Zakaria. Le wifi travaille très bien et tout est en règle.",0.79,3510
"Je tiens à exprimer ma profonde déception vis-à-vis du service ADSL fourni par l'agence Organe. J'ai souscrit à un abonnement ADSL le 8 octobre, mais depuis cette date, je n'ai pas pu utiliser le service, car la connexion Internet ne",-0.78,3511
Manque de respect et de professionnalisme de la part de la personne chargée de recueillir les clients ! Son service est massacre. Elle ne sait même écouter à vos demande et s'explique d'une manière qui ne peut,-0.84,3512
"Un numéro de téléphone, s'il vous plaît :)",-0.46,3513
Expérience formidable,0.77,3514
Agence orange,0.61,3515
Je n'aime pas ça,0.0,3516
Parfait,0.8,3517
"Bonjour, Incompétence, après une semaine des aller retour toujours notre problème n’est pas résolu, faites attention avant de choisir cet opérateur",-0.41,3518
Bon service merci mr redouane serviable et bien accueillant,0.92,3519
Est ce que je peux avoir votre numéro de téléphone d'agence svp,-0.43,3520
Bon service merci,0.9,3521
Bon service,0.92,3522
Très cool,0.94,3523
bon service,0.96,3524
"Après 12 jours d'attente, le Wi-Fi n'est toujours pas arrivé. Le service est un échec total.",-0.51,3525
Un accueil chaleureux et un service irréprochable pour assurer le confort des clients d'Orange.,0.51,3526
Bon traitement de la part de l'employé,0.85,3527
Service rapide et accueil au top,0.95,3528
Musa Harroush,0.58,3529
C'est un bon homme Agence propre Vendeur serviable,0.97,3530
Très bonne service,0.96,3531
T bien,0.57,3532
Bonjour Espace service fidélité depuis plus de 23 ans pour leur dévouement aux clients bonne continuation,0.75,3533
Bon service 👍,0.92,3534
Bon service,0.92,3535
Bon service,0.92,3536
Bon service,0.92,3537
Facilité de transaction,0.57,3538
"Mauvais service ! Je suis arrivée à la boutique à 10h10 alors que l’ouverture est prévue à 10h,La boutique est ouverte mais il n’y a personne à l’intérieur.",0.73,3539
"J’ai regretté aller dans cette boutique et d’avoir acheté une carte orange, la jeune fille est d’une incompétence et d’une vulgarité sans limite. Une recharge a été effectué sur le numéro de la esim et dès que c’est fait le numéro a changé.",-0.71,3540
"j ai donné une etoile par ce que j ai pas trouvé moin , j ai vecu une tres mauvaise experience dans ce magasin et j ai regreter de s abonner a orange , tres mauvais service , apres un mois j ai demandé de resilier mon abonnement",-0.95,3541
"Service excellent, offres régulières",0.98,3542
Super 👍👍👍,0.79,3543
Bon service,0.92,3544
"Une seule dame s'occupait de tous les clients ; elle était très gentille et attentionnée, mais la file d'attente pouvait être longue.",-0.43,3545
Orange Bureau d'Orange,0.58,3546
Bonjour . Je me suis rendu sur cette agence pour un simple service mais malheureusement la damme m'a dit qu'il n'est pas possible d'effectuer mon opération et qu'elle,-0.74,3547
"Un merci spécial à la personne avec la barbe  pour son professionnalisme, son écoute et sa patience,Il a su répondre à toutes mes questions avec clarté.",0.81,3548
comment on vous joint? pas de téléphone?,-0.43,3549
Mauvais service,0.57,3550
mauvais cnx,-0.88,3551
"Excellent service, la damme à l'accueil est très sympa, à l'écoute et propose des solutions concrètes ! Je recommande cette agence ✨",0.86,3552
"Depuis le 26 décembre 2024, ma connexion Internet via la fibre optique est coupée, et malgré mes paiements réguliers et mes nombreuses tentatives de contact avec Orange, aucun effort n’a été fait pour résoudre ce problème. Le service client",-0.56,3553
Il ´y’a une panne internet depuis 2 jours sans aucune solution de leurs part j’appelle le service client ils m’ont dis qu’ils peuvent rien faire et que si j’ai besoin d’internet il faut que j’aille à l’agence de Orange et je dois acheter,-0.57,3554
A éviter surtout à sala aljadida. Ça fait 15 jours que ma ligne fibre optique orange est down sans aucune intervention de leur part malgré mes relances et mes réclamations chaque jour. Service nul.,-0.53,3555
"Mauvaise expérience avec la connexion de fibre optique 200 mega ces derniers mois,  avec plusieurs réclamation sans retour. Sala el jadida résidence Salima av Hssain. J'ai demandé l'intervention d'un technicien, Silence Radio.",-0.37,3556
Tres bon service tres bon accueil. Merci l equipe 😊,0.99,3557
"Très bon service,un grand merci pour tout le personnel a sa fiabilité et sa attention",0.99,3558
Très satisfait du service je remercie tout le personnel pour son efficacité et sa courtoisie,0.91,3559
Merci beaucoup vous êtes hyper gentil,0.87,3560
Très belle équipe 👍👍 bon courage,0.99,3561
Très bon service,0.98,3562
"Merci beaucoup, vous etes géniales",0.91,3563
Bon personnel et excellents services,0.98,3564
Service excellent,0.96,3565
"Service client déplorable. Après plusieurs appels et promesses non tenues, ma situation reste inchangée. Les conseillers ne sont ni à l’écoute ni efficaces, et les délais de résolution sont interminables. Orange, c’est clairement l’exemple parfait d’un service qui ne respecte ni ses engagements, ni ses clients",-0.8,3566
"Excellent service,  personnel très pro et à l'écoute. Bonne continuation 👏👏",0.97,3567
"Les conseillers/vendeurs n'ont pas même les informations essentiels pour répondre à des questions basiques sur des offres sur le site orange, en plus ils essaient d'inventer des trucs bidons pour couvrir sur la manque d'info, il n'y a pas",-0.5,3568
Mr mohamed bonne service merci,0.55,3569
Très bon service,0.98,3570
Très bon service,0.98,3571
"L'imprimante ne fonctionne pas pendant un mois. Vous n'avez même pas la possibilité d'acheter une imprimante, comment résolvez-vous les commandes des clients ? Trouvez-vous cela normal?",0.0,3572
L'employé était très serviable et a répondu à toutes nos questions,0.8,3573
Bon service,0.92,3574
mauvaise qualité de service par la femme .toujours système en panne et nous oriente  vers cash plus aucune considération pour l'image de marque d'orange Ce conduite oblige les gens à  réfléchir pour changer d'opérateur,-0.95,3575
"Attention, ce sont des voleurs ! Ils m'ont extorqué 200 dirhams pour deux mois de coupure de service, et au bout d'un mois, ma ligne a été bloquée pour non-paiement. J'ai dû payer 99 dirhams supplémentaires à Orange pour que ma ligne soit",-0.74,3576
Ta3mole momtaz,-0.41,3577
"Bonjour @(lien non disponible), je suis déçu par le manque de services en ligne proposés par votre entreprise. J'ai demandé à changer ma carte SIM pour une eSIM, mais je suis obligé de me rendre à l'agence pour finaliser la demande. De",-0.81,3578
"J’ai eu un problème de carte SIM, j’appelle le service client depuis un mois. « Problème technique » en cours de traitement. Ils nous parlent de 72h max, j’en suis à un mois",-0.66,3579
Je souhaite partager une situation regrettable que je vis actuellement avec INWI. J’ai réalisé une demande d’installation de fibre optique via un contrat digital.,-0.43,3580
"À chaque fois que je souhaite réaliser une démarche dans cette agence. Cela ne fonctionne pas. Les responsables devraient remettre de l’ordre, car c’est consternant. Dans ces conditions, là, il vaut mieux fermer l’agence que la laisser ouverte.",-0.65,3581
"Un mauvais service, j'ai acheté un routeur idar-duo hier, et votre conseiller ma confirmer que la ligne sera active l'après midi et jusqu'à maintenant la ligne est inactive, et quand j'ai lui parler il a confirmé que la ligne est activée,",-0.98,3582
Très mauvaise agence j ai rechargé 100dh qui n est pas passé je me demande si c'est pas dans la poche du vendeur en plus leur téléphone est faux,-0.95,3583
"ils travaillent très longtemps ! Je suis venu ce matin et j'ai attendu 30 minutes. Il y avait 2 filles qui travaillaient, pourquoi ne valorisent-elles pas le temps de leurs clients ? Embauchez plus de personnel, mon temps est précieux !",0.62,3584
"Quand un conseiller clientèle parle anglais et ne veut pas rassurer un anglophone par téléphone, c’est une preuve de non professionnalisme ! Il réponds pas à toute mes question mais quand lui il veut, aujourd’hui la personne n’a pas voulu travailler à 10h du matin. Il m’a simplement énervé !!!!",-0.77,3585
"Très bonne expérience avec cette agence. Le personnel est accueillant et bien informé, prêt à répondre à toutes mes questions. J'ai particulièrement apprécié la rapidité avec laquelle mon problème a été résolu. Le cadre est moderne et",0.97,3586
"Agent de boutique totalement incompétent : aucune connaissance, aucune aide, perte de temps totale. Service honteux dans cette agence inwi.",-0.6,3587
J'ai eu une trés mauvaise expérience avec cette Agence. J'ai fait une commande d'une carte SIM et on m'a appelé pour confirmer  et on m'a dit que la carte est disponible a l'Agence.,-0.97,3588
"Mon expérience avec cette agence (à côté de station tram nations unis) a été extrêmement décevante, principalement en raison du comportement agressif et irrespectueux de la part d'un certain conseiller . Non seulement il m'a parlé de",-0.85,3589
"Attention arnaque. L'agence vend les box fibres assurant que l'immeuble est connecté. Quand le technicien passe, il s'avère que l'immeuble n'est pas connecté à Inwi. Quand on retourne à l'agence, ils ne veulent pas annuler la commande et",-0.81,3590
La conseillère ne connaît pas les procédures internes du groupe. J’ai dû payer 300dh alors qu’elle pouvait me faire un remboursement. Je ne conseille vraiment pas,-0.48,3591
Super acceuil et efficace ! Bravo inwi👏,0.98,3592
Très bon service Merci soukaina,0.98,3593
"Service incompétent. On me fournit une carte sans me remettre de contrat, on resilie sans mon consentement mon forfait de 250dh payé, au bout de 4 jours sans me prevenir. Lorsque j'y vais, on me dit seulement ""désolé on peut rien faire""",-0.71,3594
"Un des Personnel était agréablement gentil et serviable. Il nous a tout expliqué d'une manière claire et précise. Par contre, lors d'une deuxième visite pour un autre service, on était surpris de la froideur et l'accueil d'une autre",0.5,3595
Pire sav du monde ! Fuyez !! Le vendeur vous dit tout un tas de choses fausses à savoir que vous allez recevoir un avis de paiement et résultats rien et vous vous apercevez que votre ligne,0.52,3596
Entreprise de voleur !! Ne jamais allez chez Inwi ! Facile de prendre une box soit disant sans engagement mais pour la restitution très compliqué ! Ne veulent pas vous rendre votre argent en échange de ma box ! De plus la connexion internet est de très mauvaise qualité fuyez !,-0.92,3597
"Arnaqueur ..  !!!!!    je suis partie pour payer ma facture le conseiller ma donner une facture et non pas le reçu, quand j'ai verifié le règlement que j ai effectué au niveau de l'agence n'étais pas passé, je me suis dépacée a une autre",-0.82,3598
Les employés de cette agence ne sont pas à jour des nouveautés de service que propose leur entreprise. J'ai dû appeler le service client par téléphone pour demander les informations que je cherche.,-0.4,3599
"Agence ne donnant pas toutes les informations à ses clients et les traitant sans aucune considération. J'ai demandé des excuses et ce qu'ils allaient Faire pour que la situation ne se reproduise plus, le responsable m'a repondu rien. Agence a fuir!",-0.8,3600
Je me présente en plein horaires de travail ! Le mec me fait signe que c'est fermé le temps qu'il bouffe son sandwich !!!!,-0.51,3601
Service rapide et très bon accueil,0.97,3602
Personne ne réponds au téléphone Agence n’a de téléphone,0.0,3603
"Nul. Personnel inexpérimenté, Non professionnel et pas accueillant.",-0.8,3604
Bon accueil agents compétents satisfait,0.95,3605
Très bon service et équipe à l'écoute,0.98,3606
La pire entreprise telecom au Maroc,-0.71,3607
Réactivité et sympathie de personnels !,0.54,3608
Très bon accueil de Hicham,0.97,3609
J’ai acheté un wifi sa fais 2mois il marche même plus quand je joue à la ps5 sa fais que beuger n’acheter jamais c nul Maroc telecome a vis inwi pire marque de wifi,-0.54,3610
"La jeune fille qui travaille dans cette agence, il faut qu'elle apprenne la relation client car le comportement c'est zéro. Les clients ne sont pas tes copains du lycée.",-0.64,3611
N Vous avez consomme  1 min 47 sec. Il vous reste 5 h 47 min  44 ss nationales ou 5 Go 772 Mo.Consultez le detail de votre solde en appelant le 1202 ou en composant *120*30#,0.45,3612
"Service déplorable. J’ai effectué une demande de portabilité, j’ai payé le forfait et activé la carte SIM, mais celle-ci n’a jamais fonctionné.",-0.86,3613
"Très déçu par le service client. J’ai payé mon abonnement avant la date d’échéance, pourtant ma ligne a quand même été coupée sans raison valable.",-0.95,3614
"Dommage que nous ne pouvons pas mettre moins d'une étoile! Service deplorable, une semaine d'attente pour une simple activation d'une carte SIM donc je decide de me rétracter, service client nul! Des réponses en copier-coller! A fuir",-0.9,3615
"Je ne savais pas qu'on pouvais etre sans cœur face aux problèmes des autres, aujourd'hui j'ai perdu mon téléphone, j'avais juste besoin qu'on m'aide a retrouver mon numéro INWI pour m'aider a retrouver mon téléphone mais la fille qui tenais",-0.57,3616
"Ne souscrivez jamais à Inwi pour la fibre ou autre. Ils sont nuls, ça fait 1 semaine je n'ai pas internet quand tu appelles tout ce qu'ils savent dire c'est je relance la demande au service concerné depuis 1 semaine !!!!!!!!! Je suis en",-0.54,3617
Ils sont fermés w katbin ouvert ! Rectifiw les horaires svp !,0.77,3618
En travaux quand j’y étais ! Je ne sais pas si elle est toujours sous le fanion INWI ?!,-0.63,3619
Nul g rien à dire dautre,-0.47,3620
Je déconseille fortement. J'ai changé l'offre de i-Dar Duo à L'ADSL et ils m'ont pas expliqué que je dois résilier l'offre i-Dar Duo avant l'ADSL. J'ai pris le pack dépannage pendant 2 mois avec une avance de 200DH (tu signes une contrat,-0.78,3621
"Le personnel est super agréable. Toujours à l’écoute, toujours poli, toujours à essayer de trouver des solutions pour les clients. Si vous lisez ce message bravo et merci",0.94,3622
"Service minable, que ça soit la part de inwi ou de l'agence. À éviter",-0.8,3623
Bon acceuil et service approuvé,0.93,3624
"Je suis allé récemment à cette agence Inwi. Il y a une personne qui travaille là-bas, et elle est vraiment professionnelle et très sympathique. Elle m'a offert un service excellent, m'a expliqué tout clairement et rapidement, et a été très",0.87,3625
"Service impeccable ! Très satisfait du service reçu. La personne était professionnelle, à l’écoute et vraiment au top. Je recommande sans hésiter !",0.82,3626
Personnel agreable nottamment l agent que j e frequente la plupart du temps service de bonne qualite,0.65,3627
Très peu de personnel longue file d’attente et les siège sont vraiment pas confortable c’est littéralement des banquettes bas de gamme posée directement au sol !,-0.6,3628
Agence catastrophique déjà la il y a une seule personne c'est tout alors que c'est l'une des plus grandes de Casa. Ensuite j'ai eu un problème de paiement a cash plus quand je leurs donne mon num,-0.85,3629
"Aucune compétence, aucun professionnalisme. Heureusement que je savais exactement ce que je voulais, car les explications étaient inexistantes. Incapables d’aligner une phrase correcte, et ça parle de leurs primes devant les clients comme",-0.61,3630
"Un personnel qui manque de compétences, amabilité ou encore pire de formation en accueil. Merci de m'avoir envoyé vers la concurrence",-0.74,3631
"Je passe chez la dame sur place elle m'informe que le système ne marche pas jusque là pas de souci puis je lui demande quels sont les horaires de travail afin que je puisse passer pendant que l'agence est ouverte, elle me dit je suis là en continue. Quand je passe maintenant il n y a personne, pire service qui existe.",-0.54,3632
"Service nul concernant le contact clientel , normalement dans une agence on doit bien expliquer au clients et leurs faciliter les chosea , mais ce n etait pas le cas pour moi .. Merci de faire transmetre le message aux responsables pour qu'ils puissent au moins faire des formations en decipline a leurs personnels",0.0,3633
"Merci beaucoup Imane, c'était vraiment un service très agréable , je suis satisfaite 🥰",0.93,3634
Service après après-vente médiocre. Les opérateurs Télécom profitent de la fermeture du secteur face à une vraie concurrence et de la protection de l'état pour dépouiller les clients dépourvus de toute option de recours ou de défense,-0.57,3635
Des voleurs Caution de 700 dh non remboursée Débit très mauvais sur la box 4g,-0.85,3636
Service décevant. Le personnel n’est ni accueillant ni professionnel et ne m’a pas aidée du tout. Très mauvaise expérience,-0.86,3637
"Nullllll comme Service, boutique nullllllll",0.4,3638
"Ce n'est pas une boutique, mais juste un stand!",0.0,3639
"Très déçue par cette agence Inwi. Je me suis déplacée spécialement en me fiant aux horaires affichés (et confirmés en ligne), mais à mon arrivée, l’agence était fermée sans aucun avis, ni",-0.94,3640
Ouverture tres en retard il est 9h30 est toujours fermé alors que sur le panneau ouverture a 9h00,-0.5,3641
"Très mauvaise expérience à l’agence Inwi de Marjane Casablanca. L’employé, dont je crois que le prénom est Achraf, a refusé de m’aider avec mon contrat alors qu’il avait clairement la possibilité de le faire. Son attitude était totalement",-0.98,3642
"Service client professionnel et serviable ils étaient à l'écoute et coopératif avec moi 👍, merci khoya et bonne continuation.",0.85,3643
"Personnel compétant et à la hauteur serviable, rien à dire",0.7,3644
Il y a personne à 11h du matin. Seba comme on dit !,0.39,3645
"Process très long, à quel moment une agence ne dispose pas de stock de QR pour les cartes eSIM la seule solution que la conseillère me donne, c'est de faire le tour des agences à Casablanca, et traquée où se trouve la disponibilités des QR le code pour que je puisse profiter de mon numéro pleinement MDR la chasse au trésor",-0.52,3646
"Le commercial qui porte des lunettes est irrespectueux, il me parle comme si j’étais son ennemi. TRÈS DÉÇU",-0.91,3647
"Jamais on a vu une boutique fermée pour pause, et encore moins 30min avant la fin",-0.44,3648
Bon service,0.92,3649
"Service moyen, lieu exigu pour une agence de télécommunications présente dans tout le Maroc",-0.42,3650
Il ont dés agents très serviable.,0.44,3651
Je ne recommande ni les offres ni les abonnements ni le réseau inwi Et encore moins leur assistance.,0.0,3652
Tu trouves des gens accueillant,0.88,3653
sympatic .serieux .,0.61,3654
"service 0 ""les conseillers"" ne servent à rien à chaque fois que tu leur demandent quelque chose ils te donnent un certain numéro à appeller mais ce numéro ne répond pas équipe incompétente que ce soit les "" conseillers"" les "" électriciens "" ou même le ""service à la clientèle"" je ne recommande. pas cette agence une équipe de bras cassé !",-0.49,3655
Service null 👎 pas des chaises 👎👎👎,0.0,3656
Très bon accueil et service excellent . Très satisfait,0.98,3657
"Malheureusement,ils ont encore besoin d'apprendre à mieux se comporter avec les clients",-0.55,3658
Service très très nul je crois même pas que c’est une agence inwi vrai. A ne pas visiter du tout ils font que des arnaques. De préférence visiter d’autre agence inwi.,-0.62,3659
Service rapide par des gens qui connaissent leur travail. Dommage que leur voisins ne sont pas comme ça.,0.43,3660
"boutique impeccable , j'ai attendu mon tour, mais malheureusement le préposé  ne peut faire la recharge  d'internet pour mon gsm c'est pour cela le service avec une étoile 🌟  pour la gentillesse :la faute à  qui?j'espère que j'aurais une réponse.",-0.7,3661
"Elle est proche de chez moi,le service est puisque les clients font eux même le bon travail devant  les deux guichets à l,absence d,un sécurité devant l,agence",0.81,3662
Très mauvais traitement et manque de disponibilité des deux routeurs,-0.97,3663
Trop nul. J’ai changer de tel et oublier de transférer ma carte e-sim l’agent me dit que c’est impossible de récupérer mon numéro je dois acheter un nouveau numéro. Je part à l’agence qui est au rond-point il me règle mon problème en moins de 20minutes. Très déçue,-0.89,3664
"Une honte!!!!!!!! La conseillère Inwi m’a littéralement arnaquée pour faire ses ventes. Elle m’a fait croire que j’étais obligée de changer d’opérateur, a promis de résilier mon",-0.75,3665
vraiment mauvais service client j'ai annuler mon abonnement un certain temps j'ai trouvé que l'abonnement est encore ouvert j'arrive pas à comprendre,-0.97,3666
"Qualité du wifi médiocre, même pas 1 méga. Le service client ne fait rien pour proposer une solution. Fuyez cet opérateur !",0.34,3667
L'agence imwi-HAY SALAMA se retrouve dans le boulevard MOHAMED BOUZIANE à côté du café ALHAOUDEJ et en face du snack TANJA.les agents de cette agence sont très  serviable ils font un grand effort à fin de satisfaire les clients. Bon courage vous êtes intéressés par un grand nombre de citoyens.,0.92,3668
Service agence hay salama nulle,-0.45,3669
"Y avait un conseiller un jeune homme qui était gentil serviable et à l'écoute, maintenant y a une jeune qui n est pas à l'écoute et n'a même pas l'envie d'expliquer et de répondre à ma question, a chaque demande elle dit appelez le 220 , j'ai fait le passage aujourd'hui et hier , une agence bien située mais le service nul",-0.39,3670
"Je ne recommande pas cette agence, elle est très mauvaise Le moment choisi est irrespectueux J'ai demandé à changer ce réseau Wi-Fi Je ne le recommande pas 👎👎👎",-0.95,3671
Très mauvais service. On achète un abonnement en expliquant l'urgence du besoin. Mais le Monsieur oublie peut-être d'activer la ligne. On appelle numéro non attribué alors qu'il s'agit d'un opérateur téléphonique.,-0.98,3672
Top service client bon continuation,0.85,3673
le service est nul,0.0,3674
Bonne service,0.97,3675
"⭐️⭐️⭐️⭐️⭐️ L’ancienne agence manquait clairement de propreté et de décoration. Mais depuis le changement, tout a été transformé !",0.57,3676
"Après m’être déplacée vers une première agence Inwi, fermée sans aucun avertissement malgré les horaires affichés, je me rends dans une deuxième agence inwi ´jawharà  pour découvrir qu’elle n’a pas accès à Internet.",0.0,3677
M mauvais service agent désintéressée,-0.92,3678
"Pourquoi mentir,et laisser les gens se déranger Je suis passé hier, la boutique est au travaux et fermé",-0.71,3679
Excellent acceuil par Mehdi.Superbe.,0.96,3680
L'offre modem 4G est pleine de frais cachés!! 100 dhs de garantie et 200 dhs de frais d'activation 😏 En fait vous payez le modem ZTE très très basique à 300 dhs!!!,0.49,3681
"Meilleur Agence ,je recommande, j'aime surtout l'accueil et leurs respects... Bravo a vous je donne 10 étoiles",0.98,3682
à 18h on doit attendre la dame jusqu'à ce qu'elle finisse son repas pour nous répondre allez dans une autre agence.,-0.5,3683
Personnel très sympathique. Je suis excessivement satisfait de l'efficacité des produits inwi. الله إعمّر ها دار.,-0.49,3684
"Un mauvais service, c’est catastrophique , il répondent plus au téléphone même le service est nul a déconseiller",-0.98,3685
"Une bande d'arnaqueur, le service technique d'inwi annule ma demande d'installation ADSL, et les deux incapables de ce point de vente refusent de récupérer le routeur et de me remettre mon dépôt de 100dh.",-0.81,3686
"Les agents dans ce point de vente sont incompétents, et des arnaqueurs, refusent de rembourser 100dh de dépôt pour un adsl qui n'a pas été posé sous excuse qu'il y'a un bug dans le système.",-0.87,3687
"Le 24/06 à 10h30 du matin, je me suis rendu à l'agence d'Abdelmoumen afin de souscrire à l'offre ""VACAY"" chez inwi. L'opératrice présente m'a informé qu'elle devait vérifier avec son supérieur hiérarchique s'il y avait des démarches",-0.6,3688
"Service médiocre, ça fait une semaine que j’attends qu’on vienne pour m’installer le wi-fi, j’appelle personne ne répond alors qu’on devait venir me l’installer deux jours après",0.35,3689
Très mauvais service d'INWI et de cette agence en particulier. A éviter.,-0.97,3690
Service médiocre/manque de responsabilité. Évitez cette agence.,0.36,3691
Trop lent . Une personne pour gérer j'ai du attendre 45mn pour être reçu,0.51,3692
Agent non serviable C’est toujours fermé avant l’heure de fermeture,-0.68,3693
"J'étais plus sur l'agence a côté celle d'🍊, le monsieur est vraiment très serviable, compétant s'il y avait plus de 5 étoiles j'aurais mis plus",0.7,3694
C'est la ou je paye mes factures,-0.53,3695
Fermée la plupart du temps,-0.47,3696
La personne ouvre la botique mais n’est pratiquement pas présent elle est dehors tout le temps,0.0,3697
L'agent en charge manque radicalement de compétences relationnelles de base. Son language de communication est à la limite de celui de l'homme de neanderthal. Ça vous dégoûte complètement d'y rentrer une deuxième fois.,-0.65,3698
L'agence ne répond pas après que j'ai acheté la box chez eux et j'ai eu un problème avec celle-ci 👎👎👎👎,-0.5,3699
"Très bon accueil Mr Oussama, service impeccable très gentille il respecte les clients ainsi que chacun son tour nous le souhaitons une bonne continuation Bravo Bravo",0.98,3700
"Très bon accueil (Mr khalid), service impeccable ont vous trouver la solution adéquate rapidement.",0.93,3701
"Inwi , un mauvais choix d’internet Adsl ou modem 4g",-0.94,3702
"Je tiens a remercier le chargé de clientèle ""Kamal"" pour son accueil, sa compréhension et son service professionnel. 👍",0.82,3703
pas du tout serviable et ignorant des procédures !,-0.56,3704
"Accueil très chaleureux, compétence",0.51,3705
Je souhaite adresser mes sincères remerciements à toute l’équipe Inwi Casa Port pour la qualité de leur accueil ainsi que leur professionnalisme exemplaire. Et surtout Mme safae qui est très sympathique et accueillante.,0.73,3706
"Un très bon service, agent à l’écoute et maîtrise bien le produit. 07/avril/2027 10h20 AM",0.97,3707
La fille comptoir n a aucune ma compétence par rapport au client. Elle était sur son téléphone alors nous nous sommes présenter pour des informations pour un abonnement. L agence était vide et nous avons attendu 10 min avant,0.0,3708
Nous avons acheté une carte SIM à 49 dirhams pour 11 Go.  Le conseiller était poli. 👍,-0.48,3709
Il n’y a pas d’agence inwi au Morocco mall. Ça sert à rien de se déplacer. Merci de supprimer cet emplacement qui n’existe pas,-0.46,3710
Tres insatisfaite de leur service . Une inscription a la fibre depuis plus d un moi . Aucun instaltion na ete faite aucunr reponse de leur part meme apres plusieurs réclamation... je ne recommande pas la fibre chez inwi .,-0.9,3711
Problème réguliers qui prend beaucoup de temps a être traité,0.53,3712
"Je me suis rendu à l’agence Inwi afin de récupérer ma nouvelle carte sim avec conservation de numéro et changement de plan tarifaire,  a mon grand étonnement on m’a annoncé que ce numéro est enregistré, mais pas à mon nom !! Alors que j’ai  tous les documents qui prouvent bien que ce numéro m’appartient !!!",0.54,3713
Très bon accueil,0.99,3714
Bon service,0.92,3715
"Il faut vraiment formé les gens sur l'accueil, car c'est une catastrophe faite un effort",-0.81,3716
"Le pire service qu'on a jamais vue , pour une installation de fibres optiques qu'on a signé le contrat depuis le 21/08 et on est le 03/09 personne nous a contactés.",-0.52,3717
On vient pour payer nos abonnements et le monsieur nous dit qu'il est actuellement pas possible de faire des paiements. Il faudra revenir 30 minutes après. On revient et on nous dit qu'on peut pas payer par carte. Il me semble qu'on est en 2023. En plus le monsieur est désagréable avec sa clientèle.,-0.69,3718
Inwi ( arabe : إنوي ) (anciennement connu sous le nom de Wana ) est une entreprise de télécommunications au Maroc. C'est une filiale du groupe SNI et du groupe koweïtien Zain .,0.51,3719
Cette agence n'existe plus,0.0,3720
Pas mal,0.41,3721
Le bureau est très étroit on brûle de chaleur dedans les gens font la queue dehors sur le trottoir la climatisation évacue à travers un tuyau dehors sur la tête des passants,-0.77,3722
Service nul ..,-0.55,3723
.l'agent n'avais pas de téléphone pour dépanner.,-0.47,3724
"Si je pouvais mettre un 0 je l’aurai mis et même moins, un staff impoli, tout sauf compétent,  parle tres mal, on dirait limite qu’on est mendiant de leur service! Ils nous sortent des excuses pour ne pas donner le service! HONTE A VOUS!!!",-0.95,3725
"J'ai compté rentrer chez moi avec une box, hélas je suis rentré avec les nerfs...agent non complètemente...non polie...molle...fait passer d'autres clients alors que j'étais devant eux...bref inwi doit revoir son recrutement....",-0.86,3726
"Certains employés manquent clairement de professionnalisme, en particulier une dame dont j’ai oublié le nom, mais dont le comportement mériterait d’être revu !",-0.83,3727
"Très mauvaise expérience a l’agence Inwi 2mars aucun accueil Je suis monté voir la personne qui s’occupe de la branche buisness, aucun accueil la personne est une femme avec un foulard qui été concentré sur son tel c’est",-0.96,3728
"Nous avons souscrit à un abonnement Inwi dans le cadre d’un retour de ligne pour notre société. À ce jour, et malgré une semaine écoulée depuis le dépôt du dossier,",0.42,3729
Personnel incompétent. Pour un changement de carte sim pour un numéro qui m'appartient depuis plusieurs années. on me refuse le changement sous prétexte que la ligne n'est pas à mon,-0.57,3730
"Le personnel manque clairement de formation en service client, ils montrent clairement qu'ils ne veulent faire aucun effort sur leur travail, Je n’ai même pas eu le temps de clarifier ma demande qu’on m’a répondu “le système ne fonctionne",-0.63,3731
"Service null, j'ai perdu mon temps pour arriver à 11h. Et finalement on me dit que je dois revenir dans l'aprem car ils ont l inspection !!!!!",-0.63,3732
Bonne experience et bon conseil.,0.99,3733
"L'agent est simpa et serviable ,Merci d'ajouter le numéro du téléphone d'agence correcte C'est 2025  ....",0.66,3734
Magasin pour les services Inwi de téléphonie et d'internet,0.82,3735
"Sincèrement, service nul. C’est bien beau d’être gentil et accueillant mais les vas-viens à nos propres frais pour les mêmes soucis c’est fatiguant d’autant plus qu’on paye ! Wifi payé depuis un mois, 0 installation, pour l’annulation il",0.65,3736
"Je suis déçu du personnel de cette agence, la personne accueilliante n'est pas professionnelle du tout,j'ai payé une recharge internet de 100dh,puis il m'a dit que le numéro est suspendu et que c'est trop tard il peut rien faire.Norlalement",-0.82,3737
"Un passage chez inwi Aeria mall cette matinée le samedi 9 août 2025,le monsieur travaillant ce jour là était très désagréable, non respectueux,franchement c'est de l'arnaque,cette agence à éviter !!!",-0.95,3738
Agence fermée à 16h le 29/07/2025. Aucun sens de responsabilité.,0.0,3739
Y a personnes entre 4h30 et 15h15,0.41,3740
Service rapide agent très réactif et professionnel.,0.55,3741
"Pire expérience client de ma vie. La fibre n’a jamais marché, le technicien n’est jamais venu, service client inutile en boutique et au call center alors qu’on s’y est rendu plusieurs fois pendant 2 mois. Je déconseille fortement les",-0.68,3742
"C'est de loin le plus beau magasin Inwi que j'aie jamais vu. Très moderne et élégant, presque comparable à ce qu'on trouve en Amérique ou en Europe. En revanche, le service client laisse à désirer et vous devrez patienter entre 30 minutes et une heure avant d'être pris en charge.",0.54,3743
"Un service pourri, j'ai des problèmes depuis le premier jour. J'ai d'abord dû attendre six jours pour avoir une connexion sur mon téléphone, puis ils coupent mon Wi-Fi toutes les semaines, et je dois venir leur demander de le réactiver.",-0.62,3744
si lent que tu peux mourir et renaître à nouveau,-0.54,3745
Je n'ai jamais eu d'accès internet via InWi-Fi  Il n'y a qu'un seul employé dans l'agence. Il faut attendre longtemps pour répondre aux besoins des autres clients !,-0.43,3746
Service client impeccable et personnel très agréable 👍👍,0.52,3747
Service client déplorable ! Surtout la dame qui était là.,-0.94,3748
"La dame qui travaille dans cette agence est vraiment très désagréable. Nous sommes venus aujourd'hui vers 18h, car nous sommes tous abonnés à Inwi dans la famille. Nous voulions poser une question concernant notre forfait.",-0.82,3749
"Gestion déplorable ! Ils ont collé un autocollant dans leur magasin indiquant que leurs horaires d'ouverture pendant le Ramadan, après l'Iftar, sont de 21h à 23h (comme vous pouvez le voir sur la photo). J'ai attendu 30 minutes, et toutes",-0.93,3750
Ils ont un bon service,0.97,3751
Les beaux jours la popularité,0.91,3752
Service nul,-0.45,3753
"Agence Inwi, Derb Sultan, rue Al Fida, près de la place Sraghna.",0.46,3754
"J'ai fait un abonnement d'internet optique a Firdaous, actuellement j'ai déménagé à Anfa et quand j'ai demandé le transfert pour la  nouvelle adresse pas possible car il n'ont pas d'installation optique et pour résilier,i m'ont exigé la",-0.73,3755
Absence de l'agent commercial tout le temps et l'absence de réseau. ... L'imprimante ne fonctionne pas pour avoir une facture. ...,-0.66,3756
Le monsieur qui est là bas va vous faire perdre de la clientèle il est raciste en plus il n'est pas accueillant.,-0.92,3757
"Bon accueuil, mais je suis plutôt client IAM .",0.68,3758
Absence d'agent commercial constament. Pas de service CMI. Manque d'outil de travail.,-0.47,3759
Pas beaucoup de choix en ce qui concerne les téléphones,0.0,3760
Zohra El réfléchir très bien 1,0.89,3761
La pire agence Inwi,-0.5,3762
Pas mal espace un peu petit,0.5,3763
Pas d'abonnement internet,0.0,3764
Bon service,0.92,3765
Passable faible réseau,0.56,3766
Bonne agence,0.94,3767
Des agents de métier.....,0.47,3768
Super,0.78,3769
recharge téléphone,0.47,3770
Lieu de travail,0.67,3771
Lieu de travail,0.67,3772
Service déplorable. J'avais l'impression qu'il me rendait service.,-0.8,3773
indisponible,0.74,3774
Service très mauvais,-0.91,3775
Inwi,0.52,3776
Bn,0.4,3777
Correct,0.5,3778
Beauséjour,0.6,3779
"La meilleure agence que j'ai jamais visité, avec un personnel incroyable. Ils ont traité mon problème comme si c'était le leur.",0.55,3780
"Rien de particulier. Toutefois,  sur le plan d'assistance technique beaucoup de choses restent à faire",0.36,3781
J'adore,0.76,3782
Bon service,0.92,3783
Super,0.78,3784
Une agence offrant un bon service et sans foule.,0.87,3785
Service super lent,0.61,3786
Grand moi,0.82,3787
Il n’ont pas de pack dépannage!,-0.52,3788
Bonne réception . J ai pas beaucoup attendu dans la queue .,0.88,3789
Tres bon service avec une bonne qualité,0.98,3790
Ils ont des Super forfaits internet et mobile,0.91,3791
très mauvais service (0 professionnalisme).,-0.96,3792
Très bon services et rapide,0.98,3793
Service médiocre,0.66,3794
Très bon service,0.98,3795
Fermé pour aucune raison .....,-0.49,3796
Bon service,0.92,3797
Bien,0.75,3798
Bon,0.91,3799
😇,0.42,3800
Petite agence inwi,0.49,3801
Asse bonne,0.92,3802
Agence de inwi saada,0.45,3803
Le personnel de Serbis Ayan Li Tama a fait preuve de manque de professionnalisme lors de l'accueil et des soins.,-0.67,3804
"Boutique et centre de téléphonie  Ici, vous pouvez acheter des téléphones ou vous abonner au réseau Inwi.",0.73,3805
L'un des plus beaux endroits sur lesquels la municipalité ou la communauté a travaillé,0.92,3806
très bien,0.97,3807
Service clientèle 0000,0.5,3808
Bienvenue à Dakhla,0.72,3809
Petite boutique qui ne paye pas de mine mais le personnel est super👍👍👍👍,0.0,3810
mauvaise service ! c mieux de changer mec et remplacer avec autre personne bien éduqué et respectueux,-0.94,3811
cette agence est si mauvaise,-0.95,3812
Mauvaise accueil,0.76,3813
Efficace,0.49,3814
👎👎,0.42,3815
Service client.,0.53,3816
Formidable,0.68,3817
Si ton frère li dyr ndadr da lia 50 dh ou glt lih rj3 l camera ou mbghach wlkin mmfakch m3ah kishbni jay mn... O comment m3rfnich wld bernoussi o ra 3arf rasso daba ou chb3an dwada dil nasb,-0.46,3818
Service nul,-0.45,3819
Le mas qu'il travaille là-bas est si gentil,0.39,3820
Zakaria H,0.62,3821
Le plus doux,-0.86,3822
"Personne alliant compétence et professionnalisme commercial à la différence des 2 personnes du rond point Tizi Ousli qui m'ont fait revenir trois fois (12, 13h30 et 15h30) sans résultat (résiliation de mon abonnement Inwi).",-0.51,3823
"Très mauvaise comportement avec les clients, je résilie mon abonnement avec inwi",-0.98,3824
C'est bien passé . j'ai demandé des infos et j'ai la réponse .agent professionnel maîtrise son métier.,0.71,3825
Sadisco climatiseur splite carrier Avec bon prix,0.84,3826
Très bien,0.99,3827
Bon service,0.92,3828
La Basse,0.46,3829
"Endroit magnifique, qui mérite d'être visité.",0.53,3830
eau,0.51,3831
Correct,0.5,3832
"Après résiliation de mon abonnement idar suite à de gros problèmes de debit, je n'ai pas été remboursée du prix du routeur que j'ai retourné (500 dh car contrat sans engagement), un bug ""informatique""dans leur système selon le commercial de",-0.76,3833
Bon,0.91,3834
L'opérateur ennovant,-0.51,3835
Haut niveau,0.55,3836
Bons services,0.93,3837
Nul. Le conseiller ne prend pas le temps de renseigner les gens. Il se lève avant qu'on ait fini de parler avec lui. Ne connait pas son métier et est incapable de répondre aux questions. Impolitesse incroyable. A croire que certains ont un,-0.84,3838
le mr et compétent a l'écoute et donne des conseils. bravo. je suis client satisfait.,0.96,3839
Service zéro et numéro téléphone d’agence erroné,-0.54,3840
Le vendeur est sympathique,-0.46,3841
"Par ce que,  je veux localiser une téléphone",0.44,3842
Parfaite,0.9,3843
agent serviable,0.6,3844
"Bon service, personnel agréable, endroit propre",0.95,3845
Plein de sans-abri,0.42,3846
"OK pour une action rapide si vous êtes en voiture , double clignotants, sinon si c'est pour une longue discussion et opération , problème pour se garer ...",0.75,3847
Il ya trois semaine que j'ai commandé Samsung a10,0.49,3848
Je le trouve toujours fermé ... je part à 12heure je trouve personne 🙄,-0.58,3849
Ça va en dehors du problème de monnaie,0.0,3850
accueil excellent. efficace,0.99,3851
Nul,-0.4,3852
Des services dans divers domaines et présentant de multiples aspects positifs,0.98,3853
🚨🚨Attention au arnaque 🚨🚨 Ils ont utilisé mon cachet de société pour ouvrir plusieurs ligne Le dossier au tribunal,-0.62,3854
Bon coin,0.89,3855
Pas mal,0.41,3856
je sais pas pourquoi vous êtes changer la réceptionniste Mm Bouchra il est très gentille avec les clients et maintenant le service dans cette agence c’est nulle à cause de ses changements merci de faire le nécessaire pour améliorer la qualité de réception des clients.,-0.8,3857
"Null ne respecte pas le temps de travail ,pas de respect au client",0.0,3858
Bien reçu,0.67,3859
Très bien,0.99,3860
Bon accueil et bon service,0.98,3861
personnel sympa,0.48,3862
Commerciale,0.66,3863
Meilleur service,0.95,3864
"Il y a un énorme délai, sauf pour mon idée d'avoir une connexion internet Max. Même mon frère regrette son abonnement.",-0.53,3865
C'est bon,0.97,3866
Service parfait surtout une jeune opératrice très serviable est professionnelle .,0.91,3867
"Personnel incompetent, ils veulent pas travailler, je me suis présenté à l'agence à 19h30 et ils ont refusé de m'accueillir j'ai fait une réclamation au service client j'espère qu'ils vont faire le nécessaire surtout la fille est impolie.",-0.85,3868
Personnel Hyper incompétent surtout la femme qui s'appelle Hajar. Fuyez cette agence a tout prix!!,0.61,3869
"Le personnel est incompétent,  loin d'être courtois ou serviable , leur système informatique est tjrs en panne. On ne sait pas si c'est vrai ou par négligence  ou juste pour ne pas travailler.  Je n y vais plus. J'ai changé d'agence.   Voilà mon avis honnêtement.  .",-0.67,3870
Mauvaise expérience les conseiller il sont nul 👎🏻 et surtout responsable il re donne même pas le temps pour parler Moi je préfère le service de Maroc telecom et orange top du top Agence g5 a éviter 👎🏻👎🏻👎🏻👎🏻,-0.47,3871
"A chaque fois que j’y vais à cette agence le système est en panne, l’imprimante ne fonctionne pas, le personnel en charge n’est pas disponible ils sont jamais capables de faire le nécessaire pour rendre service aux clients et parfois même impolis et impatients",-0.67,3872
"Mes 5 étoiles sont données pas pour le service de l'opérateur Inwi car j'étais tout le temps déçu de leurs part, la je donne et je partage mon avis avec d'autres personnes pour remercier surtout la personne et l'agent de l'agence Inwi G5",-0.43,3873
Conseils a tous clients et clientes de gardé vos reçus de paiement il y a qq choses ça va pas chez Inwi attention. Attention ???????,-0.5,3874
Relation avec la clientèle laisse beaucoup à désirer. C'est mon opinion personnelle.,-0.71,3875
Excellent service et personnel sympa et serviable,0.95,3876
Très rudimentaire. Le responsable de l'agence et son superviseur sont incompétents.,-0.73,3877
Pas très professionnelle. Ne vous donnent pas toutes les info,0.0,3878
Mauvais accueil chez l'agence inwi J 5,0.75,3879
Un bon service.,0.97,3880
Très mouvais service,0.56,3881
Mauvaise experience,0.54,3882
Magasin de vente de téléphone,0.66,3883
Nul,-0.4,3884
assezbien,0.43,3885
Service nulle,-0.48,3886
Bien,0.75,3887
Des bons agents,0.88,3888
5/5,0.57,3889
Service nul 🤮🤮🤮👎👎👎👎👎👎👎👎👎👎👎👎👎👎👎👎👎👎👎👎👎👎👎👎👎👎👎👎👎👎👎👎👎👎👎👎👎👎👎👎👎👎👎👎👎👎👎👎👎👎,-0.53,3890
"Mauvaise expérience avec l'agence Inwi.  Manque de professionnalisme, accueil déplorable et peu d'intérêt pour les",-0.56,3891
L'attitude de la vendeuse est inadmissible ! Elle m'a vendu une carte SIM défectueuse et refuse de l'échanger ou de me rembourser. Elle a gardé la carte SIM et mon argent. Je vous conseille d'être très prudents,-0.95,3892
"Un bon endroit sauf que les prix sont un peu élevés par rapport à ce qui se fait dans le monde, internet est souvent lent mais il faut juste être patient",0.6,3893
Les gars étaient vraiment géniaux ! Très serviables et sympathiques.,0.8,3894
chars,0.56,3895
"Amal 2, bloc C, n° 91, quartier Yaacoub El Mansour, Rabat",0.54,3896
Bons clients et transaction fluide,0.89,3897
Génial,0.59,3898
Bonne qualité de service,0.98,3899
Traitement au niveau requis,0.4,3900
C'est un endroit merveilleux,-0.67,3901
Absolument.,0.57,3902
Excellent,0.96,3903
Nooooooooo,0.48,3904
D'accord,0.56,3905
Zwina,0.65,3906
Hhhhh,0.49,3907
Bien,0.75,3908
Lalla,0.49,3909
Bon,0.91,3910
"Très mauvais service : attente interminable, équipe molle et désorganisée. On te laisse patienter sans jamais t’indiquer le temps d’attente, et en plus ils font passer certaines personnes avant les autres, sans respecter l’ordre d’arrivée. Un vrai désordre !",-0.98,3911
"La connexion 4G est nulle de chez nulle, elle est stable le soir à partir de 22 h et instable toute la journée (même pas de quoi télécharger une page) à cause des entreprises qui bouffent toute la bande passante et qui laisse aux",-0.69,3912
"Le gars qui travaille est très lent, aucun professionnalisme",-0.41,3913
Toujours retard nul je vs conseille ps,-0.56,3914
Aucune agence à l'emplacement indiqué 🤬🤬🤬🤬,0.0,3915
"Pas d'agence, emplacement incorrecte",-0.45,3916
Super service et à  l'écoute,0.91,3917
Pas d'agence inwi seulement des villas,0.0,3918
Ps d’agence,0.43,3919
a revoir,0.51,3920
Bonne services,0.96,3921
Mauvaise experience a chaque fois je depose une reclamation ils me disent que je dois appeler autre service . Pas d'infos utile et insuffisant pas chaises...,-0.49,3922
"Améliorons nos services : pas de réseau, pas de service, pas de réception.",0.0,3923
"Ces cafés sont tellement exigus, il n'y a pas de chaises, on est obligé de rester debout pendant plus d'une heure jusqu'à avoir mal aux pieds juste pour faire quelque chose, et au final, ils ne s'occupent même pas de votre demande. Zut alors !",-0.64,3924
La façon dont le personnel de cette agence traite les clients est inacceptable 👎👎👎,-0.53,3925
Le personnel ici est sympathique,0.73,3926
En dessous de la norme 👎👎👎👎,0.41,3927
L'agence est lourde,-0.61,3928
Excellent,0.96,3929
bien,0.96,3930
Services au niveau,0.64,3931
Ma faire perdre 6 mois et bloquer mon numero a cause de son manque que de professionnalisme j ai fais une résiliation et il na pas laisser son cacher le le doccument .. khadma dial hargawa,-0.88,3932
"Meme le numero de l agence revient à une autre personne particuliere, vraiment une agence de bas niveau",0.49,3933
Personnel accueillant et bienveillant,0.97,3934
Excellent travail,0.97,3935
Serviable,0.69,3936
👍,0.42,3937
Service médiocre,0.66,3938
Service top,0.7,3939
"Service client absolument déplorable.  Aucune réponse satisfaisante ; puis, on vous donne un interlocuteur incompétent",-0.75,3940
"Même une seule étoile, c'est trop pour eux  En plus, le réseau est complètement inutile, le service client est déplorable  Ils emploient des personnes qui ne cherchent que les ennuis, qui vous insulteront et ne résoudront aucun problème  et ils vous menacent de toutes parts  Que Dieu les punisse",-0.9,3941
"Étrangement, il y a toujours foule, les employés ne veulent pas travailler et se moquent bien de votre temps.",-0.85,3942
Votre traitement est incomplet. Que Dieu vous punisse.,-0.78,3943
Le pire service jamais vu,-0.62,3944
en haut,0.56,3945
Toujours pas de réseau por régler ses factures,0.0,3946
Magnifique,0.87,3947
Jamais ouvert !!!!!,0.84,3948
"Après avoir appelé le 220 pour résilier ma ligne, on m'a demandé de me rendre dans une boutique INWI pour signer des papiers. Je suis allé à cette boutique, j'ai attendu mon tour, et la vendeuse m'a demandé ce dont j'avais besoin. Je lui ai",-0.43,3949
"Très mauvaise agence ou un vendeur aux cheveux gris de 40-50 ans refuse de me vendre une recharge car je ne parle pas arabe. Du racisme?? Plus jamais chez Inwi, quand je viens au Maroc j’irais chez orange.",-0.96,3950
"Cette personne qui s'occupe de cette agence est serviable , je le félicite pour son travail ...",0.74,3951
Mauvais accueil aucun professionnalisme Refus de répondre au question j'étais carrément rejeté,-0.36,3952
Bon service,0.92,3953
Veuillez changer le numéro de téléphone car je reçois sans cesse des appels de la même personne se faisant passer pour une agence Inwi (Idriss Elharti). Cela commence à m'inquiéter sérieusement et je vais engager des poursuites judiciaires,-0.68,3954
La pire expérience de ma vie ! Le réceptionniste était tellement désagréable que j'ai dû m'adresser à un autre organisme pour régler mon problème.,-0.95,3955
Le pire service de tous les temps. El peor servicio de todos.,-0.96,3956
"Personnel d'accueil aimable, service rapide.",0.91,3957
"Honnêtement, c'était une bonne expérience ; l'entreprise commerciale maîtrise son métier.",0.97,3958
"Très belle agence, offrant un service de qualité Bonne continuation",0.98,3959
Bon service 🥰,0.92,3960
"Ils se moquent des gens. Imaginez, je viens de loin et je les vois ne rien faire jusqu'à 20 heures. En marchant, je les trouve endormis. J'ai interrogé un monsieur et il m'a dit : « Ils n'ont pas le temps. Mon frère, le temps que tu leur donnes est à eux, et le temps que tu leur donnes, ils s'ennuient. » Ils se moquent des gens.",-0.77,3961
"En effet, j’ai acheté une carte SIM Inwi et je l’ai rechargée avec un montant de 200 dirhams. Cependant, après l’activation de la ligne, j’ai constaté que le solde disponible n’était que de 50 dirhams, ce qui ne correspond pas au montant",-0.45,3962
"Boutique souvent fermée, même quand elle est annoncée comme ouverte. Je suis passée plusieurs fois, et presque à chaque fois, c’était fermé, alors que les horaires indiquaient le contraire sur le site. Très étrange et peu fiable",-0.5,3963
"Une grande agence, située sur un boulevard principal de la capitale en 2025, et l’agent nous dit que le système est en panne  “système taya7” Franchement, bravo !",0.95,3964
Je regrette totalement du service Inwi qui m'a volé mes 150 dhs jamais rembourser. Ils m'ont tourné de gauche à droite jusqu'à ce que j'ai laissé à Allahou.,-0.54,3965
"Je suis choqué! J'utilise mon numero inwi depuis longtemps lié avec mon compte bancaire, whatsapp etc.. et là dernierement j'ai souscris un abonnement chez cette agence ""yassine"" avec le même numero inwi. Quelques jours apres l'activation,",-0.96,3966
"L'agence INWI localisée à l'avenue Fal Ouled Amir à Agdal, Rabat est vraiment en deçà des attentes, le 21 juillet 2025 un client a demandé d'assainir sa situation suite aux erreurs commises sur son identité sur la base de données inwi,",-0.78,3967
"Je suis extrêmement déçue par la qualité du service et l'attitude du personnel. Aucun respect, aucune courtoisie, on se sent complètement ignorée. L'accueil est inexistant, et l'ensemble de l'expérience a été très désagréable. Je",-0.95,3968
Agence simplement non qualifié reçu pas si Yassine qui serai le responsable* Je viens pour rendre mon équipement idarl et récupérer mon argent suite à une résiliation mais il semblerait que vu qu'il a était pris à Agadir il doit être,-0.62,3969
Good service. Le personnel est tres sympa,0.94,3970
Personnel peu accueillant..ne connaissent pas la signification du mot conseiller..ne respectent pas l'horaire de l'agence...,-0.48,3971
"Très bonne réception et bon accueil, services et courtoisie irréprochable.",0.95,3972
L'agence inwi est très intéressante les agents courtois et accueillants . Le travail est fluide,0.92,3973
Les conseillers de cette agence n ont aucun respect pour les clients une fois vous leurs demander un conseil ils vous répondent que le système est en panne,-0.49,3974
Tu peux souscrire mais tu ne pourra pas resilie,-0.44,3975
Personnel insolent Service médiocre Agence très sale en plein crise sanitaire,-0.58,3976
"Le service rapide ,et les agents trop gentils",-0.49,3977
Assez simple et très efficace. Personnel impliqué et chaleureux,0.87,3978
C du n'importe quoi agence qui manque de tout je leur donne zéro,-0.54,3979
"En plein d'agdal, elle se situe a l'avenue fal oueld omir",-0.49,3980
"Ils ont résolu mon problème, mais seulement lors de mon second passage!",-0.64,3981
Ne rendent pas la petite monnaie,0.0,3982
Agence située sur l'avenue de fal weld amir,0.4,3983
Pas mal l'accueil,0.64,3984
Personnels très professionnels et à l'écoute.,0.77,3985
Service un peu lent,0.5,3986
Mauvais service,0.57,3987
Meilleur agence sur agdal de telecommunication,0.92,3988
Bon accueil,0.95,3989
Bon coin,0.89,3990
Très bon service,0.98,3991
Pas bien,0.0,3992
Mauvais service,0.57,3993
Tous les operations inwi,0.49,3994
Personnel irrespectueux,-0.85,3995
Grrr service grrr,0.43,3996
Bien,0.75,3997
Accueil intéressant,0.74,3998
Opérateur téléphonique.,0.56,3999
Manque de personnel,0.49,4000
Inwi Agdal,0.56,4001
"Agence inwi,",0.45,4002
"Tres mauvaise expérience avec la commerciale à la caise, mauvais accueil et aucune considération pour les clients😡",-0.95,4003
"Ces employés sont extrêmement irrespectueux ; ils refusent d’assurer le service simplement parce qu’ils n’ont pas envie de travailler. Ils sont d’une paresse incroyable. Lorsque j’ai appelé l’entreprise pour les en informer, alors que je",-0.96,4004
"Ici, personne ne travaille. Ils discutent avec leurs copines en appel vidéo  C’est la deuxième fois que je viens et que je ne reçois ni soutien ni aide",-0.52,4005
"Attention ! Le personnel de cet établissement peut vous escroquer en vous proposant un service onéreux au lieu de celui que vous souhaitez, ou en vous fournissant des informations insuffisantes. Je le déconseille fortement. Le personnel d'INWI OP manque cruellement de respect envers ses clients.",-0.89,4006
Je recommande de faire affaire avec lui.,0.42,4007
Personnel respectable,0.94,4008
Bon service 👍,0.92,4009
Très confortable,0.85,4010
Excellent travail,0.97,4011
Bon service,0.92,4012
Inwi money mon porte monnaie opération magnifique gagné du temps éviter laque,0.55,4013
👍,0.42,4014
"DES VOLEURS!  Lors du règlement de la facture de janvier, j'ai constaté que la facture de",-0.49,4015
Les horaires affichés sur site ne sont pas respectés,-0.55,4016
I faut respecter l'heure d'ouverture s.t.p,-0.37,4017
Les horaires affichés sur site ne sont pas respectés,-0.55,4018
Bonne service et bonne travail,0.98,4019
En face Gare routière,0.47,4020
Agence Inwi,0.47,4021
Équipe fiable est très professionnel,0.67,4022
Bon service 👍🏻,0.92,4023
Expérience nul avec cette agence . Les agents sont peu professionnels et pas du tout serviable sauf une ils connaissent juste le mot « معدنا منديرو ليك » sachant que j’ai une contra avec eux-mêmes et inscrit depuis un ans. J'ai attendu plus,-0.6,4024
Accueil moyen je recommande pas,0.42,4025
"Le comportement d’agent dans l’accueil. Non respectueuse, et traiter les clients avec arrogance.",-0.72,4026
J'aimerais bien raconter comment le fournisseur de services INWI a volé mon argent.,0.9,4027
Je suis allé pour inscrire un abonnement pour la fibre obtique et j'étais déçu. On m'a dit que le service n'est pas disponible à al mansouria où j'habite. Vraiment je suis désolé pour la pub qu'on a fait.,-0.81,4028
Équipe perdu... cherche tjrs a te facturer des trucs dont tu en a pas besoin... j'ai pas du tous aimé,-0.66,4029
service nul avec des numeros de services qui ne fonctionne pas. vous faite honte a INWI,-0.54,4030
Toujours des retard pour payé une facture,-0.43,4031
Accueil avec sourire garanti.,0.67,4032
Pas beaucoup de produit,0.0,4033
Excellent service,0.95,4034
Personnel incompétent,-0.49,4035
Agence inwi pratique,0.52,4036
La transaction est nulle dès qu'ils commencent à travailler pour eux.,-0.66,4037
Nuuuuul bnadem mafahm walou w mkhadminou makyt3amlouch mzyan,0.47,4038
Les services sont si mauvais,-0.9,4039
bien,0.96,4040
"Excellent service de Mlle Yousra ! Très efficace, et professionnelle",0.98,4041
"Très bon magasin Inwi. Le service était exceptionnel. Mohammed, le vendeur, s'est vraiment mis en quatre pour m'aider. Dans d'autres magasins Inwi, on se contente rarement d'offrir un service, mais Mohammed était vraiment très serviable dans celui-ci.",0.87,4042
👌👌👌👌,0.42,4043
Super centre commercial !,0.93,4044
Bien,0.75,4045
Non freconter,0.0,4046
Endroit agréable,0.62,4047
Nul. Ma connexion fibre inwi est coupé depuis presque deux mois et personne pour faire le nécessaire. Malgré que j'ai fait des réclamations téléphoniques et réglé toutes mes factures. Maintenant je change d'opérateur,-0.65,4048
"Pire agence du monde! Absence total du sens du service, incompétence, et fainéantise. Quand je parle de ‘l’agence’, c’est plus une seule personne, qui traite les",-0.77,4049
"C'est la première fois que je regrette que le système de notation Google ne comporte pas zéro étoile, zéro ou moins étant la note amplement méritée par le service nullisime de cette agence. Dire que la nana, qui affirme être la seule",-0.58,4050
Service null 👎 Accueil Null Dommage,-0.54,4051
"Ne souscrivez jamais la fibre , risque de signer un contrat et ne jamais l avoir car il prenne la ligne de ittisalat al magrib et cette dernière leur refuse et vou vous retrouverais avec un contrat (refus d annulation) et pas d internet , le service est médiocre .",-0.7,4052
Merci infiniment à Abderrahim et Hicham c'est les seuls qui ont compris mon problème et qui m'ont aidé efficacement,0.57,4053
C'est une agence où les employés pensent qu'ils sont là pour bloquer les clients pour tout et n'importe quoi. Leur spécialité c'est dire non à tout. Ils ont même refusé mon RIB disant que ce n'était pas l'original 😅.,-0.69,4054
"Un des pires services à la clientèle jamais vu, si ce n'est pas le pire !  J'arrive à l'aéroport CMN, je prends une carte SIM inwi et je paye 200 dhs pour",-0.64,4055
"Service clientel médiocre ! on ne prend aucune responsabilité envers les faille de leurs system applicatif. Il ya 2 ans que je paye mes factures en temps ,et puis le jours ou leurs application ne fonctionnait pas corrêctement on me bloque",-0.63,4056
"Personnels non professionnels .service zero zero zero ..et il ne rende pas la monnaie si vous devez payer des facture porté la monnaie avec vous ...oooff typique attitude du personne qui souffre du ""  monfoutisme ""car il n  y a pas de contrôle qualité services",-0.78,4057
"Très mauvaise expérience, à cause du personnel (les trois Monsieurs), irrespectueux grossiers et incompétents, ils ne savent traiter ni les clients ni leurs requêtes (une demande qui pour eux était impossible, à été résolu ailleurs sans",-0.98,4058
L'agence Inwi est une agence de fournisseur d'internet qui offre des services à ses clients avec un personnel serviable et gentil. Ces agents travaillent pour assurer un soutien et une expérience client satisfaisante.,0.82,4059
"Agence toxique, personnel très désagréable et donne envie de résilier le plus vite possible...",-0.8,4060
"Service catastrophique. Pour échanger les points fidélités en téléphone,  ils me  font aller et venir pas moins de 5 fois sous prétexte qu'ils ont les appareils mais non encore référencé sur le système. SÉRIEUX.  Pour échanger la puce qui",-0.78,4061
"Mauvais service 2 semaines d’attente pour l’Esim, nous avons visité toutes les agences inwi en rabat et à sale, déçus de passer de Orange à Inwi",-0.55,4062
"un simple  transfert de ligne adsl a pris 15 jours,et après plusieurs va et viens on me dit qu'il n y a aucune demande visible sur le système,et on accepte ma demande d annulation sans le moindre effort pour me retenir en tant que client,",0.0,4063
"Très mauvaise expérience, à cause du personnel. Escrocs et incompétents. Malheureusement, cette agence donne une mauvaise réputation à l'entreprise.",-0.98,4064
"Service médiocre, le personnel n'a aucune réponse aux réclamations des clients, la seule solution selon eux est d'appeler le centre d'appel. Ils ne savent même pas expliquer le détail de calcul d'une facture.",0.0,4065
"Probleme debit sur idar duo depuis 3 mois. Ils m'ont changé la puce, resultat plus rien ne fonctionne. Obligé d'y retourner le lendemain pour qu'on me dise que leurs puces ne fonctionnent pas et qu'il faut aller dans un autre point de vente sans me preciser que celui-ci n'ouvrait que dans 1h30. Soit à 16h30...",-0.73,4066
"Mauvaise experience a cause du personnel le gar qui travaille ici le soir n'est pas bien éduqué, s'en fous pas mal des gens, il m'a renvoyer en me disant que pma demande etais impossible a traiter et d'une façon malsaine, je suis partis a lagence margane la femme me la traiter aucun soucis avec gentillesse.",-0.92,4067
Bonne experience pour l’achat d’une box 4g . C’etait vide le samedi matin,0.94,4068
En terme de compétence du personnel chez inwi c est les meilleurs. Mais il est dommage  qu il n y ai qu une seule personne qui s occupe des contrats.,0.47,4069
Personnel accueillant Top,0.92,4070
Le personnel est gentil et serviable.,0.8,4071
Agence de téléphone mobile de la société Inwi à Hay Ryad. Bel emplacement. Bien fréquentée.,0.63,4072
"service commercial entreprise catastrophique l'agent n'a pas activé mon service, j'ai payé et remis tous les documents nécessaires, après 17 jours il répond pas a mes appels",-0.74,4073
Très très très mauvaise service je vous le recommande pas.,-0.96,4074
Hyper lent même pour deux clients qui attendent,0.61,4075
"Agence top, personnel très serviable. Je recommande",0.79,4076
Agence désertique ..des articles ...sur l'avenue principale de la capitale Non mais sérieux..?!!! Va falloir s'améliorer en 2050,-0.77,4077
"service très lent, mauvais accueil",-0.86,4078
"Service catastrophique, à  fuir",-0.77,4079
Service nul,-0.45,4080
C lent ne sont pas expéditifs,0.0,4081
Très bon magasin,0.98,4082
"Un bon point Inwi, bien situé !!",0.98,4083
Il ne répond pas 🤬,0.0,4084
Bel parcours pour se rincer les yeux,0.86,4085
Très bien 9/10,0.93,4086
Très bon service,0.98,4087
Un espace pour paiement des factures,0.54,4088
Pue la khra,0.38,4089
Pas mal,0.41,4090
Bonne agence inwi,0.91,4091
"Empathie, serviabilité et écoute",0.79,4092
Une grande lenteur,0.54,4093
Esim indisponible,0.66,4094
Un bon accueil 👍,0.98,4095
Mauvais service,0.57,4096
Personnel désagreable,-0.68,4097
Satisfait,0.89,4098
Service clients nulle,-0.57,4099
Service à améliorer !,0.94,4100
Service nul,-0.45,4101
Parfait,0.8,4102
Au service,0.58,4103
Mauvais service,0.57,4104
Je suis très déçu de mon expérience. J'ai attendu plus de 45 minutes et personne ne s'est occupé de moi. L'employé était constamment au téléphone et n'a aucun respect,-0.91,4105
Les pires agences du Maroc. Utilisateurs paresseux.,-0.68,4106
"Le service était bon, le conseiller accueillant, et le responsable également flexible et serviable.",0.98,4107
"Service médiocre, retards pour le client et connaissances insuffisantes des services.",-0.43,4108
"Lors du partage de l'âge, la couleur du téléphone orange de 7 ans est livrée avec la même fibre ou hiya m9tou3a 3 extrémités ou le fait réel du téléphone, puis les 3 jours suivants iyet koulla ou l'âge de la mère, l'âge de la mère, 9ch",0.55,4109
"Le pire service client jamais vu : un seul agent desservant toute une zone, ce qui a entraîné des embouteillages dans l'agence en pleine pandémie de COVID-19. C'est de la folie, d'où viennent les ministres de la Santé de ce pays ?",-0.84,4110
"Service client vraiment mauvais... Malheureusement, une étoile est la note la plus basse que je puisse donner",-0.96,4111
Des arnaqueurs ! Une longue description sera rédigée.,-0.8,4112
Ils ne répondent pas au téléphone,0.0,4113
Service rapide sans attente,0.53,4114
"Utilisateurs de l'agence, catastrophe !!!!",-0.95,4115
Service amical,0.6,4116
Service médiocre,0.66,4117
Si Youssef est un homme bien,0.92,4118
Services au niveau,0.64,4119
nul,0.0,4120
Cool,0.91,4121
Des gens bien,0.96,4122
Mauvais service,0.57,4123
Pourquoi ce numéro de téléphone ne fonctionne-t-il pas ???,-0.47,4124
"Je voulais récupérer mon numéro chez Inwi, et le vendeur m'a dit que je devais l'échanger contre un forfait à 100 dirhams, alors que je ne voulais que celui à 50 dirhams. Il a prétendu que ce n'était pas possible, et je n'y comprenais rien.",-0.74,4125
"J'avais l'impression de les déranger. Aucun sourire, accueil inexistant, aucun service. Il semblerait qu'il soit impossible de recharger désormais en agence. J'ai des doutes !!! Bref agence à éviter.",-0.85,4126
"Service nul a 1000 pour cent , ttes mes factures reglées et ils mont suspendu la ligne ,ni apels sortant ni reception dappels, et je travail avec mon numero ,et ni lagence ni les centre dappels ne font le necessaire la catastrophe",-0.55,4127
"Je trouve que cette agence est vraiment spéciale, on est bien traités, le personnel montre le vrai sens du mot professionnel, parmi toutes les agences par lesquelles je suis passé dans le royaume, celle-là est la meilleure. Bravo pour votre travail et continuez comme ça 👍",0.95,4128
"Accueillants, sympathiques et rigoureux",0.8,4129
Mauvaise service,0.55,4130
Service excellent,0.96,4131
Trop chiiiiche,0.54,4132
Mauvais service,0.57,4133
Parfait merci,0.84,4134
Très mauvais,-0.94,4135
Bon traitement,0.86,4136
Service horrible..,-0.92,4137
Bon service,0.92,4138
Bien,0.75,4139
"4 jours que je réclame pour récupérer mon appareil, il est enfin arrivé mais avec des pièces manquantes. Ils promettaient de donner des news et d'apporter les éléments manquants, plus de réponse.",-0.49,4140
Pas de service je me suis déplacé pour riens,-0.59,4141
J'y suis allée pour acheter des accessoires de téléphone. Je trouve que c'est des gens honnêtes,-0.6,4142
rikadab 3la 5oh htayahad mi 3awnaka Toutes les agences Inwi de Casablanca ne servent absolument à rien que du baba merci de ne pas choisir cette agence pour votre bien,-0.43,4143
"Salam,  Je suis une immigrante marocaine et je souhaitais acheter une carte SIM pour mes",0.58,4144
"Service nul et les employés ne traitent pas bien les clients, ils ne se soucient pas des clients et prétendent qu'ils ne connaissent pas la solution à votre problème.",-0.6,4145
Personnel très accueillant,0.95,4146
Agence nule,-0.55,4147
Le pire service client que j'aie jamais vu.,-0.6,4148
Personnel désagréable. Ils se sont moqués d'un client.,-0.88,4149
"Service client déplorable, personne n'est en mesure de vous guider ou de vous fournir une assistance.",-0.7,4150
mowadafun 3eyanin,0.55,4151
Cette entreprise n'est pas digne de confiance.,0.0,4152
Super,0.78,4153
Service lent,0.53,4154
zirooo mo3a mala,-0.54,4155
Cette boutique n'existe plus !! Déplacement pour rien,-0.71,4156
L’agence n’existe plus à cet endroit,0.0,4157
Toujours déçue de la qualité de service d'INWI. une certaine madame Leila qui a la casquette d'une responsable (aucune info de quoi exactement) inaperçue sur le site et parle sur téléphone avec arrogance sans aucune explication ni réponse,-0.78,4158
"Un excellent service reçu de la part d'Abdellatif chez Inwi ! Son professionnalisme, son écoute attentive et son efficacité ont rendu mon expérience des plus agréables. Merci beaucoup!",0.98,4159
Je suis très contente par leur service surtout la responsable qui s appelle Laila toujours a l écoute et souriante,0.94,4160
Reçue par un jeune homme très aimable et très professionnel qui a pu répondre d une manière claire à mon problème !,0.9,4161
Fermé Fausse information sur l'agence elle est fermée,-0.54,4162
Vraiment une pire expérience j ai attendu une heure pour être écouté 3 minutes,0.42,4163
Même pas un numéro qui marche. Honteux,0.0,4164
Service déplorables,-0.65,4165
"Fermé toute la journée, déception.",-0.78,4166
un trés mauvais service,-0.92,4167
En decadence...,-0.59,4168
Non seulement pas de téléphone joignable mais l’agence n’existe plus sur marjane.déception totale.vraiment inwi revoyez votre communication .,-0.62,4169
"Le service était déplorable. J'ai été prise en charge par une jeune femme nommée Leila, qui était à l'extérieur de l'agence en train de discuter avec sa famille, laissant les clients attendre.",-0.91,4170
Très bien,0.99,4171
La pire agence qui soit,-0.68,4172
"Tart m3za wahd nessaba f had the agence bagha tbi3 lya forfait sehha tayhssab liha ga3 nass 3nd hom lwdnin, wana baghi ​​​​sim card prepayé..... katgoli m3ndi mndir lik hadchi li kayn, 3ayat l sce client kay2akdo lya dakchi knt 3arf",0.63,4173
kaysthamro nass,0.4,4174
Je suis partie pour avoir une Recharge de 500Dh illimité internet et Appels 30jours J’ai une Réponse de la dame : cette recharge n’est existe pas j’ai reçu un mail,-0.45,4175
"Service lent, le mec est méprisant, n'aide pas beaucoup, me fais revenir + de 5 fois pour payer et me redis de repasser la fois d'après à chaque fois, et fait payer 200dhiram de frais de service car il sait que je suis étranger.",-0.53,4176
Cette vendeuse distribue des cartes sans donner de contrat et n'active pas les lignes mais encaisse 250 dirhams à chaque contrat N'ayant pas de contrat les clients ne peuvent réclamer lorsque qu'ils constatent,-0.59,4177
"Des agents arnaqueurs. On m'a fait payé 200 DHs pour la mise en service du forfait toute en rassurant que c'est la première mensualité. D'autres agents complices, qui manquent du professionalisme. du coup, j'ai résilié mon forfait. Bref NUL. Méfiez- vous!!!!!",-0.86,4178
La demoiselle voulait à tout prix écouler les forfaits alors qu'on n'a demandé qu'une puce 4g qui contient 20 dh de crédit et que la soi disant conseillère a omis de dire en affirmant qu'il fallait recharger derechef! Mauvaise foi ou inompétence??,-0.68,4179
"Très mauvais service après vente, j'ai souscrit chez eux et depuis 1 mois je n'ai pas internet et ils ont rien fait pour moi. Je vous déconseille cette agence et cet opérateur",-0.96,4180
"Le personnel ne fait pas correctement son boulot, ils n'ont pas les bonnes infos sur les offres , pas de sourire que de l indifférence dans leurs traitements et comportement avec les clients , il faut arrêter de faire fuir les clients, c est grâce à nous que vous êtes payer.",-0.61,4181
"Accueil sympa et compétent. Par contre beaucoup d'attente (1 personne devant moi, 20 mn ...)",-0.69,4182
"pas de professionnalisme dans le traitement des demande des clients ,j'ai demandé la portabilité de iam vers inwi et depuis 3 semaine je galère avec cette agence ,mauvaise image de inwi.",-0.92,4183
Magasin dont le personnel est peu professionnel. Manque d'offres satisfaisante pour le public.,0.47,4184
Bon service.. satisfait de ma migration de Maroc Télécom vers inwi pr le momen.. 👍,0.92,4185
0 en débit wifi portable Un grand 0000000,0.58,4186
Nul,-0.4,4187
Un un service de la part de la jeune dame qui ns à servi,-0.41,4188
"Merci,inwi bon travail, excellents services.",0.99,4189
Serice correct et agent serviable. I' agence hay riad a le pire service.,-0.53,4190
Accueil à la hauteur. Personnel professionnel. Service rapide.,0.68,4191
Ils ne t'aident pas,-0.53,4192
"à proximité, très bon service",0.97,4193
mauvaise service et mauvaise qualité,-0.94,4194
Personnels très professionnel et accueillant,0.9,4195
Je n'aime pas,-0.43,4196
Très bon service,0.98,4197
les gens sont pro !,0.55,4198
Personnel top professionnel,0.7,4199
Service Fidélité nul.,-0.41,4200
Pas mal,0.41,4201
Trés serviable,0.67,4202
bien agence,0.93,4203
Agence spécialisée dans la vente de produits inwi,0.47,4204
Rapide,0.63,4205
Service froid,-0.43,4206
Manque de professionnalisme,0.43,4207
Bien,0.75,4208
Bon,0.91,4209
Service à la hauteur,0.71,4210
Respectable,0.85,4211
Bon,0.91,4212
Agence marquée comme ouverte le dimanche.j’ai attendu jusqu’à 17h .téléphone injoignable.vous vous foutez des gens,-0.75,4213
"Je ne recommande absolument pas cette entreprise. Ils m'ont facturé 200 MAD (environ 20 $ US) pour une carte SIM et 20 Go de données (du moins, c'est ce qu'ils m'ont dit). En réalité, je n'avais que 2 Go. Non seulement c'est cher, mais",-0.44,4214
"Responsabilité nulle : ils vous donnent de mauvaises informations, vous renvoient vers un organisme gouvernemental pour déposer vos plaintes, et refusent ensuite de corriger leurs erreurs, si bien que vous finissez par acheter le produit dont vous avez besoin deux ou trois fois.",-0.96,4215
Service excellent.,0.97,4216
Pour nos clients. Services et avantages exclusifs. my inwi. Gérez vos numéros en accédant à votre espace personnel. +Découvrez. club inwi. Cumulez des points et choisissez votre cadeau chaque mercredi.,0.64,4217
"Une horrible dame qui travaille là-bas, jltita ne sait pas parler respectueusement",-0.78,4218
Ils ont changé de locaux sans préavis.,-0.44,4219
"Alléchant, surprenant et bon",0.98,4220
"Boutique d'opérateur de téléphonie mobile, service de qualité et agents professionnels",0.77,4221
Excellent emplacement et services haut de gamme,0.92,4222
Salutations 1234,0.6,4223
Un endroit magnifique qui vaut le détour,-0.52,4224
👎,0.42,4225
service agréable,0.67,4226
B1,0.56,4227
Service de qualité,0.82,4228
Bon service,0.92,4229
C'est beau,0.95,4230
Personnel agréable,0.62,4231
Agent impoli,-0.39,4232
Il m'a aidé sans aucun problème.,0.61,4233
"Trop d'attente, pas de chaises, un seul employé",0.43,4234
"Équipe très sympa. Le local est certes petit. Donc, parfois des queues. Ne pas oublier que beaucoup d'étrangers sont clients et demandent par groupe des cartes isim ou autres et la paperasse leur fait perdre du temps mais pas leurs",-0.74,4235
"L'agence est correcte, mais il y a quelques points à améliorer. Le personnel est poli, mais parfois un peu débordé, ce qui rallonge les délais d'attente. Les informations sont globalement claires, bien que certaines réponses manquent de",-0.65,4236
Abdelghafour au top ! Très compétent et toujours serviable. Merci pour ses explications claires et la résolution efficace des problèmes.,0.96,4237
"Le 12 février à 19h45, j'étais simplement venu pour une information qui ne prend même pas 5 minutes. L'agent m'a répondu de manière impolie, en criant qu'il avait terminé, alors qu'il était encore au bureau.",-0.58,4238
"Je suis passé juste pour résilier mon  abonnement car malheureusement depuis octobre 2021 je ne reçois pas le débit compatible avec ce que je paie. Quand j'ai appelé pour essayer de trouver une solution, j'ai compris que, en effet, la",-0.69,4239
"Le guichet est tout petit, tous les services ne sont pas forcément disponibles (routeur wifi par exemple, recharges téléphoniques...), mais le personnel prend le temps qu'il faut avec chaque client, c'est important quand on se présente en tant que touriste.",0.41,4240
J ai acheter un galet 4g et je l'ai recharger 300dh et un mois plus tard je vien pour recharger 100dh il me disent que l'offre n est pas valable,-0.69,4241
"Super vendeuse ! Accueillante ,souriante et vous explique très bien les abonnements ! Merci à lala inwi",0.93,4242
A 9h00 sur l appli on arrive et bah non c est 10h merci maintenant il faut trouver une agence ouverte a 9h00 merci inwi,-0.36,4243
Telephone ne repod pas l agent tjs sur tele personnel service non dispo,0.0,4244
"Service nul, personnel incompétent qui nuit à l'image de l'opérateur",-0.64,4245
Mettez à jour vos horaires svp pour être sûr de ne pas se déplacer pour rien.,-0.39,4246
Ne peut pas effectuer les paiements de facture.,0.0,4247
toujours un problème au niveau du système. nuuuuuul,-0.62,4248
C'est pas bon,-0.4,4249
Pas mal,0.41,4250
Une agence très sérieuse.,0.46,4251
👍,0.42,4252
Toujours fermer a évité,-0.46,4253
"Le type était très sympa et serviable, et il parlait bien anglais. Il nous a demandé combien de jours nous restions et nous a donné des cartes prépayées avec données illimitées pour 300 DH pour 30 jours.",0.88,4254
"L'homme qui nous a servis était formidable ! Il parlait bien anglais et a équipé nos deux téléphones de nouvelles cartes SIM et de forfaits internet illimité pour les trois mois de notre voyage au Maroc. Il les a installés en boutique, ce",0.92,4255
"Service très médiocre. La vendeuse doit savoir parler aux clients et surtout expliquer clairement les choses. De plus, elle doit baisser la voix lorsqu'elle s'adresse aux clients, car nous ne travaillons pas pour elle. On dirait qu'elle",-0.7,4256
"C'était inadmissible ! J'étais cliente d'INWI depuis toujours, mais je change de fournisseur. Ni la réceptionniste ni le responsable (Marouane ou quelqu'un d'autre) n'ont voulu nous aider ni su comment faire ; ils voulaient juste qu'on",-0.92,4257
Personnel aimable et compétent,0.92,4258
La jeune femme parlait très bien anglais et a rechargé nos cartes SIM. J'y retournerai sans hésiter.,0.86,4259
"Zéro pour le deal, surtout une des dames là-bas, elle est comme un hibou que les Égyptiens ont fait son visage couper la levure de la maison, elle est la raison pour laquelle j'ai changé l'abonnement",-0.67,4260
Le téléphone ne répond pas toujours et donne des numéros qui ne fonctionnent pas.,-0.48,4261
Faites vos achats chez Marjane. J'ai trouvé exactement ce que je voulais à un prix intéressant.,0.53,4262
Service client déplorable,-0.76,4263
👎👎👎👎👎👎👎,0.42,4264
"Mon expérience à l'agence Inwi de Mediouna a été très décevante. Le service est médiocre et les employés semblent totalement indifférents aux clients. Malheureusement, mon expérience a été catastrophique. Le professionnalisme est quasi",-0.85,4265
Le service chez Makinish était médiocre ; j'ai regretté d'y être allé.,0.45,4266
J'en ai besoin de beaucoup,0.5,4267
L'agence était fermée pendant les heures d'ouverture indiquées sur Google maps.,-0.49,4268
J'aime,0.93,4269
pas mal !,0.58,4270
Nul,-0.4,4271
Excellent,0.96,4272
Agence,0.49,4273
J'étais près de lui mais je n'y suis pas allé,0.0,4274
Ramadan Moubarak,0.56,4275
"Un service client exceptionnel, tant au niveau de l'écoute et de la réactivité que des suggestions pertinentes pour le client.",0.57,4276
agence fermée.,0.47,4277
agent très serviable appelé Jawad,0.68,4278
Je lui ai rendu visite il y a deux semaines,0.55,4279
Beau,0.59,4280
Cool,0.91,4281
J'ai l'intention,0.46,4282
Mazyan,0.55,4283
À fuir accueil déplorable le 9 décembre 2025 au soir 3 jeunes femmes qui rient entre elles et n'ont aucune considération envers de potentiels clients .. du coup je suis allez chez la concurrence Orange à côté,-0.86,4284
A l’aéroport de Casa on m’a vendu un forfait à 500mad ( payé 50€ soit 533mad) pour 1 mois de 4g et appels illimités avec 500 sms  au bout de 15 jour ligne coupée avec demande de recharge!!! Je ne recommande pas!,-0.65,4285
Des arnaqueurs les agents ne rendent pas la monnaie et quand tu paies en devise c’est pire ils n’ont pas froid aux yeux vraiment une très mauvaise image se reflète,-0.89,4286
"Bonjour,  Arnaque n’allez pas chez INWI il mon volé 20€ dés mon arrivée et ils sont 4 à se",0.44,4287
Arnaque. Vous devez prendre la carte sim gratuit puis vous recharger ailleurs.. si non fait attention...,0.0,4288
Très high tech! Aux normes internationales ! Une plus value pour le tourisme de masse... Car l'aéroport Mohamed 5 s'est doté de 3 terminaux !,0.96,4289
Arnaque   pas de recharge  de fait Attention  pas sérieux,0.0,4290
super,0.92,4291
Simple et bien,0.93,4292
Arnaque. Ils voulaient détruire ma carte SIM de mon pays d'origine. Ils ne m'ont pas donné le code PIN et maintenant je ne peux ni la déverrouiller ni l'utiliser.,-0.7,4293
Soyez prudents et vérifiez votre solde avant de quitter le magasin ; ce sont des arnaqueurs. Ils ont essayé de me voler deux fois en deux ans.,-0.78,4294
"Très mauvaise entreprise, ils ne vendent que des cartes SIM à 20 euros avec 20 gigaoctets d'internet, sans possibilité de recharge.",-0.97,4295
Excellent aéroport mais nécessite un développement architectural pour suivre le rythme,0.9,4296
Hajj 2023,0.52,4297
C'est dommage qu'ils n'autorisent pas les personnes en deuil à entrer.,-0.86,4298
Il est temps de prendre le prochain vol.,-0.38,4299
Trop lent à servir,0.52,4300
Leur service est bon,0.98,4301
Beau,0.59,4302
Abeille,0.53,4303
Bonjour c'est formidable cette tablou,0.87,4304
Cela fait Plusieurs fois que je passe et comme d’habitude la boutique est fermée. Toujours pareil  et ça a n’importe quelle heure,-0.67,4305
Je comprends pas c’est indiquer ouvert jusqu’à 20h il est 16h et toujours fermer c’est inadmissible,-0.51,4306
Inwi + bloc de numéros,0.51,4307
Veuillez supprimer le numéro de téléphone de cette entreprise. Ce numéro appartient désormais à une agence de location de voitures.,0.4,4308
Mauvaise opérateur internet ni service technique  ni agence ni support et manque de respects c vraiment nuuuul 👎🏻👎🏻👎🏻👎🏻👎🏻👎🏻👎🏻,-0.76,4309
Serviable et accueillant,0.93,4310
"Mauvais service, le gars manque de respect et de bon relationnel, il a même pas les qualités d'un chargé de clientèle, on est client oui , mais on accepte pas ce genre de vous représenter 👎👎👎👎",-0.57,4311
Service rapide et personnel professionnel,0.74,4312
"Mauvais service ,manque du respect des horaires  horaires de travail.on dirait une ferme familiale.",-0.78,4313
Qui ferme quand il  veut,-0.5,4314
Agence ferme à 16 h,0.39,4315
Service qui laisse à désirer,-0.73,4316
Nul agence,0.36,4317
Service 3eyyan,0.57,4318
"Khdit wifi mn eandhom galiya 3j max ayji siyed y saybolik db ktar mn 5j mazal ma3aytliya hta wahed, normalement ana dej kont dayra had wifi f casa meme pas 2j makaynach jaw saybohli hta jit hena mafhmtch had service dyal Inwi hena ead les",0.4,4319
nari 3la ta3ali9 silbiya,0.54,4320
Traiter avec les clients 0,0.53,4321
Le type qui y travaille est vraiment désagréable. À éviter absolument !,-0.83,4322
"Mon fils aîné y est actuellement, je lui souhaite le meilleur.",0.83,4323
excellent,0.97,4324
Inwi essahel,0.57,4325
Agence Inwi,0.47,4326
"5 déplacements, 0 solution : Résiliation impossible et personnel déplorable Expérience absolument inacceptable. J'ai dû me déplacer trois fois pour la résiliation (informations téléphoniques jamais transmises) et deux fois pour la",-0.69,4327
"Le monsieur était très malpoli, je lui demandais des informations pour la fibre et quand je lui dit que son collègue m’avait dit que si je veux arrêter le wifi je vais payer un moi sans consommation. Il m’a mal parlé et il a dit que je",-0.96,4328
"Je me suis rendue à l’agence et j’ai constaté un manque de professionnalisme dans le service. L’agent en charge de mon accueil parlait simultanément avec plusieurs personnes, ce qui a nui à la qualité de l’échange. Lorsque j’ai exprimé mon",-0.89,4329
"Un grand merci à Hanna pour son professionnalisme, sa gentillesse et son service irréprochable. Elle a été très patiente, à l’écoute, et m’a vraiment bien accompagnée dans toutes les démarches. Une personne serviable et agréable, comme on aimerait en rencontrer plus souvent !",0.88,4330
"L'agence INWI localisée à l'avenue des nations unies, Agdal Rabat est vraiment en deçà des attentes, le 21 juillet 2025 un client a demandé d'assainir sa situation suite aux erreurs commises sur son identité sur la base de données inwi,",-0.76,4331
"Excellente Agence, conseillers très accueillants . Merci Badr de m’avoir reçu et bien renseigné pour les offres en cours. Un accueil chaleureux 🥰 je recommande vivement",0.98,4332
"Agence un peu défraîchie avec un personnel qui fait de son mieux mais qualité de service assez moyenne Je n""ai pas pu avoir de facture au nom de la société parce que soit disant le",-0.66,4333
J'ai visité cet endroit pour un abonnement.  Service très moyen. C'était à moi d'insister auprès du vendeur pour avoir le type d'abonnement que je voulais ! et insister pour avoir des informations. Le personnel n'est pas du tout,-0.51,4334
"Agent accueillant, compétent et disponible. Je recommande cette agence.",0.85,4335
"J'ai fait une demande de dégroupage adsl il y a maintenant 1 mois et demi, on m'apprend que la demande n'ayant pas abouti, pour des raisons techniques (propres à inwi), elle a donc été annulée. Seulement, le commercial de l'agence où j'ai",-0.68,4336
"NUL (accueil et service) Jamais joignable, il faut se déplacer pour le moindre soucis. Je suis  obligé de mettre une étoile juste pour valider autrement ça passe pas",-0.52,4337
Mauvais service . Ne les croyez pas,0.0,4338
"Service catastrophique. Pour me donne duplicata de contrat sans engagement ,Sans parler du comportement inapproprié des agents",-0.86,4339
"une agence avec un service null, et repons jamais a leur télephone fixe",-0.45,4340
Personnel débordé ou non expérimenté..système toujours très lent...service à rénover,-0.62,4341
Merci pour votre super et très bonne qualité de service!,0.99,4342
Bonne agence.service rapide . très bonne amplitude horaire.,0.98,4343
"Tres bonne reception ,les agents sont sympathiques et accueillants",0.96,4344
Très bonne agence avec personnel serviable,0.96,4345
Éviter d'aller dans cette âgence.. Il y en a beaucoup d'autres plus sympa,-0.42,4346
"Bon emplacement au centre de l'Agdal, facilement accessible.",0.84,4347
Non satisfait de leur service,-0.51,4348
Personnel très serviable.,0.8,4349
Dessus . Agence a évité .,-0.69,4350
Très satisfait,0.92,4351
Bon accueil,0.95,4352
Bonne service,0.97,4353
Service satisfaisant,0.74,4354
Un esprit professionnel 👌,0.79,4355
service client zéro,0.55,4356
Magnifique,0.87,4357
Bon travail,0.95,4358
Bon,0.91,4359
Personnelle insupportable,-0.79,4360
👍🏼👍🏼👍🏼,0.42,4361
Bon service,0.92,4362
J'avais une expérience très décevante manque de professionnalisme absence d’écoute et surtout un comportement impoli que ce soit de la part du personnel ou même de la directrice,-0.87,4363
"Je suis arrivé à 17h45 et, à peine entré, on m'a dit que je devais revenir demain. Pourquoi indiquez-vous une fermeture à 20h si vous n'assurez pas les services avant cette heure ?",-0.64,4364
"L'application est hors service depuis six mois. L'agence ne peut pas modifier mon forfait, je dois donc appeler. À quoi bon avoir une agence, alors ? La connexion internet est catastrophique.",-0.7,4365
"Je suis allé là-bas hier pour obtenir une carte SIM pour mon nouvel iPhone 15. Après avoir attendu près de 20 minutes, le vendeur m'a dit que je devais attendre au moins un mois, car ils ne l'avaient pas, et tous les magasins ne l'avaient",-0.48,4366
"Service impeccable et personnel très serviable, jamais déçu. Ils sont à l'écoute de toutes les demandes des clients. Mon expérience avec leur service client a été très positive.",0.9,4367
Les meilleurs employés du service à la clientèle au monde sont M. Bader et Mme Noha.,0.89,4368
J'ai rencontré plusieurs problèmes lors du transfert de mon numéro de téléphone de mon ancien opérateur vers Inwi.,-0.5,4369
"Le personnel était compétent et serviable, et a fourni des explications claires.",0.61,4370
Ils ne sont pas intéressés à me fournir une connexion Wi-Fi fibre optique.,0.0,4371
Mieux que ce à quoi je m'attendais,0.47,4372
Bon service.,0.95,4373
Service excellent,0.96,4374
makynch fin tblasi,0.4,4375
Horrible,-0.74,4376
Bien,0.75,4377
Bon service,0.92,4378
"Service déplorable, immense bureau et employé totalement incompétent.",-0.82,4379
-5 étoile si il faut des incompétents à éviter savent même pas travailler En plus irrespectueux,-0.84,4380
Pas mal,0.41,4381
Bonne coine et bonne service,0.97,4382
"Malgré mes nombreuses tentatives de contact, l’agence m’indique systématiquement que le système est en panne et qu’aucun traitement n’est possible. ""سمحيلينا السيستيم طايح!!!!""",-0.66,4383
Personnel très décevant. La personne en charge du magasin ne sait pas communiquer correctement et est très impolie. Je ne recommande pas cette agence.,-0.82,4384
"Très bonne agence INWI, la responsable est très bien formée et présente de manière optimale les produits. Son accueil est professionnel et cordial, on en ressort tout à fait satisfaits. De plus, contrairement à beaucoup d'agences INWI il n'y a presque pas d'attente.",0.77,4385
Très satisfaite du service. Le conseiller était à l'écoute.,0.93,4386
"On voulait acheter une carte Sim et comme suis noire le gar m'a dit que c'est 200dhs au lieu de 20dhs. Quand j'ai appelé notre chauffeur qui est marocain, l'agencié à dit c'est 20dhs. Il voulait m'arnaquer.",-0.77,4387
Pack wifi vacay  illimité.  Je ne le recommande pas,-0.5,4388
"Sympa, les 2 agents sont compétents",0.5,4389
Khona Sed l'agence w mcha,0.42,4390
"Personnels accueillants, polis et professionnels",0.8,4391
J'adore,0.76,4392
Bon service,0.92,4393
Travail soigné,0.58,4394
Service lent,0.53,4395
Lourd service,0.56,4396
A fuir.......,-0.57,4397
"Service déplorable et ligne téléphonique inexistante depuis 11 jours. J'exige une amélioration du débit, qui ne dépasse pas 1 mg, et aucune solution n'a encore été apportée. 👎👎👎",-0.67,4398
Ils offrent un bon service et un excellent accueil.,0.99,4399
"Bien situé, services agréables",0.78,4400
Je soutiens mon Maroc bien-aimé,0.96,4401
excellent,0.97,4402
Être......,0.43,4403
vardavarda,0.59,4404
Trés bon service,0.89,4405
C'est une mauvaise agence dans Rabat,-0.97,4406
Un service très très mauvais,-0.92,4407
Services médiocres,0.58,4408
Heures de travail,0.58,4409
"Je souhaite partager une expérience décevante avec le service client Inwi. J’ai voulu transférer mon contrat Internet vers un nouvel appartement, car je ne compte évidemment pas payer deux abonnements en parallèle. Normalement, une",0.63,4410
Ils ne servent à rien. Pas capable de nous vendrent des données mobiles en recharge. Pas sympatique. On a l'impression de les embêter.,0.0,4411
Une personne travaille seule dans cette boutique alors que les clients sont nombreux. Pas de chaise disponible. Le service Inwi est truffé de bug et d’incohérence.,-0.42,4412
c'est un service qui laisse à désirer.   franchement je regrette d'avoir un abonnement Adsl avec ce service . je ne conseillerai jamais jamais jamais leur service à mon entourage.,-0.85,4413
"Système souvent en panne, imprimante hors service (donc pas de reçus). 1 seul employé au guichet, souvent attentes interminables.",-0.44,4414
Trés satisfaite des prestations fournies par le conseiller qui est trés gentil. Trés bel acceuil des clients. Ne changez rien à cette agence. Grand merci à vous,0.63,4415
"Pas de réponse au niveaux de centre d'appels ce qui conserne les requettes, un retard immense pr la réparation de la ligne plus que deux mois",-0.67,4416
L employer est pas trop serviable je ne m y rendrai jamais 😒,0.0,4417
Inwi une société internet provider. Pas sérieux,0.0,4418
Très aimable le monsieur qui y travaille... Et bon conseiller,0.96,4419
Service correct personnelle plutôt serviable.,0.59,4420
Très bon,0.98,4421
Effectif trop réduit,0.48,4422
Minable,0.46,4423
Bon service,0.92,4424
Service impeccable,0.5,4425
👎,0.42,4426
Bonne courage,0.98,4427
Services 0,0.57,4428
"Agence fermée, personne n’y est! Et pourtant c’était l’heure de travail (15h 30min)",-0.58,4429
"S'il y avait eu moins d'une étoile, cela aurait été la véritable évaluation. Un service honteux, sans aucun respect pour le client, comme si vous vouliez une faveur, pas un abonnement. Un abonnement à la fibre optique. Même l'obtention du",-0.44,4430
Note mauvaise,-0.88,4431
"Temps d’attente enorme! Ne venez surtout pas entre midi et deux, les gens viennent en masse et vous trouverez un employé sur deux ( l’autre sera en pause déjeuner )",-0.84,4432
Service bien fait et agents responsables,0.95,4433
Agent serieux et sympathique,0.79,4434
Pas mal,0.41,4435
Très serviable,0.91,4436
👍,0.42,4437
Service moyenne,0.56,4438
Joli coins,0.53,4439
Mauvais service,0.57,4440
Moyen,0.46,4441
Parfait,0.8,4442
"Pourquoi est-ce toujours fermé et, quand c'est ouvert, il n'y a personne à l'intérieur, comme s'ils prenaient un jour de congé tous les jours ?",-0.65,4443
"L'agence était fermée un jour ouvrable normal, c'est-à-dire lundi dernier.  Je ne recommande pas cette agence.",-0.48,4444
J'ai attendu une heure pour recharger mon téléphone. La personne qui était là l'après-midi n'était pas très compétente.,-0.4,4445
Nickel 👌,0.47,4446
"Bonjour,  Je souhaite déposer une réclamation officielle concernant mon dossier fibre",0.6,4447
C'est ici que j'ai payé mes factures,-0.5,4448
"Très mauvais service surtout les agents qui sont à l'accueil et encore pire la dame,et pour l'option satisfait ou remboursé c'est juste de l'arnaque , j'ai testé le retour ça va pas marché mais la commerciale ne voulait pas accepter le retour a cause de l'emballage  qui en carton",-0.98,4449
"La jeune dame est en train de se taper tout le boulot de la région ! Une file d’une dixaine de personnes (Massira I disent que “سيسطيم"" et “login” ). Elle maintient le sourire الله يجازيها بخير ويعينها",0.59,4450
"Attente d'au moins 50 min car une seule personne présente, je voulais convertir mes points de fidélité mais apparemment y a plus de téléphone dispo. Même chose inwi centre temara, idem inwi rabat route zaers (carrefour).",-0.56,4451
"Service nul 👎🏼 La 07/01/2025,15h50.",-0.39,4452
Je suis profondément déçu par leur comportement peu professionnel et leur manque de considération envers les clients.,-0.88,4453
"Le mec toujours à son poste, souriant et serviable. Beau travail et bonne continuation",0.91,4454
"Service nul, on attend trop à cause des problèmes de wifi de l’agence! Une personne po",-0.75,4455
Mauvaise service,0.55,4456
2 personnes pour une queue de plus de 15 personnes c de l'arnaque,-0.43,4457
Bon accueil. Certains services ne peuvent être traités sur place.,0.82,4458
Personnel réduits et délai d'attente treees long,-0.44,4459
Il faut leur apprendre leur produit et le métier du service client,0.53,4460
Mauvaise service dima réseau taye7 pffff,0.52,4461
Personnel nul aucune conaissence des procedures,0.0,4462
On perd beaucoup de temps pour payer sa facture,-0.49,4463
"Poli, mais ne font que le strict minimum.",0.0,4464
Trop cher même par rapport au autres carfour,-0.41,4465
Parfois fermer dans les horaires d ouverture,-0.43,4466
Certains services ne sont pas disponibles,-0.43,4467
Pas mal,0.41,4468
Mauvais service clientèle,0.58,4469
Bien,0.75,4470
Pas de couverture suffisante.,0.0,4471
Un service pitiable,-0.76,4472
Nul,-0.4,4473
Bon service,0.92,4474
Génial,0.59,4475
Pas intéressant,0.0,4476
Nulle,-0.37,4477
des enfants irresponsable,-0.77,4478
Sce rapide,0.61,4479
Sévices de qualité,0.59,4480
pas mal,0.7,4481
Bon service,0.92,4482
Hadak li mkhdmin tma gher kijri likom 3la les clients .. khdmo chi wahd ki3rf yhdr wyt3aml,-0.39,4483
"Très incomplète dans ses relations. La dame ne comprend rien au jeu. Vous lui dites ADSL, elle vous dit Fibre Optique. Je lui demande des informations sur le site officiel de l'entreprise. Elle me dit que c'est leur service, pas le nôtre.",-0.54,4484
"Les plus gros éboueurs sont ceux qui y travaillent. Essayez de les remplacer, sinon vous perdrez vos clients.",-0.75,4485
"Si c'est quelqu'un qui a fait ça, 9al de l'étoile, wahda ghandirha... Inwi kolha 0 de la loi, parle-lui, il viendra à toi, ou il reviendra 3lik, ce sont eux qui le voulaient 00000000000000 nuuuuul",-0.55,4486
"La plupart des employés d'Inwi sont impolis et incompétents, comme s'ils appartenaient à l'agence de leur père. Ils sont tous nerveux et font attendre les gens pour des broutilles. L'entreprise devrait recruter des employés qui ne draguent",-0.92,4487
J'ai eu une expérience désastreuse avec Inwi ce mois-ci. Je n'arrive pas à croire que ces opérateurs ne veuillent pas envoyer quelqu'un installer la fibre. Je ne les contacterai plus jamais.,-0.79,4488
L'agent était très impoli et irrespectueux ; il ne connaissait absolument rien à la box Internet Idar Duo.,-0.93,4489
"L'agence est toujours bondée ; il faut attendre pour obtenir un service, sans parler des pannes de réseau occasionnelles.",-0.8,4490
"Mauvais service, il faut plus d'une heure juste pour payer l'abonnement et employés peu respectables",0.6,4491
Actuellement fermé.  Service déplorable.,-0.79,4492
Accueil et service au niveau souhaité.,0.81,4493
"Explorer et voyager à travers le Royaume est une expérience unique et agréable, incomparable à toute autre.",0.77,4494
Bon traitement avec un bon accueil et à l'écoute des clients.,0.98,4495
"Un employé de cette agence manque d'expérience, et de nombreuses erreurs sont commises avec les clients.",-0.84,4496
Le prestataire de services est très sympa avec les clients.,-0.55,4497
"Le service est tellement bon, j'adore !",0.98,4498
L'emplacement est bon et le service est excellent.,0.98,4499
"Au nom de Dieu, le Tout Miséricordieux, le Très Miséricordieux. Louange à Dieu, Seigneur de l'univers.",0.85,4500
L'employé est impoli.,-0.71,4501
Cela s'est avéré utile malgré le manque d'employés.,-0.41,4502
"Service correct, acceptable",0.7,4503
"Une bonne agence, merci 🙏",0.91,4504
Une réception offensante pour l'entreprise,-0.7,4505
Service de paiement de factures Inwi,0.52,4506
Cela ne remplit pas son objectif.,0.0,4507
C'est bon,0.97,4508
mziana,0.5,4509
Au niveau requis👍👍,0.55,4510
Excellent,0.96,4511
bien,0.96,4512
Bien,0.75,4513
excellent,0.97,4514
J'aime 1,0.84,4515
bien,0.96,4516
👎🏻👎🏻👎🏻👎🏻,0.42,4517
Service médiocre,0.66,4518
Correct  👍,0.46,4519
Bien,0.75,4520
Service médiocre,0.66,4521
Service décevant. Leur promesse ne reflète pas la réalité.,-0.51,4522
Service de l9lwiii,0.6,4523
Service excellent,0.96,4524
"Je suis passé en magasin pour un  accessoire exposé. Après avoir fait la queue et attendu, on m’annonce que l’article n’est pas en stock et qu’il n’est pas possible de le commander. À quoi bon exposer des produits si on ne peut ni les acheter ni les commander ? Cela fait perdre du temps aux clients...",-0.66,4525
Commercial irrespectueux avec qui j’ai eu affaire ce jour . Aucun professionnalisme . On passe d’une agence à une autre avec des discours différents . Service client catastrophique. Jamais un agent ne m’a parlé comme il m’a parlé ! C’est une honte !,-0.92,4526
"Franchement très déçue par cette agence. Service nul, manque de professionnalisme et aucune considération pour les clients",-0.91,4527
Je laisse cet avis car monsieur Abdellah a été très professionnels pour m’accompagner sur les abonnements . En revanche aucun service pour installer mon adsl on m’a fait poireauter pendant 1 semaine en me promettant de venir installer mais,0.45,4528
Visite le 24 janvier à 11h00. Accueil très décevant : la vendeuse s’est montrée très hautaine et peu professionnelle,0.57,4529
"Catastrophique, limite de la publicité mensongère, le vendeur ne veut pas s’occuper de ma résiliation durant ma période d’essais I-dar. j’avais une semaine pour avoir mon remboursement car je n’étais pas satisfait du réseau (car je capte",-0.8,4530
"Service trop lent, faut bouger un peu et embaucher plus de personnes, que 2 employés pour un inwi en plein centre ville, durée d’attente une demi heure alors que y’avait 2 personnes avant moi c’est fou, je dis meme service nul et le plus",-0.81,4531
"Après avoir fait plusieurs passages dans différentes agences Inwi acıma Allal elfassi  mhamid Marjane sans succès, je suis enfin tombé sur une agence qui a vraiment pris le temps de comprendre mon problème. Mon souci concernait une demande",-0.74,4532
Très très mauvais service Je ne recommande pas cette agence,-0.95,4533
Trop de retards un seul employé dans l'agence ne suffit pas.,-0.51,4534
"J'ai été enfin satisfait du service car le service après vente laisse souvent à désirer. On doit faire énormément de réclamations où on vous dit : "" Nous montons votre",0.6,4535
"il y a 9 mois Le 17 décembre 2024 Professionnalisme absent, un ton et comportement tres désagréable de la part de",-0.68,4536
"Après une mauvaise expérience dans l'agence INWI située au N°305, Hay Iziki, avenue Laâyoune à Marrakech, j’ai été agréablement surpris par la qualité d’accueil et de service à l’agence principale INWI de Guéliz. Je m’y suis rendu le 26 mai",-0.82,4537
"Professionnalisme absent, un ton et comportement tres désagréable. Le 8 mars 2024 on arrive à l'agence pour restituer le matériel à 19h40 et ils refusent catégoriquement ( l'agent de sécurité et la conseillère) de nous faire rentrer à",-0.83,4538
"Les commerciaux sont tous formater pour répondre et renseigner...... Allez voir les avis sur le net.... Je me suis renseigné pour le wifi et suivant le forfait et le mode de réception,",0.64,4539
Agence récemment rénovée. Ma réclamation a été traitée rapidement et avec professionnalisme. Un grand merci à Hamza pour sa disponibilité et sa diligence dans le traitement de mon cas.,0.54,4540
"Merci à Simohamed , très professionnel Un excellent service client 👏🏻👏🏻👏🏻",0.96,4541
Je tiens à exprimer ma profonde déception et insatisfaction concernant le service que j'ai reçu de la part de votre agence Inwi. j'ai contacté votre agence pour mettre mon numéro de téléphone sous contrat et j'ai été confrontée à une,-0.87,4542
"Très mauvais accueil. Ai trouvé les deux conseillères en pleine discussion privé et malgré mon entrée, ne se sont pas senties obligées de me recevoir. J'ai du attendre que ces dernières en finissent. Après cela il m'est demandé le",-0.96,4543
"Si je pouvais j’aurai mis 0 étoile. Mais impossible. Service client déplorable, un forfait à 249 Dirham, 45 minutes en agence pour une carte Sim qui ne fonctionne pas après multiples passages en agence, messages à leur « service client INWI ». Je ne recommande ni cette agence, ni cette marque. Fuyez vite !",-0.8,4544
"Côté Ourika, (KM 24) va falloir faire quelque chose !!! Si ces dernières années le service Inwi était celui qui fonctionnait le mieux face aux concurrents, désormais je dirai que le service est nul de chez nul, ni",-0.51,4545
J'aimerai bien remercier l'équipe de inwi chacun de son prénon Niima Mohamed Siham et hamza de leurs services favorable. Bonne continuation,0.95,4546
Le réseau sur marrakech targa catastrophe  j'ai payé deux moins d'abonnement pour rien incroyable. Impossible de travailler,-0.69,4547
Qu’est ce que c’est nul inwi .. Maroc Telecom bien meilleur.,0.41,4548
L2o5t Nouaamae ahamdane vraiment c'est une fille très gentille ta3amol flmostawa,0.6,4549
Excellent accueil et beaucoup de bonne volonté pour me dépanner de la part de mon interlocutrice. Un grand bravo à elle avec mes sentiments reconnaissants,0.98,4550
"Tentative d’escroquerie de la part du vendeur, voulant me faire souscrire d’un abonnement d’un an",-0.8,4551
Personnel très à l'écoute des requêtes des clients .,0.61,4552
L'opérateur telephonique  Inwi fait de superbe promotion et offre illimité etc limité Je m'y suis rendu pour m'informer... L'agent est patient vu que je suis le genre à trop poser de questions.. Je pense pouvoir faire affaire avec Inwi.. Offres trop alléchantes..,-0.58,4553
Je remercie Simo meilleur service  très très bon qualité service 👍🏻👍🏻👍🏻 bon continuation 💪💪,0.97,4554
Merci bcp lala niama,0.6,4555
Merci niama pour le service top,0.91,4556
"Personnel agréable, serviable et patiente. Je recommande",0.85,4557
En tant qu'opérateur c nul comme service connexion internet très faible et en tant qu'agence tu peux même pas trouver une place pour s'assoir à éviter,-0.69,4558
Lbnita alah y3mrha dar merci pour le service,0.58,4559
Connexion 0 Service telephonique 0,0.52,4560
Mauvais service Inwi c'est le pire opération existe ni service client ni rien je recommande pluuuuss !!!! 0 étoile,-0.45,4561
A éviter c'est honteux,-0.65,4562
Le monsieur a lagence mal Service,-0.83,4563
"Très bonne agence, personnel professionnel.",0.96,4564
Merci beaucoup bn équipe,0.87,4565
Trop de temps d'attente et ne parle pas bien la langue.,-0.74,4566
Téléphone fix de l'agence est toujours indisponible 😏😏,0.5,4567
Bonjour très bien très serieux,0.98,4568
Pas de réponse,0.0,4569
Très bon accueil,0.99,4570
Il m' a mal informe,-0.82,4571
Nulle comme agence,-0.37,4572
Très intéressant comme agence,0.95,4573
Très bon service,0.98,4574
Pas mal,0.41,4575
Très intéressant comme.agence,0.93,4576
Mauvais services,0.61,4577
Service parfaite,0.92,4578
Agence centrale INWI de Marrakech,0.45,4579
Perte de temps !,0.49,4580
Service nul,-0.45,4581
Demander M saad,0.57,4582
Bon service,0.92,4583
Agents accueillants,0.83,4584
😍,0.42,4585
Magnifique,0.87,4586
Je suis perdu entre cette agence et service clients pour un simple service (devoir )qu'apparemment personne n'a sait rendre au plutôt personne ne veut pas me le rendre en plus une commerciale de cette agence ma traiter d une manière offensive. Bref inwi est nulle,-0.75,4587
"Si je pouvais mettre 0 étoile, je l’aurais fait.  Je me suis rendue dans cette agence suite à une réclamation auprès du service",0.64,4588
Personnel très sympathique,0.74,4589
Vend une esim qui ne fonctionne pas et il me fait tourner en rond avec les différents numéros à appeler pour régler le souci,-0.57,4590
"Je suis allée là-bas car j'avais un problème avec mon numéro. J'ai dû l'enregistrer, et le problème, c'est qu'ils vous poussent à payer le plus possible. Ils se fichent complètement du service et de leur réputation. J'ai dit à la",-0.66,4591
Les employés sont d'une lenteur exaspérante ; nous avons attendu plus d'une demi-heure pour trois clients.,-0.81,4592
"Malheureusement, la qualité de votre service ne s'améliore pas. Lors du lancement d'un nouveau service, veuillez vous assurer qu'il est accessible à tous... je pense notamment à Esim...",-0.62,4593
Merci pour votre accueil chaleureux à sœur Na'ma.,0.97,4594
Kon kan momkin n7it 0 n7itha ma kaynch isti2bal ma tay3rfoch yhidro M3a lkilyan ou inwi kamlha fiha l9walb ghadi nbdilha day3oni f 10993 no9ta,-0.35,4595
Les prestataires sont aimables et serviables. C'est un endroit idéal pour obtenir des informations et de l'aide lors de la création d'un numéro de téléphone ou d'un service.,0.76,4596
"Manque de personnel, d'où un temps d'attente excessif, mais personnel aimable et serviable.",0.7,4597
bien,0.96,4598
Pas le meilleur,0.6,4599
J'ai beaucoup apprécié la dame qui nous a aidé à résoudre le problème de wifi,0.56,4600
"Bon service, l'endroit idéal pour faire le plein pendant les vacances",0.96,4601
Je suis allé recharger mon forfait internet mobile.,0.68,4602
Service médiocre sans suivi client.,0.42,4603
Service médiocre et accueil de qualité inférieure,0.62,4604
Le service était beaucoup trop lent.,-0.4,4605
Parler français est une langue exagérée et coloniale.,0.4,4606
Manque de matériaux,0.51,4607
Haut,0.44,4608
Nouamé ahamdane,0.47,4609
À votre service,0.6,4610
Nouaamae ahamdane,0.51,4611
Service 0/10  😑😑😑,0.52,4612
Vite🌹,0.42,4613
Pro,0.6,4614
Services médiocres,0.58,4615
Services invalides,-0.41,4616
Khalid,0.56,4617
"Visite extrêmement décevante dans cette agence Inwi. Dès l’accueil, aucun sens du service: une personne nonchalante, hautaine, répondant à chaque question avec agacement et mépris.",-0.59,4618
"Fuyez ! 0/5 ! Service déplorable. Connexion Internet inexistante depuis 6 jours, sans aucune solution proposée par le service client. On vous promet un « satisfait ou",-0.56,4619
Je suis super déçu par le service de l'agence. Le personnel est carrément arrogant et vraiment incompétent. J'ai passé un moment hyper frustrant et tout sauf satisfaisant. Je ne recommande pas cette agence ..vraiment 0.,-0.92,4620
Toujour problem de réseau tu quitte loin pour payer tes facture on te parle de réseau je pense que vous devez dépassé cette stat Mariane gueliz toujours meme motif 😡😡😡,-0.57,4621
"Bonjour, C'est une catastrophe! Le service client est complètement inexistant. Les demandent ne sont pas traitées! Leur système est toujours en panne.",-0.97,4622
"Le Monsieur au guichet n'a envie de rien faire. J'ai un souci d'une ligne de fibre et il me demande de partir à l'agence qui m'a fait la demande, et quand je lui dis que c'est un commercial itinérant qui m'a fait la demande, il s'est moqué",-0.76,4623
Horrible service. J'ai acheté une sim inwi 4g et déjà rechargée. je suis venu demander de l'aide car je n'avais pas internet on te dit de te démerder ou d'aller voir un réparateur. Heureusement j'ai pu trouver la solution en regardant des tutos en ligne.,-0.85,4624
J'ai un abonnement de 50 mo avec la fibre j'ai eu une panne sur le réseau et maintenant on me livre du 20 mo voisin dans la même montée d'immeuble lui n'a pas ce problème je suis passé 10 fois à l'agence j'ai téléphoné 10 fois au service,-0.39,4625
Inconcevable. Faire passer une cliente avant moi sans me le demander alors que j'étais là bien avant elle et en cours de prise d'un forfait. Nul et mérite un ZÉRO !,0.51,4626
Mouvaise service la vérité je un client depuis 15 ans j'ai parti à cette agence pour la convention des far il sont fai un erreur et j'ai revien plusieurs fois sont remédier la communication 0 comportement 0 le mec sur l'agence il fai des lunettes c le chef d'agence inwi acima malheureusement il est pas compétent.,-0.9,4627
J’ai passé aujourd’hui pour faire mon payement le service est honteux les personnels et l’agent de sécurité avec un service très nul je retourner jamais là-bas,-0.75,4628
"Nous avons visité hier, il n'y avait pas de bonne explication des services qu'ils fournissent, seulement une explication superficielle, le client doit être le premier selon la pyramide de Maslow",0.0,4629
le service est nul il n'ont pas encore activer l'offre que j'ai demandé après plus d'un mois d'attend et même le service clientèle de l'agence ne répond pas,-0.46,4630
"Pas aimable, on a juste l'impression de deranger madame, aps un sourire rien, a peine bonjour et ce permet de parlez avec ses amis plutot que de servir la clientele",0.61,4631
Service lent  fallait attendre 20 min pour une simple question pour être confronté a un conseiller indifférent par la suite,-0.4,4632
"service déplorable, engagement non respecté.",-0.92,4633
Service zeroo pour les agences inwi ils ne c est même pas parlé respectueux,0.36,4634
Serviable et accueillant,0.93,4635
"Catastrophique, vous pouvez passer 100 appels pour avoir quelqu’un et vous n’aurez personne. 😒",-0.65,4636
Je ne comprends pas pourquoi il y a toujours un problème de système dans cette agence pourtant au cœur de la ville,0.0,4637
Nul incapable de répondre Sur les forfaits Franchement il faut former les vendeurs,-0.52,4638
Personnel très désagréable  sourtout la dame a l'accueil Je suis très déçu de leur prestation,-0.89,4639
Fuyez! On prend vraiment les gens pour des chiens. Service au client en dessous de zéro.,0.82,4640
Service nul....la femme est très très très désagréable.,-0.84,4641
Les personnels 👎🏻 pas professionnels,0.0,4642
bon.ras,0.95,4643
nul un agent sur une grand boite a geluiz,-0.62,4644
Service un peux long,0.55,4645
Tres bien,0.95,4646
Toujours aussi nul que d'habitude,-0.44,4647
"Service nul, panne du système...",-0.54,4648
my agence,0.53,4649
Bon service,0.92,4650
Serviable,0.69,4651
Mauvais service,0.57,4652
Nulle,-0.37,4653
Mauvais service,0.57,4654
"Lors de ma visite dans cette boutique de téléphonie mobile, j'ai trouvé l'endroit agréable et bien situé, près du centre-ville. Le personnel était accueillant et s'est montré très serviable, prenant en compte mes préoccupations. Ils ont",0.84,4655
Arnaqueurs ! Ils essaient de vendre des abonnements à des étrangers. Je n'ai jamais vu une équipe aussi incompétente. Ils ne parlent que lorsqu'on leur pose des questions. Personne ne vous accueille à l'entrée du magasin. Quatre personnes seulement y travaillent : une perte d'argent !,-0.85,4656
"N'allez pas chez Inwi ! Ils vendent 30 jours d'internet illimité et proposent un abonnement télécom onéreux. En tant qu'étranger, vous ne pouvez pas voir cela et devez payer mensuellement avec une période de résiliation de 30 jours. Allez chez Maroctelecom !",-0.68,4657
"C'est horrible ! Allez plutôt à celui de la gare ! Le personnel essaie de vous faire dépenser beaucoup plus que nécessaire ! Croyez-moi, allez à celui de la gare !",-0.98,4658
"S'il y avait eu une note de zéro, je l'aurais donnée  La dame qui travaillait là-bas était insupportable. Je suis allée la voir et elle m'a dit que le système était en panne. Je suis partie, puis revenue et j'ai attendu mon tour. Elle m'a",-0.83,4659
"Personnel très aimable ! Leur système avait des problèmes, mais le monsieur qui travaillait là-bas nous a accompagnés jusqu'à un magasin voisin pour nous aider à obtenir une carte mémoire !",0.93,4660
"Service déplorable, le pire que j'aie jamais vu à tous les niveaux : manque de professionnalisme et service irréprochable. Un mépris total des besoins personnels des clients et un traitement digne d'une esclave.",-0.95,4661
"Si j'ai besoin de quelque chose, je dois aller à cette agence. La dame sur place n'a rien fait. Elle m'a dit que le système était en panne. Je suis donc allé à l'agence située dans le garage et ils se sont occupés de tout sans problème et avec le sourire.",-0.44,4662
Service correct. Ils ont besoin de motivation ! On dirait qu'ils travaillent à la mairie !,0.74,4663
Service médiocre ; les clients de l’agence devraient être remplacés.,0.43,4664
"Service excellent et rapide, même aux heures de pointe.",0.95,4665
La qualité des services doit être améliorée.,0.79,4666
Le traitement que la dame me réserve à l'agence est incomplet !,-0.71,4667
Service inexistant 👎,0.46,4668
La pire méthode de vente.,-0.65,4669
magnificence,0.58,4670
Service médiocre 👎👎👎👎👎👎👎👎👎,0.63,4671
J'apprécie tout le personnel ici,0.69,4672
"J'ai demandé de l'aide car aucun terminal de carte Inwi ne fonctionne à Marrakech ! Un employé m'a répondu : « Eh bien, c'est un pays du tiers monde. » Quelle ignorance ! Au lieu de s'attaquer au problème, ils ont tout fait pour me",-0.66,4673
"Zéro professionnalisme,zéro service client. L’un des deux agents présents faisait mine de ne pas vouloir m’aider; pendant que je lui explique mon problème il fait ses affaires et il me donne le dos en",-0.62,4674
Service nul de chez nul. Contrat conclu pour avoir l'appréciation au téléphone juste après la signature et puis silence Radio!!!!!,-0.72,4675
Salam. Je suis très satisfait de l'accueil et le professionnalisme dont fait preuve les agents de cette agence (kawtar). Je leur souhaite bonne continuation et succès dans l'exercice de leurs fonctions.,0.82,4676
J’ai eu la chance de tomber sur un messieur qui s’appelle Hamza alaae il a su me diriger dans mon choix d’abonnement téléphonique ainsi que m’accompagner dans ma demande de fibre qui pour l’instant était en stand by et grâce à lui tout va,0.58,4677
"Service nul. Très mauvaise expérience avec cette agence. J’ai un problème avec eux depuis un moment et personne n’arrive à le résoudre. Aucun suivi, aucune explication, et un manque total de professionnalisme. Je ne recommande pas cette agence.",-0.96,4678
"Pour avoir traiter à plusieurs reprises avec la boutique INWI MARRAKECH GARE, j’ai trouvé que c’était l’une des agences les plus professionnelles. J’ai eut comme Interlocuteur Abdellah qui a gérer mon dossier d’une main de maître. Signature",0.56,4679
"Service nul , mauvaise expérience et Malheureusement, l’accueil n’était pas satisfaisant. Je suis venue pour régler un problème d’application, mais on ne m’a pas accordé le temps nécessaire. Une employée m’a répondu que ce n’était pas son travail. J’espère que la direction prendra cela en considération pour améliorer le service client.",-0.89,4680
"Je suis vraiment très satisfait de l'équipe de l'agence Inwi - Gare de Marrakech (écoute et suivi clients, cordialité).",0.84,4681
"Excellente expérience à l’agence Inwi de la gare grâce à l’agent commercial Mr. Abdellah. Il a géré ma demande de portabilité et la souscription à un nouveau forfait en un temps record, avec professionnalisme et efficacité. Merci pour son accueil chaleureux et sa réactivité exemplaire.",0.95,4682
"Excellent service, personne affable et souriant, mon problème à été réglé rapidement par Mr Abdellah sousane,merci infiniment",0.8,4683
"Pire service clientele à marrakech , les agents ne veulent simplement pas travailler ni aider à trouver une solution , ils ne font que compliquer les choses et t’envoyer vers d’autres agences",-0.5,4684
Suite à un souci technique j’ai été admirablement bien aidé et conseillé par Abdellah Sousane. Il m’a aidé à trouver un bon abonnement pour mes besoins et a pu résoudre toutes les difficultés avec sourire et grande gentillesse. Je recommande vivement l’agence Inwi de la gare ONCF de Marrakech et demander Abdellah. 5 étoiles !!!,0.96,4685
"Excellente expérience à la boutique. Abdellah très professionnel, installation en -24h, suivi installation, je recommande Inwi et plus particulièrement cette boutique en Gare de Marrakech",0.96,4686
"Le comportement du personnel est tout simplement inacceptable. Ils ne respectent pas du tout les clients ! Non seulement ils ne prennent pas le temps d'écouter, mais en plus, leur manière de parler est carrément arrogante et méprisante. Ils",-0.81,4687
Malheureusement je ne peux pas mettre zéro étoile mais le cœur y est.,-0.55,4688
WARNING TO TOURISTS – Avoid INWI!!!!  We paid 30€ for an INWI SIM at Marrakech airport. overpriced but expected. It,0.52,4689
Le jeune monsieur qui travail dans cette agence n'est pas respectueux envers les clients je déconseille cette agence,-0.67,4690
"La personne à l'acceuil de l'agence ""gare"" est d'une arrogance sans nom. Aucuns professionalismes, il ne répond à aucunes de nos questions et se montre complètement ininteressé a la clientèle.",-0.52,4691
L'agent abdellah sousane m'a aidé fixer provlémes avec tou ses efforts,-0.43,4692
"Service nul , le comportement du personnel trés provocateur et impoli comme si tu vien demander de la charité , surtout un mec qui est débutant et humble en plus qui reponds a tous mes problémes par ( j'ai rien a faire pour toi )",-0.9,4693
"Ce matin, je suis allé recharger ma ligne mobile et j’ai eu un très bon service de la part de la préposée au service à la clientèle. L’interaction a durée moins de 5 minutes.",0.93,4694
Merci à toutes l'équipe Ils ont répondu à toutes mes questions,0.9,4695
Trop nul comme personnels de cette agence mal polie surtout celui qui est derrière un bureau il te parle en parlant au téléphone c’est comme nous sommes des gents qui sont  venu demander la charité et lorsque nous sommes rentrées nous avons,-0.77,4696
Mauvaise expérience vraiment service null sertôt la famma. 15/06/2025,-0.5,4697
"Je donne 1 étoile car je ne peux pas en mettre 0. Je n'ai jamais autant rencontré  de problème avec une agence de communication qu'avec Inwi. Ils ne sont pas transparent avec leur client. Voyageur, je vous déconseille d'y aller. Allez ailleurs.",-0.47,4698
"Bonjour, je tiens à remercier Melle Latifa pour son professionnalisme et ses conseils. Je recommande à 100 %. Et je reviendrai pour d autres produits.",0.9,4699
"Personnel 2 de tensions! Même pas de quoi installer une carte SIM dans un iPhone, j’ai du aller chez le concurrent orange!! Et en plus aucune information sur comment trouver mon numéro",-0.82,4700
Mr Soussan Abdellah est un excellent commercial.  Très serviable et à l'écoute,0.97,4701
"Je ne voulais pas sortir nous sommes dimanche mais sur le site il est écrit ouvert, je fais 15km aller et 15km retour  . Agence fermée Ça c’est un service client 😡",0.0,4702
"La plus nulle agence d'internet au monde.  Je dis à l'agent que ma 4G ne fonctionne pas merci de vérifier, il me dit ,",-0.8,4703
Réactif sympa à l'écoute,-0.43,4704
Incompétence du personnel de l’agence ne voulant pas faire une résiliation  comme il se doit De ce fait j’ai à envoyer mon dossier à Inw Casablanca Le mr ayant reçu pour cette résiliation ne donne pas son nom mais code CMS 14 *************Attention************,-0.43,4705
"Je recommande Mina de l'agence  Très professionnelle et très souriante, c'est cool d'avoir ce genre de personne mashaaALLAH",0.87,4706
Des gens inutiles aucun professionnalisme une attitude provocante Matestahloch had l étoile 😡,-0.83,4707
Service très mauvais! On c'est fait arnaquer par un autre Inwi et il a été très condescendant et grand manque de professionnalisme. Je déconseille.,-0.99,4708
Mon numéro est bloqué depuis une semaine et demi j'attends toujours qu'il me le débloques du coup je serai obligé de changer d'opérateur les opérateurs téléphoniques sont incapables de résoudre les problèmes.,-0.84,4709
Je suis très satisfait par les services consentis.,0.82,4710
Bon service les commerciaux sont très professionnel je le recommande,0.88,4711
Très bon service chapeau,0.96,4712
Zero service clients ! J’ai changé d’operateur,0.48,4713
"Service nul, 30 mins de retard + absence des agents..!",-0.5,4714
Le point inwi de la gare est toujours avec un service parfait.,0.75,4715
Les employés sont très réceptifs et accueillants,0.64,4716
"Efficacité, professionnalisme, qualité de l'accueil de Kawtar.",0.85,4717
Service client très mauvais,-0.91,4718
Toujours un excellent accueil amical et professionnel,0.92,4719
Personnel à l’écoute Seul bémol pour accéder à l’agence,0.65,4720
Service nul,-0.45,4721
Le responsable est serviable,0.68,4722
Retard de plus de 30 minutes incroyable !!!!!,-0.75,4723
"Service rapide,",0.75,4724
mieux,0.76,4725
manque moyens,-0.48,4726
"Je remercie vivement Mme Kaoutar Sebti de l’agence Inwi ONCF Marrakech pour son accueil chaleureux, sa gentillesse et son grand professionnalisme. Elle a été très serviable et à l’écoute tout au long de ma prise en charge. Le service était d’excellente qualité. Je recommande vivement cette agence.",0.96,4727
Très nul ! Rapide pour signer le contrat et après ils ne répondent plus ! Presque 1 mois que j ai souscrit pour un abonnement professionnel (avec Abdelah) et il ne répond plus ni aux appels ni aux messages. On m a livré la box mais aucun technicien n est venu installer la fibre. Je déconseille,-0.92,4728
"Très sympathique, rapide, bon service - je suis très heureux dans cet endroit aujourd'hui un dimanche, la femme était sympathique",0.98,4729
"Service client déplorable. Trois agents qui ne faisaient que scroller sur leurs appareils 😒. Pas un bonjour, pas un sourire, et ils nous ont fait sentir indésirables, comme si nous les dérangions.",-0.81,4730
Personnel aimable. Merci à Kaoutar S pour sa patience et son aide 🙏.,0.96,4731
"Le service client laisse à désirer, et la connexion internet est catastrophique : j’ai opté pour le forfait portable, et elle est vraiment mauvaise. Toutes les nuits, je n’ai internet que par intermittence, entre 10 h et 20 h.",-0.98,4732
"Merci Latifa et Abdallah. Excellent service client, très satisfait. Je recommande vivement cette agence Inwi.",0.97,4733
"J'ai reçu un message me demandant de payer ma mensualité au bureau. Je me suis rendu au bureau à 16h30, mais il était fermé alors qu'il aurait dû être ouvert. J'ai attendu 40 minutes et personne n'est venu m'ouvrir, je n'ai donc pas pu payer ma mensualité.",-0.67,4734
Expérience excellente. Sousane Abdellah est une vendeuse formidable et très serviable ! Merci ✨,0.98,4735
"Le personnel était très agréable et sympathique, nous nous souviendrons certainement de notre expérience avec la personne qui s'est occupée de nous !",0.77,4736
"Ils m'ont arnaqué en me mentant qu'il n'y avait pas d'autre solution pour recharger ma carte SIM, sauf un prix exorbitant. N'allez surtout pas dans ce magasin. Inamical et arnaqueur !",-0.83,4737
Belle publicité : Abdellah SOUSANE,0.89,4738
"Personnel super professionnel, serviable et compétent ! J'ai trouvé les modems 4G que je cherchais partout ! Merci beaucoup !",0.98,4739
Service client défaillant ! Le personnel aurait besoin d'être formé pour comprendre et aider le client. Très décevant. J'ai acheté un Wi-Fi.,-0.85,4740
"L'attente est parfois longue, mais au final le service est bon.",0.87,4741
"Ils ignorent complètement la vente d'abonnements prépayés, inventant mille excuses pour vous forcer à en acheter pour deux mois.",-0.81,4742
Wlad l97ab kankheles 250 dh ou tal9in Lina 5mb ya wlad l97ab ya chfara,0.5,4743
Service client déplorable. Je ne le recommande pas.,-0.75,4744
Très mauvais service client. Je ne le recommande pas. Très mauvais service client Je ne le recommande pas,-0.87,4745
Le pire réseau de tous les temps,-0.66,4746
Une excellente agence dotée du meilleur réseau qui soit.,0.97,4747
Excellent accueil,0.97,4748
Le service est plutôt lent.,0.0,4749
haut,0.56,4750
La demoiselle a tout expliqué et s'est montrée professionnelle.,0.56,4751
Service 0,0.58,4752
C'est bon,0.97,4753
Beau,0.59,4754
En résumé : Service nul. Injoignables. Promesse de rappel sans jamais rappeler. Manque d'informations chez les personnes d'accueil...etc,-0.74,4755
"Très mauvaise expérience avec cette agence Inwi. J’y suis allé deux fois pour régler un problème de Wi-Fi, mais aucune solution concrète. Le service client m’a demandé de changer la carte SIM, pourtant l’agence prétendait ne pas en avoir,",-0.96,4756
"Très mauvaise expérience avec l'agence Inwi de Marjane route casablanca. Je suis vraiment déçue du service. L'équipe ne semble pas savoir gérer correctement les dossiers, et le personnel manque de professionnalisme. J'ai dû attendre",-0.97,4757
"Très mauvaise expérience dans cette agence INWI. Le personnel est désagréable, peu professionnel et ne respecte pas les clients. J’ai été mal accueilli(e), mal informé(e), et traité(e) avec un manque total de",-0.98,4758
"La boutique a changé, devenant un local grand et accueillant, ouvert les dimanches. Le personnel est très très serviable, je n'ai jamais vu un service aussi",0.81,4759
Le personnel est incompétent et désagréable et ce dans les deux Inwi visité à Majorelle. De plus il n'ont même pas de box en stock pour échanger votre box défectueux.,-0.76,4760
"J'ai été extrêmement impressionné par la qualité du service client chez Inwi. L'agent qui m'a pris en charge Mr Karzouti Mourad a été très professionnel, courtois et surtout, très efficace pour résoudre mon problème configuration 4g sur",0.97,4761
"Hyper longue attente car elles discutent entre elles, sont sur leur téléphone et quand c'est enfin votre tour après une très très longue attente elles refusent de vous donner ou vous vendre une puce alors que 5 min avant elles en avaient",-0.62,4762
Pourquoi un numero si il est toujours éteint,-0.47,4763
"La dame au sein de l’agence n’a pas su m’aider , elle a meme pas tenter de récupérer le numero de ma ligne pour voir mon soucis alors que le service client m’avais orienté de me diriger vers l’agence , ni elle a essayer de me retenir en",-0.49,4764
"La dame qui est a cette agence connait les produits, les offres et les contrats de inwi mieux que personne! 1 - Elle m'a aide a localiser les agences qui vendent le modem d'alcatel que",0.75,4765
"Excellent service avec beaucoup de professionnalisme de la part de mademoiselle Fadela Baamoudi he tiens à la remercier de m’avoir aidé a résoudre mon problème, je la recommande fortement 👏🏼",0.89,4766
Je peux pas payé ma facture par carte ci nulle comment on peux avoir agence son cmi j ai pas de cash je peux  pas payé ci null,-0.51,4767
Très mauvais service irrespectueux,-0.98,4768
Du jamais vu Une agence qui vous oriente vers la concurrence... L'incompétence en personne,-0.55,4769
"Le service est d'une lenteur inadmissible, je ne recommande pas",-0.63,4770
Une mauvais expérience Accueil de mauvaise qualité Agence à éviter,-0.96,4771
Tu peut pas payé les fature chez eux,-0.59,4772
Le meilleur service client de tout Marrakech. Ils prennent le temps de vous écouter attentivement et font tout leur possible pour résoudre votre problème ou vous orienter vers la solution la plus adaptée.,0.92,4773
"Cette agence est un désastre. Mme Kensoul n'a même pas daigné me regarder ; elle s'est contentée de me dire qu'il n'y avait pas de connexion, c'est tout. Ailleurs, on m'a laissé patienter et on m'a expliqué que la fibre optique serait",-0.8,4774
J'ai utilisé ce service pendant tout un mois il y a 3 ans.,0.48,4775
Je n'ai trouvé personne. J'ai attendu plus de 15 minutes.,0.0,4776
Un des pires services que j'aie jamais vus ; ils ne connaissent rien.,-0.68,4777
Aucun problème avec le service et la carte SIM de données 👍,0.0,4778
Il ne répond pas !! Service m9awda 3lih wa chokran,-0.53,4779
C'est bon,0.97,4780
Service très lent sans raison apparente.,0.0,4781
Vous ne pouvez pas payer vos factures de téléphone ici.,-0.4,4782
bien,0.96,4783
"J'ai eu une excellente expérience avec cette agence et toute son équipe. Dès le départ, ils ont fait preuve de professionnalisme, de réactivité et d'une réelle compréhension de nos besoins. La communication était toujours claire et ils ont",0.86,4784
0 services 0 respect de temps 0 respect es clients,0.72,4785
"Ma récente visite à cette agence Inwi a été extrêmement décevante. Après un trajet de 15 km pour arriver à l'agence la plus proche, je m'attendais à un service professionnel et amical, mais malheureusement, ce n'était pas du tout le cas.",-0.8,4786
"le pire agent Inwi que l'on puisse trouver... à un problème de réactivation du service, la jeune fille a répondu, trop occupée et dérangée pour regarder le réseau social ""appelle ce numéro je n'ai pas le temps"" ce personnel est choisi",-0.84,4787
"Apparemment, les agents de inwi sont tous des fainéants, surtout celle-ci et celle de bab hmer. Tu peux aller faire la queue pour le même problème pour des dizaines de fois sans arriver à une solution. Inwi à de l'art de choisir un tel personnel.",-0.46,4788
Une agence de l'opérateur Telecom INWI bien placée géographiquement. Malheureusement trop étroite et il n'y a qu'un seul agent pour vous servir. Si vous  pressée je ne vous la conseille pas. Mais reste bien utile.,0.39,4789
J'ai été accueilli très aimablement et la personne présente à résolu mon problème.,0.94,4790
Fermer  à l'heure  d'ouvert Pas de respect au client,-0.41,4791
Parfaitement pour moi,0.89,4792
Pas mal service,0.0,4793
Manque des caméras surveillances.,0.39,4794
Bien,0.75,4795
Manque d'ordres !,0.47,4796
Un bon réseau,0.96,4797
Service top,0.7,4798
"Le mercredi 20 août 2025, j'ai vécu une très mauvaise expérience avec deux vendeurs de cette agence. Ils m'ont traité avec une indifférence totale, alors même que je souhaitais acheter un boîtier Wi-Fi et souscrire un abonnement.",-0.97,4799
"Vous vous comportez comme des monstres et vous n'avez aucune idée de ce qu'est le service client. Franchement, vous ne méritez pas qu'on ait affaire à vous.",0.0,4800
"Ils ne vous aideront pas s'ils ne touchent pas de commission. Par contre, si vous voulez acheter quelque chose, ils seront ravis de vous aider puisqu'ils reçoivent une commission. Le service est déplorable et ils font semblant de ne rien comprendre pour que vous repartiez sans rien demander.",-0.78,4801
"Ils sont gentils, mais ils ne parlent que français et pas très bien, ils nous ont aidé à régler un problème avec la carte de manière satisfaisante même si nous sommes arrivés à l'heure de fermeture.",-0.76,4802
C'est une arnaque ! N'y allez pas ! Je me suis fait arnaquer et je n'ai pas reçu internet. 😭😭😭,-0.92,4803
Le personnel est très calme 😂 après qu'une femme africaine devant moi ait crié et crié sur la femme derrière pendant au moins 15 minutes et ils ont réglé mon problème avec la carte SIM de données 👍,-0.94,4804
Ils ne m'ont pas rendu ma carte d'identité.,0.0,4805
Ils étaient très aimables et ont résolu le problème rapidement.,0.78,4806
"Uniquement pour les téléphones à paiement de factures à vendre, très peu",0.45,4807
"Ce numéro ne fonctionne pas, veuillez le modifier.",-0.4,4808
Incompétent et non professionnel,-0.48,4809
Ce fut une expérience merveilleuse,-0.62,4810
Bien,0.75,4811
Mifle,0.52,4812
bien,0.96,4813
"mauvais endroit, ni sens de responsabilités ni professionnalisme",-0.82,4814
Mauvais souvenir J'ai payé un branchement d adsl (internet) depuis 8 mois et j. Attend toujours à vous de juger,0.52,4815
Si tu veux faire un abonnement Inwi . Très bonne service et pas loin de magdonal sidi abbad,0.84,4816
"Personnel aimable , professionnel et accueillant.",0.95,4817
agence operateur inwi,0.49,4818
J'ai réussi à faire ce que j'avais à faire ce que je voulais,0.55,4819
Personnel qui manque du professionnalisme 👎🏻,-0.67,4820
Iwn agence portes de Marrakech,0.49,4821
Tout le temps fermé,0.42,4822
Service laisse à désirer,-0.62,4823
Bon service.,0.95,4824
Nul,-0.4,4825
Non,0.0,4826
Bon service,0.92,4827
"Le personnel est exceptionnel et très serviable. De plus, ils parlent plusieurs langues, ce qui est très pratique si vous êtes étranger !",0.82,4828
L'agence Inwi... compte deux agents sur place et il n'y a pas grand-chose à y voir à part payer pour quelque chose.,0.0,4829
Leurs services sont nuls 😩😩😩 Ils vendent de la publicité et des discours. Je me suis abonné et je le regrette amèrement !,-0.82,4830
Irresponsabilité et comportement non professionnel 👎🏻,-0.77,4831
"Le service de W9 est déplorable, la connexion internet est catastrophique et le service client d'INWI est tout simplement exécrable. Pfff !",-0.94,4832
L'affaire était excellente,0.99,4833
Les employés qui agissent de manière professionnelle,0.57,4834
Mauvais service,0.57,4835
incroyable,-0.49,4836
"Ils font de leur mieux les pauvres , c 'est le grand siège de la dite inwi qui ne font rien pour améliorer les choses .",-0.67,4837
"Service abonnement internet telephonique, en faite tous les services loee a l'operateur INWI sauf un espace pro",0.39,4838
"Franchement, il y a un travailleur dans cette agence qui ne mérite pas d'être le visage d'une entreprise qui traite honteusement",-0.48,4839
Dommage on ne peut pas mettre 0 étoile.,0.0,4840
"Service un peu long, mais généralement cv",0.47,4841
Très bien,0.99,4842
"Agence Inwi, payer facture",0.41,4843
Parfait,0.8,4844
Bon service,0.92,4845
Travail,0.57,4846
Ils ont une bonne alimentation et sont soucieux de la propreté.,0.96,4847
"Pendant mon voyage, j'ai acheté une carte SIM prépayée à 2 € avec un crédit de 5 €. J'avais largement assez d'internet et d'appels. Le vendeur ne parlait pas espagnol, mais on arrivait à se comprendre. Il a configuré ma carte SIM car ma connexion internet ne fonctionnait pas.",-0.42,4848
"Que Dieu vous bénisse, quelle agence formidable ! L'endroit est très bien organisé et le service est rapide et agréable. Tout cela grâce au monsieur qui y travaille ; c'est une des personnes les plus gentilles que je connaisse. Je crois qu'il s'appelle Radwan ou Marwan.",0.93,4849
"Vous nous bloquez et nous coupez la connexion internet. Nous avons fait tout le trajet jusqu'à la porte pour vous trouver en train de nous bloquer, nous laissant sans Wi-Fi.",-0.51,4850
Mon expérience avec l'internet par fibre optique d'Inwi a été catastrophique. Je ne les recommande pas car leurs délais de traitement sont interminables. Nous sommes le 15 et le technicien n'est toujours pas venu.,-0.84,4851
Dart adsl exta 3tawni rotor 9diiiiim,0.48,4852
Il est situé à proximité d'un atelier de réparation de vélos et près de la porte menant au centre commercial.,0.38,4853
L'endroit est sale ; vous devriez contacter un membre du personnel de nettoyage.,0.43,4854
C'est bon,0.97,4855
Fourniture de services de télécommunications,0.48,4856
Très agréable,0.8,4857
"Bon endroit avec un bon agent d'intérim, merci.",0.97,4858
Fournir tous les services,0.75,4859
Chfara,0.52,4860
réception médiocre,0.55,4861
Service client 0,0.51,4862
"Zéro, la foule et Sir Tatji",-0.67,4863
Toujours Système tay7 😵👎🏼👎🏼👎🏼,0.55,4864
Mauvais service,0.57,4865
Merci Mourad,0.73,4866
Agence Inwi,0.47,4867
"Dommage que je ne peux pas mettre 0. Arnaque sur la vente de carte SIM dans cette boutique INWI. Elle te propose 30€ tout illimité, mais en réalité, tu as 2Go, puis impossible de téléphoner.",-0.57,4868
"ARNAQUEEE !! Vous payez 200 dirhams pour 20Go, et le forfait s’épuise avant. Si vous appelez le service client ils vous diront d’envoyer une réclamation qui vont traiter en",0.51,4869
"Je suis d'accord avec les autres commentaires, ce kiosque semble être une vrai arnaque. Pour information, vous pouvez demander à avoir une carte sim vierge, on vous la remettra gratuitement (et il est sûrement possible de la recharger",-0.75,4870
Je me suis fait arnaquer par deux vendeuses inwi avant même d’être sorti de l’aéroport . J’achète 4 puces inwi avec recharge au stand inwi arrivée aéroport Marrakech,-0.47,4871
"DES VOLEURS ! Je viens pour acheter une carte SIM neuve avec un crédit de 10GB de data, deux semaines plus tard je j'ai plus rien et quand j'appelle le service client, ils",0.42,4872
"INWI stand de l’aéroport de Marrakech se sont des arnaqueurs  professionnels , j ai payé 200 dirhams de forfaits internet pour un mois mais ils ne l’ont jamais activer, surtout ne jamais quitter le stand tant que vous ne voyez pas un text",-0.63,4873
Je tiens à vous partager mon expérience avec Orange boutique aereport marrakech.  J ai pris une carte sim. J ai payé 200 dh de recharge....pour 20 giga internet,0.63,4874
"Comme d’autres commentaires, mauvaise expérience. Les 2 filles montré sur la photo d’un autre commentaire veulent vous vendre une recharge à 200dh sans chercher à savoir si c’est ce que vous avez besoin. Désagréables au plus haut point,",-0.97,4875
"Personne arrogante, indique qu'ils prennent la carte bancaire, puis au moment de payer ne veulent prendre que des espèces.",-0.82,4876
"5 puces achetées à 20€ chacune, est aucune de recharger. Des vrais voleuses !!!",0.46,4877
"« Service » hyper bâclé. On peut même dire hypra bâclé. Direction de Inwi, reprenez ça en main. Pas la peine d’investir autant d’argent en panneaux publicitaires pour détruire tout ça en deux trois remarques destinées uniquement à se débarrasser du client.",-0.56,4878
Dommage je ne peut pas vous donner zéro étoile Mefiance...mefiance...mefiance Leur stand de l aeroport est tenu par des filles arrogantes,-0.53,4879
Arnaques ils ont donné à mon fils une carte qui devait être illimité à 50 euros elle li à regarder que 20  éviter l arnaque commence dès l arrivé,-0.55,4880
"Arnaque, à fuir. On partage notre data avec d'autres utilisateurs. Prenez orange ou Maroc Télécom si vous allez au Maroc",-0.68,4881
Des gros gros voleurs !!! Ils nous proposent 200dhr pour avoir un internet illimité mais cela se repeigne avant la fin du séjour car en réalité ce n’est que 2gb qui proposent !!!  À FUIR !!!,0.71,4882
"Madame a l’accueil super sympa, service rapide, elle présente le valeur de la carte sur le téléphone que je lui ai confié, elle m’a remis la carte SIM avec le code pin et le code PUK: j’ai demandé une valeur de 300dh pour 72go uniquement",0.88,4883
"Soyez prudent lorsque vous achetez une carte SIM ici, car vous pourriez vous faire arnaquer, comme cela m'est arrivé. Assurez-vous qu'elle fonctionne parfaitement avant de partir. Il est préférable d'en acheter une place Jamaa Fna. Orange est un meilleur choix.",0.64,4884
"Carte SIM vendue à 200 dirhams alors que sa valeur réelle est de 50 dirhams, et même clonée car ce numéro appartenait à un garçon depuis 4 ans  À signaler",0.42,4885
"Arnaque pure et simple. On nous a dit qu'avec 400 DH, on aurait 20 Go chacun, mais on n'en a eu que 2. Le personnel du stand Orange à côté avait l'air sympa.",0.0,4886
"Arnaque ! Je devais avoir 30 Go de données pour 20 €, mais je n'en ai eu que 6. C'est très désagréable et choquant que ce soit autorisé dans un aéroport international.",-0.89,4887
"Je voulais aller voir les différents stands de cartes SIM pour voir les prix, et j'ai remarqué qu'ils étaient tous les mêmes. Mais le plus dur, c'est que lorsque je demandais les prix, ils parlaient arabe, un arabe grossier. Ils ne savaient",-0.74,4888
"ESCROCS ! J'ai eu tort de ne pas avoir lu les avis. Ils m'ont facturé 20 euros pour une carte SIM 2G. En dehors de l'aéroport, on peut en obtenir une partout pour 5 euros pour 20 G.",-0.48,4889
"Une expérience formidable à la boutique Inwi ! Le personnel était accueillant, serviable et très professionnel, toujours prêt à répondre à mes questions et à m’aider à choisir la meilleure option. L’atmosphère est moderne et chaleureuse, et",0.96,4890
"Nous avons passé un bon moment pendant nos 5 jours au Maroc, le seul bémol était que c'était beaucoup plus cher à l'aéroport qu'en ville, et nous nous sommes sentis un peu arnaqués.",-0.5,4891
"L'employée semblait proférer des injures ou m'insulter. Dès que j'ai demandé le prix, elle m'a demandé de lui passer mon téléphone. Pendant qu'elle changeait la carte SIM, elle m'a annoncé le prix : 20 €. Mais sans plus de précisions (par",-0.64,4892
Bienvenue au Maroc ! J'espère que vous avez apprécié votre première arnaque.  Vous ne lirez probablement pas ceci avant qu'ils ne vous volent  mais ils le,0.71,4893
***ARNAQUEURS***  Des arnaqueurs proposent des cartes SIM à 20 euros.,0.51,4894
"Je me suis fait arnaquer. J'ai payé pour une carte SIM censée avoir 20 Go de données, mais elle n'en avait que 2 et ne fonctionnait même pas. Je vous recommande cet endroit si vous voulez vous faire arnaquer et si vous voulez des cartes SIM qui ne fonctionnent pas. De plus, on ne peut payer qu'en espèces.",-0.6,4895
"ARNAQUE !  Avant de partir pour le Maroc, on nous a conseillé d'acheter une carte SIM à",0.6,4896
"Allez dans une boutique en ville ; le personnel ne vous proposera qu'un forfait minimum de 20 Go pour 20 euros, et d'autres avis indiquent que le contenu ne correspond même pas à ce pour quoi vous payez. En revanche, l'installation en ville a été très simple et j'ai obtenu 11 Go, appels et SMS inclus pour 100 dirhams sur 30 jours.",0.0,4897
"N'achetez surtout pas de cartes SIM à l'aéroport. On m'a volé 20 euros pour une carte et on ne m'a même pas fourni de forfait internet. Le personnel était très désagréable et incompétent. En centre-ville, dès la sortie du bus de l'aéroport,",-0.72,4898
"J'ai acheté une carte SIM ici à mon arrivée. J'ai laissé mon téléphone au personnel et je suis allé retirer de l'argent pendant qu'il était chargé. Entre-temps, ils ont confondu ma carte SIM d'origine (pays d'origine) avec celle d'un autre",-0.44,4899
Nous sommes arrivés vers 23h45 et il y avait un stand qui distribuait des cartes SIM gratuites. J'avais lu des avis et je n'ai pas eu besoin de recharger ma carte. C'est un peu stressant de se faire prendre en photo pour son passeport avec,-0.58,4900
J'ai récupéré des cartes SIM gratuites et je les ai rechargées dans une petite épicerie près de mon hôtel. 10 MAD pour 1 Go.,0.41,4901
"N'utilisez pas ce service. Ils facturent trop cher et fournissent des cartes SIM avec peu de données, ce qui vous fera vite manquer de données. Nous sommes allés chez INWI en ville et avons dû recharger quelques jours après avoir payé 20 € pour ce qui était censé être de la 10G.",-0.8,4902
"J'étais au comptoir il y a quelques mois, le service était déplorable : ils ne semblaient pas s'intéresser aux clients ni répondre aux questions, ils étaient trop occupés à jouer sur leur téléphone. Du coup, je suis allé aux autres guichets.",-0.89,4903
"À éviter absolument : service irresponsable et peu fiable. Nous avons payé 20 € pour 20 Go de données et 3 heures d'appels inclus. Après 1,15 Go et 15 minutes d'appels, la carte SIM a cessé de fonctionner en pleine nature. Impossible",-0.54,4904
"Ce sont des escrocs et des malhonnêtes, et ils ternissent la réputation du pays en vous obligeant à payer 200 dirhams supplémentaires même si votre séjour au Maroc ne dure que deux jours.",-0.89,4905
Tout va bien. 10 € 20go,0.92,4906
Expérience horrible ! Le prix varie selon le nombre de participants. Trop cher et le service est médiocre. Internet est lent.,-0.97,4907
Avait lklab makijawboch 3la aseila barin ri idiw lik flosk tfo 3la service 🐕‍🦺🐕‍🦺🐕‍🦺🐕‍🦺🐕‍🦺🐕‍🦺,0.44,4908
"Ils essaient de vous arnaquer et de vous faire payer en euros ou en livres sterling, PAYEZ EN MAD !",-0.65,4909
Service déplorable. Ils m'ont volé ma carte mémoire !,-0.84,4910
Internet fabriqué au Maroc...,-0.49,4911
ESCROCS,0.53,4912
Peu aimable et peu disposé à aider.,0.38,4913
"Le 23 mai 2025, j’ai reçu un message de la part de l’opérateur INWI m’informant, en tant que client fidèle, de l’éligibilité à une offre de remplacement gratuit du routeur Wi-Fi. L'opérateur m'invitait à me rendre dans une agence avec",0.62,4914
"Nul de chez nul, il faut se méfié des personnel là bas, ils signent les contrat à la place des abonnés, ainsi le plus grave ils m'ont donné la box sans signature, ils sont bcp de contrant non signé pareil, il les pauvres font deq va est viens pour avoir le service",-0.82,4915
L'agente quu travaille la bas n a aucun professionalisme. Elle m a fait attendre une demi heure en faisant semblant qu'elle remplit des documenta pour que a la fin me dit que le service que je veux n'est pas possible pour le moment.,-0.48,4916
L'agent en charge des clients pour ce moment est le meilleur que j'ai pu voir jusqu'ici. Que Dieu le bénisse,0.94,4917
Bon rêve les plus café dont toucher à vent posé la signature,0.92,4918
"Agence de téléphone les offres pour internet dont intéressants, les employés sont excellents et compréhensives",0.96,4919
Je trouve ici de bonnes services,0.96,4920
Petite boutique de service,0.6,4921
Bien,0.75,4922
Parfait,0.8,4923
Bon service,0.92,4924
😂😂,0.42,4925
Bien,0.75,4926
Connexion 0,0.53,4927
Bon service,0.92,4928
"Service déplorable, non-respect des horaires de travail et fermeture prématurée 👎👎👎👎👎👎",-0.82,4929
"La pire agence ; le service est médiocre, surtout la personne qui répond au téléphone ; ils ne respectent pas le client ou sont partiaux.",-0.82,4930
"La pire agence en termes de service client ; une étoile ou plus, c'est déjà trop pour eux.",-0.52,4931
"Un utilisateur grossier, se moquant des gens, un serviteur forcé",-0.75,4932
"Le pire service client que j'aie jamais vu. C'est une véritable arnaque, tant de la part d'Inwi que du service client.",-0.84,4933
Je n'ai pas reçu les informations demandées. Service 000,-0.42,4934
"Bon service, grâce à la disponibilité du personnel.",0.99,4935
La couverture n'inclut pas toutes les zones,0.0,4936
"Je suis passé devant, mais je ne suis pas entré.",0.0,4937
Bon service client,0.87,4938
Aucun problème.,0.0,4939
Goode,0.95,4940
Akbra matrilan chathom,0.51,4941
Problème de points mensuels,0.55,4942
Beau,0.59,4943
Bon Service client,0.82,4944
milieu,0.52,4945
Communications et mobilisation,0.64,4946
"Une petite agence, mais ses services sont excellents et excellents. L'employée de l'agence est une personne décente et aime son travail. Excellents services en termes d'explication et de priorité à un client, en termes de gentillesse dans les relations avec les clients et en donnant plus détails...",0.98,4947
Parfait dans les réponses l'employé est courtois et rend les services demandés très bonne agence,0.64,4948
"A éviter, service nul",-0.45,4949
Très bien,0.99,4950
Très bien situé,0.95,4951
VERY BAD SERVICE PFFFFFFFFFFF,0.58,4952
Service excellent bravo,0.99,4953
Bon service,0.92,4954
Service déplorable ! La personne qui y travaille ne respecte pas les clients.,-0.95,4955
Un employé incompétent qui oriente les clients vers d'autres agences. Quelqu'un qui ne veut pas travailler et me dit d'« aller me coucher ». Pour m'enfuir.,-0.71,4956
"Un endroit idéal pour tout ce qui concerne Inui et les téléphones portables. En tant que touriste, j'ai été très bien accueilli par le personnel, qui a fait preuve d'une grande patience pour résoudre un problème que je rencontrais. Un grand merci à eux !",0.88,4957
Excellent service de la part du responsable du bureau. Il traite chaque client avec le respect qu'il mérite.,0.96,4958
J'ai été mal traité par l'agence.  J'ai découvert que mon numéro de téléphone était enregistré au nom d'une autre,-0.91,4959
Annas est la MEILLEURE !!!! Elle m'a aidée à résoudre tous mes problèmes !!!,0.49,4960
Charmante terrasse donnant sur les jardins Majorelle. Service très aimable.,0.9,4961
Le jeune homme qui nous a accueillis nous a offert un excellent service. Un grand merci à lui.,0.99,4962
Service déplorable. Très peu de temps à l'heure.,-0.83,4963
"Bon service, merci les filles",0.96,4964
traitement de qualité inférieure,0.0,4965
Bon service,0.92,4966
Parfait,0.8,4967
"Accueil très peu chaleureux. De plus, le responsable de l'agence est de très mauvaise fois et donne volontairement  de fausses informations au client. Il y a d'autres agences Inwi dans le périmètre....",-0.96,4968
Petite agence avec un personnel très efficace et sympa. Le stricte nécessaire.,0.8,4969
Fermer définitivement,0.42,4970
Carte Sim gratuite,0.77,4971
Trop d'attente,0.43,4972
"Hautement recommandé, même pour les visiteurs de Marrakech !  19 janvier 2026 : J'ai acheté 10 Go (+1 Go offert) de données mobiles et une",0.7,4973
La personne qui travaille dans cette agence Inwi m'a semblé très aimable et m'a aidée jusqu'à ce que ma carte SIM soit activée et fonctionne parfaitement. Je reviendrais sans hésiter.,0.75,4974
"Nous avons acheté une carte SIM pour une semaine de vacances dans une petite boutique d'opérateurs. L'offre la moins chère coûtait 50 dirhams pour 11 Go (valable un mois). Il y avait un seul vendeur et une file d'attente, nous avons donc dû",-0.58,4975
"J'ai pu acheter une carte SIM ici à un prix bien inférieur à celui pratiqué dans la plupart des boutiques de la médina. Environ 49 dirhams pour 11 Go valables 30 jours, carte SIM incluse. Ils proposent d'autres forfaits. Ils acceptent les",0.57,4976
"Le gérant de cette boutique était très aimable. Il m'a vendu une carte SIM pour 50 dirhams, avec internet pour une semaine. Il m'a demandé mon passeport pour l'enregistrer. Il a été très gentil et compréhensif malgré le fait qu'il ne parlait pas la langue. Je le félicite pour son excellent service et son accueil des touristes.",0.45,4977
Service impeccable !  Je recommande cette boutique.,-0.52,4978
Bons services pour les nouvelles cartes SIM et les informations,0.92,4979
Boutique de télécommunications pour acheter une carte SIM avec un forfait Internet à des prix bon marché et un bon service du personnel,0.94,4980
"Cette agence n'a aucun lien avec l'entreprise ; leur service est déplorable, à l'image de l'entreprise elle-même. Ce sont tous des voleurs ; je vous déconseille fortement de faire affaire avec eux.",-0.77,4981
50% moins cher que la carte SIM à l'aéroport,-0.43,4982
"Ils parlent anglais, service rapide et aimable !",0.96,4983
"Ouverture à 10h, il est tard !",0.54,4984
Très mauvais traitement des utilisateurs,-0.96,4985
Endroit agréable. Excellente carte. Terrasse.,0.96,4986
Pas trop de choses,0.0,4987
Chfara,0.52,4988
Bonne connexion,0.93,4989
ISO faible,0.44,4990
Marques de téléphones à Marrakech,0.49,4991
"Fortement recommandé, idéal pour les touristes. L'obtention de la carte SIM a été rapide (quelques minutes) et nous avons bénéficié de 11 Go de données et d'une heure d'appels pour 70 MAD, soit environ 7 € (il s'agissait apparemment d'une promotion ; le prix normal est de 100 MAD).",0.72,4992
Service clients nul Ça fait 3 jrs que j'ai payé mon fibre  et les techniciens n'ont pas encore arrivés,-0.53,4993
inwi nous a menti et nous a trompés nous a fait attendre Internet et nous étions avec une société de télécommunications et leur avons demandé de couper voire de se livrer à des effluents inwi mais malheureusement nous reviendrons vers eux.,-0.85,4994
Il y a un trés bon service,0.95,4995
L’accueil très très mal,-0.93,4996
Personnel peu acceuillant.,-0.37,4997
Employés professionnels et accueillant,0.89,4998
Le système est toujours en panne,-0.5,4999
Ça va,0.36,5000
Service médiocre,0.66,5001
Service nul,-0.45,5002
Nul,-0.4,5003
Pas de telephones,0.0,5004
Agence Serviable,0.55,5005
Bravo,0.92,5006
Merci,0.86,5007
Zéro professionnalisme !  Conseillère impoli !!! Un problème technique qui dure depuis plus de 20 jours en plus un service clients irrespectueux  du jamais vu ; la conseillère à la boutique a eu l’audace de nous inviter à résilier si on,-0.91,5008
Service client déplorable 👎🏻,-0.79,5009
Num mkhadmach dyrinha bl3ani,-0.4,5010
Pourquoi dois-je débourser de l'argent pour obtenir une carte SIM à mon nom ? N'avons-nous pas le droit d'obtenir une carte à notre nom sans débourser de l'argent ?,-0.49,5011
Je m'y suis rendu le samedi 30 avril 2022 à 13h pour demander à recharger mon compte InwiMoney et la fille m'a répondu négativement avec un sourire ! Je suis complètement insatisfait de son attitude non professionnelle !,-0.95,5012
Le pire réseau de tous les temps 👎,-0.65,5013
Les agents n'ont pas pu m'aider à résoudre mon problème malgré la fourniture de mon contrat et de mes factures.,-0.6,5014
"Bon emplacement, bon service mais l'attente est longue.",0.87,5015
Le niveau est extrêmement bas. Je veux connaître le nom des sœurs qui y travaillent ; je veux porter plainte contre elles.,-0.62,5016
Le service est bon. L'endroit est moderne. Très pratique,0.96,5017
Nadine ✌🏻🩷❤️,0.5,5018
Personnel agréable et bon service,0.96,5019
Il n'existe pas de hérissons lisses.,0.0,5020
Num makheddamach,0.41,5021
Bon traitement,0.86,5022
Inwi,0.52,5023
Bon service,0.92,5024
Service magnifique,0.85,5025
👍,0.42,5026
excellent,0.97,5027
incroyable,-0.49,5028
Inwi est excellent,0.96,5029
Cette agence est médiocre et peu professionnelle ; le personnel est désinvolte. Je suis allée a consulter une réclamation et personne ne m'a reçue un utilisateur a répondu de manière impolie : « Contactez le service client. ». Une autre,-0.8,5030
Accueil indigne d une grande entreprise.... Agent à la limite de l agressivité,0.48,5031
"Agence toujours pleine donne idée sur la qualité du service de cet opérateur 20 mn d'attente au minimum, service très lent, manque du personnel Ferme à 19h30",-0.46,5032
Petit local (comme agence). Personnel efficace mais débordé par le nombre de clients. C'est la seule agence de proximité à Mhamid.,-0.39,5033
Nous avons voulu rendre la boxe 4g que nous avions acheté dans cette boutique. Les vendeurs de la boutique nous ont indiqué que leur logiciel ne fonctionne plus à partir de 13 heure et qu’il n’était donc pas possible de rendre la boxe,-0.53,5034
"L’accueil très très très mal, très mal service",-0.94,5035
0 servis toujour les meme arguments pas de conexiont...sesteme empagne.......0/0,0.0,5036
Bon endroit pour payer ses factures inwi Des collaborateurs dynamique est sympa,0.69,5037
"Près de chez moi, ils sont sympa et vous dépanne...",-0.63,5038
Il faut ajouter une autre agence a mhamid ?! Une ne suffit ps,-0.51,5039
Facile à trouver et bon espace pour les clients,0.94,5040
Il y''a pas de chaise d'attente,0.0,5041
Je ss pas pourquoi il ferme a 19:00 h!!!?,0.0,5042
Toujours plein des clients par ce que un seul du personnel pour trentaine des clients,0.55,5043
Agence minable. Ne rend pas service aux clients.,-0.8,5044
"Payement,abonnement ,pour société de communication inwi.",0.57,5045
Négative . horaires pas respecté,-0.59,5046
Bonne reception et bon service,0.99,5047
Salam est une bonne,0.91,5048
Service assez bien,0.97,5049
Il faut patienter,-0.45,5050
Bon,0.91,5051
Nul,-0.4,5052
Bien,0.75,5053
Mauvaise expérience,0.5,5054
Service nul,-0.45,5055
Satisfait,0.89,5056
Pas de stock,0.37,5057
Lieu étroit,0.55,5058
Bad service.,-0.52,5059
Service nulle,-0.48,5060
Des arnaqueurs,-0.5,5061
🙅🏼‍♂️🙅🏼‍♂️🙅🏼‍♂️🙅🏼‍♂️🙅🏼‍♂️🙅🏼‍♂️,0.42,5062
Une perte de temps et d'argent totale. Le personnel était incompétent et ignorait tout des procédures de base. L'employée ne savait même pas comment imprimer le contrat. J'ai dû faire son travail à sa place et lui demander de tourner l'ordinateur portable vers moi pour pouvoir l'imprimer moi-même.,-0.73,5063
"Service : 0, Transactions : 0, Emplacement : 0, Places assises dans le salon client : 0, Propreté : 7/10, Rapidité de traitement des commandes : 0",0.61,5064
Je suis allé me ​​renseigner sur le Wi-Fi à la maison et il m'a dit d'aller demander à mes voisins s'ils en avaient un dans le quartier.,0.49,5065
Le personnel est compétent.  L'agence peut être bondée car c'est la seule du quartier d'Al-Mahamid.,-0.63,5066
Mauvais service  Je songe à quitter Inwi.,0.42,5067
Vous pouvez y aller le jour de Pâques sans faire la queue.  Ils ouvrent tard et ferment tôt.,-0.45,5068
"Je suis allé à l'agence Inwi de Marrakech pour récupérer ma carte téléphonique et j'ai payé 150 dirhams, mais elle ne fonctionne toujours pas. Quelle est cette négligence ? Nous sommes vos clients depuis longtemps.",-0.63,5069
"Je suis venu deux fois le même jour. La première fois, la porte vitrée était fermée et des gens étaient déjà à l'intérieur. La seconde fois, j'ai trouvé une quinzaine de personnes qui attendaient et un seul agent au guichet. C'est absurde",-0.79,5070
"Interrogé sur la possibilité d'installer la fibre optique, il a répondu : « On ne sait pas  Allez demander à vos voisins. » 👎",-0.5,5071
"Le magasin est complètement vide, sans aucun appareil à vendre.  Ni téléphones portables, ni routeurs.",0.0,5072
"Le personnel fait de son mieux, mais l'endroit est petit pour une seule agence couvrant une vaste zone comme Al-Mahamid, il y a donc foule et pas de chaises pour attendre.",-0.62,5073
"Les gars ici sont sympas, mais l'entreprise n'est pas fiable à mon avis.",-0.66,5074
ila ktter 3lihom bnadem kaygolo lik système tay7 bach issedrook...machi mrra whda,-0.52,5075
"Le pire fournisseur d'accès Internet du Maghreb a acheté 20 Go pour 200 dirhams et n'a jamais fonctionné plus de 24 heures. Il est plein de menteurs. Ne faites jamais confiance à ces gens-là. Ils ne savent pas gérer une seule plainte, sans parler de la gestion d'une grande entreprise de télécommunications.",-0.82,5076
"Service de qualité inférieure, 10 jours et pas de machine d'impression, les employés ici dans la région d'Al-Muhammad nuisent à la réputation de l'entreprise",-0.6,5077
"Un service de qualité inférieure, un favoritisme excessif et un népotisme parmi les employés de cette agence sont de qualité inférieure et nuisent à la réputation de l'entreprise.",-0.93,5078
Service ponctuel. Le travailleur met tout en œuvre malgré l'affluence.,0.49,5079
Les employées ne sont pas à la hauteur en matière de relation client.,0.0,5080
Le service est bon. Mais les horaires d'ouverture sont aléatoires.,0.93,5081
"Vous pouvez acheter une carte SIM ici, le personnel était aimable",0.78,5082
Longue file d'attente... Service déplorable.,-0.67,5083
Très mauvais 😞,-0.93,5084
Khdmo nas.. Mtkhliwch bnadm ysayn bswsy3,0.43,5085
Ce n'est pas sympa,0.0,5086
Non reputation aceuilante,0.0,5087
Bon service,0.92,5088
La3ya,0.54,5089
Longue attente,0.57,5090
J'ai attendu 2 heures,0.54,5091
Excellent,0.96,5092
Toujours bondé,0.75,5093
Ok correct,0.47,5094
Mauvais service,0.57,5095
incroyable,-0.49,5096
Bab Mallah Médine,0.51,5097
L’agent était désagréable et ne donnait pas les infos clairement. Pas contente du service nul nul nul 👎🏻👎🏻👎🏻👎🏻,-0.77,5098
"Je suis extrêmement déçu par le manque de professionnalisme et l'incompétence des agents de cette agence. Le service est médiocre, aucune résolution n'a été apportée à mes problèmes, et des informations erronées ont été communiquées aux clients. Cette expérience a été profondément décevante ❌️❌️",-0.93,5099
Déçu par la qualité de service. L'agent en charge n'était pas à la hauteur en termes de réactivité et de clarté. Des améliorations à apporter pour éviter ce genre de désagrément à l'avenir.,-0.43,5100
"Le non-professionnel et l'incompétence des agents surtout de cette agence comme jamais vu. service nul, pas de résolution et ils communiquent de fausses informations au clients , très déçu",-0.85,5101
"Un service n'est pas la hauteur Un employé ""Achraf"" il n'a pas ni le respect our les clients ni l'attitude pour gérer les clients.",0.0,5102
"Service médiocre, sur le site de Inwi on nous demande d aller à l agence, une fois a l agence l employé a sa propre version de comment les choses marchent, veux même pas écouter et fixe les règles.",-0.43,5103
"Très bonne équipe, le responsable d'agence est très réactif, compétent et de bon conseil. Je n'en dirais pas tant de certaines autres agences inwi.",0.9,5104
Agent serviable mais système inwi pas à la hauteur des concurrents,0.0,5105
"Service polis et vite, merci beaucoup 🥰",0.63,5106
le personnel est tres serviable,0.56,5107
Bon lieu,0.85,5108
Service clients disponibles et intéressés,0.73,5109
Bon accueil,0.95,5110
Sympa ET services bien,0.92,5111
Équipe jeune et dynamique,0.74,5112
Faible,0.4,5113
Bon service,0.92,5114
Mauvais service,0.57,5115
Bon service,0.92,5116
"Service client déplorable. À peine avais-je dit bonjour et posé poliment ma question que j'ai reçu une réponse extrêmement agressive, presque hurlante. Aucun désir ni capacité de fournir d'explications, et visiblement aucun intérêt à travailler.",-0.91,5117
Un employé incompétent qui oriente les clients vers d'autres agences. Quelqu'un qui ne veut pas travailler et qui me demande d'aller dans une agence à 20 kilomètres de chez lui. Pour fuir.,-0.76,5118
Le pire service client que j'aie jamais vu.  L'opérateur se comporte comme si on devait le payer juste pour qu'il nous parle.,-0.62,5119
"Service sympa, le gars sur place était trop accueillant et gentil. je recommande 👍",0.75,5120
"Mauvais service, même une étoile, ils ne la méritent pas",0.5,5121
J'apprécie leurs services.  J'y suis allé pour faire rectifier des documents relatifs au service réseau.,0.62,5122
Bon service,0.92,5123
J'en étais content.  C'est marrant.,-0.49,5124
Bon service.,0.95,5125
Comme,0.75,5126
Service rapide,0.73,5127
Carrière,0.53,5128
✌🏻✌🏻✌🏻,0.42,5129
"Personnel accueillant. Cependant,  les offres sont differentes de celles proposées sur internet d'une part et à Casablanca d'autre part de plus les prix pratiqués lors de ma visite sont difficilement justifiables, 250 MDH a Casablanca, 750 MDH à Marrakech pour une offre inférieure. Très discutable...",-0.59,5130
"Cela fait plus d’un mois et jusqu’à présent, aucun technicien n’est venu installer les équipements de la fibre optique, malgré les deux réclamations que j’ai déposées auprès de cette agence. Ce qui est étonnant, c’est qu’on m’a déjà envoyé",-0.69,5131
Tes bon service rien a reprocher,0.83,5132
"Très mauvaise agence, très mauvais opérateur. Je ne le recommande pas.",-0.96,5133
"Une excellente entreprise de télécommunications offrant des services performants à des prix avantageux. La qualité du réseau est bonne, et le service client ainsi que les abonnements sont rapides et pratiques. Leurs prix sont compétitifs,",0.98,5134
"La pire entreprise avec laquelle j'ai jamais eu affaire. Ils font n'importe quoi, empruntent du matériel aux voisins et prétendent que c'est de la fibre optique.",-0.64,5135
"Très mauvaise agence. Le vendeur fait une erreur mais c’est quand même au client de payer. C’est inadmissible. Je demande le même forfait que mon ancien forfait, et il m’a mit un autre",-0.98,5136
Pourquoi un numéros si il est toujours éteint et pourquoi un horaire si vous toujours ferme ?,-0.62,5137
Service nul et aucune réponse,0.0,5138
"Le service était déplorable et les explications étaient inexistantes. Cette entreprise est une véritable bande de voleurs et d'escrocs. J'ai payé 250 dirhams par mois pour le Wi-Fi, et après 20 jours, j'ai découvert que je devais débourser 361 dirhams supplémentaires pour Inwi et Orange. Ils sont pires que vous.",-0.94,5139
Service nul,-0.45,5140
Cette agence n'ouvre pratiquement jamais aux heures d'ouverture et le système informatique est souvent en panne. Il a fallu que l'on vienne 3 fois avant de pouvoir payer mon abonnement,-0.63,5141
service zéro et null ds cette agence,-0.46,5142
Très bien,0.99,5143
Inwi nuuuuuuul Non recommandés Services zeros,0.0,5144
J'ai passer  à côté et du magasin,0.57,5145
personnel très accueillant je recommande,0.9,5146
Je crois que c'est fermé,-0.65,5147
Acceuil désagréable malheureusement,-0.91,5148
Bien,0.75,5149
Mal service,0.37,5150
Rachid,0.62,5151
1/10,0.51,5152
Catastrophe,-0.7,5153
Service réseau 0 -0 ... 7ssen sedo l'agence,0.39,5154
"C'est trop lent et assurez-vous de recevoir votre commande immédiatement, n'attendez pas, sinon vous risquez de vous faire arnaquer et de perdre votre argent.",-0.53,5155
Des gens très sympathiques ! Excellent service ! Généralement très rapide. Climatisation ! Ils parlent anglais aussi.,0.97,5156
"Malheureusement, une agence a échoué. L'un des employés ne répond pas aux normes requises.",-0.85,5157
Mauvais service,0.57,5158
service 00 khdit men 3endhom wahd idar duo 5 jours oma khadamch tan mchi 3endhom,0.5,5159
Ce fut une expérience formidable et un succès.,0.98,5160
"Franchement, ils ne donnent pas toutes les informations, leur service est déplorable.",-0.72,5161
Hhh wifi tlmghrib,0.44,5162
Niveau inacceptable avec les clients,0.39,5163
"Toujours serviable, parlant anglais",0.55,5164
www.,0.47,5165
Bonne chance,0.95,5166
Petit mais professionnel,0.69,5167
Pour le remplissage,0.6,5168
Mauvais service..,0.54,5169
marhabzn,0.41,5170
Jmili,0.62,5171
Négatif,-0.7,5172
Correct,0.5,5173
incroyable,-0.49,5174
Service clients nulle,-0.57,5175
"Nous payons de l’argent, mais nous n’obtenons pas de service.",-0.46,5176
"Si vous voulez être déçu, vous êtes à la bonne adresse. Personnel incompétent, et service médiocre  À fuir !",-0.63,5177
La fille qui y travaille a une très mauvaise attitude. On a l'air qu'on vient la déranger dans son agence. 😂,-0.98,5178
Désolant que ce genre de service existe...mauvaise équipe + sim cart indisponible dans une agence inwi!!,-0.96,5179
Nul j'ai demandé une assistance depuis 1 mois et jusqu'à aujourd'hui je n'ai rien eu,0.0,5180
Pourquoi donner un numéro de téléphone qui n'existe pas ??!!,-0.49,5181
Je remercie yassine pour son service ainsi son acceuil,0.68,5182
Very nice employe,0.98,5183
abonnement,0.48,5184
Merci asmaa pour ton aimable accueil et ton service irréprochable,0.78,5185
"Oh, ça va vite ici, c'est petit, comme on dit en allemand, mais ça va. Il y a un arrêt tout près, même le Marjane. J'ai demandé au chauffeur ce que « inwi » signifiait ou était censé signifier, et il m'a dit que ça avait un rapport avec les souhaits, les souhaits qui se réalisent. Je n'ai aucune idée de comment « inwi » y parvient.",-0.43,5186
"Service déplorable et escroquerie de la part du personnel de l'agence. Ils m'ont induit en erreur en me faisant croire que mon abonnement iDar Duo avait été résilié et ont repris mon appareil. À ma grande surprise, la facturation et la",-0.91,5187
"Service très médiocre. L'agent ne nous a pas fourni les informations correctes concernant les offres. Il ne savait pas exactement quand le technicien viendrait, mais a dit juste demain ou après-demain. Aucun technicien ne nous a été envoyé",-0.58,5188
"16h, personne en vue  je vais manger",-0.39,5189
Il y a du clientélisme dans la transaction,-0.44,5190
Service nuullll de chezz nullll Le personnel qui balance des mensonges dans l’air Service client PIRE ENCOREE,-0.54,5191
"agence dans un quartier populaire, l'agence mal équipée, les conseillés ne connaissent pas leurs produits, les expats sont là, nous allons bien les former, daoudiate mérite mieux.",-0.83,5192
Pour les clients de tout le quartier c est important d avoir une agence dans ce lieu.surtout en plein avenue allah en tfaqsi.,0.72,5193
Bon emplacement Service bien Des gens sympas et bien discipliné,0.93,5194
Merci pour l'accueil et la gentillesse de la vendeuse.,0.97,5195
Le meilleur reste a venir,0.8,5196
bien,0.96,5197
Des efforts à faire,0.65,5198
Attention ! Ce vendeur ne donne pas d’informations honnêtes. Il essaie de vous induire en erreur en vous faisant accepter des offres inutiles assorties de frais cachés.,-0.74,5199
"0/10, mauvais service",-0.84,5200
C'est bon,0.97,5201
Nuul,-0.41,5202
Inwi,0.52,5203
Parfait,0.8,5204
Service médiocre 😞,0.63,5205
Avec un,0.62,5206
Les services sont lents,0.5,5207
"Je tiens à exprimer toute ma satisfaction concernant l’assistante. Elle se distingue par son professionnalisme, sa disponibilité et son sens de l’écoute. Toujours souriante et réactive, elle sait répondre avec précision et efficacité aux",0.8,5208
"Service na9s bzzzzzzzzzzzzzzzf , on a un problème au niveau de router fibre optique pendant plus que +15j , (une semaine d'aller retour a l'agence ) sans retour sans visite technique sans diagnostic sans rien .",-0.61,5209
Très bonne service,0.96,5210
Service (0)😏,0.5,5211
"Agence qui ferme ses portes pour une periode indetermineè pour dejeuner , agents desagreable .",-0.77,5212
"Employé grossier, la dame est un peu accueillante mais le gars est tellement grossier",0.83,5213
"Le Service est nulle, comportement nulle des agents",-0.8,5214
Service médiocre,0.66,5215
"Malheureusement, une dame travaillant chez Inwi, boulevard Pasteur, ne souhaitait visiblement pas accomplir son travail. J’ai attendu près de 30 minutes pour entendre simplement , j’ai terminé, veuillez attendre qu’un autre collègue soit",-0.67,5216
Je suis très déçu du service d'Inwi. J'ai un problème avec mon abonnement qui n'a pas été résolu malgré mes multiples tentatives de contact. Le manque de réactivité et de suivi est vraiment frustrant. J'espère que l'entreprise prendra des mesures pour améliorer son service client.😡😡😡😡😡,-0.97,5217
Je suis extrêmement déçu par le service clientèle de cette agence Inwi. J'ai récemment eu un problème avec ma carte CIM qui a été bloquée et donnée à une autre personne sans mon consentement. Malgré mes multiples tentatives pour récupérer,-0.96,5218
Service nul et délai d'attente trop long,-0.47,5219
Ça ce passe bien malgré il y a un peu de retard,0.73,5220
"Ils ont règles mon problème de portabilité, et il m'ont appelé pour la confirmation",-0.45,5221
manque du personnel il faut attendre trop pour contacter le commercial,-0.68,5222
"Service nul, couverture du réseau est complètement nul.",-0.58,5223
"Ils ne répondent jamais au téléphone, services zéro pointé.",-0.42,5224
Société de télécommunication qui use d'astuces malicieuses pour tromper ses clients,-0.53,5225
Ils ont un bon service merci inwi,0.93,5226
Agence Inwi sor  lm3gazine.,0.48,5227
Toujours trop de monde,0.6,5228
Bon service,0.92,5229
Non professionnel,0.0,5230
Bien,0.75,5231
Bonne,0.95,5232
Bonne journée,0.94,5233
Procédures compliquées,0.53,5234
Agence de télécommunication,0.45,5235
"Le personnel était très aimable et serviable, mais les chaises étaient extrêmement inconfortables : sans dossier ni coussin. Je n'y suis restée que 10 minutes et je l'ai ressenti, alors je n'imagine pas comment le personnel peut gérer des",0.0,5236
"Je suis allé demander une carte ESM, mais on m'a dit qu'elle n'était pas disponible et on m'a conseillé d'aller dans un autre organisme. Là-bas, on m'a demandé de revenir. À mon retour, ils n'ont pas répondu à ma demande.",-0.48,5237
"Agréable et propre mais il y avait une fille qui travaillait là-bas qui criait sur les gens, elle n'est pas du tout professionnelle, travailler dans un endroit comme celui-là demande beaucoup de patience 🤔",-0.49,5238
"Je donnerais zéro si je pouvais.  Le service est super lent, khdamin b zez, j'attends depuis une éternité, nidam walu",0.6,5239
Ils ne valent pas une étoile.,0.0,5240
"Le personnel n'est pas accueillant, mieux vaut choisir un autre magasin.",-0.59,5241
Très mauvaise agence... il n'y a que 2 agents et il faut attendre longtemps pour juste un petit service,-0.96,5242
Excellent et solide filet et service merveilleux ✅,0.95,5243
"Le service client de l'agence est déplorable, tant en termes de rapidité que de professionnalisme. Le personnel est extrêmement lent, prenant entre 20 et 30 minutes par personne, alors que l'attente est longue. Veuillez améliorer vos services ou remplacer le personnel.",-0.76,5244
"Bonjour à tous, je peux vous dire que c'est de loin la pire agence que j'aie jamais vue ! C'est à cause du personnel.",-0.69,5245
Une très mauvaise équipe 🙃,-0.96,5246
Mauvais service,0.57,5247
"Deux conseillers clientèle disponibles, service médiocre. J'ai dû souscrire un abonnement au lieu d'une formule prépayée, mais rien n'était disponible. Dans ce bureau, les gens viennent régler leurs factures.",-0.39,5248
Makn propose des services de facturation mensuelle postpayée et est accessible aux personnes en fauteuil roulant.,0.61,5249
Très mauvais. Ces femmes hommes,-0.96,5250
super magasin omar a été très serviable et a répondu à toutes nos questions !,0.92,5251
Franchement. Ils sont tellement lents ! J'y perds beaucoup de temps pour rien. Ils devraient penser à accélérer les affaires.,-0.51,5252
Cela ne mérite même pas une étoile.,0.0,5253
"J'ai besoin d'un routeur wifi aujourd'hui, le 30 avril, est-ce possible ?",-0.44,5254
Le service client est vraiment déplorable.,-0.87,5255
"Ici, on vous traite très bien.",0.95,5256
Bon endroit,0.88,5257
"Honnêtement, sa gestion est nulle.",-0.65,5258
service médiocre,0.64,5259
Inwi est une grande agence de télécommunications,0.73,5260
Khaiba,0.58,5261
Inadmissible il répondent pas au téléphone je prend une puce elle est toujours pas activé.  Depuis hier personne ne répond au téléphone.  C est scandaleux,-0.85,5262
Le service client 0,0.52,5263
N’existe plus,0.0,5264
Bonne traitement trop professionnel service rapide,0.96,5265
Bon accueil,0.95,5266
Entreprise sans valeur. Ils refusent même de payer la facture. Le système est soi-disant hors service.,-0.8,5267
"Expérience catastrophique ! En tant que touristes cherchant de l'aide pour une nouvelle carte SIM dans un pays étranger où nos téléphones ne fonctionnaient pas et où nous avions besoin d'une connexion Internet, la vendeuse nous a proposé",-0.97,5268
"Si je pouvais mettre moins d'une étoile, je le ferais. Catastrophique.",-0.77,5269
Le personnel est désagréable et ne répond à aucune question de manière logique.,-0.53,5270
Service très médiocre,0.67,5271
Il n'y a rien de bon là-dedans.,0.0,5272
Ouverture à 9h  Sur Google,0.53,5273
Il n'y a absolument aucun réseau.,0.0,5274
Bon accueil,0.95,5275
C'est bon,0.97,5276
Bon service,0.92,5277
"Merci, j'ai l'intention",0.73,5278
bien,0.96,5279
"Mes frères, cet endroit est fermé maintenant.  N'y allez pas, vous perdrez votre temps.",-0.6,5280
Je n’arrive même pas à Poste D’avis tellement il y a aucun réseau avec cette puce que je ne recommande absolument pas. De plus je me fais harceler par les messages de l’opérateur. 50 fois par jours c’est horrible réseau a fuir !!!!!,-0.83,5281
Excellent accueil et top professionnel 👍🏻 Droit au but 👍🏻,0.94,5282
Couverture moyenne,0.45,5283
Numéro de téléphone faut,-0.58,5284
Manque de .......,0.4,5285
"Le vendeur m'a tout expliqué sans problème, car je suis quelqu'un de difficile. Internet fonctionne bien et je n'ai rencontré aucun problème ces deux derniers mois.",-0.45,5286
Il nous a facturé 200 dirhams pour 40 Go. Nous avons ensuite compris qu'il avait installé le forfait de 20 Go à 100 dirhams et empoché le reste.,-0.53,5287
49 dirhams pour 11 Go + 2 heures d'appels - très pratique pour les touristes,0.73,5288
"Un employé incompétent, désagréable et paresseux, est revenu plusieurs fois sans résoudre mon problème concernant ma carte Inwi.",-0.8,5289
Endroit sympa et facile pour obtenir votre carte SIM illimitée à seulement 249 Dirhams par mois,0.74,5290
Service très lent 😴 Ils devraient apprendre à sourire 😃,0.61,5291
"Évitez le type à l'intérieur, il ne se soucie pas vraiment des intérêts du client, le plus important pour lui est de gagner de l'argent.",0.0,5292
Un employé se plaint de la lenteur du serveur.,-0.59,5293
Service exceptionnel,0.51,5294
très mauvais,-0.91,5295
bien,0.96,5296
d'accord,0.59,5297
Mauvais service,0.57,5298
Mauvais emplacement !,0.66,5299
"Très mauvaise connexion ! J'ai pris l'abonnement IDar, la connexion est catastrophique, les techniciens sont incompétents et le service clientèle se moque de vous, il vous font tourner en rond.",-0.99,5300
"Bonjour, j'ai acheté un i-DAR Duo pour la connexion, car il n'y a pas de branchement de fibre dans notre région. Je suis allé chez Inwi à Marjane route de rabat  pour avoir plus d'explications. La personne qui était là ne m'a rien expliqué",-0.4,5301
"Le numéro de téléphone affiché n’est pas attribué,  pour un opérateur téléphonique c'est n’est pas sérieux du tout.",0.0,5302
Un très bonne service comme même deux fois je me suis rendez la bas pour des problème au niveau de mon modem. Les gens à l'accueil au service de client,0.9,5303
Enfin un agent inwi qui est poli et explique bien.,0.67,5304
Service clientèle agréé par INWI maroc,0.45,5305
Faux Numéro,-0.63,5306
Nul,-0.4,5307
Service nul.,-0.52,5308
Bon service,0.92,5309
bien,0.96,5310
"Nul ,..........",-0.5,5311
Bon service,0.92,5312
"Aucun service après-vente, seulement des ventes. Très mauvais.",-0.89,5313
Le pire service que j'aie jamais vu !  Je n'arrive pas à y croire !,-0.75,5314
Service excellent. Un monsieur très poli et respectueux.,0.98,5315
Aucun service.,0.0,5316
Bien,0.75,5317
Très bon service,0.98,5318
Excellent service de la part du responsable de l'agence ; accueil chaleureux et professionnel.,0.98,5319
L'agence Inwi met à notre disposition tous ses services essentiels pour nous proposer les meilleures offres.,0.89,5320
Un bon accueil de la part de M. Zakaria,0.98,5321
bien,0.96,5322
Bien,0.75,5323
Bien,0.75,5324
Vivre en paix,0.86,5325
"Une très mauvais expérience dans cette agence! La demoiselle commerciale n’a aucune compétence , ni accueil ni service. Je déconseille 👎",-0.95,5326
Il s’agit pas de l’agence inwi😤,0.0,5327
Bon conseil,0.91,5328
Agence de télécommunication comme les autres.,0.42,5329
Mauvaise expérience à ce jour,0.5,5330
"Excellent ! Bienvenue à tous ! Des services excellents, pratiques, rapides et économiques, conformes aux normes requises. Bienvenue à tous à nouveau !",0.99,5331
"L'employé qui sert les clients ment à ces derniers, les maltraite et ne leur donne pas suffisamment d'informations ; le service est déplorable.",-0.91,5332
bien,0.96,5333
Service déplorable.  M. Lee Khaddam est un parasite qui court après le client.,-0.89,5334
"Le service client n'est pas pertinent, les transactions sont incomplètes, pour être honnête.",-0.63,5335
d'accord,0.59,5336
Prix ​​injustes et service déplorable,-0.84,5337
Il n'y a de force ni de puissance qu'en Dieu.,0.0,5338
Le pire service de fraude,-0.81,5339
J'aime ça,0.85,5340
bel endroit,0.64,5341
Assistance clientèle à Inwi,0.66,5342
Parfum Prestige in Black,0.66,5343
Solaimane hobi212,0.65,5344
Bien,0.75,5345
Momtaz,0.47,5346
Les services sont médiocres.,0.52,5347
Peut,0.45,5348
Très mauvaise expérience dans cette agence. Le service est vraiment médiocre : aucun professionnalisme et personne ne prend le temps d’accompagner ou d’expliquer correctement.,-0.97,5349
"Le panneau à l'entrée de la boutique, ainsi que la page Google affichent une ouverture en continu de 9h à 20h.",0.49,5350
Emplacement mal indiquée : la boutique est dans la gare,-0.87,5351
Service déplorable ne respecte pas ces engagements a fuire,-0.72,5352
Vendeuse pas pro du tout,-0.41,5353
"Ça n'existe pas, c'est un mensonge.",-0.47,5354
"Service nulle, j'ai voulu faire un abonnement internet ADSL, une fille travail là-bas comme si ne travaille pas chez INWI, un client de plus ou de moins elle s'en fou.",-0.77,5355
Depuis mon arrivée au Maroc j'ai toujours la puce Inwi c'est une bonne agence et ils ont une bonne couverture de réseau mais je demande à la direction d'augmenter la capacité du WiFi à la maison pour qu'on puisse regarder les chaînes normalement,0.9,5356
Service nulle 🅾️,-0.52,5357
Pad serviable du tt. Ne rep po qu tel...,0.38,5358
Employés très serviable et toujours présents,0.83,5359
Très bon service,0.98,5360
Services moyens,0.6,5361
Mauvaise services,0.6,5362
Bien,0.75,5363
Brahim haddad,0.58,5364
👍👍👍,0.42,5365
Manque de personnel,0.49,5366
Tanger,0.52,5367
Tanger mesnana,0.5,5368
"Pas de carte Rizo de tous côtés, pas de service, pas de Ziz",0.0,5369
"Malheureusement, le service est déplorable. Le réseau est extrêmement faible et, deuxièmement, si vous appelez le service client, l'attente est d'une demi-heure, et même alors, personne ne répond. De plus, en cas de problème de connexion",-0.9,5370
"Le service est déplorable, ils laissent les gens attendre dehors.",-0.91,5371
"Bien située à l'intérieur du marché de M'sannane, à côté de la station de taxis. L'agence est plutôt petite, mais elle remplit parfaitement sa fonction.",0.43,5372
"Ils ne vendent ni téléphones, ni ordinateurs portables, ni rien d'autre, mais les employés sont gentils et très serviables.",0.0,5373
Des relations de haut niveau et un service haut de gamme,0.69,5374
Merveilleux. Et le client est par ailleurs une personne très cultivée et serviable.,0.87,5375
"Il était censé être ouvert aujourd'hui comme indiqué, mais au lieu de cela, il est fermé",-0.61,5376
"Malheureusement, nous constatons souvent que les serveurs ne fonctionnent pas.",-0.76,5377
"Malheureusement, l'agence a besoin de plus de personnel et de plusieurs renforts.",-0.65,5378
"Un employé de Lagoons, à Msenia, n'est pas à la hauteur.",0.0,5379
"Bon traitement, personnel plus que bon, mes salutations",0.98,5380
Confort et absence de fumée - excellent,0.94,5381
Bian,0.5,5382
Le meilleur pack,0.89,5383
Très bon et merveilleux endroit,0.98,5384
Absolument magnifique et splendide,0.92,5385
Bon service,0.92,5386
Numéro de téléphone incorrect,-0.67,5387
Faible communication avec les clients,0.51,5388
Boutique de réseaux ISP et téléphoniques,0.57,5389
Je n'ai aucune idée,0.0,5390
Parmi eux se trouve le menteur,0.45,5391
Service zérooooo,0.57,5392
Bien,0.75,5393
👎👎,0.42,5394
Gouda,0.57,5395
normale,0.5,5396
Décoré,0.5,5397
Mazyan,0.55,5398
"Mauvaise connexion ADSL. Nouvelle mise à jour 18:octobre 2025 16h20: je téléphone au service client qui me fait faire des manipulation sur le routeur, pour ensuite me raccrocher au nez.",-0.66,5399
"Service catastrophique ! Hotspot 5 GHz totalement inutilisable, 2,4 GHz instable, et l’opérateur ne propose aucune solution fiable. Pour le prix qu’on paye, c’est honteux. Zéro fiabilité, zéro considération pour les clients",-0.87,5400
Service assez lent. Laisse à désirer,0.52,5401
Faible,0.4,5402
non professionnel,0.0,5403
Bien,0.75,5404
Lieu inaccessible,0.47,5405
"J'ai payé la facture, mais on ne m'a pas donné le reçu et on m'a dit que la facture avait été réglée. J'ai été surpris de constater que la ligne n'était pas connectée. Lorsque j'ai appelé le 220, on m'a dit que la facture n'avait pas encore été payée.",-0.6,5406
Cette photo représente le centre de traitement des toxicomanies de Bir Shifa.,0.59,5407
"Endroit facile à repérer, le service était bon",0.96,5408
"Agence d'opérateurs de téléphonie mobile, Maroc",0.48,5409
Bonne agence,0.94,5410
Personnel actif et à jour,0.64,5411
Inwi,0.52,5412
d'accord,0.59,5413
mauvais traitement,-0.87,5414
Des services distinctifs,0.67,5415
bien,0.96,5416
J’ai payer 300 dh de carte SIM pour avoir internet sauf qu’il s’avéra que la vendeuse s’est mis 100 dh dans la poche à tanger 3chouma,-0.58,5417
Ce commentaire est pour la boutique du ferry tanger med et pas pour cette agence. Lors de nôtre arrivé au maroc nous avons acheté 2 cartes sim et pris un forfait,0.5,5418
La dame voilée qui y travaille est très compétente. Elle  explique en détail et avec fluidité les droits et obligations du contrat ainsi que l'aspect technique. Merci,0.82,5419
Je n’ai rien acheté mais la responsable m’a très bien renseigné.,0.46,5420
Il y a très peu d'agences inwi c'est la seule au niveau du centre ville,-0.48,5421
5/5 rien a dire la bonne personne au bon endroit,0.91,5422
Le commercial est un type gentil,0.44,5423
Toujours le même message et la même réponse. Désolé.,0.48,5424
Bon service,0.92,5425
Super,0.78,5426
Service nul,-0.45,5427
J'ai été sans internet pendant 6 jours,0.0,5428
"Malgré mes efforts pour résoudre mon problème de carte SIM, il persistait. C'est de ma faute, je ne parle ni français ni arabe.",-0.77,5429
"Les horaires d'ouverture ne correspondent pas au planning. Le vendredi, tout est fermé. Ils ne respectent pas leurs clients.",-0.6,5430
Hassan Al-Mu'amalah,0.58,5431
On s'est faite arnaquées par les 3 filles. On a demandé seulement de la connection à 100dirhams et on nous facturé appels et internet pour 200dirhams. On a protesté mais elles n'ont rien voulu savoir. Aucun scrupule. Hasbinallah wa ni3mawakil.,-0.74,5432
"Vous faites l'annonce de la vente de carte e-sim alors que vous ne les avez plus depuis plus de 3 mois, affaire très peu professionnelle",-0.5,5433
Le manque de professionnalisme est clairement démontré par le staff dernièrement.,-0.79,5434
Agréable et professionnel 👍😎,0.67,5435
Pas mal,0.41,5436
Ça a ete parfait,0.81,5437
Merciii,0.7,5438
Super,0.78,5439
"Je me suis rendu en magasin samedi à 19h pour désactiver mon abonnement téléphonique. À l'accueil, j'ai trouvé un responsable et lui ai demandé si je pouvais désactiver temporairement mon numéro jusqu'à lundi. Il m'a répondu que le service",-0.53,5440
"Nous sommes allés à la boutique hier et avons acheté deux cartes SIM pour notre voyage au Maroc. M. Bakkali nous a donné d'excellents conseils dans un anglais parfait, a activé les cartes SIM immédiatement et les a testées. Malheureusement,",0.72,5441
"La jeune femme qui travaillait là-bas avait le téléphone pointé vers moi, mais elle ne pouvait pas parler. Deux étoiles seulement pour le type qui a réussi à me donner le numéro du service client d'Inwi.",0.0,5442
"Service waloo, ila bghiti t9ad chi haja kola mara ayb9a ygolik ghada ila ssewelti 3la chi haja makijawbch ga3, o nsseb 3liya f contrat d wifi 7diw rasskom",-0.41,5443
Quel âge avez-vous ?  Service walo,0.4,5444
M3lahxi,0.54,5445
Ils ne laissent pas les problèmes de côté et ils ne vous accordent pas votre temps.,0.0,5446
Bon traitement,0.86,5447
bien,0.96,5448
Beau,0.59,5449
bien,0.96,5450
"Une honte , Boutique fermée aux heures d'ouverture !",0.73,5451
Bon services,0.93,5452
"L'endroit en lui-même, mais aussi ma propre entreprise, ont une multitude de problèmes, et personne n'écoute.",-0.59,5453
Il ne sera pas inquiété. Je ne connais pas cet endroit.,0.0,5454
Ay_newi&inexistant Inwi(mymazigha_IBM_ماي مازيغا_ع.ب.م,0.44,5455
Service excellent et traitement de qualité,0.96,5456
Meilleur magasin Inwi,0.9,5457
"Oui, bien",0.94,5458
Excellent service,0.95,5459
Super,0.78,5460
bien,0.96,5461
Il ya de changement.....,-0.46,5462
Lieux inexistant,-0.41,5463
Il n'y a pas d'agence ici !,0.0,5464
Il n'y a rien ici,0.0,5465
ADSL loin de la réalité,-0.38,5466
Bon accueil et bon services,0.98,5467
Bon service,0.92,5468
"Ils n'en ont pas ici ! RIEN ! Pas de cartes SIM vides pour récupérer son numéro, pas de modems, pas de smartphones à vendre, juste des babioles sur les étagères ! Beurk !",-0.82,5469
"Le service client était très respectueux et calme, et le personnel était toujours souriant.",0.86,5470
Vérifiez-le.,0.56,5471
Ne prends pas la temps de donner des explications claires sous prétexte qu'il y a beaucoup de monde. A éviter.,-0.46,5472
Il n'y a pas de professionnalisme au travail et un mauvais suivi,-0.62,5473
mal organisation par employé et Fausses promesses.,-0.79,5474
Bon service,0.92,5475
5/5,0.57,5476
Toujours disponibles,0.54,5477
"L'agence Inwi Al Awama propose tous les services de la société Inwi Communications, ainsi que les services Internet et Wi-Fi. Elle se distingue par la variété de ses offres, adaptées aux besoins de chaque client, à des prix attractifs et",0.9,5478
💕Rimi,0.42,5479
"Aucun service, malheureusement",-0.87,5480
Mieux,0.58,5481
xf,0.43,5482
bien,0.96,5483
"Attention ! C’est la première et unique fois que je me fais arnaquer : j’ai acheté deux cartes SIM à la vendeuse, une avec 20 Go de données et l’autre avec 50 Go. Je les ai payées 250 + 200 dirhams, sans reçu ni facture. J’ai vérifié auprès",-0.46,5484
Mauvaise expérience avec l agence et même inwi n a pas pris en charge ma réclamation.  Je ne recommende pas inwi,-0.52,5485
Bon service,0.92,5486
"Service impeccable de cette agence. Rien à redire, et le service après-vente du représentant Inwi a été excellent. Si vous avez besoin d'une carte SIM pour votre séjour au Maroc, n'hésitez pas à vous rendre dans cette boutique.",0.83,5487
Bon service ! Personnel attentionné et attentionné !,0.99,5488
Accord au niveau 👍,0.47,5489
mourad.naciri..wade.kirmane.no.33.amerah..keseba.tanger.maroc,-0.8,5490
Excellent service de la part de l'employé,0.97,5491
Agence téléphonique normale,0.48,5492
👍🇲🇦💪👍,0.42,5493
L'aide est ici,0.77,5494
Itzy,0.62,5495
Bon service,0.92,5496
En haut,0.59,5497
Fil de fer à Tanger,0.52,5498
La boutique est fermée alors qu'il est 14h50,-0.6,5499
Très mauvais accueil,-0.94,5500
ferme avant l heure,0.39,5501
Pas d'agent comptents,0.0,5502
Mauvais réseau généralement,0.52,5503
Bonne Service,0.95,5504
Ils ne traitent pas avec vous et ils ne travaillent pas pour vous.,0.0,5505
"Le type qui travaille là-bas ne respecte absolument pas les horaires de travail ; à chaque fois que j'y vais, l'agence est fermée et je finis par attendre longtemps.",-0.46,5506
"Parfois, il manque des choses importantes, comme une nouvelle carte pour récupérer son numéro de téléphone.",-0.47,5507
Les heures de travail sont tellement longues 🤬🤬🤬,-0.4,5508
Ils se consacrent au vol de téléphones en Europe,0.57,5509
😠,0.42,5510
Ils vendent des téléphones portables volés,-0.56,5511
lieu proche,0.47,5512
Tu es zéro.,0.42,5513
incroyable,-0.49,5514
"Très mauvais accueil, pas du tout professionnel.",-0.92,5515
"Des standards médiocres et un manque de respect envers les clients, comme si c'était leur propre entreprise.",-0.8,5516
"D'excellents services au niveau requis, mais nous aspirons toujours à être de mieux en mieux",0.91,5517
Mauvais style ou plutôt pas à la hauteur de l'accueil des clients.,0.0,5518
Ils contiennent du t9ahhbn,0.43,5519
LE PIRE DE TOUS LES TEMPS !,0.61,5520
très bien,0.97,5521
Mauvaise affaire,-0.49,5522
Très bien,0.99,5523
Le meilleur agent du monde,0.96,5524
Succursale de la société Inwi,0.57,5525
"Publicité mensongère : boîtier vakaw acheter 300 dhs + 300 dhs pour le rechargement pour avoir une connexion illimité , une des vendeuses me dis que l’offre est toujours disponible à tout moment , quand je suis retourné les voir pour",-0.5,5526
Ne prenez pas inwi si vous êtes dans la région de Mahdia ! Réseau nul ! Et service client 1/10. Leurs seul but est de prendre votre argent !,-0.76,5527
Bien que l'agence est située dans un quartier dynamique il manque de moyen pour mieux servir les clients pas de TPE pas de payement par carte bancaire,-0.56,5528
le numéro mentionner est erroné,-0.78,5529
tjrs probleme de resau,-0.54,5530
Tjr fermé  où  pas d réseau,-0.37,5531
Bonne accueil,0.96,5532
Pas mal,0.41,5533
J’aime pas,0.47,5534
Mauvaise service de clientèle,0.54,5535
Pas de chaises,0.43,5536
Ouverte jusqu'à 20:00,0.46,5537
Médiocre,0.56,5538
service nul,0.0,5539
Magasin de téléphone mobile,0.65,5540
Bon service,0.92,5541
Pas mal,0.41,5542
Service,0.57,5543
Agence INWI!,0.49,5544
Masters avec 4 et ils recherchent sur Google ce qu'ils font actuellement,0.53,5545
"Tout s'est bien passé, j'ai reçu l'aide que j'attendais.",0.82,5546
Merci pour ces cartes 4G Inwi,0.94,5547
Nuuuuuul,0.46,5548
Bon niveau,0.92,5549
Beau,0.59,5550
Service correct !,-0.38,5551
Service de déménagement,0.59,5552
Profitez avec Inwi,0.67,5553
Très bonne service Agent très serviable,0.96,5554
Petite agence de banlieue,0.49,5555
Bon service,0.92,5556
"Une très mauvaise expérience. J'ai tenté à plusieurs reprises de transférer mon numéro d'un autre opérateur vers Inwi auprès de cette agence, en raison d'une erreur dans mes informations personnelles enregistrées chez mon ancien opérateur.",-0.98,5557
"Nous avons passé un séjour exceptionnel dans cet hôtel ! L'accueil était chaleureux, le personnel très serviable et la chambre confortable et impeccable. J'ai adoré la vue depuis ma fenêtre et le petit-déjeuner était délicieux.",0.86,5558
"Que la paix soit avec toi, mon frère Majid. Ton ami Sufyan m'appelait. Tu m'as donné une carte de crédit de 20 Go hier, mais aujourd'hui, quand j'ai rechargé, je n'ai eu que 5 Go. Je ne comprends pas. L'appel a duré une heure. Peux-tu",-0.55,5559
"Agence Inwi, Rue Ibn Al-Haytham, District d'Al-Inbaat, Province de Tabriquet, Salé, Maroc",0.47,5560
"Monsieur Li, j'ai un gentil domestique là-bas.",0.44,5561
Vous pouvez les gérer,0.49,5562
Merci pour l'aide.,0.97,5563
👌👍,0.42,5564
Hahahahaha,0.6,5565
Ça allait,0.4,5566
mauvais service,-0.85,5567
Services catastrophique,-0.64,5568
Passage février 2026 Ce gars est incompétent incapable de me dire les bonnes informations suite à une résiliation,0.59,5569
"La seule agence Inwi de ce quartier malheureusement l'employé de cette agence ne rend pas un bon service, il manque de compétence, son comportement et son attitude font de lui une personne indésirable, aussi en matière de performance professionnelle il est très faible.",-0.91,5570
Service trés mauvais! Perte de temps et de nerfs.,-0.98,5571
Bon comportement,0.87,5572
L'agence et le centre névralgique nécessitent une carte VIA et un smartphone.  Mon établissement est bien équipé et le personnel est compétent. Venez nous rendre visite !,0.76,5573
Ici vous pouvez vous abonner ou payer toutes vos factures (Nw) en plus de certains appareils électroniques tels que les téléphones....,0.48,5574
La meilleure expérience dans les entreprises de télécommunications avec inwi,0.91,5575
Des individus frauduleux ayant un intérêt purement commercial,-0.73,5576
Le pire service,-0.47,5577
Service moyen,0.57,5578
Service impeccable 💯💯,0.46,5579
Kk,0.38,5580
Beau,0.59,5581
excellent,0.97,5582
Bon service,0.92,5583
Quelque chose,0.4,5584
Mauvais,0.52,5585
"Accueil parfait , insaf m’a réglée ma box wifi sans soucis et le magasin propose plein de chose en papeterie que mes enfants ont beaucoup aimé , équipe honnête et efficace je recommande vivement et je comprend les 5 étoiles merci beaucoup",0.7,5586
Personnel agréable et sympathique ! Nous avons eu internet illimité pour 200 DHM. Je recommande vivement. Il y a un parking à quelques mètres.,0.49,5587
Nous avons reçu une aide précieuse pour l'achat d'un forfait data mensuel. Une équipe très sympathique. Merci 💖,0.84,5588
Le service était déplorable. Je ne recommanderais jamais ce centre.,-0.83,5589
Service nul genre d agent commercial qui connaît tout mais qui ne rend pas service dn fin de compte,0.0,5590
J'AI JAMAIS VU UN SERVICE AUTANT NUL QUE CELUI DE VOTRE AGENCE,0.53,5591
Agence de quartier correct. Agent sympathique. RAS,-0.46,5592
Bon service top opérateur au maroc,0.89,5593
P cv,0.43,5594
Très sympa !!,0.82,5595
"C'est la pire agence Inwi que j'aie jamais vue. Je ne recommande à personne d'y aller. Allez plutôt à celle du boulevard Medina, elle est bien meilleure.",0.51,5596
Assez compétents  Ils sont assidus,-0.59,5597
Excellent service et résolution des problèmes des clients en toute simplicité,0.92,5598
Très mauvais service du vendeur,-0.97,5599
Nuuuuuul,0.46,5600
Jawal,0.52,5601
Très bien,0.99,5602
CVS I..,0.46,5603
Service excellent,0.96,5604
Merci,0.86,5605
dormir,0.51,5606
"Service client très décevant. Mon problème dure depuis plus d’un mois sans solution concrète. À chaque appel, je reçois la même réponse sans aucun suivi réel. Je ne recommande plus cette entreprise et je conseille aux gens de réfléchir",-0.71,5607
"UN GRAND merci à Khawla qui m'a solutionné un problème complexe. Sa maîtrise du français fut d'un grand secours. Merci à Kawta ,Zineb Et Sarah pour leur patience et leur sourire.",0.8,5608
Agents à l'écoute et très patients (surtout avec mon coup de colère inapproprié) encore désolé et un grand merci à madame sara !!! mes respects .,0.5,5609
Un mois pour installer la fibre optique et jusqu’à présent rien n’est encore arrivé,0.0,5610
Les agents sont très réactif 👍👍👍,-0.75,5611
Très mauvais service. Absence d'écoute client.et ne remontent pas les incohérences process et règles de gestion  métier.,-0.97,5612
Un super accueil très compétent et super agréable un service au top merci au personnel de l’agence,0.97,5613
Je ne sais pas comment je peux retourner dans cet endroit alors que je suis si mal traité,-0.61,5614
"Très bon service, agent aimable, à l'écoute et explique bien",0.99,5615
service nul,0.0,5616
mauvaise service,-0.9,5617
Bien,0.75,5618
😡😡😡😡😡😡,0.42,5619
Je vous déconseille fortement de faire affaire avec cette entreprise. Ils ont intégré le réseau de fibre optique le 3 septembre et ne l'ont toujours pas mis hors service. Des habitants du même complexe résidentiel ont rejoint Orange Telecom,-0.65,5620
"Excellent service cette année encore, assuré par la vendeuse seule dans la boutique un samedi de forte affluence. INWI offre également une excellente couverture dans tout le Maroc.",0.9,5621
"Le personnel, désagréable et arrogant, refuse de travailler  Note inférieure à 0",-0.85,5622
"Le service était excellent, merci 👍🏻",0.97,5623
Service médiocre et plus cher que dans les autres agences Inwi,0.53,5624
Bonnes affaires,0.9,5625
Ravitaillement en carburant bon marché,0.86,5626
Il a été achevé,0.56,5627
"Incompétence des services,tjs problème du système. Vendredi tjs fermé a 15h.",-0.48,5628
"Opérateur INWI, khabbazat kenitra. Plusieurs choix de portables",0.57,5629
Bon affaire,0.93,5630
Bonne service,0.97,5631
Meilleure service,0.93,5632
Personnel au niveau.,0.56,5633
chamaia,0.5,5634
top service,0.84,5635
"Service déplorable. Je souhaitais une offre de carte SIM spécifique et, au départ, le vendeur m'a assuré que ce n'était pas un problème. Après de nombreuses discussions, le prix a considérablement augmenté et je n'en voulais plus. Il m'a",-0.67,5636
Peu fiable,0.54,5637
bon service,0.96,5638
Très très bien,0.99,5639
bien,0.96,5640
Service et traitement incomplets,0.62,5641
Beau,0.59,5642
ennuyeux,-0.7,5643
"Le service inwi est une véritable catastrophe, le temps d attente est beaucoup trop long,je comprend pas pourquoi inwi ne mets pas plus de personnel. Le minimum est d abord d avoir un service efficace et rapide. J arrive pas à comprendre ce système archaïque.",-0.82,5644
"Attention ARNAQUE !!! un proche s'est rendu à cette agence pour payer sa facture, l'agent a encaissé le montant de la facture sans payer la facture.",-0.61,5645
"Vraiment , je suis très satisfaite de cette petite agence, et des services que propose mr Badr .il avait une grande patience et beaucoup de professionnalisme.",0.92,5646
J' ai trop apprécié leur service,0.6,5647
Je suis allé chez cette agence qpres que la première me dit que son ilorilante est hors fonction. À la deuxième agence sis à avenue hassan II kénitra: mauvaise acceuil et mauvais traitement du client. J'ai voulu arrêter mon abonnement et le,-0.96,5648
Service des années 90. Plus que 30 min pour une client.,0.61,5649
"Très bon service, le commercial est très accueillant et très coopératif",0.99,5650
il n 'a pas inwi money et tu ne peut pas payé votre bille,0.0,5651
Absence de l’agent lors des heures de travail,-0.45,5652
Bon service,0.92,5653
Passable dans l'ensemble,0.71,5654
Arnaqueur,0.48,5655
Passable,0.68,5656
Accueillants,0.53,5657
Bon service,0.92,5658
"J'ai les meilleurs opérateurs de télécommunications au Maroc, Inwi et Safi 🇲🇦",0.94,5659
Excellent service. Le serveur était très compétent.,0.97,5660
"Tellement peu professionnel, très impoli et irrespectueux.",-0.92,5661
Service excellent,0.96,5662
homme gentil,0.57,5663
Toujours le meilleur 😀😉,0.88,5664
Bon service,0.92,5665
Un cotr,0.5,5666
Utile,0.61,5667
Hhh,0.47,5668
Service t9iiiiiiiiiiiiiiiil,0.58,5669
"Employé très agréable, il parle même allemand.",0.55,5670
Le personnage a lunettes avec sa grosse tête. il se travestis à malabata,-0.78,5671
Atention atención  Des grand voleur.il von vous volé votre argen a fuire. ne jamai allé dans c'est agence. Tres mal polie.il insulte les etrangé .atention une equipe de voleur profesionel.il mon volé Atención atention a tous les etrangé venu d'europe.ne jamai allé dans c'est agence des profesionel du vol vous atende  pour vous volé,-0.89,5672
"J’ai jamais vue des incapables comme cela, aucun professionnalisme, vous allez perdre votre temps et votre argent fuyez.",-0.7,5673
"J’ai jamais vue des incapables comme cela, aucun professionnalisme, vous allez perdre votre temps et votre argent fuyez.",-0.7,5674
Bon cdc,0.79,5675
Emplacement idéal et timing parfait.  Je vois des groupes de personnes faire leurs courses là-bas tous les jours.,0.77,5676
C'est bon,0.97,5677
Traitement 0 (H et les enfants de L....),0.41,5678
"Oui, je lui rends visite parfois quand je suis en voyage.",0.5,5679
Un service pratique et rapide,0.84,5680
"Je vous conseille d'éviter la visite de cette agence puisque il existe une personne homme incompétent, il vous offre des informations insuffisantes pour orienter vos choix au lieu d'offrir des informations suffisantes. Donc faites attention",-0.67,5681
Où sont les agents inwi ? 1h d’attente personne; à inwi Marjane idem : 2heures d’attente sans être servi. Pourquoi on embauche pas plus de monde surtout en période estivale ?! changer d’opérateur .,-0.76,5682
"Bonjour en tant que tourisme Français, je laisse mon avis, J'ai été en ville chez Inwi en Tétouan, un monsieur très professionnel et sympathique c'est occupé de moi en 15 minutes pour internet illimité c'est 200 Di sur place et 200 Di par",0.7,5683
"J'aurais donné 0 étoile, mais pas moyen!! Conseiller mal poli, ne veut même pas parler, je suis partie pour une offre wifi entreprise, il m'a dit qu'il ne le fait plus sous pretexte qu'il n'a pas envie!!!",-0.82,5684
C'est un simple shop 3m sur 2m presque réservé pour les demande de recharge Inwi carte et abonnement c'est tout,0.47,5685
Nul agence,0.36,5686
"Fuyez ! Ce sont de vrais voleurs ! Ils n'ont pas expliqué toutes les conditions générales, et quand vient le moment de résilier, ils vous font payer deux factures.",0.51,5687
"Le magasin n'ouvre pas à 9h00. Les horaires affichés sont de 9h30 à 13h30 et de 16h00 à 20h00. Je suis arrivé à 9h00 car c'était indiqué en ligne. Une fois devant la porte, j'ai constaté que les horaires étaient différents. À 9h50, le",0.0,5688
Peut être occupé mais peut offrir tous les services liés à inwi,0.58,5689
"Service absolument horrible, service client déplorable, je changerai de fournisseur dès que possible !",-0.94,5690
"Le pire qui puisse vous arriver, c'est de souscrire à un abonnement internet ADSL. Internet est inutilisable et le service est encore pire, surtout avec cet opérateur.",-0.68,5691
Bon traitement,0.86,5692
Des gens bons et sympathiques,0.97,5693
Comportement inapproprié,-0.57,5694
moins,0.48,5695
Vendre des numéros de téléphone Inwi,0.51,5696
bien,0.96,5697
Bon traitement,0.86,5698
👎🏼👎🏼👎🏼👎🏼👎🏼👎🏼👎🏼👎🏼👎🏼👎🏼👎🏼👎🏼  Testahlo 0,0.48,5699
bien,0.96,5700
"Le magasin ferme à 13h, alors que la page indique qu'il ferme à 18h",-0.4,5701
Toujours système en panne aussi mauvais service,-0.87,5702
"Accueil déplorable, les personnes au comptoir se prennent pour des supers stars directrice d'agence, elles sont hautaines et méprisantes, alors qu'elles ne sont que des vendeuses, et non pas des commerciales, puisque dans leurs métiers",-0.81,5703
"Aujourd'hui, je suis allé  pour savoir pourquoi la ligne Wi-Fi avait été déconnectée malgré notre dernière payement. L'employé a répondu que le système était en panne. Ce qui est étrange, c'est qu'après notre départ, j'ai remarqué qu'il",-0.74,5704
"Le service clientèle n'est pas de bonne réputation. On se sent mal à l'aise dans une agence Inwi, mais je préfère les services digitaux proposés par Inwi, je parle de Win c'est le meilleur service au Maroc.",-0.44,5705
"Le service de cette agence est déplorable, service zero",-0.86,5706
Système en panne tout le temps pour s’échapper au service des clients.,-0.45,5707
Service amélioré,0.61,5708
"Faites attention quand vous prenez votre monnaie , je ne suis pas le seul à mettre fait voler",-0.72,5709
Excellent service de l’agent Azeddine,0.93,5710
Le chargé de clientèle ne respecte pas les clients.,0.0,5711
Toujours mieux que IAM,0.57,5712
Un service lamentable,-0.78,5713
Très mal,-0.94,5714
Un service de top,0.85,5715
Bon service,0.92,5716
Paiement des abonnements pour l'opérateur inwi,0.44,5717
Correcte,0.52,5718
Agence principale INWI.,0.45,5719
Bien présenté,0.76,5720
Rien,0.52,5721
Fiable,0.63,5722
Nul,-0.4,5723
", ❤️",0.39,5724
Service médiocre,0.66,5725
"Service déplorable. Accueil lamentable. L'agent ne m'a même pas laissé le temps d'expliquer mon problème et s'est empressé de me proposer une solution inutile pour éviter de travailler. Si vous détestez votre travail à ce point, changez-le",-0.94,5726
"Cette agence, quand vous vous adressez à elle, Dieu vous apporte quelque chose qui arrivera directement chez vous. Service Zero00oooooooooooooo",0.82,5727
Service inexistant. Ils ne vous accordent aucune attention. Ils cherchent juste à se débarrasser de vous au plus vite pour pouvoir se reposer.,0.0,5728
Il n'y a qu'un seul employé.  Il n'y a pas de chaises pour les clients.,0.0,5729
Personnel très serviable,0.81,5730
Bien,0.75,5731
Hhhhhhh,0.5,5732
Des gens bien,0.96,5733
D'accord,0.56,5734
Dans l'actualité,0.45,5735
Agence de communication,0.48,5736
Intéressant,0.83,5737
"Ich hatte damals meinen PIN-Code vergessen und bin dorthin gegangen, um mir helfen zu lassen. Statt mir einfach zu sagen, dass der PIN 0000 ist, hat er jedoch so getan, als müsste er mir eine neue Karte mit einem neuen Datentarif für 500 DH",-0.65,5738
Agence inwi Marjane à éviter à tout prix! La vendeuse du prénom de Souad est une arnaqueuse de première catégorie. Elle est très agressive et désagréable qui plus est! Pour exemple j'ai eu le sentiment de l'ennuyer pour avoir les,-0.96,5739
Très bien touriste Francais qui savait ce qu'il voulait. Un forfait uniquement data illimité pour le camping car et une ligne mobile avec 1h d'appel et 25 go d'internet.,0.87,5740
"La Femme présente n'a pas voulu s'occuper de moi à 12h35, le magasin ferme à 13h00. A évite pour les tourisme Français. (Ma fait acheté carte sim prépayée pour soi disant validation l'abonnement internet) j'ai acheté cette sim de numéro en",-0.57,5741
Une femme seule a l’accueil Inwi 2 heures d’attente sans être servi : pourquoi vous n’embaucher pas?! Je change d’opérateur !,-0.54,5742
"La dame qui travaille dans cette agence doit changer de métier, elle n'est pas contente apparemment. Elle n'a même pas le temps de parler aux clients. À éviter",-0.57,5743
La dame qui travaille dans cette agence est désagréable et démotivée. Mauvaise image pour la marque Inwi ! Robert,-0.81,5744
"Lieu magnifique romantique,  faut seulement être Front avec les clients,  concernant les conditions d'accès au départ",0.55,5745
ADSL à Tetouan Très très ...... très nullll,-0.54,5746
Très bon accueil. Personne à l'écoute de vos besoins.,0.99,5747
Personnel serviable,0.68,5748
Magnifique,0.87,5749
Super agence Bon conseil Et très bon service,0.97,5750
"Nous avons eu des problèmes avec la carte SIM. Nous voulions souscrire un abonnement de deux mois et on nous a dit que nous devions payer en espèces à l'avance pour les deux mois, mais nous n'avons pas reçu de reçu officiel.",-0.64,5751
"Nous avons acheté une carte SIM chez inwi aujourd'hui. L'employé mérite plus de 10 étoiles ! Extrêmement serviable, compétent et très sympathique. Un grand merci encore pour votre patience et votre aide ! Cordialement de Munich",0.82,5752
"Nous y sommes allés plusieurs fois, et à chaque fois, on nous a dit que les cartes Wi-Fi étaient épuisées. Le vendeur nous a alors dit de revenir le lendemain vers 16h30, car ils étaient certains d'en avoir plein en stock. Nous y sommes",-0.6,5753
"Un grand merci au conseiller. J'ai pu acheter facilement une carte SIM à forfait, qui a été installée et activée immédiatement.",0.91,5754
"À mon arrivée, je recharge toujours ma carte SIM. La première fois, le système ne fonctionnait pas correctement, alors je suis allé au magasin local aujourd'hui et j'ai réessayé d'utiliser internet. Le système ne fonctionne toujours pas,",-0.57,5755
"La vendeuse sur place n'avait visiblement aucun intérêt à nous vendre une carte SIM de données de 30 jours, mais nous avons trouvé ce que nous cherchions dans la boutique Maroc de l'autre côté de la rue.",-0.49,5756
"La dame à l'accueil était vraiment désagréable. Elle pensait que je ne comprenais pas le darija, mais tant pis pour elle, je le comprends parfaitement.",-0.66,5757
"Service et attention excellents. Ahmed, le vendeur, est fantastique et très serviable. Je le recommande vivement.",0.98,5758
Ils sont souvent fermés à différentes heures de la journée. Le processus de paiement d'Inwi pour les services en cours est complexe.,-0.39,5759
"Que la paix soit avec vous. Je déconseille d'aller dans les supermarchés Marjane. L'accueil est chaleureux au premier abord, mais en cas de problème, on vous épargne les démarches ou on vous abandonne.",-0.6,5760
"Agents sympathiques, aussi bien la femme que le homme.",0.91,5761
"Un chiffre est exclu, et la paix n'est absolument pas acceptée.",-0.56,5762
👍,0.42,5763
Inwi 3g,0.51,5764
Traitement au niveau,0.51,5765
Beau,0.59,5766
Mauvais,0.52,5767
Très petit agence comme un épicier.c malhonnête d'avoir un agence comme cela pr une grande société de télécommunication comme INWI,-0.7,5768
Le service client est très mauvais,-0.95,5769
Bien localisé,0.56,5770
Manque d'équipements,0.54,5771
Le réceptionniste de l'agence était incompétent. Il a falsifié un contrat de numéro de téléphone et l'a transféré illégalement à une autre personne.,-0.87,5772
Travail : 0  Service client : 0,0.58,5773
Un magnifique village historique ; le visiter procure un sentiment de paix.,0.89,5774
"Service impeccable, bien mérité à Taourirt",0.93,5775
Mauvais service,0.57,5776
Service 0,0.58,5777
Agence non professionnelle,-0.52,5778
normale,0.5,5779
👎👎👎👎 10:01,0.48,5780
La boutique top parcontre le technicien abusé qui arrive sans donnez d heure si tes pas la tempis abusé la moindre des choses c et d appeler et dire j arrive entre telle et telle heures,-0.74,5781
"Ne veulent pas donner le routeur pour l’offre wifi vacay sous prétexte que leur stock est faible.. alors même que le service client m’indique que c’est chez eux que je dois récupérer le matériel.. Bref personnel incompétent, essaie de vous",-0.68,5782
"J'ai visité cette agence INWI pour bénéficier d'un abonnement et j ai trouver un très bon servie, ainsi je tien a remercié infiniment le chef d'agence de ça disponibilité!",0.87,5783
"C une agence à tetouan au centre de la ville, le service est long il n'y a qu'un seul agent pour servir les clients, il faut être très patient.",-0.44,5784
Un tres bon personnel et plus 1 bon service  merci bpc,0.94,5785
Le personnel est aimable et serviable.,0.89,5786
"Personnel à l'écoute, très professionnel",0.75,5787
Accueil chaleureux et commercial très compétente,0.59,5788
De gens très serviables,0.71,5789
Bon service,0.92,5790
"C'était bondé, une seule personne travaillait. Il y avait bien une autre dame, mais elle n'aidait personne, alors que 15 personnes attendaient et que d'autres arrivaient encore. Un comportement vraiment antisocial.",-0.92,5791
Service client déplorable : certains employés manquent de professionnalisme et de respect pour le temps des clients.,-0.91,5792
"Les files d'attente deviennent interminables. C'est bien d'avoir du monde dans le magasin, mais si seulement une caisse sur trois est ouverte",-0.43,5793
Le travailleur était gentil et son travail en expliquant bien les services mais pas un visage souriant,0.43,5794
"L'agent masculin est très arrogant dans sa façon de parler aux clients, et en plus, il est très lent !",-0.83,5795
"Il y a là-bas des gens qui travaillent à un certain niveau, et honnêtement, j'apprécie de traiter avec eux avec le plus grand respect et la plus grande reconnaissance.",0.89,5796
Traitement de niveau,0.51,5797
Personnel sympathique et serviable,0.87,5798
Aucun employé,0.0,5799
la pire agence de tous les temps,-0.79,5800
Très agréable,0.8,5801
Salutations à frère Mahdi,0.72,5802
Service client médiocre,0.62,5803
Correct,0.5,5804
👍,0.42,5805
Meilleur traitement,0.9,5806
👍👍👍,0.42,5807
traitement,0.57,5808
agence inwi.,0.49,5809
L'agence a besoin de maintenance,0.6,5810
Ce lieu n'est pas bien situé. Il n'y a pas d'agence de ce type ici. Son véritable emplacement est à Boukhalf.,0.0,5811
Il n'y a rien à cet endroit,0.0,5812
Localisation de la panne,-0.4,5813
rien,0.42,5814
Je remercie infiniment le personnel de cette agence inwi pour leur travail precieux professionnel et bonne qualité Sans leur aide le probleme fait par l'agence inwi saada n'aurait pas être resolu,0.69,5815
Très déçu par l'accueil ce manque de professionnalisme ne donne pas envie de revenir,-0.93,5816
Bon service et conseil disponible,0.91,5817
Nul inwi,-0.42,5818
Pas mal,0.41,5819
Serviable,0.69,5820
Agence magnifique,0.54,5821
Extraordinaire,0.61,5822
"Je déconseille fortement cette agence, en particulier leur commercial. Ils sont très présents au moment de la signature du contrat, mais une fois engagé, le service devient inexistant.",-0.8,5823
"Mise à jour : si vous voyagez, évitez les eSIM ou les cartes SIM d’Inwi, leur service est déplorable. J’ai demandé de l’aide et on m’a dit d’appeler le service client ; le service est vraiment mauvais, Orange est bien meilleur.",-0.86,5824
"J'ai acheté une carte SIM et un forfait internet de 25 Go avec WhatsApp illimité ici jeudi. Je n'ai pas vérifié la connexion internet sur place, ma batterie était faible, et après être parti, je me suis rendu compte que je n'avais pas",-0.49,5825
Excellent,0.96,5826
Service excellent,0.96,5827
"J'ai fait une demande de crédit auprès de cet organisme, mais je ne l'ai jamais reçu.",0.0,5828
ils ont vendu une carte SIM censée être pour un mois de données. Elle n'a duré que 3 jours. et pour 100 dirhams. pas sympa.,-0.45,5829
"La pire entreprise de télécommunications du Maroc, merci.",-0.74,5830
"Je ne le recommande pas. Ils ne reçoivent pas de clients, même s'ils sont ouverts.",0.0,5831
Très mauvais service,-0.95,5832
Merci pour votre gentillesse.,0.96,5833
Fes . Cheikh Ahmed Tidiane #fes #tidianie #NIASS *NIASS*,0.52,5834
Inwi est un peu bon,0.95,5835
C'est bon,0.97,5836
Gare centrale de Fès,0.52,5837
Inwi est une entreprise de télécommunications,0.56,5838
Super,0.78,5839
Merci,0.86,5840
Manque d'informations. Nul .ma ligne est occupée depuis longtemps ils n'ont pas pu intervenir,-0.5,5841
"Bonjour Je me permets de mettre un avis défavorablee à cette agence suite à ma propre expérience. J’ai souscrit un abonnement box Idar Je me suis acquitté de 500dh ,",-0.48,5842
J'avais un souci concernant le wifi et retard d'installation mais la fille qui s'appelle Ghita vraiment m'a aidé elle a appelé avec son tel et Il a fait son max merci beaucoup vraiment tu es professionnel,-0.43,5843
Service déplorable ! La dame connait meme pas les offres  et se montre agacé par vos questions.,-0.94,5844
"Assez bon service ,éviter les heures de pointe surtout si vous êtes en voiture.",0.92,5845
J'ai mon téléphone intelligent Samsung Galaxy note pro et perso je suis en train de faire une photo,0.73,5846
"Des gens sympas, très accueillants et à l'écoute. Rien à reprocher",0.9,5847
Plein de joie avec des bons services et réceptions des clients,0.91,5848
Excellant service client vraiment rien a dire,0.92,5849
Service impecable,0.56,5850
Fes,0.43,5851
Agence principale de Fes,0.45,5852
"Le pire service que j'aie reçu depuis un mois ! J'ai commandé le Wi-Fi, et à leur arrivée, ils ont prétendu l'avoir installé. Ça ne fonctionne toujours pas. J'ai essayé de les appeler, mais ils n'ont pas répondu. Je ne les recommande absolument pas ; ils vont vous rendre fou !",-0.83,5853
"Service médiocre. La femme qui y travaille, en particulier, n'a jamais compris ce que signifie être un bon service. J'ai eu un problème avec Internet, mais elle a été très sèche et a montré",-0.39,5854
"Votre travail est d'une précision remarquable, et vous vous caractérisez par un sens aigu des responsabilités et de l'engagement.",0.86,5855
Leur service est déplorable et ils n'offrent aucune solution aux problèmes liés à leur réseau.,-0.72,5856
bien,0.96,5857
Momken anyakon jayed,-0.53,5858
Haut,0.44,5859
bons services,0.94,5860
Fès et tous les habitants de Fès,0.47,5861
Service médiocre,0.66,5862
Le numéro appelé est faux,-0.63,5863
"Très déçu(e) par le service de cette agence. Longue attente, personnel peu réactif, et mon problème n’a toujours pas été résolu après plusieurs visites. J’espère une amélioration rapide.",-0.95,5864
"Personnels ignorants et toxique, services long et inapproprié. Manque total de professionnalisme. Inwi risque de perdre ltrop de clients dans ce quartier",-0.86,5865
"Retard infini, professionnalisme à revoir",-0.45,5866
Service nul a ne pas visiter toujours  fermé. En fait la porte est ouverte mais le responsable n'existe pas c'est la 10 fois que je le trouve pas.,0.0,5867
Le responsable est accueillant et dynamique mais il lui faut de l aide exemple un 2eme collaborateur,0.61,5868
"Beaucoup de monde en attente, système informatique en panne, qualité de service minable, agent commercial nerveux..... C'est comme ça toujours !!!!😠😠",-0.82,5869
"Conseiller très accueillant, serviable et compétant.",0.96,5870
Très gentille l'agent. Explication et précis,0.6,5871
Très bon service,0.98,5872
bon comportement avec les clients!,0.98,5873
Manque d'information,0.43,5874
Le service est agréable,0.63,5875
Le service est incroyable,-0.53,5876
Toujours les problèmes avec ce type là,-0.39,5877
Inwi pour tout et pour toujours haute qualité ..!!!❤️🤤,0.9,5878
Très bien satisfait,0.98,5879
Accueil chaleureux,0.52,5880
Service lent,0.53,5881
Agence cash plus,0.62,5882
Le service est déplorable et le comportement de l'employée est encore pire. Je conseille aux clients d'Inwi de s'adresser à n'importe quelle autre agence. Le réseau d'Inwi est excellent ; mon problème concerne uniquement l'employée. Son comportement était inadmissible.,-0.73,5883
"L'employé de cette agence est aimable, excellent et très professionnel. Je recommande vivement cette agence réputée à toute personne ayant un problème à résoudre ou tout autre besoin. Merci infiniment pour ton aide ❤️",0.95,5884
"Service déplorable  traitement indigne  nous avons été contraints d’attendre plus d’une heure debout  retards dans le paiement des factures  vous payez, ils refusent la facture, prétextant une panne du système",-0.86,5885
Son emplacement est pratique... et l'employé est responsable... bon service.,0.89,5886
Service médiocre 👎,0.63,5887
Bien,0.75,5888
Traiter au niveau,0.57,5889
mauvais,-0.73,5890
Inwi,0.52,5891
Très bon service à la clientèle,0.98,5892
Mauvaise service .,0.54,5893
Très professionnel,0.71,5894
très bon accueil,0.98,5895
Service nul,-0.45,5896
Excellente,0.98,5897
Excellent service,0.95,5898
Bien,0.75,5899
D'accord,0.56,5900
Trop d'attente pour avoir seulement une réponse à une question.,-0.52,5901
"Le Pire service qui puisse exister  des arnaqueurs, impossible de résilier un contrat, on te trouves toute sorte d’excuses pour te faire payer un abonnement. On te di Satisfait ou remboursé pendant 8 jours, je reviens le lendemain pour",-0.83,5902
"Des fauteuils qui sont placés dans l'autre côté du magasin, ce qui fait que les gens restent debout. La pauvre dame qui travaille dans l'agence est la seule et je pense que c'est beaucoup de travail pour elle vu le nombre de clients.. Je pense qu'il faudra recruter plus d'employer car les gens restent beaucoup de temps.",-0.74,5903
"temps d’attente trop long et pas assez d’employés, catastrophe !",-0.9,5904
Beaucoup d'attente : une seule personne pour servir les clients.,-0.51,5905
Bon service avec un personnel agréable je recommande,0.92,5906
"Une bon agence pour payer vos factures, et faire vos transactions, abonnements, resiliations de contras, bonne service",0.94,5907
Des gents simpa bon sercice,0.94,5908
Meilleur service avec kader et hicham,0.92,5909
Service médiocre,0.66,5910
La dame est perdue. Pas pro,-0.68,5911
Une grande agence parfait,0.88,5912
bon service,0.96,5913
Très mauvais service,-0.95,5914
Au top. service à l'européenne.,0.82,5915
Un bon SAV,0.96,5916
Service d'expertise,0.64,5917
Mauvais accueil,0.78,5918
Peu professionnel,0.5,5919
Service impeccable,0.5,5920
Bon,0.91,5921
Bien,0.75,5922
Service nulle,-0.48,5923
Des voleurs,0.61,5924
"Aujourd'hui, 10 février 2026, le service est très mauvais.",-0.89,5925
Li b5a yday3 chi 2h yji lhna,0.42,5926
Excellent traitement,0.86,5927
"N'ouvre jamais à l'heure. N'indiquez pas 9h30 si vous n'avez pas l'intention d'ouvrir à cette heure-là. Souvent, il n'y a qu'une seule personne pour le personnel. Longues files d'attente.",-0.45,5928
"Beaucoup de clients, trop peu d'agents (sympathiques, certes !), et aucun endroit où s'asseoir pour patienter. De toute façon, la file d'attente n'est pas clairement délimitée.",-0.6,5929
La responsable était très serviable.,0.75,5930
L'encadrement et le travail acharné sont des facteurs fantastiques qui méritent d'être encouragés.,-0.48,5931
mauvais service,-0.85,5932
Le saut est toujours lourd,0.38,5933
Amusant,0.63,5934
Faible,0.4,5935
Une très mauvaise expérience,-0.96,5936
Bon traitement,0.86,5937
J'avais besoin de payer ma facture alors chaque fois que je m'adresse à l'agence je trouve toujours de la queue et que la personne qui traite le paiement ou bien n'importe quel service prend 5 minutes à 6 minutes pour régler avec le client et ça fait plus qu'une semaine que je fais le va et vient sans paiement de facture,-0.45,5938
"J'avais une abonnement adsl fix, lorsque j'ai demandé de résilier le contrat, ils m'ont surpris q je dois attendre 1 mois pour que le contrat soit résilier !!!??? Et le pire je dois payer ce mois !!!!!!????? Arnaqueur",-0.77,5939
"Mauvaise organisation pour obtenir un remboursement et au final attendre 3 mois !!! Une des conseillères sur place est méprisante, elle a insulté un autre client de",-0.85,5940
Service médiocre... Manque de professionnalisme,0.55,5941
Je vous déconseille fortement cette agence qui a 1ere vue semble de qualité hors jai été reçu par une conseillère : sanaa mzegoui ( nom retenu de tête) qui s'est montrée très hautaine incompétente et sans réelle envie de conseiller ou,-0.66,5942
"Bon endroit, bon service, les gens sont vraiment serviable",0.97,5943
"Très mauvaise expérience, service après vente inexistante, sauf si vous allez acheter, ou bien payer Comme des toiles d'araignée",-0.97,5944
mauvaise organisation / Un agent  de sécurité qui privilégie comme il veut le passage en caisse pour paiement 😳,-0.96,5945
"Une des pires agences qui existe au monde Je vous conseille d'aller à maroc telecom. Elle a un réseau comparable avec celui de free, sans les avantages de location de mobile de free .",0.0,5946
service déplorable. Ils répondent pas aux appels des clients. Le personnel est agressif.,-0.86,5947
"Le fille dans l'accueil est très gentille, elle explique très bien les choses et vous donne toutes les informations nécessaires..merci Je parle de l'agence et non pas de l'opérateur 😉",0.8,5948
Mauvais accueil personnelle qui est tres long c est vraiment.pas professionnel je vous déconseille,0.49,5949
"Très mauvaise , un 'système  informatique ' fou, aucun respect du temps du client,  bcp d'attente !!!",-0.98,5950
"Bons conseils, bonnes explications des produits et des frais engagés. Personnel accueillant.",0.99,5951
Vraiment une bonne service. Inwi reste pour moi le leader. Merci inwi,0.94,5952
Pas mal,0.41,5953
Bof... pas terrible. Accueil minimum.,0.0,5954
Accueil très chaleureux. Merci à vous tous.,0.86,5955
Tres mauvaise expérience a évité,-0.93,5956
Le service dégueulasse,-0.68,5957
Les prix imposés par ces agences sont exorbitants,-0.63,5958
Je suis un nouveau client d'elle,0.63,5959
Tres bon service,0.94,5960
Très MOVAISE ACCUEIL,0.71,5961
Bon service,0.92,5962
Satisfait de l'accueil,0.66,5963
Agence inwi,0.48,5964
Le téléphone ne répond jamais Services médiocres. Accueil infernal,-0.48,5965
Service extrêmement lent 👎🏼👎🏼  Beaucoup de clients à l'intérieur (15/17) et seulement deux agents du service,0.5,5966
"Après deux ans de galère avec l'internet ADSL, nous payons nos factures à temps sans aucune tolérance, malgré une connexion réduite à quelques heures par jour à cause des coupures fréquentes et des problèmes techniques.",-0.69,5967
"Le personnel était très aimable et la connexion internet a été activée sans problème. On m'a dit que les données seraient opérationnelles dans 5 minutes, alors j'ai attendu dans le magasin pour vérifier que tout fonctionnait correctement avant de partir.",0.81,5968
"Le service est déplorable. J'ai appelé et on m'a fait attendre 33 minutes. J'ai même fait une capture d'écran de l'appel pour déposer une réclamation, car j'ai payé il y a quatre jours et ma connexion internet n'est toujours pas rétablie.",-0.92,5969
"Service client épouvantable. L'internet Inwi est quasiment inactif. Il est en panne la plupart du temps. En plus, ils vous font tourner en rond et, zut, quand vous êtes enfin prêt à accepter n'importe quel service, on vous dit qu'ils n'ont",-0.66,5970
"Le problème concerne l'ensemble de l'agence Inwi, et pas seulement les utilisateurs. C'est au responsable chez Inwi de trouver une solution à ce problème de connexion.",-0.46,5971
Ils nous ont reçus à merveille.  Nous avons acheté une carte SIM data uniquement à 5 € avec 5 Go de données  mais,0.54,5972
La gentillesse et la patience dont la réceptionniste a fait preuve à notre égard témoignent de sa compétence et de sa bonne moralité.,0.67,5973
"C'est bien, mais vous allez attendre BEAUCOUP, beaucoup, et le service n'est pas très bon, comme si je parlais avec un employé d'Inwi et il était au téléphone en train de rire, me parlant à peine.",-0.64,5974
llh yakhoud fihoum 7e9 agence akfasse cheftha fe 7yati maki3rfouch t3amlo m3a kliane,0.48,5975
"Si vous parvenez à joindre cette agence, sachez que Dieu vous aime, car lorsque Dieu aime un serviteur, il le met à l'épreuve.",0.83,5976
Service dlwiil yeee3,0.53,5977
"Le numéro de téléphone est purement fictif.  J'ai appelé à plusieurs reprises, mais personne n'a répondu.",-0.49,5978
"Inwi Agency, le meilleur réseau mobile du Maroc",0.89,5979
Emplacement idéal près de la mosquée de Tunis.,0.54,5980
Service et traitement très médiocres,0.48,5981
Merveilleux,0.62,5982
mauvais traitement,-0.87,5983
Bonne agence à Inwi,0.93,5984
Service très médiocre,0.67,5985
Une agence affiliée à Inwi,0.6,5986
Toujours bondé de clients,0.62,5987
D'accord,0.56,5988
bien,0.96,5989
bon service,0.96,5990
👎👎👎,0.42,5991
Service Nule,0.36,5992
J'ai jamais vu une agence de Télécom sans numéro de téléphone pour le rejoindre,0.0,5993
Cet appel est faux,-0.71,5994
L'endroit n'est pas organisé alors que le quartier semble moderne et contemporain.,0.0,5995
Bien pour vous connection,0.8,5996
Un bon service. Une bonne équipe,0.99,5997
Une équipe professionnelle,0.62,5998
"Le service est inexistant, ils vous donneront un laissez-passer de qualité inférieure aux normes.",-0.67,5999
"J'ai été très déçu par inwi. Au début, je pensais que c'était une bonne chose de soutenir une entreprise marocaine, mais malheureusement, c'était pire. Leur service était vraiment mauvais, les gens qui y travaillaient étaient incompétents",-0.95,6000
"Que Dieu se venge de toi, sale servante, tu as des Flagons qui vendent des vêtements rue Rotorat. Fais attention à elle. J'ai des lames. Que Dieu se venge d'elle.",-0.74,6001
"Mauvais service, si vous avez un problème, ne venez pas ici, ils vous enverront dans une autre agence pour éviter de faire leur travail, comment puis-je donner moins d'une étoile 😏",-0.53,6002
"Très aimable et professionnel, toujours serviable.",0.95,6003
L'endroit est plutôt sale.,0.35,6004
Bien,0.75,6005
Personnel très sympa et accueillant,0.92,6006
Mauvais service zeeero,0.6,6007
Très mauvais service.,-0.96,6008
La responsable est pas correct,-0.44,6009
la femme gentille.  serviable,0.81,6010
Service correcte,0.44,6011
Bien accueilli,0.94,6012
Service médiocre,0.66,6013
Super,0.78,6014
Service déplorable  Nettoyer le sol pendant que les clients attendent leur tour et passent leur chemin  C’est une blague !,-0.94,6015
Mauvais service Zerooo Ils ne répondent pas au téléphone. Je ne sais pas pourquoi ils ont appelé ce numéro. Ils ne répondent pas.,-0.45,6016
Négociez au niveau requis,0.42,6017
Les employés sont très gentils et souriants. Merci.,0.68,6018
Plutôt bien,0.88,6019
Chokran,0.56,6020
A fuir si je pouvais leur donner un 0 je n’hésiterai pas Inwi la pire de toutes les agences Telecom au Maroc ma mère de 72ans a Fès subit l'une des plus compliqué expérience chez l'agence Inwi la Meryem à Fès pour une simple résiliation,-0.72,6021
"La plus pire des agences qui existe au monde,  que des voleurs.",-0.94,6022
Des conseiller jeunes a l écoute et serviable,0.77,6023
C'est une belle agence,0.96,6024
9riba wbon services,0.56,6025
Toujours plein,0.6,6026
Catastrophe,-0.7,6027
"Je suis passé à 16h ; il n’y avait personne en magasin et personne ne répondait. C’est vraiment frustrant, car on perd des clients comme ça ; on aimerait prendre un abonnement.",-0.85,6028
"L'agence Inwi à Fès est bien, mais le réseau internet est très faible en dehors de la ville.",0.7,6029
C'est ici que vous allez avec vos amis pour prendre une tasse de café et quelque chose à manger,0.59,6030
Très beau,0.98,6031
Parfait.,0.79,6032
Leurs services sont nuls.,-0.55,6033
D'accord,0.56,6034
"Service nulle, siyed Li f réception katlb mno informations fhali kats3ah.. b dak mal traitement mchit drt contrat m3a autre opérateur 👎👎👎",-0.62,6035
Très mauvais service,-0.95,6036
"Maroc ville de Fes Agence Inwi Oued Fes : spécialisée dans les télécommunications. Désigne : style moderne, espace très limité.",0.4,6037
Grand chapeau au serviteur Omar ...un très bon service .,0.95,6038
Personnelle gentil et serviable,0.81,6039
Parce que le plus beau de quartier,0.86,6040
Service zéro désolé,0.41,6041
Coul,0.47,6042
"Service déplorable, aucun support client et aucune solution aux problèmes liés à leur réseau très médiocre.",-0.62,6043
Mécontent,0.43,6044
Service Télécom,0.5,6045
Service 3iyaaaaaaan,0.57,6046
sava,0.53,6047
👍👍👌,0.42,6048
Bien,0.75,6049
"M’ont aidé avec ma esim acheté à l’aéroport qui avait un problème, ont réglés mon soucis après plusieurs minutes passés à tenter de me trouver une solution, ne m’ont absolument rien demandé de payer en plus ou quoi que ce soit, la femme de l’accueil a été très gentille et compréhensive",-0.62,6050
"Attention arnaque !. J'ai demandé une carte prépayée à 100 Dh pour utiliser mon GPS avec Internet (je suis Français), le vendeur nous a finalement édité un contrat !!",-0.9,6051
"Je regrette bcp le faite d’être cliente chez vous ni qualité ni une bonne cnx , ainsi que le comportement d’un conseiller qui s’appelle alae est désagréable, vulgaire , il donne l’impression qu’il fait ce travail pour nous faire plaisir Et pas parce qu’il est un représentant de la société INWI , Bref Très mauvaise expérience",-0.94,6052
Mauvaise expérience. Personne agressive et mal honnête. Je ne recommande pas cette boutique.,-0.8,6053
Des arnaqueurs,-0.5,6054
Personnel sympathique. J'ai acheté une carte SIM pour accéder à Internet.,0.63,6055
"J'ai acheté une carte SIM pour 100 MAD. On m'a assuré qu'elle serait activée en une heure. Or, c'est faux : la carte ne fonctionne pas et ils n'ont proposé aucune solution. De plus, aucun reçu n'a été fourni. Argent perdu. À éviter absolument !",-0.72,6056
"À mon arrivée à l'aéroport de Fès, juste après avoir récupéré mes bagages, des personnes proposaient des cartes SIM gratuites (de marque INWI). Ne sachant pas comment l'activer, j'ai demandé de l'aide au personnel de l'hôtel une fois",-0.4,6057
Je préfère régler mes factures là-bas car l'employé est poli et courtois. Mes salutations à lui.,0.65,6058
"Ce type qui travaille là-bas est un menteur, il dit qu'il est au chômage alors qu'il ne l'est pas, il ment aux gens.",-0.79,6059
Bravo !,0.99,6060
incroyable,-0.49,6061
service agréable,0.67,6062
Très désagréable. Respect pas les horaires d’ouverture. Pour un problème de connexion sur ma box ils vous font revenir 10 fois sans régler le problème next inwi,-0.88,6063
"Catastrophique a fuir absolument, des vendeurs très désagréables Astaghfiroullah 😭",-0.81,6064
Inui est le pire opérateur téléphonique au Maroc. C' une énorme arnaque !,-0.95,6065
Une meilleure chargé de clientèle Je félicite pour son meilleur travail,0.96,6066
"Service impeccable,personnel accueillant,serviable et chaleureux",0.89,6067
Service nul et fonctionnaires très désagréables avec les clients ........,-0.83,6068
"Agence inutile qui ne sert aucun service, a eviter",-0.58,6069
Service correct. Personnel aimable,0.56,6070
La personne qui y travaille n'est pas utile,-0.61,6071
Mauvais service. Mauvais accueil. Mauvais personnelle,0.87,6072
Bon service,0.92,6073
Très mauvais service,-0.95,6074
Agence de téléphonie mobile,0.49,6075
Pratique,0.58,6076
top service,0.84,6077
Agence de télécommunications,0.46,6078
MERYEM Tu es vraiment une fille intelligente. Tu travailles très vite. Mashallah. Je prie Allah de t'accorder une longue vie.,0.91,6079
Ce magasin vend un iPhone 13 Pro Max volé à l'aéroport de Barcelone il y a deux semaines.,0.51,6080
Ce magasin vend des iPhones volés à des personnes honnêtes qui ont travaillé dur pour les acquérir. N'achetez pas ces iPhones et signalez-le à la police si l'on vous propose un iPhone d'occasion suspect.,-0.6,6081
"Modification : Excellent service, sympathique, bon traitement et résolution rapide du problème. Merci.",0.98,6082
"Ce magasin est destiné au service inwi, et vend des téléphones et des tablettes, sous forme d'abonnement.",0.65,6083
"Je ne hais rien, car le monde est beau. Allez découvrir ce monde meilleur, vous ne le regretterez pas.",0.83,6084
"Bien, je le recommande",0.58,6085
Service médiocre et accueil froid,0.58,6086
Très mauvais,-0.94,6087
Bon service,0.92,6088
Dans je,0.57,6089
Un bon acceuil,0.96,6090
Bravo génial,0.93,6091
Bon service,0.92,6092
Bien,0.75,6093
"Grâce à cette agence, je suis passé d'Inwi à Orange.",0.86,6094
"Service médiocre, je ne le recommande pas.",0.0,6095
"Sans style, il ne mérite même pas une étoile.",0.0,6096
Un bon accueil et des explications de grande qualité ont été fournis.,0.98,6097
Je ne le recommande pas. Ils ne savent que recouvrer les factures. Il faut remplacer les débutants par des professionnels expérimentés et capables de résoudre les problèmes.,0.0,6098
Nous serons heureux de recevoir votre réception à domicile.,0.63,6099
Un endroit que je ne recommande pas de visiter,0.0,6100
bel endroit,0.64,6101
Excellent,0.96,6102
🤑🤑,0.42,6103
excellent,0.97,6104
Bons services,0.93,6105
Des animateurs et agents sympas. Mais le service et la connexion internet sont pas au niveau  requis ou offert. J'espère que vous répondrez à ce détail car les clients et les clients potentiels font davantage confiance à la recommandation d'un ami ou d'un voisin qu'à la publicité et à la promotion.,-0.41,6106
Un bon service et un bon prix je conseille vivement cette agence,0.97,6107
"bonne agence de service INWI , le gérant est sympa et serviable",0.94,6108
Nul,-0.4,6109
Bien services,0.85,6110
"Cette employée ne sait même pas ce que signifie ADSL, et chaque fois que j'ai besoin d'aide, elle me dit de les appeler. Qui sont ces gens que je suis censée appeler ? Qui représentez-vous, et quel numéro dois-je composer ? Franchement, elle est incompétente.",-0.56,6111
Service médiocre et il faut attendre une journée pour poser une question,-0.37,6112
"La pire agence que j'aie jamais vue, surtout leur représentant, qui était vraiment désagréable et impoli. Je ne recommande absolument pas cette agence.",-0.91,6113
"Bonne usine, Mazyan",0.93,6114
mais,0.48,6115
Service tres faible,0.46,6116
Tres faible,0.5,6117
Tres faible,0.5,6118
"Malheureusement, leur ton de voix est très bas, comme s'ils parlaient à un voleur et non à un client.",-0.78,6119
"Un autre service est disponible dans cette agence.  Moi : Bonjour, je souhaite retourner ce train.",0.72,6120
"J'ai finalement trouvé une carte SIM de 5 Go. Le vendeur ne parlait pas beaucoup anglais et mon français et mon espagnol sont limités, mais on est arrivés et je suis reparti content.",-0.44,6121
Le pire service que j'aie jamais vu de ma vie.,-0.59,6122
C'est un bon service,0.98,6123
Bon traitement,0.86,6124
Beau et bon,0.97,6125
Service et compétence,0.73,6126
Société de communication de rue populaire,0.64,6127
Maman,0.54,6128
une agence,0.51,6129
⚡Merci pour l'excellent service,0.95,6130
Tout est mauvais:le service;l'acueil avec un personnel......,-0.98,6131
C bien,0.75,6132
"Bon service, moins fréquenté que l'autre agence, et le personnel est super sympa ✌️",0.85,6133
Frais et merveilleux,0.47,6134
Malgres je ne suis pas votre abonné mais je suis toujours parmis ceux qui admirent cet établissement de communication vos publicités sont bien suivis par moi et je les notte avec mention très bien.,0.74,6135
Je me sent bien,0.92,6136
Mrc,-0.41,6137
Service médiocre,0.66,6138
Bon service,0.92,6139
Marchandises,0.56,6140
D'accord,0.56,6141
clients de niveau,0.58,6142
"Agence qui n'est même pas présente sur Google maps donc pour s'y rendre c'est pas évident. Et une fois qu'on y ai , attendez vous à beaucoup d'attente. Un seul agent de disponible et c'est comme ça à chacune de mes visites. Pour une grande",-0.58,6143
"N’existe pas (ou plus) car introuvable. Fausse adresse, Fausse pub. Hic j'ai fait 3 fois le tour pour digérer.",0.0,6144
Très mauvaise expérience. J’ai demandé un forfait sans engagement car j’étais en vacances à Agadir. Le vendeur Simo m’a assuré que c’était le cas. Résultat : je reçois une facture et on m’impose un préavis de 30 jours pour résilier. ❌ Mensonge et arnaque. À fuir !,-0.98,6145
Agence du 37 avenue Hassan 2 Agadir ! Très mauvaise expérience mal reçu par le vendeur Mr Lahcen qui m’a dit ici on est pas en France ?Alors que je lui parlais en darija ! Très nerveux 😥 du coup j’ai préféré aller plus loin à l’agence inwi,-0.98,6146
"Très belle équipe , la meilleur sur agadir , les autre comme j mentionné sur plusieurs commentaires c des mokataat",0.91,6147
"J'ai signé un contrat à cette agence en juillet dernier. Ma fibre a bien été installée dans les temps comme convenu mais là n'est pas le problème. S'agissant d'une société, j'ai donc fourni le nécessaire comme le RC et prévois donc de payer",0.0,6148
Téléphone qui sert à rien il ne réponde jamais ppfffffffff,0.0,6149
Service nul absence totale de l’agent de sécurité toujours au téléphone . Une queue d’une quinzaine de personne et quant il s’agit de quelqu’un qu’ils connaissent il passe avant tout le monde . Y avait un client mécontent des qu’il est,-0.42,6150
Attente très longue pour régler 2 facture s et en plus comme toujours le terminal de paiement carte bancaire ne fonctionne pas donc il faut aller retirer des dirhams au distributeur inadmissible pour une telle société,-0.55,6151
Très bien reçu  bonne accueil professionnel le prix intéressant également,0.98,6152
"Malgré le paiement des factures, le numéro de téléphone reçoit des appels sans pouvoir appeler sans solution pendant plusieurs jours, un manque total de professionnalisme",-0.78,6153
Tres mauvais acceuil Service qui manque d'effectifs professionels Chef de service qui n'intervient pas pour resoudre les problemes,-0.96,6154
"Manque de personnelle, mais je met 5 étoiles pour leur professionnalisme 👍",0.79,6155
Très bon rapport qualité prix,0.98,6156
Ils ne fait rien,0.0,6157
Service nulle malheureusement,-0.86,6158
"Siège régional, bon accueil.",0.98,6159
N’existe pas,0.0,6160
Bonne,0.95,6161
Bon service,0.92,6162
Les amis d'autre fois.,0.56,6163
Bon accueil,0.95,6164
Attente.mauvais accueil.,-0.91,6165
mauvais service.,-0.89,6166
Service clientèle,0.57,6167
Mauvaise ressibtion,-0.63,6168
Complet,0.72,6169
:p,0.45,6170
bad service,-0.85,6171
Mauvais service,0.57,6172
Longue attente car 1 seule personne pour recevoir,0.49,6173
"Depuis quelques mois, je rencontre des problèmes de connexion, surtout pendant les intempéries. De passage à Agadir, je suis allé dans une boutique pour me renseigner sur mon domicile à Ghazoua. Seule une employée était assise à son bureau,",-0.53,6174
"Le magasin est bien, mais son principal inconvénient est la lenteur du service client pendant le service du matin.",0.76,6175
"Malheureusement, c'est ma deuxième visite dans ce service pour une raison simple, et je n'ai pas reçu le service souhaité. Le niveau de service et de communication est insatisfaisant, à l'exception de l'employé du guichet 2, qui fait de",-0.72,6176
"Aujourd'hui, je suis allé à l'agence et elle était ouverte. Il n'y avait pas un seul employé, à part le portier. J'ai attendu environ une demi-heure, puis quelqu'un est venu me dire que le système était en panne ! Puisque le système était en panne, pourquoi sont-ils dans l'agence ? Malheureusement, le traitement n'est pas à la hauteur.",-0.65,6177
Le magasin a-t-il fermé définitivement mais l'information n'a pas été mise à jour sur les cartes ?,-0.49,6178
"Le comportement du personnel était inadmissible. Je souhaitais retourner un appareil et en obtenir un portable, mais l'employé a refusé de le prendre. Lorsque je lui ai dit que j'allais me plaindre auprès de la direction, il m'a répondu",-0.8,6179
"C'était presque ça, mais sur Google, c'est indiqué comme ouvert.",0.0,6180
Fermeture définitive,0.46,6181
Fermé,0.52,6182
"Salut, bon restaurant, excellente cuisine et bon shawarma à la viande 👍",0.98,6183
"Un personnel agréable et attentionné ! Et surtout, des tarifs raisonnables ! Je suis passé de Telecom à INVI !",0.73,6184
Il n'existe plus.,0.0,6185
"Il n'existe plus, il n'y a plus qu'un restaurant.",0.0,6186
Une entreprise de télécommunications compétitive avec une excellente couverture,0.93,6187
Excellent accueil,0.97,6188
Bonn,0.73,6189
d'accord,0.59,6190
Bien  très bien,0.97,6191
Bien,0.75,6192
Bien,0.75,6193
Ce bureau est FERMÉ (vérifié en mars 2026). Ne vous y rendez pas.,-0.46,6194
"Super accueil pour avoir un accés sur le réseau Marocain pour une durée limité, installation réalisée par la responsable de l'agence et résiliation programmée par ces soins.",0.89,6195
Longue attente mais bon accueil,0.95,6196
"Bon service, j y etais pour acheter un abonnement idar sans engagement, d'apres un mois d'utulisation je ne regrette pas cet achat. Tres bonne connection, rapide et illimitée. Pour l'agence tres bon accueil par une fille gentille, souriante",0.76,6197
J'ai fréquenté cet établissement pour la première fois et j'y ai vécu une expérience satisfaisante tant grâce à la qualité de l'offre qu'au comportement du personnel. Bravo Inwi,0.96,6198
"La conseiller a ete gentille, cependant le service pourra etre meilleur, car chacun se lance la balle: on me dit de contacter le service a la clientele au telphone, puis quand j’appelle au telephone, on me refere l’agence. Dommage, car la solution que j’avais et d’aller a la concurance",0.53,6199
Gentil accueil. Sérieux et professionnels,0.92,6200
Très bon service.,0.98,6201
Très bien,0.99,6202
toujours problème de connexion de leurs postes,-0.59,6203
J'ai apprécié,0.59,6204
Nullll comme service,0.43,6205
Rien a signaler,0.45,6206
❤️❤️❤️,0.42,6207
Service lent,0.53,6208
service nul,0.0,6209
Rien à dire,0.5,6210
"Une agence réputée, à l'accueil chaleureux et au service rapide. Je remercie les deux employés de cette agence.",0.88,6211
Le service de cette agence est vraiment décevant. Le personnel vous traite comme si vous n'existiez pas. Ils ne semblent pas se soucier de résoudre vos problèmes et vous finissez par vous sentir ignoré et frustré. Il est clair qu'ils ne,-0.78,6212
C'est bon,0.97,6213
"Bienvenue, je jure que je n'ai rien à vous dire dès le premier jour du Ramadan, si Dieu le veut, cela sera utile au serviteur, quel que soit le poids d'un atome de l'immensité des cieux et de la terre dans son cœur, cela appartient à Dieu,",0.64,6214
Wifi hsn mno 2G 250dh ghir hakak,0.45,6215
"Le traitement est bon, mais la couverture est très faible, inférieure à",0.72,6216
"Le temps d'attente est beaucoup trop long, avec un seul caissier presque tous les jours.",-0.41,6217
"Élevez-les forts et indépendants, car un jour, ils pourraient bien être votre seul soutien. Photo du Maroc",0.77,6218
Traitement terrible et exploitation,-0.95,6219
Fermé définitivement,0.46,6220
Haut,0.44,6221
Services et cadres de travail au plus haut niveau,0.67,6222
Pas mal,0.41,6223
Mauvais service client,0.53,6224
Transaction (zéro),0.55,6225
excellent,0.97,6226
Haut,0.44,6227
Prenez de l'orange 🍊,0.78,6228
"Une étoile, et encore elle ne la mérite pas. L’agence a refusé de reprendre le décodeur après la résiliation du contrat, en prétextant que je devais le rapporter uniquement à l’agence où je l’avais pris,",-0.57,6229
Refus de portabilité de ma ligne iam vers inwi sous prétexte des problèmes techniques. Inwi est incapable de faire cette operation sans problème?,-0.71,6230
"Très bien accueilli par la vendeuse Ilham j’ai eu toutes les informations nécessaires et le suivi, j’ai pris l’offre idar 249dh l’agence se trouve immeuble Oumlil 115 avenue Hassan 2 je recommande cette agence inwi",0.93,6231
Ne devenez pas client chez Inwi. Il ne m'ont jamais rendu mes 500 dh pour le retour d'une box 4g car leur logiciel ne marchait pas... alors que j'avais bien résilié le contrat dans les temps. Ensuite ils inventent des délais et des conditions non écrites sur le contrat. A fuir,-0.75,6232
Service 0 Numéro de téléphone makhdamach a quoi ça sert numéro de téléphone makhdamach !!!?????,-0.39,6233
"Très nul. J'ai un roteur inwi et je paye la facture normalement le 12 à chaque mois mais j'ai payé la facture le 07 de se mois mais aucun connexion jusqu'à l'instant. À chaque jour pendant 16h et 20h le ping arrive à 24,62% mais apres le",-0.57,6234
Il ne sont pas du tout à la hauteur service nulle aucun professionnalisme la réceptionniste ne demande que se débarrasser des clients.......,0.0,6235
"Pire agence, ne sert à rien. A chaque fois ils nous rajoutent un problème et ne trouvent pas de solution. Tout ça pour l'argent. Et la connexion est nulle. A fuir !",-0.77,6236
Équipe très serviable et professionnelle. Attention changement horaire. Apres midi a partir de 16h,0.8,6237
"Bon accueil, service rapide et efficace, réponse immédiate et professionnelle à vos dispositions.",0.97,6238
Service top les filles étaient à l écoute. bonne continuation .,0.9,6239
Employé très serviable. Merci,0.95,6240
Une agence et des employés minables..Qui à chaque réclamation vous demandent d'appeler le service clients pour se soustraire à toute responsabilité et cacher leur incompétence.,-0.84,6241
Très gentil et d'ede! Merci beaucoup,0.93,6242
Très bon réseau et les forfaitd a prix raisonnable,0.98,6243
lieu commercial agence de telecommunication. rien de speciale,0.42,6244
Accueil minable. Dès que midi approche ils chassent les clients.,-0.81,6245
"A éviter, pas sérieux !",0.0,6246
Mauvais souvenir Mauvais accueil,0.81,6247
Bon service,0.92,6248
Col,0.5,6249
Ne pas deranger,0.0,6250
Marjan agadir,0.51,6251
Efficace et avec le sourire,0.54,6252
Merci de fournir des conseils avisés et des services d'enregistrement aux voyageurs étrangers.,0.93,6253
"Service très serviable et courtois, merci.",0.84,6254
"En tant que nouveau client ayant une question concernant ma nouvelle installation ADSL, on m'a dit qu'ils ne pouvaient pas m'aider et que je devais appeler le service technique. Lorsque je leur ai expliqué que je les avais déjà appelés et",-0.51,6255
ALERTE ARNAQUE.  Je suis allé recharger mon compte il y a quelque temps. On m'a proposé une offre,0.49,6256
"Malheureusement, c'est de loin la pire expérience client que j'aie eue au Maroc (j'y vis depuis 5 mois).",-0.82,6257
"Ils nous ont aidés à installer une deuxième carte SIM, ont rapidement rechargé notre crédit et configuré les téléphones. En quelques minutes, c'était réglé. Le service était excellent et nous avons pu nous mettre d'accord sur tous nos",0.95,6258
La femme de ménage était incompétente. Nous nous sommes rendus à l'agence pendant les heures d'ouverture.,-0.48,6259
"Qu'un seul employé d'une grande entreprise comme Inwi fasse attendre 20 clients est inadmissible. Chacun a ses propres soucis, et moi, je dois perdre une demi-journée à attendre ? C'est honteux et scandaleux.",-0.95,6260
Prix ​​intéressants et avantageux. 5 € pour 11 Go.,0.87,6261
"Des conseils rapides et utiles ! De plus, un excellent réseau à petit prix.",0.99,6262
Je les ai déjà utilisés et ils sourient toujours 😊,0.5,6263
"Traitement irrespectueux de la part des employés du siège social. Aucun service, aucun respect. Manque de savoir-vivre et absence totale de responsabilité.",-0.9,6264
Excellent service client. Un plaisir de faire affaire avec vous.,0.97,6265
Le personnel est très serviable et on s'y sent vraiment bien accueilli.,0.91,6266
"Personnel très serviable, ils ont réglé ma demande.",0.76,6267
Internet est cher pour les Marocains,-0.42,6268
Un magnifique complexe hôtelier pour les familles,0.76,6269
nouveau,0.65,6270
Très serviable et très sympathique,0.95,6271
Service excellent,0.96,6272
Recharge de crédit rapide,0.62,6273
magnificence,0.58,6274
Service correct.,-0.38,6275
Numéro de téléphone erroné,-0.7,6276
Agence au service nul!! Queue interminable avec un seul agent! Pas de sièges pour l'attente des clients! Pas d'organisation! Local sal!!!,-0.85,6277
"Service déplorable ! J’ai payé mon abonnement, mais le wifi ne fonctionne toujours pas. L’agence est fermée tout le week-end, et personne ne répond aux appels. Aucune solution pour les clients en cas de problème. Très déçue du manque de professionnalisme !😡👎🏻",-0.96,6278
"Cette agence est un désastre à tous les niveaux, accueil déplorable,personnel incompétent ,médiocre , zéro communication et qui prennent le client de haut...inwi devrait revoir le niveau d'étique et de professionnalisme de ses collaborateurs...",-0.95,6279
Mauvaise service client,0.5,6280
"Je recommande pas , service zero , mauvais comportement , au lieu de rassurer les clients , l agent blame son collegue",-0.89,6281
Nul incompétent. Ouvre à 9h30 .Le personnel est arrivé à 10h,-0.55,6282
Petite agence avec un vendeur très sympathique et compétent.,0.72,6283
Comportement nul mauvais Services,-0.86,6284
TRAIT BIEN SUR TOUT LES POINTS,0.54,6285
Service pas mal,0.69,6286
Bon service,0.92,6287
Service rapide,0.73,6288
"Après avoir utilisé leur service pendant deux mois et payé l'intégralité des frais mensuels, je n'ai absolument pas bénéficié de leur connexion internet. Malgré toutes mes réclamations, le commercial m'a demandé de partir et de ne plus le",-0.46,6289
0 notions service client,0.5,6290
Le service est déplorable. Le responsable est incompétent et malpoli envers les clients. Je regrette d'être client d'INWI depuis toutes ces années.,-0.98,6291
Un endroit magnifique avec une télévision pour regarder le football et tout ce qui touche au sport.,-0.49,6292
"Il essayait d'aider, mais  C'est le prix à payer quand on confie les rênes à la mauvaise personne.",-0.79,6293
Le service était excellent et impeccable. Je recommande vivement de faire appel à leurs services.,0.92,6294
La société Inwi ne répond pas aux appels des clients.,0.0,6295
Quelle carte SIM mobile emporter au Maroc ?,-0.4,6296
service nuul,-0.46,6297
"À votre arrivée à l'aéroport, n'oubliez pas de prendre une orange 🍊, cela vous évitera bien des ennuis.",-0.69,6298
"Bon service en agence, mais numéro de téléphone toujours obsolète sur Google Map.",0.72,6299
Une agence pour acheter pour acheter un portable ou charger et pour fair un abonnement,0.78,6300
Acceuil et prise charge parfaite,0.89,6301
Très bon réseau et pas cher,0.91,6302
Bonne réception,0.94,6303
"Je voulais un forfait internet illimité. On m'a proposé IDAR à 249 DH. J'ai accepté. Je ne parle ni arabe ni français. La réception étant très mauvaise, j'ai résilié mon abonnement. On me dit maintenant que les 249 DH payés initialement",-0.88,6304
"J'ai attendu 30 minutes pour que la fille m'explique qu'ils proposaient trois offres différentes d'abonnements internet, mais elle ne les connaissait pas vraiment. Elle n'a pas non plus réussi à m'expliquer pourquoi j'avais besoin de mon",-0.52,6305
"Très déçue. Je devais renouveler leur forfait internet illimité pour touristes à 300 dirhams. La conseillère a dit comprendre, mais je n'ai reçu que 30 Go pour 300 dirhams. J'aurais pu faire la même chose avec Orange et avoir une meilleure couverture.",-0.91,6306
Ce magasin n'existe plus !,-0.64,6307
"Service déplorable, ils vous ont dit que le système ne fonctionnait pas.",-0.81,6308
"La jeune fille parlait anglais, alors je me suis rapidement connecté à Internet et je suis reparti satisfait.",0.49,6309
"Le magasin est fermé, il n'existe plus.",-0.47,6310
C'est bon,0.97,6311
Super,0.78,6312
Ahsan,0.54,6313
mauvais services,-0.84,6314
La boutique est fermée depuis longtemps et Inwi devrait mettre à jour les informations sur Google Maps.,-0.44,6315
"Je me suis presenté hier a cette agence , le conseillier commercial M. Lahen m'a servi avec beaucoup de gentillesse et professionnalisme  . Merci beaucoup M. Lahcen .J'espère qu'inwi aille conaissance de votre vrai valeur .",0.58,6316
"Le service est déplorable, tant de la part du conseiller que de l'entreprise.  Malgré de nombreux signalements et demandes de réparation, ma connexion internet",-0.84,6317
Il faut attendre longtemps avant que ce soit votre tour. Et ils ne tiennent pas leurs promesses.,0.0,6318
"Service aimable, tout a été fait efficacement et conformément au tarif. Je recommande.",0.87,6319
Service de costumes médiocre et mauvais et fermeture avant l'heure réelle 👎🏼👎🏼👎🏼👎🏼,-0.85,6320
Excellent service client...,0.92,6321
Ferme avant l'heure exacte,-0.4,6322
Service client médiocre,0.62,6323
"Bonjour, ne prenez pas la fibre inwi si vous habitez à tilila car ils ne sont vraiment pas professionnel. Je paye 350dh pour 100mbps et j’ai max 20 mbps depuis 1 mois donc je vous conseille d’aller chez orange ou Maroc telecom car inwi c’est vraiment a chier",-0.41,6324
"Si y avais une option en étoile négatif j’aurais mis. Aucune amabilité, un monsieur avec des lunettes qui n’est pas compétent si donne pas d’explication et du sens.",-0.71,6325
"Si je pouvais mettre 0 étoile c'est ce qu'elle mérite cette agence!!! Grosse arnaque, j'ai pris un abonnement sans engagement idar duo. J'ai payer 750dh en tout .normalement le wifi doit fonctionner au bout 2h ,mais surprise ça",-0.75,6326
"Je suis allé à l’agence qui était indiquée comme ouverte sur Google Maps, mais je l’ai trouvée fermée. Nous aimerions discuter de la possibilité de nous rendre à votre agence.”",-0.54,6327
"Je me suis déplacé et trouvé portes close,  3h de pause déjeuner ! 8h30 13h 16h 19h30 Des fonctionnaires.",-0.65,6328
Je suis venue pour une migration de ligne ADSL. L’agence est tellement médiocre et sombre que ça m’a fait changé d’avis.,-0.79,6329
"Très bon service, je recommande cette agence.",0.98,6330
L employé de cette agence ne semblait pas vouloir travailler ce jour là ..,-0.52,6331
👍🏻,0.42,6332
Apathique et désintéressé. Ce n'est pas ainsi que devrait être un service de qualité.,-0.54,6333
En espèces seulement  :(,0.0,6334
Services de qualité moyenne,0.66,6335
Pas un mauvais traitement,0.0,6336
Fournir de fausses informations.,-0.49,6337
Service médiocre ! Personnel impolie,-0.47,6338
"Mauvais accueil, plus de 10 min le responsable parlait au téléphone et après, rien...",0.5,6339
le réseau est mauvais,-0.91,6340
Bon service,0.92,6341
"J'ai commandé et payé un appareil Wi-Fi iDAR, mais pour l'instant, le Wi-Fi ne fonctionne pas.",-0.4,6342
"Vous attendrez une éternité, ils ne proposent aucune aide spécifique. Mieux vaut contacter le support directement par téléphone plutôt que de perdre votre temps ici. Ils ne font que vous vendre des produits. Mais pour les problèmes graves, ils n'ont rien à faire !",-0.51,6343
Elle m'a vraiment menti sur les prix ! Elle m'a dit que 10 Go d'internet coûtaient 50 DH alors que c'est 10 DH. Vilaine fille !,-0.65,6344
"Service déplorable. J'ai souscrit un abonnement ADSL il y a un mois et j'attends toujours qu'un technicien vienne effectuer le raccordement et activer la ligne, malgré mes nombreux appels.",-0.82,6345
"Le pire service de tous les temps. Aucune communication, aucun retour. Beaucoup d'arrogance et une expérience client catastrophique. Je ne recommande plus vraiment leur réseau.",-0.72,6346
"Inwi est le troisième opérateur de services mobiles, fixes et internet au Maroc. Fondée en 2010, elle est considérée comme un leader dans son secteur. L'entreprise a connu plusieurs fluctuations dans son développement et sa structure.",0.79,6347
Avant 12h aujourd'hui l agence est déjà fermée.  ..  très decue et énervée.  On se déplace de loin.,-0.78,6348
Ils ont pas choisi le lieu .une vraie cachette,-0.57,6349
Rapide,0.63,6350
"Mauvais service, ferme avant l'horaire mentionné ici..",0.44,6351
Personne serviable et à la hauteur.,0.77,6352
Meilleurs qualités Meilleurs prix,0.95,6353
Mauvais choix,0.62,6354
Agence,0.49,6355
Mauvais service Le personnel n'est pas disposé à aider et ferme avant l'heure indiquée.,0.0,6356
"Comme dans beaucoup de boutiques Inwi, je n'ai reçu aucune aide.  À Midelt, j'ai acheté une carte prépayée avec données illimitées. 30 jours pour",0.0,6357
mauvais service,-0.85,6358
L'éthique du personnel est extrêmement mauvaise.,-0.96,6359
La personne à l'accueil est formidable et prend le temps de répondre aux clients. Que Dieu vous facilite la tâche.,0.93,6360
Mauvais service Le personnel n'est pas disposé à aider et ferme avant l'heure indiquée.,0.0,6361
bon,0.96,6362
"Ô Allah, bénis et accorde la paix à notre maître Muhammad, à sa famille et à tous ses compagnons.",0.94,6363
C'était cool 😊 ! Le service est sympa.,0.93,6364
C'est bon,0.97,6365
bel endroit,0.64,6366
Où régler cette facture,-0.6,6367
"Professionnel, le vendeur m'a aidé gratuitement à configurer un routeur que j'avais acheté. Équipe organisé et disponible, bravo 👏🏾",0.96,6368
"Le rotor a été vendu et les mécaniciens ne l'ont pas installé. Cela fait un mois que je m'en plains, et malgré mes réclamations quotidiennes, personne ne répond.",-0.75,6369
Le bureau ferme à des heures impossibles ! Je suis arrivé à 15h20 et l'agence était fermée !,-0.88,6370
Nous disons la vérité,-0.4,6371
C'est fermé,-0.58,6372
Meilleurs téléphones Meilleur prix,0.88,6373
Très mauvaise agence tous les jours des contrôles le Personelle est vraiment ouf 😥,-0.98,6374
La personne qui travaille n est vraiment pas compétente dans le poste qu elle occupe je suis désolée mais j essaye d être le plus juste possible sans chercher à être  nuire à personne .,-0.44,6375
Bonne service donc cette agence,0.98,6376
Mauvais service qualité du résrau mediocre pffff,0.7,6377
Mauvais comportement de la réceptionniste,-0.61,6378
J'ai adoré de ouf,0.41,6379
"Les horaires, pas comme tout le monde",0.0,6380
Pas mal  Envoyé,0.49,6381
Nul,-0.4,6382
Parfait,0.8,6383
5/5,0.57,6384
"Une dame très gentille m'a aidée à régler une facture que, pour une raison ou une autre, je n'arrivais pas à payer en ligne. J'ai passé deux heures à essayer de joindre quelqu'un pour expliquer mon problème. Heureusement, les personnes au bureau étaient bien plus aimables que celles avec qui j'ai discuté en ligne ! Merci encore ! 🙏🏻😊",0.63,6385
"La façon dont les frères vous traitent dépend de votre tenue vestimentaire et du temps que vous leur consacrez. Désormais, je ne suis plus client Inwi.",-0.39,6386
Hors service,0.54,6387
"Service déplorable, personnel paresseux et impoli",-0.87,6388
Fantastique,0.91,6389
Je n'aime pas ça,0.0,6390
magasin de téléphonie mobile,0.53,6391
Service médiocre,0.66,6392
Bon service,0.92,6393
Service professionnel et convivial. Je recommande vivement.,0.73,6394
Dieu a fait de mon maître Hassan un serviteur.,0.65,6395
Service excellent. Réactivité rien a dire bonne continuation,0.95,6396
Bon service,0.92,6397
Service Bn,0.49,6398
Excellent service client,0.92,6399
Service nul à fuir,-0.48,6400
Service nul à éviter,-0.46,6401
Service médiocre,0.66,6402
Service pas mal,0.69,6403
Pour faire abonnment mais parfoie plienne,0.37,6404
Lieu propre personnal serviable,0.73,6405
Nulle service 🤬🤬,0.4,6406
Mauvais services,0.61,6407
Service null,-0.44,6408
"Nous souhaitions simplement renouveler notre carte Inwi. Ils ont tenté de nous facturer des frais de traitement supplémentaires d'un montant identique. Malgré nos explications, cela n'a rien changé. Alors, évitez cette agence à tout prix ! Il s'agit ni plus ni moins d'une tentative d'escroquerie.",-0.63,6409
Il n'y a aucun problème. Il n'y a qu'un seul employé et beaucoup de clients. J'attends depuis plus de 15 minutes.,0.0,6410
"Bon service, bon traitement",0.97,6411
"Excellent service, gens sympas.",0.95,6412
La khadma zina la mji bakri,0.49,6413
Il n'y a rien de mal à cela.,0.0,6414
Nooooooooooooo,0.49,6415
Acheter des oranges 🍊 vous évitera bien des ennuis,-0.44,6416
La société Inwi' j'ai rien à dire Les agents du centre d'appel 220 sont à la hauteur. Mais cet agence est très faible en ce qui concerne le service après-vente et,-0.55,6417
Sévice nul. Des agents incompétents. Je vous conseille de pas aller à cette agence. Mauvaise expérience. Nul de nul.,-0.7,6418
"Service nul , côté relationnel catastrophique , je  recommande pas cette agence 👎👎👎👎",-0.71,6419
Service à ne pas recommander. Nul,-0.48,6420
Mauvais service. Tjrs panne de système,0.53,6421
J'aime bien,0.98,6422
Service nuuuuul👎👎👎,0.56,6423
Service médiocre,0.66,6424
Les injecteurs électronique,0.44,6425
"Le service client de cette agence est déplorable et en dessous des normes. À chaque fois qu'on s'y rend pour une démarche, on nous dit de revenir le lendemain, contrairement aux agences de Dcheira et Takwin, dont le service est bon.",-0.53,6426
"Honnêtement, cela n'a rien à voir avec l'agence. Par Dieu, je vais à Tiquine ou à Dcheira pour régler mes affaires. L'accueil y est déplorable, surtout de la part d'une certaine Zina Azal. Elle traite les gens avec mépris et se comporte avec arrogance, comme si elle était la propriétaire. Que Dieu protège sa création.",-0.85,6427
"Le personnel de Dcheira était désagréable, ils ne se soucient pas des clients 😒 et ne donnent pas assez d'informations.",-0.58,6428
"J'aime bien cette entreprise de télécommunications, mais parfois la connexion internet est un peu lente.",0.86,6429
Le traitement est déficient depuis de nombreuses années et n’a jamais changé.,0.53,6430
0/10,0.48,6431
Bon traitement,0.86,6432
Très agréable,0.8,6433
Pas mal de service,0.54,6434
En dessous des normes,0.47,6435
Au niveau requis,0.51,6436
Sympa et compétent. Parle anglais.,0.63,6437
Bon accueil. Agents très serviables,0.97,6438
lieu sûr,0.45,6439
services de qualité inférieure,0.51,6440
Il y a beaucoup de monde et vous ne trouverez rien dans cette maison,0.0,6441
Il n'y a pas d'échange,0.0,6442
Services excellents,0.97,6443
bien,0.96,6444
😻😻😻,0.42,6445
"À votre arrivée à l'aéroport, évitez absolument cette compagnie et optez plutôt pour Orange ; cela vous évitera bien des ennuis.",-0.48,6446
"Service zéro à Had Anwi. Que Dieu leur pardonne, c'est tout.",0.5,6447
"Prenez orange, ça vous évitera bien des ennuis.",-0.46,6448
"Relationnel merdique, communication d'un agent inwi qui ne veut pas travailler ! À fuir !",-0.92,6449
"Si je pouvais mettre moins je le ferais. Une agence avec un très mauvais service. Attitude irrespectueuse, manque de respect et mauvais comportement auprès des clients. A fuir. Je ne recommande pas.",-0.97,6450
Bon accueil. Informations disponible,0.93,6451
"Inwi, le top et dans les boutiques, ça parle français.",0.79,6452
"mauvaise communication, avec une attitude indésirable, je ne recommande pas d'aller attendre 30 à 45 minutes pour avoir votre tour",-0.96,6453
L'Agent commercial est professionnel,0.56,6454
Bon service,0.92,6455
Manque de respect,0.77,6456
"Ces salauds ! J'ai acheté mon routeur ADSL chez eux  ça a pris six jours, et il a grillé. Quand je suis retourné le faire remplacer, ils m'ont traité comme un chien  Quelle honte pour votre service !",-0.54,6457
Ils ne vous offrent pas le meilleur service,0.37,6458
Les utilisateurs font preuve de coopération et de compréhension.,-0.46,6459
Service-1,0.56,6460
"Bon service, merci Inwi",0.92,6461
Très beau,0.98,6462
"Serbis, que Dieu bénisse sa maison",0.55,6463
Excellent,0.96,6464
Le riz est stagnant et les yeux sont malades,-0.92,6465
Normes inférieures,0.0,6466
Service 0 ta3amol 0 kaybghiw ghir itfko mnk,0.48,6467
Service impeccable Personnel excellent Inwi est un endroit charmant,0.93,6468
"Très bien, le représentant du service clientèle est un homme charmant.",0.98,6469
Service excellent,0.96,6470
Bon service 👏,0.92,6471
Inezgane devant les bus,-0.42,6472
"Bon service, mais parfois le wifi n'est pas très rapide.",0.44,6473
"Nous avons acheté une carte SIM de voyage ici. Service aimable, rapide et simple – merci !",0.94,6474
Cette agence emploie une personne agréable et pratique,0.76,6475
Service Bn 🫶🏻,0.46,6476
Service au top ♥️,0.79,6477
"Service excellent, accueil formidable, merci !",0.99,6478
Endroit fermé et peu d'espace,0.4,6479
Mauvais réseau mauvaise couverture,-0.83,6480
Prcq meilleur service,0.8,6481
"Service client déplorable ; manque d’expérience et de formation, compétences en communication écrite et orale très faibles.",-0.9,6482
Ils ont encore besoin de formation,0.51,6483
L'application ne fonctionne pas !!!!,-0.7,6484
Horaire d ouverture 9h Je viens volontairement à 9h30 pour leur laisser le temps de commencer mais personne,0.51,6485
"L'agence Marjane de la route d'Akourai est propre, mais malheureusement, le service de certains employés est déplorable et manque cruellement d'hospitalité. Les 11 et 12 décembre 2025, dans l'après-midi, je me suis adressé à un employé qui",-0.92,6486
La personne à l’accueil est très gentille mais le service inwi archi nulle!!!!! Impossible de recharger son téléphone car le logiciel ou la mise à jour etc ne fonctionne pas. C’est inadmissible.,-0.88,6487
"Très bon service dans cette agence Inwi. Nadya m’a bien aidé et a pris le temps de régler mon problème. Rien à dire, je recommande.",0.94,6488
Très bon service conseiller au top 😊,0.97,6489
Inwi vous ètes les meilleurs,0.93,6490
"tres mauvaise service , les gens sont impolis et ne veulent pas t aider. en plus adsl NUL .",-0.97,6491
Service honteux et absolument pas professionnel.  Deux années de suite que je vis exactement la même galère avec Inwi. Cette,-0.61,6492
"Le manque d’explications était flagrant. J’ai eu l’impression de devoir “mendier” chaque information. En tant que client, nous ne sommes pas experts en téléphonie et avons besoin d’accompagnement.",-0.91,6493
"Durant les mois d'été, cette agence devient insupportable pour les clients du fait de la grande chaleur accumulée durant les longues journées de l'été. Prière de trouver une solution pour la climatisation.",-0.89,6494
endroit pour payer les facture uniquement possibilité de souscrire aucun contrat puis on vous donne des facture sans detail et pour finir la caissiere est tres desagreable un conseil si vous voulez la fibre chez ou l'adsl prenez orange,-0.58,6495
"Driss, le chef d'agence, est très efficace dans le service à la clientèle. Il arbore toujours un sourire chaleureux, ce qui en fait un excellent représentant d'Inwi.",0.95,6496
Et si je pourrais noter zero je le ferais  Je souhaite signaler mon expérience avec une employée dans l’une de vos agences,-0.43,6497
"J’ai contacté le service client Inwi qui m’a clairement informé que j’avais droit à un Wi-Fi de dépannage en attendant l’activation de la fibre. Mais une fois à l’agence, on m’a refusé cette solution sous prétexte que ma ligne provient d’un",-0.53,6498
"Il y a une conseillère très professionnelle, qui résout les problèmes et donne des conseils rapidement. Malheureusement, ce n’est pas le cas des autres : mieux vaut ne pas être pressé ni s’énerver trop vite.",-0.52,6499
Personnel serviable maîtrise leur produits,0.78,6500
J'ai donné 5 que pour les personnelles qui travaillent ici ❤️,0.64,6501
Agent d'accueil très serviable mais il est tout seul et la taille de l'agence est beaucoup trop petite... Il est souhaitable d'envisager l'ouverture d'une agence plus grande et proportionnelle à la demande...,0.46,6502
Pas climatisée. Le personnel est pas à l'écoute.,0.0,6503
C'est une agence de vente de la marque inwi. Un très bon emplacement le coeur de taza un très bon service de la part des deux employés un bon matériel,0.92,6504
Mauvaise ste,0.46,6505
Je suis aime la agence inwi,0.83,6506
Pas sérieux.,0.0,6507
Nul,-0.4,6508
Service à la hauteur,0.71,6509
Agence de télécommunications,0.46,6510
"Si vous entrez dans le Jones d'Inwi, vous aurez l'impression d'être revenu à 2000 en termes de réception et de traitement, mais la connexion ne fonctionne pas et il y a un problème",-0.45,6511
Il vous reste encore de nombreux jours devant vous...,0.41,6512
Bien,0.75,6513
Premier amour,0.9,6514
Hôpital Ourida,0.46,6515
"Ce magasin inwi offre un service catastrophique et irrespectueux. Le conseiller qui travaille là-bas ne sait absolument pas comment traiter les clients. Il parle d’une manière impolie, arrogante, sans respect. Il ne répond pas",-0.94,6516
"j ai visité votre agence aujourdhui matin pour demander un service. malheureusement je n ai trouve aucun respect . La fille qui était la bas est impolie, mal eduquee, irrespectueuse. Le personnel d acceuil doit avoir un gout avec les visiteurs et les client ce que j ai vu cest vraiment la honte. Ca sera ma derniere visite desolee",-0.94,6517
Mauvaise,0.5,6518
Le chef d'agence elle se croit le PDG d'Inwi,-0.51,6519
N'est au service de l'apprenant( e),0.0,6520
ça  va,-0.38,6521
Agents et services médiocre,0.64,6522
Pas mall,0.0,6523
bon,0.96,6524
Bon travail,0.95,6525
Trouver,0.53,6526
Vérifiez la factures...,0.44,6527
👍,0.42,6528
Excellent,0.96,6529
👍🏼👌🏼👌🏼👍🏼,0.42,6530
Des agents professionnel,0.52,6531
Service nul,-0.45,6532
Des escros,-0.6,6533
Service null,-0.44,6534
la dame qui travaille dans cette agence n'a pas voulu resilier l'abonnement de ma box wifi et m'a dit que je n'ai pas payer le mois de decembre et janvier et que je devais payer 300dirham pour resilier l'abonnement alors que j'ai payer,-0.55,6535
"Que la paix soit avec vous. Le service est excellent dans toutes les agences de Settat, et je tiens tout particulièrement à mentionner le formidable frère Ahmed Lahmidi.",0.97,6536
Abdasslam bannejma Traveux bannejema srl,0.45,6537
"Je n'ai acheté chez eux qu'une carte SIM, mais leur Wi-Fi est complètement hors service.",0.0,6538
Vous êtes des voleurs qui gagnez 200 dirhams par mois et qui ensuite les coupent tous les jours.,0.54,6539
Belle entreprise de télécommunications au Maroc..,0.89,6540
mauvais service,-0.85,6541
Bonne communication,0.96,6542
Service excellent,0.96,6543
bien,0.96,6544
Très bon service. Le revendeur est très serviable,0.98,6545
Settat,0.59,6546
L'arnaque 👎👎👎👎,-0.62,6547
"Agence Inwi, Settat, Nzala Cheikh, rue Haj Bouchaib Ben Labssir, face au marché Chotiba.",0.5,6548
C'est la première fois que je termine. Le service est incroyable ! 😍😍😍,-0.63,6549
Que Dieu soit avec toi,0.55,6550
Personnel très aimable,0.89,6551
Maziane,0.59,6552
Bghit n9ol tbrklah ela siyed li khedam tmaaaak vrmt kay5alik t5roj satisfait ♥️,0.52,6553
"J’ai une très bonne expérience, la conseillère m’a très rapidement débloqué la situation, je la remercie personnel de qualité",0.75,6554
"J’ai souscris à un abonnement Adsl xtra (une extra entourloupe) dans cette agence, le 29.12.2023.",0.4,6555
Boutique d’escrocs! Le pseudo-conseiller a contracté un abonnement avec engagement d’un an sans m’en avoir informé !,-0.75,6556
"J'appelle le téléphone mais le répondeur automatique me préviens que ce numéro n'est pas attribué, veuillez procéder à l'arrangement de ce problème",-0.45,6557
Service rapide et conseillé clientèle professionnel,0.78,6558
Très bien,0.99,6559
Propre. Personnel  très gentil.,0.65,6560
Nice place,0.75,6561
"Ce sont des arnaqueurs ! Ils m'ont fait revenir trois fois parce que la connexion internet ne fonctionnait pas, puis ils ont prétendu que le problème venait de mon téléphone et m'ont envoyé voir quelqu'un pour le vérifier. Mon téléphone",-0.89,6562
"Je ne recommande absolument pas cette boutique Inwi. La carte SIM que j'ai reçue était censée fonctionner après trois heures de traitement. Or, elle était désactivée (le service client d'Inwi me l'a confirmé, mais n'a pas pu résoudre mon",-0.6,6563
Service toujours excellent.,0.97,6564
Cela faisait longtemps que je n'avais pas vu une personne aussi impolie.,-0.7,6565
Mauvais service je ne le recommande pas seulement à Larache,0.0,6566
Expérience formidable,0.77,6567
Service client déplorable,-0.76,6568
Je ne sais pas trop hh,-0.4,6569
Inwi,0.52,6570
Surgenord,0.56,6571
excellent,0.97,6572
Bon service,0.92,6573
Services,0.56,6574
faible,0.52,6575
Générations 5G migration 5G bien,0.76,6576
Bon service client. Rigueur et accueil. La restitution de la garantie a été moins que ce que j'ai déposé au début. Mais c'est pas grave. Bon continuation.,0.79,6577
J'appelle le téléphone mais sans réponse,0.0,6578
Bien,0.75,6579
Mauvaise reception,0.58,6580
Bonne  services,0.96,6581
👍👍,0.42,6582
Ce n'était pas bon. Il parlait au téléphone. Un minimum d'effort.,-0.75,6583
"Super, le monsieur nous a beaucoup aidé, nous a bien expliqué et nous avons acheté Internet sans aucun problème.",0.88,6584
Siyad li tama so9o khawi mo3amala 0.,0.44,6585
Service médiocre de la part du personnel de l'agence,0.6,6586
Le service n'est pas mauvais,0.45,6587
Bien,0.75,6588
👌,0.42,6589
Bons services,0.93,6590
région de Khénifra,0.51,6591
