review_id,agence_id,temps_id,user_id,topic_id,ville_id,operateur_id,sentiment_score,comment_length
1,1,17,1,1,1,1,0.57,188
2,1,17,2,2,1,1,-0.96,240
3,1,7,3,3,1,1,0.65,178
4,2,18,4,2,1,1,0.91,223
5,2,16,5,4,1,1,-0.52,256
6,2,14,6,2,1,1,-0.72,333
7,3,30,7,2,1,1,-0.98,163
8,3,10,8,5,1,1,-0.57,278
9,3,30,9,2,1,1,0.55,16
10,4,20,10,2,1,1,0.0,154
11,4,19,11,4,1,1,0.0,117
12,4,11,12,5,1,1,-0.97,299
13,5,11,13,2,1,1,-0.44,131
14,5,9,3,2,1,1,0.8,52
15,5,9,14,2,1,1,0.0,39
16,6,15,15,2,1,1,0.88,131
17,6,30,16,2,1,1,0.67,221
18,6,19,17,2,1,1,-0.73,31
19,7,30,18,2,1,1,-0.85,212
20,7,19,19,2,1,1,-0.63,288
21,7,20,20,2,1,1,-0.37,83
22,9,21,21,2,3,1,-0.74,109
22,9,21,21,2,1,1,-0.74,109
23,9,19,22,2,3,1,-0.86,91
23,9,19,22,2,1,1,-0.86,91
24,9,12,23,4,3,1,-0.8,238
24,9,12,23,4,1,1,-0.8,238
25,10,19,24,6,3,1,-0.52,163
25,10,19,24,6,1,1,-0.52,163
26,10,30,25,3,3,1,0.95,252
26,10,30,25,3,1,1,0.95,252
27,10,30,26,2,3,1,0.0,230
27,10,30,26,2,1,1,0.0,230
28,11,15,27,2,4,1,-0.63,242
28,11,15,27,2,1,1,-0.63,242
29,11,5,28,2,4,1,-0.42,273
29,11,5,28,2,1,1,-0.42,273
30,11,30,29,1,4,1,0.52,27
30,11,30,29,1,1,1,0.52,27
31,12,30,30,6,4,1,-0.72,144
31,12,30,30,6,1,1,-0.72,144
32,12,17,31,2,4,1,-0.86,160
32,12,17,31,2,1,1,-0.86,160
33,12,17,32,2,4,1,-0.72,117
33,12,17,32,2,1,1,-0.72,117
34,13,15,27,2,4,1,-0.47,197
34,13,15,27,2,1,1,-0.47,197
35,13,11,33,2,4,1,-0.86,100
35,13,11,33,2,1,1,-0.86,100
36,13,30,34,1,4,1,-0.82,238
36,13,30,34,1,1,1,-0.82,238
37,14,19,35,2,4,1,-0.58,237
37,14,19,35,2,1,1,-0.58,237
38,14,30,36,2,4,1,-0.52,158
38,14,30,36,2,1,1,-0.52,158
39,14,30,37,4,4,1,-0.93,331
39,14,30,37,4,1,1,-0.93,331
40,15,16,38,2,4,1,0.95,122
40,15,16,38,2,1,1,0.95,122
41,15,30,39,2,4,1,0.9,206
41,15,30,39,2,1,1,0.9,206
42,15,5,40,2,4,1,-0.63,227
42,15,5,40,2,1,1,-0.63,227
43,16,11,41,2,4,1,-0.95,184
43,16,11,41,2,1,1,-0.95,184
44,16,6,42,2,4,1,-0.8,206
44,16,6,42,2,1,1,-0.8,206
45,16,17,43,2,4,1,0.85,18
45,16,17,43,2,1,1,0.85,18
46,17,17,44,2,4,1,-0.88,233
46,17,17,44,2,1,1,-0.88,233
47,17,15,45,5,4,1,-0.46,199
47,17,15,45,5,1,1,-0.46,199
48,17,19,46,2,4,1,0.44,48
48,17,19,46,2,1,1,0.44,48
49,18,8,47,1,4,1,-0.53,173
49,18,8,47,1,1,1,-0.53,173
50,18,11,48,2,4,1,-0.61,139
50,18,11,48,2,1,1,-0.61,139
51,18,7,49,2,4,1,-0.44,138
51,18,7,49,2,1,1,-0.44,138
52,19,30,50,2,4,1,-0.89,233
52,19,30,50,2,1,1,-0.89,233
53,19,11,51,1,4,1,0.71,157
53,19,11,51,1,1,1,0.71,157
54,19,7,52,2,4,1,-0.53,60
54,19,7,52,2,1,1,-0.53,60
55,20,30,53,2,4,1,0.56,48
55,20,30,53,2,1,1,0.56,48
56,20,10,54,1,4,1,0.54,24
56,20,10,54,1,1,1,0.54,24
57,20,10,55,1,4,1,0.91,41
57,20,10,55,1,1,1,0.91,41
58,21,13,56,1,4,1,0.45,13
58,21,13,56,1,1,1,0.45,13
59,22,11,57,2,4,1,-0.44,63
59,22,11,57,2,1,1,-0.44,63
60,22,11,58,1,4,1,0.42,6
60,22,11,58,1,1,1,0.42,6
61,22,25,59,2,4,1,-0.45,11
61,22,25,59,2,1,1,-0.45,11
62,23,14,60,2,4,1,0.4,43
62,23,14,60,2,1,1,0.4,43
63,23,16,61,1,4,1,0.42,30
63,23,16,61,1,1,1,0.42,30
64,23,11,62,2,4,1,0.95,17
64,23,11,62,2,1,1,0.95,17
65,24,30,63,3,4,1,0.74,174
65,24,30,63,3,1,1,0.74,174
66,24,11,64,2,4,1,0.93,45
66,24,11,64,2,1,1,0.93,45
67,24,30,65,1,4,1,0.42,2
67,24,30,65,1,1,1,0.42,2
68,25,14,66,2,4,1,0.94,217
68,25,14,66,2,1,1,0.94,217
69,25,13,67,3,4,1,0.97,160
69,25,13,67,3,1,1,0.97,160
70,25,11,68,2,4,1,0.96,189
70,25,11,68,2,1,1,0.96,189
71,26,13,69,1,4,1,0.96,28
71,26,13,69,1,1,1,0.96,28
72,26,30,70,1,4,1,0.0,31
72,26,30,70,1,1,1,0.0,31
73,26,16,71,1,4,1,0.47,11
73,26,16,71,1,1,1,0.47,11
74,27,9,72,2,4,1,0.0,60
74,27,9,72,2,1,1,0.0,60
75,27,6,73,2,4,1,0.0,21
75,27,6,73,2,1,1,0.0,21
76,27,7,74,1,4,1,0.0,22
76,27,7,74,1,1,1,0.0,22
77,27,4,75,2,4,1,0.97,13
77,27,4,75,2,1,1,0.97,13
78,27,30,76,2,4,1,-0.67,53
78,27,30,76,2,1,1,-0.67,53
79,27,4,77,2,4,1,-0.78,242
79,27,4,77,2,1,1,-0.78,242
80,27,30,78,1,4,1,0.97,38
80,27,30,78,1,1,1,0.97,38
81,27,9,79,1,4,1,0.63,27
81,27,9,79,1,1,1,0.63,27
82,27,4,80,2,4,1,0.92,11
82,27,4,80,2,1,1,0.92,11
83,27,9,81,1,4,1,0.78,5
83,27,9,81,1,1,1,0.78,5
84,28,7,82,1,4,1,0.79,205
84,28,7,82,1,1,1,0.79,205
85,28,6,83,1,4,1,0.57,144
85,28,6,83,1,1,1,0.57,144
86,28,5,84,3,4,1,0.49,28
86,28,5,84,3,1,1,0.49,28
87,29,19,85,4,4,1,0.0,152
87,29,19,85,4,1,1,0.0,152
88,29,5,86,1,4,1,0.55,5
88,29,5,86,1,1,1,0.55,5
89,30,6,87,2,4,1,-0.5,11
89,30,6,87,2,1,1,-0.5,11
90,30,10,88,2,4,1,-0.51,120
90,30,10,88,2,1,1,-0.51,120
91,30,21,89,2,4,1,0.51,17
91,30,21,89,2,1,1,0.51,17
92,31,10,90,2,4,1,-0.93,239
92,31,10,90,2,1,1,-0.93,239
93,34,11,91,1,4,1,0.76,20
93,34,11,91,1,1,1,0.76,20
94,34,11,92,2,4,1,0.41,56
94,34,11,92,2,1,1,0.41,56
95,35,19,93,2,4,1,0.95,22
95,35,19,93,2,1,1,0.95,22
96,35,19,94,3,4,1,0.96,232
96,35,19,94,3,1,1,0.96,232
97,35,20,95,2,4,1,0.63,126
97,35,20,95,2,1,1,0.63,126
98,36,9,96,5,4,1,-0.5,9
98,36,9,96,5,1,1,-0.5,9
99,37,21,97,2,5,1,-0.86,240
99,37,21,97,2,1,1,-0.86,240
100,37,21,98,1,5,1,-0.8,199
100,37,21,98,1,1,1,-0.8,199
101,37,14,99,2,5,1,0.95,239
101,37,14,99,2,1,1,0.95,239
102,38,18,100,3,5,1,-0.68,107
102,38,18,100,3,1,1,-0.68,107
103,38,30,101,2,5,1,0.88,159
103,38,30,101,2,1,1,0.88,159
104,38,16,102,2,5,1,0.41,22
104,38,16,102,2,1,1,0.41,22
105,38,30,103,1,5,1,0.67,90
105,38,30,103,1,1,1,0.67,90
106,38,6,104,1,5,1,0.93,91
106,38,6,104,1,1,1,0.93,91
107,38,6,105,2,5,1,0.0,25
107,38,6,105,2,1,1,0.0,25
108,38,5,106,2,5,1,-0.65,113
108,38,5,106,2,1,1,-0.65,113
109,38,5,107,6,5,1,-0.6,127
109,38,5,107,6,1,1,-0.6,127
110,38,5,108,2,5,1,0.53,60
110,38,5,108,2,1,1,0.53,60
111,38,6,109,2,5,1,-0.55,17
111,38,6,109,2,1,1,-0.55,17
112,38,8,110,2,5,1,0.0,16
112,38,8,110,2,1,1,0.0,16
113,38,5,111,2,5,1,-0.62,80
113,38,5,111,2,1,1,-0.62,80
114,38,5,112,1,5,1,0.82,9
114,38,5,112,1,1,1,0.82,9
115,38,10,113,1,5,1,0.97,23
115,38,10,113,1,1,1,0.97,23
116,38,7,114,2,5,1,0.92,11
116,38,7,114,2,1,1,0.92,11
117,38,8,115,1,5,1,0.64,17
117,38,8,115,1,1,1,0.64,17
118,38,6,116,1,5,1,-0.4,3
118,38,6,116,1,1,1,-0.4,3
119,38,7,117,1,5,1,0.42,3
119,38,7,117,1,1,1,0.42,3
120,38,7,118,1,5,1,0.42,1
120,38,7,118,1,1,1,0.42,1
121,38,9,119,1,5,1,0.53,40
121,38,9,119,1,1,1,0.53,40
122,38,5,120,2,5,1,0.57,15
122,38,5,120,2,1,1,0.57,15
123,38,7,121,2,5,1,0.57,15
123,38,7,121,2,1,1,0.57,15
124,38,6,122,1,5,1,0.74,9
124,38,6,122,1,1,1,0.74,9
125,38,24,123,2,5,1,-0.73,235
125,38,24,123,2,1,1,-0.73,235
126,38,23,124,2,5,1,-0.58,20
126,38,23,124,2,1,1,-0.58,20
127,38,10,125,2,5,1,0.8,101
127,38,10,125,2,1,1,0.8,101
128,38,9,126,2,5,1,-0.62,267
128,38,9,126,2,1,1,-0.62,267
129,38,5,127,1,5,1,-0.94,12
129,38,5,127,1,1,1,-0.94,12
130,38,11,128,1,5,1,0.41,7
130,38,11,128,1,1,1,0.41,7
131,38,10,129,2,5,1,-0.38,16
131,38,10,129,2,1,1,-0.38,16
132,38,8,130,1,5,1,-0.94,12
132,38,8,130,1,1,1,-0.94,12
133,38,10,131,1,5,1,0.84,21
133,38,10,131,1,1,1,0.84,21
134,38,9,132,1,5,1,0.98,21
134,38,9,132,1,1,1,0.98,21
135,38,6,133,1,5,1,0.65,40
135,38,6,133,1,1,1,0.65,40
136,38,8,134,1,5,1,0.62,16
136,38,8,134,1,1,1,0.62,16
137,38,11,135,1,5,1,0.96,4
137,38,11,135,1,1,1,0.96,4
138,38,4,136,1,5,1,0.53,10
138,38,4,136,1,1,1,0.53,10
139,38,10,137,1,5,1,0.44,4
139,38,10,137,1,1,1,0.44,4
140,38,10,138,1,5,1,0.57,10
140,38,10,138,1,1,1,0.57,10
141,38,28,139,5,5,1,0.69,37
141,38,28,139,5,1,1,0.69,37
142,38,30,140,7,5,1,-0.36,49
142,38,30,140,7,1,1,-0.36,49
143,39,30,141,2,5,1,-0.95,198
143,39,30,141,2,1,1,-0.95,198
144,39,30,142,2,5,1,-0.96,304
144,39,30,142,2,1,1,-0.96,304
145,39,8,143,2,5,1,-0.94,154
145,39,8,143,2,1,1,-0.94,154
146,39,11,144,1,5,1,0.0,177
146,39,11,144,1,1,1,0.0,177
147,39,7,145,2,5,1,-0.39,31
147,39,7,145,2,1,1,-0.39,31
148,39,5,146,1,5,1,0.46,61
148,39,5,146,1,1,1,0.46,61
149,39,8,147,1,5,1,-0.49,34
149,39,8,147,1,1,1,-0.49,34
150,39,5,148,1,5,1,0.49,33
150,39,5,148,1,1,1,0.49,33
151,39,7,149,1,5,1,0.5,47
151,39,7,149,1,1,1,0.5,47
152,39,7,150,2,5,1,0.96,23
152,39,7,150,2,1,1,0.96,23
153,39,7,151,1,5,1,0.69,13
153,39,7,151,1,1,1,0.69,13
154,39,6,152,1,5,1,0.75,4
154,39,6,152,1,1,1,0.75,4
155,39,10,153,1,5,1,0.95,22
155,39,10,153,1,1,1,0.95,22
156,39,6,154,1,5,1,-0.37,5
156,39,6,154,1,1,1,-0.37,5
157,39,7,155,1,5,1,0.59,17
157,39,7,155,1,1,1,0.59,17
158,39,5,156,2,5,1,-0.89,21
158,39,5,156,2,1,1,-0.89,21
159,39,7,157,1,5,1,0.4,13
159,39,7,157,1,1,1,0.4,13
160,39,6,158,1,5,1,0.75,4
160,39,6,158,1,1,1,0.75,4
161,39,7,159,5,5,1,-0.57,237
161,39,7,159,5,1,1,-0.57,237
162,39,10,160,1,5,1,-0.49,93
162,39,10,160,1,1,1,-0.49,93
163,39,23,161,6,5,1,-0.43,99
163,39,23,161,6,1,1,-0.43,99
164,40,11,162,1,5,1,0.94,41
164,40,11,162,1,1,1,0.94,41
165,40,30,163,1,5,1,0.53,7
165,40,30,163,1,1,1,0.53,7
166,40,11,164,2,5,1,-0.45,11
166,40,11,164,2,1,1,-0.45,11
167,40,7,165,1,5,1,0.69,9
167,40,7,165,1,1,1,0.69,9
168,40,10,166,2,5,1,-0.49,21
168,40,10,166,2,1,1,-0.49,21
169,40,22,167,2,5,1,0.0,232
169,40,22,167,2,1,1,0.0,232
170,40,7,168,1,5,1,0.97,51
170,40,7,168,1,1,1,0.97,51
171,40,10,169,2,5,1,0.66,119
171,40,10,169,2,1,1,0.66,119
172,40,7,170,5,5,1,0.98,98
172,40,7,170,5,1,1,0.98,98
173,40,11,171,2,5,1,0.59,53
173,40,11,171,2,1,1,0.59,53
174,40,8,172,1,5,1,0.69,92
174,40,8,172,1,1,1,0.69,92
175,40,10,173,1,5,1,0.51,18
175,40,10,173,1,1,1,0.51,18
176,40,8,174,1,5,1,0.54,5
176,40,8,174,1,1,1,0.54,5
177,40,24,175,1,5,1,0.71,34
177,40,24,175,1,1,1,0.71,34
178,41,12,176,4,5,1,-0.58,161
178,41,12,176,4,1,1,-0.58,161
179,41,30,177,2,5,1,0.96,75
179,41,30,177,2,1,1,0.96,75
180,41,7,178,2,5,1,0.93,45
180,41,7,178,2,1,1,0.93,45
181,41,8,179,2,5,1,0.84,46
181,41,8,179,2,1,1,0.84,46
182,41,10,180,1,5,1,0.82,21
182,41,10,180,1,1,1,0.82,21
183,41,9,181,3,5,1,0.69,36
183,41,9,181,3,1,1,0.69,36
184,41,7,182,2,5,1,0.82,18
184,41,7,182,2,1,1,0.82,18
185,41,9,183,1,5,1,0.95,19
185,41,9,183,1,1,1,0.95,19
186,41,9,184,2,5,1,0.8,14
186,41,9,184,2,1,1,0.8,14
187,41,30,185,2,5,1,-0.92,230
187,41,30,185,2,1,1,-0.92,230
188,41,11,186,3,5,1,-0.95,236
188,41,11,186,3,1,1,-0.95,236
189,41,8,187,2,5,1,0.62,270
189,41,8,187,2,1,1,0.62,270
190,41,7,188,1,5,1,0.77,19
190,41,7,188,1,1,1,0.77,19
191,41,23,189,6,5,1,0.0,34
191,41,23,189,6,1,1,0.0,34
192,42,18,190,2,5,1,-0.76,152
192,42,18,190,2,1,1,-0.76,152
193,42,16,191,2,5,1,-0.78,113
193,42,16,191,2,1,1,-0.78,113
194,42,11,192,2,5,1,-0.79,97
194,42,11,192,2,1,1,-0.79,97
195,42,12,193,1,5,1,0.42,2
195,42,12,193,1,1,1,0.42,2
196,42,11,194,2,5,1,0.72,225
196,42,11,194,2,1,1,0.72,225
197,43,17,195,2,5,1,0.97,201
197,43,17,195,2,1,1,0.97,201
198,43,18,196,2,5,1,-0.57,42
198,43,18,196,2,1,1,-0.57,42
199,43,11,197,3,5,1,-0.65,171
199,43,11,197,3,1,1,-0.65,171
200,43,7,198,2,5,1,-0.79,161
200,43,7,198,2,1,1,-0.79,161
201,43,11,199,4,5,1,-0.47,130
201,43,11,199,4,1,1,-0.47,130
202,43,7,200,2,5,1,-0.43,37
202,43,7,200,2,1,1,-0.43,37
203,43,4,201,1,5,1,0.86,22
203,43,4,201,1,1,1,0.86,22
204,45,20,202,2,6,1,0.94,209
204,45,20,202,2,1,1,0.94,209
205,45,30,203,2,6,1,-0.69,200
205,45,30,203,2,1,1,-0.69,200
206,45,30,204,1,6,1,-0.44,39
206,45,30,204,1,1,1,-0.44,39
207,45,30,205,2,6,1,-0.75,91
207,45,30,205,2,1,1,-0.75,91
208,45,8,206,1,6,1,-0.6,221
208,45,8,206,1,1,1,-0.6,221
209,45,11,207,2,6,1,-0.69,237
209,45,11,207,2,1,1,-0.69,237
210,45,30,208,2,6,1,-0.9,228
210,45,30,208,2,1,1,-0.9,228
211,45,30,209,3,6,1,0.98,105
211,45,30,209,3,1,1,0.98,105
212,45,9,210,3,6,1,0.92,147
212,45,9,210,3,1,1,0.92,147
213,45,7,211,4,6,1,0.8,165
213,45,7,211,4,1,1,0.8,165
214,45,6,212,2,6,1,0.69,96
214,45,6,212,2,1,1,0.69,96
215,45,9,213,2,6,1,-0.49,181
215,45,9,213,2,1,1,-0.49,181
216,45,9,214,2,6,1,0.87,139
216,45,9,214,2,1,1,0.87,139
217,45,7,215,4,6,1,0.0,103
217,45,7,215,4,1,1,0.0,103
218,45,7,216,2,6,1,-0.8,65
218,45,7,216,2,1,1,-0.8,65
219,45,7,217,2,6,1,-0.74,68
219,45,7,217,2,1,1,-0.74,68
220,45,30,218,1,6,1,0.98,14
220,45,30,218,1,1,1,0.98,14
221,45,7,219,2,6,1,0.91,26
221,45,7,219,2,1,1,0.91,26
222,45,7,220,1,6,1,-0.84,49
222,45,7,220,1,1,1,-0.84,49
223,45,11,221,2,6,1,0.97,41
223,45,11,221,2,1,1,0.97,41
224,45,5,222,2,6,1,0.0,20
224,45,5,222,2,1,1,0.0,20
225,45,7,223,1,6,1,0.81,40
225,45,7,223,1,1,1,0.81,40
226,45,9,224,1,6,1,-0.41,38
226,45,9,224,1,1,1,-0.41,38
227,45,8,225,1,6,1,0.59,38
227,45,8,225,1,1,1,0.59,38
228,45,7,226,1,6,1,0.92,37
228,45,7,226,1,1,1,0.92,37
229,45,9,227,1,6,1,0.97,21
229,45,9,227,1,1,1,0.97,21
230,45,9,228,2,6,1,0.73,14
230,45,9,228,2,1,1,0.73,14
231,45,7,229,2,6,1,0.61,17
231,45,7,229,2,1,1,0.61,17
232,45,6,230,2,6,1,-0.52,15
232,45,6,230,2,1,1,-0.52,15
233,45,9,231,2,6,1,0.92,11
233,45,9,231,2,1,1,0.92,11
234,45,10,232,2,6,1,-0.6,23
234,45,10,232,2,1,1,-0.6,23
235,45,10,233,2,6,1,0.78,13
235,45,10,233,2,1,1,0.78,13
236,45,7,234,1,6,1,0.42,1
236,45,7,234,1,1,1,0.42,1
237,45,30,235,2,6,1,-0.59,235
237,45,30,235,2,1,1,-0.59,235
238,45,21,236,2,6,1,-0.91,306
238,45,21,236,2,1,1,-0.91,306
239,45,14,237,2,6,1,0.6,41
239,45,14,237,2,1,1,0.6,41
240,45,6,238,5,6,1,-0.53,236
240,45,6,238,5,1,1,-0.53,236
241,45,30,239,3,6,1,-0.61,240
241,45,30,239,3,1,1,-0.61,240
242,45,12,240,2,6,1,-0.68,261
242,45,12,240,2,1,1,-0.68,261
243,45,30,241,2,6,1,-0.55,137
243,45,30,241,2,1,1,-0.55,137
244,45,17,242,2,6,1,0.79,41
244,45,17,242,2,1,1,0.79,41
245,45,30,243,3,6,1,-0.36,234
245,45,30,243,3,1,1,-0.36,234
246,45,30,244,2,6,1,0.64,79
246,45,30,244,2,1,1,0.64,79
247,45,20,245,2,6,1,-0.91,20
247,45,20,245,2,1,1,-0.91,20
248,45,17,246,2,6,1,0.0,43
248,45,17,246,2,1,1,0.0,43
249,45,9,247,5,6,1,-0.58,296
249,45,9,247,5,1,1,-0.58,296
250,45,14,248,1,6,1,0.68,65
250,45,14,248,1,1,1,0.68,65
251,45,30,249,2,6,1,0.58,9
251,45,30,249,2,1,1,0.58,9
252,45,9,250,2,6,1,-0.76,56
252,45,9,250,2,1,1,-0.76,56
253,45,5,251,1,6,1,-0.42,47
253,45,5,251,1,1,1,-0.42,47
254,45,9,252,1,6,1,-0.77,87
254,45,9,252,1,1,1,-0.77,87
255,45,11,253,2,6,1,-0.66,50
255,45,11,253,2,1,1,-0.66,50
256,45,9,254,1,6,1,-0.49,16
256,45,9,254,1,1,1,-0.49,16
257,45,11,255,1,6,1,0.89,40
257,45,11,255,1,1,1,0.89,40
258,45,8,256,2,6,1,0.54,27
258,45,8,256,2,1,1,0.54,27
259,45,11,257,1,6,1,-0.89,25
259,45,11,257,1,1,1,-0.89,25
260,45,8,258,2,6,1,0.48,29
260,45,8,258,2,1,1,0.48,29
261,45,11,259,2,6,1,0.92,11
261,45,11,259,2,1,1,0.92,11
262,45,10,260,1,6,1,0.98,35
262,45,10,260,1,1,1,0.98,35
263,45,11,261,2,6,1,-0.79,19
263,45,11,261,2,1,1,-0.79,19
264,45,30,262,1,6,1,0.78,22
264,45,30,262,1,1,1,0.78,22
265,45,9,263,5,6,1,0.43,20
265,45,9,263,5,1,1,0.43,20
266,45,8,264,1,6,1,-0.65,17
266,45,8,264,1,1,1,-0.65,17
267,45,10,265,2,6,1,0.57,15
267,45,10,265,2,1,1,0.57,15
268,45,30,266,1,6,1,0.42,4
268,45,30,266,1,1,1,0.42,4
269,46,11,267,2,6,1,0.64,129
269,46,11,267,2,1,1,0.64,129
270,46,8,268,2,6,1,0.67,155
270,46,8,268,2,1,1,0.67,155
271,46,14,269,1,6,1,-0.89,13
271,46,14,269,1,1,1,-0.89,13
272,46,11,270,1,6,1,-0.6,20
272,46,11,270,1,1,1,-0.6,20
273,46,10,271,1,6,1,0.79,16
273,46,10,271,1,1,1,0.79,16
274,46,10,272,1,6,1,0.41,7
274,46,10,272,1,1,1,0.41,7
275,46,10,273,1,6,1,0.47,4
275,46,10,273,1,1,1,0.47,4
276,46,5,274,1,6,1,0.95,5
276,46,5,274,1,1,1,0.95,5
277,46,12,275,4,6,1,-0.87,237
277,46,12,275,4,1,1,-0.87,237
278,46,12,276,7,6,1,0.37,59
278,46,12,276,7,1,1,0.37,59
279,46,11,277,3,6,1,-0.53,240
279,46,11,277,3,1,1,-0.53,240
280,46,11,278,3,6,1,-0.91,200
280,46,11,278,3,1,1,-0.91,200
281,46,30,279,1,6,1,-0.5,73
281,46,30,279,1,1,1,-0.5,73
282,46,11,280,2,6,1,0.97,37
282,46,11,280,2,1,1,0.97,37
283,46,10,281,2,6,1,-0.69,74
283,46,10,281,2,1,1,-0.69,74
284,46,11,282,1,6,1,0.74,19
284,46,11,282,1,1,1,0.74,19
285,46,30,283,1,6,1,0.91,4
285,46,30,283,1,1,1,0.91,4
286,46,9,284,1,6,1,0.79,7
286,46,9,284,1,1,1,0.79,7
287,46,9,285,2,6,1,0.66,29
287,46,9,285,2,1,1,0.66,29
288,46,10,260,1,6,1,-0.49,10
288,46,10,260,1,1,1,-0.49,10
289,46,7,286,1,6,1,0.75,4
289,46,7,286,1,1,1,0.75,4
290,46,14,287,2,6,1,0.42,23
290,46,14,287,2,1,1,0.42,23
291,46,22,288,1,6,1,0.0,18
291,46,22,288,1,1,1,0.0,18
292,47,16,289,2,6,1,-0.82,150
292,47,16,289,2,1,1,-0.82,150
293,47,11,290,3,6,1,-0.8,124
293,47,11,290,3,1,1,-0.8,124
294,47,21,291,1,6,1,0.5,8
294,47,21,291,1,1,1,0.5,8
295,47,9,292,2,6,1,0.9,76
295,47,9,292,2,1,1,0.9,76
296,47,18,293,2,6,1,-0.58,22
296,47,18,293,2,1,1,-0.58,22
297,47,30,294,1,6,1,-0.69,41
297,47,30,294,1,1,1,-0.69,41
298,47,10,295,1,6,1,0.41,7
298,47,10,295,1,1,1,0.41,7
299,47,10,296,1,6,1,0.5,9
299,47,10,296,1,1,1,0.5,9
300,47,8,297,1,6,1,0.96,16
300,47,8,297,1,1,1,0.96,16
301,47,6,298,2,6,1,0.59,18
301,47,6,298,2,1,1,0.59,18
302,47,9,299,1,6,1,-0.4,3
302,47,9,299,1,1,1,-0.4,3
303,47,7,300,1,6,1,0.96,9
303,47,7,300,1,1,1,0.96,9
304,47,7,301,2,6,1,0.46,17
304,47,7,301,2,1,1,0.46,17
305,47,19,302,3,6,1,0.39,231
305,47,19,302,3,1,1,0.39,231
306,47,16,303,1,6,1,-0.78,302
306,47,16,303,1,1,1,-0.78,302
307,47,16,304,1,6,1,0.92,135
307,47,16,304,1,1,1,0.92,135
308,47,15,305,2,6,1,0.0,47
308,47,15,305,2,1,1,0.0,47
309,47,19,306,2,6,1,0.48,40
309,47,19,306,2,1,1,0.48,40
310,47,14,307,2,6,1,-0.88,106
310,47,14,307,2,1,1,-0.88,106
311,47,30,308,1,6,1,-0.54,40
311,47,30,308,1,1,1,-0.54,40
312,47,10,309,2,6,1,0.96,41
312,47,10,309,2,1,1,0.96,41
313,47,30,310,2,6,1,0.0,26
313,47,30,310,2,1,1,0.0,26
314,47,7,311,2,6,1,0.49,16
314,47,7,311,2,1,1,0.49,16
315,47,11,312,1,6,1,0.62,18
315,47,11,312,1,1,1,0.62,18
316,47,7,313,1,6,1,0.6,12
316,47,7,313,1,1,1,0.6,12
317,48,11,314,2,6,1,0.98,41
317,48,11,314,2,1,1,0.98,41
318,48,8,315,2,6,1,0.97,41
318,48,8,315,2,1,1,0.97,41
319,48,6,216,1,6,1,0.64,48
319,48,6,216,1,1,1,0.64,48
320,48,9,316,1,6,1,0.42,1
320,48,9,316,1,1,1,0.42,1
321,48,30,317,2,6,1,0.92,157
321,48,30,317,2,1,1,0.92,157
322,48,11,257,2,6,1,0.94,27
322,48,11,257,2,1,1,0.94,27
323,48,18,318,2,6,1,0.88,38
323,48,18,318,2,1,1,0.88,38
324,48,14,319,5,6,1,0.96,104
324,48,14,319,5,1,1,0.96,104
325,48,30,320,4,6,1,-0.43,333
325,48,30,320,4,1,1,-0.43,333
326,48,30,321,1,6,1,0.84,16
326,48,30,321,1,1,1,0.84,16
327,48,30,322,2,6,1,0.98,25
327,48,30,322,2,1,1,0.98,25
328,48,11,323,2,6,1,0.97,24
328,48,11,323,2,1,1,0.97,24
329,49,11,324,2,6,1,-0.98,234
329,49,11,324,2,1,1,-0.98,234
330,49,7,325,1,6,1,-0.61,180
330,49,7,325,1,1,1,-0.61,180
331,49,10,326,2,6,1,0.43,86
331,49,10,326,2,1,1,0.43,86
332,49,8,327,2,6,1,0.95,69
332,49,8,327,2,1,1,0.95,69
333,49,10,328,1,6,1,0.93,39
333,49,10,328,1,1,1,0.93,39
334,49,11,329,2,6,1,0.73,14
334,49,11,329,2,1,1,0.73,14
335,49,8,330,2,6,1,0.55,16
335,49,8,330,2,1,1,0.55,16
336,49,7,331,1,6,1,0.7,30
336,49,7,331,1,1,1,0.7,30
337,49,9,332,1,6,1,-0.51,24
337,49,9,332,1,1,1,-0.51,24
338,49,17,333,2,6,1,-0.44,81
338,49,17,333,2,1,1,-0.44,81
339,49,14,334,6,6,1,0.81,137
339,49,14,334,6,1,1,0.81,137
340,49,30,335,1,6,1,-0.78,222
340,49,30,335,1,1,1,-0.78,222
341,49,19,336,2,6,1,-0.53,52
341,49,19,336,2,1,1,-0.53,52
342,49,8,337,2,6,1,-0.96,144
342,49,8,337,2,1,1,-0.96,144
343,49,10,338,2,6,1,-0.86,179
343,49,10,338,2,1,1,-0.86,179
344,49,8,339,1,6,1,0.0,189
344,49,8,339,1,1,1,0.0,189
345,49,8,340,2,6,1,0.5,65
345,49,8,340,2,1,1,0.5,65
346,49,8,341,2,6,1,-0.44,47
346,49,8,341,2,1,1,-0.44,47
347,49,12,342,1,6,1,0.96,4
347,49,12,342,1,1,1,0.96,4
348,49,11,343,1,6,1,0.53,12
348,49,11,343,1,1,1,0.53,12
349,49,8,344,1,6,1,0.52,3
349,49,8,344,1,1,1,0.52,3
350,50,30,345,2,6,1,-0.85,213
350,50,30,345,2,1,1,-0.85,213
351,50,9,346,2,6,1,-0.97,173
351,50,9,346,2,1,1,-0.97,173
352,50,11,347,2,6,1,-0.91,239
352,50,11,347,2,1,1,-0.91,239
353,50,30,348,2,6,1,0.95,210
353,50,30,348,2,1,1,0.95,210
354,50,10,349,2,6,1,-0.67,205
354,50,10,349,2,1,1,-0.67,205
355,50,8,350,2,6,1,-0.98,237
355,50,8,350,2,1,1,-0.98,237
356,50,11,351,2,6,1,-0.89,182
356,50,11,351,2,1,1,-0.89,182
357,50,6,352,4,6,1,-0.68,162
357,50,6,352,4,1,1,-0.68,162
358,50,11,353,2,6,1,-0.61,104
358,50,11,353,2,1,1,-0.61,104
359,50,30,354,1,6,1,0.5,73
359,50,30,354,1,1,1,0.5,73
360,50,8,355,2,6,1,-0.55,97
360,50,8,355,2,1,1,-0.55,97
361,50,9,356,2,6,1,0.0,52
361,50,9,356,2,1,1,0.0,52
362,50,30,357,2,6,1,0.95,16
362,50,30,357,2,1,1,0.95,16
363,50,9,358,2,6,1,-0.61,18
363,50,9,358,2,1,1,-0.61,18
364,50,10,359,2,6,1,-0.52,13
364,50,10,359,2,1,1,-0.52,13
365,50,30,360,2,6,1,-0.83,240
365,50,30,360,2,1,1,-0.83,240
366,50,21,361,2,6,1,-0.9,326
366,50,21,361,2,1,1,-0.9,326
367,50,17,362,1,6,1,-0.62,165
367,50,17,362,1,1,1,-0.62,165
368,50,10,363,2,6,1,-0.68,235
368,50,10,363,2,1,1,-0.68,235
369,50,8,364,2,6,1,-0.79,140
369,50,8,364,2,1,1,-0.79,140
370,50,11,365,2,6,1,-0.96,236
370,50,11,365,2,1,1,-0.96,236
371,50,11,366,2,6,1,0.45,86
371,50,11,366,2,1,1,0.45,86
372,50,30,367,2,6,1,0.92,14
372,50,30,367,2,1,1,0.92,14
373,50,11,368,2,6,1,-0.93,28
373,50,11,368,2,1,1,-0.93,28
374,51,30,369,1,6,1,0.97,263
374,51,30,369,1,1,1,0.97,263
375,51,16,370,2,6,1,0.46,87
375,51,16,370,2,1,1,0.46,87
376,51,30,371,2,6,1,-0.98,97
376,51,30,371,2,1,1,-0.98,97
377,51,14,372,2,6,1,-0.51,262
377,51,14,372,2,1,1,-0.51,262
378,51,21,373,6,6,1,0.63,69
378,51,21,373,6,1,1,0.63,69
379,51,20,374,2,6,1,0.79,33
379,51,20,374,2,1,1,0.79,33
380,51,11,375,2,6,1,-0.47,81
380,51,11,375,2,1,1,-0.47,81
381,51,30,376,2,6,1,0.86,30
381,51,30,376,2,1,1,0.86,30
382,51,20,377,2,6,1,0.92,11
382,51,20,377,2,1,1,0.92,11
383,51,12,378,1,6,1,0.52,20
383,51,12,378,1,1,1,0.52,20
384,51,30,379,2,6,1,0.94,56
384,51,30,379,2,1,1,0.94,56
385,51,12,380,1,6,1,-0.61,196
385,51,12,380,1,1,1,-0.61,196
386,51,30,381,2,6,1,0.54,169
386,51,30,381,2,1,1,0.54,169
387,51,30,382,2,6,1,0.51,191
387,51,30,382,2,1,1,0.51,191
388,51,30,383,2,6,1,0.56,20
388,51,30,383,2,1,1,0.56,20
389,51,11,384,2,6,1,-0.66,223
389,51,11,384,2,1,1,-0.66,223
390,51,30,385,1,6,1,0.61,111
390,51,30,385,1,1,1,0.61,111
391,51,12,386,2,6,1,-0.52,26
391,51,12,386,2,1,1,-0.52,26
392,52,7,387,1,6,1,0.38,46
392,52,7,387,1,1,1,0.38,46
393,52,9,388,4,6,1,-0.63,99
393,52,9,388,4,1,1,-0.63,99
394,52,7,389,2,6,1,0.96,39
394,52,7,389,2,1,1,0.96,39
395,52,11,390,1,6,1,0.0,17
395,52,11,390,1,1,1,0.0,17
396,52,6,391,1,6,1,0.53,7
396,52,6,391,1,1,1,0.53,7
397,52,8,392,2,6,1,0.95,45
397,52,8,392,2,1,1,0.95,45
398,52,8,393,1,6,1,-0.43,18
398,52,8,393,1,1,1,-0.43,18
399,53,17,394,2,6,1,-0.38,79
399,53,17,394,2,1,1,-0.38,79
400,53,30,395,2,6,1,-0.5,254
400,53,30,395,2,1,1,-0.5,254
401,53,14,396,1,6,1,-0.57,96
401,53,14,396,1,1,1,-0.57,96
402,53,11,397,2,6,1,0.0,236
402,53,11,397,2,1,1,0.0,236
403,53,11,398,2,6,1,-0.6,196
403,53,11,398,2,1,1,-0.6,196
404,53,11,399,1,6,1,-0.55,102
404,53,11,399,1,1,1,-0.55,102
405,53,20,400,1,6,1,-0.51,165
405,53,20,400,1,1,1,-0.51,165
406,53,17,401,1,6,1,-0.48,21
406,53,17,401,1,1,1,-0.48,21
407,53,30,402,2,6,1,-0.8,124
407,53,30,402,2,1,1,-0.8,124
408,53,30,403,2,6,1,-0.34,75
408,53,30,403,2,1,1,-0.34,75
409,53,30,404,1,6,1,-0.48,33
409,53,30,404,1,1,1,-0.48,33
410,53,11,405,1,6,1,-0.85,66
410,53,11,405,1,1,1,-0.85,66
411,53,21,406,1,6,1,0.42,1
411,53,21,406,1,1,1,0.42,1
412,53,11,407,1,6,1,0.49,20
412,53,11,407,1,1,1,0.49,20
413,53,11,408,2,6,1,0.55,11
413,53,11,408,2,1,1,0.55,11
414,53,30,409,2,6,1,-0.52,12
414,53,30,409,2,1,1,-0.52,12
415,53,30,410,2,6,1,-0.48,13
415,53,30,410,2,1,1,-0.48,13
416,53,11,411,1,6,1,0.75,4
416,53,11,411,1,1,1,0.75,4
417,53,23,412,2,6,1,0.52,15
417,53,23,412,2,1,1,0.52,15
418,54,30,413,2,6,1,0.92,11
418,54,30,413,2,1,1,0.92,11
419,54,16,414,6,6,1,-0.7,202
419,54,16,414,6,1,1,-0.7,202
420,54,21,415,1,6,1,-0.49,39
420,54,21,415,1,1,1,-0.49,39
421,54,30,416,2,6,1,0.44,139
421,54,30,416,2,1,1,0.44,139
422,54,15,417,2,6,1,0.64,16
422,54,15,417,2,1,1,0.64,16
423,54,14,319,1,6,1,0.85,7
423,54,14,319,1,1,1,0.85,7
424,54,10,418,2,6,1,0.96,17
424,54,10,418,2,1,1,0.96,17
425,54,30,419,1,6,1,0.64,11
425,54,30,419,1,1,1,0.64,11
426,55,16,420,2,6,1,-0.97,185
426,55,16,420,2,1,1,-0.97,185
427,55,10,421,4,6,1,-0.69,238
427,55,10,421,4,1,1,-0.69,238
428,55,8,422,2,6,1,-0.46,156
428,55,8,422,2,1,1,-0.46,156
429,55,10,423,2,6,1,0.52,189
429,55,10,423,2,1,1,0.52,189
430,55,10,424,2,6,1,-0.56,147
430,55,10,424,2,1,1,-0.56,147
431,55,9,425,2,6,1,0.86,65
431,55,9,425,2,1,1,0.86,65
432,55,12,426,2,6,1,-0.67,23
432,55,12,426,2,1,1,-0.67,23
433,55,7,427,1,6,1,0.0,41
433,55,7,427,1,1,1,0.0,41
434,55,9,428,2,6,1,0.7,15
434,55,9,428,2,1,1,0.7,15
435,55,6,429,1,6,1,0.42,2
435,55,6,429,1,1,1,0.42,2
436,55,8,430,2,6,1,0.57,15
436,55,8,430,2,1,1,0.57,15
437,55,10,431,2,6,1,0.38,11
437,55,10,431,2,1,1,0.38,11
438,55,20,432,1,6,1,-0.61,177
438,55,20,432,1,1,1,-0.61,177
439,55,18,433,2,6,1,-0.94,210
439,55,18,433,2,1,1,-0.94,210
440,55,21,434,2,6,1,-0.93,53
440,55,21,434,2,1,1,-0.93,53
441,55,17,435,2,6,1,0.68,49
441,55,17,435,2,1,1,0.68,49
442,55,30,436,2,6,1,-0.53,181
442,55,30,436,2,1,1,-0.53,181
443,55,10,437,2,6,1,-0.44,219
443,55,10,437,2,1,1,-0.44,219
444,55,6,438,1,6,1,0.97,120
444,55,6,438,1,1,1,0.97,120
445,55,30,439,1,6,1,0.52,39
445,55,30,439,1,1,1,0.52,39
446,55,8,440,3,6,1,-0.68,244
446,55,8,440,3,1,1,-0.68,244
447,55,30,441,2,6,1,-0.7,107
447,55,30,441,2,1,1,-0.7,107
448,55,10,437,2,6,1,-0.56,72
448,55,10,437,2,1,1,-0.56,72
449,55,11,442,1,6,1,0.52,44
449,55,11,442,1,1,1,0.52,44
450,55,11,443,2,6,1,0.84,37
450,55,11,443,2,1,1,0.84,37
451,55,10,444,1,6,1,0.0,109
451,55,10,444,1,1,1,0.0,109
452,55,30,445,2,6,1,0.79,16
452,55,30,445,2,1,1,0.79,16
453,55,6,446,2,6,1,0.87,18
453,55,6,446,2,1,1,0.87,18
454,55,7,447,1,6,1,-0.54,38
454,55,7,447,1,1,1,-0.54,38
455,55,8,448,2,6,1,0.85,28
455,55,8,448,2,1,1,0.85,28
456,55,10,449,1,6,1,0.7,45
456,55,10,449,1,1,1,0.7,45
457,55,6,450,1,6,1,-0.92,23
457,55,6,450,1,1,1,-0.92,23
458,55,9,451,1,6,1,0.68,16
458,55,9,451,1,1,1,0.68,16
459,55,11,452,1,6,1,0.95,20
459,55,11,452,1,1,1,0.95,20
460,55,10,453,2,6,1,0.57,15
460,55,10,453,2,1,1,0.57,15
461,55,4,454,2,6,1,0.67,13
461,55,4,454,2,1,1,0.67,13
462,55,10,455,1,6,1,0.96,4
462,55,10,455,1,1,1,0.96,4
463,55,10,456,1,6,1,0.48,18
463,55,10,456,1,1,1,0.48,18
464,55,7,457,1,6,1,0.58,18
464,55,7,457,1,1,1,0.58,18
465,55,4,458,1,6,1,0.41,22
465,55,4,458,1,1,1,0.41,22
466,55,5,459,1,6,1,0.56,9
466,55,5,459,1,1,1,0.56,9
467,55,30,460,2,6,1,0.87,89
467,55,30,460,2,1,1,0.87,89
468,56,9,461,3,6,1,-0.45,56
468,56,9,461,3,1,1,-0.45,56
469,56,15,462,3,6,1,0.56,322
469,56,15,462,3,1,1,0.56,322
470,56,19,463,3,6,1,0.61,104
470,56,19,463,3,1,1,0.61,104
471,56,30,464,3,6,1,0.91,288
471,56,30,464,3,1,1,0.91,288
472,56,11,465,3,6,1,0.8,212
472,56,11,465,3,1,1,0.8,212
473,56,30,466,1,6,1,0.0,24
473,56,30,466,1,1,1,0.0,24
474,56,30,467,1,6,1,0.0,27
474,56,30,467,1,1,1,0.0,27
475,56,30,468,1,6,1,0.97,37
475,56,30,468,1,1,1,0.97,37
476,56,30,469,1,6,1,0.0,47
476,56,30,469,1,1,1,0.0,47
477,56,10,470,2,6,1,0.9,44
477,56,10,470,2,1,1,0.9,44
478,56,7,471,1,6,1,-0.48,36
478,56,7,471,1,1,1,-0.48,36
479,56,7,472,1,6,1,0.45,40
479,56,7,472,1,1,1,0.45,40
480,56,7,473,2,6,1,0.57,11
480,56,7,473,2,1,1,0.57,11
481,56,8,474,1,6,1,0.48,13
481,56,8,474,1,1,1,0.48,13
482,56,30,475,1,6,1,0.53,6
482,56,30,475,1,1,1,0.53,6
483,56,23,476,5,6,1,0.69,106
483,56,23,476,5,1,1,0.69,106
484,57,20,477,2,6,1,-0.82,240
484,57,20,477,2,1,1,-0.82,240
485,57,14,478,4,6,1,-0.99,240
485,57,14,478,4,1,1,-0.99,240
486,57,13,479,2,6,1,0.55,239
486,57,13,479,2,1,1,0.55,239
487,57,11,480,2,6,1,-0.94,182
487,57,11,480,2,1,1,-0.94,182
488,57,8,481,3,6,1,0.45,194
488,57,8,481,3,1,1,0.45,194
489,57,11,482,2,6,1,0.58,105
489,57,11,482,2,1,1,0.58,105
490,57,17,483,1,6,1,0.67,14
490,57,17,483,1,1,1,0.67,14
491,57,11,484,3,6,1,0.49,39
491,57,11,484,3,1,1,0.49,39
492,57,9,485,1,6,1,-0.39,24
492,57,9,485,1,1,1,-0.39,24
493,57,9,486,2,6,1,0.48,43
493,57,9,486,2,1,1,0.48,43
494,57,11,487,1,6,1,0.36,5
494,57,11,487,1,1,1,0.36,5
495,57,11,488,2,6,1,-0.85,22
495,57,11,488,2,1,1,-0.85,22
496,57,11,489,2,6,1,0.46,29
496,57,11,489,2,1,1,0.46,29
497,57,8,490,1,6,1,0.99,9
497,57,8,490,1,1,1,0.99,9
498,57,30,491,1,6,1,0.42,2
498,57,30,491,1,1,1,0.42,2
499,57,9,492,2,6,1,0.92,11
499,57,9,492,2,1,1,0.92,11
500,57,30,493,2,6,1,-0.91,119
500,57,30,493,2,1,1,-0.91,119
501,57,14,494,2,6,1,-0.44,76
501,57,14,494,2,1,1,-0.44,76
502,57,8,495,2,6,1,0.72,64
502,57,8,495,2,1,1,0.72,64
503,57,11,496,1,6,1,0.5,26
503,57,11,496,1,1,1,0.5,26
504,57,11,497,1,6,1,0.66,9
504,57,11,497,1,1,1,0.66,9
505,57,12,498,2,6,1,-0.85,15
505,57,12,498,2,1,1,-0.85,15
506,57,8,499,1,6,1,-0.95,30
506,57,8,499,1,1,1,-0.95,30
507,57,11,500,1,6,1,0.62,22
507,57,11,500,1,1,1,0.62,22
508,59,11,501,1,6,1,-0.52,28
508,59,11,501,1,1,1,-0.52,28
509,59,5,502,1,6,1,0.54,17
509,59,5,502,1,1,1,0.54,17
510,59,5,503,1,6,1,0.42,15
510,59,5,503,1,1,1,0.42,15
511,59,9,504,1,6,1,0.75,4
511,59,9,504,1,1,1,0.75,4
512,59,9,505,1,6,1,0.95,5
512,59,9,505,1,1,1,0.95,5
513,59,9,506,1,6,1,0.42,1
513,59,9,506,1,1,1,0.42,1
514,59,7,471,1,6,1,0.42,1
514,59,7,471,1,1,1,0.42,1
515,59,6,507,1,6,1,0.52,7
515,59,6,507,1,1,1,0.52,7
516,59,5,508,1,6,1,0.44,2
516,59,5,508,1,1,1,0.44,2
517,59,11,509,3,6,1,-0.57,214
517,59,11,509,3,1,1,-0.57,214
518,59,16,510,1,6,1,0.44,21
518,59,16,510,1,1,1,0.44,21
519,59,7,511,2,6,1,0.97,50
519,59,7,511,2,1,1,0.97,50
520,59,8,254,1,6,1,0.0,81
520,59,8,254,1,1,1,0.0,81
521,59,30,512,1,6,1,0.75,4
521,59,30,512,1,1,1,0.75,4
522,59,7,513,1,6,1,0.42,14
522,59,7,513,1,1,1,0.42,14
523,59,9,514,1,6,1,-0.67,28
523,59,9,514,1,1,1,-0.67,28
524,59,5,515,1,6,1,0.92,47
524,59,5,515,1,1,1,0.92,47
525,59,6,516,1,6,1,0.46,4
525,59,6,516,1,1,1,0.46,4
526,59,4,517,1,6,1,0.78,10
526,59,4,517,1,1,1,0.78,10
527,59,6,518,2,6,1,-0.85,15
527,59,6,518,2,1,1,-0.85,15
528,59,7,519,1,6,1,0.66,23
528,59,7,519,1,1,1,0.66,23
529,61,10,520,1,6,1,0.44,6
529,61,10,520,1,1,1,0.44,6
530,61,30,521,2,6,1,0.99,162
530,61,30,521,2,1,1,0.99,162
531,61,11,522,1,6,1,0.96,52
531,61,11,522,1,1,1,0.96,52
532,61,30,523,1,6,1,-0.49,10
532,61,30,523,1,1,1,-0.49,10
533,62,20,524,1,6,1,0.8,7
533,62,20,524,1,1,1,0.8,7
534,63,21,525,6,6,1,0.76,332
534,63,21,525,6,1,1,0.76,332
535,65,23,526,6,6,1,0.0,65
535,65,23,526,6,1,1,0.0,65
536,65,19,527,2,6,1,-0.8,206
536,65,19,527,2,1,1,-0.8,206
537,66,16,507,1,6,1,0.78,8
537,66,16,507,1,1,1,0.78,8
538,66,15,528,2,6,1,0.55,29
538,66,15,528,2,1,1,0.55,29
539,66,30,529,1,6,1,0.0,28
539,66,30,529,1,1,1,0.0,28
540,66,17,530,1,6,1,-0.95,96
540,66,17,530,1,1,1,-0.95,96
541,66,18,531,2,6,1,0.61,51
541,66,18,531,2,1,1,0.61,51
542,66,30,532,1,6,1,0.7,35
542,66,30,532,1,1,1,0.7,35
543,66,17,533,2,6,1,0.52,15
543,66,17,533,2,1,1,0.52,15
544,67,17,534,5,6,1,0.89,240
544,67,17,534,5,1,1,0.89,240
545,67,9,535,2,6,1,0.98,111
545,67,9,535,2,1,1,0.98,111
546,67,7,536,1,6,1,0.92,182
546,67,7,536,1,1,1,0.92,182
547,67,7,537,2,6,1,0.98,115
547,67,7,537,2,1,1,0.98,115
548,67,7,538,2,6,1,0.95,111
548,67,7,538,2,1,1,0.95,111
549,67,9,539,1,6,1,0.81,77
549,67,9,539,1,1,1,0.81,77
550,67,9,540,2,6,1,0.97,71
550,67,9,540,2,1,1,0.97,71
551,67,7,541,2,6,1,0.98,52
551,67,7,541,2,1,1,0.98,52
552,67,7,542,5,6,1,0.41,56
552,67,7,542,5,1,1,0.41,56
553,67,6,543,1,6,1,0.72,67
553,67,6,543,1,1,1,0.72,67
554,67,5,544,4,6,1,0.64,105
554,67,5,544,4,1,1,0.64,105
555,67,9,545,1,6,1,0.48,52
555,67,9,545,1,1,1,0.48,52
556,67,9,546,2,6,1,0.99,33
556,67,9,546,2,1,1,0.99,33
557,67,7,547,2,6,1,0.73,24
557,67,7,547,2,1,1,0.73,24
558,67,8,548,1,6,1,0.95,39
558,67,8,548,1,1,1,0.95,39
559,67,9,549,2,6,1,0.53,27
559,67,9,549,2,1,1,0.53,27
560,67,10,550,2,6,1,0.98,16
560,67,10,550,2,1,1,0.98,16
561,67,9,551,1,6,1,0.58,39
561,67,9,551,1,1,1,0.58,39
562,67,6,552,1,6,1,0.7,7
562,67,6,552,1,1,1,0.7,7
563,67,7,553,1,6,1,0.63,6
563,67,7,553,1,1,1,0.63,6
564,67,9,554,1,6,1,0.42,6
564,67,9,554,1,1,1,0.42,6
565,67,19,555,1,6,1,-0.64,218
565,67,19,555,1,1,1,-0.64,218
566,67,10,556,2,6,1,-0.91,236
566,67,10,556,2,1,1,-0.91,236
567,67,16,557,2,6,1,0.92,11
567,67,16,557,2,1,1,0.92,11
568,67,10,558,4,6,1,0.95,87
568,67,10,558,4,1,1,0.95,87
569,67,11,559,2,6,1,0.99,97
569,67,11,559,2,1,1,0.99,97
570,67,10,560,2,6,1,0.44,96
570,67,10,560,2,1,1,0.44,96
571,67,9,561,2,6,1,0.94,59
571,67,9,561,2,1,1,0.94,59
572,67,18,562,2,6,1,0.92,11
572,67,18,562,2,1,1,0.92,11
573,67,10,563,1,6,1,0.98,64
573,67,10,563,1,1,1,0.98,64
574,67,10,564,1,6,1,0.94,60
574,67,10,564,1,1,1,0.94,60
575,67,10,309,1,6,1,0.49,35
575,67,10,309,1,1,1,0.49,35
576,67,30,254,1,6,1,0.96,4
576,67,30,254,1,1,1,0.96,4
577,67,9,565,1,6,1,0.84,16
577,67,9,565,1,1,1,0.84,16
578,67,11,566,1,6,1,0.52,13
578,67,11,566,1,1,1,0.52,13
579,67,9,567,1,6,1,0.56,8
579,67,9,567,1,1,1,0.56,8
580,67,30,568,1,6,1,0.43,17
580,67,30,568,1,1,1,0.43,17
581,68,3,569,1,6,1,0.84,43
581,68,3,569,1,1,1,0.84,43
582,68,7,570,1,6,1,0.87,28
582,68,7,570,1,1,1,0.87,28
583,68,3,571,1,6,1,0.0,25
583,68,3,571,1,1,1,0.0,25
584,68,8,572,1,6,1,0.91,3
584,68,8,572,1,1,1,0.91,3
585,68,8,242,1,6,1,-0.47,250
585,68,8,242,1,1,1,-0.47,250
586,68,9,573,1,6,1,0.39,90
586,68,9,573,1,1,1,0.39,90
587,68,9,574,1,6,1,0.49,3
587,68,9,574,1,1,1,0.49,3
588,68,8,575,1,6,1,0.75,4
588,68,8,575,1,1,1,0.75,4
589,68,6,576,1,6,1,0.52,15
589,68,6,576,1,1,1,0.52,15
590,68,1,577,1,6,1,0.49,15
590,68,1,577,1,1,1,0.49,15
591,70,30,578,2,6,1,0.92,86
591,70,30,578,2,1,1,0.92,86
592,70,11,579,2,6,1,-0.61,102
592,70,11,579,2,1,1,-0.61,102
593,70,10,580,1,6,1,0.93,12
593,70,10,580,1,1,1,0.93,12
594,70,10,581,2,6,1,0.96,223
594,70,10,581,2,1,1,0.96,223
595,70,10,582,1,6,1,0.91,16
595,70,10,582,1,1,1,0.91,16
596,70,11,583,2,6,1,0.96,11
596,70,11,583,2,1,1,0.96,11
597,71,7,584,5,6,1,-0.86,67
597,71,7,584,5,1,1,-0.86,67
598,71,7,585,2,6,1,0.69,152
598,71,7,585,2,1,1,0.69,152
599,71,8,586,1,6,1,-0.68,108
599,71,8,586,1,1,1,-0.68,108
600,71,5,543,2,6,1,-0.54,112
600,71,5,543,2,1,1,-0.54,112
601,71,11,587,2,6,1,-0.67,87
601,71,11,587,2,1,1,-0.67,87
602,71,8,389,2,6,1,0.98,92
602,71,8,389,2,1,1,0.98,92
603,71,11,588,1,6,1,0.89,43
603,71,11,588,1,1,1,0.89,43
604,71,30,589,2,6,1,-0.92,31
604,71,30,589,2,1,1,-0.92,31
605,71,11,590,2,6,1,0.63,22
605,71,11,590,2,1,1,0.63,22
606,71,11,591,2,6,1,0.98,28
606,71,11,591,2,1,1,0.98,28
607,71,10,592,1,6,1,-0.46,9
607,71,10,592,1,1,1,-0.46,9
608,71,30,593,2,6,1,0.98,27
608,71,30,593,2,1,1,0.98,27
609,71,5,594,2,6,1,0.88,72
609,71,5,594,2,1,1,0.88,72
610,71,6,595,1,6,1,0.93,38
610,71,6,595,1,1,1,0.93,38
611,71,10,596,1,6,1,0.97,29
611,71,10,596,1,1,1,0.97,29
612,71,11,597,1,6,1,0.41,7
612,71,11,597,1,1,1,0.41,7
613,71,5,598,1,6,1,0.93,44
613,71,5,598,1,1,1,0.93,44
614,71,5,599,1,6,1,0.96,30
614,71,5,599,1,1,1,0.96,30
615,71,10,378,2,6,1,-0.76,21
615,71,10,378,2,1,1,-0.76,21
616,71,10,600,2,6,1,-0.76,13
616,71,10,600,2,1,1,-0.76,13
617,71,11,601,2,6,1,0.42,20
617,71,11,601,2,1,1,0.42,20
618,71,7,602,1,6,1,0.52,8
618,71,7,602,1,1,1,0.52,8
619,71,9,603,1,6,1,0.42,4
619,71,9,603,1,1,1,0.42,4
620,71,11,604,2,6,1,-0.45,11
620,71,11,604,2,1,1,-0.45,11
621,71,6,605,2,6,1,-0.45,11
621,71,6,605,2,1,1,-0.45,11
622,71,10,606,3,6,1,0.72,330
622,71,10,606,3,1,1,0.72,330
623,71,30,607,1,6,1,-0.67,20
623,71,30,607,1,1,1,-0.67,20
624,71,11,608,1,6,1,0.96,61
624,71,11,608,1,1,1,0.96,61
625,71,11,609,1,6,1,0.85,30
625,71,11,609,1,1,1,0.85,30
626,71,10,610,1,6,1,-0.96,102
626,71,10,610,1,1,1,-0.96,102
627,71,7,611,5,6,1,0.68,75
627,71,7,611,5,1,1,0.68,75
628,71,8,612,6,6,1,-0.51,32
628,71,8,612,6,1,1,-0.51,32
629,72,5,613,2,6,1,-0.79,189
629,72,5,613,2,1,1,-0.79,189
630,72,30,205,1,6,1,0.66,33
630,72,30,205,1,1,1,0.66,33
631,72,11,614,2,6,1,0.92,18
631,72,11,614,2,1,1,0.92,18
632,72,6,615,1,6,1,0.94,37
632,72,6,615,1,1,1,0.94,37
633,72,7,616,2,6,1,-0.42,36
633,72,7,616,2,1,1,-0.42,36
634,72,10,617,1,6,1,0.42,4
634,72,10,617,1,1,1,0.42,4
635,72,10,618,2,6,1,-0.43,25
635,72,10,618,2,1,1,-0.43,25
636,72,7,619,1,6,1,0.79,7
636,72,7,619,1,1,1,0.79,7
637,73,30,620,2,7,1,-0.81,228
637,73,30,620,2,1,1,-0.81,228
638,73,17,621,2,7,1,-0.86,222
638,73,17,621,2,1,1,-0.86,222
639,73,17,622,2,7,1,-0.68,234
639,73,17,622,2,1,1,-0.68,234
640,73,20,623,2,7,1,-0.46,94
640,73,20,623,2,1,1,-0.46,94
641,73,14,624,2,7,1,0.46,62
641,73,14,624,2,1,1,0.46,62
642,73,30,625,2,7,1,0.92,234
642,73,30,625,2,1,1,0.92,234
643,73,9,626,4,7,1,0.95,177
643,73,9,626,4,1,1,0.95,177
644,73,30,627,3,7,1,-0.86,240
644,73,30,627,3,1,1,-0.86,240
645,73,11,628,2,7,1,-0.96,297
645,73,11,628,2,1,1,-0.96,297
646,73,10,629,2,7,1,0.61,183
646,73,10,629,2,1,1,0.61,183
647,73,10,630,2,7,1,-0.84,158
647,73,10,630,2,1,1,-0.84,158
648,73,10,631,2,7,1,-0.43,206
648,73,10,631,2,1,1,-0.43,206
649,73,12,632,2,7,1,0.5,52
649,73,12,632,2,1,1,0.5,52
650,73,30,633,1,7,1,0.92,30
650,73,30,633,1,1,1,0.92,30
651,73,14,634,3,7,1,0.44,43
651,73,14,634,3,1,1,0.44,43
652,73,14,635,2,7,1,-0.53,33
652,73,14,635,2,1,1,-0.53,33
653,73,7,636,4,7,1,-0.47,144
653,73,7,636,4,1,1,-0.47,144
654,73,9,637,2,7,1,0.99,116
654,73,9,637,2,1,1,0.99,116
655,73,7,638,2,7,1,-0.68,165
655,73,7,638,2,1,1,-0.68,165
656,73,30,639,1,7,1,0.0,43
656,73,30,639,1,1,1,0.0,43
657,73,7,640,2,7,1,0.77,87
657,73,7,640,2,1,1,0.77,87
658,73,8,641,2,7,1,-0.65,130
658,73,8,641,2,1,1,-0.65,130
659,73,11,642,2,7,1,0.48,70
659,73,11,642,2,1,1,0.48,70
660,73,6,643,1,7,1,-0.52,50
660,73,6,643,1,1,1,-0.52,50
661,73,7,644,1,7,1,0.69,87
661,73,7,644,1,1,1,0.69,87
662,73,7,645,2,7,1,-0.55,86
662,73,7,645,2,1,1,-0.55,86
663,73,5,646,2,7,1,0.55,64
663,73,5,646,2,1,1,0.55,64
664,73,6,647,1,7,1,-0.4,5
664,73,6,647,1,1,1,-0.4,5
665,73,11,648,2,7,1,0.74,18
665,73,11,648,2,1,1,0.74,18
666,73,7,649,1,7,1,0.94,24
666,73,7,649,1,1,1,0.94,24
667,73,11,650,2,7,1,0.96,22
667,73,11,650,2,1,1,0.96,22
668,73,6,651,3,7,1,0.41,20
668,73,6,651,3,1,1,0.41,20
669,73,7,652,2,7,1,0.61,39
669,73,7,652,2,1,1,0.61,39
670,73,10,653,2,7,1,-0.43,20
670,73,10,653,2,1,1,-0.43,20
671,73,8,654,1,7,1,0.96,19
671,73,8,654,1,1,1,0.96,19
672,73,9,655,1,7,1,0.57,32
672,73,9,655,1,1,1,0.57,32
673,73,30,656,1,7,1,0.57,15
673,73,30,656,1,1,1,0.57,15
674,73,9,657,1,7,1,0.87,13
674,73,9,657,1,1,1,0.87,13
675,73,9,658,1,7,1,0.52,18
675,73,9,658,1,1,1,0.52,18
676,73,5,659,1,7,1,0.91,3
676,73,5,659,1,1,1,0.91,3
677,73,9,660,2,7,1,0.92,11
677,73,9,660,2,1,1,0.92,11
678,73,10,661,1,7,1,0.77,19
678,73,10,661,1,1,1,0.77,19
679,73,10,662,1,7,1,0.61,20
679,73,10,662,1,1,1,0.61,20
680,73,5,663,2,7,1,0.54,16
680,73,5,663,2,1,1,0.54,16
681,73,23,664,2,7,1,0.51,18
681,73,23,664,2,1,1,0.51,18
682,73,23,665,2,7,1,-0.55,160
682,73,23,665,2,1,1,-0.55,160
683,73,18,666,3,7,1,-0.91,157
683,73,18,666,3,1,1,-0.91,157
684,73,15,667,2,7,1,-0.6,93
684,73,15,667,2,1,1,-0.6,93
685,73,9,668,2,7,1,-0.94,303
685,73,9,668,2,1,1,-0.94,303
686,73,11,669,2,7,1,0.98,146
686,73,11,669,2,1,1,0.98,146
687,73,11,670,3,7,1,0.73,78
687,73,11,670,3,1,1,0.73,78
688,73,11,671,3,7,1,0.0,109
688,73,11,671,3,1,1,0.0,109
689,73,16,672,1,7,1,0.46,10
689,73,16,672,1,1,1,0.46,10
690,73,10,673,2,7,1,-0.98,93
690,73,10,673,2,1,1,-0.98,93
691,73,9,674,2,7,1,-0.91,56
691,73,9,674,2,1,1,-0.91,56
692,73,7,675,2,7,1,0.74,49
692,73,7,675,2,1,1,0.74,49
693,73,8,676,1,7,1,0.53,79
693,73,8,676,1,1,1,0.53,79
694,73,8,677,1,7,1,-0.64,63
694,73,8,677,1,1,1,-0.64,63
695,73,8,678,2,7,1,0.45,39
695,73,8,678,2,1,1,0.45,39
696,73,6,679,1,7,1,0.97,30
696,73,6,679,1,1,1,0.97,30
697,73,10,680,2,7,1,-0.95,22
697,73,10,680,2,1,1,-0.95,22
698,73,11,681,1,7,1,0.72,26
698,73,11,681,1,1,1,0.72,26
699,73,9,682,2,7,1,0.38,26
699,73,9,682,2,1,1,0.38,26
700,73,8,683,1,7,1,0.86,37
700,73,8,683,1,1,1,0.86,37
701,73,10,684,1,7,1,0.97,9
701,73,10,684,1,1,1,0.97,9
702,73,11,685,1,7,1,0.47,13
702,73,11,685,1,1,1,0.47,13
703,74,30,686,3,7,1,-0.91,244
703,74,30,686,3,1,1,-0.91,244
704,74,11,687,2,7,1,0.0,38
704,74,11,687,2,1,1,0.0,38
705,74,10,688,1,7,1,0.52,63
705,74,10,688,1,1,1,0.52,63
706,74,21,689,2,7,1,-0.81,116
706,74,21,689,2,1,1,-0.81,116
707,74,14,690,1,7,1,0.0,72
707,74,14,690,1,1,1,0.0,72
708,74,11,691,3,7,1,0.96,82
708,74,11,691,3,1,1,0.96,82
709,74,10,692,1,7,1,0.75,39
709,74,10,692,1,1,1,0.75,39
710,75,30,693,1,7,1,0.58,18
710,75,30,693,1,1,1,0.58,18
711,75,18,666,4,7,1,-0.95,167
711,75,18,666,4,1,1,-0.95,167
712,75,11,694,4,7,1,0.59,86
712,75,11,694,4,1,1,0.59,86
713,75,16,695,1,7,1,0.86,9
713,75,16,695,1,1,1,0.86,9
714,76,10,653,2,7,1,-0.71,82
714,76,10,653,2,1,1,-0.71,82
715,76,5,696,2,7,1,0.46,23
715,76,5,696,2,1,1,0.46,23
716,76,11,697,2,7,1,-0.49,38
716,76,11,697,2,1,1,-0.49,38
717,76,30,698,1,7,1,-0.49,22
717,76,30,698,1,1,1,-0.49,22
718,76,11,699,1,7,1,0.96,4
718,76,11,699,1,1,1,0.96,4
719,76,11,700,1,7,1,0.44,4
719,76,11,700,1,1,1,0.44,4
720,77,10,701,3,7,1,-0.67,240
720,77,10,701,3,1,1,-0.67,240
721,77,10,702,2,7,1,-0.91,239
721,77,10,702,2,1,1,-0.91,239
722,77,6,703,2,7,1,0.68,236
722,77,6,703,2,1,1,0.68,236
723,77,8,704,2,7,1,0.68,77
723,77,8,704,2,1,1,0.68,77
724,77,6,705,1,7,1,0.51,10
724,77,6,705,1,1,1,0.51,10
725,77,17,706,2,7,1,-0.59,296
725,77,17,706,2,1,1,-0.59,296
726,77,10,707,3,7,1,-0.75,93
726,77,10,707,3,1,1,-0.75,93
727,77,5,708,2,7,1,-0.95,71
727,77,5,708,2,1,1,-0.95,71
728,77,11,709,1,7,1,0.93,34
728,77,11,709,1,1,1,0.93,34
729,78,30,710,1,7,1,-0.96,32
729,78,30,710,1,1,1,-0.96,32
730,78,13,711,1,7,1,0.46,9
730,78,13,711,1,1,1,0.46,9
731,78,30,712,1,7,1,0.49,11
731,78,30,712,1,1,1,0.49,11
732,79,14,713,2,7,1,-0.53,232
732,79,14,713,2,1,1,-0.53,232
733,79,10,714,2,7,1,-0.47,159
733,79,10,714,2,1,1,-0.47,159
734,79,10,715,2,7,1,0.93,22
734,79,10,715,2,1,1,0.93,22
735,79,11,716,3,7,1,-0.86,74
735,79,11,716,3,1,1,-0.86,74
736,80,7,717,2,8,1,0.0,205
736,80,7,717,2,1,1,0.0,205
737,80,9,718,2,8,1,0.57,48
737,80,9,718,2,1,1,0.57,48
738,80,9,719,1,8,1,0.45,36
738,80,9,719,1,1,1,0.45,36
739,80,9,720,1,8,1,-0.9,23
739,80,9,720,1,1,1,-0.9,23
740,80,5,721,1,8,1,0.69,9
740,80,5,721,1,1,1,0.69,9
741,80,4,722,2,8,1,0.47,25
741,80,4,722,2,1,1,0.47,25
742,80,6,723,2,8,1,0.57,15
742,80,6,723,2,1,1,0.57,15
743,80,6,724,2,8,1,0.57,7
743,80,6,724,2,1,1,0.57,7
744,80,6,725,2,8,1,0.91,65
744,80,6,725,2,1,1,0.91,65
745,80,9,726,2,8,1,0.88,43
745,80,9,726,2,1,1,0.88,43
746,80,11,727,2,8,1,0.97,18
746,80,11,727,2,1,1,0.97,18
747,80,5,728,1,8,1,0.49,48
747,80,5,728,1,1,1,0.49,48
748,80,6,729,1,8,1,0.91,19
748,80,6,729,1,1,1,0.91,19
749,80,9,730,1,8,1,0.75,4
749,80,9,730,1,1,1,0.75,4
750,80,5,731,1,8,1,0.96,4
750,80,5,731,1,1,1,0.96,4
751,80,7,732,1,8,1,0.52,6
751,80,7,732,1,1,1,0.52,6
752,80,10,733,1,8,1,-0.49,10
752,80,10,733,1,1,1,-0.49,10
753,80,5,734,1,8,1,0.48,13
753,80,5,734,1,1,1,0.48,13
754,81,30,735,4,8,1,-0.77,240
754,81,30,735,4,1,1,-0.77,240
755,81,11,736,6,8,1,-0.61,240
755,81,11,736,6,1,1,-0.61,240
756,81,8,737,2,8,1,-0.48,92
756,81,8,737,2,1,1,-0.48,92
757,81,11,738,1,8,1,0.38,30
757,81,11,738,1,1,1,0.38,30
758,81,30,739,1,8,1,0.0,8
758,81,30,739,1,1,1,0.0,8
759,81,10,740,2,8,1,0.69,12
759,81,10,740,2,1,1,0.69,12
760,81,24,741,2,8,1,0.7,26
760,81,24,741,2,1,1,0.7,26
761,81,20,742,1,8,1,-0.49,10
761,81,20,742,1,1,1,-0.49,10
762,82,11,736,6,8,1,-0.63,285
762,82,11,736,6,1,1,-0.63,285
763,82,11,743,1,8,1,-0.46,55
763,82,11,743,1,1,1,-0.46,55
764,82,30,744,2,8,1,-0.87,15
764,82,30,744,2,1,1,-0.87,15
765,82,10,745,1,8,1,0.94,15
765,82,10,745,1,1,1,0.94,15
766,82,9,746,2,8,1,0.8,18
766,82,9,746,2,1,1,0.8,18
767,82,10,747,1,8,1,0.48,17
767,82,10,747,1,1,1,0.48,17
768,82,7,748,1,8,1,0.57,12
768,82,7,748,1,1,1,0.57,12
769,82,30,749,2,8,1,-0.92,24
769,82,30,749,2,1,1,-0.92,24
770,82,20,750,1,8,1,0.97,9
770,82,20,750,1,1,1,0.97,9
771,82,30,751,1,8,1,-0.46,72
771,82,30,751,1,1,1,-0.46,72
772,82,11,752,1,8,1,-0.52,186
772,82,11,752,1,1,1,-0.52,186
773,82,21,753,2,8,1,0.96,20
773,82,21,753,2,1,1,0.96,20
774,82,8,754,1,8,1,0.91,4
774,82,8,754,1,1,1,0.91,4
775,82,11,755,2,8,1,0.96,17
775,82,11,755,2,1,1,0.96,17
776,83,6,756,2,8,1,0.66,39
776,83,6,756,2,1,1,0.66,39
777,83,13,757,2,8,1,0.52,19
777,83,13,757,2,1,1,0.52,19
778,83,9,758,1,8,1,0.83,37
778,83,9,758,1,1,1,0.83,37
779,83,7,759,2,8,1,0.92,11
779,83,7,759,2,1,1,0.92,11
780,83,5,760,1,8,1,0.48,25
780,83,5,760,1,1,1,0.48,25
781,83,11,761,1,8,1,-0.42,3
781,83,11,761,1,1,1,-0.42,3
782,83,6,744,1,8,1,0.53,14
782,83,6,744,1,1,1,0.53,14
783,83,30,762,3,8,1,-0.56,234
783,83,30,762,3,1,1,-0.56,234
784,83,9,763,3,8,1,0.81,103
784,83,9,763,3,1,1,0.81,103
785,83,11,764,6,8,1,0.0,33
785,83,11,764,6,1,1,0.0,33
786,83,11,765,1,8,1,0.63,5
786,83,11,765,1,1,1,0.63,5
787,83,6,766,1,8,1,-0.42,6
787,83,6,766,1,1,1,-0.42,6
788,83,5,767,1,8,1,0.48,13
788,83,5,767,1,1,1,0.48,13
789,83,7,768,1,8,1,0.48,13
789,83,7,768,1,1,1,0.48,13
790,84,11,738,1,8,1,0.59,13
790,84,11,738,1,1,1,0.59,13
791,84,19,769,1,8,1,-0.82,64
791,84,19,769,1,1,1,-0.82,64
792,84,11,770,2,8,1,0.96,54
792,84,11,770,2,1,1,0.96,54
793,84,10,771,1,8,1,0.96,9
793,84,10,771,1,1,1,0.96,9
794,84,8,772,1,8,1,0.75,4
794,84,8,772,1,1,1,0.75,4
795,84,30,773,2,8,1,0.97,62
795,84,30,773,2,1,1,0.97,62
796,86,30,774,2,8,1,0.96,53
796,86,30,774,2,1,1,0.96,53
797,86,4,775,1,8,1,-0.47,61
797,86,4,775,1,1,1,-0.47,61
798,86,6,776,1,8,1,0.95,25
798,86,6,776,1,1,1,0.95,25
799,86,10,777,2,8,1,0.54,34
799,86,10,777,2,1,1,0.54,34
800,86,6,778,2,8,1,0.48,47
800,86,6,778,2,1,1,0.48,47
801,86,5,724,1,8,1,0.85,7
801,86,5,724,1,1,1,0.85,7
802,86,6,779,2,8,1,0.57,15
802,86,6,779,2,1,1,0.57,15
803,86,24,780,1,8,1,-0.93,77
803,86,24,780,1,1,1,-0.93,77
804,86,16,781,2,8,1,-0.91,20
804,86,16,781,2,1,1,-0.91,20
805,86,8,782,1,8,1,-0.77,93
805,86,8,782,1,1,1,-0.77,93
806,86,10,783,2,8,1,0.96,64
806,86,10,783,2,1,1,0.96,64
807,86,9,784,1,8,1,0.0,9
807,86,9,784,1,1,1,0.0,9
808,87,30,785,2,8,1,0.97,134
808,87,30,785,2,1,1,0.97,134
809,87,5,786,3,8,1,0.86,141
809,87,5,786,3,1,1,0.86,141
810,87,7,754,1,8,1,0.66,5
810,87,7,754,1,1,1,0.66,5
811,87,5,787,2,8,1,0.56,23
811,87,5,787,2,1,1,0.56,23
812,87,11,788,3,8,1,0.56,20
812,87,11,788,3,1,1,0.56,20
813,87,7,789,1,8,1,0.86,14
813,87,7,789,1,1,1,0.86,14
814,88,11,790,2,9,1,-0.65,239
814,88,11,790,2,1,1,-0.65,239
815,88,11,791,2,9,1,0.52,234
815,88,11,791,2,1,1,0.52,234
816,88,30,792,6,9,1,-0.92,133
816,88,30,792,6,1,1,-0.92,133
817,88,11,793,2,9,1,-0.54,112
817,88,11,793,2,1,1,-0.54,112
818,88,30,794,2,9,1,-0.45,75
818,88,30,794,2,1,1,-0.45,75
819,88,7,795,2,9,1,0.76,72
819,88,7,795,2,1,1,0.76,72
820,88,6,796,1,9,1,-0.62,165
820,88,6,796,1,1,1,-0.62,165
821,88,11,797,2,9,1,0.47,65
821,88,11,797,2,1,1,0.47,65
822,88,7,798,2,9,1,0.87,48
822,88,7,798,2,1,1,0.87,48
823,88,7,799,1,9,1,-0.55,58
823,88,7,799,1,1,1,-0.55,58
824,88,15,800,1,9,1,0.59,12
824,88,15,800,1,1,1,0.59,12
825,88,6,801,1,9,1,0.94,53
825,88,6,801,1,1,1,0.94,53
826,88,5,802,2,9,1,0.0,52
826,88,5,802,2,1,1,0.0,52
827,88,8,803,2,9,1,0.77,12
827,88,8,803,2,1,1,0.77,12
828,88,10,804,2,9,1,-0.46,16
828,88,10,804,2,1,1,-0.46,16
829,88,4,805,2,9,1,-0.41,50
829,88,4,805,2,1,1,-0.41,50
830,88,5,806,1,9,1,-0.44,68
830,88,5,806,1,1,1,-0.44,68
831,88,11,807,2,9,1,0.96,11
831,88,11,807,2,1,1,0.96,11
832,88,6,808,1,9,1,0.61,6
832,88,6,808,1,1,1,0.61,6
833,88,7,809,1,9,1,0.51,9
833,88,7,809,1,1,1,0.51,9
834,88,7,810,2,9,1,0.62,23
834,88,7,810,2,1,1,0.62,23
835,88,10,811,1,9,1,0.76,11
835,88,10,811,1,1,1,0.76,11
836,88,5,812,1,9,1,0.94,15
836,88,5,812,1,1,1,0.94,15
837,88,6,813,1,9,1,0.42,2
837,88,6,813,1,1,1,0.42,2
838,88,24,814,3,9,1,0.86,163
838,88,24,814,3,1,1,0.86,163
839,88,30,815,3,9,1,0.6,153
839,88,30,815,3,1,1,0.6,153
840,88,11,816,1,9,1,0.46,45
840,88,11,816,1,1,1,0.46,45
841,88,10,817,2,9,1,0.44,49
841,88,10,817,2,1,1,0.44,49
842,88,10,818,1,9,1,0.84,60
842,88,10,818,1,1,1,0.84,60
843,88,6,819,1,9,1,0.7,41
843,88,6,819,1,1,1,0.7,41
844,88,6,820,1,9,1,0.94,33
844,88,6,820,1,1,1,0.94,33
845,88,6,821,2,9,1,0.46,37
845,88,6,821,2,1,1,0.46,37
846,88,5,822,2,9,1,-0.63,24
846,88,5,822,2,1,1,-0.63,24
847,88,6,823,1,9,1,0.0,16
847,88,6,823,1,1,1,0.0,16
848,88,4,824,1,9,1,-0.47,35
848,88,4,824,1,1,1,-0.47,35
849,88,11,825,1,9,1,0.91,4
849,88,11,825,1,1,1,0.91,4
850,88,10,826,1,9,1,0.44,4
850,88,10,826,1,1,1,0.44,4
851,88,11,827,1,9,1,-0.53,13
851,88,11,827,1,1,1,-0.53,13
852,88,10,828,1,9,1,0.78,5
852,88,10,828,1,1,1,0.78,5
853,88,10,829,2,9,1,0.58,12
853,88,10,829,2,1,1,0.58,12
854,88,6,830,1,9,1,0.52,6
854,88,6,830,1,1,1,0.52,6
855,88,23,831,1,9,1,0.78,19
855,88,23,831,1,1,1,0.78,19
856,89,18,832,2,9,1,0.54,235
856,89,18,832,2,1,1,0.54,235
857,89,14,833,2,9,1,-0.61,99
857,89,14,833,2,1,1,-0.61,99
858,89,10,834,2,9,1,-0.9,256
858,89,10,834,2,1,1,-0.9,256
859,89,10,835,2,9,1,0.97,56
859,89,10,835,2,1,1,0.97,56
860,89,7,836,5,9,1,-0.92,54
860,89,7,836,5,1,1,-0.92,54
861,89,4,837,1,9,1,-0.56,36
861,89,4,837,1,1,1,-0.56,36
862,89,7,838,2,9,1,-0.94,20
862,89,7,838,2,1,1,-0.94,20
863,89,30,839,1,9,1,0.42,1
863,89,30,839,1,1,1,0.42,1
864,89,6,840,1,9,1,0.75,4
864,89,6,840,1,1,1,0.75,4
865,89,7,841,2,9,1,0.68,19
865,89,7,841,2,1,1,0.68,19
866,89,6,842,2,9,1,0.49,6
866,89,6,842,2,1,1,0.49,6
867,89,8,843,1,9,1,0.57,7
867,89,8,843,1,1,1,0.57,7
868,89,7,844,2,9,1,0.46,18
868,89,7,844,2,1,1,0.46,18
869,89,12,845,1,9,1,0.96,9
869,89,12,845,1,1,1,0.96,9
870,89,2,846,1,9,1,0.95,5
870,89,2,846,1,1,1,0.95,5
871,89,7,847,1,9,1,0.91,3
871,89,7,847,1,1,1,0.91,3
872,89,2,848,1,9,1,-0.49,10
872,89,2,848,1,1,1,-0.49,10
873,89,6,849,1,9,1,0.51,2
873,89,6,849,1,1,1,0.51,2
874,90,9,850,1,9,1,0.78,132
874,90,9,850,1,1,1,0.78,132
875,90,6,851,1,9,1,0.35,32
875,90,6,851,1,1,1,0.35,32
876,90,11,800,1,9,1,0.89,39
876,90,11,800,1,1,1,0.89,39
877,90,7,852,1,9,1,0.93,50
877,90,7,852,1,1,1,0.93,50
878,90,7,853,1,9,1,-0.67,23
878,90,7,853,1,1,1,-0.67,23
879,90,6,854,1,9,1,0.72,30
879,90,6,854,1,1,1,0.72,30
880,90,9,855,2,9,1,0.39,23
880,90,9,855,2,1,1,0.39,23
881,90,5,856,1,9,1,0.96,4
881,90,5,856,1,1,1,0.96,4
882,90,6,857,2,9,1,-0.56,21
882,90,6,857,2,1,1,-0.56,21
883,90,9,858,2,9,1,0.77,78
883,90,9,858,2,1,1,0.77,78
884,90,9,859,2,9,1,-0.45,198
884,90,9,859,2,1,1,-0.45,198
885,90,9,860,2,9,1,-0.65,169
885,90,9,860,2,1,1,-0.65,169
886,90,8,861,1,9,1,0.97,9
886,90,8,861,1,1,1,0.97,9
887,90,6,821,1,9,1,0.42,38
887,90,6,821,1,1,1,0.42,38
888,90,7,862,1,9,1,0.55,7
888,90,7,862,1,1,1,0.55,7
889,91,10,863,4,9,1,-0.51,120
889,91,10,863,4,1,1,-0.51,120
890,91,11,864,1,9,1,0.89,75
890,91,11,864,1,1,1,0.89,75
891,91,9,865,1,9,1,0.0,113
891,91,9,865,1,1,1,0.0,113
892,91,8,866,5,9,1,0.96,46
892,91,8,866,5,1,1,0.96,46
893,91,7,867,2,9,1,0.47,57
893,91,7,867,2,1,1,0.47,57
894,91,10,868,3,9,1,0.96,39
894,91,10,868,3,1,1,0.96,39
895,91,8,803,2,9,1,0.53,12
895,91,8,803,2,1,1,0.53,12
896,91,9,869,2,9,1,-0.52,16
896,91,9,869,2,1,1,-0.52,16
897,91,7,870,1,9,1,0.42,5
897,91,7,870,1,1,1,0.42,5
898,91,8,871,2,9,1,0.83,74
898,91,8,871,2,1,1,0.83,74
899,91,6,872,1,9,1,-0.69,50
899,91,6,872,1,1,1,-0.69,50
900,91,9,873,2,9,1,0.57,40
900,91,9,873,2,1,1,0.57,40
901,91,9,874,1,9,1,0.76,5
901,91,9,874,1,1,1,0.76,5
902,91,10,875,1,9,1,0.52,7
902,91,10,875,1,1,1,0.52,7
903,91,10,876,1,9,1,0.97,9
903,91,10,876,1,1,1,0.97,9
904,91,9,877,1,9,1,0.96,4
904,91,9,877,1,1,1,0.96,4
905,91,9,878,1,9,1,0.88,11
905,91,9,878,1,1,1,0.88,11
906,92,17,879,3,9,1,0.83,137
906,92,17,879,3,1,1,0.83,137
907,92,11,880,3,9,1,0.83,239
907,92,11,880,3,1,1,0.83,239
908,92,11,881,2,9,1,-0.85,308
908,92,11,881,2,1,1,-0.85,308
909,92,30,882,2,9,1,-0.75,43
909,92,30,882,2,1,1,-0.75,43
910,92,10,883,2,9,1,-0.57,44
910,92,10,883,2,1,1,-0.57,44
911,92,10,884,2,9,1,-0.4,25
911,92,10,884,2,1,1,-0.4,25
912,92,5,885,2,9,1,0.0,18
912,92,5,885,2,1,1,0.0,18
913,92,7,886,1,9,1,0.49,23
913,92,7,886,1,1,1,0.49,23
914,92,6,887,2,9,1,0.57,15
914,92,6,887,2,1,1,0.57,15
915,92,22,888,2,9,1,0.85,136
915,92,22,888,2,1,1,0.85,136
916,92,30,889,1,9,1,-0.46,106
916,92,30,889,1,1,1,-0.46,106
917,92,30,890,2,9,1,-0.91,37
917,92,30,890,2,1,1,-0.91,37
918,92,12,891,1,9,1,0.86,14
918,92,12,891,1,1,1,0.86,14
919,92,7,892,1,9,1,0.46,38
919,92,7,892,1,1,1,0.46,38
920,92,9,893,2,9,1,0.58,9
920,92,9,893,2,1,1,0.58,9
921,92,11,894,2,9,1,0.62,18
921,92,11,894,2,1,1,0.62,18
922,92,7,895,1,9,1,0.54,3
922,92,7,895,1,1,1,0.54,3
923,92,25,896,2,9,1,0.92,91
923,92,25,896,2,1,1,0.92,91
924,93,30,897,4,9,1,0.46,83
924,93,30,897,4,1,1,0.46,83
925,93,30,898,6,9,1,-0.57,52
925,93,30,898,6,1,1,-0.57,52
926,93,7,899,2,9,1,-0.7,22
926,93,7,899,2,1,1,-0.7,22
927,93,16,900,2,9,1,0.62,234
927,93,16,900,2,1,1,0.62,234
928,94,20,901,3,9,1,0.0,237
928,94,20,901,3,2,1,0.0,237
928,94,20,901,3,1,1,0.0,237
929,94,11,902,2,9,1,-0.87,173
929,94,11,902,2,2,1,-0.87,173
929,94,11,902,2,1,1,-0.87,173
930,94,17,903,6,9,1,-0.36,33
930,94,17,903,6,2,1,-0.36,33
930,94,17,903,6,1,1,-0.36,33
931,94,10,904,2,9,1,0.48,31
931,94,10,904,2,2,1,0.48,31
931,94,10,904,2,1,1,0.48,31
932,94,12,905,2,9,1,0.54,12
932,94,12,905,2,2,1,0.54,12
932,94,12,905,2,1,1,0.54,12
933,94,30,888,1,9,1,-0.64,72
933,94,30,888,1,2,1,-0.64,72
933,94,30,888,1,1,1,-0.64,72
934,94,25,896,1,9,1,0.97,81
934,94,25,896,1,2,1,0.97,81
934,94,25,896,1,1,1,0.97,81
935,95,13,906,1,9,1,-0.43,45
935,95,13,906,1,2,1,-0.43,45
935,95,13,906,1,1,1,-0.43,45
936,95,18,907,1,9,1,0.97,11
936,95,18,907,1,2,1,0.97,11
936,95,18,907,1,1,1,0.97,11
937,96,18,908,2,10,1,-0.99,240
937,96,18,908,2,2,1,-0.99,240
937,96,18,908,2,1,1,-0.99,240
938,96,30,909,2,10,1,-0.92,229
938,96,30,909,2,2,1,-0.92,229
938,96,30,909,2,1,1,-0.92,229
939,96,9,910,2,10,1,0.94,250
939,96,9,910,2,2,1,0.94,250
939,96,9,910,2,1,1,0.94,250
940,96,8,911,2,10,1,0.0,233
940,96,8,911,2,2,1,0.0,233
940,96,8,911,2,1,1,0.0,233
941,96,11,912,2,10,1,-0.97,89
941,96,11,912,2,2,1,-0.97,89
941,96,11,912,2,1,1,-0.97,89
942,96,8,913,2,10,1,0.95,119
942,96,8,913,2,2,1,0.95,119
942,96,8,913,2,1,1,0.95,119
943,96,13,914,2,10,1,0.66,29
943,96,13,914,2,2,1,0.66,29
943,96,13,914,2,1,1,0.66,29
944,96,10,915,2,10,1,-0.53,141
944,96,10,915,2,2,1,-0.53,141
944,96,10,915,2,1,1,-0.53,141
945,96,8,916,1,10,1,0.88,80
945,96,8,916,1,2,1,0.88,80
945,96,8,916,1,1,1,0.88,80
946,96,7,917,6,10,1,-0.43,72
946,96,7,917,6,2,1,-0.43,72
946,96,7,917,6,1,1,-0.43,72
947,96,6,918,2,10,1,0.98,16
947,96,6,918,2,2,1,0.98,16
947,96,6,918,2,1,1,0.98,16
948,96,8,919,1,10,1,0.69,24
948,96,8,919,1,2,1,0.69,24
948,96,8,919,1,1,1,0.69,24
949,96,30,920,6,10,1,-0.48,99
949,96,30,920,6,2,1,-0.48,99
949,96,30,920,6,1,1,-0.48,99
950,96,23,921,2,10,1,0.9,130
950,96,23,921,2,2,1,0.9,130
950,96,23,921,2,1,1,0.9,130
951,96,21,922,2,10,1,0.93,229
951,96,21,922,2,2,1,0.93,229
951,96,21,922,2,1,1,0.93,229
952,96,15,923,4,10,1,-0.94,154
952,96,15,923,4,2,1,-0.94,154
952,96,15,923,4,1,1,-0.94,154
953,96,11,924,4,10,1,0.94,144
953,96,11,924,4,2,1,0.94,144
953,96,11,924,4,1,1,0.94,144
954,96,11,925,1,10,1,0.6,114
954,96,11,925,1,2,1,0.6,114
954,96,11,925,1,1,1,0.6,114
955,96,9,926,1,10,1,0.88,63
955,96,9,926,1,2,1,0.88,63
955,96,9,926,1,1,1,0.88,63
956,96,9,927,2,10,1,0.56,22
956,96,9,927,2,2,1,0.56,22
956,96,9,927,2,1,1,0.56,22
957,96,7,928,1,10,1,0.75,4
957,96,7,928,1,2,1,0.75,4
957,96,7,928,1,1,1,0.75,4
958,96,7,929,2,10,1,0.92,11
958,96,7,929,2,2,1,0.92,11
958,96,7,929,2,1,1,0.92,11
959,96,30,930,1,10,1,0.6,6
959,96,30,930,1,2,1,0.6,6
959,96,30,930,1,1,1,0.6,6
960,96,10,931,1,10,1,0.82,20
960,96,10,931,1,2,1,0.82,20
960,96,10,931,1,1,1,0.82,20
961,96,9,932,1,10,1,0.69,39
961,96,9,932,1,2,1,0.69,39
961,96,9,932,1,1,1,0.69,39
962,97,20,933,5,10,1,-0.87,217
962,97,20,933,5,2,1,-0.87,217
962,97,20,933,5,1,1,-0.87,217
963,97,10,934,2,10,1,0.87,216
963,97,10,934,2,2,1,0.87,216
963,97,10,934,2,1,1,0.87,216
964,97,30,935,2,10,1,-0.48,96
964,97,30,935,2,2,1,-0.48,96
964,97,30,935,2,1,1,-0.48,96
965,97,9,936,3,10,1,-0.76,121
965,97,9,936,3,2,1,-0.76,121
965,97,9,936,3,1,1,-0.76,121
966,97,10,937,1,10,1,-0.67,77
966,97,10,937,1,2,1,-0.67,77
966,97,10,937,1,1,1,-0.67,77
967,97,8,938,2,10,1,-0.52,67
967,97,8,938,2,2,1,-0.52,67
967,97,8,938,2,1,1,-0.52,67
968,97,30,939,2,10,1,-0.81,17
968,97,30,939,2,2,1,-0.81,17
968,97,30,939,2,1,1,-0.81,17
969,97,11,940,1,10,1,-0.86,34
969,97,11,940,1,2,1,-0.86,34
969,97,11,940,1,1,1,-0.86,34
970,97,10,941,2,10,1,-0.6,40
970,97,10,941,2,2,1,-0.6,40
970,97,10,941,2,1,1,-0.6,40
971,97,10,942,1,10,1,0.89,39
971,97,10,942,1,2,1,0.89,39
971,97,10,942,1,1,1,0.89,39
972,97,7,943,1,10,1,0.55,14
972,97,7,943,1,2,1,0.55,14
972,97,7,943,1,1,1,0.55,14
973,97,10,944,2,10,1,-0.89,17
973,97,10,944,2,2,1,-0.89,17
973,97,10,944,2,1,1,-0.89,17
974,97,9,945,2,10,1,0.43,23
974,97,9,945,2,2,1,0.43,23
974,97,9,945,2,1,1,0.43,23
975,97,8,946,1,10,1,-0.4,3
975,97,8,946,1,2,1,-0.4,3
975,97,8,946,1,1,1,-0.4,3
976,97,6,947,1,10,1,0.46,18
976,97,6,947,1,2,1,0.46,18
976,97,6,947,1,1,1,0.46,18
977,97,21,922,4,10,1,-0.97,198
977,97,21,922,4,2,1,-0.97,198
977,97,21,922,4,1,1,-0.97,198
978,97,11,948,5,10,1,-0.88,240
978,97,11,948,5,2,1,-0.88,240
978,97,11,948,5,1,1,-0.88,240
979,97,30,949,2,10,1,-0.95,173
979,97,30,949,2,2,1,-0.95,173
979,97,30,949,2,1,1,-0.95,173
980,97,11,950,2,10,1,0.4,257
980,97,11,950,2,2,1,0.4,257
980,97,11,950,2,1,1,0.4,257
981,97,6,951,2,10,1,-0.84,250
981,97,6,951,2,2,1,-0.84,250
981,97,6,951,2,1,1,-0.84,250
982,97,30,952,1,10,1,0.5,88
982,97,30,952,1,2,1,0.5,88
982,97,30,952,1,1,1,0.5,88
983,97,8,953,2,10,1,0.62,68
983,97,8,953,2,2,1,0.62,68
983,97,8,953,2,1,1,0.62,68
984,97,30,954,1,10,1,0.39,45
984,97,30,954,1,2,1,0.39,45
984,97,30,954,1,1,1,0.39,45
985,97,10,955,2,10,1,-0.49,70
985,97,10,955,2,2,1,-0.49,70
985,97,10,955,2,1,1,-0.49,70
986,97,7,956,2,10,1,-0.82,154
986,97,7,956,2,2,1,-0.82,154
986,97,7,956,2,1,1,-0.82,154
987,97,30,957,1,10,1,-0.47,90
987,97,30,957,1,2,1,-0.47,90
987,97,30,957,1,1,1,-0.47,90
988,97,6,958,1,10,1,0.43,73
988,97,6,958,1,2,1,0.43,73
988,97,6,958,1,1,1,0.43,73
989,97,16,959,1,10,1,0.75,7
989,97,16,959,1,2,1,0.75,7
989,97,16,959,1,1,1,0.75,7
990,97,30,960,2,10,1,0.58,9
990,97,30,960,2,2,1,0.58,9
990,97,30,960,2,1,1,0.58,9
991,97,9,961,1,10,1,-0.98,65
991,97,9,961,1,2,1,-0.98,65
991,97,9,961,1,1,1,-0.98,65
992,97,9,962,1,10,1,0.0,51
992,97,9,962,1,2,1,0.0,51
992,97,9,962,1,1,1,0.0,51
993,97,10,963,1,10,1,0.92,22
993,97,10,963,1,2,1,0.92,22
993,97,10,963,1,1,1,0.92,22
994,97,11,964,1,10,1,-0.95,40
994,97,11,964,1,2,1,-0.95,40
994,97,11,964,1,1,1,-0.95,40
995,97,5,965,1,10,1,0.65,41
995,97,5,965,1,2,1,0.65,41
995,97,5,965,1,1,1,0.65,41
996,97,8,966,1,10,1,0.0,32
996,97,8,966,1,2,1,0.0,32
996,97,8,966,1,1,1,0.0,32
997,97,30,967,1,10,1,0.5,7
997,97,30,967,1,2,1,0.5,7
997,97,30,967,1,1,1,0.5,7
998,97,10,968,1,10,1,0.53,13
998,97,10,968,1,2,1,0.53,13
998,97,10,968,1,1,1,0.53,13
999,97,5,969,1,10,1,0.81,7
999,97,5,969,1,2,1,0.81,7
999,97,5,969,1,1,1,0.81,7
1000,97,11,970,1,10,1,-0.85,19
1000,97,11,970,1,2,1,-0.85,19
1000,97,11,970,1,1,1,-0.85,19
1001,97,11,971,2,10,1,0.53,9
1001,97,11,971,2,2,1,0.53,9
1001,97,11,971,2,1,1,0.53,9
1002,97,9,972,1,10,1,0.75,4
1002,97,9,972,1,2,1,0.75,4
1002,97,9,972,1,1,1,0.75,4
1003,97,9,973,1,10,1,0.49,8
1003,97,9,973,1,2,1,0.49,8
1003,97,9,973,1,1,1,0.49,8
1004,97,10,974,1,10,1,0.57,20
1004,97,10,974,1,2,1,0.57,20
1004,97,10,974,1,1,1,0.57,20
1005,97,30,975,2,10,1,-0.52,169
1005,97,30,975,2,2,1,-0.52,169
1005,97,30,975,2,1,1,-0.52,169
1006,97,23,976,1,10,1,-0.89,247
1006,97,23,976,1,2,1,-0.89,247
1006,97,23,976,1,1,1,-0.89,247
1007,98,30,977,2,10,1,-0.74,237
1007,98,30,977,2,2,1,-0.74,237
1007,98,30,977,2,1,1,-0.74,237
1008,98,11,978,2,10,1,-0.71,229
1008,98,11,978,2,2,1,-0.71,229
1008,98,11,978,2,1,1,-0.71,229
1009,98,11,979,2,10,1,-0.95,184
1009,98,11,979,2,2,1,-0.95,184
1009,98,11,979,2,1,1,-0.95,184
1010,98,6,980,2,10,1,0.71,27
1010,98,6,980,2,2,1,0.71,27
1010,98,6,980,2,1,1,0.71,27
1011,98,6,981,1,10,1,0.0,17
1011,98,6,981,1,2,1,0.0,17
1011,98,6,981,1,1,1,0.0,17
1012,98,8,982,1,10,1,0.8,7
1012,98,8,982,1,2,1,0.8,7
1012,98,8,982,1,1,1,0.8,7
1013,98,22,983,4,10,1,0.54,237
1013,98,22,983,4,2,1,0.54,237
1013,98,22,983,4,1,1,0.54,237
1014,98,30,984,1,10,1,-0.56,80
1014,98,30,984,1,2,1,-0.56,80
1014,98,30,984,1,1,1,-0.56,80
1015,98,21,985,3,10,1,0.86,320
1015,98,21,985,3,2,1,0.86,320
1015,98,21,985,3,1,1,0.86,320
1016,98,15,986,2,10,1,-0.91,235
1016,98,15,986,2,2,1,-0.91,235
1016,98,15,986,2,1,1,-0.91,235
1017,98,16,987,2,10,1,-0.87,51
1017,98,16,987,2,2,1,-0.87,51
1017,98,16,987,2,1,1,-0.87,51
1018,98,11,988,2,10,1,-0.88,303
1018,98,11,988,2,2,1,-0.88,303
1018,98,11,988,2,1,1,-0.88,303
1019,98,11,989,2,10,1,-0.93,126
1019,98,11,989,2,2,1,-0.93,126
1019,98,11,989,2,1,1,-0.93,126
1020,98,11,990,4,10,1,0.66,222
1020,98,11,990,4,2,1,0.66,222
1020,98,11,990,4,1,1,0.66,222
1021,98,9,991,2,10,1,-0.91,230
1021,98,9,991,2,2,1,-0.91,230
1021,98,9,991,2,1,1,-0.91,230
1022,98,30,992,1,10,1,0.9,7
1022,98,30,992,1,2,1,0.9,7
1022,98,30,992,1,1,1,0.9,7
1023,98,14,993,2,10,1,0.86,70
1023,98,14,993,2,2,1,0.86,70
1023,98,14,993,2,1,1,0.86,70
1024,98,7,994,2,10,1,-0.93,157
1024,98,7,994,2,2,1,-0.93,157
1024,98,7,994,2,1,1,-0.93,157
1025,98,10,995,2,10,1,-0.85,235
1025,98,10,995,2,2,1,-0.85,235
1025,98,10,995,2,1,1,-0.85,235
1026,98,9,996,1,10,1,0.53,52
1026,98,9,996,1,2,1,0.53,52
1026,98,9,996,1,1,1,0.53,52
1027,98,11,997,1,10,1,-0.76,60
1027,98,11,997,1,2,1,-0.76,60
1027,98,11,997,1,1,1,-0.76,60
1028,98,30,998,1,10,1,-0.87,29
1028,98,30,998,1,2,1,-0.87,29
1028,98,30,998,1,1,1,-0.87,29
1029,98,10,999,1,10,1,0.48,15
1029,98,10,999,1,2,1,0.48,15
1029,98,10,999,1,1,1,0.48,15
1030,98,9,1000,2,10,1,0.96,11
1030,98,9,1000,2,2,1,0.96,11
1030,98,9,1000,2,1,1,0.96,11
1031,98,6,1001,1,10,1,0.73,22
1031,98,6,1001,1,2,1,0.73,22
1031,98,6,1001,1,1,1,0.73,22
1032,98,30,1002,5,10,1,0.54,118
1032,98,30,1002,5,2,1,0.54,118
1032,98,30,1002,5,1,1,0.54,118
1033,99,16,1003,3,10,1,-0.79,182
1033,99,16,1003,3,2,1,-0.79,182
1033,99,16,1003,3,1,1,-0.79,182
1034,99,11,979,6,10,1,-0.62,110
1034,99,11,979,6,2,1,-0.62,110
1034,99,11,979,6,1,1,-0.62,110
1035,99,11,1004,1,10,1,0.87,92
1035,99,11,1004,1,2,1,0.87,92
1035,99,11,1004,1,1,1,0.87,92
1036,99,20,1005,3,10,1,-0.59,255
1036,99,20,1005,3,2,1,-0.59,255
1036,99,20,1005,3,1,1,-0.59,255
1037,99,12,1006,3,10,1,-0.96,88
1037,99,12,1006,3,2,1,-0.96,88
1037,99,12,1006,3,1,1,-0.96,88
1038,99,30,1007,6,10,1,0.0,94
1038,99,30,1007,6,2,1,0.0,94
1038,99,30,1007,6,1,1,0.0,94
1039,100,20,1008,1,10,1,-0.67,119
1039,100,20,1008,1,2,1,-0.67,119
1039,100,20,1008,1,1,1,-0.67,119
1040,100,30,1009,3,10,1,-0.86,331
1040,100,30,1009,3,2,1,-0.86,331
1040,100,30,1009,3,1,1,-0.86,331
1041,100,16,1010,2,10,1,0.96,54
1041,100,16,1010,2,2,1,0.96,54
1041,100,16,1010,2,1,1,0.96,54
1042,101,9,1011,2,10,1,-0.74,215
1042,101,9,1011,2,2,1,-0.74,215
1042,101,9,1011,2,1,1,-0.74,215
1043,101,30,1012,2,10,1,-0.68,238
1043,101,30,1012,2,2,1,-0.68,238
1043,101,30,1012,2,1,1,-0.68,238
1044,101,22,1013,2,10,1,0.68,38
1044,101,22,1013,2,2,1,0.68,38
1044,101,22,1013,2,1,1,0.68,38
1045,102,20,1014,4,10,1,-0.53,100
1045,102,20,1014,4,2,1,-0.53,100
1045,102,20,1014,4,1,1,-0.53,100
1046,102,21,1015,1,10,1,-0.64,46
1046,102,21,1015,1,2,1,-0.64,46
1046,102,21,1015,1,1,1,-0.64,46
1047,102,13,1016,2,10,1,-0.86,239
1047,102,13,1016,2,2,1,-0.86,239
1047,102,13,1016,2,1,1,-0.86,239
1048,102,15,1017,4,10,1,-0.89,194
1048,102,15,1017,4,2,1,-0.89,194
1048,102,15,1017,4,1,1,-0.89,194
1049,102,21,1018,2,10,1,-0.94,20
1049,102,21,1018,2,2,1,-0.94,20
1049,102,21,1018,2,1,1,-0.94,20
1050,102,15,1019,2,10,1,0.91,34
1050,102,15,1019,2,2,1,0.91,34
1050,102,15,1019,2,1,1,0.91,34
1051,102,7,1020,3,10,1,-0.7,228
1051,102,7,1020,3,2,1,-0.7,228
1051,102,7,1020,3,1,1,-0.7,228
1052,102,30,1012,2,10,1,-0.97,230
1052,102,30,1012,2,2,1,-0.97,230
1052,102,30,1012,2,1,1,-0.97,230
1053,102,30,1021,2,10,1,0.0,117
1053,102,30,1021,2,2,1,0.0,117
1053,102,30,1021,2,1,1,0.0,117
1054,102,30,1022,2,10,1,0.94,74
1054,102,30,1022,2,2,1,0.94,74
1054,102,30,1022,2,1,1,0.94,74
1055,102,20,1023,1,10,1,0.95,9
1055,102,20,1023,1,2,1,0.95,9
1055,102,20,1023,1,1,1,0.95,9
1056,102,30,1024,3,10,1,0.84,94
1056,102,30,1024,3,2,1,0.84,94
1056,102,30,1024,3,1,1,0.84,94
1057,102,13,1025,2,10,1,0.0,40
1057,102,13,1025,2,2,1,0.0,40
1057,102,13,1025,2,1,1,0.0,40
1058,102,15,1026,1,10,1,0.98,23
1058,102,15,1026,1,2,1,0.98,23
1058,102,15,1026,1,1,1,0.98,23
1059,102,12,1027,2,10,1,-0.78,18
1059,102,12,1027,2,2,1,-0.78,18
1059,102,12,1027,2,1,1,-0.78,18
1060,102,9,1028,2,10,1,0.47,65
1060,102,9,1028,2,2,1,0.47,65
1060,102,9,1028,2,1,1,0.47,65
1061,102,7,1029,2,10,1,-0.57,42
1061,102,7,1029,2,2,1,-0.57,42
1061,102,7,1029,2,1,1,-0.57,42
1062,102,7,1030,1,10,1,0.0,24
1062,102,7,1030,1,2,1,0.0,24
1062,102,7,1030,1,1,1,0.0,24
1063,102,10,1031,2,10,1,-0.4,11
1063,102,10,1031,2,2,1,-0.4,11
1063,102,10,1031,2,1,1,-0.4,11
1064,102,5,1032,2,10,1,-0.85,15
1064,102,5,1032,2,2,1,-0.85,15
1064,102,5,1032,2,1,1,-0.85,15
1065,102,30,633,1,10,1,0.54,71
1065,102,30,633,1,2,1,0.54,71
1065,102,30,633,1,1,1,0.54,71
1066,102,20,1033,2,10,1,-0.42,94
1066,102,20,1033,2,2,1,-0.42,94
1066,102,20,1033,2,1,1,-0.42,94
1067,102,15,1034,2,10,1,-0.68,232
1067,102,15,1034,2,2,1,-0.68,232
1067,102,15,1034,2,1,1,-0.68,232
1068,102,16,1035,2,10,1,-0.65,128
1068,102,16,1035,2,2,1,-0.65,128
1068,102,16,1035,2,1,1,-0.65,128
1069,102,30,1036,2,10,1,0.0,231
1069,102,30,1036,2,2,1,0.0,231
1069,102,30,1036,2,1,1,0.0,231
1070,102,20,1037,2,10,1,-0.42,94
1070,102,20,1037,2,2,1,-0.42,94
1070,102,20,1037,2,1,1,-0.42,94
1071,102,11,1038,3,10,1,-0.59,230
1071,102,11,1038,3,2,1,-0.59,230
1071,102,11,1038,3,1,1,-0.59,230
1072,102,11,1039,2,10,1,0.77,247
1072,102,11,1039,2,2,1,0.77,247
1072,102,11,1039,2,1,1,0.77,247
1073,102,11,1040,2,10,1,-0.69,236
1073,102,11,1040,2,2,1,-0.69,236
1073,102,11,1040,2,1,1,-0.69,236
1074,102,30,1041,2,10,1,0.93,175
1074,102,30,1041,2,2,1,0.93,175
1074,102,30,1041,2,1,1,0.93,175
1075,102,20,1042,2,10,1,0.53,9
1075,102,20,1042,2,2,1,0.53,9
1075,102,20,1042,2,1,1,0.53,9
1076,102,19,1043,1,10,1,0.54,32
1076,102,19,1043,1,2,1,0.54,32
1076,102,19,1043,1,1,1,0.54,32
1077,102,6,1044,2,10,1,-0.55,290
1077,102,6,1044,2,2,1,-0.55,290
1077,102,6,1044,2,1,1,-0.55,290
1078,102,11,1045,2,10,1,0.99,58
1078,102,11,1045,2,2,1,0.99,58
1078,102,11,1045,2,1,1,0.99,58
1079,102,10,1046,2,10,1,0.46,73
1079,102,10,1046,2,2,1,0.46,73
1079,102,10,1046,2,1,1,0.46,73
1080,102,30,1047,1,10,1,0.46,42
1080,102,30,1047,1,2,1,0.46,42
1080,102,30,1047,1,1,1,0.46,42
1081,102,8,1048,1,10,1,-0.56,72
1081,102,8,1048,1,2,1,-0.56,72
1081,102,8,1048,1,1,1,-0.56,72
1082,102,7,1049,1,10,1,0.0,47
1082,102,7,1049,1,2,1,0.0,47
1082,102,7,1049,1,1,1,0.0,47
1083,102,11,1050,1,10,1,0.97,9
1083,102,11,1050,1,2,1,0.97,9
1083,102,11,1050,1,1,1,0.97,9
1084,102,7,1051,2,10,1,-0.92,57
1084,102,7,1051,2,2,1,-0.92,57
1084,102,7,1051,2,1,1,-0.92,57
1085,102,8,1052,1,10,1,-0.7,24
1085,102,8,1052,1,2,1,-0.7,24
1085,102,8,1052,1,1,1,-0.7,24
1086,102,9,1053,1,10,1,0.5,8
1086,102,9,1053,1,2,1,0.5,8
1086,102,9,1053,1,1,1,0.5,8
1087,102,6,1054,1,10,1,-0.64,6
1087,102,6,1054,1,2,1,-0.64,6
1087,102,6,1054,1,1,1,-0.64,6
1088,102,14,1055,1,10,1,0.53,11
1088,102,14,1055,1,2,1,0.53,11
1088,102,14,1055,1,1,1,0.53,11
1089,102,11,1056,1,10,1,0.75,4
1089,102,11,1056,1,2,1,0.75,4
1089,102,11,1056,1,1,1,0.75,4
1090,102,9,1057,1,10,1,-0.94,12
1090,102,9,1057,1,2,1,-0.94,12
1090,102,9,1057,1,1,1,-0.94,12
1091,102,7,1058,2,10,1,0.57,19
1091,102,7,1058,2,2,1,0.57,19
1091,102,7,1058,2,1,1,0.57,19
1092,102,7,1059,1,10,1,-0.57,13
1092,102,7,1059,1,2,1,-0.57,13
1092,102,7,1059,1,1,1,-0.57,13
1093,102,8,1060,1,10,1,0.53,18
1093,102,8,1060,1,2,1,0.53,18
1093,102,8,1060,1,1,1,0.53,18
1094,102,8,1061,1,10,1,-0.49,10
1094,102,8,1061,1,2,1,-0.49,10
1094,102,8,1061,1,1,1,-0.49,10
1095,102,7,1062,1,10,1,0.97,9
1095,102,7,1062,1,2,1,0.97,9
1095,102,7,1062,1,1,1,0.97,9
1096,102,5,1063,1,10,1,0.91,3
1096,102,5,1063,1,2,1,0.91,3
1096,102,5,1063,1,1,1,0.91,3
1097,102,28,1064,2,10,1,-0.87,273
1097,102,28,1064,2,2,1,-0.87,273
1097,102,28,1064,2,1,1,-0.87,273
1098,103,20,1065,1,10,1,-0.36,12
1098,103,20,1065,1,2,1,-0.36,12
1098,103,20,1065,1,1,1,-0.36,12
1099,104,8,1066,2,11,1,0.81,137
1099,104,8,1066,2,2,1,0.81,137
1099,104,8,1066,2,1,1,0.81,137
1100,104,8,1067,1,11,1,0.62,56
1100,104,8,1067,1,2,1,0.62,56
1100,104,8,1067,1,1,1,0.62,56
1101,104,6,1068,1,11,1,-0.64,69
1101,104,6,1068,1,2,1,-0.64,69
1101,104,6,1068,1,1,1,-0.64,69
1102,104,8,1069,1,11,1,0.41,7
1102,104,8,1069,1,2,1,0.41,7
1102,104,8,1069,1,1,1,0.41,7
1103,104,9,1070,2,11,1,-0.96,104
1103,104,9,1070,2,2,1,-0.96,104
1103,104,9,1070,2,1,1,-0.96,104
1104,104,30,1071,1,11,1,-0.91,15
1104,104,30,1071,1,2,1,-0.91,15
1104,104,30,1071,1,1,1,-0.91,15
1105,104,8,1072,1,11,1,0.57,18
1105,104,8,1072,1,2,1,0.57,18
1105,104,8,1072,1,1,1,0.57,18
1106,104,9,1073,2,11,1,0.45,37
1106,104,9,1073,2,2,1,0.45,37
1106,104,9,1073,2,1,1,0.45,37
1107,104,7,1074,2,11,1,-0.78,33
1107,104,7,1074,2,2,1,-0.78,33
1107,104,7,1074,2,1,1,-0.78,33
1108,104,8,1075,1,11,1,0.61,6
1108,104,8,1075,1,2,1,0.61,6
1108,104,8,1075,1,1,1,0.61,6
1109,106,30,1076,4,11,1,-0.74,238
1109,106,30,1076,4,2,1,-0.74,238
1110,106,8,1077,2,11,1,-0.66,204
1110,106,8,1077,2,2,1,-0.66,204
1111,106,8,1078,1,11,1,-0.89,219
1111,106,8,1078,1,2,1,-0.89,219
1112,106,5,1079,1,11,1,0.91,73
1112,106,5,1079,1,2,1,0.91,73
1113,106,6,1080,1,11,1,-0.56,43
1113,106,6,1080,1,2,1,-0.56,43
1114,106,30,1081,2,11,1,0.57,15
1114,106,30,1081,2,2,1,0.57,15
1115,106,6,1082,2,11,1,0.82,47
1115,106,6,1082,2,2,1,0.82,47
1116,106,5,1083,2,11,1,0.65,43
1116,106,5,1083,2,2,1,0.65,43
1117,106,10,1084,1,11,1,-0.6,28
1117,106,10,1084,1,2,1,-0.6,28
1118,106,6,1085,2,11,1,0.57,13
1118,106,6,1085,2,2,1,0.57,13
1119,106,7,1086,1,11,1,-0.6,72
1119,106,7,1086,1,2,1,-0.6,72
1120,107,30,1087,2,11,1,0.43,152
1120,107,30,1087,2,2,1,0.43,152
1121,107,5,1088,2,11,1,-0.45,33
1121,107,5,1088,2,2,1,-0.45,33
1122,107,10,1089,1,11,1,0.93,8
1122,107,10,1089,1,2,1,0.93,8
1123,107,9,1090,2,11,1,0.92,11
1123,107,9,1090,2,2,1,0.92,11
1124,107,7,1067,2,11,1,0.92,11
1124,107,7,1067,2,2,1,0.92,11
1125,107,9,1073,2,11,1,0.48,32
1125,107,9,1073,2,2,1,0.48,32
1126,107,9,1091,1,11,1,0.99,9
1126,107,9,1091,1,2,1,0.99,9
1127,107,10,1092,1,11,1,0.73,19
1127,107,10,1092,1,2,1,0.73,19
1128,107,10,1093,1,11,1,0.55,5
1128,107,10,1093,1,2,1,0.55,5
1129,107,5,1094,2,11,1,0.4,14
1129,107,5,1094,2,2,1,0.4,14
1130,107,5,1095,1,11,1,0.56,4
1130,107,5,1095,1,2,1,0.56,4
1131,108,6,1096,2,11,1,-0.67,229
1131,108,6,1096,2,2,1,-0.67,229
1132,108,5,1097,1,11,1,-0.74,83
1132,108,5,1097,1,2,1,-0.74,83
1133,108,5,1098,1,11,1,0.96,9
1133,108,5,1098,1,2,1,0.96,9
1134,108,5,1099,1,11,1,0.54,19
1134,108,5,1099,1,2,1,0.54,19
1135,108,30,1100,1,11,1,-0.42,167
1135,108,30,1100,1,2,1,-0.42,167
1136,108,30,1101,1,11,1,0.94,50
1136,108,30,1101,1,2,1,0.94,50
1137,108,30,1102,2,11,1,0.57,15
1137,108,30,1102,2,2,1,0.57,15
1138,108,5,1103,1,11,1,0.5,7
1138,108,5,1103,1,2,1,0.5,7
1139,108,4,1104,2,11,1,0.73,14
1139,108,4,1104,2,2,1,0.73,14
1140,108,30,1105,3,11,1,0.0,12
1140,108,30,1105,3,2,1,0.0,12
1141,110,11,1106,1,11,1,0.68,33
1141,110,11,1106,1,2,1,0.68,33
1142,110,8,1107,1,11,1,0.41,8
1142,110,8,1107,1,2,1,0.41,8
1143,110,9,1108,1,11,1,0.42,3
1143,110,9,1108,1,2,1,0.42,3
1144,110,10,1109,1,11,1,0.48,13
1144,110,10,1109,1,2,1,0.48,13
1145,110,10,1110,1,11,1,-0.41,80
1145,110,10,1110,1,2,1,-0.41,80
1146,110,30,1111,1,11,1,-0.67,6
1146,110,30,1111,1,2,1,-0.67,6
1147,110,12,1112,1,11,1,0.75,4
1147,110,12,1112,1,2,1,0.75,4
1148,110,11,1113,1,11,1,0.61,17
1148,110,11,1113,1,2,1,0.61,17
1149,110,9,1114,1,11,1,0.54,7
1149,110,9,1114,1,2,1,0.54,7
1150,110,5,1115,1,11,1,0.59,4
1150,110,5,1115,1,2,1,0.59,4
1151,110,10,1116,1,11,1,0.51,2
1151,110,10,1116,1,2,1,0.51,2
1152,111,6,1117,2,11,1,0.45,122
1152,111,6,1117,2,2,1,0.45,122
1153,111,11,1118,1,11,1,-0.92,58
1153,111,11,1118,1,2,1,-0.92,58
1154,112,21,1119,1,12,1,0.44,107
1154,112,21,1119,1,2,1,0.44,107
1155,112,30,1120,4,12,1,0.43,187
1155,112,30,1120,4,2,1,0.43,187
1156,112,7,1121,4,12,1,-0.6,293
1156,112,7,1121,4,2,1,-0.6,293
1157,112,7,1122,2,12,1,-0.52,166
1157,112,7,1122,2,2,1,-0.52,166
1158,112,10,1123,1,12,1,0.0,143
1158,112,10,1123,1,2,1,0.0,143
1159,112,9,1124,2,12,1,0.98,105
1159,112,9,1124,2,2,1,0.98,105
1160,112,11,1125,2,12,1,0.99,62
1160,112,11,1125,2,2,1,0.99,62
1161,112,9,1126,2,12,1,0.55,55
1161,112,9,1126,2,2,1,0.55,55
1162,112,7,1127,2,12,1,-0.39,81
1162,112,7,1127,2,2,1,-0.39,81
1163,112,16,1128,2,12,1,0.55,16
1163,112,16,1128,2,2,1,0.55,16
1164,112,18,1129,1,12,1,0.42,2
1164,112,18,1129,1,2,1,0.42,2
1165,112,10,1130,1,12,1,0.5,40
1165,112,10,1130,1,2,1,0.5,40
1166,112,10,1131,2,12,1,0.92,42
1166,112,10,1131,2,2,1,0.92,42
1167,112,11,1132,2,12,1,0.49,33
1167,112,11,1132,2,2,1,0.49,33
1168,112,10,1133,2,12,1,0.95,22
1168,112,10,1133,2,2,1,0.95,22
1169,112,11,1134,2,12,1,0.95,11
1169,112,11,1134,2,2,1,0.95,11
1170,112,10,1135,1,12,1,0.75,4
1170,112,10,1135,1,2,1,0.75,4
1171,112,10,1136,2,12,1,0.58,13
1171,112,10,1136,2,2,1,0.58,13
1172,112,14,1137,3,12,1,-0.51,240
1172,112,14,1137,3,2,1,-0.51,240
1173,112,30,1138,4,12,1,0.0,233
1173,112,30,1138,4,2,1,0.0,233
1174,112,30,1139,1,12,1,0.45,122
1174,112,30,1139,1,2,1,0.45,122
1175,112,30,1140,2,12,1,0.46,33
1175,112,30,1140,2,2,1,0.46,33
1176,112,30,1141,1,12,1,0.56,15
1176,112,30,1141,1,2,1,0.56,15
1177,112,11,1142,1,12,1,0.56,8
1177,112,11,1142,1,2,1,0.56,8
1178,112,10,1143,2,12,1,0.96,17
1178,112,10,1143,2,2,1,0.96,17
1179,113,19,1144,4,12,1,-0.62,314
1179,113,19,1144,4,2,1,-0.62,314
1180,113,11,1145,2,12,1,-0.53,147
1180,113,11,1145,2,2,1,-0.53,147
1181,113,30,1146,2,12,1,-0.83,259
1181,113,30,1146,2,2,1,-0.83,259
1182,113,10,1147,2,12,1,0.36,181
1182,113,10,1147,2,2,1,0.36,181
1183,113,8,1148,2,12,1,-0.75,151
1183,113,8,1148,2,2,1,-0.75,151
1184,113,8,1149,2,12,1,0.59,187
1184,113,8,1149,2,2,1,0.59,187
1185,113,9,1150,2,12,1,-0.63,173
1185,113,9,1150,2,2,1,-0.63,173
1186,113,7,1151,2,12,1,0.77,115
1186,113,7,1151,2,2,1,0.77,115
1187,113,13,1152,1,12,1,0.0,63
1187,113,13,1152,1,2,1,0.0,63
1188,113,11,1153,2,12,1,0.63,59
1188,113,11,1153,2,2,1,0.63,59
1189,113,6,1154,1,12,1,-0.69,124
1189,113,6,1154,1,2,1,-0.69,124
1190,113,8,1131,2,12,1,0.98,40
1190,113,8,1131,2,2,1,0.98,40
1191,113,8,1155,1,12,1,0.0,64
1191,113,8,1155,1,2,1,0.0,64
1192,113,30,1156,2,12,1,0.45,20
1192,113,30,1156,2,2,1,0.45,20
1193,113,6,1157,1,12,1,0.58,29
1193,113,6,1157,1,2,1,0.58,29
1194,113,7,1158,2,12,1,-0.57,35
1194,113,7,1158,2,2,1,-0.57,35
1195,113,12,1159,2,12,1,0.66,16
1195,113,12,1159,2,2,1,0.66,16
1196,113,8,1160,2,12,1,0.44,41
1196,113,8,1160,2,2,1,0.44,41
1197,113,7,1161,2,12,1,0.78,39
1197,113,7,1161,2,2,1,0.78,39
1198,113,8,1162,2,12,1,-0.51,29
1198,113,8,1162,2,2,1,-0.51,29
1199,113,10,1163,6,12,1,0.42,38
1199,113,10,1163,6,2,1,0.42,38
1200,113,8,1164,2,12,1,0.53,30
1200,113,8,1164,2,2,1,0.53,30
1201,113,10,1165,2,12,1,0.92,11
1201,113,10,1165,2,2,1,0.92,11
1202,113,7,1166,1,12,1,0.89,9
1202,113,7,1166,1,2,1,0.89,9
1203,113,6,1167,1,12,1,0.4,2
1203,113,6,1167,1,2,1,0.4,2
1204,113,11,1168,4,12,1,-0.73,235
1204,113,11,1168,4,2,1,-0.73,235
1205,113,6,1169,2,12,1,0.87,188
1205,113,6,1169,2,2,1,0.87,188
1206,113,7,1170,1,12,1,0.0,35
1206,113,7,1170,1,2,1,0.0,35
1207,113,6,1171,2,12,1,0.93,39
1207,113,6,1171,2,2,1,0.93,39
1208,113,10,1172,2,12,1,0.92,11
1208,113,10,1172,2,2,1,0.92,11
1209,113,10,1173,2,12,1,0.62,23
1209,113,10,1173,2,2,1,0.62,23
1210,113,5,1174,2,12,1,0.46,32
1210,113,5,1174,2,2,1,0.46,32
1211,113,7,1175,1,12,1,0.86,14
1211,113,7,1175,1,2,1,0.86,14
1212,113,10,1176,2,12,1,0.67,17
1212,113,10,1176,2,2,1,0.67,17
1213,113,9,1177,1,12,1,0.64,17
1213,113,9,1177,1,2,1,0.64,17
1214,113,8,1178,1,12,1,0.42,1
1214,113,8,1178,1,2,1,0.42,1
1215,113,24,1179,6,12,1,0.0,87
1215,113,24,1179,6,2,1,0.0,87
1216,114,21,1180,2,12,1,-0.91,233
1216,114,21,1180,2,2,1,-0.91,233
1217,114,21,1181,5,12,1,-0.7,176
1217,114,21,1181,5,2,1,-0.7,176
1218,114,18,1182,4,12,1,0.51,79
1218,114,18,1182,4,2,1,0.51,79
1219,114,30,1146,2,12,1,-0.94,233
1219,114,30,1146,2,2,1,-0.94,233
1220,114,30,1183,2,12,1,-0.81,64
1220,114,30,1183,2,2,1,-0.81,64
1221,114,16,1184,2,12,1,0.73,14
1221,114,16,1184,2,2,1,0.73,14
1222,114,5,1185,1,12,1,-0.44,115
1222,114,5,1185,1,2,1,-0.44,115
1223,114,8,1162,2,12,1,0.84,57
1223,114,8,1162,2,2,1,0.84,57
1224,114,11,1186,1,12,1,0.94,29
1224,114,11,1186,1,2,1,0.94,29
1225,114,10,1187,2,12,1,0.44,57
1225,114,10,1187,2,2,1,0.44,57
1226,114,7,1188,2,12,1,-0.58,34
1226,114,7,1188,2,2,1,-0.58,34
1227,114,8,1160,2,12,1,0.44,33
1227,114,8,1160,2,2,1,0.44,33
1228,114,8,1189,2,12,1,0.0,22
1228,114,8,1189,2,2,1,0.0,22
1229,114,9,1190,1,12,1,0.76,7
1229,114,9,1190,1,2,1,0.76,7
1230,114,7,1191,1,12,1,0.53,12
1230,114,7,1191,1,2,1,0.53,12
1231,114,9,1192,2,12,1,0.45,21
1231,114,9,1192,2,2,1,0.45,21
1232,114,7,1193,2,12,1,0.96,11
1232,114,7,1193,2,2,1,0.96,11
1233,114,6,1194,2,12,1,0.57,15
1233,114,6,1194,2,2,1,0.57,15
1234,114,7,1195,1,12,1,0.57,14
1234,114,7,1195,1,2,1,0.57,14
1235,114,9,1196,2,12,1,-0.48,13
1235,114,9,1196,2,2,1,-0.48,13
1236,114,8,1197,2,12,1,0.57,15
1236,114,8,1197,2,2,1,0.57,15
1237,114,9,1198,2,12,1,0.57,15
1237,114,9,1198,2,2,1,0.57,15
1238,114,23,1199,2,12,1,0.65,316
1238,114,23,1199,2,2,1,0.65,316
1239,114,21,1200,1,12,1,-0.94,113
1239,114,21,1200,1,2,1,-0.94,113
1240,114,17,1201,1,12,1,-0.47,176
1240,114,17,1201,1,2,1,-0.47,176
1241,114,13,1202,2,12,1,-0.78,69
1241,114,13,1202,2,2,1,-0.78,69
1242,114,18,1203,2,12,1,-0.71,148
1242,114,18,1203,2,2,1,-0.71,148
1243,114,12,1204,2,12,1,-0.89,104
1243,114,12,1204,2,2,1,-0.89,104
1244,114,30,1205,5,12,1,-0.77,141
1244,114,30,1205,5,2,1,-0.77,141
1245,114,11,1206,2,12,1,0.96,81
1245,114,11,1206,2,2,1,0.96,81
1246,114,11,1207,2,12,1,0.62,148
1246,114,11,1207,2,2,1,0.62,148
1247,114,11,1208,1,12,1,-0.97,71
1247,114,11,1208,1,2,1,-0.97,71
1248,114,4,1209,1,12,1,-0.53,56
1248,114,4,1209,1,2,1,-0.53,56
1249,114,6,1210,1,12,1,0.5,56
1249,114,6,1210,1,2,1,0.5,56
1250,114,8,1175,1,12,1,0.56,70
1250,114,8,1175,1,2,1,0.56,70
1251,114,4,1211,1,12,1,0.47,38
1251,114,4,1211,1,2,1,0.47,38
1252,114,11,1212,1,12,1,0.48,22
1252,114,11,1212,1,2,1,0.48,22
1253,114,7,1213,1,12,1,0.41,2
1253,114,7,1213,1,2,1,0.41,2
1254,114,9,1214,1,12,1,0.75,4
1254,114,9,1214,1,2,1,0.75,4
1255,114,6,1215,1,12,1,0.57,49
1255,114,6,1215,1,2,1,0.57,49
1256,114,4,1216,1,12,1,0.58,18
1256,114,4,1216,1,2,1,0.58,18
1257,114,7,1217,1,12,1,0.58,18
1257,114,7,1217,1,2,1,0.58,18
1258,114,24,1179,1,12,1,0.0,103
1258,114,24,1179,1,2,1,0.0,103
1259,114,23,1218,1,12,1,-0.62,261
1259,114,23,1218,1,2,1,-0.62,261
1260,114,23,1219,2,12,1,0.94,19
1260,114,23,1219,2,2,1,0.94,19
1261,115,7,1220,1,12,1,0.55,25
1261,115,7,1220,1,2,1,0.55,25
1262,116,30,1221,2,12,1,0.49,18
1262,116,30,1221,2,3,1,0.49,18
1262,116,30,1221,2,2,1,0.49,18
1263,117,15,1222,1,13,1,0.5,91
1263,117,15,1222,1,3,1,0.5,91
1263,117,15,1222,1,2,1,0.5,91
1264,117,10,1223,7,13,1,0.95,34
1264,117,10,1223,7,3,1,0.95,34
1264,117,10,1223,7,2,1,0.95,34
1265,117,10,1224,1,13,1,0.9,17
1265,117,10,1224,1,3,1,0.9,17
1265,117,10,1224,1,2,1,0.9,17
1266,117,6,1225,2,13,1,0.53,24
1266,117,6,1225,2,3,1,0.53,24
1266,117,6,1225,2,2,1,0.53,24
1267,117,6,1226,1,13,1,0.89,9
1267,117,6,1226,1,3,1,0.89,9
1267,117,6,1226,1,2,1,0.89,9
1268,117,6,1227,2,13,1,0.84,19
1268,117,6,1227,2,3,1,0.84,19
1268,117,6,1227,2,2,1,0.84,19
1269,117,9,1228,1,13,1,0.49,11
1269,117,9,1228,1,3,1,0.49,11
1269,117,9,1228,1,2,1,0.49,11
1270,117,16,1229,2,13,1,0.37,161
1270,117,16,1229,2,3,1,0.37,161
1270,117,16,1229,2,2,1,0.37,161
1271,117,9,1230,1,13,1,0.62,92
1271,117,9,1230,1,3,1,0.62,92
1271,117,9,1230,1,2,1,0.62,92
1272,117,14,1231,1,13,1,0.91,4
1272,117,14,1231,1,3,1,0.91,4
1272,117,14,1231,1,2,1,0.91,4
1273,118,11,1232,2,13,1,-0.72,69
1273,118,11,1232,2,3,1,-0.72,69
1273,118,11,1232,2,2,1,-0.72,69
1274,118,5,1233,2,13,1,0.95,50
1274,118,5,1233,2,3,1,0.95,50
1274,118,5,1233,2,2,1,0.95,50
1275,118,6,1234,2,13,1,0.92,85
1275,118,6,1234,2,3,1,0.92,85
1275,118,6,1234,2,2,1,0.92,85
1276,118,4,1235,1,13,1,0.98,15
1276,118,4,1235,1,3,1,0.98,15
1276,118,4,1235,1,2,1,0.98,15
1277,118,11,1223,2,13,1,0.95,11
1277,118,11,1223,2,3,1,0.95,11
1277,118,11,1223,2,2,1,0.95,11
1278,118,10,1236,1,13,1,0.99,19
1278,118,10,1236,1,3,1,0.99,19
1278,118,10,1236,1,2,1,0.99,19
1279,118,5,1237,1,13,1,0.46,5
1279,118,5,1237,1,3,1,0.46,5
1279,118,5,1237,1,2,1,0.46,5
1280,118,6,1238,2,13,1,0.52,15
1280,118,6,1238,2,3,1,0.52,15
1280,118,6,1238,2,2,1,0.52,15
1281,118,8,170,2,13,1,0.86,30
1281,118,8,170,2,3,1,0.86,30
1281,118,8,170,2,2,1,0.86,30
1282,118,8,1239,1,13,1,-0.47,51
1282,118,8,1239,1,3,1,-0.47,51
1282,118,8,1239,1,2,1,-0.47,51
1283,118,3,1240,2,13,1,0.92,11
1283,118,3,1240,2,3,1,0.92,11
1283,118,3,1240,2,2,1,0.92,11
1284,118,5,1241,1,13,1,0.0,17
1284,118,5,1241,1,3,1,0.0,17
1284,118,5,1241,1,2,1,0.0,17
1285,118,13,1242,1,13,1,0.47,10
1285,118,13,1242,1,3,1,0.47,10
1285,118,13,1242,1,2,1,0.47,10
1286,118,11,1243,2,13,1,0.92,11
1286,118,11,1243,2,3,1,0.92,11
1286,118,11,1243,2,2,1,0.92,11
1287,118,7,1244,2,13,1,0.83,20
1287,118,7,1244,2,3,1,0.83,20
1287,118,7,1244,2,2,1,0.83,20
1288,118,6,1245,1,13,1,0.52,6
1288,118,6,1245,1,3,1,0.52,6
1288,118,6,1245,1,2,1,0.52,6
1289,118,6,1246,1,13,1,0.96,4
1289,118,6,1246,1,3,1,0.96,4
1289,118,6,1246,1,2,1,0.96,4
1290,118,5,1247,1,13,1,0.96,4
1290,118,5,1247,1,3,1,0.96,4
1290,118,5,1247,1,2,1,0.96,4
1291,119,10,1248,1,13,1,0.64,5
1291,119,10,1248,1,3,1,0.64,5
1291,119,10,1248,1,2,1,0.64,5
1292,121,16,1249,4,14,1,0.0,31
1292,121,16,1249,4,4,1,0.0,31
1292,121,16,1249,4,2,1,0.0,31
1293,121,14,1250,1,14,1,0.96,92
1293,121,14,1250,1,4,1,0.96,92
1293,121,14,1250,1,2,1,0.96,92
1294,121,5,1251,2,14,1,0.53,181
1294,121,5,1251,2,4,1,0.53,181
1294,121,5,1251,2,2,1,0.53,181
1295,121,10,1252,1,14,1,0.86,83
1295,121,10,1252,1,4,1,0.86,83
1295,121,10,1252,1,2,1,0.86,83
1296,121,11,1253,1,14,1,0.97,23
1296,121,11,1253,1,4,1,0.97,23
1296,121,11,1253,1,2,1,0.97,23
1297,121,10,1254,2,14,1,0.97,18
1297,121,10,1254,2,4,1,0.97,18
1297,121,10,1254,2,2,1,0.97,18
1298,121,9,1255,2,14,1,0.92,11
1298,121,9,1255,2,4,1,0.92,11
1298,121,9,1255,2,2,1,0.92,11
1299,121,10,1256,1,14,1,0.66,19
1299,121,10,1256,1,4,1,0.66,19
1299,121,10,1256,1,2,1,0.66,19
1300,121,6,1257,1,14,1,0.47,13
1300,121,6,1257,1,4,1,0.47,13
1300,121,6,1257,1,2,1,0.47,13
1301,121,21,1258,1,14,1,0.0,68
1301,121,21,1258,1,4,1,0.0,68
1301,121,21,1258,1,2,1,0.0,68
1302,121,30,1259,2,14,1,-0.64,239
1302,121,30,1259,2,4,1,-0.64,239
1302,121,30,1259,2,2,1,-0.64,239
1303,121,13,1260,1,14,1,-0.62,91
1303,121,13,1260,1,4,1,-0.62,91
1303,121,13,1260,1,2,1,-0.62,91
1304,121,10,1261,3,14,1,-0.95,239
1304,121,10,1261,3,4,1,-0.95,239
1304,121,10,1261,3,2,1,-0.95,239
1305,121,8,1262,1,14,1,-0.4,74
1305,121,8,1262,1,4,1,-0.4,74
1305,121,8,1262,1,2,1,-0.4,74
1306,121,9,1263,4,14,1,0.65,62
1306,121,9,1263,4,4,1,0.65,62
1306,121,9,1263,4,2,1,0.65,62
1307,121,30,1264,3,14,1,0.57,36
1307,121,30,1264,3,4,1,0.57,36
1307,121,30,1264,3,2,1,0.57,36
1308,121,6,1265,1,14,1,0.64,10
1308,121,6,1265,1,4,1,0.64,10
1308,121,6,1265,1,2,1,0.64,10
1309,121,11,1266,1,14,1,-0.5,5
1309,121,11,1266,1,4,1,-0.5,5
1309,121,11,1266,1,2,1,-0.5,5
1310,121,8,1267,1,14,1,0.72,72
1310,121,8,1267,1,4,1,0.72,72
1310,121,8,1267,1,2,1,0.72,72
1311,121,30,1268,4,14,1,-0.82,313
1311,121,30,1268,4,4,1,-0.82,313
1311,121,30,1268,4,2,1,-0.82,313
1312,122,10,1269,2,14,1,-0.92,43
1312,122,10,1269,2,4,1,-0.92,43
1312,122,10,1269,2,2,1,-0.92,43
1313,125,5,1270,4,14,1,-0.63,185
1313,125,5,1270,4,4,1,-0.63,185
1313,125,5,1270,4,2,1,-0.63,185
1314,125,11,1271,2,14,1,0.89,50
1314,125,11,1271,2,4,1,0.89,50
1314,125,11,1271,2,2,1,0.89,50
1315,125,10,1252,1,14,1,0.96,43
1315,125,10,1252,1,4,1,0.96,43
1315,125,10,1252,1,2,1,0.96,43
1316,125,7,1272,3,14,1,-0.92,18
1316,125,7,1272,3,4,1,-0.92,18
1316,125,7,1272,3,2,1,-0.92,18
1317,126,12,1273,2,15,1,-0.98,234
1317,126,12,1273,2,4,1,-0.98,234
1317,126,12,1273,2,2,1,-0.98,234
1318,126,10,1274,2,15,1,-0.36,94
1318,126,10,1274,2,4,1,-0.36,94
1318,126,10,1274,2,2,1,-0.36,94
1319,126,30,1275,2,15,1,-0.97,38
1319,126,30,1275,2,4,1,-0.97,38
1319,126,30,1275,2,2,1,-0.97,38
1320,126,19,1276,2,15,1,0.4,60
1320,126,19,1276,2,4,1,0.4,60
1320,126,19,1276,2,2,1,0.4,60
1321,126,20,1277,2,15,1,0.52,25
1321,126,20,1277,2,4,1,0.52,25
1321,126,20,1277,2,2,1,0.52,25
1322,126,10,1278,2,15,1,-0.97,97
1322,126,10,1278,2,4,1,-0.97,97
1322,126,10,1278,2,2,1,-0.97,97
1323,126,11,1279,2,15,1,-0.88,81
1323,126,11,1279,2,4,1,-0.88,81
1323,126,11,1279,2,2,1,-0.88,81
1324,127,17,1280,2,15,1,0.66,16
1324,127,17,1280,2,4,1,0.66,16
1324,127,17,1280,2,2,1,0.66,16
1325,129,25,1281,1,15,1,-0.65,116
1325,129,25,1281,1,4,1,-0.65,116
1325,129,25,1281,1,3,1,-0.65,116
1326,129,30,1282,1,15,1,0.45,238
1326,129,30,1282,1,4,1,0.45,238
1326,129,30,1282,1,3,1,0.45,238
1327,130,11,1283,2,2,1,0.92,45
1327,130,11,1283,2,4,1,0.92,45
1327,130,11,1283,2,3,1,0.92,45
1328,130,10,1284,2,2,1,0.96,38
1328,130,10,1284,2,4,1,0.96,38
1328,130,10,1284,2,3,1,0.96,38
1329,131,7,1285,2,2,1,0.79,156
1329,131,7,1285,2,4,1,0.79,156
1329,131,7,1285,2,3,1,0.79,156
1330,131,9,1286,2,2,1,-0.94,250
1330,131,9,1286,2,4,1,-0.94,250
1330,131,9,1286,2,3,1,-0.94,250
1331,131,9,1287,2,2,1,-0.87,146
1331,131,9,1287,2,4,1,-0.87,146
1331,131,9,1287,2,3,1,-0.87,146
1332,131,7,1288,2,2,1,-0.94,175
1332,131,7,1288,2,4,1,-0.94,175
1332,131,7,1288,2,3,1,-0.94,175
1333,131,8,1289,2,2,1,-0.83,196
1333,131,8,1289,2,4,1,-0.83,196
1333,131,8,1289,2,3,1,-0.83,196
1334,131,19,1290,1,2,1,0.64,16
1334,131,19,1290,1,4,1,0.64,16
1334,131,19,1290,1,3,1,0.64,16
1335,131,10,1291,2,2,1,0.99,118
1335,131,10,1291,2,4,1,0.99,118
1335,131,10,1291,2,3,1,0.99,118
1336,131,9,1292,2,2,1,0.84,12
1336,131,9,1292,2,4,1,0.84,12
1336,131,9,1292,2,3,1,0.84,12
1337,131,7,1293,1,2,1,0.65,126
1337,131,7,1293,1,4,1,0.65,126
1337,131,7,1293,1,3,1,0.65,126
1338,131,6,1294,1,2,1,0.41,7
1338,131,6,1294,1,4,1,0.41,7
1338,131,6,1294,1,3,1,0.41,7
1339,131,11,1295,2,2,1,0.92,41
1339,131,11,1295,2,4,1,0.92,41
1339,131,11,1295,2,3,1,0.92,41
1340,131,8,1296,1,2,1,0.46,29
1340,131,8,1296,1,4,1,0.46,29
1340,131,8,1296,1,3,1,0.46,29
1341,131,8,1297,1,2,1,-0.59,60
1341,131,8,1297,1,4,1,-0.59,60
1341,131,8,1297,1,3,1,-0.59,60
1342,131,9,1298,1,2,1,0.49,82
1342,131,9,1298,1,4,1,0.49,82
1342,131,9,1298,1,3,1,0.49,82
1343,131,9,1299,2,2,1,0.94,16
1343,131,9,1299,2,4,1,0.94,16
1343,131,9,1299,2,3,1,0.94,16
1344,131,10,1300,1,2,1,0.82,38
1344,131,10,1300,1,4,1,0.82,38
1344,131,10,1300,1,3,1,0.82,38
1345,131,7,1301,1,2,1,0.96,19
1345,131,7,1301,1,4,1,0.96,19
1345,131,7,1301,1,3,1,0.96,19
1346,131,7,1302,1,2,1,0.47,28
1346,131,7,1302,1,4,1,0.47,28
1346,131,7,1302,1,3,1,0.47,28
1347,131,10,1303,7,2,1,0.56,13
1347,131,10,1303,7,4,1,0.56,13
1347,131,10,1303,7,3,1,0.56,13
1348,131,9,1304,1,2,1,0.93,21
1348,131,9,1304,1,4,1,0.93,21
1348,131,9,1304,1,3,1,0.93,21
1349,131,8,1305,1,2,1,0.66,17
1349,131,8,1305,1,4,1,0.66,17
1349,131,8,1305,1,3,1,0.66,17
1350,131,7,1306,1,2,1,0.66,15
1350,131,7,1306,1,4,1,0.66,15
1350,131,7,1306,1,3,1,0.66,15
1351,131,5,1307,1,2,1,0.56,10
1351,131,5,1307,1,4,1,0.56,10
1351,131,5,1307,1,3,1,0.56,10
1352,131,7,1308,1,2,1,0.57,7
1352,131,7,1308,1,4,1,0.57,7
1352,131,7,1308,1,3,1,0.57,7
1353,131,30,1309,2,2,1,-0.86,286
1353,131,30,1309,2,4,1,-0.86,286
1353,131,30,1309,2,3,1,-0.86,286
1354,131,9,1310,6,2,1,0.37,132
1354,131,9,1310,6,4,1,0.37,132
1354,131,9,1310,6,3,1,0.37,132
1355,131,7,1311,5,2,1,-0.64,286
1355,131,7,1311,5,4,1,-0.64,286
1355,131,7,1311,5,3,1,-0.64,286
1356,131,9,1312,1,2,1,-0.65,109
1356,131,9,1312,1,4,1,-0.65,109
1356,131,9,1312,1,3,1,-0.65,109
1357,131,10,1313,2,2,1,0.92,86
1357,131,10,1313,2,4,1,0.92,86
1357,131,10,1313,2,3,1,0.92,86
1358,131,9,1314,3,2,1,-0.79,137
1358,131,9,1314,3,4,1,-0.79,137
1358,131,9,1314,3,3,1,-0.79,137
1359,131,7,1315,3,2,1,0.98,133
1359,131,7,1315,3,4,1,0.98,133
1359,131,7,1315,3,3,1,0.98,133
1360,131,9,1316,1,2,1,0.59,43
1360,131,9,1316,1,4,1,0.59,43
1360,131,9,1316,1,3,1,0.59,43
1361,131,11,1317,2,2,1,0.5,18
1361,131,11,1317,2,4,1,0.5,18
1361,131,11,1317,2,3,1,0.5,18
1362,131,7,1318,1,2,1,0.83,27
1362,131,7,1318,1,4,1,0.83,27
1362,131,7,1318,1,3,1,0.83,27
1363,131,7,1319,2,2,1,0.8,23
1363,131,7,1319,2,4,1,0.8,23
1363,131,7,1319,2,3,1,0.8,23
1364,131,7,1320,1,2,1,0.47,20
1364,131,7,1320,1,4,1,0.47,20
1364,131,7,1320,1,3,1,0.47,20
1365,131,9,1321,2,2,1,0.92,11
1365,131,9,1321,2,4,1,0.92,11
1365,131,9,1321,2,3,1,0.92,11
1366,131,11,1322,1,2,1,0.42,1
1366,131,11,1322,1,4,1,0.42,1
1366,131,11,1322,1,3,1,0.42,1
1367,131,5,1323,1,2,1,0.44,4
1367,131,5,1323,1,4,1,0.44,4
1367,131,5,1323,1,3,1,0.44,4
1368,131,6,1324,1,2,1,0.96,4
1368,131,6,1324,1,4,1,0.96,4
1368,131,6,1324,1,3,1,0.96,4
1369,131,6,1325,1,2,1,0.49,8
1369,131,6,1325,1,4,1,0.49,8
1369,131,6,1325,1,3,1,0.49,8
1370,133,14,1326,3,2,1,-0.55,219
1370,133,14,1326,3,4,1,-0.55,219
1370,133,14,1326,3,3,1,-0.55,219
1371,133,12,1327,2,2,1,0.95,68
1371,133,12,1327,2,4,1,0.95,68
1371,133,12,1327,2,3,1,0.95,68
1372,133,11,1328,2,2,1,0.42,89
1372,133,11,1328,2,4,1,0.42,89
1372,133,11,1328,2,3,1,0.42,89
1373,133,8,1329,2,2,1,0.4,94
1373,133,8,1329,2,4,1,0.4,94
1373,133,8,1329,2,3,1,0.4,94
1374,133,11,1330,2,2,1,0.68,81
1374,133,11,1330,2,4,1,0.68,81
1374,133,11,1330,2,3,1,0.68,81
1375,133,7,1331,1,2,1,0.83,40
1375,133,7,1331,1,4,1,0.83,40
1375,133,7,1331,1,3,1,0.83,40
1376,133,10,1332,1,2,1,0.85,26
1376,133,10,1332,1,4,1,0.85,26
1376,133,10,1332,1,3,1,0.85,26
1377,133,6,1333,1,2,1,0.47,5
1377,133,6,1333,1,4,1,0.47,5
1377,133,6,1333,1,3,1,0.47,5
1378,133,8,1334,2,2,1,0.56,40
1378,133,8,1334,2,4,1,0.56,40
1378,133,8,1334,2,3,1,0.56,40
1379,133,11,1335,1,2,1,0.97,15
1379,133,11,1335,1,4,1,0.97,15
1379,133,11,1335,1,3,1,0.97,15
1380,133,11,1336,2,2,1,0.92,11
1380,133,11,1336,2,4,1,0.92,11
1380,133,11,1336,2,3,1,0.92,11
1381,133,9,1337,2,2,1,0.74,15
1381,133,9,1337,2,4,1,0.74,15
1381,133,9,1337,2,3,1,0.74,15
1382,134,20,1338,2,2,1,-0.66,165
1382,134,20,1338,2,4,1,-0.66,165
1382,134,20,1338,2,3,1,-0.66,165
1383,134,30,1339,2,2,1,0.88,47
1383,134,30,1339,2,4,1,0.88,47
1383,134,30,1339,2,3,1,0.88,47
1384,134,30,1340,2,2,1,-0.93,238
1384,134,30,1340,2,4,1,-0.93,238
1384,134,30,1340,2,3,1,-0.93,238
1385,134,6,1341,2,2,1,0.51,248
1385,134,6,1341,2,4,1,0.51,248
1385,134,6,1341,2,3,1,0.51,248
1386,134,8,1342,1,2,1,-0.66,193
1386,134,8,1342,1,4,1,-0.66,193
1386,134,8,1342,1,3,1,-0.66,193
1387,134,10,1343,2,2,1,0.99,59
1387,134,10,1343,2,4,1,0.99,59
1387,134,10,1343,2,3,1,0.99,59
1388,134,7,1344,1,2,1,-0.48,34
1388,134,7,1344,1,4,1,-0.48,34
1388,134,7,1344,1,3,1,-0.48,34
1389,134,12,1345,2,2,1,-0.85,15
1389,134,12,1345,2,4,1,-0.85,15
1389,134,12,1345,2,3,1,-0.85,15
1390,134,30,1346,1,2,1,0.0,20
1390,134,30,1346,1,4,1,0.0,20
1390,134,30,1346,1,3,1,0.0,20
1391,134,10,1347,1,2,1,0.46,5
1391,134,10,1347,1,4,1,0.46,5
1391,134,10,1347,1,3,1,0.46,5
1392,134,5,1348,1,2,1,0.42,12
1392,134,5,1348,1,4,1,0.42,12
1392,134,5,1348,1,3,1,0.42,12
1393,134,28,1349,2,2,1,0.99,16
1393,134,28,1349,2,4,1,0.99,16
1393,134,28,1349,2,3,1,0.99,16
1394,134,28,1350,2,2,1,0.96,282
1394,134,28,1350,2,4,1,0.96,282
1394,134,28,1350,2,3,1,0.96,282
1395,134,28,1351,2,2,1,0.96,171
1395,134,28,1351,2,4,1,0.96,171
1395,134,28,1351,2,3,1,0.96,171
1396,134,28,1352,2,2,1,0.95,237
1396,134,28,1352,2,4,1,0.95,237
1396,134,28,1352,2,3,1,0.95,237
1397,134,28,1353,2,2,1,0.9,310
1397,134,28,1353,2,4,1,0.9,310
1397,134,28,1353,2,3,1,0.9,310
1398,134,30,1354,2,2,1,-0.77,202
1398,134,30,1354,2,4,1,-0.77,202
1398,134,30,1354,2,3,1,-0.77,202
1399,134,30,1355,1,2,1,-0.68,179
1399,134,30,1355,1,4,1,-0.68,179
1399,134,30,1355,1,3,1,-0.68,179
1400,134,24,1356,2,2,1,0.94,122
1400,134,24,1356,2,4,1,0.94,122
1400,134,24,1356,2,3,1,0.94,122
1401,134,24,1357,2,2,1,0.89,78
1401,134,24,1357,2,4,1,0.89,78
1401,134,24,1357,2,3,1,0.89,78
1402,134,23,1358,3,2,1,-0.82,240
1402,134,23,1358,3,4,1,-0.82,240
1402,134,23,1358,3,3,1,-0.82,240
1403,134,10,1359,1,2,1,0.63,148
1403,134,10,1359,1,4,1,0.63,148
1403,134,10,1359,1,3,1,0.63,148
1404,134,7,1360,2,2,1,-0.94,53
1404,134,7,1360,2,4,1,-0.94,53
1404,134,7,1360,2,3,1,-0.94,53
1405,134,11,1361,1,2,1,0.95,30
1405,134,11,1361,1,4,1,0.95,30
1405,134,11,1361,1,3,1,0.95,30
1406,134,7,1362,2,2,1,0.96,17
1406,134,7,1362,2,4,1,0.96,17
1406,134,7,1362,2,3,1,0.96,17
1407,134,5,1363,6,2,1,-0.67,29
1407,134,5,1363,6,4,1,-0.67,29
1407,134,5,1363,6,3,1,-0.67,29
1408,134,7,1364,1,2,1,-0.61,44
1408,134,7,1364,1,4,1,-0.61,44
1408,134,7,1364,1,3,1,-0.61,44
1409,134,29,1365,1,2,1,0.86,8
1409,134,29,1365,1,4,1,0.86,8
1409,134,29,1365,1,3,1,0.86,8
1410,134,28,1366,2,2,1,0.71,11
1410,134,28,1366,2,4,1,0.71,11
1410,134,28,1366,2,3,1,0.71,11
1411,134,30,1367,2,2,1,0.95,17
1411,134,30,1367,2,4,1,0.95,17
1411,134,30,1367,2,3,1,0.95,17
1412,135,19,1368,2,2,1,-0.87,265
1412,135,19,1368,2,4,1,-0.87,265
1412,135,19,1368,2,3,1,-0.87,265
1413,135,19,1369,2,2,1,-0.78,167
1413,135,19,1369,2,4,1,-0.78,167
1413,135,19,1369,2,3,1,-0.78,167
1414,135,8,1370,2,2,1,-0.56,268
1414,135,8,1370,2,4,1,-0.56,268
1414,135,8,1370,2,3,1,-0.56,268
1415,135,6,1371,1,2,1,-0.42,237
1415,135,6,1371,1,4,1,-0.42,237
1415,135,6,1371,1,3,1,-0.42,237
1416,135,30,1372,2,2,1,0.85,42
1416,135,30,1372,2,4,1,0.85,42
1416,135,30,1372,2,3,1,0.85,42
1417,135,7,1373,3,2,1,-0.72,107
1417,135,7,1373,3,4,1,-0.72,107
1417,135,7,1373,3,3,1,-0.72,107
1418,135,30,1328,2,2,1,0.52,109
1418,135,30,1328,2,4,1,0.52,109
1418,135,30,1328,2,3,1,0.52,109
1419,135,7,1374,2,2,1,0.55,110
1419,135,7,1374,2,4,1,0.55,110
1419,135,7,1374,2,3,1,0.55,110
1420,135,9,1375,2,2,1,0.0,57
1420,135,9,1375,2,4,1,0.0,57
1420,135,9,1375,2,3,1,0.0,57
1421,135,6,1376,3,2,1,0.81,87
1421,135,6,1376,3,4,1,0.81,87
1421,135,6,1376,3,3,1,0.81,87
1422,135,10,1329,2,2,1,-0.5,129
1422,135,10,1329,2,4,1,-0.5,129
1422,135,10,1329,2,3,1,-0.5,129
1423,135,9,1377,2,2,1,-0.68,67
1423,135,9,1377,2,4,1,-0.68,67
1423,135,9,1377,2,3,1,-0.68,67
1424,135,8,1378,2,2,1,0.89,52
1424,135,8,1378,2,4,1,0.89,52
1424,135,8,1378,2,3,1,0.89,52
1425,135,4,1379,1,2,1,0.39,47
1425,135,4,1379,1,4,1,0.39,47
1425,135,4,1379,1,3,1,0.39,47
1426,135,8,1380,1,2,1,-0.63,28
1426,135,8,1380,1,4,1,-0.63,28
1426,135,8,1380,1,3,1,-0.63,28
1427,135,5,1381,1,2,1,0.61,39
1427,135,5,1381,1,4,1,0.61,39
1427,135,5,1381,1,3,1,0.61,39
1428,135,9,1382,1,2,1,0.94,33
1428,135,9,1382,1,4,1,0.94,33
1428,135,9,1382,1,3,1,0.94,33
1429,135,5,1383,1,2,1,0.41,7
1429,135,5,1383,1,4,1,0.41,7
1429,135,5,1383,1,3,1,0.41,7
1430,135,7,1384,1,2,1,0.52,21
1430,135,7,1384,1,4,1,0.52,21
1430,135,7,1384,1,3,1,0.52,21
1431,135,7,642,2,2,1,0.47,54
1431,135,7,642,2,4,1,0.47,54
1431,135,7,642,2,3,1,0.47,54
1432,135,9,1385,2,2,1,0.51,23
1432,135,9,1385,2,4,1,0.51,23
1432,135,9,1385,2,3,1,0.51,23
1433,135,6,1386,3,2,1,0.88,24
1433,135,6,1386,3,4,1,0.88,24
1433,135,6,1386,3,3,1,0.88,24
1434,135,6,1387,2,2,1,0.94,12
1434,135,6,1387,2,4,1,0.94,12
1434,135,6,1387,2,3,1,0.94,12
1435,135,7,1388,1,2,1,0.94,6
1435,135,7,1388,1,4,1,0.94,6
1435,135,7,1388,1,3,1,0.94,6
1436,135,7,1389,1,2,1,0.79,20
1436,135,7,1389,1,4,1,0.79,20
1436,135,7,1389,1,3,1,0.79,20
1437,135,6,1390,1,2,1,0.63,22
1437,135,6,1390,1,4,1,0.63,22
1437,135,6,1390,1,3,1,0.63,22
1438,135,6,1391,2,2,1,0.64,16
1438,135,6,1391,2,4,1,0.64,16
1438,135,6,1391,2,3,1,0.64,16
1439,135,7,1392,1,2,1,-0.4,3
1439,135,7,1392,1,4,1,-0.4,3
1439,135,7,1392,1,3,1,-0.4,3
1440,135,7,1393,1,2,1,-0.45,25
1440,135,7,1393,1,4,1,-0.45,25
1440,135,7,1393,1,3,1,-0.45,25
1441,135,6,1394,5,2,1,0.53,7
1441,135,6,1394,5,4,1,0.53,7
1441,135,6,1394,5,3,1,0.53,7
1442,135,5,1395,2,2,1,0.92,11
1442,135,5,1395,2,4,1,0.92,11
1442,135,5,1395,2,3,1,0.92,11
1443,135,5,1323,1,2,1,0.78,5
1443,135,5,1323,1,4,1,0.78,5
1443,135,5,1323,1,3,1,0.78,5
1444,135,5,1396,1,2,1,0.8,7
1444,135,5,1396,1,4,1,0.8,7
1444,135,5,1396,1,3,1,0.8,7
1445,135,7,1397,1,2,1,0.42,1
1445,135,7,1397,1,4,1,0.42,1
1445,135,7,1397,1,3,1,0.42,1
1446,135,6,1398,1,2,1,0.42,5
1446,135,6,1398,1,4,1,0.42,5
1446,135,6,1398,1,3,1,0.42,5
1447,135,7,1399,1,2,1,0.75,4
1447,135,7,1399,1,4,1,0.75,4
1447,135,7,1399,1,3,1,0.75,4
1448,135,5,1400,1,2,1,-0.4,3
1448,135,5,1400,1,4,1,-0.4,3
1448,135,5,1400,1,3,1,-0.4,3
1449,135,6,1401,1,2,1,0.78,325
1449,135,6,1401,1,4,1,0.78,325
1449,135,6,1401,1,3,1,0.78,325
1450,135,4,1402,2,2,1,-0.51,247
1450,135,4,1402,2,4,1,-0.51,247
1450,135,4,1402,2,3,1,-0.51,247
1451,135,6,1310,2,2,1,0.98,126
1451,135,6,1310,2,4,1,0.98,126
1451,135,6,1310,2,3,1,0.98,126
1452,135,9,1403,2,2,1,0.96,98
1452,135,9,1403,2,4,1,0.96,98
1452,135,9,1403,2,3,1,0.96,98
1453,135,9,1404,1,2,1,0.98,63
1453,135,9,1404,1,4,1,0.98,63
1453,135,9,1404,1,3,1,0.98,63
1454,135,9,1405,2,2,1,-0.65,42
1454,135,9,1405,2,4,1,-0.65,42
1454,135,9,1405,2,3,1,-0.65,42
1455,135,6,1406,1,2,1,0.96,9
1455,135,6,1406,1,4,1,0.96,9
1455,135,6,1406,1,3,1,0.96,9
1456,135,6,1407,1,2,1,0.44,4
1456,135,6,1407,1,4,1,0.44,4
1456,135,6,1407,1,3,1,0.44,4
1457,135,10,1408,1,2,1,0.61,5
1457,135,10,1408,1,4,1,0.61,5
1457,135,10,1408,1,3,1,0.61,5
1458,135,6,1409,1,2,1,0.75,4
1458,135,6,1409,1,4,1,0.75,4
1458,135,6,1409,1,3,1,0.75,4
1459,135,7,1410,1,2,1,0.42,2
1459,135,7,1410,1,4,1,0.42,2
1459,135,7,1410,1,3,1,0.42,2
1460,135,9,1411,1,2,1,0.42,5
1460,135,9,1411,1,4,1,0.42,5
1460,135,9,1411,1,3,1,0.42,5
1461,136,6,1412,2,2,1,0.56,235
1461,136,6,1412,2,4,1,0.56,235
1461,136,6,1412,2,3,1,0.56,235
1462,136,7,1413,2,2,1,-0.43,109
1462,136,7,1413,2,4,1,-0.43,109
1462,136,7,1413,2,3,1,-0.43,109
1463,136,10,1414,2,2,1,0.98,62
1463,136,10,1414,2,4,1,0.98,62
1463,136,10,1414,2,3,1,0.98,62
1464,1,16,1415,2,1,2,-0.98,240
1465,1,16,1416,2,1,2,-0.64,174
1466,1,19,1417,2,1,2,-0.66,91
1467,1,17,1418,2,1,2,0.53,62
1468,1,16,1419,1,1,2,-0.44,60
1469,1,10,1420,4,1,2,-0.8,232
1470,1,11,1421,4,1,2,-0.89,240
1471,1,15,1422,2,1,2,0.98,43
1472,1,10,1423,6,1,2,-0.92,265
1473,1,10,1424,1,1,2,-0.72,213
1474,1,30,1425,2,1,2,-0.48,148
1475,1,30,1426,4,1,2,-0.45,117
1476,1,13,1427,2,1,2,-0.55,85
1477,1,10,1428,2,1,2,0.49,80
1478,1,30,1429,2,1,2,0.81,90
1479,1,14,1430,3,1,2,-0.75,52
1480,1,30,1431,2,1,2,0.86,82
1481,1,30,1432,1,1,2,0.44,86
1482,1,30,1433,2,1,2,0.96,56
1483,1,5,1434,2,1,2,0.63,302
1484,1,30,1435,2,1,2,0.97,52
1485,1,8,1436,2,1,2,0.44,120
1486,1,10,1437,5,1,2,-0.69,101
1487,1,30,1438,2,1,2,0.95,110
1488,1,8,1439,2,1,2,0.91,93
1489,1,11,1440,2,1,2,0.99,49
1490,1,7,1441,2,1,2,0.69,88
1491,1,30,1442,1,1,2,0.89,47
1492,1,30,1443,2,1,2,0.95,52
1493,1,5,1444,2,1,2,0.92,85
1494,1,7,1445,2,1,2,0.98,87
1495,1,8,1446,1,1,2,0.43,68
1496,1,9,1447,3,1,2,-0.7,97
1497,1,8,1448,2,1,2,-0.64,149
1498,1,7,1449,2,1,2,0.98,76
1499,1,7,1450,2,1,2,0.97,48
1500,1,7,1451,2,1,2,-0.62,45
1501,1,30,1452,1,1,2,0.92,31
1502,1,8,1453,2,1,2,-0.47,62
1503,1,11,1454,2,1,2,-0.62,68
1504,1,10,1455,1,1,2,0.84,91
1505,1,11,1456,2,1,2,0.97,18
1506,1,8,1457,2,1,2,0.92,36
1507,1,10,1458,2,1,2,-0.72,43
1508,1,9,1459,2,1,2,0.93,18
1509,1,6,1460,2,1,2,0.98,17
1510,1,30,1461,1,1,2,0.65,26
1511,1,8,1462,2,1,2,0.47,20
1512,1,9,1463,2,1,2,0.95,11
1513,1,7,1464,1,1,2,0.56,21
1514,1,6,1465,2,1,2,0.96,14
1515,1,7,1466,2,1,2,0.81,16
1516,1,8,1467,1,1,2,0.75,4
1517,1,8,1468,2,1,2,0.42,18
1518,1,7,1469,2,1,2,0.92,11
1519,1,6,1470,2,1,2,0.55,19
1520,1,6,1471,1,1,2,0.52,11
1521,1,7,1472,1,1,2,0.75,4
1522,1,30,1473,2,1,2,-0.43,187
1523,1,29,1474,1,1,2,0.91,150
1524,1,28,1475,2,1,2,-0.96,237
1525,1,30,1476,2,1,2,0.43,106
1526,1,10,1477,1,1,2,0.0,215
1527,1,10,1478,2,1,2,0.43,96
1528,1,18,1479,1,1,2,-0.73,17
1529,1,7,1480,2,1,2,-0.64,51
1530,1,6,1481,1,1,2,0.42,44
1531,1,8,1482,1,1,2,0.97,9
1532,1,8,1483,2,1,2,0.56,61
1533,1,8,1484,2,1,2,0.96,11
1534,2,20,1485,3,1,2,0.95,313
1535,2,19,1486,1,1,2,-0.75,141
1536,2,14,1487,2,1,2,0.7,269
1537,2,16,1488,4,1,2,-0.73,249
1538,2,30,1489,2,1,2,-0.68,300
1539,2,13,1490,3,1,2,-0.67,234
1540,2,16,1491,5,1,2,-0.54,197
1541,2,12,1492,4,1,2,-0.81,236
1542,2,14,1493,2,1,2,0.54,238
1543,2,30,1494,2,1,2,0.82,122
1544,2,19,1495,2,1,2,-0.96,81
1545,2,30,1496,2,1,2,0.85,231
1546,2,13,1497,2,1,2,0.95,193
1547,2,12,1498,2,1,2,-0.88,228
1548,2,11,1499,4,1,2,-0.47,154
1549,2,30,1500,2,1,2,-0.51,159
1550,2,30,1501,2,1,2,0.99,111
1551,2,11,1502,6,1,2,-0.67,232
1552,2,30,1503,1,1,2,0.94,117
1553,2,30,1504,2,1,2,0.97,52
1554,2,30,1505,2,1,2,0.98,92
1555,2,30,1506,2,1,2,0.94,118
1556,2,30,1507,1,1,2,0.76,81
1557,2,30,1508,1,1,2,0.95,54
1558,2,30,1509,2,1,2,0.98,65
1559,2,30,1510,1,1,2,0.87,45
1560,2,30,1511,1,1,2,0.74,78
1561,2,30,1512,1,1,2,0.72,49
1562,2,30,1513,1,1,2,0.82,37
1563,2,30,1514,2,1,2,0.96,38
1564,2,30,1515,1,1,2,0.62,25
1565,2,14,1516,2,1,2,0.57,15
1566,2,30,1517,2,1,2,0.73,14
1567,2,30,1518,3,1,2,0.93,248
1568,2,30,1519,2,1,2,0.88,87
1569,2,23,1520,2,1,2,0.53,96
1570,2,15,1521,4,1,2,-0.8,234
1571,2,21,1522,4,1,2,0.48,225
1572,2,21,1523,2,1,2,0.89,98
1573,2,11,1524,2,1,2,-0.91,60
1574,2,30,1525,1,1,2,0.91,16
1575,3,19,1526,2,1,2,-0.97,151
1576,3,30,1527,2,1,2,-0.78,242
1577,3,18,1528,4,1,2,-0.65,135
1578,3,6,1529,2,1,2,0.0,285
1579,3,7,1530,3,1,2,-0.75,234
1580,3,10,1531,2,1,2,0.0,239
1581,3,30,1532,2,1,2,0.93,83
1582,3,7,1533,2,1,2,-0.99,169
1583,3,6,1423,2,1,2,-0.8,144
1584,3,6,1534,4,1,2,-0.38,285
1585,3,7,1535,1,1,2,0.94,76
1586,3,10,1536,2,1,2,0.57,107
1587,3,7,1537,1,1,2,0.95,26
1588,3,6,1538,2,1,2,0.95,11
1589,3,10,1539,1,1,2,0.39,26
1590,3,9,1540,2,1,2,-0.43,23
1591,3,6,1541,1,1,2,0.72,16
1592,3,6,1542,1,1,2,0.75,4
1593,3,11,1502,1,1,2,0.54,20
1594,3,22,1543,2,1,2,0.99,43
1595,3,30,1544,2,1,2,0.95,28
1596,3,30,1545,2,1,2,0.98,30
1597,3,9,1546,1,1,2,-0.75,65
1598,3,6,1547,1,1,2,0.56,8
1599,3,5,1548,1,1,2,0.43,13
1600,3,30,1549,2,1,2,-0.9,236
1601,3,23,1550,1,1,2,-0.72,127
1602,4,18,1551,2,1,2,-0.76,322
1603,4,18,1552,2,1,2,-0.96,287
1604,4,18,1553,2,1,2,-0.79,301
1605,4,17,1554,2,1,2,-0.91,177
1606,4,16,1555,4,1,2,-0.72,161
1607,4,17,1556,2,1,2,0.62,168
1608,4,16,1557,2,1,2,-0.87,280
1609,4,30,1558,2,1,2,-0.86,224
1610,4,17,1559,2,1,2,-0.53,159
1611,4,30,1560,2,1,2,-0.87,178
1612,4,11,1561,2,1,2,-0.59,238
1613,4,12,1562,2,1,2,0.64,192
1614,4,30,1563,2,1,2,-0.78,239
1615,4,15,1564,2,1,2,0.63,113
1616,4,11,1565,4,1,2,0.44,239
1617,4,13,1566,4,1,2,-0.63,122
1618,4,17,1567,2,1,2,-0.55,52
1619,4,30,1568,2,1,2,-0.77,148
1620,4,30,1569,2,1,2,-0.92,100
1621,4,14,1570,2,1,2,0.0,115
1622,4,11,1571,1,1,2,0.93,153
1623,4,30,1572,1,1,2,-0.89,170
1624,4,30,1573,4,1,2,0.69,79
1625,4,30,1574,1,1,2,0.46,3
1626,4,11,1575,2,1,2,-0.97,100
1627,4,12,1576,2,1,2,-0.34,19
1628,4,30,1577,1,1,2,0.95,20
1629,4,30,1578,1,1,2,0.69,9
1630,4,29,1579,2,1,2,-0.49,133
1631,4,30,1580,2,1,2,0.95,209
1632,4,22,1581,2,1,2,-0.72,88
1633,4,16,1582,2,1,2,-0.94,205
1634,4,15,1583,2,1,2,0.41,207
1635,4,15,1584,2,1,2,-0.46,237
1636,4,30,1585,2,1,2,-0.73,239
1637,4,11,1586,3,1,2,-0.69,238
1638,4,11,1587,3,1,2,0.66,102
1639,4,11,1588,4,1,2,-0.81,213
1640,4,30,1589,2,1,2,-0.97,172
1641,4,16,1590,2,1,2,0.62,60
1642,4,10,1591,4,1,2,0.47,187
1643,4,11,1592,1,1,2,-0.71,182
1644,4,30,1593,2,1,2,-0.9,99
1645,4,30,1594,1,1,2,0.52,71
1646,4,17,1595,2,1,2,0.61,11
1647,4,30,1596,1,1,2,0.96,9
1648,4,30,1597,2,1,2,0.5,16
1649,5,21,1598,2,1,2,-0.49,254
1650,5,13,1599,2,1,2,0.98,127
1651,5,18,1600,2,1,2,0.9,208
1652,5,18,1601,4,1,2,0.81,117
1653,5,17,1556,2,1,2,-0.46,180
1654,5,18,1602,2,1,2,0.92,119
1655,5,21,1603,6,1,2,0.47,86
1656,5,18,1604,2,1,2,0.74,97
1657,5,30,1605,2,1,2,0.97,191
1658,5,18,1606,1,1,2,0.96,73
1659,5,30,1607,5,1,2,-0.59,186
1660,5,9,1608,1,1,2,-0.96,194
1661,5,17,1609,2,1,2,0.9,35
1662,5,9,1610,3,1,2,-0.59,165
1663,5,8,1611,4,1,2,0.0,234
1664,5,5,1612,6,1,2,-0.72,221
1665,5,19,1613,2,1,2,0.73,22
1666,5,14,1614,2,1,2,-0.52,40
1667,5,30,1615,2,1,2,0.99,66
1668,5,7,1616,1,1,2,0.95,73
1669,5,10,1617,1,1,2,-0.87,117
1670,5,8,1618,1,1,2,-0.65,122
1671,5,30,1619,6,1,2,0.46,42
1672,5,15,1620,1,1,2,0.89,9
1673,5,6,1621,2,1,2,0.95,35
1674,5,11,1622,1,1,2,-0.68,45
1675,5,7,183,1,1,2,-0.44,51
1676,5,4,1623,1,1,2,0.6,38
1677,5,9,1624,1,1,2,0.52,28
1678,5,11,1456,1,1,2,0.75,4
1679,5,4,1625,1,1,2,0.91,3
1680,5,30,1626,6,1,2,-0.56,11
1681,5,5,1627,1,1,2,0.8,20
1682,5,9,1628,1,1,2,0.42,2
1683,5,30,1629,2,1,2,0.81,56
1684,5,6,1630,1,1,2,0.75,4
1685,5,6,1631,1,1,2,0.75,4
1686,5,18,1632,1,1,2,0.0,187
1687,5,17,1633,1,1,2,0.48,79
1688,5,30,1634,2,1,2,-0.49,79
1689,5,10,1635,3,1,2,0.61,62
1690,5,6,1636,3,1,2,0.98,111
1691,5,5,1637,2,1,2,-0.42,74
1692,5,5,1638,1,1,2,0.85,47
1693,5,10,1639,1,1,2,0.93,52
1694,5,9,1640,2,1,2,-0.76,25
1695,5,6,1641,1,1,2,0.62,41
1696,5,30,1642,1,1,2,0.4,10
1697,5,5,1643,1,1,2,0.92,14
1698,5,7,1644,1,1,2,0.56,8
1699,5,5,1645,1,1,2,0.5,7
1700,5,30,1646,2,1,2,0.86,107
1701,6,30,1647,2,1,2,0.97,86
1702,6,30,1648,2,1,2,0.65,77
1703,6,11,1649,2,1,2,0.98,44
1704,6,30,1650,2,1,2,0.45,16
1705,6,30,1651,2,1,2,0.8,17
1706,6,11,1652,1,1,2,0.42,3
1707,6,19,1653,1,1,2,-0.6,135
1708,6,21,1654,2,1,2,0.91,77
1709,6,20,1655,1,1,2,-0.61,135
1710,6,30,1656,3,1,2,0.99,53
1711,6,30,1657,2,1,2,0.97,68
1712,6,30,1658,2,1,2,0.53,57
1713,6,30,1659,1,1,2,0.62,34
1714,7,21,1660,2,1,2,0.97,187
1715,7,21,1661,2,1,2,0.97,143
1716,7,20,1662,2,1,2,-0.99,101
1717,7,21,1663,2,1,2,-0.4,90
1718,7,18,1664,2,1,2,-0.98,84
1719,7,30,1665,2,1,2,0.71,163
1720,7,30,1666,2,1,2,0.97,30
1721,7,30,1667,2,1,2,0.96,32
1722,7,30,1668,2,1,2,0.98,16
1723,7,30,1669,2,1,2,0.97,144
1724,7,30,1670,2,1,2,0.99,118
1725,7,30,1671,2,1,2,0.97,67
1726,7,30,1672,2,1,2,0.97,30
1727,7,30,1673,2,1,2,0.92,81
1728,7,30,1674,2,1,2,0.94,27
1729,7,30,1675,2,1,2,0.95,54
1730,7,30,1676,2,1,2,0.96,18
1731,7,6,1677,2,1,2,0.93,90
1732,7,30,1678,2,1,2,0.97,24
1733,7,7,3,2,1,2,0.5,155
1734,7,30,1679,2,1,2,0.92,11
1735,7,30,1680,2,1,2,0.73,75
1736,7,15,1681,1,1,2,-0.52,23
1737,7,30,1682,2,1,2,0.97,34
1738,7,17,1683,2,1,2,-0.45,11
1739,7,30,1684,2,1,2,0.96,18
1740,7,7,1685,2,1,2,0.92,61
1741,7,30,1686,2,1,2,0.92,13
1742,7,6,1687,2,1,2,-0.39,77
1743,7,30,1688,1,1,2,0.65,52
1744,7,30,1689,2,1,2,0.98,16
1745,7,30,1690,2,1,2,0.97,13
1746,7,5,1691,2,1,2,0.93,21
1747,7,30,1692,1,1,2,0.97,13
1748,7,7,1693,1,1,2,0.97,25
1749,7,7,1694,1,1,2,0.83,5
1750,7,30,1695,2,1,2,0.92,11
1751,7,8,1696,2,1,2,0.98,16
1752,7,6,1697,1,1,2,0.36,5
1753,7,30,1698,1,1,2,0.47,11
1754,7,6,1699,2,1,2,-0.58,21
1755,7,6,1700,1,1,2,0.91,3
1756,7,30,1701,1,1,2,0.42,2
1757,7,6,1702,1,1,2,0.0,16
1758,7,30,1703,1,1,2,0.42,1
1759,7,7,1704,1,1,2,0.44,6
1760,7,6,1705,2,1,2,0.72,11
1761,7,30,1706,1,1,2,0.42,3
1762,7,7,1707,1,1,2,0.53,10
1763,7,30,1708,2,1,2,0.96,11
1764,7,5,1709,1,1,2,0.42,2
1765,7,30,1710,1,1,2,0.43,10
1766,7,30,1711,2,1,2,0.92,20
1767,7,8,1712,2,1,2,0.92,11
1768,7,8,1713,1,1,2,0.89,10
1769,7,5,1714,2,1,2,0.92,11
1770,7,30,1715,2,1,2,0.91,33
1771,7,30,1716,2,1,2,0.98,20
1772,7,23,1717,2,1,2,0.48,58
1773,7,30,1718,2,1,2,0.6,122
1774,7,6,1719,1,1,2,0.54,118
1775,7,12,1720,2,1,2,0.96,17
1776,7,7,1721,2,1,2,0.97,35
1777,7,30,1722,2,1,2,0.96,40
1778,7,30,1723,1,1,2,0.96,21
1779,7,30,1724,1,1,2,0.97,19
1780,7,6,1725,1,1,2,0.96,32
1781,7,8,1726,2,1,2,0.95,17
1782,7,30,1727,1,1,2,0.97,19
1783,7,30,1728,1,1,2,0.96,9
1784,7,11,1729,2,1,2,-0.76,27
1785,7,6,1730,1,1,2,0.43,25
1786,7,8,1731,1,1,2,0.91,3
1787,7,5,1732,1,1,2,0.5,11
1788,7,30,1733,2,1,2,0.95,35
1789,7,30,1734,2,1,2,0.92,11
1790,7,30,1735,2,1,2,0.94,87
1791,7,30,1736,2,1,2,0.98,109
1792,8,20,1737,2,2,2,-0.6,153
1792,8,20,1737,2,1,2,-0.6,153
1793,8,30,1738,4,2,2,-0.85,215
1793,8,30,1738,4,1,2,-0.85,215
1794,8,30,1739,2,2,2,0.83,231
1794,8,30,1739,2,1,2,0.83,231
1795,8,21,1740,2,2,2,0.9,114
1795,8,21,1740,2,1,2,0.9,114
1796,8,20,1741,1,2,2,0.98,74
1796,8,20,1741,1,1,2,0.98,74
1797,8,19,1742,2,2,2,0.83,73
1797,8,19,1742,2,1,2,0.83,73
1798,8,30,1743,2,2,2,-0.97,244
1798,8,30,1743,2,1,2,-0.97,244
1799,8,19,1744,2,2,2,0.63,69
1799,8,19,1744,2,1,2,0.63,69
1800,8,30,1600,2,2,2,0.7,234
1800,8,30,1600,2,1,2,0.7,234
1801,8,30,1745,2,2,2,0.91,196
1801,8,30,1745,2,1,2,0.91,196
1802,8,30,1746,2,2,2,0.91,237
1802,8,30,1746,2,1,2,0.91,237
1803,8,30,1747,2,2,2,0.91,164
1803,8,30,1747,2,1,2,0.91,164
1804,8,17,1748,1,2,2,0.85,61
1804,8,17,1748,1,1,2,0.85,61
1805,8,30,1749,1,2,2,0.76,190
1805,8,30,1749,1,1,2,0.76,190
1806,8,11,1750,5,2,2,-0.84,324
1806,8,11,1750,5,1,2,-0.84,324
1807,8,30,1751,4,2,2,0.9,176
1807,8,30,1751,4,1,2,0.9,176
1808,8,30,1752,2,2,2,-0.61,234
1808,8,30,1752,2,1,2,-0.61,234
1809,8,30,1753,1,2,2,-0.71,235
1809,8,30,1753,1,1,2,-0.71,235
1810,8,9,1754,2,2,2,0.62,278
1810,8,9,1754,2,1,2,0.62,278
1811,8,11,1755,2,2,2,0.35,239
1811,8,11,1755,2,1,2,0.35,239
1812,8,11,1756,2,2,2,-0.74,163
1812,8,11,1756,2,1,2,-0.74,163
1813,8,19,1757,2,2,2,0.62,25
1813,8,19,1757,2,1,2,0.62,25
1814,8,10,1758,2,2,2,-0.86,240
1814,8,10,1758,2,1,2,-0.86,240
1815,8,11,1759,2,2,2,-0.74,130
1815,8,11,1759,2,1,2,-0.74,130
1816,8,11,1760,2,2,2,-0.78,114
1816,8,11,1760,2,1,2,-0.78,114
1817,8,30,1761,2,2,2,0.84,70
1817,8,30,1761,2,1,2,0.84,70
1818,8,10,1762,2,2,2,-0.72,159
1818,8,10,1762,2,1,2,-0.72,159
1819,8,30,1763,1,2,2,0.96,146
1819,8,30,1763,1,1,2,0.96,146
1820,8,7,1764,2,2,2,-0.5,237
1820,8,7,1764,2,1,2,-0.5,237
1821,8,30,1765,2,2,2,0.97,94
1821,8,30,1765,2,1,2,0.97,94
1822,8,7,1766,2,2,2,-0.81,137
1822,8,7,1766,2,1,2,-0.81,137
1823,8,30,1767,2,2,2,0.96,88
1823,8,30,1767,2,1,2,0.96,88
1824,8,11,1768,1,2,2,-0.54,134
1824,8,11,1768,1,1,2,-0.54,134
1825,8,30,1769,1,2,2,0.96,139
1825,8,30,1769,1,1,2,0.96,139
1826,8,30,1770,2,2,2,0.74,97
1826,8,30,1770,2,1,2,0.74,97
1827,8,30,1771,2,2,2,0.98,99
1827,8,30,1771,2,1,2,0.98,99
1828,8,30,1772,2,2,2,0.95,81
1828,8,30,1772,2,1,2,0.95,81
1829,8,30,1773,2,2,2,0.88,83
1829,8,30,1773,2,1,2,0.88,83
1830,8,30,1774,2,2,2,0.96,75
1830,8,30,1774,2,1,2,0.96,75
1831,8,6,1775,3,2,2,-0.6,238
1831,8,6,1775,3,1,2,-0.6,238
1832,8,30,1776,2,2,2,0.96,51
1832,8,30,1776,2,1,2,0.96,51
1833,8,30,1602,2,2,2,0.91,74
1833,8,30,1602,2,1,2,0.91,74
1834,8,30,1777,2,2,2,0.81,82
1834,8,30,1777,2,1,2,0.81,82
1835,8,30,1778,1,2,2,0.96,68
1835,8,30,1778,1,1,2,0.96,68
1836,8,30,1779,1,2,2,0.8,91
1836,8,30,1779,1,1,2,0.8,91
1837,8,11,1780,1,2,2,0.87,120
1837,8,11,1780,1,1,2,0.87,120
1838,8,9,1781,2,2,2,-0.83,129
1838,8,9,1781,2,1,2,-0.83,129
1839,8,30,1782,1,2,2,0.95,98
1839,8,30,1782,1,1,2,0.95,98
1840,8,30,1783,2,2,2,0.95,63
1840,8,30,1783,2,1,2,0.95,63
1841,8,7,1784,1,2,2,-0.48,160
1841,8,7,1784,1,1,2,-0.48,160
1842,8,10,1785,2,2,2,-0.59,210
1842,8,10,1785,2,1,2,-0.59,210
1843,8,30,1786,2,2,2,0.0,46
1843,8,30,1786,2,1,2,0.0,46
1844,8,10,1787,2,2,2,-0.95,100
1844,8,10,1787,2,1,2,-0.95,100
1845,8,9,1788,2,2,2,0.98,66
1845,8,9,1788,2,1,2,0.98,66
1846,8,20,1789,2,2,2,0.92,11
1846,8,20,1789,2,1,2,0.92,11
1847,8,7,1790,2,2,2,-0.48,79
1847,8,7,1790,2,1,2,-0.48,79
1848,8,11,1791,2,2,2,-0.73,46
1848,8,11,1791,2,1,2,-0.73,46
1849,8,8,1792,2,2,2,-0.66,51
1849,8,8,1792,2,1,2,-0.66,51
1850,8,15,1793,1,2,2,0.85,17
1850,8,15,1793,1,1,2,0.85,17
1851,8,5,1794,2,2,2,-0.49,111
1851,8,5,1794,2,1,2,-0.49,111
1852,8,10,1795,1,2,2,0.46,62
1852,8,10,1795,1,1,2,0.46,62
1853,8,7,1796,2,2,2,-0.5,46
1853,8,7,1796,2,1,2,-0.5,46
1854,8,30,1797,2,2,2,0.98,30
1854,8,30,1797,2,1,2,0.98,30
1855,8,30,1798,1,2,2,0.85,21
1855,8,30,1798,1,1,2,0.85,21
1856,8,9,1456,2,2,2,0.98,34
1856,8,9,1456,2,1,2,0.98,34
1857,8,6,1799,2,2,2,0.96,29
1857,8,6,1799,2,1,2,0.96,29
1858,8,8,1800,1,2,2,0.51,44
1858,8,8,1800,1,1,2,0.51,44
1859,8,9,1801,1,2,2,-0.85,21
1859,8,9,1801,1,1,2,-0.85,21
1860,8,7,1802,1,2,2,-0.88,25
1860,8,7,1802,1,1,2,-0.88,25
1861,8,8,1803,1,2,2,0.87,11
1861,8,8,1803,1,1,2,0.87,11
1862,8,7,1804,1,2,2,-0.69,33
1862,8,7,1804,1,1,2,-0.69,33
1863,8,8,1805,2,2,2,0.69,15
1863,8,8,1805,2,1,2,0.69,15
1864,8,9,1806,1,2,2,0.75,4
1864,8,9,1806,1,1,2,0.75,4
1865,8,7,1807,2,2,2,0.95,17
1865,8,7,1807,2,1,2,0.95,17
1866,8,7,1808,2,2,2,0.58,15
1866,8,7,1808,2,1,2,0.58,15
1867,8,6,1809,1,2,2,0.92,5
1867,8,6,1809,1,1,2,0.92,5
1868,8,8,1810,2,2,2,0.5,15
1868,8,8,1810,2,1,2,0.5,15
1869,8,8,1811,1,2,2,0.6,10
1869,8,8,1811,1,1,2,0.6,10
1870,8,29,1474,2,2,2,-0.59,295
1870,8,29,1474,2,1,2,-0.59,295
1871,8,30,1812,2,2,2,0.91,182
1871,8,30,1812,2,1,2,0.91,182
1872,8,30,1813,2,2,2,0.96,63
1872,8,30,1813,2,1,2,0.96,63
1873,8,30,1814,2,2,2,-0.4,66
1873,8,30,1814,2,1,2,-0.4,66
1874,8,30,1815,2,2,2,0.99,71
1874,8,30,1815,2,1,2,0.99,71
1875,8,11,1816,1,2,2,-0.51,123
1875,8,11,1816,1,1,2,-0.51,123
1876,8,7,1817,1,2,2,-0.48,77
1876,8,7,1817,1,1,2,-0.48,77
1877,8,6,1818,2,2,2,0.95,40
1877,8,6,1818,2,1,2,0.95,40
1878,8,10,1819,1,2,2,-0.72,39
1878,8,10,1819,1,1,2,-0.72,39
1879,8,8,1820,2,2,2,-0.83,40
1879,8,8,1820,2,1,2,-0.83,40
1880,8,7,1821,2,2,2,0.92,11
1880,8,7,1821,2,1,2,0.92,11
1881,8,9,1822,1,2,2,0.58,9
1881,8,9,1822,1,1,2,0.58,9
1882,8,10,1823,2,2,2,0.55,12
1882,8,10,1823,2,1,2,0.55,12
1883,9,21,1824,1,3,2,-0.65,160
1883,9,21,1824,1,1,2,-0.65,160
1884,9,30,1825,2,3,2,-0.8,81
1884,9,30,1825,2,1,2,-0.8,81
1885,9,9,1826,1,3,2,0.92,14
1885,9,9,1826,1,1,2,0.92,14
1886,10,21,1827,4,3,2,-0.95,235
1886,10,21,1827,4,1,2,-0.95,235
1887,10,20,1828,4,3,2,-0.71,100
1887,10,20,1828,4,1,2,-0.71,100
1888,10,20,1829,2,3,2,-0.72,240
1888,10,20,1829,2,1,2,-0.72,240
1889,10,11,1830,2,3,2,-0.61,230
1889,10,11,1830,2,1,2,-0.61,230
1890,10,10,1831,5,3,2,-0.52,161
1890,10,10,1831,5,1,2,-0.52,161
1891,10,30,1832,2,3,2,0.98,70
1891,10,30,1832,2,1,2,0.98,70
1892,10,20,1833,2,3,2,0.43,22
1892,10,20,1833,2,1,2,0.43,22
1893,10,30,1834,2,3,2,0.99,62
1893,10,30,1834,2,1,2,0.99,62
1894,10,30,1835,2,3,2,0.92,22
1894,10,30,1835,2,1,2,0.92,22
1895,10,30,1836,2,3,2,0.92,11
1895,10,30,1836,2,1,2,0.92,11
1896,10,11,1837,2,3,2,0.82,18
1896,10,11,1837,2,1,2,0.82,18
1897,10,11,1838,2,3,2,-0.4,231
1897,10,11,1838,2,1,2,-0.4,231
1898,10,19,1839,2,3,2,0.43,50
1898,10,19,1839,2,1,2,0.43,50
1899,10,20,1840,1,3,2,0.75,7
1899,10,20,1840,1,1,2,0.75,7
1900,10,30,1841,2,3,2,0.92,11
1900,10,30,1841,2,1,2,0.92,11
1901,10,30,1842,2,3,2,0.96,17
1901,10,30,1842,2,1,2,0.96,17
1902,10,11,1843,2,3,2,0.62,23
1902,10,11,1843,2,1,2,0.62,23
1903,11,21,1844,2,4,2,-0.89,233
1903,11,21,1844,2,1,2,-0.89,233
1904,11,19,1845,2,4,2,0.95,207
1904,11,19,1845,2,1,2,0.95,207
1905,11,19,1846,4,4,2,0.0,216
1905,11,19,1846,4,1,2,0.0,216
1906,11,19,1847,2,4,2,0.92,164
1906,11,19,1847,2,1,2,0.92,164
1907,11,17,1848,2,4,2,-0.9,235
1907,11,17,1848,2,1,2,-0.9,235
1908,11,21,1849,2,4,2,-0.82,75
1908,11,21,1849,2,1,2,-0.82,75
1909,11,20,1850,2,4,2,0.96,83
1909,11,20,1850,2,1,2,0.96,83
1910,11,30,1851,4,4,2,-0.47,233
1910,11,30,1851,4,1,2,-0.47,233
1911,11,30,1852,4,4,2,-0.73,237
1911,11,30,1852,4,1,2,-0.73,237
1912,11,30,1573,4,4,2,-0.73,226
1912,11,30,1573,4,1,2,-0.73,226
1913,11,19,1853,2,4,2,0.98,16
1913,11,19,1853,2,1,2,0.98,16
1914,11,30,1854,2,4,2,0.96,162
1914,11,30,1854,2,1,2,0.96,162
1915,11,13,1855,2,4,2,0.51,105
1915,11,13,1855,2,1,2,0.51,105
1916,11,19,1856,1,4,2,0.61,22
1916,11,19,1856,1,1,2,0.61,22
1917,11,30,1857,2,4,2,0.92,105
1917,11,30,1857,2,1,2,0.92,105
1918,11,30,1858,1,4,2,0.95,123
1918,11,30,1858,1,1,2,0.95,123
1919,11,13,1859,1,4,2,0.98,49
1919,11,13,1859,1,1,2,0.98,49
1920,11,30,1860,1,4,2,0.84,62
1920,11,30,1860,1,1,2,0.84,62
1921,11,11,1861,1,4,2,0.89,167
1921,11,11,1861,1,1,2,0.89,167
1922,11,30,1862,2,4,2,0.57,82
1922,11,30,1862,2,1,2,0.57,82
1923,11,30,1863,2,4,2,0.97,68
1923,11,30,1863,2,1,2,0.97,68
1924,11,30,1864,2,4,2,0.93,111
1924,11,30,1864,2,1,2,0.93,111
1925,11,30,1865,2,4,2,0.96,75
1925,11,30,1865,2,1,2,0.96,75
1926,11,30,1866,2,4,2,0.97,76
1926,11,30,1866,2,1,2,0.97,76
1927,11,30,1867,1,4,2,-0.53,105
1927,11,30,1867,1,1,2,-0.53,105
1928,11,30,1868,2,4,2,0.91,39
1928,11,30,1868,2,1,2,0.91,39
1929,11,30,1869,2,4,2,0.94,82
1929,11,30,1869,2,1,2,0.94,82
1930,11,30,1870,2,4,2,0.99,19
1930,11,30,1870,2,1,2,0.99,19
1931,11,30,1871,2,4,2,0.65,58
1931,11,30,1871,2,1,2,0.65,58
1932,11,30,1872,2,4,2,0.73,46
1932,11,30,1872,2,1,2,0.73,46
1933,11,30,1873,2,4,2,0.93,59
1933,11,30,1873,2,1,2,0.93,59
1934,11,11,1874,1,4,2,0.96,73
1934,11,11,1874,1,1,2,0.96,73
1935,11,13,1875,2,4,2,0.96,16
1935,11,13,1875,2,1,2,0.96,16
1936,11,30,1876,2,4,2,0.96,48
1936,11,30,1876,2,1,2,0.96,48
1937,11,30,1877,2,4,2,0.93,49
1937,11,30,1877,2,1,2,0.93,49
1938,11,30,1878,2,4,2,0.85,36
1938,11,30,1878,2,1,2,0.85,36
1939,11,30,1879,2,4,2,0.93,49
1939,11,30,1879,2,1,2,0.93,49
1940,11,30,1880,1,4,2,0.9,24
1940,11,30,1880,1,1,2,0.9,24
1941,11,30,1881,1,4,2,0.99,9
1941,11,30,1881,1,1,2,0.99,9
1942,11,30,1882,2,4,2,0.87,25
1942,11,30,1882,2,1,2,0.87,25
1943,11,30,1883,2,4,2,0.98,16
1943,11,30,1883,2,1,2,0.98,16
1944,11,30,1884,2,4,2,0.96,38
1944,11,30,1884,2,1,2,0.96,38
1945,11,13,1885,1,4,2,0.92,16
1945,11,13,1885,1,1,2,0.92,16
1946,11,30,1886,1,4,2,0.79,22
1946,11,30,1886,1,1,2,0.79,22
1947,11,13,1887,1,4,2,0.66,18
1947,11,13,1887,1,1,2,0.66,18
1948,11,30,1888,2,4,2,0.83,21
1948,11,30,1888,2,1,2,0.83,21
1949,11,30,1889,1,4,2,0.92,14
1949,11,30,1889,1,1,2,0.92,14
1950,11,30,1890,2,4,2,0.91,12
1950,11,30,1890,2,1,2,0.91,12
1951,11,30,1891,2,4,2,0.96,21
1951,11,30,1891,2,1,2,0.96,21
1952,11,30,1892,2,4,2,0.95,16
1952,11,30,1892,2,1,2,0.95,16
1953,11,30,1893,2,4,2,0.95,26
1953,11,30,1893,2,1,2,0.95,26
1954,11,30,1894,2,4,2,0.92,11
1954,11,30,1894,2,1,2,0.92,11
1955,11,30,1895,1,4,2,0.8,7
1955,11,30,1895,1,1,2,0.8,7
1956,11,30,1896,1,4,2,0.66,16
1956,11,30,1896,1,1,2,0.66,16
1957,11,30,1897,1,4,2,0.42,1
1957,11,30,1897,1,1,2,0.42,1
1958,11,30,1898,1,4,2,-0.38,7
1958,11,30,1898,1,1,2,-0.38,7
1959,11,30,1899,2,4,2,0.92,11
1959,11,30,1899,2,1,2,0.92,11
1960,11,30,1900,1,4,2,0.8,18
1960,11,30,1900,1,1,2,0.8,18
1961,11,24,1901,2,4,2,0.98,20
1961,11,24,1901,2,1,2,0.98,20
1962,11,30,1902,1,4,2,0.66,19
1962,11,30,1902,1,1,2,0.66,19
1963,11,30,1903,2,4,2,0.9,121
1963,11,30,1903,2,1,2,0.9,121
1964,11,30,1904,2,4,2,0.6,22
1964,11,30,1904,2,1,2,0.6,22
1965,11,30,1905,2,4,2,-0.97,228
1965,11,30,1905,2,1,2,-0.97,228
1966,11,19,1424,2,4,2,0.9,62
1966,11,19,1424,2,1,2,0.9,62
1967,11,30,1906,2,4,2,-0.66,37
1967,11,30,1906,2,1,2,-0.66,37
1968,11,19,1907,1,4,2,0.85,17
1968,11,19,1907,1,1,2,0.85,17
1969,11,30,1908,1,4,2,0.51,80
1969,11,30,1908,1,1,2,0.51,80
1970,11,30,1909,2,4,2,0.4,43
1970,11,30,1909,2,1,2,0.4,43
1971,11,13,1910,1,4,2,0.93,12
1971,11,13,1910,1,1,2,0.93,12
1972,11,30,1911,2,4,2,0.95,20
1972,11,30,1911,2,1,2,0.95,20
1973,11,30,1912,2,4,2,0.92,14
1973,11,30,1912,2,1,2,0.92,14
1974,11,30,1913,1,4,2,-0.44,39
1974,11,30,1913,1,1,2,-0.44,39
1975,11,30,1914,1,4,2,0.95,11
1975,11,30,1914,1,1,2,0.95,11
1976,11,30,1915,2,4,2,0.96,11
1976,11,30,1915,2,1,2,0.96,11
1977,11,30,1916,1,4,2,0.96,4
1977,11,30,1916,1,1,2,0.96,4
1978,11,30,1917,2,4,2,-0.53,22
1978,11,30,1917,2,1,2,-0.53,22
1979,11,30,1918,2,4,2,0.49,10
1979,11,30,1918,2,1,2,0.49,10
1980,11,30,1919,2,4,2,0.92,11
1980,11,30,1919,2,1,2,0.92,11
1981,11,30,1920,1,4,2,0.42,2
1981,11,30,1920,1,1,2,0.42,2
1982,11,30,1921,1,4,2,0.86,5
1982,11,30,1921,1,1,2,0.86,5
1983,11,30,1922,2,4,2,0.55,17
1983,11,30,1922,2,1,2,0.55,17
1984,11,30,1923,2,4,2,0.93,137
1984,11,30,1923,2,1,2,0.93,137
1985,12,19,1924,2,4,2,0.75,237
1985,12,19,1924,2,1,2,0.75,237
1986,12,18,1925,2,4,2,0.76,237
1986,12,18,1925,2,1,2,0.76,237
1987,12,21,1926,3,4,2,-0.48,239
1987,12,21,1926,3,1,2,-0.48,239
1988,12,17,1927,4,4,2,-0.93,234
1988,12,17,1927,4,1,2,-0.93,234
1989,12,21,1928,6,4,2,-0.98,214
1989,12,21,1928,6,1,2,-0.98,214
1990,12,17,1929,2,4,2,-0.69,235
1990,12,17,1929,2,1,2,-0.69,235
1991,12,18,1930,3,4,2,-0.37,141
1991,12,18,1930,3,1,2,-0.37,141
1992,12,18,1931,2,4,2,0.8,50
1992,12,18,1931,2,1,2,0.8,50
1993,12,18,1932,2,4,2,0.99,28
1993,12,18,1932,2,1,2,0.99,28
1994,12,30,1933,2,4,2,0.85,196
1994,12,30,1933,2,1,2,0.85,196
1995,12,30,1934,2,4,2,0.93,219
1995,12,30,1934,2,1,2,0.93,219
1996,12,30,1935,2,4,2,0.93,245
1996,12,30,1935,2,1,2,0.93,245
1997,12,30,1936,3,4,2,0.81,205
1997,12,30,1936,3,1,2,0.81,205
1998,12,30,1937,1,4,2,0.54,263
1998,12,30,1937,1,1,2,0.54,263
1999,12,30,1938,2,4,2,0.5,238
1999,12,30,1938,2,1,2,0.5,238
2000,12,13,1939,1,4,2,-0.57,137
2000,12,13,1939,1,1,2,-0.57,137
2001,12,30,1940,6,4,2,0.98,230
2001,12,30,1940,6,1,2,0.98,230
2002,12,30,1941,2,4,2,0.65,235
2002,12,30,1941,2,1,2,0.65,235
2003,12,30,1942,1,4,2,0.86,187
2003,12,30,1942,1,1,2,0.86,187
2004,12,30,1943,2,4,2,0.94,139
2004,12,30,1943,2,1,2,0.94,139
2005,12,30,1944,2,4,2,0.67,170
2005,12,30,1944,2,1,2,0.67,170
2006,12,30,1945,2,4,2,0.89,182
2006,12,30,1945,2,1,2,0.89,182
2007,12,30,1946,2,4,2,-0.7,235
2007,12,30,1946,2,1,2,-0.7,235
2008,12,30,1947,2,4,2,0.8,74
2008,12,30,1947,2,1,2,0.8,74
2009,12,30,1948,2,4,2,0.97,92
2009,12,30,1948,2,1,2,0.97,92
2010,12,20,1949,4,4,2,0.61,43
2010,12,20,1949,4,1,2,0.61,43
2011,12,30,1950,2,4,2,0.93,176
2011,12,30,1950,2,1,2,0.93,176
2012,12,30,1951,1,4,2,0.95,105
2012,12,30,1951,1,1,2,0.95,105
2013,12,30,1952,2,4,2,0.96,97
2013,12,30,1952,2,1,2,0.96,97
2014,12,30,1953,2,4,2,0.93,158
2014,12,30,1953,2,1,2,0.93,158
2015,12,30,1954,1,4,2,0.49,184
2015,12,30,1954,1,1,2,0.49,184
2016,12,30,1955,1,4,2,0.9,259
2016,12,30,1955,1,1,2,0.9,259
2017,12,30,1956,2,4,2,0.63,205
2017,12,30,1956,2,1,2,0.63,205
2018,12,30,1957,2,4,2,0.47,135
2018,12,30,1957,2,1,2,0.47,135
2019,12,30,1958,2,4,2,0.94,187
2019,12,30,1958,2,1,2,0.94,187
2020,12,30,1959,2,4,2,0.94,29
2020,12,30,1959,2,1,2,0.94,29
2021,12,30,1960,2,4,2,0.95,61
2021,12,30,1960,2,1,2,0.95,61
2022,12,30,1961,2,4,2,0.95,72
2022,12,30,1961,2,1,2,0.95,72
2023,12,30,1962,2,4,2,0.91,100
2023,12,30,1962,2,1,2,0.91,100
2024,12,30,1963,1,4,2,0.79,92
2024,12,30,1963,1,1,2,0.79,92
2025,12,30,1964,2,4,2,0.9,132
2025,12,30,1964,2,1,2,0.9,132
2026,12,30,1965,2,4,2,0.79,78
2026,12,30,1965,2,1,2,0.79,78
2027,12,30,1966,2,4,2,0.87,123
2027,12,30,1966,2,1,2,0.87,123
2028,12,30,1967,1,4,2,0.9,71
2028,12,30,1967,1,1,2,0.9,71
2029,12,30,1968,2,4,2,0.94,102
2029,12,30,1968,2,1,2,0.94,102
2030,12,30,1969,2,4,2,0.85,57
2030,12,30,1969,2,1,2,0.85,57
2031,12,30,1970,2,4,2,0.85,118
2031,12,30,1970,2,1,2,0.85,118
2032,12,30,1971,2,4,2,0.73,54
2032,12,30,1971,2,1,2,0.73,54
2033,12,30,1972,2,4,2,0.88,109
2033,12,30,1972,2,1,2,0.88,109
2034,12,30,1973,2,4,2,0.96,107
2034,12,30,1973,2,1,2,0.96,107
2035,12,30,1974,2,4,2,0.89,72
2035,12,30,1974,2,1,2,0.89,72
2036,12,30,1975,2,4,2,0.98,147
2036,12,30,1975,2,1,2,0.98,147
2037,12,30,1976,2,4,2,0.97,130
2037,12,30,1976,2,1,2,0.97,130
2038,12,30,1977,2,4,2,0.76,55
2038,12,30,1977,2,1,2,0.76,55
2039,12,30,1978,2,4,2,0.97,63
2039,12,30,1978,2,1,2,0.97,63
2040,12,30,1979,2,4,2,0.85,98
2040,12,30,1979,2,1,2,0.85,98
2041,12,7,1980,2,4,2,-0.68,239
2041,12,7,1980,2,1,2,-0.68,239
2042,12,30,1981,2,4,2,0.73,80
2042,12,30,1981,2,1,2,0.73,80
2043,12,30,1982,2,4,2,0.88,118
2043,12,30,1982,2,1,2,0.88,118
2044,12,30,1983,2,4,2,0.9,61
2044,12,30,1983,2,1,2,0.9,61
2045,12,30,1984,2,4,2,0.93,37
2045,12,30,1984,2,1,2,0.93,37
2046,12,30,1985,4,4,2,-0.43,99
2046,12,30,1985,4,1,2,-0.43,99
2047,12,30,1986,2,4,2,0.96,156
2047,12,30,1986,2,1,2,0.96,156
2048,12,30,1987,2,4,2,0.71,125
2048,12,30,1987,2,1,2,0.71,125
2049,12,30,1988,2,4,2,0.95,67
2049,12,30,1988,2,1,2,0.95,67
2050,12,30,1989,1,4,2,0.81,54
2050,12,30,1989,1,1,2,0.81,54
2051,12,30,1990,2,4,2,0.92,87
2051,12,30,1990,2,1,2,0.92,87
2052,12,30,1991,6,4,2,0.92,99
2052,12,30,1991,6,1,2,0.92,99
2053,12,30,1992,3,4,2,0.89,163
2053,12,30,1992,3,1,2,0.89,163
2054,12,30,1993,2,4,2,0.93,54
2054,12,30,1993,2,1,2,0.93,54
2055,12,30,1994,2,4,2,0.94,47
2055,12,30,1994,2,1,2,0.94,47
2056,12,30,1995,1,4,2,0.84,99
2056,12,30,1995,1,1,2,0.84,99
2057,12,30,1996,1,4,2,0.9,72
2057,12,30,1996,1,1,2,0.9,72
2058,12,30,1997,2,4,2,0.96,37
2058,12,30,1997,2,1,2,0.96,37
2059,12,30,1998,2,4,2,0.58,91
2059,12,30,1998,2,1,2,0.58,91
2060,12,30,1999,2,4,2,0.91,45
2060,12,30,1999,2,1,2,0.91,45
2061,12,30,2000,2,4,2,0.92,34
2061,12,30,2000,2,1,2,0.92,34
2062,12,30,2001,6,4,2,0.89,65
2062,12,30,2001,6,1,2,0.89,65
2063,12,30,2002,1,4,2,0.94,53
2063,12,30,2002,1,1,2,0.94,53
2064,12,30,2003,1,4,2,0.89,55
2064,12,30,2003,1,1,2,0.89,55
2065,12,30,2004,2,4,2,0.9,50
2065,12,30,2004,2,1,2,0.9,50
2066,12,30,2005,2,4,2,0.97,93
2066,12,30,2005,2,1,2,0.97,93
2067,12,30,2006,2,4,2,0.82,49
2067,12,30,2006,2,1,2,0.82,49
2068,12,30,2007,2,4,2,0.93,65
2068,12,30,2007,2,1,2,0.93,65
2069,12,30,2008,2,4,2,0.98,92
2069,12,30,2008,2,1,2,0.98,92
2070,12,30,2009,2,4,2,0.91,42
2070,12,30,2009,2,1,2,0.91,42
2071,12,30,2010,1,4,2,0.9,50
2071,12,30,2010,1,1,2,0.9,50
2072,12,30,2011,2,4,2,0.58,69
2072,12,30,2011,2,1,2,0.58,69
2073,12,30,2012,2,4,2,0.88,36
2073,12,30,2012,2,1,2,0.88,36
2074,12,30,2013,2,4,2,0.9,67
2074,12,30,2013,2,1,2,0.9,67
2075,12,30,2014,2,4,2,0.97,82
2075,12,30,2014,2,1,2,0.97,82
2076,12,30,2015,1,4,2,0.72,39
2076,12,30,2015,1,1,2,0.72,39
2077,12,30,2016,1,4,2,0.93,82
2077,12,30,2016,1,1,2,0.93,82
2078,12,30,2017,1,4,2,0.72,65
2078,12,30,2017,1,1,2,0.72,65
2079,12,30,2018,2,4,2,0.9,25
2079,12,30,2018,2,1,2,0.9,25
2080,12,30,2019,2,4,2,0.86,107
2080,12,30,2019,2,1,2,0.86,107
2081,12,30,2020,2,4,2,0.52,67
2081,12,30,2020,2,1,2,0.52,67
2082,12,30,2021,6,4,2,0.61,152
2082,12,30,2021,6,1,2,0.61,152
2083,12,30,2022,1,4,2,0.89,47
2083,12,30,2022,1,1,2,0.89,47
2084,12,30,2023,1,4,2,0.88,57
2084,12,30,2023,1,1,2,0.88,57
2085,12,10,2024,2,4,2,-0.88,243
2085,12,10,2024,2,1,2,-0.88,243
2086,12,30,2025,2,4,2,0.86,83
2086,12,30,2025,2,1,2,0.86,83
2087,12,30,2026,2,4,2,0.97,118
2087,12,30,2026,2,1,2,0.97,118
2088,12,30,2027,2,4,2,0.93,33
2088,12,30,2027,2,1,2,0.93,33
2089,12,30,2028,2,4,2,0.92,74
2089,12,30,2028,2,1,2,0.92,74
2090,12,30,2029,2,4,2,0.77,46
2090,12,30,2029,2,1,2,0.77,46
2091,12,10,2030,2,4,2,-0.73,274
2091,12,10,2030,2,1,2,-0.73,274
2092,12,30,2031,2,4,2,0.94,47
2092,12,30,2031,2,1,2,0.94,47
2093,12,30,2032,1,4,2,0.51,38
2093,12,30,2032,1,1,2,0.51,38
2094,12,30,2033,1,4,2,0.57,44
2094,12,30,2033,1,1,2,0.57,44
2095,12,30,2034,2,4,2,-0.4,56
2095,12,30,2034,2,1,2,-0.4,56
2096,12,30,2035,2,4,2,0.83,57
2096,12,30,2035,2,1,2,0.83,57
2097,12,30,2036,1,4,2,0.98,53
2097,12,30,2036,1,1,2,0.98,53
2098,12,30,2037,1,4,2,0.71,58
2098,12,30,2037,1,1,2,0.71,58
2099,12,30,2038,1,4,2,0.41,45
2099,12,30,2038,1,1,2,0.41,45
2100,12,30,2039,1,4,2,0.76,43
2100,12,30,2039,1,1,2,0.76,43
2101,12,30,2040,2,4,2,0.98,28
2101,12,30,2040,2,1,2,0.98,28
2102,12,30,2041,2,4,2,0.88,47
2102,12,30,2041,2,1,2,0.88,47
2103,12,30,2042,2,4,2,0.91,35
2103,12,30,2042,2,1,2,0.91,35
2104,12,9,2043,2,4,2,-0.91,258
2104,12,9,2043,2,1,2,-0.91,258
2105,12,30,2044,2,4,2,0.82,33
2105,12,30,2044,2,1,2,0.82,33
2106,12,9,2045,2,4,2,-0.86,158
2106,12,9,2045,2,1,2,-0.86,158
2107,12,30,2046,2,4,2,0.92,34
2107,12,30,2046,2,1,2,0.92,34
2108,12,30,2047,2,4,2,0.91,29
2108,12,30,2047,2,1,2,0.91,29
2109,12,30,2048,2,4,2,0.54,65
2109,12,30,2048,2,1,2,0.54,65
2110,12,30,2049,1,4,2,0.56,46
2110,12,30,2049,1,1,2,0.56,46
2111,12,30,2050,2,4,2,0.94,39
2111,12,30,2050,2,1,2,0.94,39
2112,12,30,2051,2,4,2,0.94,25
2112,12,30,2051,2,1,2,0.94,25
2113,12,30,2052,2,4,2,0.91,37
2113,12,30,2052,2,1,2,0.91,37
2114,12,30,2053,1,4,2,0.92,35
2114,12,30,2053,1,1,2,0.92,35
2115,12,30,2054,1,4,2,-0.63,25
2115,12,30,2054,1,1,2,-0.63,25
2116,12,30,2055,1,4,2,0.86,31
2116,12,30,2055,1,1,2,0.86,31
2117,12,30,2056,2,4,2,0.88,23
2117,12,30,2056,2,1,2,0.88,23
2118,12,30,2057,2,4,2,-0.42,74
2118,12,30,2057,2,1,2,-0.42,74
2119,12,30,2058,2,4,2,0.96,37
2119,12,30,2058,2,1,2,0.96,37
2120,12,30,2059,1,4,2,0.8,30
2120,12,30,2059,1,1,2,0.8,30
2121,12,30,2060,1,4,2,0.78,21
2121,12,30,2060,1,1,2,0.78,21
2122,12,30,2061,2,4,2,0.87,35
2122,12,30,2061,2,1,2,0.87,35
2123,12,30,2062,2,4,2,0.84,19
2123,12,30,2062,2,1,2,0.84,19
2124,12,30,2063,2,4,2,0.67,38
2124,12,30,2063,2,1,2,0.67,38
2125,12,30,2064,2,4,2,0.91,34
2125,12,30,2064,2,1,2,0.91,34
2126,12,30,2065,1,4,2,0.7,30
2126,12,30,2065,1,1,2,0.7,30
2127,12,30,2066,2,4,2,-0.49,49
2127,12,30,2066,2,1,2,-0.49,49
2128,12,10,2067,1,4,2,-0.56,141
2128,12,10,2067,1,1,2,-0.56,141
2129,12,30,2068,1,4,2,0.78,33
2129,12,30,2068,1,1,2,0.78,33
2130,12,30,2069,1,4,2,0.57,25
2130,12,30,2069,1,1,2,0.57,25
2131,12,30,2070,1,4,2,0.75,55
2131,12,30,2070,1,1,2,0.75,55
2132,12,30,2071,2,4,2,0.99,29
2132,12,30,2071,2,1,2,0.99,29
2133,12,30,2072,2,4,2,0.95,44
2133,12,30,2072,2,1,2,0.95,44
2134,12,30,2073,1,4,2,0.6,35
2134,12,30,2073,1,1,2,0.6,35
2135,12,30,2074,1,4,2,0.95,20
2135,12,30,2074,1,1,2,0.95,20
2136,12,30,2075,1,4,2,0.9,21
2136,12,30,2075,1,1,2,0.9,21
2137,12,30,2076,1,4,2,0.93,51
2137,12,30,2076,1,1,2,0.93,51
2138,12,30,2077,1,4,2,0.96,69
2138,12,30,2077,1,1,2,0.96,69
2139,12,30,2078,6,4,2,0.94,43
2139,12,30,2078,6,1,2,0.94,43
2140,12,30,2079,2,4,2,0.96,23
2140,12,30,2079,2,1,2,0.96,23
2141,12,30,2080,1,4,2,0.9,38
2141,12,30,2080,1,1,2,0.9,38
2142,12,30,2081,1,4,2,0.88,35
2142,12,30,2081,1,1,2,0.88,35
2143,12,7,2082,1,4,2,0.89,85
2143,12,7,2082,1,1,2,0.89,85
2144,12,30,2083,2,4,2,0.81,29
2144,12,30,2083,2,1,2,0.81,29
2145,12,30,2084,2,4,2,0.92,30
2145,12,30,2084,2,1,2,0.92,30
2146,12,30,2085,1,4,2,0.74,40
2146,12,30,2085,1,1,2,0.74,40
2147,12,30,2086,2,4,2,0.89,48
2147,12,30,2086,2,1,2,0.89,48
2148,12,7,2087,3,4,2,0.68,117
2148,12,7,2087,3,1,2,0.68,117
2149,12,30,2088,2,4,2,0.98,27
2149,12,30,2088,2,1,2,0.98,27
2150,12,30,2089,1,4,2,0.95,33
2150,12,30,2089,1,1,2,0.95,33
2151,12,30,2090,1,4,2,0.69,49
2151,12,30,2090,1,1,2,0.69,49
2152,12,30,2091,1,4,2,0.58,62
2152,12,30,2091,1,1,2,0.58,62
2153,12,30,2092,2,4,2,0.55,38
2153,12,30,2092,2,1,2,0.55,38
2154,12,30,2093,1,4,2,0.83,31
2154,12,30,2093,1,1,2,0.83,31
2155,12,7,2094,1,4,2,0.67,59
2155,12,7,2094,1,1,2,0.67,59
2156,12,11,2095,2,4,2,-0.59,62
2156,12,11,2095,2,1,2,-0.59,62
2157,12,30,2096,2,4,2,0.87,49
2157,12,30,2096,2,1,2,0.87,49
2158,12,30,2097,1,4,2,0.93,39
2158,12,30,2097,1,1,2,0.93,39
2159,12,30,2098,2,4,2,0.98,16
2159,12,30,2098,2,1,2,0.98,16
2160,12,30,2099,2,4,2,0.98,24
2160,12,30,2099,2,1,2,0.98,24
2161,12,30,2100,1,4,2,0.65,26
2161,12,30,2100,1,1,2,0.65,26
2162,12,30,2101,2,4,2,0.55,28
2162,12,30,2101,2,1,2,0.55,28
2163,12,8,2102,2,4,2,-0.4,220
2163,12,8,2102,2,1,2,-0.4,220
2164,12,30,2103,2,4,2,0.89,24
2164,12,30,2103,2,1,2,0.89,24
2165,12,30,2104,1,4,2,0.84,33
2165,12,30,2104,1,1,2,0.84,33
2166,12,30,2105,2,4,2,0.72,17
2166,12,30,2105,2,1,2,0.72,17
2167,12,30,2106,1,4,2,0.91,30
2167,12,30,2106,1,1,2,0.91,30
2168,12,30,2107,2,4,2,0.84,39
2168,12,30,2107,2,1,2,0.84,39
2169,12,30,2108,1,4,2,0.96,35
2169,12,30,2108,1,1,2,0.96,35
2170,12,30,2109,2,4,2,0.95,18
2170,12,30,2109,2,1,2,0.95,18
2171,12,30,2110,2,4,2,0.9,38
2171,12,30,2110,2,1,2,0.9,38
2172,12,8,2111,2,4,2,-0.57,64
2172,12,8,2111,2,1,2,-0.57,64
2173,12,30,2112,1,4,2,0.65,14
2173,12,30,2112,1,1,2,0.65,14
2174,12,30,2113,1,4,2,0.83,40
2174,12,30,2113,1,1,2,0.83,40
2175,12,8,2114,2,4,2,-0.92,80
2175,12,8,2114,2,1,2,-0.92,80
2176,12,30,2115,1,4,2,0.65,14
2176,12,30,2115,1,1,2,0.65,14
2177,12,30,2116,2,4,2,0.92,30
2177,12,30,2116,2,1,2,0.92,30
2178,12,30,2117,2,4,2,0.96,23
2178,12,30,2117,2,1,2,0.96,23
2179,12,30,2118,2,4,2,0.99,21
2179,12,30,2118,2,1,2,0.99,21
2180,12,8,2119,2,4,2,0.98,41
2180,12,8,2119,2,1,2,0.98,41
2181,12,10,2120,2,4,2,-0.45,41
2181,12,10,2120,2,1,2,-0.45,41
2182,12,6,2121,2,4,2,0.95,45
2182,12,6,2121,2,1,2,0.95,45
2183,12,30,2122,1,4,2,0.63,27
2183,12,30,2122,1,1,2,0.63,27
2184,12,10,2123,2,4,2,0.6,37
2184,12,10,2123,2,1,2,0.6,37
2185,12,6,2124,2,4,2,0.76,42
2185,12,6,2124,2,1,2,0.76,42
2186,12,30,2125,1,4,2,0.74,14
2186,12,30,2125,1,1,2,0.74,14
2187,12,30,2126,2,4,2,0.98,16
2187,12,30,2126,2,1,2,0.98,16
2188,12,30,2127,1,4,2,0.98,18
2188,12,30,2127,1,1,2,0.98,18
2189,12,30,2128,1,4,2,0.66,19
2189,12,30,2128,1,1,2,0.66,19
2190,12,30,2129,1,4,2,0.75,6
2190,12,30,2129,1,1,2,0.75,6
2191,12,11,2130,2,4,2,0.9,53
2191,12,11,2130,2,1,2,0.9,53
2192,12,30,2131,2,4,2,0.97,18
2192,12,30,2131,2,1,2,0.97,18
2193,12,30,2132,2,4,2,0.82,18
2193,12,30,2132,2,1,2,0.82,18
2194,12,30,2133,2,4,2,0.95,41
2194,12,30,2133,2,1,2,0.95,41
2195,12,7,2134,2,4,2,0.5,18
2195,12,7,2134,2,1,2,0.5,18
2196,12,30,2135,1,4,2,0.65,14
2196,12,30,2135,1,1,2,0.65,14
2197,12,7,1693,2,4,2,0.98,34
2197,12,7,1693,2,1,2,0.98,34
2198,12,7,1450,2,4,2,0.47,36
2198,12,7,1450,2,1,2,0.47,36
2199,12,30,2136,1,4,2,0.95,20
2199,12,30,2136,1,1,2,0.95,20
2200,12,30,2137,1,4,2,0.52,14
2200,12,30,2137,1,1,2,0.52,14
2201,12,30,2138,1,4,2,0.63,14
2201,12,30,2138,1,1,2,0.63,14
2202,12,30,2139,2,4,2,0.92,11
2202,12,30,2139,2,1,2,0.92,11
2203,12,10,2140,2,4,2,-0.8,28
2203,12,10,2140,2,1,2,-0.8,28
2204,12,7,2141,2,4,2,-0.46,48
2204,12,7,2141,2,1,2,-0.46,48
2205,12,30,2142,2,4,2,0.96,21
2205,12,30,2142,2,1,2,0.96,21
2206,12,30,2143,2,4,2,0.96,21
2206,12,30,2143,2,1,2,0.96,21
2207,12,8,2144,1,4,2,0.0,35
2207,12,8,2144,1,1,2,0.0,35
2208,12,7,2145,2,4,2,-0.41,22
2208,12,7,2145,2,1,2,-0.41,22
2209,12,8,2146,2,4,2,0.98,26
2209,12,8,2146,2,1,2,0.98,26
2210,12,30,2147,1,4,2,0.65,7
2210,12,30,2147,1,1,2,0.65,7
2211,12,30,2148,2,4,2,0.5,23
2211,12,30,2148,2,1,2,0.5,23
2212,12,30,2149,2,4,2,0.82,18
2212,12,30,2149,2,1,2,0.82,18
2213,12,30,2150,2,4,2,0.68,19
2213,12,30,2150,2,1,2,0.68,19
2214,12,7,2151,1,4,2,0.95,9
2214,12,7,2151,1,1,2,0.95,9
2215,12,30,2152,1,4,2,0.59,29
2215,12,30,2152,1,1,2,0.59,29
2216,12,30,2153,2,4,2,0.92,11
2216,12,30,2153,2,1,2,0.92,11
2217,12,30,2154,1,4,2,0.9,6
2217,12,30,2154,1,1,2,0.9,6
2218,12,7,2155,2,4,2,0.95,11
2218,12,7,2155,2,1,2,0.95,11
2219,12,30,2156,1,4,2,0.61,5
2219,12,30,2156,1,1,2,0.61,5
2220,12,7,2157,1,4,2,0.89,6
2220,12,7,2157,1,1,2,0.89,6
2221,12,7,2158,1,4,2,0.7,7
2221,12,7,2158,1,1,2,0.7,7
2222,12,30,2159,2,4,2,0.96,21
2222,12,30,2159,2,1,2,0.96,21
2223,12,8,2160,2,4,2,0.83,22
2223,12,8,2160,2,1,2,0.83,22
2224,12,30,2161,2,4,2,0.82,18
2224,12,30,2161,2,1,2,0.82,18
2225,12,7,2162,1,4,2,0.76,18
2225,12,7,2162,1,1,2,0.76,18
2226,12,30,18,1,4,2,0.89,9
2226,12,30,18,1,1,2,0.89,9
2227,12,8,2163,2,4,2,0.84,15
2227,12,8,2163,2,1,2,0.84,15
2228,12,9,2164,2,4,2,-0.53,13
2228,12,9,2164,2,1,2,-0.53,13
2229,12,7,2165,2,4,2,0.73,14
2229,12,7,2165,2,1,2,0.73,14
2230,12,30,2166,2,4,2,0.92,11
2230,12,30,2166,2,1,2,0.92,11
2231,12,30,2167,1,4,2,0.42,2
2231,12,30,2167,1,1,2,0.42,2
2232,12,8,2168,2,4,2,0.57,15
2232,12,8,2168,2,1,2,0.57,15
2233,12,30,2169,1,4,2,0.61,5
2233,12,30,2169,1,1,2,0.61,5
2234,12,8,2170,1,4,2,0.75,4
2234,12,8,2170,1,1,2,0.75,4
2235,12,30,2171,1,4,2,0.42,3
2235,12,30,2171,1,1,2,0.42,3
2236,12,30,2172,1,4,2,0.42,5
2236,12,30,2172,1,1,2,0.42,5
2237,12,30,2173,1,4,2,0.42,4
2237,12,30,2173,1,1,2,0.42,4
2238,12,8,2174,2,4,2,0.96,14
2238,12,8,2174,2,1,2,0.96,14
2239,12,8,2175,3,4,2,0.56,12
2239,12,8,2175,3,1,2,0.56,12
2240,12,9,2176,2,4,2,0.58,12
2240,12,9,2176,2,1,2,0.58,12
2241,12,7,2177,2,4,2,0.51,29
2241,12,7,2177,2,1,2,0.51,29
2242,12,9,2178,1,4,2,0.42,5
2242,12,9,2178,1,1,2,0.42,5
2243,12,30,2179,2,4,2,0.92,11
2243,12,30,2179,2,1,2,0.92,11
2244,12,30,2180,2,4,2,0.52,11
2244,12,30,2180,2,1,2,0.52,11
2245,12,30,2181,2,4,2,0.92,11
2245,12,30,2181,2,1,2,0.92,11
2246,12,30,2182,2,4,2,0.92,11
2246,12,30,2182,2,1,2,0.92,11
2247,12,19,2183,6,4,2,-0.46,237
2247,12,19,2183,6,1,2,-0.46,237
2248,12,20,2184,2,4,2,0.93,270
2248,12,20,2184,2,1,2,0.93,270
2249,12,30,2185,2,4,2,0.98,91
2249,12,30,2185,2,1,2,0.98,91
2250,12,21,2186,4,4,2,-0.63,159
2250,12,21,2186,4,1,2,-0.63,159
2251,12,20,2187,2,4,2,0.92,56
2251,12,20,2187,2,1,2,0.92,56
2252,12,18,2188,2,4,2,-0.93,234
2252,12,18,2188,2,1,2,-0.93,234
2253,12,20,2189,3,4,2,0.92,114
2253,12,20,2189,3,1,2,0.92,114
2254,12,30,2190,2,4,2,0.82,227
2254,12,30,2190,2,1,2,0.82,227
2255,12,13,2191,2,4,2,-0.76,212
2255,12,13,2191,2,1,2,-0.76,212
2256,12,11,2192,2,4,2,-0.95,151
2256,12,11,2192,2,1,2,-0.95,151
2257,12,30,2193,2,4,2,0.96,169
2257,12,30,2193,2,1,2,0.96,169
2258,12,30,2194,1,4,2,0.59,165
2258,12,30,2194,1,1,2,0.59,165
2259,12,30,2195,1,4,2,0.75,240
2259,12,30,2195,1,1,2,0.75,240
2260,12,30,2196,2,4,2,0.97,138
2260,12,30,2196,2,1,2,0.97,138
2261,12,30,2197,1,4,2,0.97,87
2261,12,30,2197,1,1,2,0.97,87
2262,12,30,2198,1,4,2,-0.58,123
2262,12,30,2198,1,1,2,-0.58,123
2263,12,30,2199,2,4,2,0.98,132
2263,12,30,2199,2,1,2,0.98,132
2264,12,30,2200,2,4,2,0.92,67
2264,12,30,2200,2,1,2,0.92,67
2265,12,30,2201,2,4,2,0.99,156
2265,12,30,2201,2,1,2,0.99,156
2266,12,30,2202,1,4,2,0.9,52
2266,12,30,2202,1,1,2,0.9,52
2267,12,30,2203,2,4,2,0.99,46
2267,12,30,2203,2,1,2,0.99,46
2268,12,10,2204,2,4,2,0.98,73
2268,12,10,2204,2,1,2,0.98,73
2269,12,30,2205,2,4,2,0.92,42
2269,12,30,2205,2,1,2,0.92,42
2270,12,30,2206,2,4,2,0.96,36
2270,12,30,2206,2,1,2,0.96,36
2271,12,30,2207,1,4,2,0.52,32
2271,12,30,2207,1,1,2,0.52,32
2272,12,30,2208,2,4,2,0.96,36
2272,12,30,2208,2,1,2,0.96,36
2273,12,30,2209,1,4,2,0.49,29
2273,12,30,2209,1,1,2,0.49,29
2274,12,30,2210,1,4,2,0.39,26
2274,12,30,2210,1,1,2,0.39,26
2275,12,30,2211,2,4,2,0.86,27
2275,12,30,2211,2,1,2,0.86,27
2276,12,30,2212,2,4,2,0.55,19
2276,12,30,2212,2,1,2,0.55,19
2277,12,30,2213,1,4,2,0.83,17
2277,12,30,2213,1,1,2,0.83,17
2278,12,7,2214,2,4,2,-0.96,160
2278,12,7,2214,2,1,2,-0.96,160
2279,12,30,2215,1,4,2,0.61,25
2279,12,30,2215,1,1,2,0.61,25
2280,12,30,2216,1,4,2,0.48,28
2280,12,30,2216,1,1,2,0.48,28
2281,12,30,2217,1,4,2,0.49,25
2281,12,30,2217,1,1,2,0.49,25
2282,12,30,2218,1,4,2,0.51,27
2282,12,30,2218,1,1,2,0.51,27
2283,12,7,1469,2,4,2,0.74,78
2283,12,7,1469,2,1,2,0.74,78
2284,12,30,2219,1,4,2,0.45,39
2284,12,30,2219,1,1,2,0.45,39
2285,12,7,2220,2,4,2,0.73,54
2285,12,7,2220,2,1,2,0.73,54
2286,12,30,2221,2,4,2,0.46,20
2286,12,30,2221,2,1,2,0.46,20
2287,12,30,2222,1,4,2,0.94,18
2287,12,30,2222,1,1,2,0.94,18
2288,12,30,2223,1,4,2,0.53,24
2288,12,30,2223,1,1,2,0.53,24
2289,12,30,2224,1,4,2,0.58,19
2289,12,30,2224,1,1,2,0.58,19
2290,12,10,2225,2,4,2,-0.89,56
2290,12,10,2225,2,1,2,-0.89,56
2291,12,30,2226,2,4,2,0.92,13
2291,12,30,2226,2,1,2,0.92,13
2292,12,10,1639,1,4,2,0.55,42
2292,12,10,1639,1,1,2,0.55,42
2293,12,30,2227,2,4,2,0.92,11
2293,12,30,2227,2,1,2,0.92,11
2294,12,30,2228,1,4,2,0.47,12
2294,12,30,2228,1,1,2,0.47,12
2295,12,30,2229,2,4,2,0.6,12
2295,12,30,2229,2,1,2,0.6,12
2296,12,30,2230,1,4,2,0.44,4
2296,12,30,2230,1,1,2,0.44,4
2297,12,30,2231,1,4,2,0.65,13
2297,12,30,2231,1,1,2,0.65,13
2298,12,30,2232,2,4,2,0.93,24
2298,12,30,2232,2,1,2,0.93,24
2299,12,30,2233,1,4,2,0.42,3
2299,12,30,2233,1,1,2,0.42,3
2300,12,7,2234,1,4,2,0.56,8
2300,12,7,2234,1,1,2,0.56,8
2301,12,8,2235,1,4,2,0.59,4
2301,12,8,2235,1,1,2,0.59,4
2302,12,9,2236,1,4,2,0.44,4
2302,12,9,2236,1,1,2,0.44,4
2303,13,17,2237,4,4,2,-0.64,231
2303,13,17,2237,4,1,2,-0.64,231
2304,13,19,2238,2,4,2,-0.93,75
2304,13,19,2238,2,1,2,-0.93,75
2305,13,16,2239,2,4,2,0.86,106
2305,13,16,2239,2,1,2,0.86,106
2306,13,13,2240,1,4,2,-0.62,116
2306,13,13,2240,1,1,2,-0.62,116
2307,13,18,2241,1,4,2,0.89,18
2307,13,18,2241,1,1,2,0.89,18
2308,13,29,2242,1,4,2,0.48,73
2308,13,29,2242,1,1,2,0.48,73
2309,13,23,2243,2,4,2,-0.52,59
2309,13,23,2243,2,1,2,-0.52,59
2310,14,30,2244,2,4,2,-0.75,203
2310,14,30,2244,2,1,2,-0.75,203
2311,14,21,2245,1,4,2,-0.49,39
2311,14,21,2245,1,1,2,-0.49,39
2312,14,30,2246,3,4,2,-0.82,240
2312,14,30,2246,3,1,2,-0.82,240
2313,14,14,2247,2,4,2,0.95,55
2313,14,14,2247,2,1,2,0.95,55
2314,14,30,2248,2,4,2,0.98,39
2314,14,30,2248,2,1,2,0.98,39
2315,14,30,2249,1,4,2,-0.7,30
2315,14,30,2249,1,1,2,-0.7,30
2316,14,30,2250,2,4,2,0.71,48
2316,14,30,2250,2,1,2,0.71,48
2317,14,11,2251,2,4,2,-0.52,104
2317,14,11,2251,2,1,2,-0.52,104
2318,14,30,2252,2,4,2,0.85,25
2318,14,30,2252,2,1,2,0.85,25
2319,14,9,2253,2,4,2,-0.97,87
2319,14,9,2253,2,1,2,-0.97,87
2320,14,11,2254,2,4,2,0.98,67
2320,14,11,2254,2,1,2,0.98,67
2321,14,5,2255,2,4,2,0.97,29
2321,14,5,2255,2,1,2,0.97,29
2322,14,30,2256,2,4,2,0.98,25
2322,14,30,2256,2,1,2,0.98,25
2323,14,7,2257,2,4,2,0.94,44
2323,14,7,2257,2,1,2,0.94,44
2324,14,6,2258,2,4,2,-0.46,98
2324,14,6,2258,2,1,2,-0.46,98
2325,14,6,2259,2,4,2,0.98,16
2325,14,6,2259,2,1,2,0.98,16
2326,14,6,2260,2,4,2,0.91,74
2326,14,6,2260,2,1,2,0.91,74
2327,14,5,2261,1,4,2,0.95,44
2327,14,5,2261,1,1,2,0.95,44
2328,14,10,2262,1,4,2,0.42,47
2328,14,10,2262,1,1,2,0.42,47
2329,14,7,2263,2,4,2,0.87,16
2329,14,7,2263,2,1,2,0.87,16
2330,14,10,2264,2,4,2,0.45,24
2330,14,10,2264,2,1,2,0.45,24
2331,14,6,2265,2,4,2,-0.52,27
2331,14,6,2265,2,1,2,-0.52,27
2332,14,5,2266,2,4,2,0.86,34
2332,14,5,2266,2,1,2,0.86,34
2333,14,7,2267,2,4,2,0.92,11
2333,14,7,2267,2,1,2,0.92,11
2334,14,7,2134,1,4,2,0.81,18
2334,14,7,2134,1,1,2,0.81,18
2335,14,7,2268,1,4,2,0.42,2
2335,14,7,2268,1,1,2,0.42,2
2336,14,7,2269,1,4,2,0.46,10
2336,14,7,2269,1,1,2,0.46,10
2337,14,7,2270,2,4,2,0.59,238
2337,14,7,2270,2,1,2,0.59,238
2338,14,9,2271,1,4,2,0.61,204
2338,14,9,2271,1,1,2,0.61,204
2339,14,30,2272,1,4,2,0.8,7
2339,14,30,2272,1,1,2,0.8,7
2340,14,9,2273,2,4,2,-0.87,283
2340,14,9,2273,2,1,2,-0.87,283
2341,14,7,2274,2,4,2,0.56,74
2341,14,7,2274,2,1,2,0.56,74
2342,14,7,2275,2,4,2,-0.43,49
2342,14,7,2275,2,1,2,-0.43,49
2343,14,9,2276,2,4,2,0.92,30
2343,14,9,2276,2,1,2,0.92,30
2344,14,30,2277,2,4,2,0.96,17
2344,14,30,2277,2,1,2,0.96,17
2345,14,6,2278,2,4,2,0.92,11
2345,14,6,2278,2,1,2,0.92,11
2346,14,30,2279,1,4,2,0.78,5
2346,14,30,2279,1,1,2,0.78,5
2347,14,6,2280,1,4,2,0.44,4
2347,14,6,2280,1,1,2,0.44,4
2348,14,30,2281,1,4,2,0.78,5
2348,14,30,2281,1,1,2,0.78,5
2349,15,11,2282,2,4,2,-0.63,127
2349,15,11,2282,2,1,2,-0.63,127
2350,15,10,2283,2,4,2,0.6,102
2350,15,10,2283,2,1,2,0.6,102
2351,15,8,2284,5,4,2,0.91,65
2351,15,8,2284,5,1,2,0.91,65
2352,15,9,2285,4,4,2,-0.46,41
2352,15,9,2285,4,1,2,-0.46,41
2353,15,9,2286,1,4,2,0.74,30
2353,15,9,2286,1,1,2,0.74,30
2354,15,8,2287,2,4,2,0.83,16
2354,15,8,2287,2,1,2,0.83,16
2355,15,9,2288,1,4,2,0.46,5
2355,15,9,2288,1,1,2,0.46,5
2356,15,30,2289,1,4,2,-0.75,184
2356,15,30,2289,1,1,2,-0.75,184
2357,15,9,2290,2,4,2,-0.69,190
2357,15,9,2290,2,1,2,-0.69,190
2358,15,9,2291,1,4,2,0.77,102
2358,15,9,2291,1,1,2,0.77,102
2359,15,9,2291,5,4,2,0.91,134
2359,15,9,2291,5,1,2,0.91,134
2360,15,9,1822,1,4,2,0.46,9
2360,15,9,1822,1,1,2,0.46,9
2361,15,9,2292,1,4,2,0.56,8
2361,15,9,2292,1,1,2,0.56,8
2362,15,8,2293,2,4,2,0.92,11
2362,15,8,2293,2,1,2,0.92,11
2363,16,30,2294,4,4,2,-0.63,239
2363,16,30,2294,4,1,2,-0.63,239
2364,16,14,2295,2,4,2,-0.47,181
2364,16,14,2295,2,1,2,-0.47,181
2365,16,14,2296,2,4,2,0.98,16
2365,16,14,2296,2,1,2,0.98,16
2366,16,20,2297,2,4,2,0.55,16
2366,16,20,2297,2,1,2,0.55,16
2367,16,18,2298,2,4,2,-0.97,18
2367,16,18,2298,2,1,2,-0.97,18
2368,16,12,2299,1,4,2,0.0,23
2368,16,12,2299,1,1,2,0.0,23
2369,16,30,2300,2,4,2,0.92,11
2369,16,30,2300,2,1,2,0.92,11
2370,16,30,2301,2,4,2,0.72,17
2370,16,30,2301,2,1,2,0.72,17
2371,16,30,2302,2,4,2,0.96,21
2371,16,30,2302,2,1,2,0.96,21
2372,16,18,2303,2,4,2,0.95,16
2372,16,18,2303,2,1,2,0.95,16
2373,16,12,2304,1,4,2,0.5,8
2373,16,12,2304,1,1,2,0.5,8
2374,16,30,2305,1,4,2,-0.46,38
2374,16,30,2305,1,1,2,-0.46,38
2375,16,30,2306,5,4,2,-0.93,237
2375,16,30,2306,5,1,2,-0.93,237
2376,16,20,2307,1,4,2,0.53,5
2376,16,20,2307,1,1,2,0.53,5
2377,16,30,2308,2,4,2,0.51,20
2377,16,30,2308,2,1,2,0.51,20
2378,16,30,2309,1,4,2,0.86,5
2378,16,30,2309,1,1,2,0.86,5
2379,16,30,2310,1,4,2,0.86,5
2379,16,30,2310,1,1,2,0.86,5
2380,17,30,2311,2,4,2,-0.96,317
2380,17,30,2311,2,1,2,-0.96,317
2381,17,30,2312,2,4,2,0.97,235
2381,17,30,2312,2,1,2,0.97,235
2382,17,30,2313,2,4,2,0.85,328
2382,17,30,2313,2,1,2,0.85,328
2383,17,30,2314,2,4,2,0.95,124
2383,17,30,2314,2,1,2,0.95,124
2384,17,30,2315,2,4,2,0.95,69
2384,17,30,2315,2,1,2,0.95,69
2385,17,30,2316,2,4,2,0.93,237
2385,17,30,2316,2,1,2,0.93,237
2386,17,30,2317,2,4,2,0.97,131
2386,17,30,2317,2,1,2,0.97,131
2387,17,30,2318,2,4,2,-0.69,239
2387,17,30,2318,2,1,2,-0.69,239
2388,17,30,2319,2,4,2,0.86,73
2388,17,30,2319,2,1,2,0.86,73
2389,17,30,2320,2,4,2,0.71,215
2389,17,30,2320,2,1,2,0.71,215
2390,17,30,2321,2,4,2,0.93,225
2390,17,30,2321,2,1,2,0.93,225
2391,17,30,2322,2,4,2,0.9,214
2391,17,30,2322,2,1,2,0.9,214
2392,17,30,2323,2,4,2,0.77,314
2392,17,30,2323,2,1,2,0.77,314
2393,17,30,2324,2,4,2,0.97,193
2393,17,30,2324,2,1,2,0.97,193
2394,17,30,2325,2,4,2,0.61,82
2394,17,30,2325,2,1,2,0.61,82
2395,17,30,2326,2,4,2,0.61,37
2395,17,30,2326,2,1,2,0.61,37
2396,17,30,2327,2,4,2,0.94,94
2396,17,30,2327,2,1,2,0.94,94
2397,17,30,2328,2,4,2,0.96,25
2397,17,30,2328,2,1,2,0.96,25
2398,17,30,2329,1,4,2,0.98,82
2398,17,30,2329,1,1,2,0.98,82
2399,17,30,2330,2,4,2,0.96,21
2399,17,30,2330,2,1,2,0.96,21
2400,17,30,2331,2,4,2,0.9,83
2400,17,30,2331,2,1,2,0.9,83
2401,17,30,2332,2,4,2,0.84,64
2401,17,30,2332,2,1,2,0.84,64
2402,17,30,2333,2,4,2,0.92,43
2402,17,30,2333,2,1,2,0.92,43
2403,17,30,2334,2,4,2,0.8,74
2403,17,30,2334,2,1,2,0.8,74
2404,17,30,2335,2,4,2,0.97,51
2404,17,30,2335,2,1,2,0.97,51
2405,17,30,2336,2,4,2,0.97,45
2405,17,30,2336,2,1,2,0.97,45
2406,17,30,2337,2,4,2,0.94,41
2406,17,30,2337,2,1,2,0.94,41
2407,17,30,2338,2,4,2,0.94,66
2407,17,30,2338,2,1,2,0.94,66
2408,17,30,2339,2,4,2,0.9,93
2408,17,30,2339,2,1,2,0.9,93
2409,17,30,2340,2,4,2,0.98,29
2409,17,30,2340,2,1,2,0.98,29
2410,17,30,2341,2,4,2,0.98,93
2410,17,30,2341,2,1,2,0.98,93
2411,17,30,2342,2,4,2,0.96,51
2411,17,30,2342,2,1,2,0.96,51
2412,17,30,2343,2,4,2,0.94,25
2412,17,30,2343,2,1,2,0.94,25
2413,17,30,2344,2,4,2,0.99,42
2413,17,30,2344,2,1,2,0.99,42
2414,17,30,2345,2,4,2,0.35,198
2414,17,30,2345,2,1,2,0.35,198
2415,17,30,2346,2,4,2,0.91,54
2415,17,30,2346,2,1,2,0.91,54
2416,17,30,2347,2,4,2,0.71,83
2416,17,30,2347,2,1,2,0.71,83
2417,17,30,2348,1,4,2,0.98,72
2417,17,30,2348,1,1,2,0.98,72
2418,17,30,2349,2,4,2,0.95,108
2418,17,30,2349,2,1,2,0.95,108
2419,17,30,2350,2,4,2,0.98,19
2419,17,30,2350,2,1,2,0.98,19
2420,17,30,2351,2,4,2,0.99,33
2420,17,30,2351,2,1,2,0.99,33
2421,17,30,2352,2,4,2,-0.41,41
2421,17,30,2352,2,1,2,-0.41,41
2422,17,30,2353,2,4,2,0.96,19
2422,17,30,2353,2,1,2,0.96,19
2423,17,30,2354,2,4,2,0.89,16
2423,17,30,2354,2,1,2,0.89,16
2424,17,11,2355,2,4,2,-0.55,177
2424,17,11,2355,2,1,2,-0.55,177
2425,17,30,2356,2,4,2,0.84,39
2425,17,30,2356,2,1,2,0.84,39
2426,17,30,2357,2,4,2,0.87,26
2426,17,30,2357,2,1,2,0.87,26
2427,17,30,2358,1,4,2,0.5,32
2427,17,30,2358,1,1,2,0.5,32
2428,17,30,2359,2,4,2,0.59,61
2428,17,30,2359,2,1,2,0.59,61
2429,17,30,2360,2,4,2,0.96,16
2429,17,30,2360,2,1,2,0.96,16
2430,17,30,2361,1,4,2,0.73,56
2430,17,30,2361,1,1,2,0.73,56
2431,17,30,2362,2,4,2,0.56,30
2431,17,30,2362,2,1,2,0.56,30
2432,17,30,2363,2,4,2,0.94,51
2432,17,30,2363,2,1,2,0.94,51
2433,17,30,2364,3,4,2,0.53,63
2433,17,30,2364,3,1,2,0.53,63
2434,17,30,2365,1,4,2,0.9,31
2434,17,30,2365,1,1,2,0.9,31
2435,17,30,2366,2,4,2,0.97,69
2435,17,30,2366,2,1,2,0.97,69
2436,17,30,2367,2,4,2,0.8,58
2436,17,30,2367,2,1,2,0.8,58
2437,17,30,2368,2,4,2,0.98,18
2437,17,30,2368,2,1,2,0.98,18
2438,17,30,2369,2,4,2,0.96,29
2438,17,30,2369,2,1,2,0.96,29
2439,17,10,2370,2,4,2,-0.58,256
2439,17,10,2370,2,1,2,-0.58,256
2440,17,30,2371,2,4,2,0.75,27
2440,17,30,2371,2,1,2,0.75,27
2441,17,30,2372,2,4,2,0.76,45
2441,17,30,2372,2,1,2,0.76,45
2442,17,30,2373,2,4,2,0.87,21
2442,17,30,2373,2,1,2,0.87,21
2443,17,6,2374,1,4,2,-0.9,138
2443,17,6,2374,1,1,2,-0.9,138
2444,17,30,2375,2,4,2,0.96,15
2444,17,30,2375,2,1,2,0.96,15
2445,17,30,2376,1,4,2,0.93,22
2445,17,30,2376,1,1,2,0.93,22
2446,17,30,2377,2,4,2,0.95,16
2446,17,30,2377,2,1,2,0.95,16
2447,17,30,2378,2,4,2,0.96,18
2447,17,30,2378,2,1,2,0.96,18
2448,17,30,2379,1,4,2,0.89,22
2448,17,30,2379,1,1,2,0.89,22
2449,17,30,2380,2,4,2,0.97,24
2449,17,30,2380,2,1,2,0.97,24
2450,17,11,2381,2,4,2,-0.65,77
2450,17,11,2381,2,1,2,-0.65,77
2451,17,30,2382,1,4,2,0.95,17
2451,17,30,2382,1,1,2,0.95,17
2452,17,11,2383,2,4,2,-0.52,17
2452,17,11,2383,2,1,2,-0.52,17
2453,17,30,2384,2,4,2,0.92,13
2453,17,30,2384,2,1,2,0.92,13
2454,17,30,2385,1,4,2,0.96,15
2454,17,30,2385,1,1,2,0.96,15
2455,17,30,2386,2,4,2,0.97,13
2455,17,30,2386,2,1,2,0.97,13
2456,17,30,2387,2,4,2,0.48,25
2456,17,30,2387,2,1,2,0.48,25
2457,17,30,2388,2,4,2,0.87,18
2457,17,30,2388,2,1,2,0.87,18
2458,17,30,2389,2,4,2,0.98,16
2458,17,30,2389,2,1,2,0.98,16
2459,17,30,2390,1,4,2,0.84,11
2459,17,30,2390,1,1,2,0.84,11
2460,17,30,2391,2,4,2,0.97,24
2460,17,30,2391,2,1,2,0.97,24
2461,17,30,2392,1,4,2,0.96,21
2461,17,30,2392,1,1,2,0.96,21
2462,17,30,2393,2,4,2,0.92,11
2462,17,30,2393,2,1,2,0.92,11
2463,17,30,2394,1,4,2,0.74,28
2463,17,30,2394,1,1,2,0.74,28
2464,17,30,2395,2,4,2,0.97,13
2464,17,30,2395,2,1,2,0.97,13
2465,17,30,2396,2,4,2,0.98,16
2465,17,30,2396,2,1,2,0.98,16
2466,17,30,2397,2,4,2,0.98,16
2466,17,30,2397,2,1,2,0.98,16
2467,17,30,2398,2,4,2,0.97,24
2467,17,30,2398,2,1,2,0.97,24
2468,17,30,2399,2,4,2,0.92,11
2468,17,30,2399,2,1,2,0.92,11
2469,17,30,2400,1,4,2,0.89,9
2469,17,30,2400,1,1,2,0.89,9
2470,17,30,2401,2,4,2,0.57,11
2470,17,30,2401,2,1,2,0.57,11
2471,17,30,2402,2,4,2,0.98,16
2471,17,30,2402,2,1,2,0.98,16
2472,17,30,2403,2,4,2,0.98,16
2472,17,30,2403,2,1,2,0.98,16
2473,17,30,2404,2,4,2,0.97,24
2473,17,30,2404,2,1,2,0.97,24
2474,17,30,2405,2,4,2,0.92,11
2474,17,30,2405,2,1,2,0.92,11
2475,17,30,2406,2,4,2,0.92,11
2475,17,30,2406,2,1,2,0.92,11
2476,17,30,2407,1,4,2,0.89,9
2476,17,30,2407,1,1,2,0.89,9
2477,17,30,2408,1,4,2,0.89,9
2477,17,30,2408,1,1,2,0.89,9
2478,17,30,2409,2,4,2,0.92,11
2478,17,30,2409,2,1,2,0.92,11
2479,17,21,2410,1,4,2,-0.92,70
2479,17,21,2410,1,1,2,-0.92,70
2480,17,30,2411,2,4,2,0.93,179
2480,17,30,2411,2,1,2,0.93,179
2481,17,30,2412,2,4,2,0.77,259
2481,17,30,2412,2,1,2,0.77,259
2482,17,30,2413,2,4,2,0.43,240
2482,17,30,2413,2,1,2,0.43,240
2483,17,30,2414,1,4,2,0.94,126
2483,17,30,2414,1,1,2,0.94,126
2484,17,30,2415,1,4,2,0.75,90
2484,17,30,2415,1,1,2,0.75,90
2485,17,30,2416,2,4,2,0.94,19
2485,17,30,2416,2,1,2,0.94,19
2486,17,30,2417,2,4,2,0.91,41
2486,17,30,2417,2,1,2,0.91,41
2487,17,30,2418,1,4,2,0.55,80
2487,17,30,2418,1,1,2,0.55,80
2488,17,30,2419,2,4,2,0.96,17
2488,17,30,2419,2,1,2,0.96,17
2489,17,11,2420,2,4,2,-0.66,300
2489,17,11,2420,2,1,2,-0.66,300
2490,17,30,2421,2,4,2,0.96,17
2490,17,30,2421,2,1,2,0.96,17
2491,17,10,2422,3,4,2,-0.84,233
2491,17,10,2422,3,1,2,-0.84,233
2492,17,30,836,2,4,2,0.98,16
2492,17,30,836,2,1,2,0.98,16
2493,17,30,2423,2,4,2,0.97,39
2493,17,30,2423,2,1,2,0.97,39
2494,17,30,2424,2,4,2,0.97,26
2494,17,30,2424,2,1,2,0.97,26
2495,17,11,2425,5,4,2,0.47,169
2495,17,11,2425,5,1,2,0.47,169
2496,17,11,2426,2,4,2,-0.93,141
2496,17,11,2426,2,1,2,-0.93,141
2497,17,30,2427,1,4,2,0.82,38
2497,17,30,2427,1,1,2,0.82,38
2498,17,30,2428,2,4,2,0.96,17
2498,17,30,2428,2,1,2,0.96,17
2499,17,30,1626,1,4,2,0.97,28
2499,17,30,1626,1,1,2,0.97,28
2500,17,30,2429,2,4,2,0.98,16
2500,17,30,2429,2,1,2,0.98,16
2501,17,11,2430,2,4,2,-0.88,111
2501,17,11,2430,2,1,2,-0.88,111
2502,17,30,2431,2,4,2,0.93,25
2502,17,30,2431,2,1,2,0.93,25
2503,17,30,2432,2,4,2,0.96,17
2503,17,30,2432,2,1,2,0.96,17
2504,17,30,2433,1,4,2,0.0,123
2504,17,30,2433,1,1,2,0.0,123
2505,17,30,2434,1,4,2,0.95,19
2505,17,30,2434,1,1,2,0.95,19
2506,17,30,2435,2,4,2,0.87,28
2506,17,30,2435,2,1,2,0.87,28
2507,17,30,2436,2,4,2,0.92,11
2507,17,30,2436,2,1,2,0.92,11
2508,17,30,2437,2,4,2,0.92,11
2508,17,30,2437,2,1,2,0.92,11
2509,17,30,2438,1,4,2,0.94,12
2509,17,30,2438,1,1,2,0.94,12
2510,17,30,2439,2,4,2,0.97,18
2510,17,30,2439,2,1,2,0.97,18
2511,17,30,2440,1,4,2,0.57,17
2511,17,30,2440,1,1,2,0.57,17
2512,17,30,2441,2,4,2,0.92,11
2512,17,30,2441,2,1,2,0.92,11
2513,17,30,2442,1,4,2,0.5,25
2513,17,30,2442,1,1,2,0.5,25
2514,17,30,2443,2,4,2,0.92,11
2514,17,30,2443,2,1,2,0.92,11
2515,17,30,2444,1,4,2,0.45,24
2515,17,30,2444,1,1,2,0.45,24
2516,17,30,2445,1,4,2,0.86,8
2516,17,30,2445,1,1,2,0.86,8
2517,17,30,2446,2,4,2,0.95,21
2517,17,30,2446,2,1,2,0.95,21
2518,17,30,2447,2,4,2,0.6,12
2518,17,30,2447,2,1,2,0.6,12
2519,17,30,2448,1,4,2,0.9,15
2519,17,30,2448,1,1,2,0.9,15
2520,17,30,2449,2,4,2,0.92,11
2520,17,30,2449,2,1,2,0.92,11
2521,17,8,2450,2,4,2,0.92,11
2521,17,8,2450,2,1,2,0.92,11
2522,17,30,2451,2,4,2,0.92,11
2522,17,30,2451,2,1,2,0.92,11
2523,17,30,2452,1,4,2,0.75,4
2523,17,30,2452,1,1,2,0.75,4
2524,17,30,2453,1,4,2,0.46,13
2524,17,30,2453,1,1,2,0.46,13
2525,17,30,2454,2,4,2,0.96,17
2525,17,30,2454,2,1,2,0.96,17
2526,17,30,2455,2,4,2,0.92,11
2526,17,30,2455,2,1,2,0.92,11
2527,17,30,2456,1,4,2,0.86,5
2527,17,30,2456,1,1,2,0.86,5
2528,17,30,2457,1,4,2,0.42,2
2528,17,30,2457,1,1,2,0.42,2
2529,17,30,2458,1,4,2,0.75,4
2529,17,30,2458,1,1,2,0.75,4
2530,17,30,2459,2,4,2,0.96,17
2530,17,30,2459,2,1,2,0.96,17
2531,17,30,2460,2,4,2,0.92,11
2531,17,30,2460,2,1,2,0.92,11
2532,17,30,2461,2,4,2,0.92,11
2532,17,30,2461,2,1,2,0.92,11
2533,17,30,2462,2,4,2,0.96,17
2533,17,30,2462,2,1,2,0.96,17
2534,19,19,2463,1,4,2,-0.43,35
2534,19,19,2463,1,1,2,-0.43,35
2535,19,11,2464,6,4,2,-0.94,236
2535,19,11,2464,6,1,2,-0.94,236
2536,19,30,2465,2,4,2,0.99,56
2536,19,30,2465,2,1,2,0.99,56
2537,19,11,2466,1,4,2,-0.88,59
2537,19,11,2466,1,1,2,-0.88,59
2538,19,20,2467,2,4,2,-0.53,306
2538,19,20,2467,2,1,2,-0.53,306
2539,19,12,2468,1,4,2,-0.49,79
2539,19,12,2468,1,1,2,-0.49,79
2540,19,13,2469,1,4,2,0.46,24
2540,19,13,2469,1,1,2,0.46,24
2541,19,10,2470,2,4,2,0.87,18
2541,19,10,2470,2,1,2,0.87,18
2542,19,9,2471,2,4,2,0.92,24
2542,19,9,2471,2,1,2,0.92,24
2543,20,18,2472,2,4,2,-0.9,239
2543,20,18,2472,2,1,2,-0.9,239
2544,20,30,2473,1,4,2,0.95,122
2544,20,30,2473,1,1,2,0.95,122
2545,20,30,2474,2,4,2,0.81,156
2545,20,30,2474,2,1,2,0.81,156
2546,20,30,2475,1,4,2,0.97,139
2546,20,30,2475,1,1,2,0.97,139
2547,20,30,2476,2,4,2,0.95,188
2547,20,30,2476,2,1,2,0.95,188
2548,20,10,2477,1,4,2,0.7,232
2548,20,10,2477,1,1,2,0.7,232
2549,20,30,2478,2,4,2,0.93,257
2549,20,30,2478,2,1,2,0.93,257
2550,20,30,2479,2,4,2,0.99,102
2550,20,30,2479,2,1,2,0.99,102
2551,20,30,2480,2,4,2,0.93,107
2551,20,30,2480,2,1,2,0.93,107
2552,20,10,2481,4,4,2,-0.58,238
2552,20,10,2481,4,1,2,-0.58,238
2553,20,10,2482,2,4,2,-0.78,225
2553,20,10,2482,2,1,2,-0.78,225
2554,20,10,2483,2,4,2,-0.9,237
2554,20,10,2483,2,1,2,-0.9,237
2555,20,30,2484,2,4,2,0.97,54
2555,20,30,2484,2,1,2,0.97,54
2556,20,30,2485,2,4,2,0.95,37
2556,20,30,2485,2,1,2,0.95,37
2557,20,10,2486,2,4,2,-0.93,156
2557,20,10,2486,2,1,2,-0.93,156
2558,20,10,2487,2,4,2,0.91,91
2558,20,10,2487,2,1,2,0.91,91
2559,20,10,2488,2,4,2,0.95,188
2559,20,10,2488,2,1,2,0.95,188
2560,20,30,2489,2,4,2,0.94,39
2560,20,30,2489,2,1,2,0.94,39
2561,20,10,2490,2,4,2,0.98,125
2561,20,10,2490,2,1,2,0.98,125
2562,20,10,2491,2,4,2,0.97,165
2562,20,10,2491,2,1,2,0.97,165
2563,20,30,2492,2,4,2,-0.65,75
2563,20,30,2492,2,1,2,-0.65,75
2564,20,30,2493,2,4,2,0.97,26
2564,20,30,2493,2,1,2,0.97,26
2565,20,30,2494,2,4,2,0.98,19
2565,20,30,2494,2,1,2,0.98,19
2566,20,30,2495,2,4,2,0.97,22
2566,20,30,2495,2,1,2,0.97,22
2567,20,30,2496,1,4,2,0.99,28
2567,20,30,2496,1,1,2,0.99,28
2568,20,30,2497,1,4,2,0.92,14
2568,20,30,2497,1,1,2,0.92,14
2569,20,30,2498,2,4,2,0.98,16
2569,20,30,2498,2,1,2,0.98,16
2570,20,30,2499,2,4,2,0.97,17
2570,20,30,2499,2,1,2,0.97,17
2571,20,30,2500,1,4,2,0.93,12
2571,20,30,2500,1,1,2,0.93,12
2572,20,30,2501,2,4,2,0.92,11
2572,20,30,2501,2,1,2,0.92,11
2573,20,30,2502,1,4,2,0.42,6
2573,20,30,2502,1,1,2,0.42,6
2574,20,30,2503,1,4,2,0.98,10
2574,20,30,2503,1,1,2,0.98,10
2575,20,9,2504,2,4,2,-0.95,20
2575,20,9,2504,2,1,2,-0.95,20
2576,20,30,2505,2,4,2,0.95,251
2576,20,30,2505,2,1,2,0.95,251
2577,20,30,2506,2,4,2,0.97,162
2577,20,30,2506,2,1,2,0.97,162
2578,20,30,2507,4,4,2,-0.42,137
2578,20,30,2507,4,1,2,-0.42,137
2579,20,30,2508,1,4,2,0.87,79
2579,20,30,2508,1,1,2,0.87,79
2580,20,30,2509,2,4,2,0.96,116
2580,20,30,2509,2,1,2,0.96,116
2581,20,30,2510,1,4,2,0.92,52
2581,20,30,2510,1,1,2,0.92,52
2582,20,10,2511,1,4,2,0.89,103
2582,20,10,2511,1,1,2,0.89,103
2583,20,11,2512,3,4,2,-0.66,329
2583,20,11,2512,3,1,2,-0.66,329
2584,20,30,2513,2,4,2,0.9,43
2584,20,30,2513,2,1,2,0.9,43
2585,20,8,2514,1,4,2,0.0,83
2585,20,8,2514,1,1,2,0.0,83
2586,20,30,2515,2,4,2,0.95,16
2586,20,30,2515,2,1,2,0.95,16
2587,20,30,2516,2,4,2,0.92,13
2587,20,30,2516,2,1,2,0.92,13
2588,20,10,2517,3,4,2,0.62,32
2588,20,10,2517,3,1,2,0.62,32
2589,20,30,2518,1,4,2,0.89,11
2589,20,30,2518,1,1,2,0.89,11
2590,20,30,2519,1,4,2,0.44,4
2590,20,30,2519,1,1,2,0.44,4
2591,20,30,2520,1,4,2,0.91,4
2591,20,30,2520,1,1,2,0.91,4
2592,20,9,2521,2,4,2,0.63,29
2592,20,9,2521,2,1,2,0.63,29
2593,20,10,2522,1,4,2,0.43,26
2593,20,10,2522,1,1,2,0.43,26
2594,20,10,2523,2,4,2,-0.79,26
2594,20,10,2523,2,1,2,-0.79,26
2595,20,8,2524,1,4,2,-0.52,19
2595,20,8,2524,1,1,2,-0.52,19
2596,20,6,2525,1,4,2,-0.4,7
2596,20,6,2525,1,1,2,-0.4,7
2597,22,17,1836,2,4,2,-0.93,171
2597,22,17,1836,2,1,2,-0.93,171
2598,22,16,2526,1,4,2,0.95,53
2598,22,16,2526,1,1,2,0.95,53
2599,22,11,2527,2,4,2,-0.98,176
2599,22,11,2527,2,1,2,-0.98,176
2600,22,20,2528,2,4,2,-0.49,18
2600,22,20,2528,2,1,2,-0.49,18
2601,22,10,1837,2,4,2,0.95,35
2601,22,10,1837,2,1,2,0.95,35
2602,22,11,2529,2,4,2,-0.88,38
2602,22,11,2529,2,1,2,-0.88,38
2603,22,15,2530,2,4,2,0.93,81
2603,22,15,2530,2,1,2,0.93,81
2604,22,21,2531,1,4,2,0.56,19
2604,22,21,2531,1,1,2,0.56,19
2605,22,14,2532,1,4,2,0.82,57
2605,22,14,2532,1,1,2,0.82,57
2606,23,14,2533,1,4,2,0.79,115
2606,23,14,2533,1,1,2,0.79,115
2607,23,9,2534,2,4,2,-0.64,129
2607,23,9,2534,2,1,2,-0.64,129
2608,23,11,2535,2,4,2,0.82,43
2608,23,11,2535,2,1,2,0.82,43
2609,23,30,2536,2,4,2,0.98,16
2609,23,30,2536,2,1,2,0.98,16
2610,23,8,2537,1,4,2,0.57,26
2610,23,8,2537,1,1,2,0.57,26
2611,23,11,2538,1,4,2,0.96,4
2611,23,11,2538,1,1,2,0.96,4
2612,23,11,2539,2,4,2,0.92,11
2612,23,11,2539,2,1,2,0.92,11
2613,23,8,2540,1,4,2,-0.4,3
2613,23,8,2540,1,1,2,-0.4,3
2614,23,9,2541,1,4,2,0.94,15
2614,23,9,2541,1,1,2,0.94,15
2615,23,30,2542,1,4,2,0.39,10
2615,23,30,2542,1,1,2,0.39,10
2616,23,23,2543,2,4,2,-0.96,148
2616,23,23,2543,2,1,2,-0.96,148
2617,23,30,2201,1,4,2,-0.95,221
2617,23,30,2201,1,1,2,-0.95,221
2618,23,8,2273,2,4,2,-0.77,137
2618,23,8,2273,2,1,2,-0.77,137
2619,23,9,2544,1,4,2,0.5,7
2619,23,9,2544,1,1,2,0.5,7
2620,24,16,2545,4,4,2,-0.59,236
2620,24,16,2545,4,1,2,-0.59,236
2621,24,15,2546,4,4,2,-0.84,238
2621,24,15,2546,4,1,2,-0.84,238
2622,24,30,1537,4,4,2,0.61,236
2622,24,30,1537,4,1,2,0.61,236
2623,24,8,2547,2,4,2,-0.9,237
2623,24,8,2547,2,1,2,-0.9,237
2624,24,11,2548,2,4,2,-0.65,133
2624,24,11,2548,2,1,2,-0.65,133
2625,24,10,2549,2,4,2,-0.5,194
2625,24,10,2549,2,1,2,-0.5,194
2626,24,9,2550,2,4,2,-0.96,264
2626,24,9,2550,2,1,2,-0.96,264
2627,24,30,1528,1,4,2,-0.43,87
2627,24,30,1528,1,1,2,-0.43,87
2628,24,8,2551,2,4,2,-0.66,240
2628,24,8,2551,2,1,2,-0.66,240
2629,24,11,2552,2,4,2,0.94,73
2629,24,11,2552,2,1,2,0.94,73
2630,24,15,2553,2,4,2,-0.9,32
2630,24,15,2553,2,1,2,-0.9,32
2631,24,11,2554,2,4,2,0.0,128
2631,24,11,2554,2,1,2,0.0,128
2632,24,11,1651,2,4,2,-0.42,64
2632,24,11,1651,2,1,2,-0.42,64
2633,24,11,2555,2,4,2,0.42,29
2633,24,11,2555,2,1,2,0.42,29
2634,24,11,2556,1,4,2,0.0,39
2634,24,11,2556,1,1,2,0.0,39
2635,24,11,2557,1,4,2,0.59,9
2635,24,11,2557,1,1,2,0.59,9
2636,24,10,2558,6,4,2,0.49,29
2636,24,10,2558,6,1,2,0.49,29
2637,24,11,2559,2,4,2,0.55,16
2637,24,11,2559,2,1,2,0.55,16
2638,24,9,2541,1,4,2,0.5,8
2638,24,9,2541,1,1,2,0.5,8
2639,24,30,1476,1,4,2,-0.52,102
2639,24,30,1476,1,1,2,-0.52,102
2640,24,10,2560,2,4,2,-0.69,43
2640,24,10,2560,2,1,2,-0.69,43
2641,24,30,2561,1,4,2,0.94,15
2641,24,30,2561,1,1,2,0.94,15
2642,24,30,2562,2,4,2,-0.47,15
2642,24,30,2562,2,1,2,-0.47,15
2643,24,11,2563,2,4,2,0.96,26
2643,24,11,2563,2,1,2,0.96,26
2644,24,8,2564,2,4,2,0.48,45
2644,24,8,2564,2,1,2,0.48,45
2645,25,21,2565,2,4,2,0.98,154
2645,25,21,2565,2,1,2,0.98,154
2646,25,30,2566,2,4,2,0.72,65
2646,25,30,2566,2,1,2,0.72,65
2647,25,21,2567,2,4,2,0.95,16
2647,25,21,2567,2,1,2,0.95,16
2648,25,7,2568,2,4,2,0.47,176
2648,25,7,2568,2,1,2,0.47,176
2649,25,11,2569,6,4,2,0.49,236
2649,25,11,2569,6,1,2,0.49,236
2650,25,10,2570,3,4,2,-0.84,234
2650,25,10,2570,3,1,2,-0.84,234
2651,25,9,2571,3,4,2,0.61,238
2651,25,9,2571,3,1,2,0.61,238
2652,25,9,2572,4,4,2,0.96,123
2652,25,9,2572,4,1,2,0.96,123
2653,25,7,2573,2,4,2,0.95,81
2653,25,7,2573,2,1,2,0.95,81
2654,25,30,2574,2,4,2,0.94,28
2654,25,30,2574,2,1,2,0.94,28
2655,25,11,2575,2,4,2,0.98,18
2655,25,11,2575,2,1,2,0.98,18
2656,25,11,2576,2,4,2,0.98,16
2656,25,11,2576,2,1,2,0.98,16
2657,25,21,2577,2,4,2,0.99,38
2657,25,21,2577,2,1,2,0.99,38
2658,25,9,2578,2,4,2,0.8,47
2658,25,9,2578,2,1,2,0.8,47
2659,25,9,2579,2,4,2,0.96,39
2659,25,9,2579,2,1,2,0.96,39
2660,25,10,2580,2,4,2,0.95,13
2660,25,10,2580,2,1,2,0.95,13
2661,25,4,2581,1,4,2,0.98,10
2661,25,4,2581,1,1,2,0.98,10
2662,25,11,2582,2,4,2,0.73,14
2662,25,11,2582,2,1,2,0.73,14
2663,25,9,2583,1,4,2,0.91,11
2663,25,9,2583,1,1,2,0.91,11
2664,25,5,2584,1,4,2,-0.49,20
2664,25,5,2584,1,1,2,-0.49,20
2665,25,9,2585,1,4,2,0.73,12
2665,25,9,2585,1,1,2,0.73,12
2666,25,7,2586,2,4,2,0.55,31
2666,25,7,2586,2,1,2,0.55,31
2667,25,21,2587,2,4,2,0.85,239
2667,25,21,2587,2,1,2,0.85,239
2668,25,21,2588,2,4,2,0.98,25
2668,25,21,2588,2,1,2,0.98,25
2669,25,30,2589,2,4,2,0.96,17
2669,25,30,2589,2,1,2,0.96,17
2670,25,21,2590,1,4,2,0.57,17
2670,25,21,2590,1,1,2,0.57,17
2671,25,11,2591,2,4,2,0.99,51
2671,25,11,2591,2,1,2,0.99,51
2672,25,21,2592,1,4,2,0.66,21
2672,25,21,2592,1,1,2,0.66,21
2673,25,9,2593,1,4,2,-0.84,49
2673,25,9,2593,1,1,2,-0.84,49
2674,25,11,2594,2,4,2,0.96,17
2674,25,11,2594,2,1,2,0.96,17
2675,25,10,2595,2,4,2,0.92,11
2675,25,10,2595,2,1,2,0.92,11
2676,25,9,1822,1,4,2,0.45,31
2676,25,9,1822,1,1,2,0.45,31
2677,25,9,2596,2,4,2,0.96,11
2677,25,9,2596,2,1,2,0.96,11
2678,25,6,2597,2,4,2,0.7,17
2678,25,6,2597,2,1,2,0.7,17
2679,25,11,2598,1,4,2,0.79,16
2679,25,11,2598,1,1,2,0.79,16
2680,25,11,2599,2,4,2,-0.85,15
2680,25,11,2599,2,1,2,-0.85,15
2681,25,8,2600,1,4,2,0.91,12
2681,25,8,2600,1,1,2,0.91,12
2682,25,3,2601,1,4,2,0.51,9
2682,25,3,2601,1,1,2,0.51,9
2683,25,9,2602,1,4,2,0.56,4
2683,25,9,2602,1,1,2,0.56,4
2684,27,18,2603,2,4,2,0.9,75
2684,27,18,2603,2,1,2,0.9,75
2685,27,14,2604,2,4,2,0.93,44
2685,27,14,2604,2,1,2,0.93,44
2686,27,30,2605,2,4,2,-0.96,72
2686,27,30,2605,2,1,2,-0.96,72
2687,27,9,2606,2,4,2,-0.52,148
2687,27,9,2606,2,1,2,-0.52,148
2688,27,30,2607,2,4,2,-0.93,70
2688,27,30,2607,2,1,2,-0.93,70
2689,27,30,2608,2,4,2,0.98,34
2689,27,30,2608,2,1,2,0.98,34
2690,27,11,2609,2,4,2,-0.81,82
2690,27,11,2609,2,1,2,-0.81,82
2691,27,11,2610,2,4,2,-0.98,22
2691,27,11,2610,2,1,2,-0.98,22
2692,27,14,2611,1,4,2,-0.62,14
2692,27,14,2611,1,1,2,-0.62,14
2693,27,28,2612,2,4,2,0.9,259
2693,27,28,2612,2,1,2,0.9,259
2694,27,28,2613,2,4,2,0.95,98
2694,27,28,2613,2,1,2,0.95,98
2695,27,25,2614,2,4,2,0.94,67
2695,27,25,2614,2,1,2,0.94,67
2696,27,15,2615,3,4,2,-0.79,240
2696,27,15,2615,3,1,2,-0.79,240
2697,27,11,2616,1,4,2,-0.9,240
2697,27,11,2616,1,1,2,-0.9,240
2698,27,11,2617,1,4,2,-0.37,70
2698,27,11,2617,1,1,2,-0.37,70
2699,27,16,2618,4,4,2,-0.49,128
2699,27,16,2618,4,1,2,-0.49,128
2700,27,30,507,2,4,2,0.98,135
2700,27,30,507,2,1,2,0.98,135
2701,27,30,2619,2,4,2,0.98,61
2701,27,30,2619,2,1,2,0.98,61
2702,27,11,2620,1,4,2,0.0,39
2702,27,11,2620,1,1,2,0.0,39
2703,28,11,2621,1,4,2,-0.98,193
2703,28,11,2621,1,1,2,-0.98,193
2704,28,9,2622,2,4,2,0.95,41
2704,28,9,2622,2,1,2,0.95,41
2705,28,24,2623,2,4,2,0.98,16
2705,28,24,2623,2,1,2,0.98,16
2706,28,23,2624,2,4,2,0.98,16
2706,28,23,2624,2,1,2,0.98,16
2707,28,23,2625,2,4,2,0.95,110
2707,28,23,2625,2,1,2,0.95,110
2708,28,23,2626,1,4,2,0.95,141
2708,28,23,2626,1,1,2,0.95,141
2709,28,23,2627,2,4,2,0.98,16
2709,28,23,2627,2,1,2,0.98,16
2710,28,30,2628,2,4,2,0.95,47
2710,28,30,2628,2,1,2,0.95,47
2711,28,23,2629,2,4,2,0.95,28
2711,28,23,2629,2,1,2,0.95,28
2712,28,30,2630,2,4,2,0.96,17
2712,28,30,2630,2,1,2,0.96,17
2713,30,15,2631,4,4,2,-0.42,238
2713,30,15,2631,4,1,2,-0.42,238
2714,30,11,2632,1,4,2,-0.58,66
2714,30,11,2632,1,1,2,-0.58,66
2715,30,30,2633,2,4,2,0.62,28
2715,30,30,2633,2,1,2,0.62,28
2716,30,9,2634,2,4,2,-0.8,50
2716,30,9,2634,2,1,2,-0.8,50
2717,30,30,1779,1,4,2,0.42,13
2717,30,30,1779,1,1,2,0.42,13
2718,31,21,2635,1,4,2,-0.58,78
2718,31,21,2635,1,1,2,-0.58,78
2719,31,16,2636,2,4,2,-0.95,271
2719,31,16,2636,2,1,2,-0.95,271
2720,31,30,2637,4,4,2,0.92,104
2720,31,30,2637,4,1,2,0.92,104
2721,31,20,2638,2,4,2,0.78,16
2721,31,20,2638,2,1,2,0.78,16
2722,31,30,2639,1,4,2,0.63,14
2722,31,30,2639,1,1,2,0.63,14
2723,31,30,2640,2,4,2,0.0,25
2723,31,30,2640,2,1,2,0.0,25
2724,31,30,2641,1,4,2,0.76,10
2724,31,30,2641,1,1,2,0.76,10
2725,31,9,2642,1,4,2,0.75,4
2725,31,9,2642,1,1,2,0.75,4
2726,31,30,2643,2,4,2,0.92,103
2726,31,30,2643,2,1,2,0.92,103
2727,31,21,2644,2,4,2,0.96,17
2727,31,21,2644,2,1,2,0.96,17
2728,31,9,2645,2,4,2,0.93,49
2728,31,9,2645,2,1,2,0.93,49
2729,31,10,2646,1,4,2,-0.69,28
2729,31,10,2646,1,1,2,-0.69,28
2730,32,15,2647,2,4,2,-0.79,217
2730,32,15,2647,2,1,2,-0.79,217
2731,32,16,2648,2,4,2,-0.96,62
2731,32,16,2648,2,1,2,-0.96,62
2732,32,30,2649,2,4,2,-0.49,200
2732,32,30,2649,2,1,2,-0.49,200
2733,32,11,2650,1,4,2,0.62,80
2733,32,11,2650,1,1,2,0.62,80
2734,32,11,2651,1,4,2,-0.75,33
2734,32,11,2651,1,1,2,-0.75,33
2735,33,30,2244,4,4,2,0.0,295
2735,33,30,2244,4,1,2,0.0,295
2736,33,11,2652,2,4,2,0.99,191
2736,33,11,2652,2,1,2,0.99,191
2737,33,9,2653,2,4,2,0.98,17
2737,33,9,2653,2,1,2,0.98,17
2738,33,9,2654,1,4,2,0.49,3
2738,33,9,2654,1,1,2,0.49,3
2739,33,30,2655,2,4,2,0.99,46
2739,33,30,2655,2,1,2,0.99,46
2740,33,11,2656,2,4,2,0.85,40
2740,33,11,2656,2,1,2,0.85,40
2741,33,8,2657,2,4,2,0.97,75
2741,33,8,2657,2,1,2,0.97,75
2742,33,9,2658,1,4,2,0.96,4
2742,33,9,2658,1,1,2,0.96,4
2743,34,30,2659,2,4,2,0.93,131
2743,34,30,2659,2,1,2,0.93,131
2744,34,30,2660,2,4,2,0.85,78
2744,34,30,2660,2,1,2,0.85,78
2745,34,30,2661,2,4,2,0.96,124
2745,34,30,2661,2,1,2,0.96,124
2746,34,30,2662,2,4,2,0.84,109
2746,34,30,2662,2,1,2,0.84,109
2747,34,30,2663,2,4,2,0.89,87
2747,34,30,2663,2,1,2,0.89,87
2748,34,30,2664,2,4,2,-0.47,156
2748,34,30,2664,2,1,2,-0.47,156
2749,34,30,2665,2,4,2,0.93,66
2749,34,30,2665,2,1,2,0.93,66
2750,34,30,2666,2,4,2,0.98,74
2750,34,30,2666,2,1,2,0.98,74
2751,34,30,2667,2,4,2,0.89,82
2751,34,30,2667,2,1,2,0.89,82
2752,34,30,2668,2,4,2,0.89,16
2752,34,30,2668,2,1,2,0.89,16
2753,34,30,2669,1,4,2,0.87,81
2753,34,30,2669,1,1,2,0.87,81
2754,35,7,2670,1,4,2,0.86,40
2754,35,7,2670,1,1,2,0.86,40
2755,35,9,2671,2,4,2,0.97,21
2755,35,9,2671,2,1,2,0.97,21
2756,35,9,2672,1,4,2,0.81,16
2756,35,9,2672,1,1,2,0.81,16
2757,35,9,2673,1,4,2,0.99,14
2757,35,9,2673,1,1,2,0.99,14
2758,35,9,2674,1,4,2,0.47,2
2758,35,9,2674,1,1,2,0.47,2
2759,36,16,2675,2,4,2,-0.45,238
2759,36,16,2675,2,1,2,-0.45,238
2760,36,30,2676,5,4,2,0.67,235
2760,36,30,2676,5,1,2,0.67,235
2761,36,10,2677,1,4,2,0.79,173
2761,36,10,2677,1,1,2,0.79,173
2762,36,30,2678,2,4,2,0.55,135
2762,36,30,2678,2,1,2,0.55,135
2763,36,30,2679,2,4,2,0.72,113
2763,36,30,2679,2,1,2,0.72,113
2764,36,30,2680,2,4,2,0.89,95
2764,36,30,2680,2,1,2,0.89,95
2765,36,11,2681,4,4,2,-0.79,107
2765,36,11,2681,4,1,2,-0.79,107
2766,36,30,2682,2,4,2,0.85,97
2766,36,30,2682,2,1,2,0.85,97
2767,36,11,2683,2,4,2,-0.41,51
2767,36,11,2683,2,1,2,-0.41,51
2768,36,30,2684,1,4,2,0.94,43
2768,36,30,2684,1,1,2,0.94,43
2769,36,11,2685,3,4,2,-0.59,49
2769,36,11,2685,3,1,2,-0.59,49
2770,36,10,2686,1,4,2,0.91,3
2770,36,10,2686,1,1,2,0.91,3
2771,36,10,2687,1,4,2,-0.71,152
2771,36,10,2687,1,1,2,-0.71,152
2772,36,10,2688,4,4,2,-0.47,94
2772,36,10,2688,4,1,2,-0.47,94
2773,36,11,2689,3,4,2,0.69,91
2773,36,11,2689,3,1,2,0.69,91
2774,36,8,2690,2,4,2,-0.5,83
2774,36,8,2690,2,1,2,-0.5,83
2775,36,9,2691,1,4,2,-0.82,58
2775,36,9,2691,1,1,2,-0.82,58
2776,36,9,2692,1,4,2,0.42,2
2776,36,9,2692,1,1,2,0.42,2
2777,37,15,2693,2,5,2,-0.42,234
2777,37,15,2693,2,1,2,-0.42,234
2778,37,30,2694,3,5,2,-0.61,235
2778,37,30,2694,3,1,2,-0.61,235
2779,37,11,2695,2,5,2,-0.87,232
2779,37,11,2695,2,1,2,-0.87,232
2780,37,30,2696,4,5,2,0.0,177
2780,37,30,2696,4,1,2,0.0,177
2781,37,9,2697,1,5,2,0.71,136
2781,37,9,2697,1,1,2,0.71,136
2782,37,30,2698,2,5,2,0.58,62
2782,37,30,2698,2,1,2,0.58,62
2783,37,11,2699,2,5,2,0.99,49
2783,37,11,2699,2,1,2,0.99,49
2784,37,9,2700,1,5,2,-0.61,49
2784,37,9,2700,1,1,2,-0.61,49
2785,37,6,2701,2,5,2,0.87,26
2785,37,6,2701,2,1,2,0.87,26
2786,37,8,2702,1,5,2,0.96,11
2786,37,8,2702,1,1,2,0.96,11
2787,37,8,2703,1,5,2,0.6,21
2787,37,8,2703,1,1,2,0.6,21
2788,37,29,2704,2,5,2,0.0,75
2788,37,29,2704,2,1,2,0.0,75
2789,37,22,2705,2,5,2,-0.94,83
2789,37,22,2705,2,1,2,-0.94,83
2790,37,20,2706,2,5,2,-0.78,105
2790,37,20,2706,2,1,2,-0.78,105
2791,37,30,2707,2,5,2,-0.6,116
2791,37,30,2707,2,1,2,-0.6,116
2792,37,20,2708,3,5,2,0.79,96
2792,37,20,2708,3,1,2,0.79,96
2793,37,10,2709,2,5,2,-0.93,238
2793,37,10,2709,2,1,2,-0.93,238
2794,37,16,2710,2,5,2,-0.45,11
2794,37,16,2710,2,1,2,-0.45,11
2795,37,30,2711,1,5,2,-0.51,32
2795,37,30,2711,1,1,2,-0.51,32
2796,38,21,2712,2,5,2,0.98,206
2796,38,21,2712,2,1,2,0.98,206
2797,38,19,2713,2,5,2,0.86,119
2797,38,19,2713,2,1,2,0.86,119
2798,38,11,2714,5,5,2,0.87,234
2798,38,11,2714,5,1,2,0.87,234
2799,38,19,2715,2,5,2,-0.6,31
2799,38,19,2715,2,1,2,-0.6,31
2800,38,11,2716,2,5,2,0.97,66
2800,38,11,2716,2,1,2,0.97,66
2801,38,15,2717,2,5,2,0.83,21
2801,38,15,2717,2,1,2,0.83,21
2802,38,10,2718,1,5,2,-0.55,80
2802,38,10,2718,1,1,2,-0.55,80
2803,38,11,2719,2,5,2,0.85,19
2803,38,11,2719,2,1,2,0.85,19
2804,38,11,2720,2,5,2,0.88,24
2804,38,11,2720,2,1,2,0.88,24
2805,38,11,2721,2,5,2,0.71,161
2805,38,11,2721,2,1,2,0.71,161
2806,38,11,2722,2,5,2,0.94,172
2806,38,11,2722,2,1,2,0.94,172
2807,38,30,2723,2,5,2,0.96,69
2807,38,30,2723,2,1,2,0.96,69
2808,38,30,2724,2,5,2,-0.76,41
2808,38,30,2724,2,1,2,-0.76,41
2809,39,21,2725,2,5,2,0.97,51
2809,39,21,2725,2,1,2,0.97,51
2810,40,30,2726,4,5,2,-0.66,173
2810,40,30,2726,4,1,2,-0.66,173
2811,40,14,2727,1,5,2,0.75,4
2811,40,14,2727,1,1,2,0.75,4
2812,41,10,2728,2,5,2,-0.44,237
2812,41,10,2728,2,1,2,-0.44,237
2813,41,11,2729,2,5,2,0.41,305
2813,41,11,2729,2,1,2,0.41,305
2814,41,8,1781,2,5,2,-0.78,239
2814,41,8,1781,2,1,2,-0.78,239
2815,41,30,2730,2,5,2,0.98,63
2815,41,30,2730,2,1,2,0.98,63
2816,41,30,2731,1,5,2,0.52,27
2816,41,30,2731,1,1,2,0.52,27
2817,41,8,2262,1,5,2,0.49,19
2817,41,8,2262,1,1,2,0.49,19
2818,41,11,2732,2,5,2,-0.68,312
2818,41,11,2732,2,1,2,-0.68,312
2819,41,30,2733,3,5,2,0.88,208
2819,41,30,2733,3,1,2,0.88,208
2820,41,11,2734,1,5,2,-0.73,249
2820,41,11,2734,1,1,2,-0.73,249
2821,41,30,2735,3,5,2,-0.57,130
2821,41,30,2735,3,1,2,-0.57,130
2822,41,14,2736,2,5,2,0.92,41
2822,41,14,2736,2,1,2,0.92,41
2823,41,10,2737,1,5,2,-0.52,71
2823,41,10,2737,1,1,2,-0.52,71
2824,42,17,2738,1,5,2,0.74,93
2824,42,17,2738,1,1,2,0.74,93
2825,42,9,2739,2,5,2,0.0,85
2825,42,9,2739,2,1,2,0.0,85
2826,42,11,2740,2,5,2,-0.54,34
2826,42,11,2740,2,1,2,-0.54,34
2827,42,9,2741,1,5,2,0.96,18
2827,42,9,2741,1,1,2,0.96,18
2828,42,8,2742,5,5,2,0.64,98
2828,42,8,2742,5,1,2,0.64,98
2829,42,8,2743,2,5,2,0.87,18
2829,42,8,2743,2,1,2,0.87,18
2830,42,8,2744,1,5,2,0.41,7
2830,42,8,2744,1,1,2,0.41,7
2831,42,9,2745,1,5,2,0.94,18
2831,42,9,2745,1,1,2,0.94,18
2832,43,30,2746,2,5,2,0.98,18
2832,43,30,2746,2,1,2,0.98,18
2833,43,21,2747,2,5,2,0.98,35
2833,43,21,2747,2,1,2,0.98,35
2834,44,30,2748,1,5,2,-0.96,226
2834,44,30,2748,1,1,2,-0.96,226
2835,44,24,2749,2,5,2,0.74,70
2835,44,24,2749,2,1,2,0.74,70
2836,45,18,2750,2,6,2,-0.97,49
2836,45,18,2750,2,1,2,-0.97,49
2837,45,17,2751,1,6,2,-0.46,34
2837,45,17,2751,1,1,2,-0.46,34
2838,45,8,2752,1,6,2,0.48,105
2838,45,8,2752,1,1,2,0.48,105
2839,45,9,2753,1,6,2,-0.47,23
2839,45,9,2753,1,1,2,-0.47,23
2840,45,7,2754,2,6,2,0.66,14
2840,45,7,2754,2,1,2,0.66,14
2841,45,10,2755,2,6,2,0.57,15
2841,45,10,2755,2,1,2,0.57,15
2842,47,30,2756,2,6,2,-0.89,240
2842,47,30,2756,2,1,2,-0.89,240
2843,47,30,1572,1,6,2,-0.44,33
2843,47,30,1572,1,1,2,-0.44,33
2844,47,10,2757,1,6,2,0.4,8
2844,47,10,2757,1,1,2,0.4,8
2845,48,30,2758,2,6,2,0.79,237
2845,48,30,2758,2,1,2,0.79,237
2846,49,21,2759,3,6,2,-0.41,237
2846,49,21,2759,3,1,2,-0.41,237
2847,49,11,2760,2,6,2,0.61,118
2847,49,11,2760,2,1,2,0.61,118
2848,50,13,2761,2,6,2,-0.93,180
2848,50,13,2761,2,1,2,-0.93,180
2849,50,30,2762,1,6,2,0.0,42
2849,50,30,2762,1,1,2,0.0,42
2850,50,18,2763,1,6,2,-0.78,122
2850,50,18,2763,1,1,2,-0.78,122
2851,50,11,2764,2,6,2,-0.79,159
2851,50,11,2764,2,1,2,-0.79,159
2852,50,30,2765,1,6,2,-0.46,146
2852,50,30,2765,1,1,2,-0.46,146
2853,50,30,2766,2,6,2,-0.89,131
2853,50,30,2766,2,1,2,-0.89,131
2854,52,30,2767,1,6,2,0.0,71
2854,52,30,2767,1,1,2,0.0,71
2855,52,30,2768,2,6,2,0.99,38
2855,52,30,2768,2,1,2,0.99,38
2856,53,30,2637,2,6,2,0.45,100
2856,53,30,2637,2,1,2,0.45,100
2857,53,11,2769,2,6,2,0.98,16
2857,53,11,2769,2,1,2,0.98,16
2858,56,14,2770,1,6,2,0.42,2
2858,56,14,2770,1,1,2,0.42,2
2859,57,20,2771,2,6,2,0.93,91
2859,57,20,2771,2,1,2,0.93,91
2860,57,15,2772,2,6,2,0.59,17
2860,57,15,2772,2,1,2,0.59,17
2861,58,8,2773,2,6,2,0.97,96
2861,58,8,2773,2,1,2,0.97,96
2862,60,10,2774,2,6,2,-0.81,276
2862,60,10,2774,2,1,2,-0.81,276
2863,60,10,2775,2,6,2,-0.86,137
2863,60,10,2775,2,1,2,-0.86,137
2864,60,30,2776,1,6,2,0.84,119
2864,60,30,2776,1,1,2,0.84,119
2865,60,17,2777,1,6,2,-0.47,22
2865,60,17,2777,1,1,2,-0.47,22
2866,64,21,2778,4,6,2,-0.5,237
2866,64,21,2778,4,1,2,-0.5,237
2867,64,30,2779,2,6,2,0.88,47
2867,64,30,2779,2,1,2,0.88,47
2868,66,11,2780,2,6,2,-0.97,330
2868,66,11,2780,2,1,2,-0.97,330
2869,66,30,2781,1,6,2,-0.88,83
2869,66,30,2781,1,1,2,-0.88,83
2870,66,30,2782,1,6,2,0.96,9
2870,66,30,2782,1,1,2,0.96,9
2871,68,16,2783,1,6,2,-0.37,77
2871,68,16,2783,1,1,2,-0.37,77
2872,68,23,2784,4,6,2,0.44,169
2872,68,23,2784,4,1,2,0.44,169
2873,68,17,2785,1,6,2,-0.94,115
2873,68,17,2785,1,1,2,-0.94,115
2874,68,17,2786,1,6,2,-0.42,33
2874,68,17,2786,1,1,2,-0.42,33
2875,69,12,2787,2,6,2,-0.85,248
2875,69,12,2787,2,1,2,-0.85,248
2876,69,30,2788,1,6,2,0.9,89
2876,69,30,2788,1,1,2,0.9,89
2877,69,11,1856,2,6,2,0.55,92
2877,69,11,1856,2,1,2,0.55,92
2878,69,10,2789,1,6,2,0.57,70
2878,69,10,2789,1,1,2,0.57,70
2879,69,30,2790,1,6,2,0.42,35
2879,69,30,2790,1,1,2,0.42,35
2880,69,12,2791,1,6,2,0.51,18
2880,69,12,2791,1,1,2,0.51,18
2881,69,10,2792,1,6,2,0.69,24
2881,69,10,2792,1,1,2,0.69,24
2882,69,10,2793,1,6,2,0.51,5
2882,69,10,2793,1,1,2,0.51,5
2883,70,11,2794,1,6,2,-0.77,178
2883,70,11,2794,1,1,2,-0.77,178
2884,71,30,2795,2,6,2,-0.82,165
2884,71,30,2795,2,1,2,-0.82,165
2885,71,11,2796,2,6,2,0.91,133
2885,71,11,2796,2,1,2,0.91,133
2886,71,11,2797,2,6,2,0.0,159
2886,71,11,2797,2,1,2,0.0,159
2887,71,11,2798,6,6,2,-0.44,152
2887,71,11,2798,6,1,2,-0.44,152
2888,72,17,2799,2,6,2,0.93,50
2888,72,17,2799,2,1,2,0.93,50
2889,72,15,2800,2,6,2,0.9,61
2889,72,15,2800,2,1,2,0.9,61
2890,72,16,2801,2,6,2,-0.36,84
2890,72,16,2801,2,1,2,-0.36,84
2891,72,15,2802,2,6,2,0.98,41
2891,72,15,2802,2,1,2,0.98,41
2892,72,11,2803,1,6,2,-0.81,149
2892,72,11,2803,1,1,2,-0.81,149
2893,72,15,2804,2,6,2,0.98,16
2893,72,15,2804,2,1,2,0.98,16
2894,72,15,2805,2,6,2,0.98,16
2894,72,15,2805,2,1,2,0.98,16
2895,72,30,2806,1,6,2,0.61,31
2895,72,30,2806,1,1,2,0.61,31
2896,72,15,2807,1,6,2,0.48,25
2896,72,15,2807,1,1,2,0.48,25
2897,72,30,2808,4,6,2,-0.81,239
2897,72,30,2808,4,1,2,-0.81,239
2898,72,21,2809,2,6,2,0.76,33
2898,72,21,2809,2,1,2,0.76,33
2899,72,16,2810,2,6,2,0.9,17
2899,72,16,2810,2,1,2,0.9,17
2900,72,16,2811,2,6,2,0.92,11
2900,72,16,2811,2,1,2,0.92,11
2901,72,30,2812,2,6,2,-0.45,11
2901,72,30,2812,2,1,2,-0.45,11
2902,73,11,2813,2,7,2,0.7,265
2902,73,11,2813,2,1,2,0.7,265
2903,74,14,2814,2,7,2,0.5,171
2903,74,14,2814,2,1,2,0.5,171
2904,74,30,2815,1,7,2,0.87,15
2904,74,30,2815,1,1,2,0.87,15
2905,74,30,2816,1,7,2,0.92,14
2905,74,30,2816,1,1,2,0.92,14
2906,75,17,2817,2,7,2,0.99,209
2906,75,17,2817,2,1,2,0.99,209
2907,75,20,2818,1,7,2,0.87,99
2907,75,20,2818,1,1,2,0.87,99
2908,75,19,2819,1,7,2,0.86,122
2908,75,19,2819,1,1,2,0.86,122
2909,75,30,2820,2,7,2,0.9,101
2909,75,30,2820,2,1,2,0.9,101
2910,76,13,2821,2,7,2,0.47,17
2910,76,13,2821,2,1,2,0.47,17
2911,79,17,2822,2,7,2,-0.8,168
2911,79,17,2822,2,1,2,-0.8,168
2912,79,15,2530,2,7,2,-0.9,27
2912,79,15,2530,2,1,2,-0.9,27
2913,79,13,2823,2,7,2,0.58,9
2913,79,13,2823,2,1,2,0.58,9
2914,79,30,2824,2,7,2,0.96,11
2914,79,30,2824,2,1,2,0.96,11
2915,79,11,2825,2,7,2,0.57,15
2915,79,11,2825,2,1,2,0.57,15
2916,81,16,2345,1,8,2,-0.55,39
2916,81,16,2345,1,1,2,-0.55,39
2917,83,12,2826,2,8,2,0.0,239
2917,83,12,2826,2,1,2,0.0,239
2918,83,8,2827,1,8,2,0.59,12
2918,83,8,2827,1,1,2,0.59,12
2919,88,16,2828,4,9,2,-0.87,332
2919,88,16,2828,4,1,2,-0.87,332
2920,88,21,2829,1,9,2,0.76,165
2920,88,21,2829,1,1,2,0.76,165
2921,88,15,2830,4,9,2,0.98,92
2921,88,15,2830,4,1,2,0.98,92
2922,90,17,2831,4,9,2,-0.54,238
2922,90,17,2831,4,1,2,-0.54,238
2923,90,17,2826,1,9,2,0.87,233
2923,90,17,2826,1,1,2,0.87,233
2924,90,12,2832,2,9,2,-0.82,245
2924,90,12,2832,2,1,2,-0.82,245
2925,92,30,2833,1,9,2,0.89,100
2925,92,30,2833,1,1,2,0.89,100
2926,92,18,2834,2,9,2,0.7,162
2926,92,18,2834,2,1,2,0.7,162
2927,93,10,2835,1,9,2,0.97,117
2927,93,10,2835,1,1,2,0.97,117
2928,93,13,2836,2,9,2,-0.48,276
2928,93,13,2836,2,1,2,-0.48,276
2929,94,30,2837,2,9,2,0.96,77
2929,94,30,2837,2,2,2,0.96,77
2929,94,30,2837,2,1,2,0.96,77
2930,94,16,2838,2,9,2,0.44,68
2930,94,16,2838,2,2,2,0.44,68
2930,94,16,2838,2,1,2,0.44,68
2931,94,14,2839,2,9,2,0.45,115
2931,94,14,2839,2,2,2,0.45,115
2931,94,14,2839,2,1,2,0.45,115
2932,95,17,2840,1,9,2,-0.68,112
2932,95,17,2840,1,2,2,-0.68,112
2932,95,17,2840,1,1,2,-0.68,112
2933,95,19,2841,2,9,2,0.92,303
2933,95,19,2841,2,2,2,0.92,303
2933,95,19,2841,2,1,2,0.92,303
2934,95,18,2842,2,9,2,-0.86,272
2934,95,18,2842,2,2,2,-0.86,272
2934,95,18,2842,2,1,2,-0.86,272
2935,96,21,2843,4,10,2,-0.57,235
2935,96,21,2843,4,2,2,-0.57,235
2935,96,21,2843,4,1,2,-0.57,235
2936,96,30,2844,2,10,2,-0.77,334
2936,96,30,2844,2,2,2,-0.77,334
2936,96,30,2844,2,1,2,-0.77,334
2937,96,13,2845,2,10,2,0.51,284
2937,96,13,2845,2,2,2,0.51,284
2937,96,13,2845,2,1,2,0.51,284
2938,97,30,2846,2,10,2,0.75,181
2938,97,30,2846,2,2,2,0.75,181
2938,97,30,2846,2,1,2,0.75,181
2939,97,30,2847,2,10,2,0.77,153
2939,97,30,2847,2,2,2,0.77,153
2939,97,30,2847,2,1,2,0.77,153
2940,97,30,2848,2,10,2,0.66,209
2940,97,30,2848,2,2,2,0.66,209
2940,97,30,2848,2,1,2,0.66,209
2941,98,20,2849,3,10,2,0.7,87
2941,98,20,2849,3,2,2,0.7,87
2941,98,20,2849,3,1,2,0.7,87
2942,98,18,2850,2,10,2,-0.68,138
2942,98,18,2850,2,2,2,-0.68,138
2942,98,18,2850,2,1,2,-0.68,138
2943,98,21,2851,1,10,2,-0.49,70
2943,98,21,2851,1,2,2,-0.49,70
2943,98,21,2851,1,1,2,-0.49,70
2944,99,21,2852,4,10,2,-0.74,237
2944,99,21,2852,4,2,2,-0.74,237
2944,99,21,2852,4,1,2,-0.74,237
2945,99,21,2853,2,10,2,-0.96,233
2945,99,21,2853,2,2,2,-0.96,233
2945,99,21,2853,2,1,2,-0.96,233
2946,99,21,2854,2,10,2,0.92,84
2946,99,21,2854,2,2,2,0.92,84
2946,99,21,2854,2,1,2,0.92,84
2947,100,21,2855,2,10,2,0.81,52
2947,100,21,2855,2,2,2,0.81,52
2947,100,21,2855,2,1,2,0.81,52
2948,100,21,2856,2,10,2,0.96,56
2948,100,21,2856,2,2,2,0.96,56
2948,100,21,2856,2,1,2,0.96,56
2949,100,21,2857,2,10,2,0.97,59
2949,100,21,2857,2,2,2,0.97,59
2949,100,21,2857,2,1,2,0.97,59
2950,101,16,2858,2,10,2,0.42,239
2950,101,16,2858,2,2,2,0.42,239
2950,101,16,2858,2,1,2,0.42,239
2951,101,30,2859,2,10,2,0.98,73
2951,101,30,2859,2,2,2,0.98,73
2951,101,30,2859,2,1,2,0.98,73
2952,102,20,2860,2,10,2,0.99,83
2952,102,20,2860,2,2,2,0.99,83
2952,102,20,2860,2,1,2,0.99,83
2953,102,30,2861,1,10,2,0.69,239
2953,102,30,2861,1,2,2,0.69,239
2953,102,30,2861,1,1,2,0.69,239
2954,102,30,2862,2,10,2,0.98,217
2954,102,30,2862,2,2,2,0.98,217
2954,102,30,2862,2,1,2,0.98,217
2955,103,30,2863,2,10,2,-0.81,232
2955,103,30,2863,2,2,2,-0.81,232
2955,103,30,2863,2,1,2,-0.81,232
2956,103,9,2864,4,10,2,0.53,131
2956,103,9,2864,4,2,2,0.53,131
2956,103,9,2864,4,1,2,0.53,131
2957,103,11,2865,4,10,2,0.53,133
2957,103,11,2865,4,2,2,0.53,133
2957,103,11,2865,4,1,2,0.53,133
2958,105,30,2866,2,11,2,0.99,35
2958,105,30,2866,2,2,2,0.99,35
2959,105,30,2867,2,11,2,0.98,16
2959,105,30,2867,2,2,2,0.98,16
2960,105,18,2868,1,11,2,0.44,105
2960,105,18,2868,1,2,2,0.44,105
2961,106,30,2869,1,11,2,0.83,294
2961,106,30,2869,1,2,2,0.83,294
2962,106,11,2870,1,11,2,-0.53,265
2962,106,11,2870,1,2,2,-0.53,265
2963,106,17,2871,2,11,2,-0.56,58
2963,106,17,2871,2,2,2,-0.56,58
2964,107,13,2872,5,11,2,-0.52,232
2964,107,13,2872,5,2,2,-0.52,232
2965,107,11,2873,2,11,2,-0.75,237
2965,107,11,2873,2,2,2,-0.75,237
2966,107,30,2874,5,11,2,-0.5,242
2966,107,30,2874,5,2,2,-0.5,242
2967,108,16,2875,2,11,2,0.92,194
2967,108,16,2875,2,2,2,0.92,194
2968,108,30,2876,2,11,2,0.92,11
2968,108,30,2876,2,2,2,0.92,11
2969,108,30,2877,1,11,2,0.98,54
2969,108,30,2877,1,2,2,0.98,54
2970,110,16,2878,2,11,2,-0.42,64
2970,110,16,2878,2,2,2,-0.42,64
2971,110,11,2879,2,11,2,-0.74,178
2971,110,11,2879,2,2,2,-0.74,178
2972,110,10,2880,2,11,2,-0.71,215
2972,110,10,2880,2,2,2,-0.71,215
2973,111,7,2881,1,11,2,0.92,78
2973,111,7,2881,1,2,2,0.92,78
2974,111,10,2882,2,11,2,0.96,21
2974,111,10,2882,2,2,2,0.96,21
2975,111,30,2883,2,11,2,0.99,38
2975,111,30,2883,2,2,2,0.99,38
2976,112,16,2884,2,12,2,0.55,187
2976,112,16,2884,2,2,2,0.55,187
2977,112,11,2885,2,12,2,0.0,139
2977,112,11,2885,2,2,2,0.0,139
2978,112,30,2886,1,12,2,0.42,1
2978,112,30,2886,1,2,2,0.42,1
2979,113,9,2887,2,12,2,-0.49,239
2979,113,9,2887,2,2,2,-0.49,239
2980,113,30,2888,1,12,2,0.42,1
2980,113,30,2888,1,2,2,0.42,1
2981,113,19,2889,1,12,2,0.0,24
2981,113,19,2889,1,2,2,0.0,24
2982,115,8,2890,2,12,2,0.77,161
2982,115,8,2890,2,2,2,0.77,161
2983,115,9,2891,2,12,2,0.98,31
2983,115,9,2891,2,2,2,0.98,31
2984,115,8,2892,2,12,2,0.75,39
2984,115,8,2892,2,2,2,0.75,39
2985,119,21,2893,3,13,2,-0.83,186
2985,119,21,2893,3,3,2,-0.83,186
2985,119,21,2893,3,2,2,-0.83,186
2986,119,11,2894,3,13,2,-0.51,148
2986,119,11,2894,3,3,2,-0.51,148
2986,119,11,2894,3,2,2,-0.51,148
2987,119,8,2895,2,13,2,-0.59,120
2987,119,8,2895,2,3,2,-0.59,120
2987,119,8,2895,2,2,2,-0.59,120
2988,120,15,2896,3,13,2,-0.61,236
2988,120,15,2896,3,3,2,-0.61,236
2988,120,15,2896,3,2,2,-0.61,236
2989,120,7,2897,2,13,2,0.78,196
2989,120,7,2897,2,3,2,0.78,196
2989,120,7,2897,2,2,2,0.78,196
2990,120,10,2898,2,13,2,-0.51,168
2990,120,10,2898,2,3,2,-0.51,168
2990,120,10,2898,2,2,2,-0.51,168
2991,121,21,2899,5,14,2,0.49,236
2991,121,21,2899,5,4,2,0.49,236
2991,121,21,2899,5,2,2,0.49,236
2992,121,17,2900,1,14,2,-0.76,187
2992,121,17,2900,1,4,2,-0.76,187
2992,121,17,2900,1,2,2,-0.76,187
2993,121,16,2901,2,14,2,0.9,91
2993,121,16,2901,2,4,2,0.9,91
2993,121,16,2901,2,2,2,0.9,91
2994,121,17,2902,2,14,2,-0.92,162
2994,121,17,2902,2,4,2,-0.92,162
2994,121,17,2902,2,2,2,-0.92,162
2995,121,30,2903,2,14,2,-0.98,240
2995,121,30,2903,2,4,2,-0.98,240
2995,121,30,2903,2,2,2,-0.98,240
2996,121,30,2903,2,14,2,-0.92,291
2996,121,30,2903,2,4,2,-0.92,291
2996,121,30,2903,2,2,2,-0.92,291
2997,121,30,2904,2,14,2,0.91,336
2997,121,30,2904,2,4,2,0.91,336
2997,121,30,2904,2,2,2,0.91,336
2998,121,15,2905,1,14,2,-0.73,158
2998,121,15,2905,1,4,2,-0.73,158
2998,121,15,2905,1,2,2,-0.73,158
2999,121,30,2906,2,14,2,0.6,288
2999,121,30,2906,2,4,2,0.6,288
2999,121,30,2906,2,2,2,0.6,288
3000,121,30,2907,2,14,2,0.96,197
3000,121,30,2907,2,4,2,0.96,197
3000,121,30,2907,2,2,2,0.96,197
3001,122,30,2908,2,14,2,0.73,268
3001,122,30,2908,2,4,2,0.73,268
3001,122,30,2908,2,2,2,0.73,268
3002,122,19,2909,2,14,2,-0.88,158
3002,122,19,2909,2,4,2,-0.88,158
3002,122,19,2909,2,2,2,-0.88,158
3003,122,19,2910,4,14,2,-0.96,233
3003,122,19,2910,4,4,2,-0.96,233
3003,122,19,2910,4,2,2,-0.96,233
3004,122,18,2911,2,14,2,-0.83,208
3004,122,18,2911,2,4,2,-0.83,208
3004,122,18,2911,2,2,2,-0.83,208
3005,122,30,2912,2,14,2,0.9,239
3005,122,30,2912,2,4,2,0.9,239
3005,122,30,2912,2,2,2,0.9,239
3006,122,30,2913,2,14,2,0.95,208
3006,122,30,2913,2,4,2,0.95,208
3006,122,30,2913,2,2,2,0.95,208
3007,122,30,2914,2,14,2,0.95,225
3007,122,30,2914,2,4,2,0.95,225
3007,122,30,2914,2,2,2,0.95,225
3008,122,19,2915,2,14,2,0.88,56
3008,122,19,2915,2,4,2,0.88,56
3008,122,19,2915,2,2,2,0.88,56
3009,122,30,2916,2,14,2,0.95,179
3009,122,30,2916,2,4,2,0.95,179
3009,122,30,2916,2,2,2,0.95,179
3010,122,30,2917,2,14,2,0.67,231
3010,122,30,2917,2,4,2,0.67,231
3010,122,30,2917,2,2,2,0.67,231
3011,122,30,2918,2,14,2,-0.98,154
3011,122,30,2918,2,4,2,-0.98,154
3011,122,30,2918,2,2,2,-0.98,154
3012,122,30,2919,2,14,2,0.97,129
3012,122,30,2919,2,4,2,0.97,129
3012,122,30,2919,2,2,2,0.97,129
3013,122,11,2920,3,14,2,-0.97,239
3013,122,11,2920,3,4,2,-0.97,239
3013,122,11,2920,3,2,2,-0.97,239
3014,122,30,2921,4,14,2,0.44,238
3014,122,30,2921,4,4,2,0.44,238
3014,122,30,2921,4,2,2,0.44,238
3015,122,30,2922,2,14,2,0.93,113
3015,122,30,2922,2,4,2,0.93,113
3015,122,30,2922,2,2,2,0.93,113
3016,122,30,2923,2,14,2,0.97,67
3016,122,30,2923,2,4,2,0.97,67
3016,122,30,2923,2,2,2,0.97,67
3017,122,14,2924,2,14,2,0.92,66
3017,122,14,2924,2,4,2,0.92,66
3017,122,14,2924,2,2,2,0.92,66
3018,122,30,2925,2,14,2,0.81,193
3018,122,30,2925,2,4,2,0.81,193
3018,122,30,2925,2,2,2,0.81,193
3019,122,30,2926,2,14,2,0.75,194
3019,122,30,2926,2,4,2,0.75,194
3019,122,30,2926,2,2,2,0.75,194
3020,122,30,2927,2,14,2,0.57,114
3020,122,30,2927,2,4,2,0.57,114
3020,122,30,2927,2,2,2,0.57,114
3021,122,30,2928,2,14,2,0.85,182
3021,122,30,2928,2,4,2,0.85,182
3021,122,30,2928,2,2,2,0.85,182
3022,122,30,2929,2,14,2,0.98,90
3022,122,30,2929,2,4,2,0.98,90
3022,122,30,2929,2,2,2,0.98,90
3023,122,14,2930,1,14,2,-0.54,85
3023,122,14,2930,1,4,2,-0.54,85
3023,122,14,2930,1,2,2,-0.54,85
3024,122,30,2931,2,14,2,0.98,88
3024,122,30,2931,2,4,2,0.98,88
3024,122,30,2931,2,2,2,0.98,88
3025,122,11,2932,2,14,2,0.45,93
3025,122,11,2932,2,4,2,0.45,93
3025,122,11,2932,2,2,2,0.45,93
3026,122,30,2933,2,14,2,0.95,110
3026,122,30,2933,2,4,2,0.95,110
3026,122,30,2933,2,2,2,0.95,110
3027,122,30,2934,2,14,2,0.97,96
3027,122,30,2934,2,4,2,0.97,96
3027,122,30,2934,2,2,2,0.97,96
3028,122,30,2935,2,14,2,0.95,80
3028,122,30,2935,2,4,2,0.95,80
3028,122,30,2935,2,2,2,0.95,80
3029,122,30,2936,2,14,2,0.95,107
3029,122,30,2936,2,4,2,0.95,107
3029,122,30,2936,2,2,2,0.95,107
3030,122,30,2937,2,14,2,0.98,57
3030,122,30,2937,2,4,2,0.98,57
3030,122,30,2937,2,2,2,0.98,57
3031,122,30,2938,2,14,2,0.87,60
3031,122,30,2938,2,4,2,0.87,60
3031,122,30,2938,2,2,2,0.87,60
3032,122,30,2939,1,14,2,0.94,61
3032,122,30,2939,1,4,2,0.94,61
3032,122,30,2939,1,2,2,0.94,61
3033,122,18,2940,2,14,2,-0.44,17
3033,122,18,2940,2,4,2,-0.44,17
3033,122,18,2940,2,2,2,-0.44,17
3034,122,30,2941,2,14,2,0.9,51
3034,122,30,2941,2,4,2,0.9,51
3034,122,30,2941,2,2,2,0.9,51
3035,122,30,2552,2,14,2,0.97,42
3035,122,30,2552,2,4,2,0.97,42
3035,122,30,2552,2,2,2,0.97,42
3036,122,30,2942,2,14,2,0.99,42
3036,122,30,2942,2,4,2,0.99,42
3036,122,30,2942,2,2,2,0.99,42
3037,122,30,2943,2,14,2,0.91,56
3037,122,30,2943,2,4,2,0.91,56
3037,122,30,2943,2,2,2,0.91,56
3038,122,30,2944,2,14,2,0.93,47
3038,122,30,2944,2,4,2,0.93,47
3038,122,30,2944,2,2,2,0.93,47
3039,122,30,2945,2,14,2,0.49,28
3039,122,30,2945,2,4,2,0.49,28
3039,122,30,2945,2,2,2,0.49,28
3040,122,30,2946,1,14,2,0.96,56
3040,122,30,2946,1,4,2,0.96,56
3040,122,30,2946,1,2,2,0.96,56
3041,122,30,2947,2,14,2,0.97,19
3041,122,30,2947,2,4,2,0.97,19
3041,122,30,2947,2,2,2,0.97,19
3042,122,30,2948,2,14,2,0.96,27
3042,122,30,2948,2,4,2,0.96,27
3042,122,30,2948,2,2,2,0.96,27
3043,122,30,2949,2,14,2,-0.48,34
3043,122,30,2949,2,4,2,-0.48,34
3043,122,30,2949,2,2,2,-0.48,34
3044,122,30,2950,2,14,2,0.98,24
3044,122,30,2950,2,4,2,0.98,24
3044,122,30,2950,2,2,2,0.98,24
3045,122,30,2951,2,14,2,0.82,47
3045,122,30,2951,2,4,2,0.82,47
3045,122,30,2951,2,2,2,0.82,47
3046,122,30,2952,2,14,2,0.98,16
3046,122,30,2952,2,4,2,0.98,16
3046,122,30,2952,2,2,2,0.98,16
3047,122,30,2953,2,14,2,0.97,23
3047,122,30,2953,2,4,2,0.97,23
3047,122,30,2953,2,2,2,0.97,23
3048,122,30,2954,2,14,2,0.98,16
3048,122,30,2954,2,4,2,0.98,16
3048,122,30,2954,2,2,2,0.98,16
3049,122,30,2955,2,14,2,0.46,21
3049,122,30,2955,2,4,2,0.46,21
3049,122,30,2955,2,2,2,0.46,21
3050,122,30,2956,2,14,2,0.9,17
3050,122,30,2956,2,4,2,0.9,17
3050,122,30,2956,2,2,2,0.9,17
3051,122,30,2957,2,14,2,0.92,11
3051,122,30,2957,2,4,2,0.92,11
3051,122,30,2957,2,2,2,0.92,11
3052,122,30,2958,1,14,2,0.75,4
3052,122,30,2958,1,4,2,0.75,4
3052,122,30,2958,1,2,2,0.75,4
3053,122,30,2959,2,14,2,0.98,16
3053,122,30,2959,2,4,2,0.98,16
3053,122,30,2959,2,2,2,0.98,16
3054,122,30,2960,2,14,2,0.68,16
3054,122,30,2960,2,4,2,0.68,16
3054,122,30,2960,2,2,2,0.68,16
3055,122,30,2961,2,14,2,0.92,11
3055,122,30,2961,2,4,2,0.92,11
3055,122,30,2961,2,2,2,0.92,11
3056,122,30,2962,1,14,2,-0.51,19
3056,122,30,2962,1,4,2,-0.51,19
3056,122,30,2962,1,2,2,-0.51,19
3057,122,30,2963,1,14,2,0.96,4
3057,122,30,2963,1,4,2,0.96,4
3057,122,30,2963,1,2,2,0.96,4
3058,122,30,2964,2,14,2,0.98,16
3058,122,30,2964,2,4,2,0.98,16
3058,122,30,2964,2,2,2,0.98,16
3059,122,30,2965,1,14,2,0.42,1
3059,122,30,2965,1,4,2,0.42,1
3059,122,30,2965,1,2,2,0.42,1
3060,122,30,2966,1,14,2,0.42,1
3060,122,30,2966,1,4,2,0.42,1
3060,122,30,2966,1,2,2,0.42,1
3061,122,30,2967,2,14,2,0.92,11
3061,122,30,2967,2,4,2,0.92,11
3061,122,30,2967,2,2,2,0.92,11
3062,122,30,2968,1,14,2,0.75,4
3062,122,30,2968,1,4,2,0.75,4
3062,122,30,2968,1,2,2,0.75,4
3063,122,30,2969,1,14,2,0.77,11
3063,122,30,2969,1,4,2,0.77,11
3063,122,30,2969,1,2,2,0.77,11
3064,122,30,2970,2,14,2,0.92,11
3064,122,30,2970,2,4,2,0.92,11
3064,122,30,2970,2,2,2,0.92,11
3065,122,19,2971,2,14,2,-0.97,121
3065,122,19,2971,2,4,2,-0.97,121
3065,122,19,2971,2,2,2,-0.97,121
3066,122,18,2972,2,14,2,0.0,125
3066,122,18,2972,2,4,2,0.0,125
3066,122,18,2972,2,2,2,0.0,125
3067,122,30,2973,3,14,2,0.89,137
3067,122,30,2973,3,4,2,0.89,137
3067,122,30,2973,3,2,2,0.89,137
3068,122,30,2974,1,14,2,0.91,133
3068,122,30,2974,1,4,2,0.91,133
3068,122,30,2974,1,2,2,0.91,133
3069,122,30,2975,1,14,2,0.96,129
3069,122,30,2975,1,4,2,0.96,129
3069,122,30,2975,1,2,2,0.96,129
3070,122,30,2976,2,14,2,0.98,125
3070,122,30,2976,2,4,2,0.98,125
3070,122,30,2976,2,2,2,0.98,125
3071,122,30,2977,2,14,2,0.89,102
3071,122,30,2977,2,4,2,0.89,102
3071,122,30,2977,2,2,2,0.89,102
3072,122,30,2978,1,14,2,-0.37,79
3072,122,30,2978,1,4,2,-0.37,79
3072,122,30,2978,1,2,2,-0.37,79
3073,122,30,2979,2,14,2,0.97,55
3073,122,30,2979,2,4,2,0.97,55
3073,122,30,2979,2,2,2,0.97,55
3074,122,30,2980,2,14,2,0.93,24
3074,122,30,2980,2,4,2,0.93,24
3074,122,30,2980,2,2,2,0.93,24
3075,122,30,2981,2,14,2,0.95,72
3075,122,30,2981,2,4,2,0.95,72
3075,122,30,2981,2,2,2,0.95,72
3076,122,30,2982,1,14,2,0.52,61
3076,122,30,2982,1,4,2,0.52,61
3076,122,30,2982,1,2,2,0.52,61
3077,122,30,2983,2,14,2,0.97,51
3077,122,30,2983,2,4,2,0.97,51
3077,122,30,2983,2,2,2,0.97,51
3078,122,30,2984,2,14,2,0.99,51
3078,122,30,2984,2,4,2,0.99,51
3078,122,30,2984,2,2,2,0.99,51
3079,122,30,2985,2,14,2,0.96,17
3079,122,30,2985,2,4,2,0.96,17
3079,122,30,2985,2,2,2,0.96,17
3080,122,20,2986,2,14,2,0.57,15
3080,122,20,2986,2,4,2,0.57,15
3080,122,20,2986,2,2,2,0.57,15
3081,122,30,2987,2,14,2,0.97,33
3081,122,30,2987,2,4,2,0.97,33
3081,122,30,2987,2,2,2,0.97,33
3082,122,30,2988,2,14,2,0.97,25
3082,122,30,2988,2,4,2,0.97,25
3082,122,30,2988,2,2,2,0.97,25
3083,122,30,2989,1,14,2,0.97,33
3083,122,30,2989,1,4,2,0.97,33
3083,122,30,2989,1,2,2,0.97,33
3084,122,30,2990,2,14,2,0.87,26
3084,122,30,2990,2,4,2,0.87,26
3084,122,30,2990,2,2,2,0.87,26
3085,122,30,2991,2,14,2,0.96,17
3085,122,30,2991,2,4,2,0.96,17
3085,122,30,2991,2,2,2,0.96,17
3086,122,18,2992,2,14,2,0.0,11
3086,122,18,2992,2,4,2,0.0,11
3086,122,18,2992,2,2,2,0.0,11
3087,122,30,2993,2,14,2,0.92,11
3087,122,30,2993,2,4,2,0.92,11
3087,122,30,2993,2,2,2,0.92,11
3088,122,30,2994,2,14,2,0.63,24
3088,122,30,2994,2,4,2,0.63,24
3088,122,30,2994,2,2,2,0.63,24
3089,122,30,2995,2,14,2,0.95,16
3089,122,30,2995,2,4,2,0.95,16
3089,122,30,2995,2,2,2,0.95,16
3090,122,30,2996,2,14,2,0.67,17
3090,122,30,2996,2,4,2,0.67,17
3090,122,30,2996,2,2,2,0.67,17
3091,122,30,2997,1,14,2,0.53,14
3091,122,30,2997,1,4,2,0.53,14
3091,122,30,2997,1,2,2,0.53,14
3092,122,30,2998,1,14,2,-0.35,16
3092,122,30,2998,1,4,2,-0.35,16
3092,122,30,2998,1,2,2,-0.35,16
3093,122,30,2999,1,14,2,0.73,12
3093,122,30,2999,1,4,2,0.73,12
3093,122,30,2999,1,2,2,0.73,12
3094,122,30,3000,2,14,2,0.96,17
3094,122,30,3000,2,4,2,0.96,17
3094,122,30,3000,2,2,2,0.96,17
3095,122,30,3001,3,14,2,0.51,16
3095,122,30,3001,3,4,2,0.51,16
3095,122,30,3001,3,2,2,0.51,16
3096,122,30,3002,1,14,2,0.83,10
3096,122,30,3002,1,4,2,0.83,10
3096,122,30,3002,1,2,2,0.83,10
3097,122,30,3003,1,14,2,0.5,16
3097,122,30,3003,1,4,2,0.5,16
3097,122,30,3003,1,2,2,0.5,16
3098,122,30,3004,1,14,2,0.7,17
3098,122,30,3004,1,4,2,0.7,17
3098,122,30,3004,1,2,2,0.7,17
3099,122,24,3005,1,14,2,0.88,46
3099,122,24,3005,1,4,2,0.88,46
3099,122,24,3005,1,2,2,0.88,46
3100,123,19,3006,2,14,2,-0.54,217
3100,123,19,3006,2,4,2,-0.54,217
3100,123,19,3006,2,2,2,-0.54,217
3101,123,17,3007,3,14,2,-0.91,332
3101,123,17,3007,3,4,2,-0.91,332
3101,123,17,3007,3,2,2,-0.91,332
3102,123,21,3008,1,14,2,-0.52,146
3102,123,21,3008,1,4,2,-0.52,146
3102,123,21,3008,1,2,2,-0.52,146
3103,124,17,3009,2,14,2,-0.98,213
3103,124,17,3009,2,4,2,-0.98,213
3103,124,17,3009,2,2,2,-0.98,213
3104,124,30,3010,2,14,2,0.46,156
3104,124,30,3010,2,4,2,0.46,156
3104,124,30,3010,2,2,2,0.46,156
3105,124,30,3011,3,14,2,-0.96,239
3105,124,30,3011,3,4,2,-0.96,239
3105,124,30,3011,3,2,2,-0.96,239
3106,125,21,3012,1,14,2,0.0,127
3106,125,21,3012,1,4,2,0.0,127
3106,125,21,3012,1,2,2,0.0,127
3107,125,21,3013,2,14,2,0.7,55
3107,125,21,3013,2,4,2,0.7,55
3107,125,21,3013,2,2,2,0.7,55
3108,125,30,3014,4,14,2,-0.76,177
3108,125,30,3014,4,4,2,-0.76,177
3108,125,30,3014,4,2,2,-0.76,177
3109,126,7,3015,1,15,2,-0.96,101
3109,126,7,3015,1,4,2,-0.96,101
3109,126,7,3015,1,2,2,-0.96,101
3110,126,9,3016,2,15,2,-0.52,110
3110,126,9,3016,2,4,2,-0.52,110
3110,126,9,3016,2,2,2,-0.52,110
3111,126,30,3017,1,15,2,-0.8,102
3111,126,30,3017,1,4,2,-0.8,102
3111,126,30,3017,1,2,2,-0.8,102
3112,126,11,3018,2,15,2,0.97,44
3112,126,11,3018,2,4,2,0.97,44
3112,126,11,3018,2,2,2,0.97,44
3113,126,9,3019,2,15,2,-0.72,31
3113,126,9,3019,2,4,2,-0.72,31
3113,126,9,3019,2,2,2,-0.72,31
3114,126,11,3020,3,15,2,0.97,142
3114,126,11,3020,3,4,2,0.97,142
3114,126,11,3020,3,2,2,0.97,142
3115,126,17,3021,1,15,2,0.0,16
3115,126,17,3021,1,4,2,0.0,16
3115,126,17,3021,1,2,2,0.0,16
3116,126,10,3022,2,15,2,-0.94,205
3116,126,10,3022,2,4,2,-0.94,205
3116,126,10,3022,2,2,2,-0.94,205
3117,126,10,3023,2,15,2,-0.98,80
3117,126,10,3023,2,4,2,-0.98,80
3117,126,10,3023,2,2,2,-0.98,80
3118,126,10,3024,2,15,2,0.97,93
3118,126,10,3024,2,4,2,0.97,93
3118,126,10,3024,2,2,2,0.97,93
3119,127,15,3025,2,15,2,-0.73,239
3119,127,15,3025,2,4,2,-0.73,239
3119,127,15,3025,2,2,2,-0.73,239
3120,127,20,3026,2,15,2,-0.39,164
3120,127,20,3026,2,4,2,-0.39,164
3120,127,20,3026,2,2,2,-0.39,164
3121,127,15,3027,2,15,2,0.9,100
3121,127,15,3027,2,4,2,0.9,100
3121,127,15,3027,2,2,2,0.9,100
3122,128,30,3028,2,15,2,0.92,172
3122,128,30,3028,2,4,2,0.92,172
3122,128,30,3028,2,2,2,0.92,172
3123,128,18,3029,3,15,2,-0.96,195
3123,128,18,3029,3,4,2,-0.96,195
3123,128,18,3029,3,2,2,-0.96,195
3124,128,30,3030,2,15,2,0.79,36
3124,128,30,3030,2,4,2,0.79,36
3124,128,30,3030,2,2,2,0.79,36
3125,129,20,3031,2,15,2,-0.9,96
3125,129,20,3031,2,4,2,-0.9,96
3125,129,20,3031,2,3,2,-0.9,96
3126,130,30,3032,1,2,2,0.44,60
3126,130,30,3032,1,4,2,0.44,60
3126,130,30,3032,1,3,2,0.44,60
3127,130,9,3033,1,2,2,0.49,12
3127,130,9,3033,1,4,2,0.49,12
3127,130,9,3033,1,3,2,0.49,12
3128,130,18,3034,5,2,2,0.99,31
3128,130,18,3034,5,4,2,0.99,31
3128,130,18,3034,5,3,2,0.99,31
3129,131,12,3035,2,2,2,0.99,198
3129,131,12,3035,2,4,2,0.99,198
3129,131,12,3035,2,3,2,0.99,198
3130,131,8,3036,1,2,2,0.86,73
3130,131,8,3036,1,4,2,0.86,73
3130,131,8,3036,1,3,2,0.86,73
3131,131,7,3037,3,2,2,0.71,114
3131,131,7,3037,3,4,2,0.71,114
3131,131,7,3037,3,3,2,0.71,114
3132,132,10,3038,2,2,2,0.46,146
3132,132,10,3038,2,4,2,0.46,146
3132,132,10,3038,2,3,2,0.46,146
3133,132,10,3039,2,2,2,0.96,18
3133,132,10,3039,2,4,2,0.96,18
3133,132,10,3039,2,3,2,0.96,18
3134,132,11,3040,2,2,2,0.92,11
3134,132,11,3040,2,4,2,0.92,11
3134,132,11,3040,2,3,2,0.92,11
3135,133,27,3041,2,2,2,0.73,31
3135,133,27,3041,2,4,2,0.73,31
3135,133,27,3041,2,3,2,0.73,31
3136,133,21,3042,3,2,2,-0.64,185
3136,133,21,3042,3,4,2,-0.64,185
3136,133,21,3042,3,3,2,-0.64,185
3137,133,18,3043,1,2,2,0.52,6
3137,133,18,3043,1,4,2,0.52,6
3137,133,18,3043,1,3,2,0.52,6
3138,134,17,3044,2,2,2,0.86,169
3138,134,17,3044,2,4,2,0.86,169
3138,134,17,3044,2,3,2,0.86,169
3139,134,17,3045,2,2,2,0.7,88
3139,134,17,3045,2,4,2,0.7,88
3139,134,17,3045,2,3,2,0.7,88
3140,134,30,3046,2,2,2,-0.51,157
3140,134,30,3046,2,4,2,-0.51,157
3140,134,30,3046,2,3,2,-0.51,157
3141,135,17,3047,2,2,2,0.72,208
3141,135,17,3047,2,4,2,0.72,208
3141,135,17,3047,2,3,2,0.72,208
3142,135,11,3048,1,2,2,-0.65,187
3142,135,11,3048,1,4,2,-0.65,187
3142,135,11,3048,1,3,2,-0.65,187
3143,136,16,3049,2,2,2,-0.77,95
3143,136,16,3049,2,4,2,-0.77,95
3143,136,16,3049,2,3,2,-0.77,95
3144,136,16,3047,1,2,2,0.41,61
3144,136,16,3047,1,4,2,0.41,61
3144,136,16,3047,1,3,2,0.41,61
3145,136,11,3050,4,2,2,-0.71,238
3145,136,11,3050,4,4,2,-0.71,238
3145,136,11,3050,4,3,2,-0.71,238
3146,137,9,3051,1,4,2,-0.45,70
3146,137,9,3051,1,3,2,-0.45,70
3147,137,9,3052,1,4,2,0.74,16
3147,137,9,3052,1,3,2,0.74,16
3148,137,8,3053,1,4,2,-0.97,40
3148,137,8,3053,1,3,2,-0.97,40
3149,138,21,3054,2,4,2,0.58,152
3149,138,21,3054,2,3,2,0.58,152
3150,138,18,3055,1,4,2,0.73,107
3150,138,18,3055,1,3,2,0.73,107
3151,138,19,3056,2,4,2,0.6,61
3151,138,19,3056,2,3,2,0.6,61
3152,139,30,3057,2,4,2,0.95,240
3152,139,30,3057,2,3,2,0.95,240
3153,139,15,3058,2,4,2,0.92,11
3153,139,15,3058,2,3,2,0.92,11
3154,139,30,3059,2,4,2,-0.38,239
3154,139,30,3059,2,3,2,-0.38,239
3155,140,12,3060,2,4,2,0.89,215
3155,140,12,3060,2,3,2,0.89,215
3156,140,18,3061,2,4,2,0.41,120
3156,140,18,3061,2,3,2,0.41,120
3157,140,30,3062,2,4,2,-0.49,124
3157,140,30,3062,2,3,2,-0.49,124
3158,140,19,3063,2,4,2,-0.68,59
3158,140,19,3063,2,3,2,-0.68,59
3159,140,16,3064,2,4,2,-0.93,67
3159,140,16,3064,2,3,2,-0.93,67
3160,140,11,3065,1,4,2,0.73,110
3160,140,11,3065,1,3,2,0.73,110
3161,140,30,3066,2,4,2,-0.36,236
3161,140,30,3066,2,3,2,-0.36,236
3162,140,30,3067,6,4,2,0.83,236
3162,140,30,3067,6,3,2,0.83,236
3163,140,12,3068,4,4,2,-0.65,271
3163,140,12,3068,4,3,2,-0.65,271
3164,140,11,3069,3,4,2,-0.7,238
3164,140,11,3069,3,3,2,-0.7,238
3165,140,30,3070,2,4,2,-0.82,239
3165,140,30,3070,2,3,2,-0.82,239
3166,140,14,3071,2,4,2,-0.65,152
3166,140,14,3071,2,3,2,-0.65,152
3167,140,30,3072,2,4,2,-0.8,243
3167,140,30,3072,2,3,2,-0.8,243
3168,140,30,3073,2,4,2,0.94,200
3168,140,30,3073,2,3,2,0.94,200
3169,140,19,3074,1,4,2,-0.36,32
3169,140,19,3074,1,3,2,-0.36,32
3170,140,11,3075,4,4,2,0.49,177
3170,140,11,3075,4,3,2,0.49,177
3171,140,30,3076,1,4,2,-0.61,78
3171,140,30,3076,1,3,2,-0.61,78
3172,140,10,3077,1,4,2,-0.9,214
3172,140,10,3077,1,3,2,-0.9,214
3173,140,7,3078,6,4,2,-0.48,236
3173,140,7,3078,6,3,2,-0.48,236
3174,140,9,3079,2,4,2,-0.51,149
3174,140,9,3079,2,3,2,-0.51,149
3175,140,7,3080,4,4,2,-0.41,224
3175,140,7,3080,4,3,2,-0.41,224
3176,140,10,3081,3,4,2,0.86,234
3176,140,10,3081,3,3,2,0.86,234
3177,140,11,3082,3,4,2,0.8,138
3177,140,11,3082,3,3,2,0.8,138
3178,140,6,3083,1,4,2,-0.49,239
3178,140,6,3083,1,3,2,-0.49,239
3179,140,6,3084,2,4,2,0.57,215
3179,140,6,3084,2,3,2,0.57,215
3180,140,30,3085,2,4,2,0.99,96
3180,140,30,3085,2,3,2,0.99,96
3181,140,9,3086,1,4,2,-0.91,181
3181,140,9,3086,1,3,2,-0.91,181
3182,140,9,3087,2,4,2,-0.67,167
3182,140,9,3087,2,3,2,-0.67,167
3183,140,6,3088,1,4,2,-0.66,299
3183,140,6,3088,1,3,2,-0.66,299
3184,140,6,3089,3,4,2,-0.93,176
3184,140,6,3089,3,3,2,-0.93,176
3185,140,30,3090,2,4,2,0.98,44
3185,140,30,3090,2,3,2,0.98,44
3186,140,30,3091,2,4,2,-0.73,44
3186,140,30,3091,2,3,2,-0.73,44
3187,140,30,3092,2,4,2,0.76,34
3187,140,30,3092,2,3,2,0.76,34
3188,140,30,3093,2,4,2,0.98,54
3188,140,30,3093,2,3,2,0.98,54
3189,140,9,3094,1,4,2,-0.62,124
3189,140,9,3094,1,3,2,-0.62,124
3190,140,30,3095,2,4,2,-0.55,93
3190,140,30,3095,2,3,2,-0.55,93
3191,140,10,3096,2,4,2,0.97,53
3191,140,10,3096,2,3,2,0.97,53
3192,140,30,3097,2,4,2,0.96,39
3192,140,30,3097,2,3,2,0.96,39
3193,140,9,3098,2,4,2,-0.51,63
3193,140,9,3098,2,3,2,-0.51,63
3194,140,8,3099,1,4,2,-0.92,85
3194,140,8,3099,1,3,2,-0.92,85
3195,140,11,3100,1,4,2,-0.61,67
3195,140,11,3100,1,3,2,-0.61,67
3196,140,9,3101,3,4,2,0.79,85
3196,140,9,3101,3,3,2,0.79,85
3197,140,8,3102,2,4,2,-0.9,36
3197,140,8,3102,2,3,2,-0.9,36
3198,140,7,3103,1,4,2,0.79,69
3198,140,7,3103,1,3,2,0.79,69
3199,140,10,3104,1,4,2,-0.57,50
3199,140,10,3104,1,3,2,-0.57,50
3200,140,11,3105,2,4,2,0.98,48
3200,140,11,3105,2,3,2,0.98,48
3201,140,7,3106,1,4,2,-0.7,101
3201,140,7,3106,1,3,2,-0.7,101
3202,140,9,3107,2,4,2,-0.34,70
3202,140,9,3107,2,3,2,-0.34,70
3203,140,8,3108,2,4,2,-0.98,67
3203,140,8,3108,2,3,2,-0.98,67
3204,140,8,3109,2,4,2,-0.61,62
3204,140,8,3109,2,3,2,-0.61,62
3205,140,9,3110,2,4,2,0.0,79
3205,140,9,3110,2,3,2,0.0,79
3206,140,7,1344,2,4,2,0.87,54
3206,140,7,1344,2,3,2,0.87,54
3207,140,9,3111,6,4,2,0.58,73
3207,140,9,3111,6,3,2,0.58,73
3208,140,7,3112,2,4,2,-0.57,179
3208,140,7,3112,2,3,2,-0.57,179
3209,140,30,3113,2,4,2,0.98,26
3209,140,30,3113,2,3,2,0.98,26
3210,140,16,3114,1,4,2,-0.58,17
3210,140,16,3114,1,3,2,-0.58,17
3211,140,6,3115,2,4,2,-0.66,64
3211,140,6,3115,2,3,2,-0.66,64
3212,140,6,3116,6,4,2,0.48,91
3212,140,6,3116,6,3,2,0.48,91
3213,140,6,3117,1,4,2,0.86,62
3213,140,6,3117,1,3,2,0.86,62
3214,140,8,3118,2,4,2,-0.98,39
3214,140,8,3118,2,3,2,-0.98,39
3215,140,6,3119,1,4,2,-0.74,58
3215,140,6,3119,1,3,2,-0.74,58
3216,140,8,3120,1,4,2,0.75,44
3216,140,8,3120,1,3,2,0.75,44
3217,140,8,3121,1,4,2,-0.52,65
3217,140,8,3121,1,3,2,-0.52,65
3218,140,9,3122,2,4,2,0.87,30
3218,140,9,3122,2,3,2,0.87,30
3219,140,5,3123,1,4,2,0.95,45
3219,140,5,3123,1,3,2,0.95,45
3220,140,9,3124,1,4,2,0.71,53
3220,140,9,3124,1,3,2,0.71,53
3221,140,9,3125,1,4,2,0.92,37
3221,140,9,3125,1,3,2,0.92,37
3222,140,6,3126,2,4,2,0.89,29
3222,140,6,3126,2,3,2,0.89,29
3223,140,6,3127,1,4,2,0.95,24
3223,140,6,3127,1,3,2,0.95,24
3224,140,9,3128,1,4,2,0.93,31
3224,140,9,3128,1,3,2,0.93,31
3225,140,9,3129,1,4,2,0.99,9
3225,140,9,3129,1,3,2,0.99,9
3226,140,7,3130,2,4,2,0.98,19
3226,140,7,3130,2,3,2,0.98,19
3227,140,7,3131,2,4,2,0.95,19
3227,140,7,3131,2,3,2,0.95,19
3228,140,7,3132,1,4,2,0.47,36
3228,140,7,3132,1,3,2,0.47,36
3229,140,8,3133,2,4,2,0.44,28
3229,140,8,3133,2,3,2,0.44,28
3230,140,7,3134,5,4,2,0.48,57
3230,140,7,3134,5,3,2,0.48,57
3231,140,10,3135,1,4,2,0.76,7
3231,140,10,3135,1,3,2,0.76,7
3232,140,7,3136,2,4,2,-0.94,39
3232,140,7,3136,2,3,2,-0.94,39
3233,140,7,3137,2,4,2,-0.93,22
3233,140,7,3137,2,3,2,-0.93,22
3234,140,11,3138,2,4,2,-0.67,25
3234,140,11,3138,2,3,2,-0.67,25
3235,140,8,3139,1,4,2,0.94,15
3235,140,8,3139,1,3,2,0.94,15
3236,140,5,3140,2,4,2,0.75,42
3236,140,5,3140,2,3,2,0.75,42
3237,140,7,18,2,4,2,0.48,25
3237,140,7,18,2,3,2,0.48,25
3238,140,7,3141,5,4,2,0.5,21
3238,140,7,3141,5,3,2,0.5,21
3239,140,8,3142,2,4,2,0.98,11
3239,140,8,3142,2,3,2,0.98,11
3240,140,7,3143,1,4,2,0.87,31
3240,140,7,3143,1,3,2,0.87,31
3241,140,6,3144,2,4,2,0.85,21
3241,140,6,3144,2,3,2,0.85,21
3242,140,8,3145,2,4,2,0.92,13
3242,140,8,3145,2,3,2,0.92,13
3243,140,6,3146,2,4,2,0.79,25
3243,140,6,3146,2,3,2,0.79,25
3244,140,8,3147,1,4,2,0.5,21
3244,140,8,3147,1,3,2,0.5,21
3245,140,9,3148,1,4,2,0.76,12
3245,140,9,3148,1,3,2,0.76,12
3246,140,5,1298,1,4,2,0.56,29
3246,140,5,1298,1,3,2,0.56,29
3247,140,10,1337,2,4,2,0.92,11
3247,140,10,1337,2,3,2,0.92,11
3248,140,7,3149,2,4,2,0.96,17
3248,140,7,3149,2,3,2,0.96,17
3249,140,6,3150,2,4,2,0.55,18
3249,140,6,3150,2,3,2,0.55,18
3250,140,6,3151,1,4,2,0.75,4
3250,140,6,3151,1,3,2,0.75,4
3251,140,7,3152,1,4,2,0.91,3
3251,140,7,3152,1,3,2,0.91,3
3252,140,7,3153,2,4,2,0.57,15
3252,140,7,3153,2,3,2,0.57,15
3253,140,7,3154,1,4,2,0.57,6
3253,140,7,3154,1,3,2,0.57,6
3254,140,7,3155,1,4,2,0.78,5
3254,140,7,3155,1,3,2,0.78,5
3255,140,10,1332,1,4,2,-0.62,14
3255,140,10,1332,1,3,2,-0.62,14
3256,140,9,3156,1,4,2,0.46,4
3256,140,9,3156,1,3,2,0.46,4
3257,140,5,1371,1,4,2,0.78,17
3257,140,5,1371,1,3,2,0.78,17
3258,140,6,3157,1,4,2,0.49,27
3258,140,6,3157,1,3,2,0.49,27
3259,140,7,3158,2,4,2,0.95,11
3259,140,7,3158,2,3,2,0.95,11
3260,140,7,3159,1,4,2,0.87,10
3260,140,7,3159,1,3,2,0.87,10
3261,140,7,3160,1,4,2,0.67,6
3261,140,7,3160,1,3,2,0.67,6
3262,140,6,3161,2,4,2,0.96,11
3262,140,6,3161,2,3,2,0.96,11
3263,140,7,3162,2,4,2,0.57,15
3263,140,7,3162,2,3,2,0.57,15
3264,140,7,3163,2,4,2,0.92,11
3264,140,7,3163,2,3,2,0.92,11
3265,140,25,3164,1,4,2,-0.42,19
3265,140,25,3164,1,3,2,-0.42,19
3266,140,30,3165,3,4,2,-0.93,238
3266,140,30,3165,3,3,2,-0.93,238
3267,140,20,3166,2,4,2,-0.98,148
3267,140,20,3166,2,3,2,-0.98,148
3268,140,16,3003,2,4,2,-0.98,120
3268,140,16,3003,2,3,2,-0.98,120
3269,140,17,3167,4,4,2,0.53,87
3269,140,17,3167,4,3,2,0.53,87
3270,140,14,3168,3,4,2,0.95,169
3270,140,14,3168,3,3,2,0.95,169
3271,140,11,3169,2,4,2,0.77,268
3271,140,11,3169,2,3,2,0.77,268
3272,140,30,3170,2,4,2,-0.72,304
3272,140,30,3170,2,3,2,-0.72,304
3273,140,11,3171,2,4,2,0.67,152
3273,140,11,3171,2,3,2,0.67,152
3274,140,30,3172,3,4,2,-0.44,174
3274,140,30,3172,3,3,2,-0.44,174
3275,140,30,3173,2,4,2,-0.75,309
3275,140,30,3173,2,3,2,-0.75,309
3276,140,10,3174,1,4,2,-0.58,106
3276,140,10,3174,1,3,2,-0.58,106
3277,140,10,3175,3,4,2,0.54,262
3277,140,10,3175,3,3,2,0.54,262
3278,140,30,3176,1,4,2,-0.42,75
3278,140,30,3176,1,3,2,-0.42,75
3279,140,10,3177,2,4,2,0.95,80
3279,140,10,3177,2,3,2,0.95,80
3280,140,18,3178,2,4,2,0.58,9
3280,140,18,3178,2,3,2,0.58,9
3281,140,7,3179,3,4,2,0.7,145
3281,140,7,3179,3,3,2,0.7,145
3282,140,30,3180,6,4,2,-0.76,120
3282,140,30,3180,6,3,2,-0.76,120
3283,140,6,3181,5,4,2,-0.47,135
3283,140,6,3181,5,3,2,-0.47,135
3284,140,6,3182,2,4,2,0.96,119
3284,140,6,3182,2,3,2,0.96,119
3285,140,30,3183,1,4,2,0.95,35
3285,140,30,3183,1,3,2,0.95,35
3286,140,6,3184,2,4,2,0.48,90
3286,140,6,3184,2,3,2,0.48,90
3287,140,8,3185,1,4,2,-0.42,75
3287,140,8,3185,1,3,2,-0.42,75
3288,140,7,3186,2,4,2,0.76,71
3288,140,7,3186,2,3,2,0.76,71
3289,140,7,3187,1,4,2,0.71,57
3289,140,7,3187,1,3,2,0.71,57
3290,140,6,3188,1,4,2,0.83,10
3290,140,6,3188,1,3,2,0.83,10
3291,140,10,3189,2,4,2,-0.83,49
3291,140,10,3189,2,3,2,-0.83,49
3292,140,7,3190,2,4,2,0.93,32
3292,140,7,3190,2,3,2,0.93,32
3293,140,7,3191,1,4,2,-0.49,38
3293,140,7,3191,1,3,2,-0.49,38
3294,140,8,2355,1,4,2,0.0,40
3294,140,8,2355,1,3,2,0.0,40
3295,140,11,3192,1,4,2,0.98,41
3295,140,11,3192,1,3,2,0.98,41
3296,140,6,3193,2,4,2,0.63,17
3296,140,6,3193,2,3,2,0.63,17
3297,140,9,3194,1,4,2,0.65,57
3297,140,9,3194,1,3,2,0.65,57
3298,140,7,3195,1,4,2,-0.5,57
3298,140,7,3195,1,3,2,-0.5,57
3299,140,9,3196,2,4,2,0.66,28
3299,140,9,3196,2,3,2,0.66,28
3300,140,9,3197,1,4,2,0.96,18
3300,140,9,3197,1,3,2,0.96,18
3301,140,7,3198,1,4,2,0.93,18
3301,140,7,3198,1,3,2,0.93,18
3302,140,30,3199,2,4,2,0.66,16
3302,140,30,3199,2,3,2,0.66,16
3303,140,9,3200,2,4,2,0.62,23
3303,140,9,3200,2,3,2,0.62,23
3304,140,30,3201,1,4,2,0.97,17
3304,140,30,3201,1,3,2,0.97,17
3305,140,10,3202,2,4,2,0.62,23
3305,140,10,3202,2,3,2,0.62,23
3306,140,10,3203,1,4,2,0.7,10
3306,140,10,3203,1,3,2,0.7,10
3307,140,7,3204,1,4,2,0.75,4
3307,140,7,3204,1,3,2,0.75,4
3308,140,6,3205,2,4,2,0.92,11
3308,140,6,3205,2,3,2,0.92,11
3309,140,8,3206,1,4,2,0.59,6
3309,140,8,3206,1,3,2,0.59,6
3310,140,7,3207,1,4,2,0.5,7
3310,140,7,3207,1,3,2,0.5,7
3311,140,6,3208,1,4,2,0.56,14
3311,140,6,3208,1,3,2,0.56,14
3312,140,6,649,2,4,2,0.92,11
3312,140,6,649,2,3,2,0.92,11
3313,140,7,3209,1,4,2,0.51,34
3313,140,7,3209,1,3,2,0.51,34
3314,140,9,3210,1,4,2,-0.42,3
3314,140,9,3210,1,3,2,-0.42,3
3315,140,9,3211,1,4,2,0.52,18
3315,140,9,3211,1,3,2,0.52,18
3316,141,18,3212,2,4,2,0.99,219
3316,141,18,3212,2,3,2,0.99,219
3317,141,18,3213,2,4,2,0.98,86
3317,141,18,3213,2,3,2,0.98,86
3318,141,18,3214,2,4,2,0.93,40
3318,141,18,3214,2,3,2,0.93,40
3319,145,17,3215,1,4,2,0.71,20
3319,145,17,3215,1,3,2,0.71,20
3320,145,13,3216,1,4,2,-0.43,22
3320,145,13,3216,1,3,2,-0.43,22
3321,145,30,3217,1,4,2,0.0,10
3321,145,30,3217,1,3,2,0.0,10
3322,146,17,3218,1,4,2,0.56,8
3322,146,17,3218,1,3,2,0.56,8
3323,148,21,3219,3,5,2,-0.92,164
3323,148,21,3219,3,3,2,-0.92,164
3324,148,20,3220,2,5,2,0.99,115
3324,148,20,3220,2,3,2,0.99,115
3325,148,30,3221,2,5,2,0.51,240
3325,148,30,3221,2,3,2,0.51,240
3326,149,30,3222,2,5,2,0.98,150
3326,149,30,3222,2,3,2,0.98,150
3327,149,30,3223,2,5,2,0.97,331
3327,149,30,3223,2,3,2,0.97,331
3328,149,30,3224,2,5,2,0.95,236
3328,149,30,3224,2,3,2,0.95,236
3329,150,30,3225,2,5,2,0.0,61
3329,150,30,3225,2,3,2,0.0,61
3330,150,9,3226,4,5,2,-0.6,255
3330,150,9,3226,4,3,2,-0.6,255
3331,150,30,3227,2,5,2,0.98,28
3331,150,30,3227,2,3,2,0.98,28
3332,151,14,3228,2,5,2,0.76,175
3332,151,14,3228,2,3,2,0.76,175
3333,151,7,3229,2,5,2,-0.9,256
3333,151,7,3229,2,3,2,-0.9,256
3334,151,30,3230,1,5,2,-0.44,18
3334,151,30,3230,1,3,2,-0.44,18
3335,152,30,2048,2,5,2,0.96,57
3335,152,30,2048,2,3,2,0.96,57
3336,152,30,3231,2,5,2,0.93,55
3336,152,30,3231,2,3,2,0.93,55
3337,152,30,3232,2,5,2,0.81,258
3337,152,30,3232,2,3,2,0.81,258
3338,153,6,3233,2,5,2,-0.57,246
3338,153,6,3233,2,3,2,-0.57,246
3339,153,30,3234,2,5,2,0.97,135
3339,153,30,3234,2,3,2,0.97,135
3340,153,8,146,2,5,2,0.92,151
3340,153,8,146,2,3,2,0.92,151
3341,154,20,3235,2,5,2,0.98,27
3341,154,20,3235,2,3,2,0.98,27
3342,154,12,3236,2,5,2,0.74,119
3342,154,12,3236,2,3,2,0.74,119
3343,154,20,3237,1,5,2,0.96,23
3343,154,20,3237,1,3,2,0.96,23
3344,155,21,3238,2,5,2,0.98,16
3344,155,21,3238,2,3,2,0.98,16
3345,155,30,3239,1,5,2,0.98,37
3345,155,30,3239,1,3,2,0.98,37
3346,155,30,3240,2,5,2,0.92,11
3346,155,30,3240,2,3,2,0.92,11
3347,156,17,3241,1,5,2,-0.56,67
3347,156,17,3241,1,4,2,-0.56,67
3348,156,30,3242,2,5,2,0.96,238
3348,156,30,3242,2,4,2,0.96,238
3349,156,30,3243,2,5,2,-0.48,316
3349,156,30,3243,2,4,2,-0.48,316
3350,157,20,3244,3,5,2,-0.46,239
3350,157,20,3244,3,4,2,-0.46,239
3351,157,30,3245,2,5,2,0.51,192
3351,157,30,3245,2,4,2,0.51,192
3352,157,18,3246,2,5,2,0.49,41
3352,157,18,3246,2,4,2,0.49,41
3353,158,21,3247,2,5,2,0.76,237
3353,158,21,3247,2,4,2,0.76,237
3354,158,10,3248,1,5,2,0.0,100
3354,158,10,3248,1,4,2,0.0,100
3355,158,12,3249,3,5,2,0.0,115
3355,158,12,3249,3,4,2,0.0,115
3356,159,22,3250,2,5,2,0.91,50
3356,159,22,3250,2,4,2,0.91,50
3357,161,7,3251,1,5,2,0.67,61
3357,161,7,3251,1,4,2,0.67,61
3358,161,8,2898,1,5,2,0.42,1
3358,161,8,2898,1,4,2,0.42,1
3359,161,5,3252,1,5,2,0.52,117
3359,161,5,3252,1,4,2,0.52,117
3360,162,14,3253,2,5,2,-0.81,74
3360,162,14,3253,2,4,2,-0.81,74
3361,162,14,3254,3,5,2,0.97,89
3361,162,14,3254,3,4,2,0.97,89
3362,162,20,3255,1,5,2,0.38,25
3362,162,20,3255,1,4,2,0.38,25
3363,164,30,3256,2,5,2,0.88,103
3363,164,30,3256,2,4,2,0.88,103
3364,164,30,3257,2,5,2,0.96,135
3364,164,30,3257,2,4,2,0.96,135
3365,164,30,3258,2,5,2,0.61,195
3365,164,30,3258,2,4,2,0.61,195
3366,165,30,3259,1,5,2,0.96,212
3366,165,30,3259,1,4,2,0.96,212
3367,165,30,3260,2,5,2,-0.87,132
3367,165,30,3260,2,4,2,-0.87,132
3368,165,16,3261,2,5,2,-0.66,50
3368,165,16,3261,2,4,2,-0.66,50
3369,166,30,3262,2,5,2,0.8,27
3369,166,30,3262,2,4,2,0.8,27
3370,166,30,3263,2,5,2,0.98,16
3370,166,30,3263,2,4,2,0.98,16
3371,166,30,3264,2,5,2,0.96,16
3371,166,30,3264,2,4,2,0.96,16
3372,167,30,3265,5,5,2,0.96,161
3372,167,30,3265,5,4,2,0.96,161
3373,167,12,3266,2,5,2,-0.62,223
3373,167,12,3266,2,4,2,-0.62,223
3374,167,21,3267,2,5,2,-0.85,15
3374,167,21,3267,2,4,2,-0.85,15
3375,168,16,3268,1,5,2,-0.44,35
3375,168,16,3268,1,4,2,-0.44,35
3376,168,30,3269,2,5,2,0.63,17
3376,168,30,3269,2,4,2,0.63,17
3377,168,22,3270,2,5,2,0.96,17
3377,168,22,3270,2,4,2,0.96,17
3378,169,19,3271,2,5,2,-0.65,62
3378,169,19,3271,2,4,2,-0.65,62
3379,169,11,3272,2,5,2,-0.61,240
3379,169,11,3272,2,4,2,-0.61,240
3380,169,30,3273,2,5,2,-0.53,81
3380,169,30,3273,2,4,2,-0.53,81
3381,173,30,3274,1,5,2,0.98,39
3381,173,30,3274,1,4,2,0.98,39
3382,174,30,3275,2,5,2,0.97,24
3382,174,30,3275,2,4,2,0.97,24
3383,174,30,3276,2,5,2,0.99,44
3383,174,30,3276,2,4,2,0.99,44
3384,174,30,3277,2,5,2,0.93,25
3384,174,30,3277,2,4,2,0.93,25
3385,175,11,3278,2,5,2,-0.95,63
3385,175,11,3278,2,4,2,-0.95,63
3386,175,11,3279,1,5,2,-0.43,14
3386,175,11,3279,1,4,2,-0.43,14
3387,175,30,3280,1,5,2,0.42,1
3387,175,30,3280,1,4,2,0.42,1
3388,176,20,3281,3,5,2,-0.92,228
3388,176,20,3281,3,4,2,-0.92,228
3389,176,20,3282,6,5,2,-0.52,166
3389,176,20,3282,6,4,2,-0.52,166
3390,176,20,3283,2,5,2,-0.81,248
3390,176,20,3283,2,4,2,-0.81,248
3391,176,30,3242,6,5,2,0.88,274
3391,176,30,3242,6,4,2,0.88,274
3392,176,30,3243,1,5,2,0.94,233
3392,176,30,3243,1,4,2,0.94,233
3393,176,30,3284,2,5,2,0.97,42
3393,176,30,3284,2,4,2,0.97,42
3394,176,30,3285,2,5,2,0.95,16
3394,176,30,3285,2,4,2,0.95,16
3395,176,30,3286,2,5,2,0.92,11
3395,176,30,3286,2,4,2,0.92,11
3396,176,30,3287,5,5,2,-0.63,92
3396,176,30,3287,5,4,2,-0.63,92
3397,180,20,3288,4,6,2,0.94,177
3397,180,20,3288,4,4,2,0.94,177
3398,180,19,3289,2,6,2,-0.97,172
3398,180,19,3289,2,4,2,-0.97,172
3399,180,15,3290,2,6,2,0.95,152
3399,180,15,3290,2,4,2,0.95,152
3400,181,16,3291,3,6,2,-0.57,209
3400,181,16,3291,3,4,2,-0.57,209
3401,181,20,2655,2,6,2,0.41,203
3401,181,20,2655,2,4,2,0.41,203
3402,181,16,3292,2,6,2,0.98,162
3402,181,16,3292,2,4,2,0.98,162
3403,183,12,3293,2,6,2,-0.42,31
3403,183,12,3293,2,4,2,-0.42,31
3404,184,20,3294,2,6,2,-0.73,184
3404,184,20,3294,2,4,2,-0.73,184
3405,184,20,3295,1,6,2,0.96,254
3405,184,20,3295,1,4,2,0.96,254
3406,184,21,3296,3,6,2,0.79,113
3406,184,21,3296,3,4,2,0.79,113
3407,184,17,3297,2,6,2,0.99,190
3407,184,17,3297,2,4,2,0.99,190
3408,184,30,3298,2,6,2,0.45,240
3408,184,30,3298,2,4,2,0.45,240
3409,184,17,3299,2,6,2,0.65,98
3409,184,17,3299,2,4,2,0.65,98
3410,184,11,585,3,6,2,-0.55,99
3410,184,11,585,3,4,2,-0.55,99
3411,184,30,3300,2,6,2,0.95,69
3411,184,30,3300,2,4,2,0.95,69
3412,184,11,3301,1,6,2,0.76,52
3412,184,11,3301,1,4,2,0.76,52
3413,184,30,3302,1,6,2,0.86,12
3413,184,30,3302,1,4,2,0.86,12
3414,185,30,1739,1,6,2,0.92,35
3414,185,30,1739,1,4,2,0.92,35
3415,185,9,3303,1,6,2,0.75,4
3415,185,9,3303,1,4,2,0.75,4
3416,186,20,3304,2,6,2,0.0,237
3416,186,20,3304,2,4,2,0.0,237
3417,186,16,3305,2,6,2,0.8,323
3417,186,16,3305,2,4,2,0.8,323
3418,186,19,3306,1,6,2,0.39,96
3418,186,19,3306,1,4,2,0.39,96
3419,187,17,3307,2,7,2,-0.72,196
3419,187,17,3307,2,4,2,-0.72,196
3420,187,14,3308,2,7,2,0.0,232
3420,187,14,3308,2,4,2,0.0,232
3421,187,14,3309,2,7,2,-0.77,240
3421,187,14,3309,2,4,2,-0.77,240
3422,188,30,3310,1,7,2,0.93,155
3422,188,30,3310,1,4,2,0.93,155
3423,188,11,3311,2,7,2,0.51,285
3423,188,11,3311,2,4,2,0.51,285
3424,188,30,3312,1,7,2,-0.77,127
3424,188,30,3312,1,4,2,-0.77,127
3425,189,19,3313,2,7,2,-0.49,167
3425,189,19,3313,2,4,2,-0.49,167
3426,189,30,703,2,7,2,-0.74,119
3426,189,30,703,2,4,2,-0.74,119
3427,189,11,3314,6,7,2,-0.59,99
3427,189,11,3314,6,4,2,-0.59,99
3428,190,30,3315,4,7,2,-0.95,169
3428,190,30,3315,4,4,2,-0.95,169
3429,190,11,3316,1,7,2,0.61,164
3429,190,11,3316,1,4,2,0.61,164
3430,190,30,3317,2,7,2,0.7,126
3430,190,30,3317,2,4,2,0.7,126
3431,191,30,3318,2,7,2,0.9,17
3431,191,30,3318,2,4,2,0.9,17
3432,191,14,3319,1,7,2,-0.65,20
3432,191,14,3319,1,4,2,-0.65,20
3433,192,20,3320,3,8,2,-0.79,205
3433,192,20,3320,3,4,2,-0.79,205
3434,192,17,3321,2,8,2,0.99,100
3434,192,17,3321,2,4,2,0.99,100
3435,192,11,3322,2,8,2,0.84,266
3435,192,11,3322,2,4,2,0.84,266
3436,193,20,3323,2,8,2,-0.44,130
3436,193,20,3323,2,4,2,-0.44,130
3437,193,20,3324,1,8,2,0.96,150
3437,193,20,3324,1,4,2,0.96,150
3438,193,20,3325,2,8,2,0.91,94
3438,193,20,3325,2,4,2,0.91,94
3439,194,20,3326,2,8,2,0.95,255
3439,194,20,3326,2,4,2,0.95,255
3440,194,21,3327,2,8,2,-0.75,133
3440,194,21,3327,2,4,2,-0.75,133
3441,194,20,3328,2,8,2,0.96,104
3441,194,20,3328,2,4,2,0.96,104
3442,195,18,3329,3,8,2,-0.8,253
3442,195,18,3329,3,5,2,-0.8,253
3443,195,14,3330,3,8,2,0.0,203
3443,195,14,3330,3,5,2,0.0,203
3444,195,30,3331,2,8,2,0.98,95
3444,195,30,3331,2,5,2,0.98,95
3445,196,7,3332,2,8,2,0.89,41
3445,196,7,3332,2,5,2,0.89,41
3446,196,7,3333,1,8,2,0.48,38
3446,196,7,3333,1,5,2,0.48,38
3447,196,7,3334,2,8,2,0.9,16
3447,196,7,3334,2,5,2,0.9,16
3448,197,14,3335,1,8,2,-0.65,138
3448,197,14,3335,1,5,2,-0.65,138
3449,197,19,3336,1,8,2,0.67,33
3449,197,19,3336,1,5,2,0.67,33
3450,197,10,3337,2,8,2,0.0,182
3450,197,10,3337,2,5,2,0.0,182
3451,198,30,3338,2,8,2,0.9,17
3451,198,30,3338,2,5,2,0.9,17
3452,198,30,3339,2,8,2,0.67,36
3452,198,30,3339,2,5,2,0.67,36
3453,198,30,3340,2,8,2,0.93,80
3453,198,30,3340,2,5,2,0.93,80
3454,199,20,3341,2,8,2,0.96,35
3454,199,20,3341,2,5,2,0.96,35
3455,199,16,3342,2,8,2,0.98,40
3455,199,16,3342,2,5,2,0.98,40
3456,199,30,3343,2,8,2,0.86,54
3456,199,30,3343,2,5,2,0.86,54
3457,200,20,3344,4,8,2,0.97,231
3457,200,20,3344,4,5,2,0.97,231
3458,200,18,3345,2,8,2,0.94,234
3458,200,18,3345,2,5,2,0.94,234
3459,200,13,3346,1,8,2,0.94,231
3459,200,13,3346,1,5,2,0.94,231
3460,201,30,3347,2,8,2,0.98,16
3460,201,30,3347,2,5,2,0.98,16
3461,201,11,3348,4,8,2,-0.93,170
3461,201,11,3348,4,5,2,-0.93,170
3462,201,30,3349,2,8,2,0.96,25
3462,201,30,3349,2,5,2,0.96,25
3463,202,11,3350,2,8,2,0.75,106
3463,202,11,3350,2,5,2,0.75,106
3464,202,11,3351,2,8,2,0.87,78
3464,202,11,3351,2,5,2,0.87,78
3465,202,11,3352,1,8,2,0.92,11
3465,202,11,3352,1,5,2,0.92,11
3466,204,11,3353,1,8,2,0.42,1
3466,204,11,3353,1,5,2,0.42,1
3467,204,14,753,1,8,2,0.42,2
3467,204,14,753,1,5,2,0.42,2
3468,205,17,3354,5,8,2,0.95,95
3468,205,17,3354,5,5,2,0.95,95
3469,205,10,3355,1,8,2,0.49,11
3469,205,10,3355,1,5,2,0.49,11
3470,205,11,3356,1,8,2,0.75,4
3470,205,11,3356,1,5,2,0.75,4
3471,206,30,3357,1,8,2,-0.7,7
3471,206,30,3357,1,5,2,-0.7,7
3472,209,30,3358,2,8,2,0.98,53
3472,209,30,3358,2,5,2,0.98,53
3473,209,30,3359,1,8,2,0.96,33
3473,209,30,3359,1,5,2,0.96,33
3474,210,30,3360,1,8,2,0.84,12
3474,210,30,3360,1,5,2,0.84,12
3475,210,30,3361,1,8,2,0.86,12
3475,210,30,3361,1,5,2,0.86,12
3476,211,30,3362,2,8,2,-0.46,253
3476,211,30,3362,2,5,2,-0.46,253
3477,211,30,3363,1,8,2,0.97,43
3477,211,30,3363,1,5,2,0.97,43
3478,211,30,3364,2,8,2,0.99,85
3478,211,30,3364,2,5,2,0.99,85
3479,212,30,3365,1,8,2,0.79,51
3479,212,30,3365,1,5,2,0.79,51
3480,212,30,3366,2,8,2,0.76,35
3480,212,30,3366,2,5,2,0.76,35
3481,212,30,3367,1,8,2,0.97,18
3481,212,30,3367,1,5,2,0.97,18
3482,212,22,3368,1,8,2,0.93,13
3482,212,22,3368,1,5,2,0.93,13
3483,212,30,3369,1,8,2,0.44,11
3483,212,30,3369,1,5,2,0.44,11
3484,212,30,3370,1,8,2,0.86,14
3484,212,30,3370,1,5,2,0.86,14
3485,212,30,3371,1,8,2,0.8,7
3485,212,30,3371,1,5,2,0.8,7
3486,215,21,3372,2,9,2,0.94,234
3486,215,21,3372,2,6,2,0.94,234
3487,215,21,3373,4,9,2,0.9,199
3487,215,21,3373,4,6,2,0.9,199
3488,215,20,1340,2,9,2,0.96,101
3488,215,20,1340,2,6,2,0.96,101
3489,215,21,3374,2,9,2,0.86,120
3489,215,21,3374,2,6,2,0.86,120
3490,215,21,3375,1,9,2,0.89,105
3490,215,21,3375,1,6,2,0.89,105
3491,215,21,3376,2,9,2,0.98,101
3491,215,21,3376,2,6,2,0.98,101
3492,215,21,3377,2,9,2,0.96,70
3492,215,21,3377,2,6,2,0.96,70
3493,215,21,3378,2,9,2,0.94,62
3493,215,21,3378,2,6,2,0.94,62
3494,215,21,3379,2,9,2,0.98,78
3494,215,21,3379,2,6,2,0.98,78
3495,215,21,3380,2,9,2,0.96,96
3495,215,21,3380,2,6,2,0.96,96
3496,216,30,3381,6,9,2,-0.46,239
3496,216,30,3381,6,6,2,-0.46,239
3497,216,17,3382,2,9,2,0.81,36
3497,216,17,3382,2,6,2,0.81,36
3498,216,30,3383,2,9,2,0.94,107
3498,216,30,3383,2,6,2,0.94,107
3499,217,20,3384,2,9,2,0.87,128
3499,217,20,3384,2,6,2,0.87,128
3500,217,20,3385,4,9,2,0.82,95
3500,217,20,3385,4,6,2,0.82,95
3501,217,15,3386,3,9,2,-0.85,234
3501,217,15,3386,3,6,2,-0.85,234
3502,218,21,3387,2,9,2,0.92,201
3502,218,21,3387,2,6,2,0.92,201
3503,218,21,3388,2,9,2,-0.84,216
3503,218,21,3388,2,6,2,-0.84,216
3504,218,20,3389,1,9,2,0.88,44
3504,218,20,3389,1,6,2,0.88,44
3505,219,30,3390,1,9,2,0.64,13
3505,219,30,3390,1,6,2,0.64,13
3506,219,11,3391,2,9,2,0.95,17
3506,219,11,3391,2,6,2,0.95,17
3507,220,12,3392,2,10,2,-0.7,240
3507,220,12,3392,2,6,2,-0.7,240
3508,220,13,3393,2,10,2,-0.72,239
3508,220,13,3393,2,6,2,-0.72,239
3509,220,19,3394,2,10,2,0.73,33
3509,220,19,3394,2,6,2,0.73,33
3510,221,20,3395,2,10,2,0.79,204
3510,221,20,3395,2,6,2,0.79,204
3511,221,30,3396,2,10,2,-0.78,233
3511,221,30,3396,2,6,2,-0.78,233
3512,221,11,3397,2,10,2,-0.84,209
3512,221,11,3397,2,6,2,-0.84,209
3513,222,13,3398,6,10,2,-0.46,42
3513,222,13,3398,6,6,2,-0.46,42
3514,223,17,3399,1,10,2,0.77,21
3514,223,17,3399,1,6,2,0.77,21
3515,225,30,3400,2,10,2,0.61,13
3515,225,30,3400,2,6,2,0.61,13
3516,225,18,3401,1,10,2,0.0,16
3516,225,18,3401,1,6,2,0.0,16
3517,225,18,3402,1,10,2,0.8,7
3517,225,18,3402,1,6,2,0.8,7
3518,229,20,3403,1,11,2,-0.41,147
3518,229,20,3403,1,6,2,-0.41,147
3519,229,13,3404,2,11,2,0.92,59
3519,229,13,3404,2,6,2,0.92,59
3520,229,30,3405,2,11,2,-0.43,63
3520,229,30,3405,2,6,2,-0.43,63
3521,229,30,3406,2,11,2,0.9,17
3521,229,30,3406,2,6,2,0.9,17
3522,229,30,3407,2,11,2,0.92,11
3522,229,30,3407,2,6,2,0.92,11
3523,229,30,3408,1,11,2,0.94,9
3523,229,30,3408,1,6,2,0.94,9
3524,229,30,3409,2,11,2,0.96,11
3524,229,30,3409,2,6,2,0.96,11
3525,229,21,3410,2,11,2,-0.51,92
3525,229,21,3410,2,6,2,-0.51,92
3526,229,10,3411,2,11,2,0.51,95
3526,229,10,3411,2,6,2,0.51,95
3527,229,11,3412,1,11,2,0.85,38
3527,229,11,3412,1,6,2,0.85,38
3528,229,30,3413,2,11,2,0.95,32
3528,229,30,3413,2,6,2,0.95,32
3529,229,30,3414,1,11,2,0.58,13
3529,229,30,3414,1,6,2,0.58,13
3530,230,30,3415,2,11,2,0.97,50
3530,230,30,3415,2,6,2,0.97,50
3531,230,30,3416,2,11,2,0.96,18
3531,230,30,3416,2,6,2,0.96,18
3532,230,7,3417,1,11,2,0.57,6
3532,230,7,3417,1,6,2,0.57,6
3533,231,30,3418,2,11,2,0.75,105
3533,231,30,3418,2,6,2,0.75,105
3534,231,30,3419,2,11,2,0.92,13
3534,231,30,3419,2,6,2,0.92,13
3535,231,30,3420,2,11,2,0.92,11
3535,231,30,3420,2,6,2,0.92,11
3536,233,19,3421,2,11,2,0.92,11
3536,233,19,3421,2,6,2,0.92,11
3537,233,30,3422,2,11,2,0.92,11
3537,233,30,3422,2,6,2,0.92,11
3538,233,30,3423,1,11,2,0.57,23
3538,233,30,3423,1,6,2,0.57,23
3539,235,18,3424,2,12,2,0.73,156
3539,235,18,3424,2,6,2,0.73,156
3540,235,14,3425,3,12,2,-0.71,240
3540,235,14,3425,3,6,2,-0.71,240
3541,235,30,3426,2,12,2,-0.95,228
3541,235,30,3426,2,6,2,-0.95,228
3542,236,20,3427,2,12,2,0.98,36
3542,236,20,3427,2,6,2,0.98,36
3543,236,15,3428,1,12,2,0.79,9
3543,236,15,3428,1,6,2,0.79,9
3544,236,30,3429,2,12,2,0.92,11
3544,236,30,3429,2,6,2,0.92,11
3545,237,17,3430,2,12,2,-0.43,133
3545,237,17,3430,2,6,2,-0.43,133
3546,237,17,3427,1,12,2,0.58,22
3546,237,17,3427,1,6,2,0.58,22
3547,238,19,3431,2,12,2,-0.74,166
3547,238,19,3431,2,6,2,-0.74,166
3548,238,30,3432,6,12,2,0.81,152
3548,238,30,3432,6,6,2,0.81,152
3549,238,16,3433,6,12,2,-0.43,40
3549,238,16,3433,6,6,2,-0.43,40
3550,239,30,3434,2,12,2,0.57,15
3550,239,30,3434,2,6,2,0.57,15
3551,239,12,3435,1,12,2,-0.88,11
3551,239,12,3435,1,6,2,-0.88,11
3552,241,17,2840,2,12,2,0.86,132
3552,241,17,2840,2,7,2,0.86,132
3553,241,30,3436,3,12,2,-0.56,240
3553,241,30,3436,3,7,2,-0.56,240
3554,241,13,3437,2,12,2,-0.57,237
3554,241,13,3437,2,7,2,-0.57,237
3555,242,21,3438,4,12,2,-0.53,197
3555,242,21,3438,4,7,2,-0.53,197
3556,242,21,3439,4,12,2,-0.37,226
3556,242,21,3439,4,7,2,-0.37,226
3557,243,20,3440,2,13,2,0.99,51
3557,243,20,3440,2,7,2,0.99,51
3558,243,30,3441,2,13,2,0.99,85
3558,243,30,3441,2,7,2,0.99,85
3559,243,30,3442,2,13,2,0.91,92
3559,243,30,3442,2,7,2,0.91,92
3560,244,30,3443,1,13,2,0.87,37
3560,244,30,3443,1,7,2,0.87,37
3561,244,30,3444,1,13,2,0.99,32
3561,244,30,3444,1,7,2,0.99,32
3562,244,30,3445,2,13,2,0.98,16
3562,244,30,3445,2,7,2,0.98,16
3563,245,20,3446,1,13,2,0.91,34
3563,245,20,3446,1,7,2,0.91,34
3564,245,30,3447,2,13,2,0.98,36
3564,245,30,3447,2,7,2,0.98,36
3565,245,30,3448,2,13,2,0.96,17
3565,245,30,3448,2,7,2,0.96,17
3566,246,13,3449,2,14,2,-0.8,311
3566,246,13,3449,2,7,2,-0.8,311
3567,246,30,3450,2,14,2,0.97,75
3567,246,30,3450,2,7,2,0.97,75
3568,246,11,3451,6,14,2,-0.5,238
3568,246,11,3451,6,7,2,-0.5,238
3569,247,30,3452,2,14,2,0.55,30
3569,247,30,3452,2,7,2,0.55,30
3570,247,30,3453,2,14,2,0.98,16
3570,247,30,3453,2,7,2,0.98,16
3571,247,30,3454,2,14,2,0.98,16
3571,247,30,3454,2,7,2,0.98,16
3572,249,30,3455,1,15,2,0.0,185
3572,249,30,3455,1,8,2,0.0,185
3573,249,30,3456,1,15,2,0.8,66
3573,249,30,3456,1,8,2,0.8,66
3574,249,30,3457,2,15,2,0.92,11
3574,249,30,3457,2,8,2,0.92,11
3575,250,30,3458,2,15,2,-0.95,218
3575,250,30,3458,2,8,2,-0.95,218
3576,250,11,3459,3,15,2,-0.74,238
3576,250,11,3459,3,8,2,-0.74,238
3577,250,30,3460,1,15,2,-0.41,14
3577,250,30,3460,1,8,2,-0.41,14
3578,1,21,3461,3,1,3,-0.81,235
3579,1,19,3462,3,1,3,-0.66,173
3580,1,20,3463,4,1,3,-0.43,162
3581,2,30,3464,2,1,3,-0.65,244
3582,2,7,3465,4,1,3,-0.98,238
3583,2,9,3466,2,1,3,-0.95,144
3584,3,12,3467,2,1,3,0.62,236
3585,3,14,3468,6,1,3,-0.77,295
3586,3,30,3469,2,1,3,0.97,234
3587,4,16,3470,2,1,3,-0.6,139
3588,4,30,3471,2,1,3,-0.97,181
3589,4,11,3472,2,1,3,-0.85,233
3590,5,20,3473,4,1,3,-0.81,237
3591,5,16,3474,5,1,3,-0.48,162
3592,5,19,3475,1,1,3,0.98,39
3593,5,19,3476,2,1,3,0.98,31
3594,5,11,3477,3,1,3,-0.71,236
3595,5,8,3478,2,1,3,0.5,232
3596,5,7,3479,2,1,3,0.52,188
3597,5,10,3480,4,1,3,-0.92,277
3598,5,9,3481,5,1,3,-0.82,237
3599,5,11,3482,2,1,3,-0.4,197
3600,5,10,3483,2,1,3,-0.8,248
3601,5,8,3484,1,1,3,-0.51,122
3602,5,12,3485,2,1,3,0.97,34
3603,5,13,3486,6,1,3,0.0,56
3604,5,6,3487,2,1,3,-0.8,67
3605,5,10,3488,2,1,3,0.95,39
3606,5,6,3489,2,1,3,0.98,37
3607,5,10,3490,1,1,3,-0.71,35
3608,5,11,3491,1,1,3,0.54,39
3609,5,7,3492,2,1,3,0.97,26
3610,6,14,3493,4,1,3,-0.54,164
3611,6,30,3494,2,1,3,-0.64,169
3612,6,7,3495,1,1,3,0.45,173
3613,7,20,3496,3,1,3,-0.86,143
3614,7,20,3497,2,1,3,-0.95,146
3615,7,21,3498,2,1,3,-0.9,233
3616,8,17,3499,6,2,3,-0.57,240
3616,8,17,3499,6,1,3,-0.57,240
3617,8,17,3500,4,2,3,-0.54,236
3617,8,17,3500,4,1,3,-0.54,236
3618,8,16,3501,1,2,3,0.77,61
3618,8,16,3501,1,1,3,0.77,61
3619,9,15,3502,1,3,3,-0.63,87
3619,9,15,3502,1,1,3,-0.63,87
3620,9,15,3503,1,3,3,-0.47,24
3620,9,15,3503,1,1,3,-0.47,24
3621,9,9,3504,4,3,3,-0.78,237
3621,9,9,3504,4,1,3,-0.78,237
3622,10,10,2774,2,3,3,0.94,170
3622,10,10,2774,2,1,3,0.94,170
3623,10,15,3505,2,3,3,-0.8,69
3623,10,15,3505,2,1,3,-0.8,69
3624,10,5,3506,2,3,3,0.93,31
3624,10,5,3506,2,1,3,0.93,31
3625,11,13,3507,2,4,3,0.87,239
3625,11,13,3507,2,1,3,0.87,239
3626,11,13,3508,2,4,3,0.82,147
3626,11,13,3508,2,1,3,0.82,147
3627,11,6,3509,2,4,3,0.65,100
3627,11,6,3509,2,1,3,0.65,100
3628,12,17,3510,2,4,3,-0.6,161
3628,12,17,3510,2,1,3,-0.6,161
3629,12,20,1528,2,4,3,-0.85,195
3629,12,20,1528,2,1,3,-0.85,195
3630,12,12,3511,1,4,3,-0.61,238
3630,12,12,3511,1,1,3,-0.61,238
3631,13,17,3512,2,4,3,-0.74,133
3631,13,17,3512,2,1,3,-0.74,133
3632,13,11,3513,2,4,3,-0.54,319
3632,13,11,3513,2,1,3,-0.54,319
3633,13,8,3514,2,4,3,0.0,314
3633,13,8,3514,2,1,3,0.0,314
3634,14,30,3515,2,4,3,0.93,86
3634,14,30,3515,2,1,3,0.93,86
3635,14,7,3516,2,4,3,-0.57,233
3635,14,7,3516,2,1,3,-0.57,233
3636,14,30,3517,3,4,3,-0.85,77
3636,14,30,3517,3,1,3,-0.85,77
3637,15,19,3518,2,4,3,-0.86,122
3637,15,19,3518,2,1,3,-0.86,122
3638,15,21,3519,2,4,3,0.4,43
3638,15,21,3519,2,1,3,0.4,43
3639,15,16,3520,1,4,3,0.0,47
3639,15,16,3520,1,1,3,0.0,47
3640,16,13,1665,2,4,3,-0.94,187
3640,16,13,1665,2,1,3,-0.94,187
3641,16,30,3521,1,4,3,-0.5,97
3641,16,30,3521,1,1,3,-0.5,97
3642,16,30,3522,2,4,3,-0.98,238
3642,16,30,3522,2,1,3,-0.98,238
3643,17,18,3523,2,4,3,0.85,125
3643,17,18,3523,2,1,3,0.85,125
3644,17,11,3524,2,4,3,0.7,58
3644,17,11,3524,2,1,3,0.7,58
3645,17,7,3525,1,4,3,0.39,51
3645,17,7,3525,1,1,3,0.39,51
3646,18,18,3526,2,4,3,-0.52,324
3646,18,18,3526,2,1,3,-0.52,324
3647,18,20,3527,1,4,3,-0.91,106
3647,18,20,3527,1,1,3,-0.91,106
3648,18,15,3528,1,4,3,-0.44,81
3648,18,15,3528,1,1,3,-0.44,81
3649,19,18,3529,2,4,3,0.92,11
3649,19,18,3529,2,1,3,0.92,11
3650,19,9,14,2,4,3,-0.42,91
3650,19,9,14,2,1,3,-0.42,91
3651,19,9,2739,1,4,3,0.44,33
3651,19,9,2739,1,1,3,0.44,33
3652,20,30,3530,3,4,3,0.0,100
3652,20,30,3530,3,1,3,0.0,100
3653,20,8,3531,1,4,3,0.88,31
3653,20,8,3531,1,1,3,0.88,31
3654,20,9,3532,1,4,3,0.61,19
3654,20,9,3532,1,1,3,0.61,19
3655,21,30,3533,2,4,3,-0.49,338
3655,21,30,3533,2,1,3,-0.49,338
3656,21,16,3534,2,4,3,0.0,34
3656,21,16,3534,2,1,3,0.0,34
3657,21,6,3535,2,4,3,0.98,54
3657,21,6,3535,2,1,3,0.98,54
3658,22,30,2670,1,4,3,-0.55,87
3658,22,30,2670,1,1,3,-0.55,87
3659,22,10,3536,2,4,3,-0.62,166
3659,22,10,3536,2,1,3,-0.62,166
3660,22,6,3537,2,4,3,0.43,104
3660,22,6,3537,2,1,3,0.43,104
3661,23,16,3538,3,4,3,-0.7,246
3661,23,16,3538,3,1,3,-0.7,246
3662,23,9,3524,2,4,3,0.81,159
3662,23,9,3524,2,1,3,0.81,159
3663,23,13,3539,1,4,3,-0.97,68
3663,23,13,3539,1,1,3,-0.97,68
3664,24,21,3540,3,4,3,-0.89,264
3664,24,21,3540,3,1,3,-0.89,264
3665,24,18,3541,1,4,3,-0.75,177
3665,24,18,3541,1,1,3,-0.75,177
3666,24,19,3542,5,4,3,-0.97,149
3666,24,19,3542,5,1,3,-0.97,149
3667,25,30,3543,4,4,3,0.34,123
3667,25,30,3543,4,1,3,0.34,123
3668,25,6,3544,2,4,3,0.92,294
3668,25,6,3544,2,1,3,0.92,294
3669,25,30,3545,2,4,3,-0.45,31
3669,25,30,3545,2,1,3,-0.45,31
3670,26,19,3546,2,4,3,-0.39,323
3670,26,19,3546,2,1,3,-0.39,323
3671,26,18,3547,3,4,3,-0.95,159
3671,26,18,3547,3,1,3,-0.95,159
3672,26,9,3548,2,4,3,-0.98,213
3672,26,9,3548,2,1,3,-0.98,213
3673,27,9,3549,2,4,3,0.85,35
3673,27,9,3549,2,1,3,0.85,35
3674,27,9,3550,2,4,3,0.0,18
3674,27,9,3550,2,1,3,0.0,18
3675,27,10,3551,2,4,3,0.97,13
3675,27,10,3551,2,1,3,0.97,13
3676,29,13,3552,2,4,3,0.57,129
3676,29,13,3552,2,1,3,0.57,129
3677,29,13,1665,2,4,3,0.0,215
3677,29,13,1665,2,1,3,0.0,215
3678,29,6,3553,2,4,3,-0.92,37
3678,29,6,3553,2,1,3,-0.92,37
3679,30,17,3554,1,4,3,-0.71,103
3679,30,17,3554,1,1,3,-0.71,103
3680,30,17,3555,1,4,3,0.96,36
3680,30,17,3555,1,1,3,0.96,36
3681,30,7,3556,3,4,3,0.49,163
3681,30,7,3556,3,1,3,0.49,163
3682,31,9,3557,2,4,3,0.98,110
3682,31,9,3557,2,1,3,0.98,110
3683,31,30,3558,2,4,3,-0.5,115
3683,31,30,3558,2,1,3,-0.5,115
3684,31,11,3559,2,4,3,-0.49,113
3684,31,11,3559,2,1,3,-0.49,113
3685,32,21,3560,2,4,3,-0.98,112
3685,32,21,3560,2,1,3,-0.98,112
3686,32,30,3561,4,4,3,-0.81,204
3686,32,30,3561,4,1,3,-0.81,204
3687,32,30,3562,4,4,3,-0.87,189
3687,32,30,3562,4,1,3,-0.87,189
3688,32,11,3563,2,4,3,-0.6,232
3688,32,11,3563,2,1,3,-0.6,232
3689,32,30,3564,2,4,3,0.35,177
3689,32,30,3564,2,1,3,0.35,177
3690,32,30,3565,2,4,3,-0.97,72
3690,32,30,3565,2,1,3,-0.97,72
3691,32,30,3566,2,4,3,0.36,63
3691,32,30,3566,2,1,3,0.36,63
3692,32,7,1423,1,4,3,0.51,72
3692,32,7,1423,1,1,3,0.51,72
3693,32,10,3567,1,4,3,-0.68,67
3693,32,10,3567,1,1,3,-0.68,67
3694,33,10,3165,2,4,3,0.7,143
3694,33,10,3165,2,1,3,0.7,143
3695,33,5,3568,1,4,3,-0.53,32
3695,33,5,3568,1,1,3,-0.53,32
3696,33,7,3569,1,4,3,-0.47,26
3696,33,7,3569,1,1,3,-0.47,26
3697,34,18,3570,1,4,3,0.0,94
3697,34,18,3570,1,1,3,0.0,94
3698,34,30,3571,1,4,3,-0.65,218
3698,34,30,3571,1,1,3,-0.65,218
3699,34,9,3572,4,4,3,-0.5,102
3699,34,9,3572,4,1,3,-0.5,102
3700,36,16,3573,2,4,3,0.98,165
3700,36,16,3573,2,1,3,0.98,165
3701,36,16,3574,2,4,3,0.93,98
3701,36,16,3574,2,1,3,0.93,98
3702,36,19,3575,3,4,3,-0.94,51
3702,36,19,3575,3,1,3,-0.94,51
3703,36,30,3576,2,4,3,0.82,118
3703,36,30,3576,2,1,3,0.82,118
3704,36,15,3577,1,4,3,-0.56,50
3704,36,15,3577,1,1,3,-0.56,50
3705,36,15,3578,2,4,3,0.51,35
3705,36,15,3578,2,1,3,0.51,35
3706,36,28,3579,2,4,3,0.73,219
3706,36,28,3579,2,1,3,0.73,219
3707,36,24,3580,2,4,3,0.97,89
3707,36,24,3580,2,1,3,0.97,89
3708,36,23,3581,2,4,3,0.0,224
3708,36,23,3581,2,1,3,0.0,224
3709,36,11,3582,3,4,3,-0.48,85
3709,36,11,3582,3,1,3,-0.48,85
3710,37,30,3583,2,5,3,-0.46,126
3710,37,30,3583,2,1,3,-0.46,126
3711,37,10,3584,4,5,3,-0.9,221
3711,37,10,3584,4,1,3,-0.9,221
3712,37,10,3585,1,5,3,0.53,60
3712,37,10,3585,1,1,3,0.53,60
3713,38,7,2695,3,5,3,0.54,308
3713,38,7,2695,3,1,3,0.54,308
3714,38,8,3586,2,5,3,0.99,16
3714,38,8,3586,2,1,3,0.99,16
3715,38,7,3587,2,5,3,0.92,11
3715,38,7,3587,2,1,3,0.92,11
3716,39,18,3588,2,5,3,-0.81,88
3716,39,18,3588,2,1,3,-0.81,88
3717,39,30,3589,4,5,3,-0.52,164
3717,39,30,3589,4,1,3,-0.52,164
3718,39,11,3590,5,5,3,-0.69,300
3718,39,11,3590,5,1,3,-0.69,300
3719,40,7,3591,1,5,3,0.51,176
3719,40,7,3591,1,1,3,0.51,176
3720,40,10,3592,2,5,3,0.0,26
3720,40,10,3592,2,1,3,0.0,26
3721,40,7,3593,1,5,3,0.41,7
3721,40,7,3593,1,1,3,0.41,7
3722,41,11,3594,2,5,3,-0.77,173
3722,41,11,3594,2,1,3,-0.77,173
3723,41,17,3595,2,5,3,-0.55,14
3723,41,17,3595,2,1,3,-0.55,14
3724,41,30,3596,6,5,3,-0.47,48
3724,41,30,3596,6,1,3,-0.47,48
3725,43,18,3597,2,5,3,-0.95,239
3725,43,18,3597,2,1,3,-0.95,239
3726,43,13,3598,4,5,3,-0.86,228
3726,43,13,3598,4,1,3,-0.86,228
3727,43,14,3599,2,5,3,-0.83,159
3727,43,14,3599,2,1,3,-0.83,159
3728,44,30,3600,2,5,3,-0.96,220
3728,44,30,3600,2,1,3,-0.96,220
3729,44,19,3601,5,5,3,0.42,164
3729,44,19,3601,5,1,3,0.42,164
3730,44,13,3602,3,5,3,-0.57,181
3730,44,13,3602,3,1,3,-0.57,181
3731,45,19,3603,2,6,3,-0.63,238
3731,45,19,3603,2,1,3,-0.63,238
3732,45,9,587,2,6,3,-0.63,142
3732,45,9,587,2,1,3,-0.63,142
3733,45,15,3604,1,6,3,0.99,32
3733,45,15,3604,1,1,3,0.99,32
3734,46,15,3605,2,6,3,0.66,105
3734,46,15,3605,2,1,3,0.66,105
3735,46,9,3606,1,6,3,0.82,58
3735,46,9,3606,1,1,3,0.82,58
3736,47,19,3607,4,6,3,0.65,237
3736,47,19,3607,4,1,3,0.65,237
3737,47,15,3608,2,6,3,-0.82,240
3737,47,15,3608,2,1,3,-0.82,240
3738,47,15,3609,2,6,3,-0.95,199
3738,47,15,3609,2,1,3,-0.95,199
3739,47,15,3610,2,6,3,0.0,64
3739,47,15,3610,2,1,3,0.0,64
3740,47,17,3611,1,6,3,0.41,33
3740,47,17,3611,1,1,3,0.41,33
3741,47,30,3612,2,6,3,0.55,51
3741,47,30,3612,2,1,3,0.55,51
3742,47,24,3613,4,6,3,-0.68,233
3742,47,24,3613,4,1,3,-0.68,233
3743,47,19,3614,2,6,3,0.54,280
3743,47,19,3614,2,1,3,0.54,280
3744,47,30,3615,3,6,3,-0.62,236
3744,47,30,3615,3,1,3,-0.62,236
3745,47,17,3616,1,6,3,-0.54,48
3745,47,17,3616,1,1,3,-0.54,48
3746,47,30,3617,2,6,3,-0.43,164
3746,47,30,3617,2,1,3,-0.43,164
3747,47,11,3618,2,6,3,0.52,55
3747,47,11,3618,2,1,3,0.52,55
3748,47,30,3619,2,6,3,-0.94,57
3748,47,30,3619,2,1,3,-0.94,57
3749,47,30,3620,3,6,3,-0.82,222
3749,47,30,3620,3,1,3,-0.82,222
3750,47,30,3621,1,6,3,-0.93,238
3750,47,30,3621,1,1,3,-0.93,238
3751,48,6,3622,2,6,3,0.97,22
3751,48,6,3622,2,1,3,0.97,22
3752,48,6,3623,1,6,3,0.91,29
3752,48,6,3623,1,1,3,0.91,29
3753,48,7,3624,2,6,3,-0.45,11
3753,48,7,3624,2,1,3,-0.45,11
3754,48,8,1591,2,6,3,0.46,64
3754,48,8,1591,2,1,3,0.46,64
3755,49,8,3625,4,6,3,-0.73,236
3755,49,8,3625,4,1,3,-0.73,236
3756,49,6,3626,3,6,3,-0.66,130
3756,49,6,3626,3,1,3,-0.66,130
3757,49,9,3627,1,6,3,-0.92,112
3757,49,9,3627,1,1,3,-0.92,112
3758,49,6,3628,1,6,3,0.68,46
3758,49,6,3628,1,1,3,0.68,46
3759,49,6,3629,2,6,3,-0.47,85
3759,49,6,3629,2,1,3,-0.47,85
3760,49,7,2274,1,6,3,0.0,55
3760,49,7,2274,1,1,3,0.0,55
3761,49,9,3630,1,6,3,0.89,30
3761,49,9,3630,1,1,3,0.89,30
3762,49,11,3631,2,6,3,-0.5,19
3762,49,11,3631,2,1,3,-0.5,19
3763,49,6,3632,1,6,3,0.5,27
3763,49,6,3632,1,1,3,0.5,27
3764,49,6,3633,5,6,3,0.0,25
3764,49,6,3633,5,1,3,0.0,25
3765,49,30,2497,2,6,3,0.92,11
3765,49,30,2497,2,1,3,0.92,11
3766,49,7,1693,3,6,3,0.56,22
3766,49,7,1693,3,1,3,0.56,22
3767,49,7,3634,2,6,3,0.94,12
3767,49,7,3634,2,1,3,0.94,12
3768,49,6,3635,1,6,3,0.47,25
3768,49,6,3635,1,1,3,0.47,25
3769,49,6,3636,1,6,3,0.78,5
3769,49,6,3636,1,1,3,0.78,5
3770,49,6,3637,3,6,3,0.47,18
3770,49,6,3637,3,1,3,0.47,18
3771,49,6,3638,1,6,3,0.67,15
3771,49,6,3638,1,1,3,0.67,15
3772,49,6,3639,1,6,3,0.67,15
3772,49,6,3639,1,1,3,0.67,15
3773,49,6,3640,2,6,3,-0.8,66
3773,49,6,3640,2,1,3,-0.8,66
3774,49,9,3641,1,6,3,0.74,12
3774,49,9,3641,1,1,3,0.74,12
3775,49,9,3642,2,6,3,-0.91,20
3775,49,9,3642,2,1,3,-0.91,20
3776,49,9,3643,1,6,3,0.52,4
3776,49,9,3643,1,1,3,0.52,4
3777,49,7,3644,1,6,3,0.4,2
3777,49,7,3644,1,1,3,0.4,2
3778,49,6,3645,1,6,3,0.5,7
3778,49,6,3645,1,1,3,0.5,7
3779,49,6,3646,1,6,3,0.6,10
3779,49,6,3646,1,1,3,0.6,10
3780,50,30,3647,2,6,3,0.55,127
3780,50,30,3647,2,1,3,0.55,127
3781,50,9,3648,1,6,3,0.36,102
3781,50,9,3648,1,1,3,0.36,102
3782,50,7,3649,1,6,3,0.76,7
3782,50,7,3649,1,1,3,0.76,7
3783,50,9,3650,2,6,3,0.92,11
3783,50,9,3650,2,1,3,0.92,11
3784,50,7,3651,1,6,3,0.78,5
3784,50,7,3651,1,1,3,0.78,5
3785,50,9,3652,2,6,3,0.87,48
3785,50,9,3652,2,1,3,0.87,48
3786,50,11,3653,2,6,3,0.61,18
3786,50,11,3653,2,1,3,0.61,18
3787,50,6,3654,1,6,3,0.82,9
3787,50,6,3654,1,1,3,0.82,9
3788,51,14,3655,1,6,3,-0.52,31
3788,51,14,3655,1,1,3,-0.52,31
3789,51,9,3656,2,6,3,0.88,59
3789,51,9,3656,2,1,3,0.88,59
3790,51,11,3657,2,6,3,0.98,39
3790,51,11,3657,2,1,3,0.98,39
3791,51,9,3658,1,6,3,0.91,45
3791,51,9,3658,1,1,3,0.91,45
3792,51,9,3659,2,6,3,-0.96,43
3792,51,9,3659,2,1,3,-0.96,43
3793,51,9,3660,1,6,3,0.98,27
3793,51,9,3660,1,1,3,0.98,27
3794,51,13,3661,2,6,3,0.66,16
3794,51,13,3661,2,1,3,0.66,16
3795,51,5,3662,2,6,3,0.98,16
3795,51,5,3662,2,1,3,0.98,16
3796,51,10,3663,1,6,3,-0.49,30
3796,51,10,3663,1,1,3,-0.49,30
3797,51,11,3664,2,6,3,0.92,11
3797,51,11,3664,2,1,3,0.92,11
3798,51,11,3665,1,6,3,0.75,4
3798,51,11,3665,1,1,3,0.75,4
3799,51,7,3666,1,6,3,0.91,3
3799,51,7,3666,1,1,3,0.91,3
3800,51,11,3667,1,6,3,0.42,1
3800,51,11,3667,1,1,3,0.42,1
3801,51,5,3668,2,6,3,0.49,18
3801,51,5,3668,2,1,3,0.49,18
3802,51,8,3669,1,6,3,0.92,10
3802,51,8,3669,1,1,3,0.92,10
3803,51,6,3670,2,6,3,0.45,20
3803,51,6,3670,2,1,3,0.45,20
3804,51,11,3671,2,6,3,-0.67,112
3804,51,11,3671,2,1,3,-0.67,112
3805,51,7,3672,3,6,3,0.73,105
3805,51,7,3672,3,1,3,0.73,105
3806,51,10,3673,1,6,3,0.92,86
3806,51,10,3673,1,1,3,0.92,86
3807,51,11,3674,1,6,3,0.97,9
3807,51,11,3674,1,1,3,0.97,9
3808,51,11,3675,2,6,3,0.5,22
3808,51,11,3675,2,1,3,0.5,22
3809,51,8,3676,1,6,3,0.72,18
3809,51,8,3676,1,1,3,0.72,18
3810,52,21,3677,2,6,3,0.0,71
3810,52,21,3677,2,1,3,0.0,71
3811,52,30,3678,2,6,3,-0.94,101
3811,52,30,3678,2,1,3,-0.94,101
3812,52,10,3679,2,6,3,-0.95,28
3812,52,10,3679,2,1,3,-0.95,28
3813,52,9,3680,2,6,3,0.76,16
3813,52,9,3680,2,1,3,0.76,16
3814,52,10,3681,1,6,3,0.49,8
3814,52,10,3681,1,1,3,0.49,8
3815,52,11,3682,1,6,3,0.42,2
3815,52,11,3682,1,1,3,0.42,2
3816,52,6,3683,2,6,3,0.53,15
3816,52,6,3683,2,1,3,0.53,15
3817,52,5,3684,1,6,3,0.68,10
3817,52,5,3684,1,1,3,0.68,10
3818,52,30,3685,1,6,3,-0.46,189
3818,52,30,3685,1,1,3,-0.46,189
3819,52,16,3686,2,6,3,-0.45,11
3819,52,16,3686,2,1,3,-0.45,11
3820,52,8,3687,1,6,3,0.39,43
3820,52,8,3687,1,1,3,0.39,43
3821,52,5,3688,1,6,3,0.62,9
3821,52,5,3688,1,1,3,0.62,9
3822,52,9,3689,1,6,3,-0.86,12
3822,52,9,3689,1,1,3,-0.86,12
3823,53,11,3690,5,6,3,-0.51,223
3823,53,11,3690,5,1,3,-0.51,223
3824,53,11,3691,2,6,3,-0.98,80
3824,53,11,3691,2,1,3,-0.98,80
3825,53,7,3692,1,6,3,0.71,102
3825,53,7,3692,1,1,3,0.71,102
3826,53,8,3693,5,6,3,0.84,48
3826,53,8,3693,5,1,3,0.84,48
3827,53,6,3694,1,6,3,0.99,9
3827,53,6,3694,1,1,3,0.99,9
3828,53,6,3695,2,6,3,0.92,11
3828,53,6,3695,2,1,3,0.92,11
3829,53,11,3696,1,6,3,0.46,8
3829,53,11,3696,1,1,3,0.46,8
3830,53,8,3697,1,6,3,0.53,45
3830,53,8,3697,1,1,3,0.53,45
3831,53,8,3698,1,6,3,0.51,3
3831,53,8,3698,1,1,3,0.51,3
3832,53,6,3699,1,6,3,0.5,7
3832,53,6,3699,1,1,3,0.5,7
3833,54,30,3700,5,6,3,-0.76,240
3833,54,30,3700,5,1,3,-0.76,240
3834,54,6,3701,1,6,3,0.91,3
3834,54,6,3701,1,1,3,0.91,3
3835,54,6,3702,1,6,3,-0.51,20
3835,54,6,3702,1,1,3,-0.51,20
3836,54,8,3703,1,6,3,0.55,11
3836,54,8,3703,1,1,3,0.55,11
3837,54,6,3704,1,6,3,0.93,13
3837,54,6,3704,1,1,3,0.93,13
3838,55,11,3681,6,6,3,-0.84,239
3838,55,11,3681,6,1,3,-0.84,239
3839,55,11,3705,1,6,3,0.96,85
3839,55,11,3705,1,1,3,0.96,85
3840,55,9,3706,2,6,3,-0.54,48
3840,55,9,3706,2,1,3,-0.54,48
3841,55,5,3707,2,6,3,-0.46,26
3841,55,5,3707,2,1,3,-0.46,26
3842,55,8,3708,6,6,3,0.44,44
3842,55,8,3708,6,1,3,0.44,44
3843,55,8,3709,1,6,3,0.9,8
3843,55,8,3709,1,1,3,0.9,8
3844,55,8,3710,1,6,3,0.6,15
3844,55,8,3710,1,1,3,0.6,15
3845,55,7,3711,2,6,3,0.95,47
3845,55,7,3711,2,1,3,0.95,47
3846,55,30,3712,1,6,3,0.42,18
3846,55,30,3712,1,1,3,0.42,18
3847,57,7,3713,1,6,3,0.75,155
3847,57,7,3713,1,1,3,0.75,155
3848,57,7,3714,1,6,3,0.49,49
3848,57,7,3714,1,1,3,0.49,49
3849,57,6,3715,1,6,3,-0.58,70
3849,57,6,3715,1,1,3,-0.58,70
3850,57,10,3716,1,6,3,0.0,38
3850,57,10,3716,1,1,3,0.0,38
3851,57,6,3717,2,6,3,0.99,27
3851,57,6,3717,2,1,3,0.99,27
3852,57,7,742,1,6,3,-0.4,3
3852,57,7,742,1,1,3,-0.4,3
3853,57,7,3718,1,6,3,0.98,77
3853,57,7,3718,1,1,3,0.98,77
3854,58,30,3719,5,6,3,-0.62,114
3854,58,30,3719,5,1,3,-0.62,114
3855,58,11,3720,1,6,3,0.89,8
3855,58,11,3720,1,1,3,0.89,8
3856,58,6,3721,1,6,3,0.41,7
3856,58,6,3721,1,1,3,0.41,7
3857,59,30,3722,2,6,3,-0.8,268
3857,59,30,3722,2,1,3,-0.8,268
3858,59,30,3723,1,6,3,0.0,66
3858,59,30,3723,1,1,3,0.0,66
3859,59,10,3724,1,6,3,0.67,9
3859,59,10,3724,1,1,3,0.67,9
3860,59,7,3725,1,6,3,0.99,9
3860,59,7,3725,1,1,3,0.99,9
3861,59,10,3726,2,6,3,0.98,26
3861,59,10,3726,2,1,3,0.98,26
3862,59,6,3727,2,6,3,0.48,15
3862,59,6,3727,2,1,3,0.48,15
3863,59,9,3728,1,6,3,0.66,11
3863,59,9,3728,1,1,3,0.66,11
3864,59,19,3729,2,6,3,0.95,16
3864,59,19,3729,2,1,3,0.95,16
3865,59,8,3730,3,6,3,-0.53,118
3865,59,8,3730,3,1,3,-0.53,118
3866,59,14,3731,1,6,3,0.97,9
3866,59,14,3731,1,1,3,0.97,9
3867,61,20,3732,2,6,3,0.91,81
3867,61,20,3732,2,1,3,0.91,81
3868,61,30,3733,2,6,3,-0.85,238
3868,61,30,3733,2,1,3,-0.85,238
3869,61,13,3734,2,6,3,0.61,98
3869,61,13,3734,2,1,3,0.61,98
3870,61,10,3735,2,6,3,-0.67,266
3870,61,10,3735,2,1,3,-0.67,266
3871,61,10,3736,2,6,3,-0.47,206
3871,61,10,3736,2,1,3,-0.47,206
3872,61,11,3737,2,6,3,-0.67,260
3872,61,11,3737,2,1,3,-0.67,260
3873,61,5,3738,2,6,3,-0.43,237
3873,61,5,3738,2,1,3,-0.43,237
3874,61,7,3739,1,6,3,-0.5,132
3874,61,7,3739,1,1,3,-0.5,132
3875,61,9,3740,1,6,3,-0.71,84
3875,61,9,3740,1,1,3,-0.71,84
3876,61,11,3741,2,6,3,0.95,49
3876,61,11,3741,2,1,3,0.95,49
3877,61,7,3742,2,6,3,-0.73,83
3877,61,7,3742,2,1,3,-0.73,83
3878,61,6,3743,1,6,3,0.0,61
3878,61,6,3743,1,1,3,0.0,61
3879,61,9,3744,2,6,3,0.75,38
3879,61,9,3744,2,1,3,0.75,38
3880,61,7,3745,2,6,3,0.97,15
3880,61,7,3745,2,1,3,0.97,15
3881,61,7,3746,2,6,3,0.56,20
3881,61,7,3746,2,1,3,0.56,20
3882,61,9,3747,1,6,3,0.54,19
3882,61,9,3747,1,1,3,0.54,19
3883,61,7,3748,6,6,3,0.66,29
3883,61,7,3748,6,1,3,0.66,29
3884,61,6,3749,1,6,3,-0.4,3
3884,61,6,3749,1,1,3,-0.4,3
3885,61,9,3750,1,6,3,0.43,9
3885,61,9,3750,1,1,3,0.43,9
3886,61,10,3751,2,6,3,-0.48,13
3886,61,10,3751,2,1,3,-0.48,13
3887,61,4,3752,1,6,3,0.75,4
3887,61,4,3752,1,1,3,0.75,4
3888,61,7,3753,1,6,3,0.88,15
3888,61,7,3753,1,1,3,0.88,15
3889,61,9,3754,1,6,3,0.57,3
3889,61,9,3754,1,1,3,0.57,3
3890,61,14,3755,2,6,3,-0.53,65
3890,61,14,3755,2,1,3,-0.53,65
3891,61,21,3756,2,6,3,-0.56,114
3891,61,21,3756,2,1,3,-0.56,114
3892,61,10,3757,3,6,3,-0.95,210
3892,61,10,3757,3,1,3,-0.95,210
3893,61,11,3758,5,6,3,0.6,153
3893,61,11,3758,5,1,3,0.6,153
3894,61,8,3759,1,6,3,0.8,68
3894,61,8,3759,1,1,3,0.8,68
3895,61,19,3760,1,6,3,0.56,5
3895,61,19,3760,1,1,3,0.56,5
3896,61,10,3761,1,6,3,0.54,57
3896,61,10,3761,1,1,3,0.54,57
3897,61,11,3762,1,6,3,0.89,34
3897,61,11,3762,1,1,3,0.89,34
3898,61,14,3763,1,6,3,0.59,6
3898,61,14,3763,1,1,3,0.59,6
3899,61,11,3764,2,6,3,0.98,24
3899,61,11,3764,2,1,3,0.98,24
3900,61,11,3765,1,6,3,0.4,27
3900,61,11,3765,1,1,3,0.4,27
3901,61,7,3766,1,6,3,-0.67,28
3901,61,7,3766,1,1,3,-0.67,28
3902,61,7,3767,1,6,3,0.57,11
3902,61,7,3767,1,1,3,0.57,11
3903,61,6,3768,1,6,3,0.96,9
3903,61,6,3768,1,1,3,0.96,9
3904,61,8,3769,1,6,3,0.48,10
3904,61,8,3769,1,1,3,0.48,10
3905,61,6,1406,1,6,3,0.56,8
3905,61,6,1406,1,1,3,0.56,8
3906,61,7,3770,1,6,3,0.65,5
3906,61,7,3770,1,1,3,0.65,5
3907,61,3,3771,1,6,3,0.49,5
3907,61,3,3771,1,1,3,0.49,5
3908,61,9,3772,1,6,3,0.75,4
3908,61,9,3772,1,1,3,0.75,4
3909,61,9,3773,1,6,3,0.49,5
3909,61,9,3773,1,1,3,0.49,5
3910,61,2,3774,1,6,3,0.91,3
3910,61,2,3774,1,1,3,0.91,3
3911,62,15,3775,2,6,3,-0.98,258
3911,62,15,3775,2,1,3,-0.98,258
3912,62,9,3776,3,6,3,-0.69,229
3912,62,9,3776,3,1,3,-0.69,229
3913,62,30,3777,1,6,3,-0.41,60
3913,62,30,3777,1,1,3,-0.41,60
3914,62,30,3778,1,6,3,-0.56,38
3914,62,30,3778,1,1,3,-0.56,38
3915,62,30,1851,2,6,3,0.0,42
3915,62,30,1851,2,1,3,0.0,42
3916,62,30,3779,2,6,3,-0.45,36
3916,62,30,3779,2,1,3,-0.45,36
3917,62,11,3780,2,6,3,0.91,28
3917,62,11,3780,2,1,3,0.91,28
3918,62,11,3781,2,6,3,0.0,38
3918,62,11,3781,2,1,3,0.0,38
3919,62,11,3782,2,6,3,0.43,11
3919,62,11,3782,2,1,3,0.43,11
3920,62,9,3783,1,6,3,0.51,8
3920,62,9,3783,1,1,3,0.51,8
3921,62,6,3784,1,6,3,0.96,14
3921,62,6,3784,1,1,3,0.96,14
3922,62,22,3785,2,6,3,-0.49,157
3922,62,22,3785,2,1,3,-0.49,157
3923,62,21,3786,3,6,3,0.0,74
3923,62,21,3786,3,1,3,0.0,74
3924,62,15,3787,1,6,3,-0.64,243
3924,62,15,3787,1,1,3,-0.64,243
3925,62,15,3788,2,6,3,-0.53,82
3925,62,15,3788,2,1,3,-0.53,82
3926,62,11,3789,2,6,3,0.73,32
3926,62,11,3789,2,1,3,0.73,32
3927,62,16,3790,1,6,3,0.41,27
3927,62,16,3790,1,1,3,0.41,27
3928,62,16,3791,2,6,3,-0.61,19
3928,62,16,3791,2,1,3,-0.61,19
3929,62,5,1698,1,6,3,0.96,9
3929,62,5,1698,1,1,3,0.96,9
3930,62,9,3792,1,6,3,0.96,4
3930,62,9,3792,1,1,3,0.96,4
3931,62,5,3793,1,6,3,0.64,18
3931,62,5,3793,1,1,3,0.64,18
3932,63,21,3794,1,6,3,-0.88,188
3932,63,21,3794,1,1,3,-0.88,188
3933,63,11,3795,2,6,3,0.49,103
3933,63,11,3795,2,1,3,0.49,103
3934,63,6,3796,2,6,3,0.97,37
3934,63,6,3796,2,1,3,0.97,37
3935,63,10,3797,1,6,3,0.97,17
3935,63,10,3797,1,1,3,0.97,17
3936,63,7,3798,1,6,3,0.69,9
3936,63,7,3798,1,1,3,0.69,9
3937,63,8,3799,1,6,3,0.42,1
3937,63,8,3799,1,1,3,0.42,1
3938,63,6,3800,2,6,3,0.66,16
3938,63,6,3800,2,1,3,0.66,16
3939,63,7,3801,2,6,3,0.7,11
3939,63,7,3801,2,1,3,0.7,11
3940,63,16,3802,2,6,3,-0.75,118
3940,63,16,3802,2,1,3,-0.75,118
3941,63,16,3803,3,6,3,-0.9,296
3941,63,16,3803,3,1,3,-0.9,296
3942,63,30,3804,1,6,3,-0.85,109
3942,63,30,3804,1,1,3,-0.85,109
3943,63,30,3805,1,6,3,-0.78,54
3943,63,30,3805,1,1,3,-0.78,54
3944,63,9,3806,2,6,3,-0.62,25
3944,63,9,3806,2,1,3,-0.62,25
3945,63,8,3807,1,6,3,0.56,7
3945,63,8,3807,1,1,3,0.56,7
3946,64,10,3808,3,6,3,0.0,46
3946,64,10,3808,3,1,3,0.0,46
3947,64,30,3809,1,6,3,0.87,10
3947,64,30,3809,1,1,3,0.87,10
3948,64,24,3810,1,6,3,0.84,19
3948,64,24,3810,1,1,3,0.84,19
3949,64,21,3811,1,6,3,-0.43,240
3949,64,21,3811,1,1,3,-0.43,240
3950,65,16,3812,2,6,3,-0.96,205
3950,65,16,3812,2,1,3,-0.96,205
3951,65,10,3606,2,6,3,0.74,95
3951,65,10,3606,2,1,3,0.74,95
3952,65,11,3813,2,6,3,-0.36,94
3952,65,11,3813,2,1,3,-0.36,94
3953,65,10,1466,2,6,3,0.92,11
3953,65,10,1466,2,1,3,0.92,11
3954,65,21,3814,2,6,3,-0.68,239
3954,65,21,3814,2,1,3,-0.68,239
3955,65,19,3729,1,6,3,-0.95,146
3955,65,19,3729,1,1,3,-0.95,146
3956,65,10,3815,2,6,3,-0.96,61
3956,65,10,3815,2,1,3,-0.96,61
3957,65,10,3816,2,6,3,0.91,44
3957,65,10,3816,2,1,3,0.91,44
3958,65,30,3817,1,6,3,0.97,89
3958,65,30,3817,1,1,3,0.97,89
3959,66,16,3549,2,6,3,0.98,67
3959,66,16,3549,2,1,3,0.98,67
3960,66,15,3818,2,6,3,0.92,13
3960,66,15,3818,2,1,3,0.92,13
3961,66,17,3819,1,6,3,-0.77,330
3961,66,17,3819,1,1,3,-0.77,330
3962,67,19,3820,3,6,3,-0.45,237
3962,67,19,3820,3,1,3,-0.45,237
3963,67,15,3261,7,6,3,-0.5,228
3963,67,15,3261,7,1,3,-0.5,228
3964,67,17,3821,2,6,3,0.95,162
3964,67,17,3821,2,1,3,0.95,162
3965,67,16,3822,2,6,3,-0.54,156
3965,67,16,3822,2,1,3,-0.54,156
3966,67,16,3823,2,6,3,-0.96,239
3966,67,16,3823,2,1,3,-0.96,239
3967,67,14,3824,2,6,3,-0.78,235
3967,67,14,3824,2,1,3,-0.78,235
3968,67,30,3825,2,6,3,-0.95,229
3968,67,30,3825,2,1,3,-0.95,229
3969,67,11,3826,2,6,3,-0.62,233
3969,67,11,3826,2,1,3,-0.62,233
3970,67,30,3827,2,6,3,0.94,41
3970,67,30,3827,2,1,3,0.94,41
3971,67,6,3828,2,6,3,-0.48,124
3971,67,6,3828,2,1,3,-0.48,124
3972,67,10,2891,2,6,3,0.95,74
3972,67,10,2891,2,1,3,0.95,74
3973,67,8,3829,2,6,3,0.92,95
3973,67,8,3829,2,1,3,0.92,95
3974,67,7,3830,2,6,3,-0.49,155
3974,67,7,3830,2,1,3,-0.49,155
3975,67,10,3831,1,6,3,-0.44,47
3975,67,10,3831,1,1,3,-0.44,47
3976,67,8,3832,2,6,3,-0.58,77
3976,67,8,3832,2,1,3,-0.58,77
3977,67,11,3833,2,6,3,-0.49,45
3977,67,11,3833,2,1,3,-0.49,45
3978,67,6,3834,2,6,3,0.87,63
3978,67,6,3834,2,1,3,0.87,63
3979,67,7,3835,2,6,3,-0.54,64
3979,67,7,3835,2,1,3,-0.54,64
3980,67,6,3836,1,6,3,-0.49,57
3980,67,6,3836,1,1,3,-0.49,57
3981,67,7,3837,1,6,3,-0.64,71
3981,67,7,3837,1,1,3,-0.64,71
3982,67,11,3838,1,6,3,0.0,32
3982,67,11,3838,1,1,3,0.0,32
3983,67,7,3839,2,6,3,0.4,43
3983,67,7,3839,2,1,3,0.4,43
3984,67,8,3840,2,6,3,0.64,17
3984,67,8,3840,2,1,3,0.64,17
3985,67,9,3841,1,6,3,0.77,45
3985,67,9,3841,1,1,3,0.77,45
3986,67,9,3842,2,6,3,0.5,19
3986,67,9,3842,2,1,3,0.5,19
3987,67,13,3843,2,6,3,0.57,15
3987,67,13,3843,2,1,3,0.57,15
3988,67,6,3844,2,6,3,0.92,46
3988,67,6,3844,2,1,3,0.92,46
3989,67,30,3845,2,6,3,0.95,11
3989,67,30,3845,2,1,3,0.95,11
3990,67,6,3752,1,6,3,0.89,8
3990,67,6,3752,1,1,3,0.89,8
3991,67,7,3846,2,6,3,0.98,16
3991,67,7,3846,2,1,3,0.98,16
3992,67,7,3847,1,6,3,0.0,8
3992,67,7,3847,1,1,3,0.0,8
3993,67,12,3848,2,6,3,0.57,15
3993,67,12,3848,2,1,3,0.57,15
3994,67,11,3849,1,6,3,0.49,24
3994,67,11,3849,1,1,3,0.49,24
3995,67,9,3850,2,6,3,-0.85,23
3995,67,9,3850,2,1,3,-0.85,23
3996,67,7,1371,2,6,3,0.43,17
3996,67,7,1371,2,1,3,0.43,17
3997,67,6,3851,1,6,3,0.75,4
3997,67,6,3851,1,1,3,0.75,4
3998,67,9,3852,2,6,3,0.74,19
3998,67,9,3852,2,1,3,0.74,19
3999,67,7,3748,1,6,3,0.56,23
3999,67,7,3748,1,1,3,0.56,23
4000,67,7,3146,2,6,3,0.49,19
4000,67,7,3146,2,1,3,0.49,19
4001,67,7,3853,1,6,3,0.56,10
4001,67,7,3853,1,1,3,0.56,10
4002,67,7,3854,2,6,3,0.45,12
4002,67,7,3854,2,1,3,0.45,12
4003,67,30,3855,2,6,3,-0.95,114
4003,67,30,3855,2,1,3,-0.95,114
4004,67,19,3856,2,6,3,-0.96,237
4004,67,19,3856,2,1,3,-0.96,237
4005,67,30,3857,6,6,3,-0.52,151
4005,67,30,3857,6,1,3,-0.52,151
4006,67,9,3858,2,6,3,-0.89,296
4006,67,9,3858,2,1,3,-0.89,296
4007,67,9,3859,1,6,3,0.42,40
4007,67,9,3859,1,1,3,0.42,40
4008,67,8,3860,2,6,3,0.94,21
4008,67,8,3860,2,1,3,0.94,21
4009,67,8,3861,2,6,3,0.92,13
4009,67,8,3861,2,1,3,0.92,13
4010,67,8,3862,1,6,3,0.85,16
4010,67,8,3862,1,1,3,0.85,16
4011,67,8,3863,1,6,3,0.97,17
4011,67,8,3863,1,1,3,0.97,17
4012,67,8,3864,2,6,3,0.92,11
4012,67,8,3864,2,1,3,0.92,11
4013,68,8,3865,1,6,3,0.55,77
4013,68,8,3865,1,1,3,0.55,77
4014,68,16,3866,1,6,3,0.42,1
4014,68,16,3866,1,1,3,0.42,1
4015,69,21,3867,5,6,3,-0.49,89
4015,69,21,3867,5,1,3,-0.49,89
4016,69,16,3868,7,6,3,-0.55,52
4016,69,16,3868,7,1,3,-0.55,52
4017,69,15,3869,1,6,3,-0.37,42
4017,69,15,3869,1,1,3,-0.37,42
4018,69,11,3870,7,6,3,-0.55,52
4018,69,11,3870,7,1,3,-0.55,52
4019,69,14,3871,2,6,3,0.98,30
4019,69,14,3871,2,1,3,0.98,30
4020,69,7,3872,1,6,3,0.47,21
4020,69,7,3872,1,1,3,0.47,21
4021,69,11,2645,2,6,3,0.47,11
4021,69,11,2645,2,1,3,0.47,11
4022,70,20,3873,1,6,3,0.67,36
4022,70,20,3873,1,1,3,0.67,36
4023,70,30,3874,2,6,3,0.92,14
4023,70,30,3874,2,1,3,0.92,14
4024,71,30,3875,2,6,3,-0.6,240
4024,71,30,3875,2,1,3,-0.6,240
4025,71,17,3876,2,6,3,0.42,31
4025,71,17,3876,2,1,3,0.42,31
4026,71,12,3877,2,6,3,-0.72,96
4026,71,12,3877,2,1,3,-0.72,96
4027,71,9,3878,5,6,3,0.9,83
4027,71,9,3878,5,1,3,0.9,83
4028,71,9,3879,4,6,3,-0.81,204
4028,71,9,3879,4,1,3,-0.81,204
4029,71,7,3880,1,6,3,-0.66,101
4029,71,7,3880,1,1,3,-0.66,101
4030,71,8,3881,2,6,3,-0.54,87
4030,71,8,3881,2,1,3,-0.54,87
4031,71,5,3882,5,6,3,-0.43,41
4031,71,5,3882,5,1,3,-0.43,41
4032,71,6,3883,2,6,3,0.67,29
4032,71,6,3883,2,1,3,0.67,29
4033,71,7,3884,1,6,3,0.0,23
4033,71,7,3884,1,1,3,0.0,23
4034,71,9,3885,2,6,3,0.95,17
4034,71,9,3885,2,1,3,0.95,17
4035,71,10,3886,2,6,3,-0.49,21
4035,71,10,3886,2,1,3,-0.49,21
4036,71,11,3887,2,6,3,0.52,20
4036,71,11,3887,2,1,3,0.52,20
4037,71,19,3888,1,6,3,-0.66,69
4037,71,19,3888,1,1,3,-0.66,69
4038,71,10,3889,1,6,3,0.47,60
4038,71,10,3889,1,1,3,0.47,60
4039,71,10,3890,1,6,3,-0.9,28
4039,71,10,3890,1,1,3,-0.9,28
4040,71,11,3891,1,6,3,0.96,4
4040,71,11,3891,1,1,3,0.96,4
4041,73,21,3892,2,7,3,0.98,68
4041,73,21,3892,2,1,3,0.98,68
4042,73,24,3614,2,7,3,0.87,251
4042,73,24,3614,2,1,3,0.87,251
4043,76,30,3893,1,7,3,0.42,4
4043,76,30,3893,1,1,3,0.42,4
4044,77,17,3894,1,7,3,0.93,25
4044,77,17,3894,1,1,3,0.93,25
4045,78,7,3895,1,7,3,0.75,4
4045,78,7,3895,1,1,3,0.75,4
4046,78,30,3896,1,7,3,0.0,13
4046,78,30,3896,1,1,3,0.0,13
4047,78,5,3897,1,7,3,0.62,16
4047,78,5,3897,1,1,3,0.62,16
4048,79,20,3898,3,7,3,-0.65,216
4048,79,20,3898,3,1,3,-0.65,216
4049,79,16,3899,2,7,3,-0.77,161
4049,79,16,3899,2,1,3,-0.77,161
4050,79,16,3900,2,7,3,-0.58,233
4050,79,16,3900,2,1,3,-0.58,233
4051,79,20,3901,2,7,3,-0.54,35
4051,79,20,3901,2,1,3,-0.54,35
4052,79,17,3902,4,7,3,-0.7,264
4052,79,17,3902,4,1,3,-0.7,264
4053,79,17,3903,1,7,3,0.57,115
4053,79,17,3903,1,1,3,0.57,115
4054,79,30,3904,2,7,3,-0.69,216
4054,79,30,3904,2,1,3,-0.69,216
4055,79,30,3905,3,7,3,-0.64,154
4055,79,30,3905,3,1,3,-0.64,154
4056,79,11,3906,2,7,3,-0.63,238
4056,79,11,3906,2,1,3,-0.63,238
4057,79,30,3907,5,7,3,-0.78,260
4057,79,30,3907,5,1,3,-0.78,260
4058,79,11,3908,2,7,3,-0.98,236
4058,79,11,3908,2,1,3,-0.98,236
4059,79,11,3909,2,7,3,0.82,217
4059,79,11,3909,2,1,3,0.82,217
4060,79,12,3910,2,7,3,-0.8,94
4060,79,12,3910,2,1,3,-0.8,94
4061,79,7,3911,3,7,3,-0.78,238
4061,79,7,3911,3,1,3,-0.78,238
4062,79,11,3912,2,7,3,-0.55,144
4062,79,11,3912,2,1,3,-0.55,144
4063,79,9,3913,4,7,3,0.0,238
4063,79,9,3913,4,1,3,0.0,238
4064,79,30,3914,2,7,3,-0.98,148
4064,79,30,3914,2,1,3,-0.98,148
4065,79,11,3915,2,7,3,0.0,208
4065,79,11,3915,2,1,3,0.0,208
4066,79,7,3916,3,7,3,-0.73,311
4066,79,7,3916,3,1,3,-0.73,311
4067,79,11,3917,2,7,3,-0.92,308
4067,79,11,3917,2,1,3,-0.92,308
4068,79,30,3918,3,7,3,0.94,73
4068,79,30,3918,3,1,3,0.94,73
4069,79,7,3919,2,7,3,0.47,149
4069,79,7,3919,2,1,3,0.47,149
4070,79,16,3920,2,7,3,0.92,25
4070,79,16,3920,2,1,3,0.92,25
4071,79,30,3921,2,7,3,0.8,37
4071,79,30,3921,2,1,3,0.8,37
4072,79,11,1328,2,7,3,0.63,91
4072,79,11,1328,2,1,3,0.63,91
4073,79,9,3922,2,7,3,-0.74,173
4073,79,9,3922,2,1,3,-0.74,173
4074,79,11,3923,2,7,3,-0.96,58
4074,79,11,3923,2,1,3,-0.96,58
4075,79,11,3924,1,7,3,0.61,47
4075,79,11,3924,1,1,3,0.61,47
4076,79,10,3925,2,7,3,0.79,51
4076,79,10,3925,2,1,3,0.79,51
4077,79,7,3926,2,7,3,-0.77,128
4077,79,7,3926,2,1,3,-0.77,128
4078,79,9,3927,2,7,3,-0.86,34
4078,79,9,3927,2,1,3,-0.86,34
4079,79,30,3928,2,7,3,-0.77,31
4079,79,30,3928,2,1,3,-0.77,31
4080,79,14,3755,2,7,3,-0.45,11
4080,79,14,3755,2,1,3,-0.45,11
4081,79,8,3929,1,7,3,0.0,29
4081,79,8,3929,1,1,3,0.0,29
4082,79,5,3930,1,7,3,0.98,16
4082,79,5,3930,1,1,3,0.98,16
4083,79,5,3738,1,7,3,0.98,32
4083,79,5,3738,1,1,3,0.98,32
4084,79,30,3931,1,7,3,0.0,18
4084,79,30,3931,1,1,3,0.0,18
4085,79,7,3932,1,7,3,0.86,36
4085,79,7,3932,1,1,3,0.86,36
4086,79,8,3933,1,7,3,0.93,14
4086,79,8,3933,1,1,3,0.93,14
4087,79,10,3934,2,7,3,0.98,16
4087,79,10,3934,2,1,3,0.98,16
4088,79,6,3935,1,7,3,0.54,36
4088,79,6,3935,1,1,3,0.54,36
4089,79,30,3936,1,7,3,0.38,11
4089,79,30,3936,1,1,3,0.38,11
4090,79,7,3937,1,7,3,0.41,7
4090,79,7,3937,1,1,3,0.41,7
4091,79,11,3938,2,7,3,0.91,17
4091,79,11,3938,2,1,3,0.91,17
4092,79,9,3939,1,7,3,0.79,32
4092,79,9,3939,1,1,3,0.79,32
4093,79,8,3940,1,7,3,0.54,18
4093,79,8,3940,1,1,3,0.54,18
4094,79,11,3941,1,7,3,0.66,17
4094,79,11,3941,1,1,3,0.66,17
4095,79,10,3942,2,7,3,0.98,16
4095,79,10,3942,2,1,3,0.98,16
4096,79,11,3943,2,7,3,0.57,15
4096,79,11,3943,2,1,3,0.57,15
4097,79,6,3944,2,7,3,-0.68,21
4097,79,6,3944,2,1,3,-0.68,21
4098,79,11,3945,1,7,3,0.89,9
4098,79,11,3945,1,1,3,0.89,9
4099,79,9,3946,2,7,3,-0.57,21
4099,79,9,3946,2,1,3,-0.57,21
4100,79,9,3947,2,7,3,0.94,21
4100,79,9,3947,2,1,3,0.94,21
4101,79,10,3948,2,7,3,-0.45,11
4101,79,10,3948,2,1,3,-0.45,11
4102,79,7,3949,1,7,3,0.8,7
4102,79,7,3949,1,1,3,0.8,7
4103,79,9,3950,2,7,3,0.58,10
4103,79,9,3950,2,1,3,0.58,10
4104,79,10,3951,2,7,3,0.57,15
4104,79,10,3951,2,1,3,0.57,15
4105,79,30,3952,6,7,3,-0.91,166
4105,79,30,3952,6,1,3,-0.91,166
4106,79,16,3953,1,7,3,-0.68,51
4106,79,16,3953,1,1,3,-0.68,51
4107,79,10,3954,2,7,3,0.98,99
4107,79,10,3954,2,1,3,0.98,99
4108,79,14,3955,2,7,3,-0.43,85
4108,79,14,3955,2,1,3,-0.43,85
4109,79,10,3956,6,7,3,0.55,235
4109,79,10,3956,6,1,3,0.55,235
4110,79,9,3957,2,7,3,-0.84,230
4110,79,9,3957,2,1,3,-0.84,230
4111,79,8,3958,2,7,3,-0.96,109
4111,79,8,3958,2,1,3,-0.96,109
4112,79,9,1319,1,7,3,-0.8,53
4112,79,9,1319,1,1,3,-0.8,53
4113,79,5,3959,6,7,3,0.0,33
4113,79,5,3959,6,1,3,0.0,33
4114,79,10,3960,2,7,3,0.53,27
4114,79,10,3960,2,1,3,0.53,27
4115,79,8,3961,2,7,3,-0.95,42
4115,79,8,3961,2,1,3,-0.95,42
4116,79,30,3962,2,7,3,0.6,14
4116,79,30,3962,2,1,3,0.6,14
4117,79,10,3963,2,7,3,0.66,16
4117,79,10,3963,2,1,3,0.66,16
4118,79,8,3964,1,7,3,0.92,28
4118,79,8,3964,1,1,3,0.92,28
4119,79,6,3965,1,7,3,0.64,18
4119,79,6,3965,1,1,3,0.64,18
4120,79,7,3966,1,7,3,0.0,3
4120,79,7,3966,1,1,3,0.0,3
4121,79,8,3967,1,7,3,0.91,4
4121,79,8,3967,1,1,3,0.91,4
4122,79,7,3968,1,7,3,0.96,13
4122,79,7,3968,1,1,3,0.96,13
4123,79,7,3969,2,7,3,0.57,15
4123,79,7,3969,2,1,3,0.57,15
4124,79,30,3970,6,7,3,-0.47,58
4124,79,30,3970,6,1,3,-0.47,58
4125,79,30,3313,3,7,3,-0.74,240
4125,79,30,3313,3,1,3,-0.74,240
4126,81,30,3971,2,8,3,-0.85,199
4126,81,30,3971,2,1,3,-0.85,199
4127,81,11,3972,2,8,3,-0.55,230
4127,81,11,3972,2,1,3,-0.55,230
4128,81,7,3973,2,8,3,0.95,272
4128,81,7,3973,2,1,3,0.95,272
4129,81,7,3974,1,8,3,0.8,39
4129,81,7,3974,1,1,3,0.8,39
4130,81,11,3975,2,8,3,0.55,16
4130,81,11,3975,2,1,3,0.55,16
4131,81,8,3976,2,8,3,0.96,17
4131,81,8,3976,2,1,3,0.96,17
4132,81,8,1445,1,8,3,0.54,14
4132,81,8,1445,1,1,3,0.54,14
4133,81,7,3977,2,8,3,0.57,15
4133,81,7,3977,2,1,3,0.57,15
4134,81,7,3978,1,8,3,0.84,13
4134,81,7,3978,1,1,3,0.84,13
4135,81,30,3979,1,8,3,-0.94,12
4135,81,30,3979,1,1,3,-0.94,12
4136,81,30,3980,1,8,3,0.86,14
4136,81,30,3980,1,1,3,0.86,14
4137,81,8,3981,2,8,3,-0.92,18
4137,81,8,3981,2,1,3,-0.92,18
4138,81,6,3982,2,8,3,0.92,11
4138,81,6,3982,2,1,3,0.92,11
4139,81,10,3983,1,8,3,0.75,4
4139,81,10,3983,1,1,3,0.75,4
4140,85,14,3984,1,8,3,-0.49,195
4140,85,14,3984,1,1,3,-0.49,195
4141,85,15,3985,2,8,3,-0.59,44
4141,85,15,3985,2,1,3,-0.59,44
4142,85,14,3986,6,8,3,-0.6,95
4142,85,14,3986,6,1,3,-0.6,95
4143,86,21,3519,2,8,3,-0.43,167
4143,86,21,3519,2,1,3,-0.43,167
4144,89,16,3987,3,9,3,0.58,88
4144,89,16,3987,3,1,3,0.58,88
4145,89,16,3988,2,9,3,-0.6,166
4145,89,16,3988,2,1,3,-0.6,166
4146,89,17,3989,2,9,3,0.95,26
4146,89,17,3989,2,1,3,0.95,26
4147,89,30,3990,2,9,3,-0.55,11
4147,89,30,3990,2,1,3,-0.55,11
4148,89,19,3991,2,9,3,-0.6,43
4148,89,19,3991,2,1,3,-0.6,43
4149,89,14,3992,2,9,3,-0.88,54
4149,89,14,3992,2,1,3,-0.88,54
4150,89,30,3993,2,9,3,-0.7,101
4150,89,30,3993,2,1,3,-0.7,101
4151,89,18,135,1,9,3,0.55,17
4151,89,18,135,1,1,3,0.55,17
4152,89,11,3994,1,9,3,0.0,46
4152,89,11,3994,1,1,3,0.0,46
4153,89,11,3995,1,9,3,0.78,5
4153,89,11,3995,1,1,3,0.78,5
4154,89,11,3764,2,9,3,0.53,12
4154,89,11,3764,2,1,3,0.53,12
4155,89,23,3996,1,9,3,-0.54,16
4155,89,23,3996,1,1,3,-0.54,16
4156,90,16,3997,1,9,3,-0.71,53
4156,90,16,3997,1,1,3,-0.71,53
4157,90,18,3998,2,9,3,0.0,36
4157,90,18,3998,2,1,3,0.0,36
4158,90,11,3999,2,9,3,-0.78,238
4158,90,11,3999,2,1,3,-0.78,238
4159,90,30,4000,2,9,3,0.98,184
4159,90,30,4000,2,1,3,0.98,184
4160,90,11,4001,2,9,3,0.94,114
4160,90,11,4001,2,1,3,0.94,114
4161,90,11,4002,6,9,3,0.9,115
4161,90,11,4002,6,1,3,0.9,115
4162,90,30,4003,2,9,3,-0.54,53
4162,90,30,4003,2,1,3,-0.54,53
4163,90,9,4004,1,9,3,0.42,78
4163,90,9,4004,1,1,3,0.42,78
4164,90,9,4005,1,9,3,0.0,38
4164,90,9,4005,1,1,3,0.0,38
4165,90,16,4006,2,9,3,-0.65,19
4165,90,16,4006,2,1,3,-0.65,19
4166,90,10,4007,1,9,3,-0.78,34
4166,90,10,4007,1,1,3,-0.78,34
4167,90,9,3927,2,9,3,-0.92,23
4167,90,9,3927,2,1,3,-0.92,23
4168,90,8,3919,1,9,3,-0.59,15
4168,90,8,3919,1,1,3,-0.59,15
4169,90,26,4008,2,9,3,-0.62,141
4169,90,26,4008,2,1,3,-0.62,141
4170,90,11,4009,2,9,3,-0.91,192
4170,90,11,4009,2,1,3,-0.91,192
4171,90,7,4010,1,9,3,0.99,9
4171,90,7,4010,1,1,3,0.99,9
4172,90,7,1319,2,9,3,-0.68,23
4172,90,7,1319,2,1,3,-0.68,23
4173,91,17,4011,3,9,3,0.63,232
4173,91,17,4011,3,1,3,0.63,232
4174,91,17,4012,1,9,3,0.4,15
4174,91,17,4012,1,1,3,0.4,15
4175,93,14,4013,3,9,3,-0.45,163
4175,93,14,4013,3,1,3,-0.45,163
4176,93,30,4014,2,9,3,-0.53,228
4176,93,30,4014,2,1,3,-0.53,228
4177,93,11,4015,1,9,3,-0.59,209
4177,93,11,4015,1,1,3,-0.59,209
4178,93,8,4016,3,9,3,-0.86,259
4178,93,8,4016,3,1,3,-0.86,259
4179,93,8,1371,3,9,3,-0.68,247
4179,93,8,1371,3,1,3,-0.68,247
4180,93,10,4017,2,9,3,-0.96,175
4180,93,10,4017,2,1,3,-0.96,175
4181,93,10,4018,2,9,3,-0.61,275
4181,93,10,4018,2,1,3,-0.61,275
4182,93,10,4019,2,9,3,-0.69,92
4182,93,10,4019,2,1,3,-0.69,92
4183,93,6,4020,2,9,3,-0.92,186
4183,93,6,4020,2,1,3,-0.92,186
4184,93,7,4021,2,9,3,0.47,94
4184,93,7,4021,2,1,3,0.47,94
4185,93,7,4022,2,9,3,0.92,82
4185,93,7,4022,2,1,3,0.92,82
4186,93,11,4023,3,9,3,0.58,41
4186,93,11,4023,3,1,3,0.58,41
4187,93,17,4024,1,9,3,-0.4,3
4187,93,17,4024,1,1,3,-0.4,3
4188,93,10,4025,2,9,3,-0.41,56
4188,93,10,4025,2,1,3,-0.41,56
4189,93,10,4026,1,9,3,0.99,44
4189,93,10,4026,1,1,3,0.99,44
4190,93,7,3911,2,9,3,-0.53,72
4190,93,7,3911,2,1,3,-0.53,72
4191,93,5,4027,2,9,3,0.68,62
4191,93,5,4027,2,1,3,0.68,62
4192,93,10,4028,1,9,3,-0.53,19
4192,93,10,4028,1,1,3,-0.53,19
4193,93,11,4029,2,9,3,0.97,29
4193,93,11,4029,2,1,3,0.97,29
4194,93,30,4030,2,9,3,-0.94,36
4194,93,30,4030,2,1,3,-0.94,36
4195,93,7,4031,1,9,3,0.9,44
4195,93,7,4031,1,1,3,0.9,44
4196,93,7,4032,1,9,3,-0.43,13
4196,93,7,4032,1,1,3,-0.43,13
4197,93,7,4033,2,9,3,0.98,16
4197,93,7,4033,2,1,3,0.98,16
4198,93,10,4034,1,9,3,0.55,19
4198,93,10,4034,1,1,3,0.55,19
4199,93,8,4035,2,9,3,0.7,27
4199,93,8,4035,2,1,3,0.7,27
4200,93,6,4036,2,9,3,-0.41,21
4200,93,6,4036,2,1,3,-0.41,21
4201,93,5,3123,1,9,3,0.41,7
4201,93,5,3123,1,1,3,0.41,7
4202,93,6,4037,1,9,3,0.67,14
4202,93,6,4037,1,1,3,0.67,14
4203,93,11,4038,2,9,3,0.93,11
4203,93,11,4038,2,1,3,0.93,11
4204,93,7,1328,2,9,3,0.47,49
4204,93,7,1328,2,1,3,0.47,49
4205,93,9,4039,1,9,3,0.63,6
4205,93,9,4039,1,1,3,0.63,6
4206,93,7,4040,2,9,3,-0.43,13
4206,93,7,4040,2,1,3,-0.43,13
4207,93,6,4041,1,9,3,0.43,27
4207,93,6,4041,1,1,3,0.43,27
4208,93,7,4042,1,9,3,0.75,4
4208,93,7,4042,1,1,3,0.75,4
4209,93,7,3152,1,9,3,0.91,3
4209,93,7,3152,1,1,3,0.91,3
4210,93,5,4043,2,9,3,0.71,20
4210,93,5,4043,2,1,3,0.71,20
4211,93,6,4044,1,9,3,0.85,11
4211,93,6,4044,1,1,3,0.85,11
4212,93,7,4045,1,9,3,0.91,3
4212,93,7,4045,1,1,3,0.91,3
4213,93,26,4008,2,9,3,-0.75,114
4213,93,26,4008,2,1,3,-0.75,114
4214,93,30,4046,5,9,3,-0.44,235
4214,93,30,4046,5,1,3,-0.44,235
4215,93,30,4047,1,9,3,-0.96,279
4215,93,30,4047,1,1,3,-0.96,279
4216,93,20,4048,2,9,3,0.97,18
4216,93,20,4048,2,1,3,0.97,18
4217,93,7,4049,2,9,3,0.64,201
4217,93,7,4049,2,1,3,0.64,201
4218,93,10,4050,1,9,3,-0.78,82
4218,93,10,4050,1,1,3,-0.78,82
4219,93,30,4051,1,9,3,-0.44,38
4219,93,30,4051,1,1,3,-0.44,38
4220,93,7,4052,1,9,3,0.98,28
4220,93,7,4052,1,1,3,0.98,28
4221,93,7,4053,2,9,3,0.77,86
4221,93,7,4053,2,1,3,0.77,86
4222,93,7,4054,1,9,3,0.92,47
4222,93,7,4054,1,1,3,0.92,47
4223,93,7,4055,1,9,3,0.6,16
4223,93,7,4055,1,1,3,0.6,16
4224,93,7,4056,1,9,3,-0.52,40
4224,93,7,4056,1,1,3,-0.52,40
4225,93,8,3864,1,9,3,0.42,1
4225,93,8,3864,1,1,3,0.42,1
4226,93,7,4057,2,9,3,0.67,16
4226,93,7,4057,2,1,3,0.67,16
4227,93,7,4058,1,9,3,0.56,2
4227,93,7,4058,1,1,3,0.56,2
4228,93,6,4059,2,9,3,0.82,18
4228,93,6,4059,2,1,3,0.82,18
4229,93,4,4060,2,9,3,0.92,11
4229,93,4,4060,2,1,3,0.92,11
4230,93,7,4061,1,9,3,0.95,10
4230,93,7,4061,1,1,3,0.95,10
4231,93,8,4062,2,9,3,0.62,18
4231,93,8,4062,2,1,3,0.62,18
4232,93,9,4063,2,9,3,-0.39,12
4232,93,9,4063,2,1,3,-0.39,12
4233,93,23,4064,1,9,3,0.61,32
4233,93,23,4064,1,1,3,0.61,32
4234,93,22,4065,2,9,3,0.43,47
4234,93,22,4065,2,1,3,0.43,47
4235,94,17,4066,1,9,3,-0.74,231
4235,94,17,4066,1,2,3,-0.74,231
4235,94,17,4066,1,1,3,-0.74,231
4236,94,30,1340,2,9,3,-0.65,236
4236,94,30,1340,2,2,3,-0.65,236
4236,94,30,1340,2,1,3,-0.65,236
4237,94,15,4067,1,9,3,0.96,136
4237,94,15,4067,1,2,3,0.96,136
4237,94,15,4067,1,1,3,0.96,136
4238,94,30,4068,1,9,3,-0.58,207
4238,94,30,4068,1,2,3,-0.58,207
4238,94,30,4068,1,1,3,-0.58,207
4239,94,9,4069,3,9,3,-0.69,234
4239,94,9,4069,3,2,3,-0.69,234
4239,94,9,4069,3,1,3,-0.69,234
4240,94,7,4070,4,9,3,0.41,257
4240,94,7,4070,4,2,3,0.41,257
4240,94,7,4070,4,1,3,0.41,257
4241,94,10,4071,3,9,3,-0.69,144
4241,94,10,4071,3,2,3,-0.69,144
4241,94,10,4071,3,1,3,-0.69,144
4242,94,30,4072,1,9,3,0.93,103
4242,94,30,4072,1,2,3,0.93,103
4242,94,30,4072,1,1,3,0.93,103
4243,94,30,4073,2,9,3,-0.36,119
4243,94,30,4073,2,2,3,-0.36,119
4243,94,30,4073,2,1,3,-0.36,119
4244,94,11,4074,2,9,3,0.0,71
4244,94,11,4074,2,2,3,0.0,71
4244,94,11,4074,2,1,3,0.0,71
4245,94,10,4075,2,9,3,-0.64,68
4245,94,10,4075,2,2,3,-0.64,68
4245,94,10,4075,2,1,3,-0.64,68
4246,94,11,4076,1,9,3,-0.39,77
4246,94,11,4076,1,2,3,-0.39,77
4246,94,11,4076,1,1,3,-0.39,77
4247,94,6,4077,5,9,3,0.0,47
4247,94,6,4077,5,2,3,0.0,47
4247,94,6,4077,5,1,3,0.0,47
4248,94,10,4078,1,9,3,-0.62,51
4248,94,10,4078,1,2,3,-0.62,51
4248,94,10,4078,1,1,3,-0.62,51
4249,94,9,4079,1,9,3,-0.4,13
4249,94,9,4079,1,2,3,-0.4,13
4249,94,9,4079,1,1,3,-0.4,13
4250,94,8,4080,1,9,3,0.41,7
4250,94,8,4080,1,2,3,0.41,7
4250,94,8,4080,1,1,3,0.41,7
4251,94,9,4081,2,9,3,0.46,25
4251,94,9,4081,2,2,3,0.46,25
4251,94,9,4081,2,1,3,0.46,25
4252,94,10,4082,1,9,3,0.42,1
4252,94,10,4082,1,2,3,0.42,1
4252,94,10,4082,1,1,3,0.42,1
4253,94,9,4083,1,9,3,-0.46,23
4253,94,9,4083,1,2,3,-0.46,23
4253,94,9,4083,1,1,3,-0.46,23
4254,94,20,4084,1,9,3,0.88,203
4254,94,20,4084,1,2,3,0.88,203
4254,94,20,4084,1,1,3,0.88,203
4255,94,30,4085,3,9,3,0.92,238
4255,94,30,4085,3,2,3,0.92,238
4255,94,30,4085,3,1,3,0.92,238
4256,94,11,4086,2,9,3,-0.7,236
4256,94,11,4086,2,2,3,-0.7,236
4256,94,11,4086,2,1,3,-0.7,236
4257,94,30,4087,1,9,3,-0.92,235
4257,94,30,4087,1,2,3,-0.92,235
4257,94,30,4087,1,1,3,-0.92,235
4258,94,17,4088,2,9,3,0.92,30
4258,94,17,4088,2,2,3,0.92,30
4258,94,17,4088,2,1,3,0.92,30
4259,94,11,4089,3,9,3,0.86,100
4259,94,11,4089,3,2,3,0.86,100
4259,94,11,4089,3,1,3,0.86,100
4260,94,11,4090,5,9,3,-0.67,199
4260,94,11,4090,5,2,3,-0.67,199
4260,94,11,4090,5,1,3,-0.67,199
4261,94,11,4091,6,9,3,-0.48,81
4261,94,11,4091,6,2,3,-0.48,81
4261,94,11,4091,6,1,3,-0.48,81
4262,94,11,4092,5,9,3,0.53,95
4262,94,11,4092,5,2,3,0.53,95
4262,94,11,4092,5,1,3,0.53,95
4263,94,11,4093,2,9,3,-0.76,25
4263,94,11,4093,2,2,3,-0.76,25
4263,94,11,4093,2,1,3,-0.76,25
4264,94,11,4094,1,9,3,0.42,7
4264,94,11,4094,1,2,3,0.42,7
4264,94,11,4094,1,1,3,0.42,7
4265,95,18,4095,2,9,3,-0.85,235
4265,95,18,4095,2,2,3,-0.85,235
4265,95,18,4095,2,1,3,-0.85,235
4266,95,20,4096,2,9,3,0.45,70
4266,95,20,4096,2,2,3,0.45,70
4266,95,20,4096,2,1,3,0.45,70
4267,95,19,4097,1,9,3,0.5,26
4267,95,19,4097,1,2,3,0.5,26
4267,95,19,4097,1,1,3,0.5,26
4268,97,30,4098,2,10,3,-0.49,79
4268,97,30,4098,2,2,3,-0.49,79
4268,97,30,4098,2,1,3,-0.49,79
4269,97,9,4099,1,10,3,0.93,6
4269,97,9,4099,1,2,3,0.93,6
4269,97,9,4099,1,1,3,0.93,6
4270,97,5,4100,1,10,3,0.58,9
4270,97,5,4100,1,2,3,0.58,9
4270,97,5,4100,1,1,3,0.58,9
4271,97,7,4101,1,10,3,-0.4,3
4271,97,7,4101,1,2,3,-0.4,3
4271,97,7,4101,1,1,3,-0.4,3
4272,97,6,4102,1,10,3,0.96,9
4272,97,6,4102,1,2,3,0.96,9
4272,97,6,4102,1,1,3,0.96,9
4273,97,7,4103,2,10,3,0.49,6
4273,97,7,4103,2,2,3,0.49,6
4273,97,7,4103,2,1,3,0.49,6
4274,97,15,4104,1,10,3,0.0,45
4274,97,15,4104,1,2,3,0.0,45
4274,97,15,4104,1,1,3,0.0,45
4275,97,21,4105,1,10,3,0.56,16
4275,97,21,4105,1,2,3,0.56,16
4275,97,21,4105,1,1,3,0.56,16
4276,97,11,4106,2,10,3,0.57,126
4276,97,11,4106,2,2,3,0.57,126
4276,97,11,4106,2,1,3,0.57,126
4277,97,30,4107,2,10,3,0.47,14
4277,97,30,4107,2,2,3,0.47,14
4277,97,30,4107,2,1,3,0.47,14
4278,97,7,4108,1,10,3,0.68,33
4278,97,7,4108,1,2,3,0.68,33
4278,97,7,4108,1,1,3,0.68,33
4279,97,10,4109,1,10,3,0.55,43
4279,97,10,4109,1,2,3,0.55,43
4279,97,10,4109,1,1,3,0.55,43
4280,97,8,4110,1,10,3,0.59,4
4280,97,8,4110,1,2,3,0.59,4
4280,97,8,4110,1,1,3,0.59,4
4281,97,8,4111,1,10,3,0.91,4
4281,97,8,4111,1,2,3,0.91,4
4281,97,8,4111,1,1,3,0.91,4
4282,97,8,4112,1,10,3,0.46,16
4282,97,8,4112,1,2,3,0.46,16
4282,97,8,4112,1,1,3,0.46,16
4283,97,8,4113,1,10,3,0.55,6
4283,97,8,4113,1,2,3,0.55,6
4283,97,8,4113,1,1,3,0.55,6
4284,99,19,4114,2,10,3,-0.86,208
4284,99,19,4114,2,2,3,-0.86,208
4284,99,19,4114,2,1,3,-0.86,208
4285,99,17,4115,3,10,3,-0.65,211
4285,99,17,4115,3,2,3,-0.65,211
4285,99,17,4115,3,1,3,-0.65,211
4286,99,18,4116,1,10,3,-0.89,163
4286,99,18,4116,1,2,3,-0.89,163
4286,99,18,4116,1,1,3,-0.89,163
4287,99,30,4117,5,10,3,0.44,90
4287,99,30,4117,5,2,3,0.44,90
4287,99,30,4117,5,1,3,0.44,90
4288,99,30,4118,3,10,3,0.0,104
4288,99,30,4118,3,2,3,0.0,104
4288,99,30,4118,3,1,3,0.0,104
4289,99,10,4119,1,10,3,0.96,141
4289,99,10,4119,1,2,3,0.96,141
4289,99,10,4119,1,1,3,0.96,141
4290,99,5,4120,3,10,3,0.0,57
4290,99,5,4120,3,2,3,0.0,57
4290,99,5,4120,3,1,3,0.0,57
4291,99,6,4121,1,10,3,0.92,5
4291,99,6,4121,1,2,3,0.92,5
4291,99,6,4121,1,1,3,0.92,5
4292,99,8,4122,1,10,3,0.93,14
4292,99,8,4122,1,2,3,0.93,14
4292,99,8,4122,1,1,3,0.93,14
4293,99,30,4123,3,10,3,-0.7,162
4293,99,30,4123,3,2,3,-0.7,162
4293,99,30,4123,3,1,3,-0.7,162
4294,99,9,4124,1,10,3,-0.78,142
4294,99,9,4124,1,2,3,-0.78,142
4294,99,9,4124,1,1,3,-0.78,142
4295,99,10,4125,3,10,3,-0.97,131
4295,99,10,4125,3,2,3,-0.97,131
4295,99,10,4125,3,1,3,-0.97,131
4296,99,11,4126,1,10,3,0.9,86
4296,99,11,4126,1,2,3,0.9,86
4296,99,11,4126,1,1,3,0.9,86
4297,99,11,4127,1,10,3,0.52,9
4297,99,11,4127,1,2,3,0.52,9
4297,99,11,4127,1,1,3,0.52,9
4298,99,11,4128,1,10,3,-0.86,70
4298,99,11,4128,1,2,3,-0.86,70
4298,99,11,4128,1,1,3,-0.86,70
4299,99,11,4129,5,10,3,-0.38,40
4299,99,11,4129,5,2,3,-0.38,40
4299,99,11,4129,5,1,3,-0.38,40
4300,99,9,4130,1,10,3,0.52,18
4300,99,9,4130,1,2,3,0.52,18
4300,99,9,4130,1,1,3,0.52,18
4301,99,11,4131,2,10,3,0.98,20
4301,99,11,4131,2,2,3,0.98,20
4301,99,11,4131,2,1,3,0.98,20
4302,99,11,4132,1,10,3,0.59,4
4302,99,11,4132,1,2,3,0.59,4
4302,99,11,4132,1,1,3,0.59,4
4303,99,11,1445,1,10,3,0.53,7
4303,99,11,1445,1,2,3,0.53,7
4303,99,11,1445,1,1,3,0.53,7
4304,100,4,4133,1,10,3,0.87,37
4304,100,4,4133,1,2,3,0.87,37
4304,100,4,4133,1,1,3,0.87,37
4305,102,18,4134,1,10,3,-0.67,129
4305,102,18,4134,1,2,3,-0.67,129
4305,102,18,4134,1,1,3,-0.67,129
4306,102,14,4135,1,10,3,-0.51,99
4306,102,14,4135,1,2,3,-0.51,99
4306,102,14,4135,1,1,3,-0.51,99
4307,102,21,633,1,10,3,0.51,22
4307,102,21,633,1,2,3,0.51,22
4307,102,21,633,1,1,3,0.51,22
4308,103,15,4136,2,10,3,0.4,131
4308,103,15,4136,2,2,3,0.4,131
4308,103,15,4136,2,1,3,0.4,131
4309,103,12,4137,2,10,3,-0.76,125
4309,103,12,4137,2,2,3,-0.76,125
4309,103,12,4137,2,1,3,-0.76,125
4310,103,16,4138,1,10,3,0.93,24
4310,103,16,4138,1,2,3,0.93,24
4310,103,16,4138,1,1,3,0.93,24
4311,103,10,4139,2,10,3,-0.57,192
4311,103,10,4139,2,2,3,-0.57,192
4311,103,10,4139,2,1,3,-0.57,192
4312,103,12,4140,2,10,3,0.74,41
4312,103,12,4140,2,2,3,0.74,41
4312,103,12,4140,2,1,3,0.74,41
4313,103,9,4141,2,10,3,-0.78,99
4313,103,9,4141,2,2,3,-0.78,99
4313,103,9,4141,2,1,3,-0.78,99
4314,103,9,4142,1,10,3,-0.5,24
4314,103,9,4142,1,2,3,-0.5,24
4314,103,9,4142,1,1,3,-0.5,24
4315,103,8,4143,2,10,3,0.39,19
4315,103,8,4143,2,2,3,0.39,19
4315,103,8,4143,2,1,3,0.39,19
4316,103,7,4144,2,10,3,-0.73,28
4316,103,7,4144,2,2,3,-0.73,28
4316,103,7,4144,2,1,3,-0.73,28
4317,103,7,4145,2,10,3,0.36,10
4317,103,7,4145,2,2,3,0.36,10
4317,103,7,4145,2,1,3,0.36,10
4318,103,9,4146,2,10,3,0.57,14
4318,103,9,4146,2,2,3,0.57,14
4318,103,9,4146,2,1,3,0.57,14
4319,103,19,4147,4,10,3,0.4,238
4319,103,19,4147,4,2,3,0.4,238
4319,103,19,4147,4,1,3,0.4,238
4320,103,18,4148,1,10,3,0.54,24
4320,103,18,4148,1,2,3,0.54,24
4320,103,18,4148,1,1,3,0.54,24
4321,103,16,4149,1,10,3,0.53,26
4321,103,16,4149,1,2,3,0.53,26
4321,103,16,4149,1,1,3,0.53,26
4322,103,30,4150,1,10,3,-0.83,71
4322,103,30,4150,1,2,3,-0.83,71
4322,103,30,4150,1,1,3,-0.83,71
4323,103,7,4151,1,10,3,0.83,62
4323,103,7,4151,1,2,3,0.83,62
4323,103,7,4151,1,1,3,0.83,62
4324,103,30,4152,1,10,3,0.97,9
4324,103,30,4152,1,2,3,0.97,9
4324,103,30,4152,1,1,3,0.97,9
4325,103,9,4153,1,10,3,0.57,12
4325,103,9,4153,1,2,3,0.57,12
4325,103,9,4153,1,1,3,0.57,12
4326,103,6,4154,2,10,3,0.47,11
4326,103,6,4154,2,2,3,0.47,11
4326,103,6,4154,2,1,3,0.47,11
4327,105,18,4155,2,11,3,-0.69,230
4327,105,18,4155,2,2,3,-0.69,230
4328,105,17,4156,4,11,3,-0.96,235
4328,105,17,4156,4,2,3,-0.96,235
4329,105,15,4157,2,11,3,-0.89,239
4329,105,15,4157,2,2,3,-0.89,239
4330,105,14,4158,2,11,3,0.88,276
4330,105,14,4158,2,2,3,0.88,276
4331,105,14,3824,2,11,3,-0.76,236
4331,105,14,3824,2,2,3,-0.76,236
4332,105,30,4159,2,11,3,0.98,168
4332,105,30,4159,2,2,3,0.98,168
4333,105,7,1285,2,11,3,-0.66,180
4333,105,7,1285,2,2,3,-0.66,180
4334,105,10,4160,2,11,3,-0.51,228
4334,105,10,4160,2,2,3,-0.51,228
4335,105,12,3910,2,11,3,0.85,71
4335,105,12,3910,2,2,3,0.85,71
4336,105,6,1371,4,11,3,-0.68,238
4336,105,6,1371,4,2,3,-0.68,238
4337,105,10,4161,2,11,3,-0.52,165
4337,105,10,4161,2,2,3,-0.52,165
4338,105,12,3848,2,11,3,0.0,35
4338,105,12,3848,2,2,3,0.0,35
4339,105,10,4162,2,11,3,-0.86,126
4339,105,10,4162,2,2,3,-0.86,126
4340,105,11,4163,2,11,3,-0.45,71
4340,105,11,4163,2,2,3,-0.45,71
4341,105,10,4164,2,11,3,-0.62,84
4341,105,10,4164,2,2,3,-0.62,84
4342,105,10,4165,2,11,3,0.99,56
4342,105,10,4165,2,2,3,0.99,56
4343,105,9,4166,2,11,3,0.98,59
4343,105,9,4166,2,2,3,0.98,59
4344,105,9,4167,1,11,3,0.96,66
4344,105,9,4167,1,2,3,0.96,66
4345,105,5,4168,2,11,3,0.96,42
4345,105,5,4168,2,2,3,0.96,42
4346,105,5,4169,2,11,3,-0.42,73
4346,105,5,4169,2,2,3,-0.42,73
4347,105,7,3061,1,11,3,0.84,60
4347,105,7,3061,1,2,3,0.84,60
4348,105,10,4170,2,11,3,-0.51,29
4348,105,10,4170,2,2,3,-0.51,29
4349,105,7,4171,2,11,3,0.8,25
4349,105,7,4171,2,2,3,0.8,25
4350,105,30,4172,2,11,3,-0.69,25
4350,105,30,4172,2,2,3,-0.69,25
4351,105,8,4173,1,11,3,0.92,14
4351,105,8,4173,1,2,3,0.92,14
4352,105,9,4174,2,11,3,0.95,11
4352,105,9,4174,2,2,3,0.95,11
4353,105,11,3129,2,11,3,0.97,13
4353,105,11,3129,2,2,3,0.97,13
4354,105,9,4175,2,11,3,0.74,20
4354,105,9,4175,2,2,3,0.74,20
4355,105,11,4176,1,11,3,0.79,25
4355,105,11,4176,1,2,3,0.79,25
4356,105,10,4177,2,11,3,0.55,19
4356,105,10,4177,2,2,3,0.55,19
4357,105,30,4178,1,11,3,0.87,10
4357,105,30,4178,1,2,3,0.87,10
4358,105,8,4179,1,11,3,0.95,11
4358,105,8,4179,1,2,3,0.95,11
4359,105,7,4180,1,11,3,0.91,3
4359,105,7,4180,1,2,3,0.91,3
4360,105,7,4181,1,11,3,-0.79,25
4360,105,7,4181,1,2,3,-0.79,25
4361,105,11,4182,1,11,3,0.42,6
4361,105,11,4182,1,2,3,0.42,6
4362,105,8,4183,2,11,3,0.92,11
4362,105,8,4183,2,2,3,0.92,11
4363,105,24,4184,2,11,3,-0.87,177
4363,105,24,4184,2,2,3,-0.87,177
4364,105,13,4185,1,11,3,-0.64,180
4364,105,13,4185,1,2,3,-0.64,180
4365,105,11,4186,2,11,3,-0.7,191
4365,105,11,4186,2,2,3,-0.7,191
4366,105,11,4187,3,11,3,-0.48,238
4366,105,11,4187,3,2,3,-0.48,238
4367,105,10,3954,2,11,3,0.9,177
4367,105,10,3954,2,2,3,0.9,177
4368,105,30,4188,2,11,3,0.89,84
4368,105,30,4188,2,2,3,0.89,84
4369,105,8,4189,6,11,3,-0.5,114
4369,105,8,4189,6,2,3,-0.5,114
4370,105,10,4190,2,11,3,0.61,80
4370,105,10,4190,2,2,3,0.61,80
4371,105,10,4191,3,11,3,0.0,74
4371,105,10,4191,3,2,3,0.0,74
4372,105,8,4192,1,11,3,0.47,34
4372,105,8,4192,1,2,3,0.47,34
4373,105,3,4193,2,11,3,0.95,12
4373,105,3,4193,2,2,3,0.95,12
4374,105,9,4194,2,11,3,0.96,17
4374,105,9,4194,2,2,3,0.96,17
4375,105,9,4195,1,11,3,0.4,18
4375,105,9,4195,1,2,3,0.4,18
4376,105,11,4196,1,11,3,-0.74,8
4376,105,11,4196,1,2,3,-0.74,8
4377,105,7,4197,1,11,3,0.75,4
4377,105,7,4197,1,2,3,0.75,4
4378,105,11,4198,2,11,3,0.92,11
4378,105,11,4198,2,2,3,0.92,11
4379,105,28,4199,2,11,3,-0.82,69
4379,105,28,4199,2,2,3,-0.82,69
4380,113,30,4200,1,12,3,-0.84,95
4380,113,30,4200,1,2,3,-0.84,95
4381,113,7,4201,1,12,3,0.41,7
4381,113,7,4201,1,2,3,0.41,7
4382,113,6,3872,2,12,3,0.97,28
4382,113,6,3872,2,2,3,0.97,28
4383,116,19,4202,2,12,3,-0.66,176
4383,116,19,4202,2,3,3,-0.66,176
4383,116,19,4202,2,2,3,-0.66,176
4384,116,18,4203,2,12,3,-0.82,150
4384,116,18,4203,2,3,3,-0.82,150
4384,116,18,4203,2,2,3,-0.82,150
4385,116,30,3845,2,12,3,0.77,266
4385,116,30,3845,2,3,3,0.77,266
4385,116,30,3845,2,2,3,0.77,266
4386,118,18,4204,2,13,3,0.93,59
4386,118,18,4204,2,3,3,0.93,59
4386,118,18,4204,2,2,3,0.93,59
4387,119,6,4205,3,13,3,-0.77,206
4387,119,6,4205,3,3,3,-0.77,206
4387,119,6,4205,3,2,3,-0.77,206
4388,119,10,4206,4,13,3,-0.5,51
4388,119,10,4206,4,3,3,-0.5,51
4388,119,10,4206,4,2,3,-0.5,51
4389,119,6,4207,1,13,3,0.5,35
4389,119,6,4207,1,3,3,0.5,35
4389,119,6,4207,1,2,3,0.5,35
4390,119,9,4208,2,13,3,0.42,25
4390,119,9,4208,2,3,3,0.42,25
4390,119,9,4208,2,2,3,0.42,25
4391,119,8,4209,1,13,3,0.8,48
4391,119,8,4209,1,3,3,0.8,48
4391,119,8,4209,1,2,3,0.8,48
4392,119,7,4210,1,13,3,0.76,7
4392,119,7,4210,1,3,3,0.76,7
4392,119,7,4210,1,2,3,0.76,7
4393,119,7,4211,2,13,3,0.92,11
4393,119,7,4211,2,3,3,0.92,11
4393,119,7,4211,2,2,3,0.92,11
4394,119,6,4212,1,13,3,0.58,14
4394,119,6,4212,1,3,3,0.58,14
4394,119,6,4212,1,2,3,0.58,14
4395,119,8,4213,2,13,3,0.53,12
4395,119,8,4213,2,3,3,0.53,12
4395,119,8,4213,2,2,3,0.53,12
4396,119,7,4045,2,13,3,0.56,13
4396,119,7,4045,2,3,3,0.56,13
4396,119,7,4045,2,2,3,0.56,13
4397,119,7,4214,1,13,3,-0.57,13
4397,119,7,4214,1,3,3,-0.57,13
4397,119,7,4214,1,2,3,-0.57,13
4398,119,30,4215,3,13,3,-0.67,177
4398,119,30,4215,3,3,3,-0.67,177
4398,119,30,4215,3,2,3,-0.67,177
4399,119,10,4216,2,13,3,0.99,51
4399,119,10,4216,2,3,3,0.99,51
4399,119,10,4216,2,2,3,0.99,51
4400,119,6,4217,1,13,3,0.78,30
4400,119,6,4217,1,3,3,0.78,30
4400,119,6,4217,1,2,3,0.78,30
4401,119,8,4218,1,13,3,0.96,31
4401,119,8,4218,1,3,3,0.96,31
4401,119,8,4218,1,2,3,0.96,31
4402,119,9,1404,1,13,3,0.97,9
4402,119,9,1404,1,3,3,0.97,9
4402,119,9,1404,1,2,3,0.97,9
4403,119,8,4219,1,13,3,0.43,10
4403,119,8,4219,1,3,3,0.43,10
4403,119,8,4219,1,2,3,0.43,10
4404,119,9,4220,1,13,3,0.59,10
4404,119,9,4220,1,3,3,0.59,10
4404,119,9,4220,1,2,3,0.59,10
4405,120,20,4221,2,13,3,0.89,16
4405,120,20,4221,2,3,3,0.89,16
4405,120,20,4221,2,2,3,0.89,16
4406,120,30,4222,2,13,3,-0.97,36
4406,120,30,4222,2,3,3,-0.97,36
4406,120,30,4222,2,2,3,-0.97,36
4407,120,30,4223,2,13,3,-0.92,28
4407,120,30,4223,2,3,3,-0.92,28
4407,120,30,4223,2,2,3,-0.92,28
4408,120,19,4224,1,13,3,0.58,18
4408,120,19,4224,1,3,3,0.58,18
4408,120,19,4224,1,2,3,0.58,18
4409,120,30,4225,1,13,3,0.58,17
4409,120,30,4225,1,3,3,0.58,17
4409,120,30,4225,1,2,3,0.58,17
4410,121,17,4226,2,14,3,0.63,231
4410,121,17,4226,2,4,3,0.63,231
4410,121,17,4226,2,2,3,0.63,231
4411,121,20,4227,3,14,3,0.0,134
4411,121,20,4227,3,4,3,0.0,134
4411,121,20,4227,3,2,3,0.0,134
4412,121,10,4228,2,14,3,-0.42,163
4412,121,10,4228,2,4,3,-0.42,163
4412,121,10,4228,2,2,3,-0.42,163
4413,121,10,4229,2,14,3,-0.85,179
4413,121,10,4229,2,4,3,-0.85,179
4413,121,10,4229,2,2,3,-0.85,179
4414,121,10,4230,2,14,3,-0.44,129
4414,121,10,4230,2,4,3,-0.44,129
4414,121,10,4230,2,2,3,-0.44,129
4415,121,7,4231,2,14,3,0.63,160
4415,121,7,4231,2,4,3,0.63,160
4415,121,7,4231,2,2,3,0.63,160
4416,121,9,4232,1,14,3,-0.67,141
4416,121,9,4232,1,4,3,-0.67,141
4416,121,9,4232,1,2,3,-0.67,141
4417,121,9,4233,1,14,3,0.0,60
4417,121,9,4233,1,4,3,0.0,60
4417,121,9,4233,1,2,3,0.0,60
4418,121,11,4234,1,14,3,0.0,47
4418,121,11,4234,1,4,3,0.0,47
4418,121,11,4234,1,2,3,0.0,47
4419,121,6,4235,6,14,3,0.96,61
4419,121,6,4235,6,4,3,0.96,61
4419,121,6,4235,6,2,3,0.96,61
4420,121,7,4236,2,14,3,0.59,45
4420,121,7,4236,2,4,3,0.59,45
4420,121,7,4236,2,2,3,0.59,45
4421,121,10,4237,1,14,3,0.98,8
4421,121,10,4237,1,4,3,0.98,8
4421,121,10,4237,1,2,3,0.98,8
4422,121,6,4238,1,14,3,0.48,20
4422,121,6,4238,1,4,3,0.48,20
4422,121,6,4238,1,2,3,0.48,20
4423,121,8,4239,1,14,3,0.46,7
4423,121,8,4239,1,4,3,0.46,7
4423,121,8,4239,1,2,3,0.46,7
4424,121,11,4240,2,14,3,0.92,11
4424,121,11,4240,2,4,3,0.92,11
4424,121,11,4240,2,2,3,0.92,11
4425,121,7,4241,2,14,3,0.5,18
4425,121,7,4241,2,4,3,0.5,18
4425,121,7,4241,2,2,3,0.5,18
4426,121,8,4242,1,14,3,0.42,1
4426,121,8,4242,1,4,3,0.42,1
4426,121,8,4242,1,2,3,0.42,1
4427,121,9,4243,1,14,3,0.98,13
4427,121,9,4243,1,4,3,0.98,13
4427,121,9,4243,1,2,3,0.98,13
4428,121,6,4244,1,14,3,0.57,10
4428,121,6,4244,1,4,3,0.57,10
4428,121,6,4244,1,2,3,0.57,10
4429,121,27,4245,2,14,3,-0.58,83
4429,121,27,4245,2,4,3,-0.58,83
4429,121,27,4245,2,2,3,-0.58,83
4430,121,11,3171,5,14,3,-0.44,238
4430,121,11,3171,5,4,3,-0.44,238
4430,121,11,3171,5,2,3,-0.44,238
4431,121,30,4246,1,14,3,-0.88,13
4431,121,30,4246,1,4,3,-0.88,13
4431,121,30,4246,1,2,3,-0.88,13
4432,122,7,4247,2,14,3,-0.84,164
4432,122,7,4247,2,4,3,-0.84,164
4432,122,7,4247,2,2,3,-0.84,164
4433,122,6,4248,2,14,3,0.95,40
4433,122,6,4248,2,4,3,0.95,40
4433,122,6,4248,2,2,3,0.95,40
4434,122,10,4249,1,14,3,0.79,28
4434,122,10,4249,1,4,3,0.79,28
4434,122,10,4249,1,2,3,0.79,28
4435,122,10,4028,1,14,3,0.41,7
4435,122,10,4028,1,4,3,0.41,7
4435,122,10,4028,1,2,3,0.41,7
4436,122,7,3847,1,14,3,0.91,14
4436,122,7,3847,1,4,3,0.91,14
4436,122,7,3847,1,2,3,0.91,14
4437,122,30,4250,1,14,3,0.42,1
4437,122,30,4250,1,4,3,0.42,1
4437,122,30,4250,1,2,3,0.42,1
4438,122,7,4251,2,14,3,0.56,15
4438,122,7,4251,2,4,3,0.56,15
4438,122,7,4251,2,2,3,0.56,15
4439,122,7,4252,1,14,3,0.53,10
4439,122,7,4252,1,4,3,0.53,10
4439,122,7,4252,1,2,3,0.53,10
4440,122,7,4040,2,14,3,0.57,15
4440,122,7,4040,2,4,3,0.57,15
4440,122,7,4040,2,2,3,0.57,15
4441,122,7,4101,1,14,3,0.46,5
4441,122,7,4101,1,4,3,0.46,5
4441,122,7,4101,1,2,3,0.46,5
4442,122,7,4033,1,14,3,0.8,7
4442,122,7,4033,1,4,3,0.8,7
4442,122,7,4033,1,2,3,0.8,7
4443,122,17,4253,1,14,3,-0.65,143
4443,122,17,4253,1,4,3,-0.65,143
4443,122,17,4253,1,2,3,-0.65,143
4444,122,15,4254,2,14,3,-0.48,110
4444,122,15,4254,2,4,3,-0.48,110
4444,122,15,4254,2,2,3,-0.48,110
4445,122,10,4255,6,14,3,-0.4,119
4445,122,10,4255,6,4,3,-0.4,119
4445,122,10,4255,6,2,3,-0.4,119
4446,122,10,4256,1,14,3,0.47,8
4446,122,10,4256,1,4,3,0.47,8
4446,122,10,4256,1,2,3,0.47,8
4447,123,20,4257,4,14,3,0.6,85
4447,123,20,4257,4,4,3,0.6,85
4447,123,20,4257,4,2,3,0.6,85
4448,123,19,4258,1,14,3,-0.5,36
4448,123,19,4258,1,4,3,-0.5,36
4448,123,19,4258,1,2,3,-0.5,36
4449,123,30,4259,2,14,3,-0.98,280
4449,123,30,4259,2,4,3,-0.98,280
4449,123,30,4259,2,2,3,-0.98,280
4450,123,10,4260,1,14,3,0.59,201
4450,123,10,4260,1,4,3,0.59,201
4450,123,10,4260,1,2,3,0.59,201
4451,123,8,4261,2,14,3,-0.56,220
4451,123,8,4261,2,4,3,-0.56,220
4451,123,8,4261,2,2,3,-0.56,220
4452,123,30,4262,2,14,3,-0.39,35
4452,123,30,4262,2,4,3,-0.39,35
4452,123,30,4262,2,2,3,-0.39,35
4453,123,11,4263,2,14,3,-0.88,117
4453,123,11,4263,2,4,3,-0.88,117
4453,123,11,4263,2,2,3,-0.88,117
4454,123,11,4264,1,14,3,0.91,86
4454,123,11,4264,1,4,3,0.91,86
4454,123,11,4264,1,2,3,0.91,86
4455,123,11,4265,2,14,3,-0.75,86
4455,123,11,4265,2,4,3,-0.75,86
4455,123,11,4265,2,2,3,-0.75,86
4456,123,16,4266,2,14,3,0.55,16
4456,123,16,4266,2,4,3,0.55,16
4456,123,16,4266,2,2,3,0.55,16
4457,123,10,4267,2,14,3,-0.43,65
4457,123,10,4267,2,4,3,-0.43,65
4457,123,10,4267,2,2,3,-0.43,65
4458,123,7,4268,2,14,3,0.82,65
4458,123,7,4268,2,4,3,0.82,65
4458,123,7,4268,2,2,3,0.82,65
4459,123,8,4269,2,14,3,-0.44,48
4459,123,8,4269,2,4,3,-0.44,48
4459,123,8,4269,2,2,3,-0.44,48
4460,123,9,4270,2,14,3,0.53,66
4460,123,9,4270,2,4,3,0.53,66
4460,123,9,4270,2,2,3,0.53,66
4461,123,10,4271,3,14,3,0.52,40
4461,123,10,4271,3,4,3,0.52,40
4461,123,10,4271,3,2,3,0.52,40
4462,123,8,4272,2,14,3,0.0,47
4462,123,8,4272,2,4,3,0.0,47
4462,123,8,4272,2,2,3,0.0,47
4463,123,8,4273,5,14,3,-0.49,47
4463,123,8,4273,5,4,3,-0.49,47
4463,123,8,4273,5,2,3,-0.49,47
4464,123,6,4274,1,14,3,0.0,41
4464,123,6,4274,1,4,3,0.0,41
4464,123,6,4274,1,2,3,0.0,41
4465,123,7,4275,5,14,3,-0.41,44
4465,123,7,4275,5,4,3,-0.41,44
4465,123,7,4275,5,2,3,-0.41,44
4466,123,7,4276,1,14,3,-0.43,44
4466,123,7,4276,1,4,3,-0.43,44
4466,123,7,4276,1,2,3,-0.43,44
4467,123,7,4268,1,14,3,-0.43,41
4467,123,7,4268,1,4,3,-0.43,41
4467,123,7,4268,1,2,3,-0.43,41
4468,123,8,3863,1,14,3,0.41,7
4468,123,8,3863,1,4,3,0.41,7
4468,123,8,3863,1,2,3,0.41,7
4469,123,9,4277,2,14,3,0.58,25
4469,123,9,4277,2,4,3,0.58,25
4469,123,9,4277,2,2,3,0.58,25
4470,123,30,4278,1,14,3,0.75,4
4470,123,30,4278,1,4,3,0.75,4
4470,123,30,4278,1,2,3,0.75,4
4471,123,6,4279,1,14,3,0.0,29
4471,123,6,4279,1,4,3,0.0,29
4471,123,6,4279,1,2,3,0.0,29
4472,123,8,4280,2,14,3,-0.76,19
4472,123,8,4280,2,4,3,-0.76,19
4472,123,8,4280,2,2,3,-0.76,19
4473,123,10,4281,1,14,3,-0.4,3
4473,123,10,4281,1,4,3,-0.4,3
4473,123,10,4281,1,2,3,-0.4,3
4474,123,9,4282,2,14,3,0.92,11
4474,123,9,4282,2,4,3,0.92,11
4474,123,9,4282,2,2,3,0.92,11
4475,123,8,4283,1,14,3,0.59,6
4475,123,8,4283,1,4,3,0.59,6
4475,123,8,4283,1,2,3,0.59,6
4476,123,6,4284,1,14,3,0.0,15
4476,123,6,4284,1,4,3,0.0,15
4476,123,6,4284,1,2,3,0.0,15
4477,123,9,4285,1,14,3,-0.37,5
4477,123,9,4285,1,4,3,-0.37,5
4477,123,9,4285,1,2,3,-0.37,5
4478,123,9,4286,1,14,3,-0.77,25
4478,123,9,4286,1,4,3,-0.77,25
4478,123,9,4286,1,2,3,-0.77,25
4479,123,6,4287,1,14,3,0.61,10
4479,123,6,4287,1,4,3,0.61,10
4479,123,6,4287,1,2,3,0.61,10
4480,123,7,4288,1,14,3,0.59,18
4480,123,7,4288,1,4,3,0.59,18
4480,123,7,4288,1,2,3,0.59,18
4481,123,7,4289,1,14,3,0.7,7
4481,123,7,4289,1,4,3,0.7,7
4481,123,7,4289,1,2,3,0.7,7
4482,123,6,4290,2,14,3,0.92,11
4482,123,6,4290,2,4,3,0.92,11
4482,123,6,4290,2,2,3,0.92,11
4483,123,17,4291,1,14,3,-0.39,90
4483,123,17,4291,1,4,3,-0.39,90
4483,123,17,4291,1,2,3,-0.39,90
4484,123,11,4292,4,14,3,-0.54,238
4484,123,11,4292,4,4,3,-0.54,238
4484,123,11,4292,4,2,3,-0.54,238
4485,123,30,4293,1,14,3,-0.75,109
4485,123,30,4293,1,4,3,-0.75,109
4485,123,30,4293,1,2,3,-0.75,109
4486,123,11,4294,1,14,3,-0.55,196
4486,123,11,4294,1,4,3,-0.55,196
4486,123,11,4294,1,2,3,-0.55,196
4487,123,10,4295,2,14,3,-0.92,239
4487,123,10,4295,2,4,3,-0.92,239
4487,123,10,4295,2,2,3,-0.92,239
4488,123,9,4296,4,14,3,-0.79,190
4488,123,9,4296,4,4,3,-0.79,190
4488,123,9,4296,4,2,3,-0.79,190
4489,123,7,4297,4,14,3,-0.93,106
4489,123,7,4297,4,4,3,-0.93,106
4489,123,7,4297,4,2,3,-0.93,106
4490,123,9,4298,2,14,3,-0.8,121
4490,123,9,4298,2,4,3,-0.8,121
4490,123,9,4298,2,2,3,-0.8,121
4491,123,9,4299,5,14,3,0.6,100
4491,123,9,4299,5,4,3,0.6,100
4491,123,9,4299,5,2,3,0.6,100
4492,123,30,4300,2,14,3,-0.79,40
4492,123,30,4300,2,4,3,-0.79,40
4492,123,30,4300,2,2,3,-0.79,40
4493,123,30,4301,2,14,3,0.81,38
4493,123,30,4301,2,4,3,0.81,38
4493,123,30,4301,2,2,3,0.81,38
4494,123,10,4302,1,14,3,0.77,107
4494,123,10,4302,1,4,3,0.77,107
4494,123,10,4302,1,2,3,0.77,107
4495,123,9,4303,2,14,3,0.98,61
4495,123,9,4303,2,4,3,0.98,61
4495,123,9,4303,2,2,3,0.98,61
4496,123,7,4304,2,14,3,-0.84,104
4496,123,7,4304,2,4,3,-0.84,104
4496,123,7,4304,2,2,3,-0.84,104
4497,123,6,4305,1,14,3,-0.55,59
4497,123,6,4305,1,4,3,-0.55,59
4497,123,6,4305,1,2,3,-0.55,59
4498,123,8,4306,2,14,3,0.98,39
4498,123,8,4306,2,4,3,0.98,39
4498,123,8,4306,2,2,3,0.98,39
4499,123,10,4307,2,14,3,0.98,50
4499,123,10,4307,2,4,3,0.98,50
4499,123,10,4307,2,2,3,0.98,50
4500,123,10,4308,1,14,3,0.85,102
4500,123,10,4308,1,4,3,0.85,102
4500,123,10,4308,1,2,3,0.85,102
4501,123,30,4309,2,14,3,-0.71,21
4501,123,30,4309,2,4,3,-0.71,21
4501,123,30,4309,2,2,3,-0.71,21
4502,123,10,4310,1,14,3,-0.41,51
4502,123,10,4310,1,4,3,-0.41,51
4502,123,10,4310,1,2,3,-0.41,51
4503,123,9,4311,2,14,3,0.7,27
4503,123,9,4311,2,4,3,0.7,27
4503,123,9,4311,2,2,3,0.7,27
4504,123,8,4312,2,14,3,0.91,25
4504,123,8,4312,2,4,3,0.91,25
4504,123,8,4312,2,2,3,0.91,25
4505,123,9,4313,1,14,3,-0.7,42
4505,123,9,4313,1,4,3,-0.7,42
4505,123,9,4313,1,2,3,-0.7,42
4506,123,10,4314,2,14,3,0.52,36
4506,123,10,4314,2,4,3,0.52,36
4506,123,10,4314,2,2,3,0.52,36
4507,123,7,4315,1,14,3,0.0,33
4507,123,7,4315,1,4,3,0.0,33
4507,123,7,4315,1,2,3,0.0,33
4508,123,9,4316,1,14,3,0.97,9
4508,123,9,4316,1,4,3,0.97,9
4508,123,9,4316,1,2,3,0.97,9
4509,123,30,4317,1,14,3,0.5,6
4509,123,30,4317,1,4,3,0.5,6
4509,123,30,4317,1,2,3,0.5,6
4510,123,8,4318,1,14,3,0.55,18
4510,123,8,4318,1,4,3,0.55,18
4510,123,8,4318,1,2,3,0.55,18
4511,123,10,4319,1,14,3,0.96,9
4511,123,10,4319,1,4,3,0.96,9
4511,123,10,4319,1,2,3,0.96,9
4512,123,11,4320,1,14,3,0.96,4
4512,123,11,4320,1,4,3,0.96,4
4512,123,11,4320,1,2,3,0.96,4
4513,123,9,4321,1,14,3,0.75,4
4513,123,9,4321,1,4,3,0.75,4
4513,123,9,4321,1,2,3,0.75,4
4514,123,9,4322,1,14,3,0.97,9
4514,123,9,4322,1,4,3,0.97,9
4514,123,9,4322,1,2,3,0.97,9
4515,123,5,4323,1,14,3,0.84,8
4515,123,5,4323,1,4,3,0.84,8
4515,123,5,4323,1,2,3,0.84,8
4516,123,7,4324,1,14,3,0.96,4
4516,123,7,4324,1,4,3,0.96,4
4516,123,7,4324,1,2,3,0.96,4
4517,123,11,4325,1,14,3,0.42,8
4517,123,11,4325,1,4,3,0.42,8
4517,123,11,4325,1,2,3,0.42,8
4518,123,8,4326,2,14,3,0.66,16
4518,123,8,4326,2,4,3,0.66,16
4518,123,8,4326,2,2,3,0.66,16
4519,123,6,4327,1,14,3,0.46,10
4519,123,6,4327,1,4,3,0.46,10
4519,123,6,4327,1,2,3,0.46,10
4520,123,6,4328,1,14,3,0.75,4
4520,123,6,4328,1,4,3,0.75,4
4520,123,6,4328,1,2,3,0.75,4
4521,123,30,4329,2,14,3,0.66,16
4521,123,30,4329,2,4,3,0.66,16
4521,123,30,4329,2,2,3,0.66,16
4522,128,12,3848,2,15,3,-0.51,58
4522,128,12,3848,2,4,3,-0.51,58
4522,128,12,3848,2,2,3,-0.51,58
4523,128,16,4330,2,15,3,0.6,18
4523,128,16,4330,2,4,3,0.6,18
4523,128,16,4330,2,2,3,0.6,18
4524,128,11,4331,2,15,3,0.96,17
4524,128,11,4331,2,4,3,0.96,17
4524,128,11,4331,2,2,3,0.96,17
4525,129,19,4332,2,15,3,-0.66,302
4525,129,19,4332,2,4,3,-0.66,302
4525,129,19,4332,2,3,3,-0.66,302
4526,129,20,4333,2,15,3,-0.92,249
4526,129,20,4333,2,4,3,-0.92,249
4526,129,20,4333,2,3,3,-0.92,249
4527,129,30,4334,2,15,3,-0.91,122
4527,129,30,4334,2,4,3,-0.91,122
4527,129,30,4334,2,3,3,-0.91,122
4528,129,16,4335,4,15,3,0.45,239
4528,129,16,4335,4,4,3,0.45,239
4528,129,16,4335,4,3,3,0.45,239
4529,129,20,4336,2,15,3,0.57,116
4529,129,20,4336,2,4,3,0.57,116
4529,129,20,4336,2,3,3,0.57,116
4530,129,12,4337,3,15,3,-0.8,237
4530,129,12,4337,3,4,3,-0.8,237
4530,129,12,4337,3,3,3,-0.8,237
4531,129,15,4338,2,15,3,-0.81,237
4531,129,15,4338,2,4,3,-0.81,237
4531,129,15,4338,2,3,3,-0.81,237
4532,129,14,4339,2,15,3,-0.74,239
4532,129,14,4339,2,4,3,-0.74,239
4532,129,14,4339,2,3,3,-0.74,239
4533,129,17,4340,2,15,3,-0.95,59
4533,129,17,4340,2,4,3,-0.95,59
4533,129,17,4340,2,3,3,-0.95,59
4534,129,20,4341,2,15,3,-0.51,60
4534,129,20,4341,2,4,3,-0.51,60
4534,129,20,4341,2,3,3,-0.51,60
4535,129,30,4342,2,15,3,0.6,167
4535,129,30,4342,2,4,3,0.6,167
4535,129,30,4342,2,3,3,0.6,167
4536,129,30,4343,2,15,3,-0.68,113
4536,129,30,4343,2,4,3,-0.68,113
4536,129,30,4343,2,3,3,-0.68,113
4537,129,13,4344,2,15,3,-0.82,240
4537,129,13,4344,2,4,3,-0.82,240
4537,129,13,4344,2,3,3,-0.82,240
4538,129,11,4345,2,15,3,-0.83,234
4538,129,11,4345,2,4,3,-0.83,234
4538,129,11,4345,2,3,3,-0.83,234
4539,129,30,4346,3,15,3,0.64,184
4539,129,30,4346,3,4,3,0.64,184
4539,129,30,4346,3,3,3,0.64,184
4540,129,30,4347,2,15,3,0.54,184
4540,129,30,4347,2,4,3,0.54,184
4540,129,30,4347,2,3,3,0.54,184
4541,129,17,4348,2,15,3,0.96,73
4541,129,17,4348,2,4,3,0.96,73
4541,129,17,4348,2,3,3,0.96,73
4542,129,11,4349,2,15,3,-0.87,233
4542,129,11,4349,2,4,3,-0.87,233
4542,129,11,4349,2,3,3,-0.87,233
4543,129,9,4350,2,15,3,-0.96,230
4543,129,9,4350,2,4,3,-0.96,230
4543,129,9,4350,2,3,3,-0.96,230
4544,129,10,4351,2,15,3,-0.8,307
4544,129,10,4351,2,4,3,-0.8,307
4544,129,10,4351,2,3,3,-0.8,307
4545,129,11,4352,2,15,3,-0.51,213
4545,129,11,4352,2,4,3,-0.51,213
4545,129,11,4352,2,3,3,-0.51,213
4546,129,15,4353,1,15,3,0.95,139
4546,129,15,4353,1,4,3,0.95,139
4546,129,15,4353,1,3,3,0.95,139
4547,129,30,4354,3,15,3,-0.69,123
4547,129,30,4354,3,4,3,-0.69,123
4547,129,30,4354,3,3,3,-0.69,123
4548,129,14,4355,1,15,3,0.41,60
4548,129,14,4355,1,4,3,0.41,60
4548,129,14,4355,1,3,3,0.41,60
4549,129,30,4356,1,15,3,0.6,80
4549,129,30,4356,1,4,3,0.6,80
4549,129,30,4356,1,3,3,0.6,80
4550,129,10,4357,2,15,3,0.98,154
4550,129,10,4357,2,4,3,0.98,154
4550,129,10,4357,2,3,3,0.98,154
4551,129,12,4358,2,15,3,-0.8,97
4551,129,12,4358,2,4,3,-0.8,97
4551,129,12,4358,2,3,3,-0.8,97
4552,129,15,4359,2,15,3,0.61,52
4552,129,15,4359,2,4,3,0.61,52
4552,129,15,4359,2,3,3,0.61,52
4553,129,6,4360,1,15,3,-0.58,263
4553,129,6,4360,1,4,3,-0.58,263
4553,129,6,4360,1,3,3,-0.58,263
4554,129,30,4361,2,15,3,0.97,91
4554,129,30,4361,2,4,3,0.97,91
4554,129,30,4361,2,3,3,0.97,91
4555,129,17,4362,1,15,3,0.6,20
4555,129,17,4362,1,4,3,0.6,20
4555,129,17,4362,1,3,3,0.6,20
4556,129,14,4363,2,15,3,0.91,31
4556,129,14,4363,2,4,3,0.91,31
4556,129,14,4363,2,3,3,0.91,31
4557,129,30,4364,2,15,3,0.85,56
4557,129,30,4364,2,4,3,0.85,56
4557,129,30,4364,2,3,3,0.85,56
4558,129,7,4365,2,15,3,-0.69,150
4558,129,7,4365,2,4,3,-0.69,150
4558,129,7,4365,2,3,3,-0.69,150
4559,129,30,4366,2,15,3,0.58,44
4559,129,30,4366,2,4,3,0.58,44
4559,129,30,4366,2,3,3,0.58,44
4560,129,15,4367,3,15,3,0.52,34
4560,129,15,4367,3,4,3,0.52,34
4560,129,15,4367,3,3,3,0.52,34
4561,129,10,4368,2,15,3,-0.45,114
4561,129,10,4368,2,4,3,-0.45,114
4561,129,10,4368,2,3,3,-0.45,114
4562,129,15,4369,1,15,3,-0.65,22
4562,129,15,4369,1,4,3,-0.65,22
4562,129,15,4369,1,3,3,-0.65,22
4563,129,14,4370,2,15,3,-0.83,33
4563,129,14,4370,2,4,3,-0.83,33
4563,129,14,4370,2,3,3,-0.83,33
4564,129,11,4371,2,15,3,0.96,43
4564,129,11,4371,2,4,3,0.96,43
4564,129,11,4371,2,3,3,0.96,43
4565,129,14,4372,1,15,3,0.87,24
4565,129,14,4372,1,4,3,0.87,24
4565,129,14,4372,1,3,3,0.87,24
4566,129,6,4373,2,15,3,-0.74,55
4566,129,6,4373,2,4,3,-0.74,55
4566,129,6,4373,2,3,3,-0.74,55
4567,129,8,4374,2,15,3,0.5,54
4567,129,8,4374,2,4,3,0.5,54
4567,129,8,4374,2,3,3,0.5,54
4568,129,11,4375,1,15,3,0.98,30
4568,129,11,4375,1,4,3,0.98,30
4568,129,11,4375,1,3,3,0.98,30
4569,129,14,4376,1,15,3,0.0,14
4569,129,14,4376,1,4,3,0.0,14
4569,129,14,4376,1,3,3,0.0,14
4570,129,9,4377,2,15,3,0.99,16
4570,129,9,4377,2,4,3,0.99,16
4570,129,9,4377,2,3,3,0.99,16
4571,129,7,4378,1,15,3,-0.82,19
4571,129,7,4378,1,4,3,-0.82,19
4571,129,7,4378,1,3,3,-0.82,19
4572,129,10,4379,2,15,3,-0.37,18
4572,129,10,4379,2,4,3,-0.37,18
4572,129,10,4379,2,3,3,-0.37,18
4573,129,6,4380,2,15,3,0.95,29
4573,129,6,4380,2,4,3,0.95,29
4573,129,6,4380,2,3,3,0.95,29
4574,129,9,4381,2,15,3,0.98,16
4574,129,9,4381,2,4,3,0.98,16
4574,129,9,4381,2,3,3,0.98,16
4575,129,9,4382,1,15,3,0.41,7
4575,129,9,4382,1,4,3,0.41,7
4575,129,9,4382,1,3,3,0.41,7
4576,129,6,4383,2,15,3,0.93,29
4576,129,6,4383,2,4,3,0.93,29
4576,129,6,4383,2,3,3,0.93,29
4577,129,30,4384,1,15,3,0.61,16
4577,129,30,4384,1,4,3,0.61,16
4577,129,30,4384,1,3,3,0.61,16
4578,129,7,4385,2,15,3,0.92,16
4578,129,7,4385,2,4,3,0.92,16
4578,129,7,4385,2,3,3,0.92,16
4579,129,6,4386,2,15,3,0.45,33
4579,129,6,4386,2,4,3,0.45,33
4579,129,6,4386,2,3,3,0.45,33
4580,129,9,4387,1,15,3,0.49,16
4580,129,9,4387,1,4,3,0.49,16
4580,129,9,4387,1,3,3,0.49,16
4581,129,9,4388,2,15,3,-0.45,11
4581,129,9,4388,2,4,3,-0.45,11
4581,129,9,4388,2,3,3,-0.45,11
4582,129,7,4389,1,15,3,0.57,15
4582,129,7,4389,1,4,3,0.57,15
4582,129,7,4389,1,3,3,0.57,15
4583,129,6,3574,2,15,3,0.92,11
4583,129,6,3574,2,4,3,0.92,11
4583,129,6,3574,2,3,3,0.92,11
4584,129,7,4390,1,15,3,0.83,19
4584,129,7,4390,1,4,3,0.83,19
4584,129,7,4390,1,3,3,0.83,19
4585,129,7,4391,1,15,3,0.42,1
4585,129,7,4391,1,4,3,0.42,1
4585,129,7,4391,1,3,3,0.42,1
4586,129,9,4392,1,15,3,0.87,10
4586,129,9,4392,1,4,3,0.87,10
4586,129,9,4392,1,3,3,0.87,10
4587,129,22,4393,2,15,3,-0.75,263
4587,129,22,4393,2,4,3,-0.75,263
4587,129,22,4393,2,3,3,-0.75,263
4588,129,22,4394,2,15,3,0.64,127
4588,129,22,4394,2,4,3,0.64,127
4588,129,22,4394,2,3,3,0.64,127
4589,129,22,4395,2,15,3,0.74,26
4589,129,22,4395,2,4,3,0.74,26
4589,129,22,4395,2,3,3,0.74,26
4590,129,30,4396,1,15,3,-0.57,124
4590,129,30,4396,1,4,3,-0.57,124
4590,129,30,4396,1,3,3,-0.57,124
4591,129,13,4397,2,15,3,-0.66,229
4591,129,13,4397,2,4,3,-0.66,229
4591,129,13,4397,2,3,3,-0.66,229
4592,129,7,4398,1,15,3,-0.81,106
4592,129,7,4398,1,4,3,-0.81,106
4592,129,7,4398,1,3,3,-0.81,106
4593,129,11,4399,2,15,3,-0.62,185
4593,129,11,4399,2,4,3,-0.62,185
4593,129,11,4399,2,3,3,-0.62,185
4594,129,14,4400,2,15,3,0.97,49
4594,129,14,4400,2,4,3,0.97,49
4594,129,14,4400,2,3,3,0.97,49
4595,129,9,4401,1,15,3,-0.35,142
4595,129,9,4401,1,4,3,-0.35,142
4595,129,9,4401,1,3,3,-0.35,142
4596,129,9,4402,2,15,3,0.76,173
4596,129,9,4402,2,4,3,0.76,173
4596,129,9,4402,2,3,3,0.76,173
4597,129,11,4403,2,15,3,0.7,91
4597,129,11,4403,2,4,3,0.7,91
4597,129,11,4403,2,3,3,0.7,91
4598,129,20,4404,1,15,3,0.96,4
4598,129,20,4404,1,4,3,0.96,4
4598,129,20,4404,1,3,3,0.96,4
4599,129,17,4405,1,15,3,0.6,15
4599,129,17,4405,1,4,3,0.6,15
4599,129,17,4405,1,3,3,0.6,15
4600,129,9,4406,4,15,3,0.56,77
4600,129,9,4406,4,4,3,0.56,77
4600,129,9,4406,4,3,3,0.56,77
4601,129,6,4407,2,15,3,0.96,69
4601,129,6,4407,2,4,3,0.96,69
4601,129,6,4407,2,3,3,0.96,69
4602,129,11,4408,3,15,3,0.68,51
4602,129,11,4408,3,4,3,0.68,51
4602,129,11,4408,3,3,3,0.68,51
4603,129,11,4409,2,15,3,0.42,35
4603,129,11,4409,2,4,3,0.42,35
4603,129,11,4409,2,3,3,0.42,35
4604,129,9,4410,2,15,3,0.62,49
4604,129,9,4410,2,4,3,0.62,49
4604,129,9,4410,2,3,3,0.62,49
4605,129,30,4411,2,15,3,-0.4,36
4605,129,30,4411,2,4,3,-0.4,36
4605,129,30,4411,2,3,3,-0.4,36
4606,129,10,4412,1,15,3,0.4,53
4606,129,10,4412,1,4,3,0.4,53
4606,129,10,4412,1,3,3,0.4,53
4607,129,15,4413,1,15,3,0.51,19
4607,129,15,4413,1,4,3,0.51,19
4607,129,15,4413,1,3,3,0.51,19
4608,129,12,4414,1,15,3,0.44,4
4608,129,12,4414,1,4,3,0.44,4
4608,129,12,4414,1,3,3,0.44,4
4609,129,30,4415,1,15,3,0.47,15
4609,129,30,4415,1,4,3,0.47,15
4609,129,30,4415,1,3,3,0.47,15
4610,129,7,4416,2,15,3,0.6,15
4610,129,7,4416,2,4,3,0.6,15
4610,129,7,4416,2,3,3,0.6,15
4611,129,30,4417,1,15,3,0.51,17
4611,129,30,4417,1,4,3,0.51,17
4611,129,30,4417,1,3,3,0.51,17
4612,129,9,4418,2,15,3,0.52,17
4612,129,9,4418,2,4,3,0.52,17
4612,129,9,4418,2,3,3,0.52,17
4613,129,9,4419,1,15,3,0.42,5
4613,129,9,4419,1,4,3,0.42,5
4613,129,9,4419,1,3,3,0.42,5
4614,129,11,4420,1,15,3,0.6,3
4614,129,11,4420,1,4,3,0.6,3
4614,129,11,4420,1,3,3,0.6,3
4615,129,6,4421,1,15,3,0.58,18
4615,129,6,4421,1,4,3,0.58,18
4615,129,6,4421,1,3,3,0.58,18
4616,129,30,4422,1,15,3,-0.41,18
4616,129,30,4422,1,4,3,-0.41,18
4616,129,30,4422,1,3,3,-0.41,18
4617,129,30,4423,1,15,3,0.56,6
4617,129,30,4423,1,4,3,0.56,6
4617,129,30,4423,1,3,3,0.56,6
4618,130,20,4424,2,2,3,-0.59,180
4618,130,20,4424,2,4,3,-0.59,180
4618,130,20,4424,2,3,3,-0.59,180
4619,130,13,4425,2,2,3,-0.56,166
4619,130,13,4425,2,4,3,-0.56,166
4619,130,13,4425,2,3,3,-0.56,166
4620,130,30,4426,2,2,3,-0.92,219
4620,130,30,4426,2,4,3,-0.92,219
4620,130,30,4426,2,3,3,-0.92,219
4621,130,12,4427,3,2,3,-0.57,167
4621,130,12,4427,3,4,3,-0.57,167
4621,130,12,4427,3,3,3,-0.57,167
4622,130,30,4428,2,2,3,-0.97,150
4622,130,30,4428,2,4,3,-0.97,150
4622,130,30,4428,2,3,3,-0.97,150
4623,130,10,4429,4,2,3,-0.76,239
4623,130,10,4429,4,4,3,-0.76,239
4623,130,10,4429,4,3,3,-0.76,239
4624,130,10,4430,3,2,3,-0.85,254
4624,130,10,4430,3,4,3,-0.85,254
4624,130,10,4430,3,3,3,-0.85,254
4625,130,10,4431,2,2,3,-0.39,237
4625,130,10,4431,2,4,3,-0.39,237
4625,130,10,4431,2,3,3,-0.39,237
4626,130,11,4432,3,2,3,0.51,164
4626,130,11,4432,3,4,3,0.51,164
4626,130,11,4432,3,3,3,0.51,164
4627,130,10,4433,2,2,3,-0.9,314
4627,130,10,4433,2,4,3,-0.9,314
4627,130,10,4433,2,3,3,-0.9,314
4628,130,9,4434,2,2,3,-0.75,159
4628,130,9,4434,2,4,3,-0.75,159
4628,130,9,4434,2,3,3,-0.75,159
4629,130,11,4435,1,2,3,0.0,194
4629,130,11,4435,1,4,3,0.0,194
4629,130,11,4435,1,3,3,0.0,194
4630,130,8,4436,2,2,3,-0.46,156
4630,130,8,4436,2,4,3,-0.46,156
4630,130,8,4436,2,3,3,-0.46,156
4631,130,7,4437,1,2,3,0.61,164
4631,130,7,4437,1,4,3,0.61,164
4631,130,7,4437,1,3,3,0.61,164
4632,130,7,4438,2,2,3,-0.4,123
4632,130,7,4438,2,4,3,-0.4,123
4632,130,7,4438,2,3,3,-0.4,123
4633,130,30,4439,2,2,3,-0.92,44
4633,130,30,4439,2,4,3,-0.92,44
4633,130,30,4439,2,3,3,-0.92,44
4634,130,10,4440,2,2,3,0.36,75
4634,130,10,4440,2,4,3,0.36,75
4634,130,10,4440,2,3,3,0.36,75
4635,130,18,4441,1,2,3,0.93,24
4635,130,18,4441,1,4,3,0.93,24
4635,130,18,4441,1,3,3,0.93,24
4636,130,30,4371,1,2,3,-0.65,94
4636,130,30,4371,1,4,3,-0.65,94
4636,130,30,4371,1,3,3,-0.65,94
4637,130,8,4442,2,2,3,0.0,114
4637,130,8,4442,2,4,3,0.0,114
4637,130,8,4442,2,3,3,0.0,114
4638,130,10,4354,6,2,3,-0.52,82
4638,130,10,4354,6,4,3,-0.52,82
4638,130,10,4354,6,3,3,-0.52,82
4639,130,6,4443,2,2,3,-0.89,93
4639,130,6,4443,2,4,3,-0.89,93
4639,130,6,4443,2,3,3,-0.89,93
4640,130,6,4444,2,2,3,0.82,88
4640,130,6,4444,2,4,3,0.82,88
4640,130,6,4444,2,3,3,0.82,88
4641,130,6,4445,2,2,3,-0.84,55
4641,130,6,4445,2,4,3,-0.84,55
4641,130,6,4445,2,3,3,-0.84,55
4642,130,30,4446,1,2,3,0.0,36
4642,130,30,4446,1,4,3,0.0,36
4642,130,30,4446,1,3,3,0.0,36
4643,130,9,3750,1,2,3,0.95,7
4643,130,9,3750,1,4,3,0.95,7
4643,130,9,3750,1,3,3,0.95,7
4644,130,6,4447,1,2,3,-0.62,41
4644,130,6,4447,1,4,3,-0.62,41
4644,130,6,4447,1,3,3,-0.62,41
4645,130,6,4448,2,2,3,0.55,20
4645,130,6,4448,2,4,3,0.55,20
4645,130,6,4448,2,3,3,0.55,20
4646,130,6,4449,1,2,3,0.95,9
4646,130,6,4449,1,4,3,0.95,9
4646,130,6,4449,1,3,3,0.95,9
4647,130,9,4450,1,2,3,-0.44,33
4647,130,9,4450,1,4,3,-0.44,33
4647,130,9,4450,1,3,3,-0.44,33
4648,130,9,4451,2,2,3,-0.54,32
4648,130,9,4451,2,4,3,-0.54,32
4648,130,9,4451,2,3,3,-0.54,32
4649,130,5,4452,2,2,3,0.53,9
4649,130,5,4452,2,4,3,0.53,9
4649,130,5,4452,2,3,3,0.53,9
4650,130,10,4453,2,2,3,0.92,11
4650,130,10,4453,2,4,3,0.92,11
4650,130,10,4453,2,3,3,0.92,11
4651,130,7,4454,1,2,3,0.69,9
4651,130,7,4454,1,4,3,0.69,9
4651,130,7,4454,1,3,3,0.69,9
4652,130,9,4455,2,2,3,0.57,15
4652,130,9,4455,2,4,3,0.57,15
4652,130,9,4455,2,3,3,0.57,15
4653,130,9,4456,1,2,3,-0.37,5
4653,130,9,4456,1,4,3,-0.37,5
4653,130,9,4456,1,3,3,-0.37,5
4654,130,8,4457,2,2,3,0.57,15
4654,130,8,4457,2,4,3,0.57,15
4654,130,8,4457,2,3,3,0.57,15
4655,130,11,4458,2,2,3,0.84,236
4655,130,11,4458,2,4,3,0.84,236
4655,130,11,4458,2,3,3,0.84,236
4656,130,10,4459,5,2,3,-0.85,285
4656,130,10,4459,5,4,3,-0.85,285
4656,130,10,4459,5,3,3,-0.85,285
4657,130,11,4460,5,2,3,-0.68,258
4657,130,11,4460,5,4,3,-0.68,258
4657,130,11,4460,5,3,3,-0.68,258
4658,130,30,4461,2,2,3,-0.98,163
4658,130,30,4461,2,4,3,-0.98,163
4658,130,30,4461,2,3,3,-0.98,163
4659,130,7,4462,1,2,3,-0.83,238
4659,130,7,4462,1,4,3,-0.83,238
4659,130,7,4462,1,3,3,-0.83,238
4660,130,11,4463,2,2,3,0.93,189
4660,130,11,4463,2,4,3,0.93,189
4660,130,11,4463,2,3,3,0.93,189
4661,130,8,4464,2,2,3,-0.95,211
4661,130,8,4464,2,4,3,-0.95,211
4661,130,8,4464,2,3,3,-0.95,211
4662,130,7,4465,2,2,3,-0.44,255
4662,130,7,4465,2,4,3,-0.44,255
4662,130,7,4465,2,3,3,-0.44,255
4663,130,6,4466,2,2,3,0.74,90
4663,130,6,4466,2,4,3,0.74,90
4663,130,6,4466,2,3,3,0.74,90
4664,130,8,4467,2,2,3,0.43,68
4664,130,8,4467,2,4,3,0.43,68
4664,130,8,4467,2,3,3,0.43,68
4665,130,8,4468,2,2,3,0.95,55
4665,130,8,4468,2,4,3,0.95,55
4665,130,8,4468,2,3,3,0.95,55
4666,130,8,4469,1,2,3,0.79,44
4666,130,8,4469,1,4,3,0.79,44
4666,130,8,4469,1,3,3,0.79,44
4667,130,7,4470,2,2,3,-0.71,63
4667,130,7,4470,2,4,3,-0.71,63
4667,130,7,4470,2,3,3,-0.71,63
4668,130,30,4471,2,2,3,0.46,20
4668,130,30,4471,2,4,3,0.46,20
4668,130,30,4471,2,3,3,0.46,20
4669,130,8,4472,1,2,3,-0.65,25
4669,130,8,4472,1,4,3,-0.65,25
4669,130,8,4472,1,3,3,-0.65,25
4670,130,9,4473,1,2,3,0.58,12
4670,130,9,4473,1,4,3,0.58,12
4670,130,9,4473,1,3,3,0.58,12
4671,130,9,4474,2,2,3,0.63,26
4671,130,9,4474,2,4,3,0.63,26
4671,130,9,4474,2,3,3,0.63,26
4672,130,23,4475,2,2,3,0.69,32
4672,130,23,4475,2,4,3,0.69,32
4672,130,23,4475,2,3,3,0.69,32
4673,130,30,4476,1,2,3,-0.66,231
4673,130,30,4476,1,4,3,-0.66,231
4673,130,30,4476,1,3,3,-0.66,231
4674,131,20,4477,2,2,3,-0.62,200
4674,131,20,4477,2,4,3,-0.62,200
4674,131,20,4477,2,3,3,-0.62,200
4675,131,20,4478,2,2,3,-0.72,130
4675,131,20,4478,2,4,3,-0.72,130
4675,131,20,4478,2,3,3,-0.72,130
4676,131,21,4479,2,2,3,0.82,202
4676,131,21,4479,2,4,3,0.82,202
4676,131,21,4479,2,3,3,0.82,202
4677,131,21,4480,4,2,3,0.58,238
4677,131,21,4480,4,4,3,0.58,238
4677,131,21,4480,4,3,3,0.58,238
4678,131,18,4481,2,2,3,-0.96,244
4678,131,18,4481,2,4,3,-0.96,244
4678,131,18,4481,2,3,3,-0.96,244
4679,131,17,4482,1,2,3,0.56,240
4679,131,17,4482,1,4,3,0.56,240
4679,131,17,4482,1,3,3,0.56,240
4680,131,16,4483,2,2,3,-0.89,337
4680,131,16,4483,2,4,3,-0.89,337
4680,131,16,4483,2,3,3,-0.89,337
4681,131,17,4484,2,2,3,0.84,119
4681,131,17,4484,2,4,3,0.84,119
4681,131,17,4484,2,3,3,0.84,119
4682,131,13,4485,2,2,3,0.95,286
4682,131,13,4485,2,4,3,0.95,286
4682,131,13,4485,2,3,3,0.95,286
4683,131,17,4486,2,2,3,0.8,125
4683,131,17,4486,2,4,3,0.8,125
4683,131,17,4486,2,3,3,0.8,125
4684,131,19,4487,2,2,3,-0.5,191
4684,131,19,4487,2,4,3,-0.5,191
4684,131,19,4487,2,3,3,-0.5,191
4685,131,30,4488,2,2,3,0.96,329
4685,131,30,4488,2,4,3,0.96,329
4685,131,30,4488,2,3,3,0.96,329
4686,131,15,4489,4,2,3,0.96,187
4686,131,15,4489,4,4,3,0.96,187
4686,131,15,4489,4,3,3,0.96,187
4687,131,30,4490,2,2,3,-0.81,240
4687,131,30,4490,2,4,3,-0.81,240
4687,131,30,4490,2,3,3,-0.81,240
4688,131,20,4491,1,2,3,-0.55,69
4688,131,20,4491,1,4,3,-0.55,69
4688,131,20,4491,1,3,3,-0.55,69
4689,131,30,4492,3,2,3,0.52,115
4689,131,30,4492,3,4,3,0.52,115
4689,131,30,4492,3,3,3,0.52,115
4690,131,16,4493,2,2,3,-0.67,116
4690,131,16,4493,2,4,3,-0.67,116
4690,131,16,4493,2,3,3,-0.67,116
4691,131,30,4494,2,2,3,-0.52,192
4691,131,30,4494,2,4,3,-0.52,192
4691,131,30,4494,2,3,3,-0.52,192
4692,131,17,4495,1,2,3,-0.43,70
4692,131,17,4495,1,4,3,-0.43,70
4692,131,17,4495,1,3,3,-0.43,70
4693,131,30,4496,2,2,3,-0.9,229
4693,131,30,4496,2,4,3,-0.9,229
4693,131,30,4496,2,3,3,-0.9,229
4694,131,30,4497,2,2,3,0.93,174
4694,131,30,4497,2,4,3,0.93,174
4694,131,30,4497,2,3,3,0.93,174
4695,131,21,4498,1,2,3,0.9,62
4695,131,21,4498,1,4,3,0.9,62
4695,131,21,4498,1,3,3,0.9,62
4696,131,30,4499,2,2,3,-0.77,240
4696,131,30,4499,2,4,3,-0.77,240
4696,131,30,4499,2,3,3,-0.77,240
4697,131,16,4500,2,2,3,-0.5,69
4697,131,16,4500,2,4,3,-0.5,69
4697,131,16,4500,2,3,3,-0.5,69
4698,131,10,4501,2,2,3,-0.47,244
4698,131,10,4501,2,4,3,-0.47,244
4698,131,10,4501,2,3,3,-0.47,244
4699,131,30,4502,1,2,3,0.9,150
4699,131,30,4502,1,4,3,0.9,150
4699,131,30,4502,1,3,3,0.9,150
4700,131,10,4503,3,2,3,-0.82,184
4700,131,10,4503,3,4,3,-0.82,184
4700,131,10,4503,3,3,3,-0.82,184
4701,131,30,4504,1,2,3,0.97,78
4701,131,30,4504,1,4,3,0.97,78
4701,131,30,4504,1,3,3,0.97,78
4702,131,11,4505,2,2,3,0.0,163
4702,131,11,4505,2,4,3,0.0,163
4702,131,11,4505,2,3,3,0.0,163
4703,131,10,4506,3,2,3,-0.8,118
4703,131,10,4506,3,4,3,-0.8,118
4703,131,10,4506,3,3,3,-0.8,118
4704,131,19,4507,1,2,3,-0.43,24
4704,131,19,4507,1,4,3,-0.43,24
4704,131,19,4507,1,3,3,-0.43,24
4705,131,10,4508,2,2,3,-0.43,260
4705,131,10,4508,2,4,3,-0.43,260
4705,131,10,4508,2,3,3,-0.43,260
4706,131,11,4509,2,2,3,0.87,123
4706,131,11,4509,2,4,3,0.87,123
4706,131,11,4509,2,3,3,0.87,123
4707,131,30,4510,1,2,3,-0.83,93
4707,131,30,4510,1,4,3,-0.83,93
4707,131,30,4510,1,3,3,-0.83,93
4708,131,10,4511,2,2,3,-0.99,147
4708,131,10,4511,2,4,3,-0.99,147
4708,131,10,4511,2,3,3,-0.99,147
4709,131,8,4512,1,2,3,-0.84,208
4709,131,8,4512,1,4,3,-0.84,208
4709,131,8,4512,1,3,3,-0.84,208
4710,131,30,4513,1,2,3,0.82,50
4710,131,30,4513,1,4,3,0.82,50
4710,131,30,4513,1,3,3,0.82,50
4711,131,11,4514,2,2,3,0.88,68
4711,131,11,4514,2,4,3,0.88,68
4711,131,11,4514,2,3,3,0.88,68
4712,131,30,4515,2,2,3,0.96,24
4712,131,30,4515,2,4,3,0.96,24
4712,131,30,4515,2,3,3,0.96,24
4713,131,9,1739,2,2,3,0.48,46
4713,131,9,1739,2,4,3,0.48,46
4713,131,9,1739,2,3,3,0.48,46
4714,131,8,4516,2,2,3,-0.5,54
4714,131,8,4516,2,4,3,-0.5,54
4714,131,8,4516,2,3,3,-0.5,54
4715,131,7,4517,2,2,3,0.75,62
4715,131,7,4517,2,4,3,0.75,62
4715,131,7,4517,2,3,3,0.75,62
4716,131,6,4518,1,2,3,0.64,48
4716,131,6,4518,1,4,3,0.64,48
4716,131,6,4518,1,3,3,0.64,48
4717,131,9,4519,2,2,3,0.85,62
4717,131,9,4519,2,4,3,0.85,62
4717,131,9,4519,2,3,3,0.85,62
4718,131,30,4520,2,2,3,-0.91,27
4718,131,30,4520,2,4,3,-0.91,27
4718,131,30,4520,2,3,3,-0.91,27
4719,131,7,4521,2,2,3,0.92,53
4719,131,7,4521,2,4,3,0.92,53
4719,131,7,4521,2,3,3,0.92,53
4720,131,8,4522,2,2,3,0.65,55
4720,131,8,4522,2,4,3,0.65,55
4720,131,8,4522,2,3,3,0.65,55
4721,131,15,4523,2,2,3,-0.45,11
4721,131,15,4523,2,4,3,-0.45,11
4721,131,15,4523,2,3,3,-0.45,11
4722,131,9,4524,1,2,3,0.68,28
4722,131,9,4524,1,4,3,0.68,28
4722,131,9,4524,1,3,3,0.68,28
4723,131,6,4525,1,2,3,-0.75,45
4723,131,6,4525,1,4,3,-0.75,45
4723,131,6,4525,1,3,3,-0.75,45
4724,131,30,4526,2,2,3,0.75,15
4724,131,30,4526,2,4,3,0.75,15
4724,131,30,4526,2,3,3,0.75,15
4725,131,5,4452,1,2,3,0.76,5
4725,131,5,4452,1,4,3,0.76,5
4725,131,5,4452,1,3,3,0.76,5
4726,131,9,3750,1,2,3,-0.48,13
4726,131,9,3750,1,4,3,-0.48,13
4726,131,9,3750,1,3,3,-0.48,13
4727,131,30,4344,2,2,3,0.96,298
4727,131,30,4344,2,4,3,0.96,298
4727,131,30,4344,2,3,3,0.96,298
4728,131,30,4527,4,2,3,-0.92,294
4728,131,30,4527,4,4,3,-0.92,294
4728,131,30,4527,4,3,3,-0.92,294
4729,131,30,1281,2,2,3,0.98,129
4729,131,30,1281,2,4,3,0.98,129
4729,131,30,1281,2,3,3,0.98,129
4730,131,12,4528,2,2,3,-0.81,196
4730,131,12,4528,2,4,3,-0.81,196
4730,131,12,4528,2,3,3,-0.81,196
4731,131,18,4529,2,2,3,0.96,68
4731,131,18,4529,2,4,3,0.96,68
4731,131,18,4529,2,3,3,0.96,68
4732,131,30,4530,3,2,3,-0.98,226
4732,131,30,4530,3,4,3,-0.98,226
4732,131,30,4530,3,3,3,-0.98,226
4733,131,30,4531,2,2,3,0.97,109
4733,131,30,4531,2,4,3,0.97,109
4733,131,30,4531,2,3,3,0.97,109
4734,131,30,4532,5,2,3,-0.67,256
4734,131,30,4532,5,4,3,-0.67,256
4734,131,30,4532,5,3,3,-0.67,256
4735,131,30,4533,1,2,3,0.98,95
4735,131,30,4533,1,4,3,0.98,95
4735,131,30,4533,1,3,3,0.98,95
4736,131,30,4461,2,2,3,0.77,149
4736,131,30,4461,2,4,3,0.77,149
4736,131,30,4461,2,3,3,0.77,149
4737,131,7,4534,5,2,3,-0.83,183
4737,131,7,4534,5,4,3,-0.83,183
4737,131,7,4534,5,3,3,-0.83,183
4738,131,17,4535,1,2,3,0.89,34
4738,131,17,4535,1,4,3,0.89,34
4738,131,17,4535,1,3,3,0.89,34
4739,131,7,4536,3,2,3,0.98,125
4739,131,7,4536,3,4,3,0.98,125
4739,131,7,4536,3,3,3,0.98,125
4740,131,7,4537,2,2,3,-0.85,140
4740,131,7,4537,2,4,3,-0.85,140
4740,131,7,4537,2,3,3,-0.85,140
4741,131,11,4538,2,2,3,0.87,63
4741,131,11,4538,2,4,3,0.87,63
4741,131,11,4538,2,3,3,0.87,63
4742,131,11,4539,1,2,3,-0.81,128
4742,131,11,4539,1,4,3,-0.81,128
4742,131,11,4539,1,3,3,-0.81,128
4743,131,11,4540,1,2,3,0.5,70
4743,131,11,4540,1,4,3,0.5,70
4743,131,11,4540,1,3,3,0.5,70
4744,131,30,4541,2,2,3,-0.75,51
4744,131,30,4541,2,4,3,-0.75,51
4744,131,30,4541,2,3,3,-0.75,51
4745,131,8,4542,2,2,3,-0.87,105
4745,131,8,4542,2,4,3,-0.87,105
4745,131,8,4542,2,3,3,-0.87,105
4746,131,14,4543,3,2,3,-0.66,32
4746,131,14,4543,3,4,3,-0.66,32
4746,131,14,4543,3,3,3,-0.66,32
4747,131,6,4416,3,2,3,0.97,56
4747,131,6,4416,3,4,3,0.97,56
4747,131,6,4416,3,3,3,0.97,56
4748,131,13,4544,2,2,3,0.97,17
4748,131,13,4544,2,4,3,0.97,17
4748,131,13,4544,2,3,3,0.97,17
4749,131,11,4545,2,2,3,0.0,27
4749,131,11,4545,2,4,3,0.0,27
4749,131,11,4545,2,3,3,0.0,27
4750,131,13,4546,1,2,3,0.56,4
4750,131,13,4546,1,4,3,0.56,4
4750,131,13,4546,1,3,3,0.56,4
4751,131,7,4547,1,2,3,0.56,63
4751,131,7,4547,1,4,3,0.56,63
4751,131,7,4547,1,3,3,0.56,63
4752,131,11,4548,2,2,3,0.58,9
4752,131,11,4548,2,4,3,0.58,9
4752,131,11,4548,2,3,3,0.58,9
4753,131,9,4549,1,2,3,0.97,9
4753,131,9,4549,1,4,3,0.97,9
4753,131,9,4549,1,3,3,0.97,9
4754,131,10,4550,1,2,3,0.59,4
4754,131,10,4550,1,4,3,0.59,4
4754,131,10,4550,1,3,3,0.59,4
4755,132,20,4478,2,2,3,-0.74,136
4755,132,20,4478,2,4,3,-0.74,136
4755,132,20,4478,2,3,3,-0.74,136
4756,132,16,4551,2,2,3,-0.96,238
4756,132,16,4551,2,4,3,-0.96,238
4756,132,16,4551,2,3,3,-0.96,238
4757,132,15,4552,2,2,3,-0.97,232
4757,132,15,4552,2,4,3,-0.97,232
4757,132,15,4552,2,3,3,-0.97,232
4758,132,15,4553,2,2,3,-0.98,208
4758,132,15,4553,2,4,3,-0.98,208
4758,132,15,4553,2,3,3,-0.98,208
4759,132,30,4554,2,2,3,0.81,156
4759,132,30,4554,2,4,3,0.81,156
4759,132,30,4554,2,3,3,0.81,156
4760,132,30,4342,4,2,3,-0.76,166
4760,132,30,4342,4,4,3,-0.76,166
4760,132,30,4342,4,3,3,-0.76,166
4761,132,12,4555,3,2,3,0.97,236
4761,132,12,4555,3,4,3,0.97,236
4761,132,12,4555,3,3,3,0.97,236
4762,132,12,4556,2,2,3,-0.62,237
4762,132,12,4556,2,4,3,-0.62,237
4762,132,12,4556,2,3,3,-0.62,237
4763,132,21,4557,1,2,3,-0.47,44
4763,132,21,4557,1,4,3,-0.47,44
4763,132,21,4557,1,3,3,-0.47,44
4764,132,30,4558,2,2,3,-0.49,236
4764,132,30,4558,2,4,3,-0.49,236
4764,132,30,4558,2,3,3,-0.49,236
4765,132,7,4536,2,2,3,0.75,184
4765,132,7,4536,2,4,3,0.75,184
4765,132,7,4536,2,3,3,0.75,184
4766,132,30,4559,2,2,3,0.89,190
4766,132,30,4559,2,4,3,0.89,190
4766,132,30,4559,2,3,3,0.89,190
4767,132,30,4560,2,2,3,-0.51,126
4767,132,30,4560,2,4,3,-0.51,126
4767,132,30,4560,2,3,3,-0.51,126
4768,132,16,4561,2,2,3,-0.98,34
4768,132,16,4561,2,4,3,-0.98,34
4768,132,16,4561,2,3,3,-0.98,34
4769,132,10,4562,2,2,3,-0.55,90
4769,132,10,4562,2,4,3,-0.55,90
4769,132,10,4562,2,3,3,-0.55,90
4770,132,8,4563,2,2,3,-0.63,63
4770,132,8,4563,2,4,3,-0.63,63
4770,132,8,4563,2,3,3,-0.63,63
4771,132,10,4564,2,2,3,-0.96,66
4771,132,10,4564,2,4,3,-0.96,66
4771,132,10,4564,2,3,3,-0.96,66
4772,132,6,4565,1,2,3,-0.59,36
4772,132,6,4565,1,4,3,-0.59,36
4772,132,6,4565,1,3,3,-0.59,36
4773,132,18,4566,2,2,3,0.92,204
4773,132,18,4566,2,4,3,0.92,204
4773,132,18,4566,2,3,3,0.92,204
4774,132,12,4567,3,2,3,-0.8,234
4774,132,12,4567,3,4,3,-0.8,234
4774,132,12,4567,3,3,3,-0.8,234
4775,132,15,4568,2,2,3,0.48,58
4775,132,15,4568,2,4,3,0.48,58
4775,132,15,4568,2,3,3,0.48,58
4776,132,11,4569,1,2,3,0.0,57
4776,132,11,4569,1,4,3,0.0,57
4776,132,11,4569,1,3,3,0.0,57
4777,132,30,4570,1,2,3,-0.68,69
4777,132,30,4570,1,4,3,-0.68,69
4777,132,30,4570,1,3,3,-0.68,69
4778,132,11,4571,3,2,3,0.0,59
4778,132,11,4571,3,4,3,0.0,59
4778,132,11,4571,3,3,3,0.0,59
4779,132,9,4572,2,2,3,-0.53,50
4779,132,9,4572,2,4,3,-0.53,50
4779,132,9,4572,2,3,3,-0.53,50
4780,132,11,4573,1,2,3,0.97,9
4780,132,11,4573,1,4,3,0.97,9
4780,132,11,4573,1,3,3,0.97,9
4781,132,30,4574,2,2,3,0.0,40
4781,132,30,4574,2,4,3,0.0,40
4781,132,30,4574,2,3,3,0.0,40
4782,132,7,4575,6,2,3,-0.4,55
4782,132,7,4575,6,4,3,-0.4,55
4782,132,7,4575,6,3,3,-0.4,55
4783,132,7,4576,1,2,3,0.96,4
4783,132,7,4576,1,4,3,0.96,4
4783,132,7,4576,1,3,3,0.96,4
4784,132,30,4577,2,2,3,0.86,239
4784,132,30,4577,2,4,3,0.86,239
4784,132,30,4577,2,3,3,0.86,239
4785,133,19,4578,1,2,3,0.72,50
4785,133,19,4578,1,4,3,0.72,50
4785,133,19,4578,1,3,3,0.72,50
4786,133,11,4579,2,2,3,-0.8,237
4786,133,11,4579,2,4,3,-0.8,237
4786,133,11,4579,2,3,3,-0.8,237
4787,133,11,4580,2,2,3,-0.84,234
4787,133,11,4580,2,4,3,-0.84,234
4787,133,11,4580,2,3,3,-0.84,234
4788,133,11,4581,2,2,3,-0.46,246
4788,133,11,4581,2,4,3,-0.46,246
4788,133,11,4581,2,3,3,-0.46,246
4789,133,8,4582,2,2,3,0.39,213
4789,133,8,4582,2,4,3,0.39,213
4789,133,8,4582,2,3,3,0.39,213
4790,133,11,4583,1,2,3,0.94,82
4790,133,11,4583,1,4,3,0.94,82
4790,133,11,4583,1,3,3,0.94,82
4791,133,20,4584,1,2,3,-0.41,52
4791,133,20,4584,1,4,3,-0.41,52
4791,133,20,4584,1,3,3,-0.41,52
4792,133,14,4585,1,2,3,0.89,21
4792,133,14,4585,1,4,3,0.89,21
4792,133,14,4585,1,3,3,0.89,21
4793,133,7,4586,2,2,3,0.0,15
4793,133,7,4586,2,4,3,0.0,15
4793,133,7,4586,2,3,3,0.0,15
4794,133,9,4587,1,2,3,0.39,33
4794,133,9,4587,1,4,3,0.39,33
4794,133,9,4587,1,3,3,0.39,33
4795,133,9,4588,1,2,3,0.75,4
4795,133,9,4588,1,4,3,0.75,4
4795,133,9,4588,1,3,3,0.75,4
4796,133,9,4589,1,2,3,0.47,17
4796,133,9,4589,1,4,3,0.47,17
4796,133,9,4589,1,3,3,0.47,17
4797,133,7,4590,3,2,3,0.96,13
4797,133,7,4590,3,4,3,0.96,13
4797,133,7,4590,3,3,3,0.96,13
4798,133,8,4591,2,2,3,0.7,11
4798,133,8,4591,2,4,3,0.7,11
4798,133,8,4591,2,3,3,0.7,11
4799,133,15,4592,2,2,3,-0.97,229
4799,133,15,4592,2,4,3,-0.97,229
4799,133,15,4592,2,3,3,-0.97,229
4800,133,16,4593,2,2,3,0.0,156
4800,133,16,4593,2,4,3,0.0,156
4800,133,16,4593,2,3,3,0.0,156
4801,133,12,4594,2,2,3,-0.78,292
4801,133,12,4594,2,4,3,-0.78,292
4801,133,12,4594,2,3,3,-0.78,292
4802,133,11,4595,1,2,3,-0.76,198
4802,133,11,4595,1,4,3,-0.76,198
4802,133,11,4595,1,3,3,-0.76,198
4803,133,16,4596,5,2,3,-0.92,94
4803,133,16,4596,5,4,3,-0.92,94
4803,133,16,4596,5,3,3,-0.92,94
4804,133,11,4571,3,2,3,-0.94,197
4804,133,11,4571,3,4,3,-0.94,197
4804,133,11,4571,3,3,3,-0.94,197
4805,133,30,4597,1,2,3,0.0,43
4805,133,30,4597,1,4,3,0.0,43
4805,133,30,4597,1,3,3,0.0,43
4806,133,5,4598,1,2,3,0.78,63
4806,133,5,4598,1,4,3,0.78,63
4806,133,5,4598,1,3,3,0.78,63
4807,133,8,4599,1,2,3,0.45,72
4807,133,8,4599,1,4,3,0.45,72
4807,133,8,4599,1,3,3,0.45,72
4808,133,30,4600,1,2,3,-0.4,50
4808,133,30,4600,1,4,3,-0.4,50
4808,133,30,4600,1,3,3,-0.4,50
4809,133,30,4601,1,2,3,-0.48,32
4809,133,30,4601,1,4,3,-0.48,32
4809,133,30,4601,1,3,3,-0.48,32
4810,133,9,4602,1,2,3,-0.62,34
4810,133,9,4602,1,4,3,-0.62,34
4810,133,9,4602,1,3,3,-0.62,34
4811,133,7,4603,1,2,3,0.75,4
4811,133,7,4603,1,4,3,0.75,4
4811,133,7,4603,1,3,3,0.75,4
4812,133,9,4604,1,2,3,0.52,5
4812,133,9,4604,1,4,3,0.52,5
4812,133,9,4604,1,3,3,0.52,5
4813,133,7,4605,1,2,3,0.96,4
4813,133,7,4605,1,4,3,0.96,4
4813,133,7,4605,1,3,3,0.96,4
4814,134,14,4606,1,2,3,-0.82,64
4814,134,14,4606,1,4,3,-0.82,64
4814,134,14,4606,1,3,3,-0.82,64
4815,134,10,4607,4,2,3,0.52,111
4815,134,10,4607,4,4,3,0.52,111
4815,134,10,4607,4,3,3,0.52,111
4816,134,7,4608,2,2,3,0.84,91
4816,134,7,4608,2,4,3,0.84,91
4816,134,7,4608,2,3,3,0.84,91
4817,134,9,4609,2,2,3,0.95,49
4817,134,9,4609,2,4,3,0.95,49
4817,134,9,4609,2,3,3,0.95,49
4818,134,5,4610,2,2,3,0.49,21
4818,134,5,4610,2,4,3,0.49,21
4818,134,5,4610,2,3,3,0.49,21
4819,134,9,4611,1,2,3,0.55,60
4819,134,9,4611,1,4,3,0.55,60
4819,134,9,4611,1,3,3,0.55,60
4820,134,10,4612,2,2,3,-0.67,44
4820,134,10,4612,2,4,3,-0.67,44
4820,134,10,4612,2,3,3,-0.67,44
4821,134,30,4613,2,2,3,0.49,30
4821,134,30,4613,2,4,3,0.49,30
4821,134,30,4613,2,3,3,0.49,30
4822,134,11,4614,1,2,3,0.42,19
4822,134,11,4614,1,4,3,0.42,19
4822,134,11,4614,1,3,3,0.42,19
4823,134,7,4615,2,2,3,-0.62,24
4823,134,7,4615,2,4,3,-0.62,24
4823,134,7,4615,2,3,3,-0.62,24
4824,134,8,4616,2,2,3,0.95,12
4824,134,8,4616,2,4,3,0.95,12
4824,134,8,4616,2,3,3,0.95,12
4825,134,5,4617,1,2,3,-0.4,3
4825,134,5,4617,1,4,3,-0.4,3
4825,134,5,4617,1,3,3,-0.4,3
4826,134,6,4618,1,2,3,0.0,3
4826,134,6,4618,1,4,3,0.0,3
4826,134,6,4618,1,3,3,0.0,3
4827,134,8,4619,2,2,3,0.92,11
4827,134,8,4619,2,4,3,0.92,11
4827,134,8,4619,2,3,3,0.92,11
4828,134,10,3614,2,2,3,0.82,137
4828,134,10,3614,2,4,3,0.82,137
4828,134,10,3614,2,3,3,0.82,137
4829,134,7,4620,2,2,3,0.0,115
4829,134,7,4620,2,4,3,0.0,115
4829,134,7,4620,2,3,3,0.0,115
4830,134,7,4621,1,2,3,-0.82,121
4830,134,7,4621,1,4,3,-0.82,121
4830,134,7,4621,1,3,3,-0.82,121
4831,134,11,4622,2,2,3,-0.77,53
4831,134,11,4622,2,4,3,-0.77,53
4831,134,11,4622,2,3,3,-0.77,53
4832,134,11,4623,2,2,3,-0.94,139
4832,134,11,4623,2,4,3,-0.94,139
4832,134,11,4623,2,3,3,-0.94,139
4833,134,10,4624,1,2,3,0.99,26
4833,134,10,4624,1,4,3,0.99,26
4833,134,10,4624,1,3,3,0.99,26
4834,134,7,4625,1,2,3,0.57,52
4834,134,7,4625,1,4,3,0.57,52
4834,134,7,4625,1,3,3,0.57,52
4835,134,11,4626,2,2,3,0.57,15
4835,134,11,4626,2,4,3,0.57,15
4835,134,11,4626,2,3,3,0.57,15
4836,134,7,4627,1,2,3,-0.49,10
4836,134,7,4627,1,4,3,-0.49,10
4836,134,7,4627,1,3,3,-0.49,10
4837,135,10,4628,1,2,3,-0.67,119
4837,135,10,4628,1,4,3,-0.67,119
4837,135,10,4628,1,3,3,-0.67,119
4838,135,11,4629,2,2,3,0.39,111
4838,135,11,4629,2,4,3,0.39,111
4838,135,11,4629,2,3,3,0.39,111
4839,135,10,4630,2,2,3,-0.48,128
4839,135,10,4630,2,4,3,-0.48,128
4839,135,10,4630,2,3,3,-0.48,128
4840,135,10,4631,1,2,3,0.0,39
4840,135,10,4631,1,4,3,0.0,39
4840,135,10,4631,1,3,3,0.0,39
4841,135,6,4632,2,2,3,0.47,41
4841,135,6,4632,2,4,3,0.47,41
4841,135,6,4632,2,3,3,0.47,41
4842,135,8,4633,1,2,3,0.99,9
4842,135,8,4633,1,4,3,0.99,9
4842,135,8,4633,1,3,3,0.99,9
4843,135,7,4634,5,2,3,0.41,26
4843,135,7,4634,5,4,3,0.41,26
4843,135,7,4634,5,3,3,0.41,26
4844,135,8,4591,1,2,3,0.8,7
4844,135,8,4591,1,4,3,0.8,7
4844,135,8,4591,1,3,3,0.8,7
4845,135,8,4635,2,2,3,0.92,11
4845,135,8,4635,2,4,3,0.92,11
4845,135,8,4635,2,3,3,0.92,11
4846,135,9,4636,1,2,3,0.57,7
4846,135,9,4636,1,4,3,0.57,7
4846,135,9,4636,1,3,3,0.57,7
4847,135,30,4637,1,2,3,0.96,63
4847,135,30,4637,1,4,3,0.96,63
4847,135,30,4637,1,3,3,0.96,63
4848,135,7,4638,3,2,3,-0.42,276
4848,135,7,4638,3,4,3,-0.42,276
4848,135,7,4638,3,3,3,-0.42,276
4849,135,8,4639,2,2,3,0.93,270
4849,135,8,4639,2,4,3,0.93,270
4849,135,8,4639,2,3,3,0.93,270
4850,135,30,4640,3,2,3,-0.51,173
4850,135,30,4640,3,4,3,-0.51,173
4850,135,30,4640,3,3,3,-0.51,173
4851,135,10,4641,4,2,3,-0.84,213
4851,135,10,4641,4,4,3,-0.84,213
4851,135,10,4641,4,3,3,-0.84,213
4852,135,11,4642,4,2,3,0.48,36
4852,135,11,4642,4,4,3,0.48,36
4852,135,11,4642,4,3,3,0.48,36
4853,135,6,4643,1,2,3,0.38,109
4853,135,6,4643,1,4,3,0.38,109
4853,135,6,4643,1,3,3,0.38,109
4854,135,6,4644,2,2,3,0.43,80
4854,135,6,4644,2,4,3,0.43,80
4854,135,6,4644,2,3,3,0.43,80
4855,135,10,4645,1,2,3,0.97,9
4855,135,10,4645,1,4,3,0.97,9
4855,135,10,4645,1,3,3,0.97,9
4856,135,11,4646,1,2,3,0.48,44
4856,135,11,4646,1,4,3,0.48,44
4856,135,11,4646,1,3,3,0.48,44
4857,135,30,4647,1,2,3,0.8,13
4857,135,30,4647,1,4,3,0.8,13
4857,135,30,4647,1,3,3,0.8,13
4858,135,7,4648,1,2,3,0.97,47
4858,135,7,4648,1,4,3,0.97,47
4858,135,7,4648,1,3,3,0.97,47
4859,135,6,4649,1,2,3,0.75,25
4859,135,6,4649,1,4,3,0.75,25
4859,135,6,4649,1,3,3,0.75,25
4860,135,30,4650,1,2,3,0.52,6
4860,135,30,4650,1,4,3,0.52,6
4860,135,30,4650,1,3,3,0.52,6
4861,135,10,4651,1,2,3,0.55,18
4861,135,10,4651,1,4,3,0.55,18
4861,135,10,4651,1,3,3,0.55,18
4862,135,11,4652,2,2,3,0.51,16
4862,135,11,4652,2,4,3,0.51,16
4862,135,11,4652,2,3,3,0.51,16
4863,135,11,4653,1,2,3,-0.67,27
4863,135,11,4653,1,4,3,-0.67,27
4863,135,11,4653,1,3,3,-0.67,27
4864,135,7,4654,1,2,3,0.55,29
4864,135,7,4654,1,4,3,0.55,29
4864,135,7,4654,1,3,3,0.55,29
4865,135,30,4655,2,2,3,0.57,15
4865,135,30,4655,2,4,3,0.57,15
4865,135,30,4655,2,3,3,0.57,15
4866,135,6,4656,1,2,3,0.73,12
4866,135,6,4656,1,4,3,0.73,12
4866,135,6,4656,1,3,3,0.73,12
4867,135,8,4657,2,2,3,0.47,11
4867,135,8,4657,2,4,3,0.47,11
4867,135,8,4657,2,3,3,0.47,11
4868,136,17,4658,3,2,3,-0.57,190
4868,136,17,4658,3,4,3,-0.57,190
4868,136,17,4658,3,3,3,-0.57,190
4869,136,18,4659,6,2,3,0.51,172
4869,136,18,4659,6,4,3,0.51,172
4869,136,18,4659,6,3,3,0.51,172
4870,136,12,4660,3,2,3,-0.75,234
4870,136,12,4660,3,4,3,-0.75,234
4870,136,12,4660,3,3,3,-0.75,234
4871,136,10,4661,3,2,3,-0.47,165
4871,136,10,4661,3,4,3,-0.47,165
4871,136,10,4661,3,3,3,-0.47,165
4872,136,11,4662,3,2,3,0.42,171
4872,136,11,4662,3,4,3,0.42,171
4872,136,11,4662,3,3,3,0.42,171
4873,136,14,4663,1,2,3,-0.63,238
4873,136,14,4663,1,4,3,-0.63,238
4873,136,14,4663,1,3,3,-0.63,238
4874,136,30,4664,3,2,3,0.63,160
4874,136,30,4664,3,4,3,0.63,160
4874,136,30,4664,3,3,3,0.63,160
4875,136,11,4665,3,2,3,-0.97,236
4875,136,11,4665,3,4,3,-0.97,236
4875,136,11,4665,3,3,3,-0.97,236
4876,136,7,4666,5,2,3,-0.82,122
4876,136,7,4666,5,4,3,-0.82,122
4876,136,7,4666,5,3,3,-0.82,122
4877,136,14,4667,1,2,3,0.46,79
4877,136,14,4667,1,4,3,0.46,79
4877,136,14,4667,1,3,3,0.46,79
4878,136,11,4668,2,2,3,-0.56,256
4878,136,11,4668,2,4,3,-0.56,256
4878,136,11,4668,2,3,3,-0.56,256
4879,136,7,4669,1,2,3,-0.53,137
4879,136,7,4669,1,4,3,-0.53,137
4879,136,7,4669,1,3,3,-0.53,137
4880,136,11,4670,5,2,3,-0.55,145
4880,136,11,4670,5,4,3,-0.55,145
4880,136,11,4670,5,3,3,-0.55,145
4881,136,11,4671,5,2,3,-0.68,120
4881,136,11,4671,5,4,3,-0.68,120
4881,136,11,4671,5,3,3,-0.68,120
4882,136,28,4672,1,2,3,0.71,190
4882,136,28,4672,1,4,3,0.71,190
4882,136,28,4672,1,3,3,0.71,190
4883,136,30,4673,2,2,3,0.88,237
4883,136,30,4673,2,4,3,0.88,237
4883,136,30,4673,2,3,3,0.88,237
4884,136,21,4674,3,2,3,0.64,261
4884,136,21,4674,3,4,3,0.64,261
4884,136,21,4674,3,3,3,0.64,261
4885,136,21,4675,3,2,3,0.42,154
4885,136,21,4675,3,4,3,0.42,154
4885,136,21,4675,3,3,3,0.42,154
4886,136,16,4676,2,2,3,0.0,157
4886,136,16,4676,2,4,3,0.0,157
4886,136,16,4676,2,3,3,0.0,157
4887,136,21,4677,5,2,3,-0.89,167
4887,136,21,4677,5,4,3,-0.89,167
4887,136,21,4677,5,3,3,-0.89,167
4888,136,16,4678,5,2,3,-0.74,240
4888,136,16,4678,5,4,3,-0.74,240
4888,136,16,4678,5,3,3,-0.74,240
4889,136,15,4679,3,2,3,-0.48,181
4889,136,15,4679,3,4,3,-0.48,181
4889,136,15,4679,3,3,3,-0.48,181
4890,136,16,4680,2,2,3,0.96,240
4890,136,16,4680,2,4,3,0.96,240
4890,136,16,4680,2,3,3,0.96,240
4891,136,17,4681,5,2,3,-0.5,181
4891,136,17,4681,5,4,3,-0.5,181
4891,136,17,4681,5,3,3,-0.5,181
4892,136,30,4682,5,2,3,-0.64,238
4892,136,30,4682,5,4,3,-0.64,238
4892,136,30,4682,5,3,3,-0.64,238
4893,136,11,4683,5,2,3,0.71,154
4893,136,11,4683,5,4,3,0.71,154
4893,136,11,4683,5,3,3,0.71,154
4894,136,10,4684,3,2,3,0.51,69
4894,136,10,4684,3,4,3,0.51,69
4894,136,10,4684,3,3,3,0.51,69
4895,136,11,4685,3,2,3,-0.6,306
4895,136,11,4685,3,4,3,-0.6,306
4895,136,11,4685,3,3,3,-0.6,306
4896,136,10,4686,3,2,3,0.6,87
4896,136,10,4686,3,4,3,0.6,87
4896,136,10,4686,3,3,3,0.6,87
4897,136,11,4687,3,2,3,0.0,332
4897,136,11,4687,3,4,3,0.0,332
4897,136,11,4687,3,3,3,0.0,332
4898,136,11,4688,3,2,3,-0.72,240
4898,136,11,4688,3,4,3,-0.72,240
4898,136,11,4688,3,3,3,-0.72,240
4899,136,7,4689,3,2,3,-0.44,239
4899,136,7,4689,3,4,3,-0.44,239
4899,136,7,4689,3,3,3,-0.44,239
4900,136,7,4690,3,2,3,-0.58,239
4900,136,7,4690,3,4,3,-0.58,239
4900,136,7,4690,3,3,3,-0.58,239
4901,136,12,4691,3,2,3,0.41,124
4901,136,12,4691,3,4,3,0.41,124
4901,136,12,4691,3,3,3,0.41,124
4902,136,10,4692,3,2,3,-0.8,279
4902,136,10,4692,3,4,3,-0.8,279
4902,136,10,4692,3,3,3,-0.8,279
4903,136,11,4693,6,2,3,-0.89,241
4903,136,11,4693,6,4,3,-0.89,241
4903,136,11,4693,6,3,3,-0.89,241
4904,136,7,4694,3,2,3,-0.54,233
4904,136,7,4694,3,4,3,-0.54,233
4904,136,7,4694,3,3,3,-0.54,233
4905,136,30,4695,5,2,3,-0.89,187
4905,136,30,4695,5,4,3,-0.89,187
4905,136,30,4695,5,3,3,-0.89,187
4906,136,12,4696,1,2,3,0.92,23
4906,136,12,4696,1,4,3,0.92,23
4906,136,12,4696,1,3,3,0.92,23
4907,136,10,4697,5,2,3,-0.97,125
4907,136,10,4697,5,4,3,-0.97,125
4907,136,10,4697,5,3,3,-0.97,125
4908,136,11,4698,2,2,3,0.44,93
4908,136,11,4698,2,4,3,0.44,93
4908,136,11,4698,2,3,3,0.44,93
4909,136,11,4699,5,2,3,-0.65,99
4909,136,11,4699,5,4,3,-0.65,99
4909,136,11,4699,5,3,3,-0.65,99
4910,136,11,4700,2,2,3,-0.84,53
4910,136,11,4700,2,4,3,-0.84,53
4910,136,11,4700,2,3,3,-0.84,53
4911,136,30,4701,1,2,3,-0.49,29
4911,136,30,4701,1,4,3,-0.49,29
4911,136,30,4701,1,3,3,-0.49,29
4912,136,10,4702,1,2,3,0.53,7
4912,136,10,4702,1,4,3,0.53,7
4912,136,10,4702,1,3,3,0.53,7
4913,136,6,4703,1,2,3,0.38,35
4913,136,6,4703,1,4,3,0.38,35
4913,136,6,4703,1,3,3,0.38,35
4914,137,13,4344,4,4,3,0.62,234
4914,137,13,4344,4,3,3,0.62,234
4915,137,11,4704,2,4,3,-0.82,264
4915,137,11,4704,2,3,3,-0.82,264
4916,137,11,4705,2,4,3,-0.48,232
4916,137,11,4705,2,3,3,-0.48,232
4917,137,9,4706,1,4,3,0.94,108
4917,137,9,4706,1,3,3,0.94,108
4918,137,7,4707,1,4,3,0.92,60
4918,137,7,4707,1,3,3,0.92,60
4919,137,5,4708,2,4,3,0.96,110
4919,137,5,4708,2,3,3,0.96,110
4920,137,9,4709,1,4,3,0.96,32
4920,137,9,4709,1,3,3,0.96,32
4921,137,6,4710,2,4,3,0.6,26
4921,137,6,4710,2,3,3,0.6,26
4922,137,9,4711,1,4,3,0.75,4
4922,137,9,4711,1,3,3,0.75,4
4923,137,6,4712,1,4,3,0.8,7
4923,137,6,4712,1,3,3,0.8,7
4924,137,9,4713,2,4,3,0.92,11
4924,137,9,4713,2,3,3,0.92,11
4925,137,6,4714,1,4,3,0.42,2
4925,137,6,4714,1,3,3,0.42,2
4926,137,6,4715,1,4,3,0.75,4
4926,137,6,4715,1,3,3,0.75,4
4927,137,30,4716,3,4,3,0.53,11
4927,137,30,4716,3,3,3,0.53,11
4928,137,6,4717,2,4,3,0.92,11
4928,137,6,4717,2,3,3,0.92,11
4929,137,21,4718,2,4,3,-0.82,86
4929,137,21,4718,2,3,3,-0.82,86
4930,137,17,4719,2,4,3,-0.82,137
4930,137,17,4719,2,3,3,-0.82,137
4931,137,20,4720,2,4,3,-0.52,90
4931,137,20,4720,2,3,3,-0.52,90
4932,137,21,4721,1,4,3,-0.75,64
4932,137,21,4721,1,3,3,-0.75,64
4933,137,10,4722,2,4,3,-0.84,118
4933,137,10,4722,2,3,3,-0.84,118
4934,137,11,4723,2,4,3,-0.42,56
4934,137,11,4723,2,3,3,-0.42,56
4935,137,6,4724,2,4,3,0.99,51
4935,137,6,4724,2,3,3,0.99,51
4936,137,7,4725,1,4,3,0.0,43
4936,137,7,4725,1,3,3,0.0,43
4937,137,9,4726,1,4,3,0.0,48
4937,137,9,4726,1,3,3,0.0,48
4938,137,9,4727,2,4,3,0.87,18
4938,137,9,4727,2,3,3,0.87,18
4939,137,9,4728,1,4,3,0.0,15
4939,137,9,4728,1,3,3,0.0,15
4940,137,30,4729,1,4,3,0.95,5
4940,137,30,4729,1,3,3,0.95,5
4941,137,10,4730,1,4,3,0.51,22
4941,137,10,4730,1,3,3,0.51,22
4942,137,6,4731,1,4,3,0.55,27
4942,137,6,4731,1,3,3,0.55,27
4943,137,11,4732,1,4,3,0.59,4
4943,137,11,4732,1,3,3,0.59,4
4944,137,6,4365,2,4,3,0.82,18
4944,137,6,4365,2,3,3,0.82,18
4945,137,11,4733,1,4,3,0.52,6
4945,137,11,4733,1,3,3,0.52,6
4946,137,7,4734,1,4,3,0.64,30
4946,137,7,4734,1,3,3,0.64,30
4947,138,11,4435,2,4,3,0.98,299
4947,138,11,4435,2,3,3,0.98,299
4948,138,12,4735,2,4,3,0.64,96
4948,138,12,4735,2,3,3,0.64,96
4949,138,15,4369,2,4,3,-0.45,21
4949,138,15,4369,2,3,3,-0.45,21
4950,138,9,4736,1,4,3,0.99,9
4950,138,9,4736,1,3,3,0.99,9
4951,138,9,4737,1,4,3,0.95,15
4951,138,9,4737,1,3,3,0.95,15
4952,138,7,4738,2,4,3,0.58,29
4952,138,7,4738,2,3,3,0.58,29
4953,138,9,4739,2,4,3,0.99,23
4953,138,9,4739,2,3,3,0.99,23
4954,138,9,4740,2,4,3,0.92,11
4954,138,9,4740,2,3,3,0.92,11
4955,138,30,4741,2,4,3,-0.95,77
4955,138,30,4741,2,3,3,-0.95,77
4956,138,11,4371,1,4,3,-0.71,155
4956,138,11,4371,1,3,3,-0.71,155
4957,138,9,4742,2,4,3,0.88,254
4957,138,9,4742,2,3,3,0.88,254
4958,138,7,4743,2,4,3,0.96,108
4958,138,7,4743,2,3,3,0.96,108
4959,138,10,4744,2,4,3,-0.91,113
4959,138,10,4744,2,3,3,-0.91,113
4960,138,30,4745,1,4,3,0.49,76
4960,138,30,4745,1,3,3,0.49,76
4961,138,6,4746,2,4,3,0.9,75
4961,138,6,4746,2,3,3,0.9,75
4962,138,7,4747,2,4,3,0.99,94
4962,138,7,4747,2,3,3,0.99,94
4963,138,5,4748,2,4,3,-0.83,48
4963,138,5,4748,2,3,3,-0.83,48
4964,138,7,4749,2,4,3,0.96,29
4964,138,7,4749,2,3,3,0.96,29
4965,138,11,4750,1,4,3,0.0,32
4965,138,11,4750,1,3,3,0.0,32
4966,138,8,4751,2,4,3,0.92,11
4966,138,8,4751,2,3,3,0.92,11
4967,138,7,4752,1,4,3,0.8,7
4967,138,7,4752,1,3,3,0.8,7
4968,139,30,4753,2,4,3,-0.96,201
4968,139,30,4753,2,3,3,-0.96,201
4969,139,10,4754,2,4,3,0.8,78
4969,139,10,4754,2,3,3,0.8,78
4970,139,19,4755,1,4,3,0.42,21
4970,139,19,4755,1,3,3,0.42,21
4971,139,5,4756,3,4,3,0.77,18
4971,139,5,4756,3,3,3,0.77,18
4972,139,7,4757,2,4,3,0.43,14
4972,139,7,4757,2,3,3,0.43,14
4973,139,20,4758,1,4,3,0.7,138
4973,139,20,4758,1,3,3,0.7,138
4974,139,17,4759,3,4,3,0.75,183
4974,139,17,4759,3,3,3,0.75,183
4975,139,10,4760,2,4,3,-0.58,240
4975,139,10,4760,2,3,3,-0.58,240
4976,139,10,4761,3,4,3,0.57,238
4976,139,10,4761,3,3,3,0.57,238
4977,139,11,4762,2,4,3,0.45,328
4977,139,11,4762,2,3,3,0.45,328
4978,139,30,4763,2,4,3,-0.52,51
4978,139,30,4763,2,3,3,-0.52,51
4979,139,4,4764,3,4,3,0.92,63
4979,139,4,4764,3,3,3,0.92,63
4980,139,9,4742,3,4,3,0.94,135
4980,139,9,4742,3,3,3,0.94,135
4981,139,7,4765,2,4,3,-0.77,197
4981,139,7,4765,2,3,3,-0.77,197
4982,139,10,4766,3,4,3,-0.43,44
4982,139,10,4766,3,3,3,-0.43,44
4983,139,10,4767,2,4,3,0.96,48
4983,139,10,4767,2,3,3,0.96,48
4984,139,30,4768,1,4,3,0.54,30
4984,139,30,4768,1,3,3,0.54,30
4985,139,30,4769,1,4,3,-0.96,40
4985,139,30,4769,1,3,3,-0.96,40
4986,139,6,4770,1,4,3,0.96,45
4986,139,6,4770,1,3,3,0.96,45
4987,139,7,4771,1,4,3,0.0,18
4987,139,7,4771,1,3,3,0.0,18
4988,139,11,4772,1,4,3,0.52,6
4988,139,11,4772,1,3,3,0.52,6
4989,139,5,4773,3,4,3,0.93,15
4989,139,5,4773,3,3,3,0.93,15
4990,139,9,4774,1,4,3,0.44,10
4990,139,9,4774,1,3,3,0.44,10
4991,139,6,4775,1,4,3,0.49,33
4991,139,6,4775,1,3,3,0.49,33
4992,139,24,4776,3,4,3,0.72,282
4992,139,24,4776,3,3,3,0.72,282
4993,140,30,4777,4,4,3,-0.53,102
4993,140,30,4777,4,3,3,-0.53,102
4994,140,10,4778,1,4,3,-0.85,239
4994,140,10,4778,1,3,3,-0.85,239
4995,140,8,4779,2,4,3,0.95,26
4995,140,8,4779,2,3,3,0.95,26
4996,140,30,4780,2,4,3,-0.93,23
4996,140,30,4780,2,3,3,-0.93,23
4997,140,7,2894,2,4,3,-0.37,26
4997,140,7,2894,2,3,3,-0.37,26
4998,140,11,4781,1,4,3,0.89,38
4998,140,11,4781,1,3,3,0.89,38
4999,140,10,4782,1,4,3,-0.5,32
4999,140,10,4782,1,3,3,-0.5,32
5000,140,6,4783,1,4,3,0.36,5
5000,140,6,4783,1,3,3,0.36,5
5001,140,11,4784,2,4,3,0.66,16
5001,140,11,4784,2,3,3,0.66,16
5002,140,11,4785,2,4,3,-0.45,11
5002,140,11,4785,2,3,3,-0.45,11
5003,140,8,4786,1,4,3,-0.4,3
5003,140,8,4786,1,3,3,-0.4,3
5004,140,6,4787,1,4,3,0.0,17
5004,140,6,4787,1,3,3,0.0,17
5005,140,11,4788,2,4,3,0.55,16
5005,140,11,4788,2,3,3,0.55,16
5006,140,9,4789,1,4,3,0.92,5
5006,140,9,4789,1,3,3,0.92,5
5007,140,5,4790,1,4,3,0.86,5
5007,140,5,4790,1,3,3,0.86,5
5008,140,24,4791,2,4,3,-0.91,236
5008,140,24,4791,2,3,3,-0.91,236
5009,140,19,4792,2,4,3,-0.79,28
5009,140,19,4792,2,3,3,-0.79,28
5010,140,19,4793,1,4,3,-0.4,28
5010,140,19,4793,1,3,3,-0.4,28
5011,140,10,4794,5,4,3,-0.49,164
5011,140,10,4794,5,3,3,-0.49,164
5012,140,10,4466,7,4,3,-0.95,220
5012,140,10,4466,7,3,3,-0.95,220
5013,140,14,4543,3,4,3,-0.65,34
5013,140,14,4543,3,3,3,-0.65,34
5014,140,10,4108,1,4,3,-0.6,111
5014,140,10,4108,1,3,3,-0.6,111
5015,140,10,4795,2,4,3,0.87,55
5015,140,10,4795,2,3,3,0.87,55
5016,140,10,4796,1,4,3,-0.62,122
5016,140,10,4796,1,3,3,-0.62,122
5017,140,6,4797,2,4,3,0.96,56
5017,140,6,4797,2,3,3,0.96,56
5018,140,19,4798,1,4,3,0.5,12
5018,140,19,4798,1,3,3,0.5,12
5019,140,8,4799,2,4,3,0.96,33
5019,140,8,4799,2,3,3,0.96,33
5020,140,11,4800,1,4,3,0.0,36
5020,140,11,4800,1,3,3,0.0,36
5021,140,30,4600,1,4,3,0.41,16
5021,140,30,4600,1,3,3,0.41,16
5022,140,11,4801,1,4,3,0.86,14
5022,140,11,4801,1,3,3,0.86,14
5023,140,7,3160,1,4,3,0.52,4
5023,140,7,3160,1,3,3,0.52,4
5024,140,11,4802,2,4,3,0.92,11
5024,140,11,4802,2,3,3,0.92,11
5025,140,8,4803,2,4,3,0.85,18
5025,140,8,4803,2,3,3,0.85,18
5026,140,11,4804,1,4,3,0.42,1
5026,140,11,4804,1,3,3,0.42,1
5027,140,9,4805,1,4,3,0.97,9
5027,140,9,4805,1,3,3,0.97,9
5028,140,7,4806,1,4,3,-0.49,10
5028,140,7,4806,1,3,3,-0.49,10
5029,140,6,4807,1,4,3,0.96,18
5029,140,6,4807,1,3,3,0.96,18
5030,141,19,4808,2,4,3,-0.8,236
5030,141,19,4808,2,3,3,-0.8,236
5031,141,18,4809,2,4,3,0.48,78
5031,141,18,4809,2,3,3,0.48,78
5032,141,11,4810,2,4,3,-0.46,157
5032,141,11,4810,2,3,3,-0.46,157
5033,141,30,4811,2,4,3,-0.39,130
5033,141,30,4811,2,3,3,-0.39,130
5034,141,30,4812,3,4,3,-0.53,234
5034,141,30,4812,3,3,3,-0.53,234
5035,141,30,4780,2,4,3,-0.94,46
5035,141,30,4780,2,3,3,-0.94,46
5036,141,7,4813,1,4,3,0.0,80
5036,141,7,4813,1,3,3,0.0,80
5037,141,7,4814,5,4,3,0.69,79
5037,141,7,4814,5,3,3,0.69,79
5038,141,7,4346,1,4,3,-0.63,51
5038,141,7,4346,1,3,3,-0.63,51
5039,141,10,4815,2,4,3,-0.51,61
5039,141,10,4815,2,3,3,-0.51,61
5040,141,11,4816,1,4,3,0.94,47
5040,141,11,4816,1,3,3,0.94,47
5041,141,9,4817,2,4,3,0.0,31
5041,141,9,4817,2,3,3,0.0,31
5042,141,8,4818,1,4,3,0.0,41
5042,141,8,4818,1,3,3,0.0,41
5043,141,8,4819,2,4,3,0.55,85
5043,141,8,4819,2,3,3,0.55,85
5044,141,8,4820,2,4,3,-0.8,48
5044,141,8,4820,2,3,3,-0.8,48
5045,141,11,4821,5,4,3,0.57,56
5045,141,11,4821,5,3,3,0.57,56
5046,141,6,4822,1,4,3,-0.59,32
5046,141,6,4822,1,3,3,-0.59,32
5047,141,7,4823,2,4,3,0.99,30
5047,141,7,4823,2,3,3,0.99,30
5048,141,9,4824,1,4,3,0.91,19
5048,141,9,4824,1,3,3,0.91,19
5049,141,9,4825,2,4,3,0.97,18
5049,141,9,4825,2,3,3,0.97,18
5050,141,6,4826,1,4,3,-0.45,17
5050,141,6,4826,1,3,3,-0.45,17
5051,141,30,4827,1,4,3,0.91,3
5051,141,30,4827,1,3,3,0.91,3
5052,141,11,4828,1,4,3,-0.4,3
5052,141,11,4828,1,3,3,-0.4,3
5053,141,6,4731,1,4,3,0.75,4
5053,141,6,4731,1,3,3,0.75,4
5054,141,10,4829,1,4,3,0.5,19
5054,141,10,4829,1,3,3,0.5,19
5055,141,8,4830,2,4,3,-0.45,11
5055,141,8,4830,2,3,3,-0.45,11
5056,141,6,4831,1,4,3,0.89,9
5056,141,6,4831,1,3,3,0.89,9
5057,141,8,4832,1,4,3,0.37,12
5057,141,8,4832,1,3,3,0.37,12
5058,141,7,4833,1,4,3,0.55,11
5058,141,7,4833,1,3,3,0.55,11
5059,141,9,3454,2,4,3,-0.52,12
5059,141,9,3454,2,3,3,-0.52,12
5060,141,9,4834,2,4,3,-0.48,13
5060,141,9,4834,2,3,3,-0.48,13
5061,141,9,4835,1,4,3,-0.5,14
5061,141,9,4835,1,3,3,-0.5,14
5062,141,30,4836,1,4,3,0.42,30
5062,141,30,4836,1,3,3,0.42,30
5063,141,16,4837,2,4,3,-0.73,298
5063,141,16,4837,2,3,3,-0.73,298
5064,141,15,4838,2,4,3,0.61,146
5064,141,15,4838,2,3,3,0.61,146
5065,141,12,4839,1,4,3,0.49,136
5065,141,12,4839,1,3,3,0.49,136
5066,141,11,4840,2,4,3,-0.63,99
5066,141,11,4840,2,3,3,-0.63,99
5067,141,14,4841,2,4,3,0.42,41
5067,141,14,4841,2,3,3,0.42,41
5068,141,30,4842,2,4,3,-0.45,92
5068,141,30,4842,2,3,3,-0.45,92
5069,141,30,4843,2,4,3,-0.63,214
5069,141,30,4843,2,3,3,-0.63,214
5070,141,11,4844,1,4,3,-0.79,238
5070,141,11,4844,1,3,3,-0.79,238
5071,141,30,4845,4,4,3,-0.5,125
5071,141,30,4845,4,3,3,-0.5,125
5072,141,10,4846,1,4,3,0.0,102
5072,141,10,4846,1,3,3,0.0,102
5073,141,9,4847,2,4,3,-0.62,171
5073,141,9,4847,2,3,3,-0.62,171
5074,141,30,4848,1,4,3,-0.66,72
5074,141,30,4848,1,3,3,-0.66,72
5075,141,30,4849,1,4,3,-0.52,81
5075,141,30,4849,1,3,3,-0.52,81
5076,141,7,4850,1,4,3,-0.82,307
5076,141,7,4850,1,3,3,-0.82,307
5077,141,11,4851,2,4,3,-0.6,157
5077,141,11,4851,2,3,3,-0.6,157
5078,141,11,4852,2,4,3,-0.93,179
5078,141,11,4852,2,3,3,-0.93,179
5079,141,9,4853,2,4,3,0.49,70
5079,141,9,4853,2,3,3,0.49,70
5080,141,30,4854,1,4,3,0.0,69
5080,141,30,4854,1,3,3,0.0,69
5081,141,7,4855,2,4,3,0.93,66
5081,141,7,4855,2,3,3,0.93,66
5082,141,10,4856,3,4,3,0.78,65
5082,141,10,4856,3,3,3,0.78,65
5083,141,9,4857,2,4,3,-0.67,44
5083,141,9,4857,2,3,3,-0.67,44
5084,141,30,4858,1,4,3,-0.93,14
5084,141,30,4858,1,3,3,-0.93,14
5085,141,11,4859,1,4,3,0.43,40
5085,141,11,4859,1,3,3,0.43,40
5086,141,30,4860,1,4,3,0.0,18
5086,141,30,4860,1,3,3,0.0,18
5087,141,5,4861,1,4,3,0.0,25
5087,141,5,4861,1,3,3,0.0,25
5088,141,10,4862,2,4,3,0.92,11
5088,141,10,4862,2,3,3,0.92,11
5089,141,10,4863,1,4,3,0.54,5
5089,141,10,4863,1,3,3,0.54,5
5090,141,9,4864,2,4,3,0.57,14
5090,141,9,4864,2,3,3,0.57,14
5091,141,10,4865,1,4,3,0.54,21
5091,141,10,4865,1,3,3,0.54,21
5092,141,9,4866,1,4,3,0.96,9
5092,141,9,4866,1,3,3,0.96,9
5093,141,10,4867,1,4,3,0.75,14
5093,141,10,4867,1,3,3,0.75,14
5094,141,9,4868,1,4,3,0.47,10
5094,141,9,4868,1,3,3,0.47,10
5095,141,10,4869,2,4,3,0.57,15
5095,141,10,4869,2,3,3,0.57,15
5096,141,6,4870,1,4,3,-0.49,10
5096,141,6,4870,1,3,3,-0.49,10
5097,141,6,4871,1,4,3,0.51,17
5097,141,6,4871,1,3,3,0.51,17
5098,142,16,4872,2,4,3,-0.77,110
5098,142,16,4872,2,3,3,-0.77,110
5099,142,12,4873,2,4,3,-0.93,296
5099,142,12,4873,2,3,3,-0.93,296
5100,142,30,4874,2,4,3,-0.43,189
5100,142,30,4874,2,3,3,-0.43,189
5101,142,9,4875,2,4,3,-0.85,188
5101,142,9,4875,2,3,3,-0.85,188
5102,142,9,4876,2,4,3,0.0,130
5102,142,9,4876,2,3,3,0.0,130
5103,142,10,4877,2,4,3,-0.43,197
5103,142,10,4877,2,3,3,-0.43,197
5104,142,8,4878,2,4,3,0.9,147
5104,142,8,4878,2,3,3,0.9,147
5105,142,11,4879,1,4,3,0.0,66
5105,142,11,4879,1,3,3,0.0,66
5106,142,9,4880,2,4,3,0.63,39
5106,142,9,4880,2,3,3,0.63,39
5107,142,7,4881,2,4,3,0.56,31
5107,142,7,4881,2,3,3,0.56,31
5108,142,30,4827,1,4,3,0.85,8
5108,142,30,4827,1,3,3,0.85,8
5109,142,11,4882,2,4,3,0.73,41
5109,142,11,4882,2,3,3,0.73,41
5110,142,30,4883,2,4,3,0.95,11
5110,142,30,4883,2,3,3,0.95,11
5111,142,7,4884,1,4,3,0.92,22
5111,142,7,4884,1,3,3,0.92,22
5112,142,7,4381,1,4,3,0.74,25
5112,142,7,4381,1,3,3,0.74,25
5113,142,7,4885,1,4,3,0.4,6
5113,142,7,4885,1,3,3,0.4,6
5114,142,7,4604,2,4,3,0.92,11
5114,142,7,4604,2,3,3,0.92,11
5115,142,7,4886,2,4,3,0.57,15
5115,142,7,4886,2,3,3,0.57,15
5116,142,6,4887,2,4,3,0.92,11
5116,142,6,4887,2,3,3,0.92,11
5117,142,18,4566,2,4,3,-0.91,245
5117,142,18,4566,2,3,3,-0.91,245
5118,142,11,4371,2,4,3,-0.76,188
5118,142,11,4371,2,3,3,-0.76,188
5119,142,30,4888,2,4,3,-0.62,125
5119,142,30,4888,2,3,3,-0.62,125
5120,142,30,4889,2,4,3,0.75,82
5120,142,30,4889,2,3,3,0.75,82
5121,142,11,4890,2,4,3,0.5,56
5121,142,11,4890,2,3,3,0.5,56
5122,142,8,4891,3,4,3,0.62,104
5122,142,8,4891,3,3,3,0.62,104
5123,142,12,4892,2,4,3,0.92,11
5123,142,12,4892,2,3,3,0.92,11
5124,142,7,4771,1,4,3,-0.49,35
5124,142,7,4771,1,3,3,-0.49,35
5125,142,6,4893,2,4,3,0.95,12
5125,142,6,4893,2,3,3,0.95,12
5126,142,7,4894,1,4,3,0.75,5
5126,142,7,4894,1,3,3,0.75,5
5127,142,30,4895,2,4,3,0.73,14
5127,142,30,4895,2,3,3,0.73,14
5128,142,6,4896,1,4,3,0.53,8
5128,142,6,4896,1,3,3,0.53,8
5129,142,9,4897,1,4,3,0.42,6
5129,142,9,4897,1,3,3,0.42,6
5130,143,17,4898,2,4,3,-0.59,301
5130,143,17,4898,2,3,3,-0.59,301
5131,143,14,4899,4,4,3,-0.69,239
5131,143,14,4899,4,3,3,-0.69,239
5132,143,19,4900,2,4,3,0.83,32
5132,143,19,4900,2,3,3,0.83,32
5133,143,13,4901,2,4,3,-0.96,70
5133,143,13,4901,2,3,3,-0.96,70
5134,143,19,4902,5,4,3,0.98,238
5134,143,19,4902,5,3,3,0.98,238
5135,143,13,4903,4,4,3,-0.64,161
5135,143,13,4903,4,3,3,-0.64,161
5136,144,19,4904,3,4,3,-0.98,184
5136,144,19,4904,3,3,3,-0.98,184
5137,144,21,4557,1,4,3,-0.62,93
5137,144,21,4557,1,3,3,-0.62,93
5138,144,13,4905,2,4,3,0.0,29
5138,144,13,4905,2,3,3,0.0,29
5139,144,20,4906,2,4,3,-0.94,313
5139,144,20,4906,2,3,3,-0.94,313
5140,144,14,4907,2,4,3,-0.45,11
5140,144,14,4907,2,3,3,-0.45,11
5141,145,6,4908,5,4,3,-0.63,184
5141,145,6,4908,5,3,3,-0.63,184
5142,145,11,4909,2,4,3,-0.46,36
5142,145,11,4909,2,3,3,-0.46,36
5143,145,30,3989,1,4,3,0.99,9
5143,145,30,3989,1,3,3,0.99,9
5144,145,10,4910,1,4,3,0.0,45
5144,145,10,4910,1,3,3,0.0,45
5145,145,7,4911,1,4,3,0.57,33
5145,145,7,4911,1,3,3,0.57,33
5146,145,7,4522,2,4,3,0.9,40
5146,145,7,4522,2,3,3,0.9,40
5147,145,6,4912,1,4,3,-0.65,24
5147,145,6,4912,1,3,3,-0.65,24
5148,145,7,2894,1,4,3,-0.91,35
5148,145,7,2894,1,3,3,-0.91,35
5149,145,6,4913,1,4,3,0.75,4
5149,145,6,4913,1,3,3,0.75,4
5150,145,8,4914,2,4,3,0.37,11
5150,145,8,4914,2,3,3,0.37,11
5151,145,5,4915,1,4,3,0.62,6
5151,145,5,4915,1,3,3,0.62,6
5152,145,9,4916,1,4,3,0.51,4
5152,145,9,4916,1,3,3,0.51,4
5153,145,30,4917,1,4,3,-0.7,11
5153,145,30,4917,1,3,3,-0.7,11
5154,145,21,4918,2,4,3,0.39,43
5154,145,21,4918,2,3,3,0.39,43
5155,145,30,4919,5,4,3,-0.53,158
5155,145,30,4919,5,3,3,-0.53,158
5156,145,9,3614,2,4,3,0.97,117
5156,145,9,3614,2,3,3,0.97,117
5157,145,30,4920,2,4,3,-0.85,90
5157,145,30,4920,2,3,3,-0.85,90
5158,145,17,4921,2,4,3,0.57,15
5158,145,17,4921,2,3,3,0.57,15
5159,145,7,4922,2,4,3,0.5,80
5159,145,7,4922,2,3,3,0.5,80
5160,145,11,4923,1,4,3,0.98,46
5160,145,11,4923,1,3,3,0.98,46
5161,145,8,4891,2,4,3,-0.72,85
5161,145,8,4891,2,3,3,-0.72,85
5162,145,11,4924,4,4,3,0.44,17
5162,145,11,4924,4,3,3,0.44,17
5163,145,9,4727,1,4,3,0.39,36
5163,145,9,4727,1,3,3,0.39,36
5164,145,8,4925,1,4,3,0.55,35
5164,145,8,4925,1,3,3,0.55,35
5165,145,6,2898,1,4,3,0.47,4
5165,145,6,2898,1,3,3,0.47,4
5166,145,7,4926,1,4,3,0.95,12
5166,145,7,4926,1,3,3,0.95,12
5167,145,6,4927,1,4,3,0.69,24
5167,145,6,4927,1,3,3,0.69,24
5168,145,6,4928,1,4,3,0.6,19
5168,145,6,4928,1,3,3,0.6,19
5169,145,8,4929,2,4,3,0.54,17
5169,145,8,4929,2,3,3,0.54,17
5170,145,6,4930,1,4,3,0.41,8
5170,145,6,4930,1,3,3,0.41,8
5171,145,7,4931,1,4,3,0.62,5
5171,145,7,4931,1,3,3,0.62,5
5172,145,7,4604,1,4,3,-0.7,7
5172,145,7,4604,1,3,3,-0.7,7
5173,145,8,4932,1,4,3,0.5,7
5173,145,8,4932,1,3,3,0.5,7
5174,145,5,4933,1,4,3,-0.49,10
5174,145,5,4933,1,3,3,-0.49,10
5175,146,10,4934,2,4,3,-0.57,21
5175,146,10,4934,2,3,3,-0.57,21
5176,146,30,4935,2,4,3,-0.46,61
5176,146,30,4935,2,3,3,-0.46,61
5177,147,18,4936,2,4,3,-0.63,108
5177,147,18,4936,2,3,3,-0.63,108
5178,147,9,4937,2,4,3,-0.98,108
5178,147,9,4937,2,3,3,-0.98,108
5179,147,11,4879,2,4,3,-0.96,104
5179,147,11,4879,2,3,3,-0.96,104
5180,147,9,4938,1,4,3,0.0,84
5180,147,9,4938,1,3,3,0.0,84
5181,147,30,4939,6,4,3,-0.49,60
5181,147,30,4939,6,3,3,-0.49,60
5182,147,8,4940,2,4,3,0.68,54
5182,147,8,4940,2,3,3,0.68,54
5183,147,9,4897,1,4,3,0.98,17
5183,147,9,4897,1,3,3,0.98,17
5184,147,5,4452,5,4,3,0.48,10
5184,147,5,4452,5,3,3,0.48,10
5185,147,30,4941,2,4,3,0.78,65
5185,147,30,4941,2,3,3,0.78,65
5186,147,19,4942,1,4,3,-0.43,333
5186,147,19,4942,1,3,3,-0.43,333
5187,147,20,4943,2,4,3,-0.91,235
5187,147,20,4943,2,3,3,-0.91,235
5188,147,30,4944,4,4,3,-0.58,239
5188,147,30,4944,4,3,3,-0.58,239
5189,147,14,4945,1,4,3,-0.39,36
5189,147,14,4945,1,3,3,-0.39,36
5190,147,7,4946,1,4,3,-0.44,42
5190,147,7,4946,1,3,3,-0.44,42
5191,148,30,4947,2,5,3,-0.54,109
5191,148,30,4947,2,3,3,-0.54,109
5192,148,11,4948,2,5,3,-0.83,179
5192,148,11,4948,2,3,3,-0.83,179
5193,148,7,4949,2,5,3,0.72,125
5193,148,7,4949,2,3,3,0.72,125
5194,148,6,4950,2,5,3,0.93,63
5194,148,6,4950,2,3,3,0.93,63
5195,148,10,4951,2,5,3,0.97,54
5195,148,10,4951,2,3,3,0.97,54
5196,148,5,4952,1,5,3,0.8,25
5196,148,5,4952,1,3,3,0.8,25
5197,148,7,4896,1,5,3,0.96,4
5197,148,7,4896,1,3,3,0.96,4
5198,148,7,4953,1,5,3,0.65,19
5198,148,7,4953,1,3,3,0.65,19
5199,148,30,3478,2,5,3,-0.74,168
5199,148,30,3478,2,3,3,-0.74,168
5200,148,11,4954,2,5,3,-0.84,21
5200,148,11,4954,2,3,3,-0.84,21
5201,148,9,4897,1,5,3,0.97,9
5201,148,9,4897,1,3,3,0.97,9
5202,148,9,4955,1,5,3,-0.41,4
5202,148,9,4955,1,3,3,-0.41,4
5203,148,9,4956,1,5,3,0.52,4
5203,148,9,4956,1,3,3,0.52,4
5204,148,10,4957,1,5,3,0.8,7
5204,148,10,4957,1,3,3,0.8,7
5205,148,9,4958,2,5,3,0.63,18
5205,148,9,4958,2,3,3,0.63,18
5206,148,7,4959,1,5,3,0.62,7
5206,148,7,4959,1,3,3,0.62,7
5207,149,10,4645,1,5,3,0.5,23
5207,149,10,4645,1,3,3,0.5,23
5208,152,18,4960,6,5,3,0.8,237
5208,152,18,4960,6,3,3,0.8,237
5209,152,21,4961,2,5,3,-0.61,210
5209,152,21,4961,2,3,3,-0.61,210
5210,152,13,4962,2,5,3,0.96,18
5210,152,13,4962,2,3,3,0.96,18
5211,152,12,4963,2,5,3,0.5,12
5211,152,12,4963,2,3,3,0.5,12
5212,154,17,4964,2,5,3,-0.77,94
5212,154,17,4964,2,3,3,-0.77,94
5213,154,17,4965,1,5,3,0.83,85
5213,154,17,4965,1,3,3,0.83,85
5214,155,20,4966,2,5,3,-0.8,51
5214,155,20,4966,2,3,3,-0.8,51
5215,155,20,4967,2,5,3,0.66,16
5215,155,20,4967,2,3,3,0.66,16
5216,157,18,4968,1,5,3,-0.67,237
5216,157,18,4968,1,4,3,-0.67,237
5217,157,30,4969,2,5,3,-0.97,286
5217,157,30,4969,2,4,3,-0.97,286
5218,157,30,4970,2,5,3,-0.96,238
5218,157,30,4970,2,4,3,-0.96,238
5219,157,10,72,2,5,3,-0.47,40
5219,157,10,72,2,4,3,-0.47,40
5220,157,11,4971,1,5,3,0.73,47
5220,157,11,4971,1,4,3,0.73,47
5221,157,10,4972,1,5,3,-0.45,83
5221,157,10,4972,1,4,3,-0.45,83
5222,157,7,4973,2,5,3,-0.68,70
5222,157,7,4973,2,4,3,-0.68,70
5223,157,10,4974,3,5,3,-0.58,55
5223,157,10,4974,3,4,3,-0.58,55
5224,157,5,4975,6,5,3,-0.42,59
5224,157,5,4975,6,4,3,-0.42,59
5225,157,9,57,1,5,3,-0.53,83
5225,157,9,57,1,4,3,-0.53,83
5226,157,8,4976,2,5,3,0.93,33
5226,157,8,4976,2,4,3,0.93,33
5227,157,6,4977,2,5,3,0.48,27
5227,157,6,4977,2,4,3,0.48,27
5228,157,10,4978,1,5,3,0.6,22
5228,157,10,4978,1,4,3,0.6,22
5229,157,11,4979,2,5,3,0.92,11
5229,157,11,4979,2,4,3,0.92,11
5230,157,8,4980,1,5,3,0.0,17
5230,157,8,4980,1,4,3,0.0,17
5231,157,9,4981,1,5,3,0.75,4
5231,157,9,4981,1,4,3,0.75,4
5232,157,7,4982,1,5,3,0.95,5
5232,157,7,4982,1,4,3,0.95,5
5233,157,7,4983,1,5,3,0.94,13
5233,157,7,4983,1,4,3,0.94,13
5234,157,5,646,1,5,3,0.53,22
5234,157,5,646,1,4,3,0.53,22
5235,157,9,57,2,5,3,0.45,27
5235,157,9,57,2,4,3,0.45,27
5236,157,17,4984,2,5,3,0.0,238
5236,157,17,4984,2,4,3,0.0,238
5237,157,16,4985,1,5,3,-0.48,221
5237,157,16,4985,1,4,3,-0.48,221
5238,157,17,4986,1,5,3,-0.49,205
5238,157,17,4986,1,4,3,-0.49,205
5239,157,19,4987,2,5,3,0.6,117
5239,157,19,4987,2,4,3,0.6,117
5240,157,19,4988,1,5,3,0.0,29
5240,157,19,4988,1,4,3,0.0,29
5241,157,19,4989,2,5,3,-0.59,72
5241,157,19,4989,2,4,3,-0.59,72
5242,157,16,4990,2,5,3,-0.96,103
5242,157,16,4990,2,4,3,-0.96,103
5243,157,17,4991,2,5,3,0.95,50
5243,157,17,4991,2,4,3,0.95,50
5244,157,12,4992,2,5,3,-0.76,269
5244,157,12,4992,2,4,3,-0.76,269
5245,157,9,4993,2,5,3,-0.69,117
5245,157,9,4993,2,4,3,-0.69,117
5246,157,17,4994,1,5,3,-0.96,26
5246,157,17,4994,1,4,3,-0.96,26
5247,157,19,4995,2,5,3,0.57,15
5247,157,19,4995,2,4,3,0.57,15
5248,157,10,3960,2,5,3,-0.39,208
5248,157,10,3960,2,4,3,-0.39,208
5249,157,10,4996,1,5,3,0.61,113
5249,157,10,4996,1,4,3,0.61,113
5250,157,10,4997,1,5,3,-0.96,31
5250,157,10,4997,1,4,3,-0.96,31
5251,157,8,4998,1,5,3,0.92,77
5251,157,8,4998,1,4,3,0.92,77
5252,157,7,4999,1,5,3,-0.51,125
5252,157,7,4999,1,4,3,-0.51,125
5253,157,30,5000,1,5,3,0.0,35
5253,157,30,5000,1,4,3,0.0,35
5254,157,8,5001,4,5,3,-0.44,73
5254,157,8,5001,4,4,3,-0.44,73
5255,157,4,5002,2,5,3,-0.87,42
5255,157,4,5002,2,4,3,-0.87,42
5256,157,7,5003,1,5,3,0.95,30
5256,157,7,5003,1,4,3,0.95,30
5257,157,7,5004,1,5,3,0.88,11
5257,157,7,5004,1,4,3,0.88,11
5258,157,2,5005,1,5,3,-0.65,34
5258,157,2,5005,1,4,3,-0.65,34
5259,157,10,5006,2,5,3,0.64,16
5259,157,10,5006,2,4,3,0.64,16
5260,157,8,5007,2,5,3,0.73,48
5260,157,8,5007,2,4,3,0.73,48
5261,157,10,5008,1,5,3,0.58,6
5261,157,10,5008,1,4,3,0.58,6
5262,159,14,3092,6,5,3,-0.85,154
5262,159,14,3092,6,4,3,-0.85,154
5263,159,18,5009,2,5,3,0.52,19
5263,159,18,5009,2,4,3,0.52,19
5264,159,19,5010,1,5,3,0.0,13
5264,159,19,5010,1,4,3,0.0,13
5265,159,9,69,2,5,3,0.96,50
5265,159,9,69,2,4,3,0.96,50
5266,159,30,981,2,5,3,0.95,11
5266,159,30,981,2,4,3,0.95,11
5267,159,15,5011,5,5,3,-0.8,102
5267,159,15,5011,5,4,3,-0.8,102
5268,159,30,4085,3,5,3,-0.97,237
5268,159,30,4085,3,4,3,-0.97,237
5269,159,18,5012,1,5,3,-0.77,70
5269,159,18,5012,1,4,3,-0.77,70
5270,159,13,5013,2,5,3,-0.53,79
5270,159,13,5013,2,4,3,-0.53,79
5271,159,18,5014,2,5,3,0.67,21
5271,159,18,5014,2,4,3,0.67,21
5272,159,16,5015,1,5,3,0.0,31
5272,159,16,5015,1,4,3,0.0,31
5273,159,30,5016,1,5,3,0.53,26
5273,159,30,5016,1,4,3,0.53,26
5274,159,11,5017,3,5,3,0.0,33
5274,159,11,5017,3,4,3,0.0,33
5275,159,30,5018,2,5,3,0.95,11
5275,159,30,5018,2,4,3,0.95,11
5276,159,10,5019,1,5,3,0.97,9
5276,159,10,5019,1,4,3,0.97,9
5277,159,8,5020,2,5,3,0.92,11
5277,159,8,5020,2,4,3,0.92,11
5278,159,10,5021,1,5,3,0.73,23
5278,159,10,5021,1,4,3,0.73,23
5279,159,10,5022,1,5,3,0.96,4
5279,159,10,5022,1,4,3,0.96,4
5280,159,30,5023,1,5,3,-0.6,87
5280,159,30,5023,1,4,3,-0.6,87
5281,160,11,5024,3,5,3,-0.83,232
5281,160,11,5024,3,4,3,-0.83,232
5282,160,30,5025,2,5,3,0.94,57
5282,160,30,5025,2,4,3,0.94,57
5283,160,5,5026,1,5,3,0.45,18
5283,160,5,5026,1,4,3,0.45,18
5284,160,9,5027,6,5,3,-0.58,24
5284,160,9,5027,6,4,3,-0.58,24
5285,160,30,5028,1,5,3,0.4,17
5285,160,30,5028,1,4,3,0.4,17
5286,160,30,5029,2,5,3,-0.45,164
5286,160,30,5029,2,4,3,-0.45,164
5287,160,11,5030,3,5,3,-0.53,144
5287,160,11,5030,3,4,3,-0.53,144
5288,160,12,4766,1,5,3,0.73,76
5288,160,12,4766,1,4,3,0.73,76
5289,160,30,5031,1,5,3,-0.8,128
5289,160,30,5031,1,4,3,-0.8,128
5290,160,11,1045,3,5,3,0.74,95
5290,160,11,1045,3,4,3,0.74,95
5291,160,30,4999,2,5,3,0.61,55
5291,160,30,4999,2,4,3,0.61,55
5292,160,8,5032,5,5,3,0.0,136
5292,160,8,5032,5,4,3,0.0,136
5293,160,6,5033,1,5,3,-0.59,46
5293,160,6,5033,1,4,3,-0.59,46
5294,160,11,5034,2,5,3,0.51,20
5294,160,11,5034,2,4,3,0.51,20
5295,160,8,5035,1,5,3,-0.91,12
5295,160,8,5035,1,4,3,-0.91,12
5296,160,11,5036,1,5,3,0.96,4
5296,160,11,5036,1,4,3,0.96,4
5297,160,6,5037,1,5,3,0.59,8
5297,160,6,5037,1,4,3,0.59,8
5298,160,7,5038,2,5,3,0.57,15
5298,160,7,5038,2,4,3,0.57,15
5299,160,11,5039,1,5,3,0.66,21
5299,160,11,5039,1,4,3,0.66,21
5300,161,19,5040,3,5,3,-0.99,193
5300,161,19,5040,3,4,3,-0.99,193
5301,161,30,5041,3,5,3,-0.4,239
5301,161,30,5041,3,4,3,-0.4,239
5302,161,14,5042,6,5,3,0.0,115
5302,161,14,5042,6,4,3,0.0,115
5303,161,10,5043,2,5,3,0.9,151
5303,161,10,5043,2,4,3,0.9,151
5304,161,30,5044,1,5,3,0.67,50
5304,161,30,5044,1,4,3,0.67,50
5305,161,6,5045,2,5,3,0.45,38
5305,161,6,5045,2,4,3,0.45,38
5306,161,14,5046,1,5,3,-0.63,11
5306,161,14,5046,1,4,3,-0.63,11
5307,161,30,5047,1,5,3,-0.4,3
5307,161,30,5047,1,4,3,-0.4,3
5308,161,30,5048,2,5,3,-0.52,12
5308,161,30,5048,2,4,3,-0.52,12
5309,161,7,5049,2,5,3,0.92,11
5309,161,7,5049,2,4,3,0.92,11
5310,161,6,5050,1,5,3,0.96,4
5310,161,6,5050,1,4,3,0.96,4
5311,161,11,5051,1,5,3,-0.5,15
5311,161,11,5051,1,4,3,-0.5,15
5312,161,6,5052,2,5,3,0.92,11
5312,161,6,5052,2,4,3,0.92,11
5313,161,20,5053,2,5,3,-0.89,62
5313,161,20,5053,2,4,3,-0.89,62
5314,161,11,5054,2,5,3,-0.75,67
5314,161,11,5054,2,4,3,-0.75,67
5315,161,13,5055,2,5,3,0.98,56
5315,161,13,5055,2,4,3,0.98,56
5316,161,10,5056,2,5,3,0.0,14
5316,161,10,5056,2,4,3,0.0,14
5317,161,8,3860,1,5,3,0.75,4
5317,161,8,3860,1,4,3,0.75,4
5318,162,11,5057,2,5,3,0.98,16
5318,162,11,5057,2,4,3,0.98,16
5319,162,11,5058,2,5,3,0.98,94
5319,162,11,5058,2,4,3,0.98,94
5320,162,8,5059,2,5,3,0.89,108
5320,162,8,5059,2,4,3,0.89,108
5321,162,30,5060,2,5,3,0.98,39
5321,162,30,5060,2,4,3,0.98,39
5322,162,10,5061,1,5,3,0.96,4
5322,162,10,5061,1,4,3,0.96,4
5323,162,11,5062,1,5,3,0.75,4
5323,162,11,5062,1,4,3,0.75,4
5324,162,8,5063,1,5,3,0.75,4
5324,162,8,5063,1,4,3,0.75,4
5325,162,22,5064,1,5,3,0.86,13
5325,162,22,5064,1,4,3,0.86,13
5326,163,30,5065,2,5,3,-0.95,136
5326,163,30,5065,2,4,3,-0.95,136
5327,163,13,5066,2,5,3,0.0,31
5327,163,13,5066,2,4,3,0.0,31
5328,163,7,4589,1,5,3,0.91,11
5328,163,7,4589,1,4,3,0.91,11
5329,163,7,5067,2,5,3,0.42,45
5329,163,7,5067,2,4,3,0.42,45
5330,163,21,5068,1,5,3,0.5,29
5330,163,21,5068,1,4,3,0.5,29
5331,163,30,5069,1,5,3,0.99,150
5331,163,30,5069,1,4,3,0.99,150
5332,163,8,5070,2,5,3,-0.91,143
5332,163,8,5070,2,4,3,-0.91,143
5333,163,20,5071,1,5,3,0.96,4
5333,163,20,5071,1,4,3,0.96,4
5334,163,7,5072,2,5,3,-0.89,78
5334,163,7,5072,2,4,3,-0.89,78
5335,163,8,5073,2,5,3,-0.63,92
5335,163,8,5073,2,4,3,-0.63,92
5336,163,21,5074,1,5,3,0.59,8
5336,163,21,5074,1,4,3,0.59,8
5337,163,6,360,2,5,3,-0.84,37
5337,163,6,360,2,4,3,-0.84,37
5338,163,10,5075,1,5,3,0.0,45
5338,163,10,5075,1,4,3,0.0,45
5339,163,10,5076,2,5,3,-0.81,25
5339,163,10,5076,2,4,3,-0.81,25
5340,163,6,5077,1,5,3,0.85,9
5340,163,6,5077,1,4,3,0.85,9
5341,163,7,5078,1,5,3,0.64,11
5341,163,7,5078,1,4,3,0.64,11
5342,163,7,5079,1,5,3,0.66,27
5342,163,7,5079,1,4,3,0.66,27
5343,163,7,5080,1,5,3,0.66,24
5343,163,7,5080,1,4,3,0.66,24
5344,163,6,5081,1,5,3,0.65,17
5344,163,6,5081,1,4,3,0.65,17
5345,163,6,5082,1,5,3,0.75,4
5345,163,6,5082,1,4,3,0.75,4
5346,163,8,5008,1,5,3,0.47,6
5346,163,8,5008,1,4,3,0.47,6
5347,163,7,5083,1,5,3,0.52,28
5347,163,7,5083,1,4,3,0.52,28
5348,163,6,5084,1,5,3,0.45,4
5348,163,6,5084,1,4,3,0.45,4
5349,164,19,5085,2,5,3,-0.97,175
5349,164,19,5085,2,4,3,-0.97,175
5350,164,15,5086,1,5,3,0.49,110
5350,164,15,5086,1,4,3,0.49,110
5351,164,17,5087,1,5,3,-0.87,55
5351,164,17,5087,1,4,3,-0.87,55
5352,164,17,5088,2,5,3,-0.72,58
5352,164,17,5088,2,4,3,-0.72,58
5353,164,19,5089,1,5,3,-0.41,24
5353,164,19,5089,1,4,3,-0.41,24
5354,164,14,5090,1,5,3,-0.47,35
5354,164,14,5090,1,4,3,-0.47,35
5355,165,9,888,4,5,3,-0.77,167
5355,165,9,888,4,4,3,-0.77,167
5356,165,8,5091,3,5,3,0.9,245
5356,165,8,5091,3,4,3,0.9,245
5357,165,17,5092,2,5,3,-0.52,16
5357,165,17,5092,2,4,3,-0.52,16
5358,165,6,5093,1,5,3,0.38,40
5358,165,6,5093,1,4,3,0.38,40
5359,165,7,5094,1,5,3,0.83,44
5359,165,7,5094,1,4,3,0.83,44
5360,165,6,5095,2,5,3,0.98,16
5360,165,6,5095,2,4,3,0.98,16
5361,165,30,5096,1,5,3,0.6,15
5361,165,30,5096,1,4,3,0.6,15
5362,165,11,5097,1,5,3,0.6,17
5362,165,11,5097,1,4,3,0.6,17
5363,165,5,5098,1,5,3,0.75,4
5363,165,5,5098,1,4,3,0.75,4
5364,165,6,5099,1,5,3,0.58,13
5364,165,6,5099,1,4,3,0.58,13
5365,165,9,5100,1,5,3,0.42,3
5365,165,9,5100,1,4,3,0.42,3
5366,165,11,5101,2,5,3,0.49,19
5366,165,11,5101,2,4,3,0.49,19
5367,165,6,5102,1,5,3,0.52,6
5367,165,6,5102,1,4,3,0.52,6
5368,165,6,5103,1,5,3,0.5,14
5368,165,6,5103,1,4,3,0.5,14
5369,165,18,5104,2,5,3,0.0,59
5369,165,18,5104,2,4,3,0.0,59
5370,165,9,5105,2,5,3,-0.9,237
5370,165,9,5105,2,4,3,-0.9,237
5371,165,18,5106,2,5,3,-0.91,65
5371,165,18,5106,2,4,3,-0.91,65
5372,165,9,5107,2,5,3,0.43,152
5372,165,9,5107,2,4,3,0.43,152
5373,165,8,5108,1,5,3,0.0,123
5373,165,8,5108,1,4,3,0.0,123
5374,165,30,5109,2,5,3,0.69,56
5374,165,30,5109,2,4,3,0.69,56
5375,165,9,5110,1,5,3,0.87,83
5375,165,9,5110,1,4,3,0.87,83
5376,165,30,5111,1,5,3,-0.61,88
5376,165,30,5111,1,4,3,-0.61,88
5377,165,9,5112,1,5,3,-0.76,78
5377,165,9,5112,1,4,3,-0.76,78
5378,165,6,5113,2,5,3,-0.65,81
5378,165,6,5113,2,4,3,-0.65,81
5379,165,9,5114,1,5,3,0.0,56
5379,165,9,5114,1,4,3,0.0,56
5380,165,8,5115,2,5,3,0.98,55
5380,165,8,5115,2,4,3,0.98,55
5381,165,7,5116,1,5,3,0.94,39
5381,165,7,5116,1,4,3,0.94,39
5382,165,30,5117,1,5,3,0.5,4
5382,165,30,5117,1,4,3,0.5,4
5383,165,30,5118,1,5,3,0.89,16
5383,165,30,5118,1,4,3,0.89,16
5384,165,6,5119,1,5,3,0.98,31
5384,165,6,5119,1,4,3,0.98,31
5385,165,7,5120,1,5,3,0.92,34
5385,165,7,5120,1,4,3,0.92,34
5386,165,11,5121,2,5,3,0.92,11
5386,165,11,5121,2,4,3,0.92,11
5387,165,9,5122,6,5,3,-0.67,29
5387,165,9,5122,6,4,3,-0.67,29
5388,165,11,5123,1,5,3,0.51,37
5388,165,11,5123,1,4,3,0.51,37
5389,165,5,5124,1,5,3,0.57,40
5389,165,5,5124,1,4,3,0.57,40
5390,165,8,5125,1,5,3,0.0,19
5390,165,8,5125,1,4,3,0.0,19
5391,165,9,5126,1,5,3,0.45,30
5391,165,9,5126,1,4,3,0.45,30
5392,165,10,5127,2,5,3,0.57,16
5392,165,10,5127,2,4,3,0.57,16
5393,165,7,5128,1,5,3,0.75,4
5393,165,7,5128,1,4,3,0.75,4
5394,165,9,5129,1,5,3,0.42,2
5394,165,9,5129,1,4,3,0.42,2
5395,165,10,5130,1,5,3,0.57,5
5395,165,10,5130,1,4,3,0.57,5
5396,165,9,5131,1,5,3,0.5,7
5396,165,9,5131,1,4,3,0.5,7
5397,165,9,5132,1,5,3,0.5,6
5397,165,9,5132,1,4,3,0.5,6
5398,165,6,5133,1,5,3,0.55,6
5398,165,6,5133,1,4,3,0.55,6
5399,166,17,3007,4,5,3,-0.66,185
5399,166,17,3007,4,4,3,-0.66,185
5400,166,16,5134,2,5,3,-0.87,223
5400,166,16,5134,2,4,3,-0.87,223
5401,166,6,5135,2,5,3,0.52,36
5401,166,6,5135,2,4,3,0.52,36
5402,166,10,5136,1,5,3,0.4,6
5402,166,10,5136,1,4,3,0.4,6
5403,166,10,5137,1,5,3,0.0,17
5403,166,10,5137,1,4,3,0.0,17
5404,166,8,5138,1,5,3,0.75,4
5404,166,8,5138,1,4,3,0.75,4
5405,166,8,5139,1,5,3,0.47,17
5405,166,8,5139,1,4,3,0.47,17
5406,166,30,5140,5,5,3,-0.6,251
5406,166,30,5140,5,4,3,-0.6,251
5407,166,7,5069,1,5,3,0.59,77
5407,166,7,5069,1,4,3,0.59,77
5408,166,7,5141,2,5,3,0.96,46
5408,166,7,5141,2,4,3,0.96,46
5409,166,8,5142,2,5,3,0.48,47
5409,166,8,5142,2,4,3,0.48,47
5410,166,11,5143,2,5,3,0.94,12
5410,166,11,5143,2,4,3,0.94,12
5411,166,7,5144,2,5,3,0.64,25
5411,166,7,5144,2,4,3,0.64,25
5412,166,7,5145,1,5,3,0.52,4
5412,166,7,5145,1,4,3,0.52,4
5413,166,6,5050,1,5,3,0.59,8
5413,166,6,5050,1,4,3,0.59,8
5414,166,11,5146,1,5,3,-0.87,18
5414,166,11,5146,1,4,3,-0.87,18
5415,166,6,5147,1,5,3,0.67,24
5415,166,6,5147,1,4,3,0.67,24
5416,166,7,5078,1,5,3,0.96,4
5416,166,7,5078,1,4,3,0.96,4
5417,167,14,5148,3,5,3,-0.58,133
5417,167,14,5148,3,4,3,-0.58,133
5418,167,30,5149,3,5,3,0.5,161
5418,167,30,5149,3,4,3,0.5,161
5419,167,9,5150,1,5,3,0.82,166
5419,167,9,5150,1,4,3,0.82,166
5420,167,30,5151,1,5,3,0.46,64
5420,167,30,5151,1,4,3,0.46,64
5421,167,9,5152,1,5,3,-0.48,71
5421,167,9,5152,1,4,3,-0.48,71
5422,167,6,5153,1,5,3,0.91,48
5422,167,6,5153,1,4,3,0.91,48
5423,167,6,5154,1,5,3,0.44,32
5423,167,6,5154,1,4,3,0.44,32
5424,167,8,5155,1,5,3,0.48,52
5424,167,8,5155,1,4,3,0.48,52
5425,167,30,5156,2,5,3,0.92,11
5425,167,30,5156,2,4,3,0.92,11
5426,167,7,5157,1,5,3,0.78,5
5426,167,7,5157,1,4,3,0.78,5
5427,167,7,5158,2,5,3,-0.45,11
5427,167,7,5158,2,4,3,-0.45,11
5428,167,19,4995,1,5,3,0.0,38
5428,167,19,4995,1,4,3,0.0,38
5429,167,11,5159,3,5,3,-0.77,127
5429,167,11,5159,3,4,3,-0.77,127
5430,167,13,5160,1,5,3,-0.6,124
5430,167,13,5160,1,4,3,-0.6,124
5431,167,7,5161,1,5,3,0.58,19
5431,167,7,5161,1,4,3,0.58,19
5432,168,13,5162,5,5,3,-0.74,243
5432,168,13,5162,5,4,3,-0.74,243
5433,168,15,5163,3,5,3,-0.5,136
5433,168,15,5163,3,4,3,-0.5,136
5434,168,10,54,1,5,3,-0.79,81
5434,168,10,54,1,4,3,-0.79,81
5435,168,14,5164,1,5,3,0.67,28
5435,168,14,5164,1,4,3,0.67,28
5436,168,11,5165,1,5,3,0.41,7
5436,168,11,5165,1,4,3,0.41,7
5437,168,9,5166,1,5,3,0.81,16
5437,168,9,5166,1,4,3,0.81,16
5438,168,9,5167,1,5,3,0.7,7
5438,168,9,5167,1,4,3,0.7,7
5439,168,7,2949,1,5,3,0.78,5
5439,168,7,2949,1,4,3,0.78,5
5440,168,20,5168,2,5,3,-0.53,239
5440,168,20,5168,2,4,3,-0.53,239
5441,168,30,5169,3,5,3,0.72,240
5441,168,30,5169,3,4,3,0.72,240
5442,168,11,5170,6,5,3,0.0,203
5442,168,11,5170,6,4,3,0.0,203
5443,168,10,5171,4,5,3,-0.41,154
5443,168,10,5171,4,4,3,-0.41,154
5444,168,30,5172,2,5,3,0.4,34
5444,168,30,5172,2,4,3,0.4,34
5445,168,10,5008,1,5,3,0.54,7
5445,168,10,5008,1,4,3,0.54,7
5446,168,9,5173,1,5,3,0.0,83
5446,168,9,5173,1,4,3,0.0,83
5447,168,9,5174,1,5,3,0.86,14
5447,168,9,5174,1,4,3,0.86,14
5448,168,11,5175,1,5,3,0.96,4
5448,168,11,5175,1,4,3,0.96,4
5449,168,10,5176,1,5,3,0.59,4
5449,168,10,5176,1,4,3,0.59,4
5450,168,6,5177,1,5,3,0.96,4
5450,168,6,5177,1,4,3,0.96,4
5451,169,19,5040,1,5,3,0.73,52
5451,169,19,5040,1,4,3,0.73,52
5452,169,10,5178,1,5,3,0.93,12
5452,169,10,5178,1,4,3,0.93,12
5453,169,7,5069,1,5,3,-0.59,109
5453,169,7,5069,1,4,3,-0.59,109
5454,169,7,5069,1,5,3,0.0,55
5454,169,7,5069,1,4,3,0.0,55
5455,169,7,5179,1,5,3,0.44,54
5455,169,7,5179,1,4,3,0.44,54
5456,169,6,5180,2,5,3,0.96,42
5456,169,6,5180,2,4,3,0.96,42
5457,169,30,5181,1,5,3,0.9,21
5457,169,30,5181,1,4,3,0.9,21
5458,169,7,5182,1,5,3,0.94,9
5458,169,7,5182,1,4,3,0.94,9
5459,169,9,5183,2,5,3,0.95,17
5459,169,9,5183,2,4,3,0.95,17
5460,169,9,5184,1,5,3,0.78,5
5460,169,9,5184,1,4,3,0.78,5
5461,169,7,5185,1,5,3,0.96,4
5461,169,7,5185,1,4,3,0.96,4
5462,170,9,5058,1,5,3,-0.46,24
5462,170,9,5058,1,4,3,-0.46,24
5463,170,30,5186,1,5,3,-0.41,16
5463,170,30,5186,1,4,3,-0.41,16
5464,170,20,5187,2,5,3,0.0,27
5464,170,20,5187,2,4,3,0.0,27
5465,170,11,5188,1,5,3,0.0,17
5465,170,11,5188,1,4,3,0.0,17
5466,171,10,5189,4,5,3,-0.38,23
5466,171,10,5189,4,4,3,-0.38,23
5467,171,6,5190,2,5,3,0.98,27
5467,171,6,5190,2,4,3,0.98,27
5468,171,30,5191,2,5,3,0.92,11
5468,171,30,5191,2,4,3,0.92,11
5469,171,6,5002,3,5,3,-0.82,170
5469,171,6,5002,3,4,3,-0.82,170
5470,171,11,5192,2,5,3,0.86,91
5470,171,11,5192,2,4,3,0.86,91
5471,171,6,5193,1,5,3,0.56,12
5471,171,6,5193,1,4,3,0.56,12
5472,172,30,5194,1,5,3,-0.46,110
5472,172,30,5194,1,4,3,-0.46,110
5473,172,9,5195,1,5,3,-0.62,64
5473,172,9,5195,1,4,3,-0.62,64
5474,172,9,5196,1,5,3,-0.79,50
5474,172,9,5196,1,4,3,-0.79,50
5475,172,30,5197,2,5,3,0.92,11
5475,172,30,5197,2,4,3,0.92,11
5476,172,11,5198,1,5,3,0.57,3
5476,172,11,5198,1,4,3,0.57,3
5477,172,7,5199,1,5,3,0.54,20
5477,172,7,5199,1,4,3,0.54,20
5478,172,6,5200,2,5,3,0.9,237
5478,172,6,5200,2,4,3,0.9,237
5479,172,8,5201,1,5,3,0.42,5
5479,172,8,5201,1,4,3,0.42,5
5480,172,8,5202,2,5,3,-0.87,30
5480,172,8,5202,2,4,3,-0.87,30
5481,172,8,5203,1,5,3,0.58,5
5481,172,8,5203,1,4,3,0.58,5
5482,172,6,5204,1,5,3,0.43,2
5482,172,6,5204,1,4,3,0.43,2
5483,172,9,4996,1,5,3,0.96,4
5483,172,9,4996,1,4,3,0.96,4
5484,173,20,5205,3,5,3,-0.46,240
5484,173,20,5205,3,4,3,-0.46,240
5485,173,10,5206,2,5,3,-0.52,112
5485,173,10,5206,2,4,3,-0.52,112
5486,173,7,5095,2,5,3,0.92,11
5486,173,7,5095,2,4,3,0.92,11
5487,173,11,5207,2,5,3,0.83,227
5487,173,11,5207,2,4,3,0.83,227
5488,173,15,5208,2,5,3,0.99,52
5488,173,15,5208,2,4,3,0.99,52
5489,173,16,4049,1,5,3,0.47,18
5489,173,16,4049,1,4,3,0.47,18
5490,173,7,5209,1,5,3,-0.8,61
5490,173,7,5209,1,4,3,-0.8,61
5491,173,6,5210,2,5,3,0.97,41
5491,173,6,5210,2,4,3,0.97,41
5492,173,7,5211,2,5,3,0.48,27
5492,173,7,5211,2,4,3,0.48,27
5493,173,30,5212,1,5,3,0.42,5
5493,173,30,5212,1,4,3,0.42,5
5494,173,7,5213,1,5,3,0.77,14
5494,173,7,5213,1,4,3,0.77,14
5495,173,7,5214,1,5,3,0.62,4
5495,173,7,5214,1,4,3,0.62,4
5496,173,7,5215,2,5,3,0.92,11
5496,173,7,5215,2,4,3,0.92,11
5497,173,30,5216,1,5,3,0.59,7
5497,173,30,5216,1,4,3,0.59,7
5498,173,9,4636,1,5,3,0.52,19
5498,173,9,4636,1,4,3,0.52,19
5499,174,19,5040,1,5,3,-0.6,44
5499,174,19,5040,1,4,3,-0.6,44
5500,174,20,5187,2,5,3,-0.94,20
5500,174,20,5187,2,4,3,-0.94,20
5501,174,6,5217,1,5,3,0.39,19
5501,174,6,5217,1,4,3,0.39,19
5502,174,11,5165,1,5,3,0.0,21
5502,174,11,5165,1,4,3,0.0,21
5503,174,11,5218,3,5,3,0.52,27
5503,174,11,5218,3,4,3,0.52,27
5504,174,30,5197,2,5,3,0.95,13
5504,174,30,5197,2,4,3,0.95,13
5505,174,21,5219,1,5,3,0.0,66
5505,174,21,5219,1,4,3,0.0,66
5506,174,30,5220,2,5,3,-0.46,165
5506,174,30,5220,2,4,3,-0.46,165
5507,174,5,5221,6,5,3,-0.47,107
5507,174,5,5221,6,4,3,-0.47,107
5508,174,11,5222,1,5,3,-0.4,48
5508,174,11,5222,1,4,3,-0.4,48
5509,174,7,5223,5,5,3,0.57,48
5509,174,7,5223,5,4,3,0.57,48
5510,174,8,5224,1,5,3,0.42,1
5510,174,8,5224,1,4,3,0.42,1
5511,174,11,5225,1,5,3,-0.56,42
5511,174,11,5225,1,4,3,-0.56,42
5512,174,7,5226,1,5,3,0.47,11
5512,174,7,5226,1,4,3,0.47,11
5513,174,6,5227,1,5,3,0.42,11
5513,174,6,5227,1,4,3,0.42,11
5514,174,5,5228,1,5,3,-0.49,10
5514,174,5,5228,1,4,3,-0.49,10
5515,175,19,5040,2,5,3,-0.92,48
5515,175,19,5040,2,4,3,-0.92,48
5516,175,30,5229,1,5,3,-0.8,108
5516,175,30,5229,1,4,3,-0.8,108
5517,175,7,5069,1,5,3,0.91,92
5517,175,7,5069,1,4,3,0.91,92
5518,175,11,5230,2,5,3,0.0,66
5518,175,11,5230,2,4,3,0.0,66
5519,175,20,5231,1,5,3,0.43,26
5519,175,20,5231,1,4,3,0.43,26
5520,175,12,5232,1,5,3,0.61,27
5520,175,12,5232,1,4,3,0.61,27
5521,175,8,5233,1,5,3,0.97,9
5521,175,8,5233,1,4,3,0.97,9
5522,175,6,1054,1,5,3,-0.49,16
5522,175,6,1054,1,4,3,-0.49,16
5523,175,5,5234,1,5,3,0.99,9
5523,175,5,5234,1,4,3,0.99,9
5524,175,7,5235,1,5,3,0.96,26
5524,175,7,5235,1,4,3,0.96,26
5525,175,7,5236,1,5,3,0.57,29
5525,175,7,5236,1,4,3,0.57,29
5526,176,21,5237,3,5,3,-0.5,233
5526,176,21,5237,3,4,3,-0.5,233
5527,176,21,5238,3,5,3,-0.76,140
5527,176,21,5238,3,4,3,-0.76,140
5528,176,7,703,2,5,3,-0.56,150
5528,176,7,703,2,4,3,-0.56,150
5529,176,30,5239,1,5,3,-0.78,31
5529,176,30,5239,1,4,3,-0.78,31
5530,176,6,3770,1,5,3,-0.54,22
5530,176,6,3770,1,4,3,-0.54,22
5531,176,10,5240,3,5,3,-0.37,27
5531,176,10,5240,3,4,3,-0.37,27
5532,176,11,5241,2,5,3,0.96,13
5532,176,11,5241,2,4,3,0.96,13
5533,176,10,5242,1,5,3,0.41,7
5533,176,10,5242,1,4,3,0.41,7
5534,176,11,5243,1,5,3,0.47,10
5534,176,11,5243,1,4,3,0.47,10
5535,176,5,5244,2,5,3,0.54,29
5535,176,5,5244,2,4,3,0.54,29
5536,176,10,5245,1,5,3,0.43,14
5536,176,10,5245,1,4,3,0.43,14
5537,176,7,3112,1,5,3,0.46,21
5537,176,7,3112,1,4,3,0.46,21
5538,176,9,5246,1,5,3,0.56,8
5538,176,9,5246,1,4,3,0.56,8
5539,176,11,5247,2,5,3,0.0,11
5539,176,11,5247,2,4,3,0.0,11
5540,176,6,5248,6,5,3,0.65,27
5540,176,6,5248,6,4,3,0.65,27
5541,176,30,5249,2,5,3,0.92,11
5541,176,30,5249,2,4,3,0.92,11
5542,176,6,5250,1,5,3,0.41,7
5542,176,6,5250,1,4,3,0.41,7
5543,176,7,5251,2,5,3,0.57,7
5543,176,7,5251,2,4,3,0.57,7
5544,176,4,5252,2,5,3,0.49,12
5544,176,4,5252,2,4,3,0.49,12
5545,176,20,5253,1,5,3,0.53,72
5545,176,20,5253,1,4,3,0.53,72
5546,176,7,5254,1,5,3,0.82,56
5546,176,7,5254,1,4,3,0.82,56
5547,176,5,5255,3,5,3,0.94,29
5547,176,5,5255,3,4,3,0.94,29
5548,176,30,5256,1,5,3,0.46,8
5548,176,30,5256,1,4,3,0.46,8
5549,176,10,5257,1,5,3,0.92,10
5549,176,10,5257,1,4,3,0.92,10
5550,176,30,5258,1,5,3,0.59,4
5550,176,30,5258,1,4,3,0.59,4
5551,176,6,5259,2,5,3,-0.38,17
5551,176,6,5259,2,4,3,-0.38,17
5552,176,11,5260,2,5,3,0.59,23
5552,176,11,5260,2,4,3,0.59,23
5553,176,9,5261,1,5,3,0.67,18
5553,176,9,5261,1,4,3,0.67,18
5554,177,10,5262,2,5,3,0.96,39
5554,177,10,5262,2,4,3,0.96,39
5555,177,7,5263,2,5,3,0.49,25
5555,177,7,5263,2,4,3,0.49,25
5556,177,7,5264,2,5,3,0.92,11
5556,177,7,5264,2,4,3,0.92,11
5557,177,21,5265,2,5,3,-0.98,239
5557,177,21,5265,2,4,3,-0.98,239
5558,177,11,5266,2,5,3,0.86,227
5558,177,11,5266,2,4,3,0.86,227
5559,177,8,5267,3,5,3,-0.55,234
5559,177,8,5267,3,4,3,-0.55,234
5560,177,6,5268,2,5,3,0.47,89
5560,177,6,5268,2,4,3,0.47,89
5561,177,8,5269,1,5,3,0.44,46
5561,177,8,5269,1,4,3,0.44,46
5562,177,6,5270,1,5,3,0.49,21
5562,177,6,5270,1,4,3,0.49,21
5563,177,30,5271,1,5,3,0.97,18
5563,177,30,5271,1,4,3,0.97,18
5564,177,11,5272,1,5,3,0.42,2
5564,177,11,5272,1,4,3,0.42,2
5565,177,7,5273,1,5,3,0.6,10
5565,177,7,5273,1,4,3,0.6,10
5566,177,8,5274,1,5,3,0.4,9
5566,177,8,5274,1,4,3,0.4,9
5567,177,9,5275,2,5,3,-0.85,15
5567,177,9,5275,2,4,3,-0.85,15
5568,179,18,5276,1,6,3,-0.64,23
5568,179,18,5276,1,4,3,-0.64,23
5569,179,30,5277,1,6,3,0.59,113
5569,179,30,5277,1,4,3,0.59,113
5570,180,6,703,2,6,3,-0.91,269
5570,180,6,703,2,4,3,-0.91,269
5571,180,10,5278,2,6,3,-0.98,49
5571,180,10,5278,2,4,3,-0.98,49
5572,180,11,5279,2,6,3,0.87,16
5572,180,11,5279,2,4,3,0.87,16
5573,180,11,5280,2,6,3,0.76,170
5573,180,11,5280,2,4,3,0.76,170
5574,180,6,5281,5,6,3,0.48,134
5574,180,6,5281,5,4,3,0.48,134
5575,180,30,710,1,6,3,0.91,76
5575,180,30,710,1,4,3,0.91,76
5576,180,9,5282,1,6,3,-0.73,61
5576,180,9,5282,1,4,3,-0.73,61
5577,180,30,5283,2,6,3,-0.47,15
5577,180,30,5283,2,4,3,-0.47,15
5578,180,11,967,2,6,3,0.57,13
5578,180,11,967,2,4,3,0.57,13
5579,180,11,5284,2,6,3,0.46,21
5579,180,11,5284,2,4,3,0.46,21
5580,180,9,5285,1,6,3,0.38,2
5580,180,9,5285,1,4,3,0.38,2
5581,180,10,5286,1,6,3,0.59,4
5581,180,10,5286,1,4,3,0.59,4
5582,180,7,5287,1,6,3,0.97,9
5582,180,7,5287,1,4,3,0.97,9
5583,180,10,5288,2,6,3,0.92,11
5583,180,10,5288,2,4,3,0.92,11
5584,180,11,709,1,6,3,0.4,13
5584,180,11,709,1,4,3,0.4,13
5585,180,6,5289,1,6,3,0.52,7
5585,180,6,5289,1,4,3,0.52,7
5586,181,15,5290,4,6,3,0.7,238
5586,181,15,5290,4,4,3,0.7,238
5587,181,30,5291,2,6,3,0.49,142
5587,181,30,5291,2,4,3,0.49,142
5588,181,30,5292,3,6,3,0.84,111
5588,181,30,5292,3,4,3,0.84,111
5589,181,30,5293,2,6,3,-0.83,67
5589,181,30,5293,2,4,3,-0.83,67
5590,183,8,5294,2,6,3,0.0,99
5590,183,8,5294,2,4,3,0.0,99
5591,183,10,5295,2,6,3,0.53,62
5591,183,10,5295,2,4,3,0.53,62
5592,183,11,5296,2,6,3,-0.46,50
5592,183,11,5296,2,4,3,-0.46,50
5593,183,7,5297,2,6,3,0.89,34
5593,183,7,5297,2,4,3,0.89,34
5594,183,7,5298,1,6,3,0.43,4
5594,183,7,5298,1,4,3,0.43,4
5595,183,6,5299,1,6,3,0.82,13
5595,183,6,5299,1,4,3,0.82,13
5596,183,30,5300,2,6,3,0.51,153
5596,183,30,5300,2,4,3,0.51,153
5597,183,6,5301,1,6,3,-0.59,34
5597,183,6,5301,1,4,3,-0.59,34
5598,183,7,5302,2,6,3,0.92,77
5598,183,7,5302,2,4,3,0.92,77
5599,183,10,5157,2,6,3,-0.97,31
5599,183,10,5157,2,4,3,-0.97,31
5600,183,10,5303,1,6,3,0.46,8
5600,183,10,5303,1,4,3,0.46,8
5601,183,10,5304,1,6,3,0.52,5
5601,183,10,5304,1,4,3,0.52,5
5602,183,8,5305,1,6,3,0.99,9
5602,183,8,5305,1,4,3,0.99,9
5603,183,6,5306,1,6,3,0.46,7
5603,183,6,5306,1,4,3,0.46,7
5604,183,6,5307,2,6,3,0.96,17
5604,183,6,5307,2,4,3,0.96,17
5605,183,11,5197,1,6,3,0.86,5
5605,183,11,5197,1,4,3,0.86,5
5606,183,6,5308,1,6,3,0.51,6
5606,183,6,5308,1,4,3,0.51,6
5607,184,20,5309,6,6,3,-0.71,235
5607,184,20,5309,6,4,3,-0.71,235
5608,184,21,5310,1,6,3,0.8,178
5608,184,21,5310,1,4,3,0.8,178
5609,184,15,5311,1,6,3,0.5,145
5609,184,15,5311,1,4,3,0.5,145
5610,184,15,5312,4,6,3,0.0,83
5610,184,15,5312,4,4,3,0.0,83
5611,184,17,5313,1,6,3,-0.75,32
5611,184,17,5313,1,4,3,-0.75,32
5612,184,9,5314,2,6,3,-0.97,120
5612,184,9,5314,2,4,3,-0.97,120
5613,184,11,5315,2,6,3,0.97,98
5613,184,11,5315,2,4,3,0.97,98
5614,184,30,5316,1,6,3,-0.61,89
5614,184,30,5316,1,4,3,-0.61,89
5615,184,10,5317,2,6,3,0.99,60
5615,184,10,5317,2,4,3,0.99,60
5616,184,18,5318,2,6,3,0.0,11
5616,184,18,5318,2,4,3,0.0,11
5617,184,6,5319,2,6,3,-0.9,16
5617,184,6,5319,2,4,3,-0.9,16
5618,184,6,5320,1,6,3,0.75,4
5618,184,6,5320,1,4,3,0.75,4
5619,184,12,5321,1,6,3,0.42,6
5619,184,12,5321,1,4,3,0.42,6
5620,184,18,5322,3,6,3,-0.65,240
5620,184,18,5322,3,4,3,-0.65,240
5621,184,11,5323,2,6,3,0.9,180
5621,184,11,5323,2,4,3,0.9,180
5622,184,11,5324,2,6,3,-0.85,80
5622,184,11,5324,2,4,3,-0.85,80
5623,184,30,5325,2,6,3,0.97,36
5623,184,30,5325,2,4,3,0.97,36
5624,184,11,5326,2,6,3,0.53,62
5624,184,11,5326,2,4,3,0.53,62
5625,184,9,5327,1,6,3,0.9,15
5625,184,9,5327,1,4,3,0.9,15
5626,184,9,5328,1,6,3,0.86,38
5626,184,9,5328,1,4,3,0.86,38
5627,184,6,5329,1,6,3,0.56,15
5627,184,6,5329,1,4,3,0.56,15
5628,185,30,5330,1,6,3,-0.48,76
5628,185,30,5330,1,4,3,-0.48,76
5629,185,7,3748,1,6,3,0.57,63
5629,185,7,3748,1,4,3,0.57,63
5630,185,10,5331,1,6,3,0.93,11
5630,185,10,5331,1,4,3,0.93,11
5631,185,10,5332,2,6,3,0.97,13
5631,185,10,5332,2,4,3,0.97,13
5632,185,8,5333,2,6,3,0.93,17
5632,185,8,5333,2,4,3,0.93,17
5633,185,9,5334,2,6,3,0.56,20
5633,185,9,5334,2,4,3,0.56,20
5634,185,7,5335,1,6,3,0.5,7
5634,185,7,5335,1,4,3,0.5,7
5635,185,5,5336,2,6,3,0.84,11
5635,185,5,5336,2,4,3,0.84,11
5636,185,19,5337,2,6,3,-0.67,237
5636,185,19,5337,2,4,3,-0.67,237
5637,185,7,5338,1,6,3,0.54,10
5637,185,7,5338,1,4,3,0.54,10
5638,185,11,5339,2,6,3,0.96,11
5638,185,11,5339,2,4,3,0.96,11
5639,185,6,5340,1,6,3,0.99,14
5639,185,6,5340,1,4,3,0.99,14
5640,185,11,5341,1,6,3,0.96,4
5640,185,11,5341,1,4,3,0.96,4
5641,185,7,5342,2,6,3,0.62,32
5641,185,7,5342,2,4,3,0.62,32
5642,185,8,5343,1,6,3,0.59,4
5642,185,8,5343,1,4,3,0.59,4
5643,185,7,5344,1,6,3,-0.7,8
5643,185,7,5344,1,4,3,-0.7,8
5644,186,30,5345,2,6,3,-0.82,259
5644,186,30,5345,2,4,3,-0.82,259
5645,186,10,5346,5,6,3,-0.61,148
5645,186,10,5346,5,4,3,-0.61,148
5646,186,30,5347,2,6,3,0.92,158
5646,186,30,5347,2,4,3,0.92,158
5647,186,13,5348,2,6,3,0.6,32
5647,186,13,5348,2,4,3,0.6,32
5648,186,6,5349,2,6,3,-0.96,240
5648,186,6,5349,2,4,3,-0.96,240
5649,186,30,5350,2,6,3,0.61,55
5649,186,30,5350,2,4,3,0.61,55
5650,186,8,5351,2,6,3,0.99,71
5650,186,8,5351,2,4,3,0.99,71
5651,186,8,5352,1,6,3,0.0,57
5651,186,8,5352,1,4,3,0.0,57
5652,186,11,5353,1,6,3,-0.45,45
5652,186,11,5353,1,4,3,-0.45,45
5653,186,30,5354,2,6,3,0.92,11
5653,186,30,5354,2,4,3,0.92,11
5654,186,6,4708,1,6,3,0.71,24
5654,186,6,4708,1,4,3,0.71,24
5655,186,10,5237,1,6,3,0.48,9
5655,186,10,5237,1,4,3,0.48,9
5656,186,6,5355,1,6,3,0.68,8
5656,186,6,5355,1,4,3,0.68,8
5657,186,6,5356,1,6,3,0.53,12
5657,186,6,5356,1,4,3,0.53,12
5658,186,6,5357,2,6,3,0.92,11
5658,186,6,5357,2,4,3,0.92,11
5659,186,18,5358,1,6,3,0.94,77
5659,186,18,5358,1,4,3,0.94,77
5660,186,10,5359,2,6,3,0.97,51
5660,186,10,5359,2,4,3,0.97,51
5661,186,30,5360,2,6,3,-0.92,58
5661,186,30,5360,2,4,3,-0.92,58
5662,186,30,5361,2,6,3,0.96,17
5662,186,30,5361,2,4,3,0.96,17
5663,186,9,5362,1,6,3,0.57,12
5663,186,9,5362,1,4,3,0.57,12
5664,186,6,5338,1,6,3,0.88,23
5664,186,6,5338,1,4,3,0.88,23
5665,186,30,5363,2,6,3,0.92,11
5665,186,30,5363,2,4,3,0.92,11
5666,186,7,5251,1,6,3,0.5,7
5666,186,7,5251,1,4,3,0.5,7
5667,186,30,5364,1,6,3,0.61,5
5667,186,30,5364,1,4,3,0.61,5
5668,186,10,5365,1,6,3,0.47,3
5668,186,10,5365,1,4,3,0.47,3
5669,186,9,5366,2,6,3,0.58,27
5669,186,9,5366,2,4,3,0.58,27
5670,186,24,5367,1,6,3,0.55,46
5670,186,24,5367,1,4,3,0.55,46
5671,187,15,5368,1,7,3,-0.78,72
5671,187,15,5368,1,4,3,-0.78,72
5672,187,8,5369,2,7,3,-0.89,333
5672,187,8,5369,2,4,3,-0.89,333
5673,187,11,5370,5,7,3,-0.7,120
5673,187,11,5370,5,4,3,-0.7,120
5674,187,10,5371,5,7,3,-0.7,120
5674,187,10,5371,5,4,3,-0.7,120
5675,187,7,5372,1,7,3,0.79,7
5675,187,7,5372,1,4,3,0.79,7
5676,187,10,5373,1,7,3,0.77,113
5676,187,10,5373,1,4,3,0.77,113
5677,187,11,5374,1,7,3,0.97,9
5677,187,11,5374,1,4,3,0.97,9
5678,187,9,5375,1,7,3,0.41,40
5678,187,9,5375,1,4,3,0.41,40
5679,187,7,5182,1,7,3,0.5,57
5679,187,7,5182,1,4,3,0.5,57
5680,187,7,5226,2,7,3,0.84,29
5680,187,7,5226,2,4,3,0.84,29
5681,188,30,5376,2,7,3,-0.67,240
5681,188,30,5376,2,4,3,-0.67,240
5682,188,30,5377,2,7,3,-0.76,197
5682,188,30,5377,2,4,3,-0.76,197
5683,188,11,1004,1,7,3,0.7,238
5683,188,11,1004,1,4,3,0.7,238
5684,188,11,5378,4,7,3,-0.82,204
5684,188,11,5378,4,4,3,-0.82,204
5685,188,5,5379,3,7,3,0.47,111
5685,188,5,5379,3,4,3,0.47,111
5686,188,17,5380,2,7,3,0.36,10
5686,188,17,5380,2,4,3,0.36,10
5687,188,30,5381,5,7,3,0.51,163
5687,188,30,5381,5,4,3,0.51,163
5688,188,30,5382,1,7,3,0.0,234
5688,188,30,5382,1,4,3,0.0,234
5689,188,15,5383,1,7,3,0.58,63
5689,188,15,5383,1,4,3,0.58,63
5690,188,13,5384,2,7,3,-0.94,102
5690,188,13,5384,2,4,3,-0.94,102
5691,188,10,5385,4,7,3,-0.68,167
5691,188,10,5385,4,4,3,-0.68,167
5692,188,11,5386,1,7,3,0.86,14
5692,188,11,5386,1,4,3,0.86,14
5693,188,30,5387,1,7,3,0.97,29
5693,188,30,5387,1,4,3,0.97,29
5694,188,30,5388,2,7,3,-0.57,24
5694,188,30,5388,2,4,3,-0.57,24
5695,188,11,5389,1,7,3,0.48,5
5695,188,11,5389,1,4,3,0.48,5
5696,188,7,5390,6,7,3,0.51,36
5696,188,7,5390,6,4,3,0.51,36
5697,188,7,5391,1,7,3,0.96,4
5697,188,7,5391,1,4,3,0.96,4
5698,188,9,5392,1,7,3,0.86,14
5698,188,9,5392,1,4,3,0.86,14
5699,188,18,5393,1,7,3,0.48,36
5699,188,18,5393,1,4,3,0.48,36
5700,188,7,5394,1,7,3,0.96,4
5700,188,7,5394,1,4,3,0.96,4
5701,189,17,5395,1,7,3,-0.4,67
5701,189,17,5395,1,4,3,-0.4,67
5702,189,17,5396,2,7,3,-0.87,47
5702,189,17,5396,2,4,3,-0.87,47
5703,189,11,5397,2,7,3,-0.81,235
5703,189,11,5397,2,4,3,-0.81,235
5704,189,9,5398,1,7,3,-0.74,236
5704,189,9,5398,1,4,3,-0.74,236
5705,189,7,5399,2,7,3,-0.44,206
5705,189,7,5399,2,4,3,-0.44,206
5706,189,30,5400,2,7,3,-0.86,55
5706,189,30,5400,2,4,3,-0.86,55
5707,189,30,5401,2,7,3,-0.45,70
5707,189,30,5401,2,4,3,-0.45,70
5708,189,16,703,2,7,3,0.61,16
5708,189,16,703,2,4,3,0.61,16
5709,189,7,5402,1,7,3,-0.72,93
5709,189,7,5402,1,4,3,-0.72,93
5710,189,11,5353,2,7,3,0.93,37
5710,189,11,5353,2,4,3,0.93,37
5711,189,8,5403,1,7,3,0.0,51
5711,189,8,5403,1,4,3,0.0,51
5712,189,30,5404,1,7,3,0.57,22
5712,189,30,5404,1,4,3,0.57,22
5713,189,30,5405,2,7,3,-0.78,21
5713,189,30,5405,2,4,3,-0.78,21
5714,189,7,5338,1,7,3,-0.94,8
5714,189,7,5338,1,4,3,-0.94,8
5715,189,30,5406,2,7,3,0.85,17
5715,189,30,5406,2,4,3,0.85,17
5716,189,30,5407,2,7,3,0.92,11
5716,189,30,5407,2,4,3,0.92,11
5717,189,8,5408,1,7,3,0.44,46
5717,189,8,5408,1,4,3,0.44,46
5718,189,10,5409,1,7,3,0.52,8
5718,189,10,5409,1,4,3,0.52,8
5719,189,7,5410,2,7,3,0.45,23
5719,189,7,5410,2,4,3,0.45,23
5720,189,7,5411,1,7,3,0.76,13
5720,189,7,5411,1,4,3,0.76,13
5721,189,11,5412,1,7,3,0.52,4
5721,189,11,5412,1,4,3,0.52,4
5722,189,8,5413,1,7,3,0.63,6
5722,189,8,5413,1,4,3,0.63,6
5723,189,7,5414,1,7,3,-0.4,3
5723,189,7,5414,1,4,3,-0.4,3
5724,189,7,5415,1,7,3,0.39,4
5724,189,7,5415,1,4,3,0.39,4
5725,189,7,652,2,7,3,0.66,16
5725,189,7,652,2,4,3,0.66,16
5726,189,30,5416,2,7,3,-0.94,239
5726,189,30,5416,2,4,3,-0.94,239
5727,189,12,5417,2,7,3,0.82,143
5727,189,12,5417,2,4,3,0.82,143
5728,189,30,5418,2,7,3,0.0,142
5728,189,30,5418,2,4,3,0.0,142
5729,189,30,669,1,7,3,0.0,71
5729,189,30,669,1,4,3,0.0,71
5730,189,6,5419,2,7,3,0.81,24
5730,189,6,5419,2,4,3,0.81,24
5731,189,30,5420,1,7,3,0.75,4
5731,189,30,5420,1,4,3,0.75,4
5732,189,6,5421,1,7,3,0.5,7
5732,189,6,5421,1,4,3,0.5,7
5733,189,7,5422,1,7,3,0.96,13
5733,189,7,5422,1,4,3,0.96,13
5734,189,7,5423,1,7,3,0.56,8
5734,189,7,5423,1,4,3,0.56,8
5735,189,7,5424,1,7,3,0.45,16
5735,189,7,5424,1,4,3,0.45,16
5736,189,7,4054,2,7,3,0.48,23
5736,189,7,4054,2,4,3,0.48,23
5737,189,8,5425,1,7,3,0.83,11
5737,189,8,5425,1,4,3,0.83,11
5738,190,19,5426,1,7,3,-0.65,240
5738,190,19,5426,1,4,3,-0.65,240
5739,190,30,5427,2,7,3,-0.96,229
5739,190,30,5427,2,4,3,-0.96,229
5740,190,11,5428,3,7,3,0.87,169
5740,190,11,5428,3,4,3,0.87,169
5741,190,11,1004,3,7,3,-0.57,239
5741,190,11,1004,3,4,3,-0.57,239
5742,190,30,5377,2,7,3,-0.54,125
5742,190,30,5377,2,4,3,-0.54,125
5743,190,11,5429,2,7,3,-0.57,159
5743,190,11,5429,2,4,3,-0.57,159
5744,190,11,5430,2,7,3,-0.81,113
5744,190,11,5430,2,4,3,-0.81,113
5745,190,11,5431,1,7,3,0.55,117
5745,190,11,5431,1,4,3,0.55,117
5746,190,30,5432,4,7,3,-0.54,43
5746,190,30,5432,4,4,3,-0.54,43
5747,190,10,5433,2,7,3,0.99,53
5747,190,10,5433,2,4,3,0.99,53
5748,190,11,5434,2,7,3,0.68,19
5748,190,11,5434,2,4,3,0.68,19
5749,190,10,5435,1,7,3,0.87,10
5749,190,10,5435,1,4,3,0.87,10
5750,190,30,5436,2,7,3,0.97,44
5750,190,30,5436,2,4,3,0.97,44
5751,190,30,5437,5,7,3,-0.64,224
5751,190,30,5437,5,4,3,-0.64,224
5752,190,30,5438,3,7,3,0.82,227
5752,190,30,5438,3,4,3,0.82,227
5753,190,30,5439,2,7,3,-0.6,236
5753,190,30,5439,2,4,3,-0.6,236
5754,190,30,5440,3,7,3,0.91,127
5754,190,30,5440,3,4,3,0.91,127
5755,190,11,5441,3,7,3,-0.57,237
5755,190,11,5441,3,4,3,-0.57,237
5756,190,10,5442,3,7,3,-0.49,203
5756,190,10,5442,3,4,3,-0.49,203
5757,190,30,5443,2,7,3,-0.66,151
5757,190,30,5443,2,4,3,-0.66,151
5758,190,30,5444,2,7,3,0.98,113
5758,190,30,5444,2,4,3,0.98,113
5759,190,11,1036,1,7,3,-0.39,132
5759,190,11,1036,1,4,3,-0.39,132
5760,190,11,5445,2,7,3,-0.6,201
5760,190,11,5445,2,4,3,-0.6,201
5761,190,11,5446,1,7,3,0.91,54
5761,190,11,5446,1,4,3,0.91,54
5762,190,6,5447,1,7,3,-0.56,63
5762,190,6,5447,1,4,3,-0.56,63
5763,190,8,5448,1,7,3,0.42,1
5763,190,8,5448,1,4,3,0.42,1
5764,190,8,5449,1,7,3,0.51,7
5764,190,8,5449,1,4,3,0.51,7
5765,190,11,5450,1,7,3,0.51,20
5765,190,11,5450,1,4,3,0.51,20
5766,190,30,5451,1,7,3,0.59,4
5766,190,30,5451,1,4,3,0.59,4
5767,190,7,5452,1,7,3,0.52,7
5767,190,7,5452,1,4,3,0.52,7
5768,192,8,5453,2,8,3,-0.7,130
5768,192,8,5453,2,4,3,-0.7,130
5769,192,11,5454,2,8,3,-0.95,34
5769,192,11,5454,2,4,3,-0.95,34
5770,192,5,5455,1,8,3,0.56,13
5770,192,5,5455,1,4,3,0.56,13
5771,192,5,5456,1,8,3,0.54,20
5771,192,5,5456,1,4,3,0.54,20
5772,192,30,5457,2,8,3,-0.87,148
5772,192,30,5457,2,4,3,-0.87,148
5773,192,11,5458,2,8,3,0.58,31
5773,192,11,5458,2,4,3,0.58,31
5774,192,30,5459,1,8,3,0.89,75
5774,192,30,5459,1,4,3,0.89,75
5775,192,9,5460,2,8,3,0.93,42
5775,192,9,5460,2,4,3,0.93,42
5776,192,12,5461,2,8,3,0.57,15
5776,192,12,5461,2,4,3,0.57,15
5777,192,11,5462,2,8,3,0.58,9
5777,192,11,5462,2,4,3,0.58,9
5778,192,7,3198,2,8,3,-0.52,26
5778,192,7,3198,2,4,3,-0.52,26
5779,192,7,5463,1,8,3,0.5,7
5779,192,7,5463,1,4,3,0.5,7
5780,192,11,5464,1,8,3,0.48,10
5780,192,11,5464,1,4,3,0.48,10
5781,193,17,5465,4,8,3,-0.74,185
5781,193,17,5465,4,4,3,-0.74,185
5782,193,30,5466,4,8,3,-0.68,239
5782,193,30,5466,4,4,3,-0.68,239
5783,193,6,5467,2,8,3,0.87,171
5783,193,6,5467,2,4,3,0.87,171
5784,193,9,5468,2,8,3,-0.44,143
5784,193,9,5468,2,4,3,-0.44,143
5785,193,6,5469,2,8,3,0.94,54
5785,193,6,5469,2,4,3,0.94,54
5786,193,10,5470,2,8,3,0.89,38
5786,193,10,5470,2,4,3,0.89,38
5787,193,9,5434,2,8,3,0.75,40
5787,193,9,5434,2,4,3,0.75,40
5788,193,9,5471,2,8,3,0.59,48
5788,193,9,5471,2,4,3,0.59,48
5789,193,9,916,1,8,3,0.71,23
5789,193,9,916,1,4,3,0.71,23
5790,193,7,5472,2,8,3,0.92,11
5790,193,7,5472,2,4,3,0.92,11
5791,193,30,5473,2,8,3,-0.92,214
5791,193,30,5473,2,4,3,-0.92,214
5792,193,11,5474,2,8,3,-0.91,116
5792,193,11,5474,2,4,3,-0.91,116
5793,193,10,3960,2,8,3,-0.43,141
5793,193,10,3960,2,4,3,-0.43,141
5794,193,11,5475,1,8,3,0.43,102
5794,193,11,5475,1,4,3,0.43,102
5795,193,30,5476,1,8,3,-0.83,102
5795,193,30,5476,1,4,3,-0.83,102
5796,193,9,5477,1,8,3,0.89,167
5796,193,9,5477,1,4,3,0.89,167
5797,193,12,5478,1,8,3,0.51,20
5797,193,12,5478,1,4,3,0.51,20
5798,193,10,5479,2,8,3,0.87,34
5798,193,10,5479,2,4,3,0.87,34
5799,193,13,5480,1,8,3,0.0,13
5799,193,13,5480,1,4,3,0.0,13
5800,193,11,5481,2,8,3,-0.79,32
5800,193,11,5481,2,4,3,-0.79,32
5801,193,6,5482,1,8,3,0.8,13
5801,193,6,5482,1,4,3,0.8,13
5802,193,7,5483,1,8,3,0.72,25
5802,193,7,5483,1,4,3,0.72,25
5803,193,8,5484,2,8,3,0.62,23
5803,193,8,5484,2,4,3,0.62,23
5804,193,9,5485,1,8,3,0.5,7
5804,193,9,5485,1,4,3,0.5,7
5805,193,9,5486,1,8,3,0.42,1
5805,193,9,5486,1,4,3,0.42,1
5806,193,9,5487,1,8,3,0.9,19
5806,193,9,5487,1,4,3,0.9,19
5807,193,7,5488,1,8,3,0.42,3
5807,193,7,5488,1,4,3,0.42,3
5808,193,8,5489,1,8,3,0.57,10
5808,193,8,5489,1,4,3,0.57,10
5809,193,7,5490,2,8,3,0.49,12
5809,193,7,5490,2,4,3,0.49,12
5810,194,11,5491,2,8,3,0.6,32
5810,194,11,5491,2,4,3,0.6,32
5811,194,30,5492,2,8,3,0.0,109
5811,194,30,5492,2,4,3,0.0,109
5812,194,30,5188,1,8,3,0.0,27
5812,194,30,5188,1,4,3,0.0,27
5813,194,21,5493,1,8,3,-0.4,24
5813,194,21,5493,1,4,3,-0.4,24
5814,194,30,5494,1,8,3,0.42,4
5814,194,30,5494,1,4,3,0.42,4
5815,195,30,5495,2,8,3,0.69,195
5815,195,30,5495,2,5,3,0.69,195
5816,195,13,5496,2,8,3,-0.93,84
5816,195,13,5496,2,5,3,-0.93,84
5817,195,5,5497,2,8,3,0.91,33
5817,195,5,5497,2,5,3,0.91,33
5818,195,11,5498,1,8,3,-0.42,8
5818,195,11,5498,1,5,3,-0.42,8
5819,195,7,5499,1,8,3,0.41,7
5819,195,7,5499,1,5,3,0.41,7
5820,195,11,5500,1,8,3,0.69,9
5820,195,11,5500,1,5,3,0.69,9
5821,195,6,5501,2,8,3,0.54,17
5821,195,6,5501,2,5,3,0.54,17
5822,195,11,5502,1,8,3,0.61,14
5822,195,11,5502,1,5,3,0.61,14
5823,195,22,5503,2,8,3,-0.8,184
5823,195,22,5503,2,5,3,-0.8,184
5824,195,30,5504,2,8,3,-0.86,227
5824,195,30,5504,2,5,3,-0.86,227
5825,195,11,5505,3,8,3,-0.49,234
5825,195,11,5505,3,5,3,-0.49,234
5826,195,18,5506,1,8,3,0.96,9
5826,195,18,5506,1,5,3,0.96,9
5827,195,18,5507,2,8,3,0.96,17
5827,195,18,5507,2,5,3,0.96,17
5828,195,9,5508,1,8,3,0.0,85
5828,195,9,5508,1,5,3,0.0,85
5829,195,6,5509,3,8,3,-0.45,123
5829,195,6,5509,3,5,3,-0.45,123
5830,195,11,5510,1,8,3,-0.74,57
5830,195,11,5510,1,5,3,-0.74,57
5831,195,8,5511,1,8,3,0.0,82
5831,195,8,5511,1,5,3,0.0,82
5832,195,11,5512,2,8,3,-0.95,20
5832,195,11,5512,2,5,3,-0.95,20
5833,195,9,5513,1,8,3,0.96,29
5833,195,9,5513,1,5,3,0.96,29
5834,195,30,5514,1,8,3,0.52,56
5834,195,30,5514,1,5,3,0.52,56
5835,195,11,5515,1,8,3,0.95,19
5835,195,11,5515,1,5,3,0.95,19
5836,195,10,5516,1,8,3,0.97,9
5836,195,10,5516,1,5,3,0.97,9
5837,195,7,5517,1,8,3,0.52,20
5837,195,7,5517,1,5,3,0.52,20
5838,195,9,5518,1,8,3,0.56,45
5838,195,9,5518,1,5,3,0.56,45
5839,195,9,5519,1,8,3,0.78,5
5839,195,9,5519,1,5,3,0.78,5
5840,195,10,5520,1,8,3,0.86,5
5840,195,10,5520,1,5,3,0.86,5
5841,196,17,5521,1,8,3,-0.5,93
5841,196,17,5521,1,5,3,-0.5,93
5842,196,30,5522,4,8,3,-0.48,165
5842,196,30,5522,4,5,3,-0.48,165
5843,196,30,5523,4,8,3,-0.43,204
5843,196,30,5523,4,5,3,-0.43,204
5844,196,7,5524,2,8,3,-0.94,95
5844,196,7,5524,2,5,3,-0.94,95
5845,196,6,5525,2,8,3,0.92,79
5845,196,6,5525,2,5,3,0.92,79
5846,196,6,5526,6,8,3,0.73,99
5846,196,6,5526,6,5,3,0.73,99
5847,196,8,5527,1,8,3,0.9,66
5847,196,8,5527,1,5,3,0.9,66
5848,196,5,5528,1,8,3,0.91,62
5848,196,5,5528,1,5,3,0.91,62
5849,196,5,5529,2,8,3,0.92,45
5849,196,5,5529,2,5,3,0.92,45
5850,196,9,5530,2,8,3,0.56,17
5850,196,9,5530,2,5,3,0.56,17
5851,196,8,5531,1,8,3,0.43,3
5851,196,8,5531,1,5,3,0.43,3
5852,196,6,5532,2,8,3,0.45,24
5852,196,6,5532,2,5,3,0.45,24
5853,196,13,5533,2,8,3,-0.83,277
5853,196,13,5533,2,5,3,-0.83,277
5854,196,6,5534,2,8,3,-0.39,189
5854,196,6,5534,2,5,3,-0.39,189
5855,196,30,5535,1,8,3,0.86,129
5855,196,30,5535,1,5,3,0.86,129
5856,196,11,5512,3,8,3,-0.72,94
5856,196,11,5512,3,5,3,-0.72,94
5857,196,15,5536,1,8,3,0.96,4
5857,196,15,5536,1,5,3,0.96,4
5858,196,11,5537,1,8,3,-0.53,20
5858,196,11,5537,1,5,3,-0.53,20
5859,196,10,5538,1,8,3,0.44,4
5859,196,10,5538,1,5,3,0.44,4
5860,196,10,5539,1,8,3,0.94,13
5860,196,10,5539,1,5,3,0.94,13
5861,196,7,5540,1,8,3,0.47,32
5861,196,7,5540,1,5,3,0.47,32
5862,196,5,127,2,8,3,0.66,16
5862,196,5,127,2,5,3,0.66,16
5863,196,30,5541,1,8,3,-0.63,25
5863,196,30,5541,1,5,3,-0.63,25
5864,197,12,5542,2,8,3,-0.95,186
5864,197,12,5542,2,5,3,-0.95,186
5865,197,13,5543,1,8,3,-0.86,153
5865,197,13,5543,1,5,3,-0.86,153
5866,197,30,5544,1,8,3,-0.45,41
5866,197,30,5544,1,5,3,-0.45,41
5867,197,10,5545,2,8,3,0.0,146
5867,197,10,5545,2,5,3,0.0,146
5868,197,10,5546,1,8,3,0.61,100
5868,197,10,5546,1,5,3,0.61,100
5869,197,7,5547,2,8,3,-0.82,149
5869,197,7,5547,2,5,3,-0.82,149
5870,197,30,5548,6,8,3,0.96,52
5870,197,30,5548,6,5,3,0.96,52
5871,197,8,5549,1,8,3,0.6,44
5871,197,8,5549,1,5,3,0.6,44
5872,197,11,5550,2,8,3,0.98,16
5872,197,11,5550,2,5,3,0.98,16
5873,197,6,5551,2,8,3,0.98,34
5873,197,6,5551,2,5,3,0.98,34
5874,197,17,5521,1,8,3,0.43,20
5874,197,17,5521,1,5,3,0.43,20
5875,197,7,5552,2,8,3,0.63,23
5875,197,7,5552,2,5,3,0.63,23
5876,197,10,5553,2,8,3,-0.53,25
5876,197,10,5553,2,5,3,-0.53,25
5877,197,10,5554,1,8,3,-0.39,38
5877,197,10,5554,1,5,3,-0.39,38
5878,197,9,5555,1,8,3,0.9,54
5878,197,9,5555,1,5,3,0.9,54
5879,197,7,5556,1,8,3,0.98,19
5879,197,7,5556,1,5,3,0.98,19
5880,197,7,5557,2,8,3,0.52,18
5880,197,7,5557,2,5,3,0.52,18
5881,197,8,5558,2,8,3,0.53,12
5881,197,8,5558,2,5,3,0.53,12
5882,197,6,5532,2,8,3,0.62,16
5882,197,6,5532,2,5,3,0.62,16
5883,197,30,5559,2,8,3,-0.73,269
5883,197,30,5559,2,5,3,-0.73,269
5884,197,11,5560,2,8,3,0.95,217
5884,197,11,5560,2,5,3,0.95,217
5885,197,10,5561,2,8,3,-0.86,209
5885,197,10,5561,2,5,3,-0.86,209
5886,197,6,5562,2,8,3,0.89,76
5886,197,6,5562,2,5,3,0.89,76
5887,197,12,5563,2,8,3,0.63,18
5887,197,12,5563,2,5,3,0.63,18
5888,197,30,5564,1,8,3,0.75,4
5888,197,30,5564,1,5,3,0.75,4
5889,197,10,5565,1,8,3,0.57,17
5889,197,10,5565,1,5,3,0.57,17
5890,197,30,5566,1,8,3,-0.73,7
5890,197,30,5566,1,5,3,-0.73,7
5891,197,6,5567,1,8,3,0.52,4
5891,197,6,5567,1,5,3,0.52,4
5892,198,13,5568,2,8,3,0.98,31
5892,198,13,5568,2,5,3,0.98,31
5893,198,21,5569,2,8,3,0.54,18
5893,198,21,5569,2,5,3,0.54,18
5894,198,14,5570,1,8,3,0.71,18
5894,198,14,5570,1,5,3,0.71,18
5895,198,11,5571,2,8,3,0.98,16
5895,198,11,5571,2,5,3,0.98,16
5896,198,30,5395,2,8,3,-0.45,11
5896,198,30,5395,2,5,3,-0.45,11
5897,198,9,5572,1,8,3,0.98,10
5897,198,9,5572,1,5,3,0.98,10
5898,198,17,5573,2,8,3,0.95,17
5898,198,17,5573,2,5,3,0.95,17
5899,198,10,5574,1,8,3,0.75,4
5899,198,10,5574,1,5,3,0.75,4
5900,198,30,5575,1,8,3,0.56,8
5900,198,30,5575,1,5,3,0.56,8
5901,199,21,177,2,8,3,-0.52,63
5901,199,21,177,2,5,3,-0.52,63
5902,199,30,5576,5,8,3,-0.83,235
5902,199,30,5576,5,5,3,-0.83,235
5903,199,11,5577,2,8,3,-0.74,321
5903,199,11,5577,2,5,3,-0.74,321
5904,199,30,5578,2,8,3,-0.9,64
5904,199,30,5578,2,5,3,-0.9,64
5905,199,11,156,2,8,3,-0.51,64
5905,199,11,156,2,5,3,-0.51,64
5906,199,10,5579,2,8,3,0.92,52
5906,199,10,5579,2,5,3,0.92,52
5907,199,7,178,2,8,3,0.94,118
5907,199,7,178,2,5,3,0.94,118
5908,199,8,5580,1,8,3,0.94,27
5908,199,8,5580,1,5,3,0.94,27
5909,199,6,5581,2,8,3,0.92,37
5909,199,6,5581,2,5,3,0.92,37
5910,199,12,5582,2,8,3,0.66,16
5910,199,12,5582,2,5,3,0.66,16
5911,199,7,5583,1,8,3,-0.68,27
5911,199,7,5583,1,5,3,-0.68,27
5912,199,6,5584,2,8,3,0.88,25
5912,199,6,5584,2,5,3,0.88,25
5913,199,30,5585,2,8,3,0.96,11
5913,199,30,5585,2,5,3,0.96,11
5914,199,9,5586,2,8,3,-0.95,20
5914,199,9,5586,2,5,3,-0.95,20
5915,199,9,5587,2,8,3,0.82,31
5915,199,9,5587,2,5,3,0.82,31
5916,199,9,5588,1,8,3,0.96,10
5916,199,9,5588,1,5,3,0.96,10
5917,199,7,5589,2,8,3,0.64,19
5917,199,7,5589,2,5,3,0.64,19
5918,199,8,5590,2,8,3,0.78,15
5918,199,8,5590,2,5,3,0.78,15
5919,199,8,5591,1,8,3,0.5,17
5919,199,8,5591,1,5,3,0.5,17
5920,199,6,5592,2,8,3,0.5,18
5920,199,6,5592,2,5,3,0.5,18
5921,199,6,5593,1,8,3,0.91,3
5921,199,6,5593,1,5,3,0.91,3
5922,199,7,5594,1,8,3,0.75,4
5922,199,7,5594,1,5,3,0.75,4
5923,199,8,5595,2,8,3,-0.48,13
5923,199,8,5595,2,5,3,-0.48,13
5924,199,7,5596,1,8,3,0.61,11
5924,199,7,5596,1,5,3,0.61,11
5925,199,21,5597,2,8,3,-0.89,58
5925,199,21,5597,2,5,3,-0.89,58
5926,199,21,5598,1,8,3,0.42,28
5926,199,21,5598,1,5,3,0.42,28
5927,199,18,5599,1,8,3,0.86,20
5927,199,18,5599,1,5,3,0.86,20
5928,199,11,5600,2,8,3,-0.45,187
5928,199,11,5600,2,5,3,-0.45,187
5929,199,11,5601,2,8,3,-0.6,176
5929,199,11,5601,2,5,3,-0.6,176
5930,199,11,5602,1,8,3,0.75,36
5930,199,11,5602,1,5,3,0.75,36
5931,199,10,5603,1,8,3,-0.48,98
5931,199,10,5603,1,5,3,-0.48,98
5932,199,11,5604,2,8,3,-0.85,15
5932,199,11,5604,2,5,3,-0.85,15
5933,199,10,5605,1,8,3,0.38,26
5933,199,10,5605,1,5,3,0.38,26
5934,199,10,5606,1,8,3,0.63,7
5934,199,10,5606,1,5,3,0.63,7
5935,199,7,5607,1,8,3,0.4,6
5935,199,7,5607,1,5,3,0.4,6
5936,199,24,5608,1,8,3,-0.96,28
5936,199,24,5608,1,5,3,-0.96,28
5937,199,23,5609,1,8,3,0.86,14
5937,199,23,5609,1,5,3,0.86,14
5938,200,11,196,2,8,3,-0.45,322
5938,200,11,196,2,5,3,-0.45,322
5939,200,30,5610,5,8,3,-0.77,217
5939,200,30,5610,5,5,3,-0.77,217
5940,200,11,5611,5,8,3,-0.85,164
5940,200,11,5611,5,5,3,-0.85,164
5941,200,13,5395,2,8,3,0.55,47
5941,200,13,5395,2,5,3,0.55,47
5942,200,9,5612,2,8,3,-0.66,234
5942,200,9,5612,2,5,3,-0.66,234
5943,200,7,178,2,8,3,0.97,58
5943,200,7,178,2,5,3,0.97,58
5944,200,11,5613,2,8,3,-0.97,128
5944,200,11,5613,2,5,3,-0.97,128
5945,200,11,5614,1,8,3,-0.96,111
5945,200,11,5614,1,5,3,-0.96,111
5946,200,6,5615,3,8,3,0.0,183
5946,200,6,5615,3,5,3,0.0,183
5947,200,30,5616,2,8,3,-0.86,88
5947,200,30,5616,2,5,3,-0.86,88
5948,200,8,5617,2,8,3,0.8,183
5948,200,8,5617,2,5,3,0.8,183
5949,200,9,5618,2,8,3,0.49,98
5949,200,9,5618,2,5,3,0.49,98
5950,200,10,5619,2,8,3,-0.98,101
5950,200,10,5619,2,5,3,-0.98,101
5951,200,10,5620,2,8,3,0.99,92
5951,200,10,5620,2,5,3,0.99,92
5952,200,9,5621,2,8,3,0.94,69
5952,200,9,5621,2,5,3,0.94,69
5953,200,13,5568,1,8,3,0.41,7
5953,200,13,5568,1,5,3,0.41,7
5954,200,9,5622,2,8,3,0.0,37
5954,200,9,5622,2,5,3,0.0,37
5955,200,10,5623,2,8,3,0.86,43
5955,200,10,5623,2,5,3,0.86,43
5956,200,11,5624,1,8,3,-0.93,32
5956,200,11,5624,1,5,3,-0.93,32
5957,200,13,5625,2,8,3,-0.68,22
5957,200,13,5625,2,5,3,-0.68,22
5958,200,9,57,5,8,3,-0.63,49
5958,200,9,57,5,5,3,-0.63,49
5959,200,9,5626,1,8,3,0.63,32
5959,200,9,5626,1,5,3,0.63,32
5960,200,9,5627,2,8,3,0.94,16
5960,200,9,5627,2,5,3,0.94,16
5961,200,5,5628,2,8,3,0.71,20
5961,200,5,5628,2,5,3,0.71,20
5962,200,9,158,2,8,3,0.92,11
5962,200,9,158,2,5,3,0.92,11
5963,200,9,5629,2,8,3,0.66,22
5963,200,9,5629,2,5,3,0.66,22
5964,200,9,5530,2,8,3,0.48,11
5964,200,9,5530,2,5,3,0.48,11
5965,200,30,5630,2,8,3,-0.48,66
5965,200,30,5630,2,5,3,-0.48,66
5966,200,30,5631,2,8,3,0.5,108
5966,200,30,5631,2,5,3,0.5,108
5967,200,15,5632,3,8,3,-0.69,219
5967,200,15,5632,3,5,3,-0.69,219
5968,200,11,5633,3,8,3,0.81,254
5968,200,11,5633,3,5,3,0.81,254
5969,200,30,5634,6,8,3,-0.92,238
5969,200,30,5634,6,5,3,-0.92,238
5970,200,30,5635,2,8,3,-0.66,239
5970,200,30,5635,2,5,3,-0.66,239
5971,200,30,5636,3,8,3,-0.46,167
5971,200,30,5636,3,5,3,-0.46,167
5972,200,6,5637,3,8,3,0.54,113
5972,200,6,5637,3,5,3,0.54,113
5973,200,11,5638,1,8,3,0.67,133
5973,200,11,5638,1,5,3,0.67,133
5974,200,11,5639,2,8,3,-0.64,196
5974,200,11,5639,2,5,3,-0.64,196
5975,200,6,5615,2,8,3,0.48,84
5975,200,6,5615,2,5,3,0.48,84
5976,200,11,5640,2,8,3,0.83,126
5976,200,11,5640,2,5,3,0.83,126
5977,200,15,5641,2,8,3,0.53,20
5977,200,15,5641,2,5,3,0.53,20
5978,200,11,5642,6,8,3,-0.49,105
5978,200,11,5642,6,5,3,-0.49,105
5979,200,11,5643,3,8,3,0.89,47
5979,200,11,5643,3,5,3,0.89,47
5980,200,6,5562,1,8,3,0.54,46
5980,200,6,5562,1,5,3,0.54,46
5981,200,11,5512,2,8,3,0.48,36
5981,200,11,5512,2,5,3,0.48,36
5982,200,15,5644,1,8,3,0.62,11
5982,200,15,5644,1,5,3,0.62,11
5983,200,30,5645,1,8,3,-0.87,18
5983,200,30,5645,1,5,3,-0.87,18
5984,200,10,5646,2,8,3,0.93,19
5984,200,10,5646,2,5,3,0.93,19
5985,200,10,5647,2,8,3,0.67,21
5985,200,10,5647,2,5,3,0.67,21
5986,200,8,5648,2,8,3,0.6,26
5986,200,8,5648,2,5,3,0.6,26
5987,200,5,5649,1,8,3,0.62,25
5987,200,5,5649,1,5,3,0.62,25
5988,200,10,5574,1,8,3,0.56,8
5988,200,10,5574,1,5,3,0.56,8
5989,200,10,5650,1,8,3,0.96,4
5989,200,10,5650,1,5,3,0.96,4
5990,200,8,5551,2,8,3,0.96,11
5990,200,8,5551,2,5,3,0.96,11
5991,200,9,5651,1,8,3,0.42,3
5991,200,9,5651,1,5,3,0.42,3
5992,200,24,5652,2,8,3,0.36,12
5992,200,24,5652,2,5,3,0.36,12
5993,201,30,5653,2,8,3,0.0,79
5993,201,30,5653,2,5,3,0.0,79
5994,201,30,5541,6,8,3,-0.71,18
5994,201,30,5541,6,5,3,-0.71,18
5995,202,11,5654,1,8,3,0.0,82
5995,202,11,5654,1,5,3,0.0,82
5996,202,8,5655,1,8,3,0.8,25
5996,202,8,5655,1,5,3,0.8,25
5997,202,6,5656,2,8,3,0.99,32
5997,202,6,5656,2,5,3,0.99,32
5998,202,10,5657,1,8,3,0.62,26
5998,202,10,5657,1,5,3,0.62,26
5999,202,20,5658,2,8,3,-0.67,97
5999,202,20,5658,2,5,3,-0.67,97
6000,202,30,5659,2,8,3,-0.95,238
6000,202,30,5659,2,5,3,-0.95,238
6001,202,30,5660,1,8,3,-0.74,162
6001,202,30,5660,1,5,3,-0.74,162
6002,202,11,5560,2,8,3,-0.53,180
6002,202,11,5560,2,5,3,-0.53,180
6003,202,8,5661,1,8,3,0.95,50
6003,202,8,5661,1,5,3,0.95,50
6004,202,30,5662,1,8,3,0.35,26
6004,202,30,5662,1,5,3,0.35,26
6005,202,8,5663,1,8,3,0.75,4
6005,202,8,5663,1,5,3,0.75,4
6006,203,11,5664,2,8,3,0.92,35
6006,203,11,5664,2,5,3,0.92,35
6007,203,11,5665,2,8,3,0.6,22
6007,203,11,5665,2,5,3,0.6,22
6008,203,9,5666,2,8,3,-0.96,21
6008,203,9,5666,2,5,3,-0.96,21
6009,203,7,5667,1,8,3,-0.44,30
6009,203,7,5667,1,5,3,-0.44,30
6010,203,6,5668,1,8,3,0.81,29
6010,203,6,5668,1,5,3,0.81,29
6011,203,30,5669,2,8,3,0.44,16
6011,203,30,5669,2,5,3,0.44,16
6012,203,6,5670,1,8,3,0.94,14
6012,203,6,5670,1,5,3,0.94,14
6013,203,10,5671,2,8,3,0.66,16
6013,203,10,5671,2,5,3,0.66,16
6014,203,8,5670,1,8,3,0.78,5
6014,203,8,5670,1,5,3,0.78,5
6015,203,11,5672,2,8,3,-0.94,122
6015,203,11,5672,2,5,3,-0.94,122
6016,203,30,5673,2,8,3,-0.45,129
6016,203,30,5673,2,5,3,-0.45,129
6017,203,15,5674,1,8,3,0.42,25
6017,203,15,5674,1,5,3,0.42,25
6018,203,10,5675,1,8,3,0.68,51
6018,203,10,5675,1,5,3,0.68,51
6019,203,9,5676,1,8,3,0.88,11
6019,203,9,5676,1,5,3,0.88,11
6020,203,5,5677,1,8,3,0.56,7
6020,203,5,5677,1,5,3,0.56,7
6021,204,11,5678,2,8,3,-0.72,236
6021,204,11,5678,2,5,3,-0.72,236
6022,204,6,5615,1,8,3,-0.94,63
6022,204,6,5615,1,5,3,-0.94,63
6023,204,7,5679,6,8,3,0.77,45
6023,204,7,5679,6,5,3,0.77,45
6024,204,6,5680,2,8,3,0.96,22
6024,204,6,5680,2,5,3,0.96,22
6025,204,7,5681,1,8,3,0.56,19
6025,204,7,5681,1,5,3,0.56,19
6026,204,7,5682,1,8,3,0.6,14
6026,204,7,5682,1,5,3,0.6,14
6027,204,7,5683,1,8,3,-0.7,11
6027,204,7,5683,1,5,3,-0.7,11
6028,204,11,5684,5,8,3,-0.85,176
6028,204,11,5684,5,5,3,-0.85,176
6029,204,11,5515,3,8,3,0.7,92
6029,204,11,5515,3,5,3,0.7,92
6030,204,7,159,1,8,3,0.59,95
6030,204,7,159,1,5,3,0.59,95
6031,204,6,5540,1,8,3,0.98,9
6031,204,6,5540,1,5,3,0.98,9
6032,204,6,5685,1,8,3,0.79,8
6032,204,6,5685,1,5,3,0.79,8
6033,204,7,5686,1,8,3,-0.55,25
6033,204,7,5686,1,5,3,-0.55,25
6034,204,7,165,1,8,3,0.56,8
6034,204,7,165,1,5,3,0.56,8
6035,205,30,5687,2,8,3,-0.62,137
6035,205,30,5687,2,5,3,-0.62,137
6036,205,21,5688,2,8,3,-0.95,20
6036,205,21,5688,2,5,3,-0.95,20
6037,205,6,3233,2,8,3,0.4,127
6037,205,6,3233,2,5,3,0.4,127
6038,205,7,5689,2,8,3,0.95,56
6038,205,7,5689,2,5,3,0.95,56
6039,205,6,5690,1,8,3,0.81,31
6039,205,6,5690,1,5,3,0.81,31
6040,205,6,5691,1,8,3,0.86,34
6040,205,6,5691,1,5,3,0.86,34
6041,205,7,5682,2,8,3,0.41,19
6041,205,7,5682,2,5,3,0.41,19
6042,205,6,5692,1,8,3,0.47,4
6042,205,6,5692,1,5,3,0.47,4
6043,205,11,5512,3,8,3,-0.62,107
6043,205,11,5512,3,5,3,-0.62,107
6044,205,15,5693,1,8,3,0.43,9
6044,205,15,5693,1,5,3,0.43,9
6045,205,30,5694,2,8,3,0.5,15
6045,205,30,5694,2,5,3,0.5,15
6046,205,11,5695,2,8,3,0.57,19
6046,205,11,5695,2,5,3,0.57,19
6047,205,6,5696,1,8,3,0.53,4
6047,205,6,5696,1,5,3,0.53,4
6048,205,10,5697,1,8,3,0.42,3
6048,205,10,5697,1,5,3,0.42,3
6049,205,6,5698,1,8,3,0.75,4
6049,205,6,5698,1,5,3,0.75,4
6050,206,17,5699,2,8,3,-0.62,286
6050,206,17,5699,2,5,3,-0.62,286
6051,206,10,5700,2,8,3,-0.9,166
6051,206,10,5700,2,5,3,-0.9,166
6052,206,10,5701,2,8,3,-0.94,326
6052,206,10,5701,2,5,3,-0.94,326
6053,206,10,5702,1,8,3,-0.8,92
6053,206,10,5702,1,5,3,-0.8,92
6054,206,10,5703,1,8,3,-0.5,14
6054,206,10,5703,1,5,3,-0.5,14
6055,206,16,5704,3,8,3,0.63,73
6055,206,16,5704,3,5,3,0.63,73
6056,206,10,5705,3,8,3,-0.72,244
6056,206,10,5705,3,5,3,-0.72,244
6057,206,6,5706,3,8,3,-0.4,233
6057,206,6,5706,3,5,3,-0.4,233
6058,206,8,5707,1,8,3,0.65,96
6058,206,8,5707,1,5,3,0.65,96
6059,206,11,5708,1,8,3,-0.79,116
6059,206,11,5708,1,5,3,-0.79,116
6060,206,30,5709,1,8,3,0.99,7
6060,206,30,5709,1,5,3,0.99,7
6061,206,10,5710,1,8,3,-0.49,10
6061,206,10,5710,1,5,3,-0.49,10
6062,206,7,5551,2,8,3,0.67,16
6062,206,7,5551,2,5,3,0.67,16
6063,207,30,5711,3,8,3,-0.88,160
6063,207,30,5711,3,5,3,-0.88,160
6064,207,30,5712,1,8,3,-0.81,82
6064,207,30,5712,1,5,3,-0.81,82
6065,207,9,5713,5,8,3,-0.95,73
6065,207,9,5713,5,5,3,-0.95,73
6066,207,7,5714,1,8,3,0.96,71
6066,207,7,5714,1,5,3,0.96,71
6067,207,10,5715,2,8,3,0.89,64
6067,207,10,5715,2,5,3,0.89,64
6068,207,9,5716,2,8,3,-0.83,73
6068,207,9,5716,2,5,3,-0.83,73
6069,207,11,5717,2,8,3,-0.58,50
6069,207,11,5717,2,5,3,-0.58,50
6070,207,9,129,2,8,3,0.56,34
6070,207,9,129,2,5,3,0.56,34
6071,207,11,5718,1,8,3,-0.61,43
6071,207,11,5718,1,5,3,-0.61,43
6072,207,10,5719,2,8,3,0.87,53
6072,207,10,5719,2,5,3,0.87,53
6073,207,30,5720,2,8,3,0.92,11
6073,207,30,5720,2,5,3,0.92,11
6074,207,11,5721,2,8,3,-0.95,20
6074,207,11,5721,2,5,3,-0.95,20
6075,207,7,57,2,8,3,0.49,27
6075,207,7,57,2,5,3,0.49,27
6076,207,5,5722,1,8,3,0.58,8
6076,207,5,5722,1,5,3,0.58,8
6077,207,9,5723,2,8,3,0.84,11
6077,207,9,5723,2,5,3,0.84,11
6078,207,7,5724,2,8,3,0.46,28
6078,207,7,5724,2,5,3,0.46,28
6079,207,17,5725,1,8,3,0.91,125
6079,207,17,5725,1,5,3,0.91,125
6080,207,11,5726,1,8,3,0.51,89
6080,207,11,5726,1,5,3,0.51,89
6081,207,11,5727,1,8,3,-0.6,203
6081,207,11,5727,1,5,3,-0.6,203
6082,207,30,5728,2,8,3,0.98,102
6082,207,30,5728,2,5,3,0.98,102
6083,207,30,5729,2,8,3,0.65,105
6083,207,30,5729,2,5,3,0.65,105
6084,207,8,134,1,8,3,0.83,102
6084,207,8,134,1,5,3,0.83,102
6085,207,30,5730,1,8,3,0.58,22
6085,207,30,5730,1,5,3,0.58,22
6086,207,6,5731,2,8,3,0.58,33
6086,207,6,5731,2,5,3,0.58,33
6087,207,5,127,1,8,3,-0.94,12
6087,207,5,127,1,5,3,-0.94,12
6088,207,9,5732,2,8,3,0.92,11
6088,207,9,5732,2,5,3,0.92,11
6089,207,9,5733,1,8,3,0.57,7
6089,207,9,5733,1,5,3,0.57,7
6090,208,6,5734,1,8,3,0.96,14
6090,208,6,5734,1,5,3,0.96,14
6091,208,9,5735,1,8,3,0.93,12
6091,208,9,5735,1,5,3,0.93,12
6092,208,7,5736,2,8,3,0.92,11
6092,208,7,5736,2,5,3,0.92,11
6093,208,9,5737,1,8,3,0.75,4
6093,208,9,5737,1,5,3,0.75,4
6094,208,16,5738,2,8,3,0.86,52
6094,208,16,5738,2,5,3,0.86,52
6095,208,11,5739,2,8,3,0.0,42
6095,208,11,5739,2,5,3,0.0,42
6096,208,12,5740,1,8,3,0.0,45
6096,208,12,5740,1,5,3,0.0,45
6097,208,11,5741,2,8,3,0.98,69
6097,208,11,5741,2,5,3,0.98,69
6098,208,11,5739,1,8,3,0.0,173
6098,208,11,5739,1,5,3,0.0,173
6099,208,30,5742,1,8,3,0.63,59
6099,208,30,5742,1,5,3,0.63,59
6100,208,6,5743,1,8,3,0.0,46
6100,208,6,5743,1,5,3,0.0,46
6101,208,7,5744,1,8,3,0.64,11
6101,208,7,5744,1,5,3,0.64,11
6102,208,30,5745,1,8,3,0.96,9
6102,208,30,5745,1,5,3,0.96,9
6103,208,30,5746,1,8,3,0.42,2
6103,208,30,5746,1,5,3,0.42,2
6104,208,9,5747,1,8,3,0.97,9
6104,208,9,5747,1,5,3,0.97,9
6105,208,9,5748,1,8,3,0.93,13
6105,208,9,5748,1,5,3,0.93,13
6106,209,10,5749,3,8,3,-0.41,299
6106,209,10,5749,3,5,3,-0.41,299
6107,209,7,5750,2,8,3,0.97,64
6107,209,7,5750,2,5,3,0.97,64
6108,209,7,178,2,8,3,0.94,63
6108,209,7,178,2,5,3,0.94,63
6109,209,10,5751,1,8,3,-0.4,3
6109,209,10,5751,1,5,3,-0.4,3
6110,209,6,5752,1,8,3,0.85,13
6110,209,6,5752,1,5,3,0.85,13
6111,209,20,5753,4,8,3,-0.56,259
6111,209,20,5753,4,5,3,-0.56,259
6112,209,20,5754,2,8,3,-0.37,72
6112,209,20,5754,2,5,3,-0.37,72
6113,209,11,5755,2,8,3,-0.91,151
6113,209,11,5755,2,5,3,-0.91,151
6114,209,8,5756,1,8,3,0.93,19
6114,209,8,5756,1,5,3,0.93,19
6115,209,6,5757,1,8,3,0.48,4
6115,209,6,5757,1,5,3,0.48,4
6116,210,30,5758,2,8,3,0.46,19
6116,210,30,5758,2,5,3,0.46,19
6117,210,8,5759,1,8,3,0.5,11
6117,210,8,5759,1,5,3,0.5,11
6118,210,6,5760,1,8,3,0.5,11
6118,210,6,5760,1,5,3,0.5,11
6119,210,20,5761,1,8,3,-0.78,101
6119,210,20,5761,1,5,3,-0.78,101
6120,210,30,5762,2,8,3,0.72,98
6120,210,30,5762,2,5,3,0.72,98
6121,210,6,5763,3,8,3,-0.44,182
6121,210,6,5763,3,5,3,-0.44,182
6122,210,8,5764,2,8,3,-0.59,46
6122,210,8,5764,2,5,3,-0.59,46
6123,210,9,5765,2,8,3,0.98,20
6123,210,9,5765,2,5,3,0.98,20
6124,210,9,5766,1,8,3,0.86,14
6124,210,9,5766,1,5,3,0.86,14
6125,210,6,5767,1,8,3,0.97,11
6125,210,6,5767,1,5,3,0.97,11
6126,210,6,158,2,8,3,0.73,21
6126,210,6,158,2,5,3,0.73,21
6127,210,5,5768,1,8,3,0.64,41
6127,210,5,5768,1,5,3,0.64,41
6128,210,6,5769,1,8,3,0.54,5
6128,210,6,5769,1,5,3,0.54,5
6129,210,6,5770,2,8,3,0.51,10
6129,210,6,5770,2,5,3,0.51,10
6130,211,20,5771,2,8,3,0.95,31
6130,211,20,5771,2,5,3,0.95,31
6131,213,10,5772,2,8,3,-0.98,60
6131,213,10,5772,2,5,3,-0.98,60
6132,213,5,5773,1,8,3,0.75,6
6132,213,5,5773,1,5,3,0.75,6
6133,213,9,5774,2,8,3,0.85,83
6133,213,9,5774,2,5,3,0.85,83
6134,213,10,5775,1,8,3,0.47,20
6134,213,10,5775,1,5,3,0.47,20
6135,214,7,5776,1,8,3,0.74,197
6135,214,7,5776,1,5,3,0.74,197
6136,214,8,5777,1,8,3,0.92,15
6136,214,8,5777,1,5,3,0.92,15
6137,214,10,5778,1,8,3,-0.41,3
6137,214,10,5778,1,5,3,-0.41,3
6138,214,6,5779,2,8,3,0.66,16
6138,214,6,5779,2,5,3,0.66,16
6139,214,9,5780,2,8,3,0.92,11
6139,214,9,5780,2,5,3,0.92,11
6140,214,8,5781,1,8,3,0.56,12
6140,214,8,5781,1,5,3,0.56,12
6141,214,8,5782,1,8,3,0.56,8
6141,214,8,5782,1,5,3,0.56,8
6142,214,9,5783,1,8,3,0.58,17
6142,214,9,5783,1,5,3,0.58,17
6143,215,15,5784,2,9,3,-0.58,239
6143,215,15,5784,2,6,3,-0.58,239
6144,215,20,5785,1,9,3,0.0,110
6144,215,20,5785,1,6,3,0.0,110
6145,215,14,5786,5,9,3,-0.98,264
6145,215,14,5786,5,6,3,-0.98,264
6146,215,30,5787,2,9,3,-0.98,239
6146,215,30,5787,2,6,3,-0.98,239
6147,215,16,5788,1,9,3,0.91,114
6147,215,16,5788,1,6,3,0.91,114
6148,215,30,5789,4,9,3,0.0,240
6148,215,30,5789,4,6,3,0.0,240
6149,215,19,5790,6,9,3,0.0,58
6149,215,19,5790,6,6,3,0.0,58
6150,215,9,5791,2,9,3,-0.42,235
6150,215,9,5791,2,6,3,-0.42,235
6151,215,11,5792,2,9,3,-0.55,217
6151,215,11,5792,2,6,3,-0.55,217
6152,215,30,5793,2,9,3,0.98,73
6152,215,30,5793,2,6,3,0.98,73
6153,215,11,5794,6,9,3,-0.78,170
6153,215,11,5794,6,6,3,-0.78,170
6154,215,9,4082,2,9,3,-0.96,130
6154,215,9,4082,2,6,3,-0.96,130
6155,215,10,5795,1,9,3,0.79,74
6155,215,10,5795,1,6,3,0.79,74
6156,215,11,5796,5,9,3,0.98,29
6156,215,11,5796,5,6,3,0.98,29
6157,215,11,5797,1,9,3,0.0,16
6157,215,11,5797,1,6,3,0.0,16
6158,215,10,5798,2,9,3,-0.86,29
6158,215,10,5798,2,6,3,-0.86,29
6159,215,5,543,2,9,3,0.98,28
6159,215,5,543,2,6,3,0.98,28
6160,215,30,5799,1,9,3,0.0,12
6160,215,30,5799,1,6,3,0.0,12
6161,215,11,5800,1,9,3,0.95,5
6161,215,11,5800,1,6,3,0.95,5
6162,215,30,5801,2,9,3,0.92,11
6162,215,30,5801,2,6,3,0.92,11
6163,215,9,5802,1,9,3,0.56,22
6163,215,9,5802,1,6,3,0.56,22
6164,215,8,5803,2,9,3,0.95,11
6164,215,8,5803,2,6,3,0.95,11
6165,215,7,5804,2,9,3,-0.91,24
6165,215,7,5804,2,6,3,-0.91,24
6166,215,8,5805,2,9,3,-0.89,16
6166,215,8,5805,2,6,3,-0.89,16
6167,215,6,5806,2,9,3,0.57,17
6167,215,6,5806,2,6,3,0.57,17
6168,215,10,5807,1,9,3,-0.63,19
6168,215,10,5807,1,6,3,-0.63,19
6169,215,7,5808,1,9,3,0.72,7
6169,215,7,5808,1,6,3,0.72,7
6170,215,5,599,1,9,3,0.45,2
6170,215,5,599,1,6,3,0.45,2
6171,215,9,5809,2,9,3,-0.85,11
6171,215,9,5809,2,6,3,-0.85,11
6172,215,8,5810,2,9,3,0.57,15
6172,215,8,5810,2,6,3,0.57,15
6173,215,30,593,2,9,3,0.49,49
6173,215,30,593,2,6,3,0.49,49
6174,215,21,5811,3,9,3,-0.53,240
6174,215,21,5811,3,6,3,-0.53,240
6175,215,17,5812,2,9,3,0.76,114
6175,215,17,5812,2,6,3,0.76,114
6176,215,30,5813,2,9,3,-0.72,236
6176,215,30,5813,2,6,3,-0.72,236
6177,215,14,5814,2,9,3,-0.65,337
6177,215,14,5814,2,6,3,-0.65,337
6178,215,19,5815,7,9,3,-0.49,98
6178,215,19,5815,7,6,3,-0.49,98
6179,215,30,5816,2,9,3,-0.8,236
6179,215,30,5816,2,6,3,-0.8,236
6180,215,13,5817,1,9,3,0.0,64
6180,215,13,5817,1,6,3,0.0,64
6181,215,21,5818,1,9,3,0.46,20
6181,215,21,5818,1,6,3,0.46,20
6182,215,21,5819,1,9,3,0.52,5
6182,215,21,5819,1,6,3,0.52,5
6183,215,11,5820,1,9,3,0.98,71
6183,215,11,5820,1,6,3,0.98,71
6184,215,6,5821,2,9,3,0.73,110
6184,215,6,5821,2,6,3,0.73,110
6185,215,13,5822,1,9,3,0.0,17
6185,215,13,5822,1,6,3,0.0,17
6186,215,30,5823,1,9,3,0.0,49
6186,215,30,5823,1,6,3,0.0,49
6187,215,6,5824,1,9,3,0.93,79
6187,215,6,5824,1,6,3,0.93,79
6188,215,30,5825,2,9,3,0.97,17
6188,215,30,5825,2,6,3,0.97,17
6189,215,30,5826,1,9,3,0.73,4
6189,215,30,5826,1,6,3,0.73,4
6190,215,7,5827,1,9,3,0.59,8
6190,215,7,5827,1,6,3,0.59,8
6191,215,8,5828,1,9,3,0.97,15
6191,215,8,5828,1,6,3,0.97,15
6192,215,6,5829,1,9,3,0.75,4
6192,215,6,5829,1,6,3,0.75,4
6193,215,8,5830,1,9,3,0.75,4
6193,215,8,5830,1,6,3,0.75,4
6194,215,22,5831,1,9,3,-0.46,65
6194,215,22,5831,1,6,3,-0.46,65
6195,216,21,5832,2,9,3,0.89,173
6195,216,21,5832,2,6,3,0.89,173
6196,216,16,5833,2,9,3,0.95,31
6196,216,16,5833,2,6,3,0.95,31
6197,216,6,292,2,9,3,0.76,240
6197,216,6,292,2,6,3,0.76,240
6198,216,11,5796,2,9,3,0.96,177
6198,216,11,5796,2,6,3,0.96,177
6199,216,7,5834,2,9,3,0.53,286
6199,216,7,5834,2,6,3,0.53,286
6200,216,11,5835,2,9,3,0.92,41
6200,216,11,5835,2,6,3,0.92,41
6201,216,10,4717,2,9,3,0.98,17
6201,216,10,4717,2,6,3,0.98,17
6202,216,9,5245,1,9,3,0.99,9
6202,216,9,5245,1,6,3,0.99,9
6203,216,6,5836,3,9,3,-0.59,46
6203,216,6,5836,3,6,3,-0.59,46
6204,216,9,614,1,9,3,0.59,13
6204,216,9,614,1,6,3,0.59,13
6205,216,8,5837,2,9,3,0.43,20
6205,216,8,5837,2,6,3,0.43,20
6206,216,11,5838,1,9,3,0.45,15
6206,216,11,5838,1,6,3,0.45,15
6207,216,10,617,1,9,3,0.42,6
6207,216,10,617,1,6,3,0.42,6
6208,216,8,5839,2,9,3,0.53,12
6208,216,8,5839,2,6,3,0.53,12
6209,216,7,5840,2,9,3,0.0,11
6209,216,7,5840,2,6,3,0.0,11
6210,216,7,4953,1,9,3,0.5,11
6210,216,7,4953,1,6,3,0.5,11
6211,216,21,5841,2,9,3,0.88,111
6211,216,21,5841,2,6,3,0.88,111
6212,216,30,5842,2,9,3,-0.78,236
6212,216,30,5842,2,6,3,-0.78,236
6213,216,18,5843,1,9,3,0.97,9
6213,216,18,5843,1,6,3,0.97,9
6214,216,7,5844,1,9,3,0.64,239
6214,216,7,5844,1,6,3,0.64,239
6215,216,11,5845,4,9,3,0.45,32
6215,216,11,5845,4,6,3,0.45,32
6216,216,11,5846,1,9,3,0.72,71
6216,216,11,5846,1,6,3,0.72,71
6217,216,10,5847,2,9,3,-0.41,88
6217,216,10,5847,2,6,3,-0.41,88
6218,216,6,5848,1,9,3,0.77,106
6218,216,6,5848,1,6,3,0.77,106
6219,216,9,5849,1,9,3,-0.95,35
6219,216,9,5849,1,6,3,-0.95,35
6220,216,16,5850,1,9,3,0.46,20
6220,216,16,5850,1,6,3,0.46,20
6221,216,12,5851,1,9,3,0.44,4
6221,216,12,5851,1,6,3,0.44,4
6222,216,10,5852,1,9,3,0.67,49
6222,216,10,5852,1,6,3,0.67,49
6223,216,10,5853,1,9,3,0.41,7
6223,216,10,5853,1,6,3,0.41,7
6224,216,10,5854,2,9,3,0.53,22
6224,216,10,5854,2,6,3,0.53,22
6225,216,10,5855,1,9,3,0.55,18
6225,216,10,5855,1,6,3,0.55,18
6226,216,10,5856,1,9,3,0.97,9
6226,216,10,5856,1,6,3,0.97,9
6227,216,9,5857,1,9,3,0.44,4
6227,216,9,5857,1,6,3,0.44,4
6228,216,27,5858,1,9,3,0.78,20
6228,216,27,5858,1,6,3,0.78,20
6229,217,17,5859,2,9,3,-0.57,203
6229,217,17,5859,2,6,3,-0.57,203
6230,217,17,5860,1,9,3,-0.71,145
6230,217,17,5860,1,6,3,-0.71,145
6231,217,30,5787,2,9,3,0.93,214
6231,217,30,5787,2,6,3,0.93,214
6232,217,11,5861,3,9,3,-0.75,277
6232,217,11,5861,3,6,3,-0.75,277
6233,217,11,5862,6,9,3,-0.39,95
6233,217,11,5862,6,6,3,-0.39,95
6234,217,7,5863,5,9,3,-0.57,237
6234,217,7,5863,5,6,3,-0.57,237
6235,217,11,5864,2,9,3,0.0,140
6235,217,11,5864,2,6,3,0.0,140
6236,217,10,5865,3,9,3,-0.77,164
6236,217,10,5865,3,6,3,-0.77,164
6237,217,10,598,1,9,3,0.8,98
6237,217,10,598,1,6,3,0.8,98
6238,217,9,5866,2,9,3,0.97,97
6238,217,9,5866,2,6,3,0.97,97
6239,217,11,5867,2,9,3,0.9,63
6239,217,11,5867,2,6,3,0.9,63
6240,217,30,5868,1,9,3,0.95,29
6240,217,30,5868,1,6,3,0.95,29
6241,217,10,5869,2,9,3,-0.84,176
6241,217,10,5869,2,6,3,-0.84,176
6242,217,11,5870,1,9,3,0.93,36
6242,217,11,5870,1,6,3,0.93,36
6243,217,10,5871,3,9,3,0.98,50
6243,217,10,5871,3,6,3,0.98,50
6244,217,11,5872,2,9,3,0.42,61
6244,217,11,5872,2,6,3,0.42,61
6245,217,10,5873,2,9,3,-0.81,64
6245,217,10,5873,2,6,3,-0.81,64
6246,217,10,5874,1,9,3,0.0,23
6246,217,10,5874,1,6,3,0.0,23
6247,217,30,589,2,9,3,0.81,32
6247,217,30,589,2,6,3,0.81,32
6248,217,9,5875,2,9,3,0.92,11
6248,217,9,5875,2,6,3,0.92,11
6249,217,9,5876,1,9,3,0.5,3
6249,217,9,5876,1,6,3,0.5,3
6250,217,7,585,1,9,3,0.0,15
6250,217,7,585,1,6,3,0.0,15
6251,217,7,5877,1,9,3,0.51,13
6251,217,7,5877,1,6,3,0.51,13
6252,217,30,5878,1,9,3,0.54,27
6252,217,30,5878,1,6,3,0.54,27
6253,217,18,5879,1,9,3,0.93,94
6253,217,18,5879,1,6,3,0.93,94
6254,217,21,5880,2,9,3,0.84,42
6254,217,21,5880,2,6,3,0.84,42
6255,217,11,5881,4,9,3,-0.51,238
6255,217,11,5881,4,6,3,-0.51,238
6256,217,30,5882,5,9,3,0.49,97
6256,217,30,5882,5,6,3,0.49,97
6257,217,10,5883,1,9,3,-0.82,104
6257,217,10,5883,1,6,3,-0.82,104
6258,217,10,5884,3,9,3,0.95,234
6258,217,10,5884,3,6,3,0.95,234
6259,217,11,5885,2,9,3,-0.48,105
6259,217,11,5885,2,6,3,-0.48,105
6260,217,30,5886,1,9,3,-0.95,208
6260,217,30,5886,1,6,3,-0.95,208
6261,217,30,5887,5,9,3,0.87,50
6261,217,30,5887,5,6,3,0.87,50
6262,217,30,5888,3,9,3,0.99,75
6262,217,30,5888,3,6,3,0.99,75
6263,217,11,5889,1,9,3,0.5,50
6263,217,11,5889,1,6,3,0.5,50
6264,217,10,5890,2,9,3,-0.9,155
6264,217,10,5890,2,6,3,-0.9,155
6265,217,30,5891,2,9,3,0.97,64
6265,217,30,5891,2,6,3,0.97,64
6266,217,7,5892,2,9,3,0.91,71
6266,217,7,5892,2,6,3,0.91,71
6267,217,11,5893,2,9,3,0.76,51
6267,217,11,5893,2,6,3,0.76,51
6268,217,30,5894,5,9,3,-0.42,36
6268,217,30,5894,5,6,3,-0.42,36
6269,217,7,5824,1,9,3,0.76,49
6269,217,7,5824,1,6,3,0.76,49
6270,217,30,5825,1,9,3,0.65,7
6270,217,30,5825,1,6,3,0.65,7
6271,217,7,5895,1,9,3,0.95,34
6271,217,7,5895,1,6,3,0.95,34
6272,217,9,5896,2,9,3,0.96,17
6272,217,9,5896,2,6,3,0.96,17
6273,217,10,5897,3,9,3,0.62,25
6273,217,10,5897,3,6,3,0.62,25
6274,217,10,5898,1,9,3,0.58,12
6274,217,10,5898,1,6,3,0.58,12
6275,217,9,5899,2,9,3,-0.38,16
6275,217,9,5899,2,6,3,-0.38,16
6276,217,6,5900,6,9,3,-0.7,26
6276,217,6,5900,6,6,3,-0.7,26
6277,218,12,598,2,9,3,-0.85,137
6277,218,12,598,2,6,3,-0.85,137
6278,218,30,5901,2,9,3,-0.96,259
6278,218,30,5901,2,6,3,-0.96,259
6279,218,30,5902,2,9,3,-0.95,244
6279,218,30,5902,2,6,3,-0.95,244
6280,218,20,5903,2,9,3,0.5,23
6280,218,20,5903,2,6,3,0.5,23
6281,218,9,5904,2,9,3,-0.89,118
6281,218,9,5904,2,6,3,-0.89,118
6282,218,11,5905,2,9,3,-0.55,60
6282,218,11,5905,2,6,3,-0.55,60
6283,218,9,5906,2,9,3,0.72,60
6283,218,9,5906,2,6,3,0.72,60
6284,218,30,5907,2,9,3,-0.86,33
6284,218,30,5907,2,6,3,-0.86,33
6285,218,6,5908,1,9,3,0.54,30
6285,218,6,5908,1,6,3,0.54,30
6286,218,8,383,2,9,3,0.69,15
6286,218,8,383,2,6,3,0.69,15
6287,218,10,5909,2,9,3,0.92,11
6287,218,10,5909,2,6,3,0.92,11
6288,218,7,548,2,9,3,0.73,14
6288,218,7,548,2,6,3,0.73,14
6289,218,18,5910,3,9,3,-0.46,238
6289,218,18,5910,3,6,3,-0.46,238
6290,218,17,5788,2,9,3,0.5,24
6290,218,17,5788,2,6,3,0.5,24
6291,218,10,5911,2,9,3,-0.98,147
6291,218,10,5911,2,6,3,-0.98,147
6292,218,9,5912,1,9,3,-0.49,99
6292,218,9,5912,1,6,3,-0.49,99
6293,218,9,5913,5,9,3,-0.79,98
6293,218,9,5913,5,6,3,-0.79,98
6294,218,10,5914,2,9,3,0.92,97
6294,218,10,5914,2,6,3,0.92,97
6295,218,10,5915,1,9,3,0.0,53
6295,218,10,5915,1,6,3,0.0,53
6296,218,6,5916,3,9,3,-0.4,43
6296,218,6,5916,3,6,3,-0.4,43
6297,218,11,5917,2,9,3,-0.46,12
6297,218,11,5917,2,6,3,-0.46,12
6298,218,27,5858,1,9,3,-0.69,103
6298,218,27,5858,1,6,3,-0.69,103
6299,219,30,1739,2,9,3,0.72,81
6299,219,30,1739,2,6,3,0.72,81
6300,219,7,5918,2,9,3,0.78,86
6300,219,7,5918,2,6,3,0.78,86
6301,219,30,5919,1,9,3,0.89,32
6301,219,30,5919,1,6,3,0.89,32
6302,219,10,5920,3,9,3,0.91,27
6302,219,10,5920,3,6,3,0.91,27
6303,219,8,1856,1,9,3,0.94,15
6303,219,8,1856,1,6,3,0.94,15
6304,219,30,5921,3,9,3,-0.88,236
6304,219,30,5921,3,6,3,-0.88,236
6305,219,11,5922,1,9,3,-0.52,237
6305,219,11,5922,1,6,3,-0.52,237
6306,219,10,5923,3,9,3,-0.91,251
6306,219,10,5923,3,6,3,-0.91,251
6307,219,20,5924,1,9,3,-0.64,26
6307,219,20,5924,1,6,3,-0.64,26
6308,219,12,5925,2,9,3,-0.81,72
6308,219,12,5925,2,6,3,-0.81,72
6309,219,30,5926,1,9,3,0.49,109
6309,219,30,5926,1,6,3,0.49,109
6310,219,16,5927,1,9,3,-0.47,39
6310,219,16,5927,1,6,3,-0.47,39
6311,219,9,474,1,9,3,0.97,9
6311,219,9,474,1,6,3,0.97,9
6312,219,30,5928,1,9,3,0.78,5
6312,219,30,5928,1,6,3,0.78,5
6313,219,9,5929,1,9,3,0.54,5
6313,219,9,5929,1,6,3,0.54,5
6314,219,7,5930,1,9,3,-0.84,16
6314,219,7,5930,1,6,3,-0.84,16
6315,219,26,5931,1,9,3,-0.44,103
6315,219,26,5931,1,6,3,-0.44,103
6316,220,30,5932,2,10,3,0.58,223
6316,220,30,5932,2,6,3,0.58,223
6317,220,18,5910,3,10,3,-0.84,159
6317,220,18,5910,3,6,3,-0.84,159
6318,220,15,5933,1,10,3,0.0,96
6318,220,15,5933,1,6,3,0.0,96
6319,220,12,5934,2,10,3,0.87,86
6319,220,12,5934,2,6,3,0.87,86
6320,220,11,5935,2,10,3,-0.85,82
6320,220,11,5935,2,6,3,-0.85,82
6321,220,9,5936,2,10,3,0.92,27
6321,220,9,5936,2,6,3,0.92,27
6322,220,7,5937,1,10,3,-0.4,26
6322,220,7,5937,1,6,3,-0.4,26
6323,220,10,5938,2,10,3,0.62,23
6323,220,10,5938,2,6,3,0.62,23
6324,222,18,5939,4,10,3,-0.41,258
6324,222,18,5939,4,6,3,-0.41,258
6325,222,14,5940,1,10,3,-0.71,164
6325,222,14,5940,1,6,3,-0.71,164
6326,222,14,5941,5,10,3,-0.75,227
6326,222,14,5941,5,6,3,-0.75,227
6327,222,30,5942,2,10,3,-0.54,176
6327,222,30,5942,2,6,3,-0.54,176
6328,222,11,5943,1,10,3,-0.65,105
6328,222,11,5943,1,6,3,-0.65,105
6329,222,10,349,4,10,3,-0.79,120
6329,222,10,349,4,6,3,-0.79,120
6330,222,11,5944,2,10,3,0.98,45
6330,222,11,5944,2,6,3,0.98,45
6331,222,11,5945,2,10,3,-0.52,74
6331,222,11,5945,2,6,3,-0.52,74
6332,222,15,5946,1,10,3,0.42,2
6332,222,15,5946,1,6,3,0.42,2
6333,222,30,5947,2,10,3,-0.54,85
6333,222,30,5947,2,6,3,-0.54,85
6334,222,13,5817,1,10,3,0.0,24
6334,222,13,5817,1,6,3,0.0,24
6335,222,30,5948,1,10,3,0.66,27
6335,222,30,5948,1,6,3,0.66,27
6336,222,6,5949,1,10,3,0.0,25
6336,222,6,5949,1,6,3,0.0,25
6337,222,30,5950,1,10,3,-0.49,32
6337,222,30,5950,1,6,3,-0.49,32
6338,223,14,5951,2,10,3,-0.47,36
6338,223,14,5951,2,6,3,-0.47,36
6339,223,8,5952,2,10,3,0.5,85
6339,223,8,5952,2,6,3,0.5,85
6340,223,6,5953,3,10,3,-0.91,21
6340,223,6,5953,3,6,3,-0.91,21
6341,223,11,5954,2,10,3,0.92,11
6341,223,11,5954,2,6,3,0.92,11
6342,223,30,5955,1,10,3,-0.4,94
6342,223,30,5955,1,6,3,-0.4,94
6343,223,9,561,6,10,3,-0.51,264
6343,223,9,561,6,6,3,-0.51,264
6344,223,30,5956,5,10,3,-0.65,127
6344,223,30,5956,5,6,3,-0.65,127
6345,223,10,5957,4,10,3,-0.82,188
6345,223,10,5957,4,6,3,-0.82,188
6346,223,9,5913,3,10,3,-0.72,176
6346,223,9,5913,3,6,3,-0.72,176
6347,223,7,5949,1,10,3,0.79,234
6347,223,7,5949,1,6,3,0.79,234
6348,224,30,5958,2,10,3,-0.78,99
6348,224,30,5958,2,6,3,-0.78,99
6349,224,10,5959,1,10,3,-0.57,46
6349,224,10,5959,1,6,3,-0.57,46
6350,224,17,5960,1,10,3,0.63,6
6350,224,17,5960,1,6,3,0.63,6
6351,224,10,5961,2,10,3,0.44,54
6351,224,10,5961,2,6,3,0.44,54
6352,224,10,5962,1,10,3,0.77,35
6352,224,10,5962,1,6,3,0.77,35
6353,224,10,5963,5,10,3,0.95,33
6353,224,10,5963,5,6,3,0.95,33
6354,224,10,5964,1,10,3,0.62,13
6354,224,10,5964,1,6,3,0.62,13
6355,224,9,5965,2,10,3,0.49,6
6355,224,9,5965,2,6,3,0.49,6
6356,224,21,5966,2,10,3,0.0,87
6356,224,21,5966,2,6,3,0.0,87
6357,224,30,5967,1,10,3,0.0,145
6357,224,30,5967,1,6,3,0.0,145
6358,224,17,5968,2,10,3,-0.85,15
6358,224,17,5968,2,6,3,-0.85,15
6359,224,13,5969,2,10,3,-0.96,48
6359,224,13,5969,2,6,3,-0.96,48
6360,224,10,5970,2,10,3,0.93,114
6360,224,10,5970,2,6,3,0.93,114
6361,224,10,5971,2,10,3,0.0,87
6361,224,10,5971,2,6,3,0.0,87
6362,224,16,5972,1,10,3,0.96,3
6362,224,16,5972,1,6,3,0.96,3
6363,224,8,5973,1,10,3,0.94,97
6363,224,8,5973,1,6,3,0.94,97
6364,224,8,5974,2,10,3,0.93,38
6364,224,8,5974,2,6,3,0.93,38
6365,224,10,5975,1,10,3,0.97,9
6365,224,10,5975,1,6,3,0.97,9
6366,224,6,5976,1,10,3,0.64,11
6366,224,6,5976,1,6,3,0.64,11
6367,224,11,5977,5,10,3,-0.6,23
6367,224,11,5977,5,6,3,-0.6,23
6368,225,30,5978,4,10,3,0.96,131
6368,225,30,5978,4,6,3,0.96,131
6369,225,21,5979,1,10,3,-0.75,161
6369,225,21,5979,1,6,3,-0.75,161
6370,225,14,5980,2,10,3,-0.88,92
6370,225,14,5980,2,6,3,-0.88,92
6371,225,15,5788,1,10,3,-0.4,21
6371,225,15,5788,1,6,3,-0.4,21
6372,225,21,5819,1,10,3,-0.58,11
6372,225,21,5819,1,6,3,-0.58,11
6373,225,11,5981,5,10,3,0.88,34
6373,225,11,5981,5,6,3,0.88,34
6374,226,30,5982,2,10,3,-0.98,82
6374,226,30,5982,2,6,3,-0.98,82
6375,226,9,5983,1,10,3,-0.44,185
6375,226,9,5983,1,6,3,-0.44,185
6376,226,10,5984,2,10,3,0.98,31
6376,226,10,5984,2,6,3,0.98,31
6377,226,6,5985,2,10,3,0.7,48
6377,226,6,5985,2,6,3,0.7,48
6378,226,30,5986,2,10,3,-0.61,41
6378,226,30,5986,2,6,3,-0.61,41
6379,226,7,5987,1,10,3,0.41,17
6379,226,7,5987,1,6,3,0.41,17
6380,226,7,5988,1,10,3,0.0,37
6380,226,7,5988,1,6,3,0.0,37
6381,226,9,5989,1,10,3,0.49,15
6381,226,9,5989,1,6,3,0.49,15
6382,226,9,5990,1,10,3,-0.4,3
6382,226,9,5990,1,6,3,-0.4,3
6383,226,6,5991,1,10,3,0.8,7
6383,226,6,5991,1,6,3,0.8,7
6384,226,7,5992,1,10,3,0.57,3
6384,226,7,5992,1,6,3,0.57,3
6385,226,13,5993,5,10,3,0.63,335
6385,226,13,5993,5,6,3,0.63,335
6386,226,10,5994,1,10,3,-0.39,151
6386,226,10,5994,1,6,3,-0.39,151
6387,226,16,5995,2,10,3,0.54,12
6387,226,16,5995,2,6,3,0.54,12
6388,226,10,5996,2,10,3,-0.87,49
6388,226,10,5996,2,6,3,-0.87,49
6389,226,12,5997,1,10,3,0.91,11
6389,226,12,5997,1,6,3,0.91,11
6390,226,7,5998,1,10,3,0.0,16
6390,226,7,5998,1,6,3,0.0,16
6391,226,6,576,1,10,3,0.53,28
6391,226,6,576,1,6,3,0.53,28
6392,226,7,5999,2,10,3,0.66,16
6392,226,7,5999,2,6,3,0.66,16
6393,226,9,6000,2,10,3,0.92,11
6393,226,9,6000,2,6,3,0.92,11
6394,226,30,6001,2,10,3,0.73,59
6394,226,30,6001,2,6,3,0.73,59
6395,226,24,6002,1,10,3,0.65,46
6395,226,24,6002,1,6,3,0.65,46
6396,227,21,6003,2,11,3,0.95,60
6396,227,21,6003,2,6,3,0.95,60
6397,227,17,6004,2,11,3,0.92,11
6397,227,17,6004,2,6,3,0.92,11
6398,227,17,6005,2,11,3,0.49,10
6398,227,17,6005,2,6,3,0.49,10
6399,227,24,6006,2,11,3,0.92,24
6399,227,24,6006,2,6,3,0.92,24
6400,229,11,6007,2,11,3,-0.48,18
6400,229,11,6007,2,6,3,-0.48,18
6401,229,7,6008,2,11,3,-0.46,20
6401,229,7,6008,2,6,3,-0.46,20
6402,229,15,6009,2,11,3,0.66,16
6402,229,15,6009,2,6,3,0.66,16
6403,229,6,6010,2,11,3,0.69,15
6403,229,6,6010,2,6,3,0.69,15
6404,229,7,442,1,11,3,0.37,41
6404,229,7,442,1,6,3,0.37,41
6405,229,6,6011,1,11,3,0.73,31
6405,229,6,6011,1,6,3,0.73,31
6406,229,11,6012,2,11,3,0.4,16
6406,229,11,6012,2,6,3,0.4,16
6407,229,7,6013,1,11,3,0.61,16
6407,229,7,6013,1,6,3,0.61,16
6408,229,8,6014,2,11,3,-0.44,12
6408,229,8,6014,2,6,3,-0.44,12
6409,229,21,6015,2,11,3,-0.63,297
6409,229,21,6015,2,6,3,-0.63,297
6410,229,15,6016,1,11,3,0.0,113
6410,229,15,6016,1,6,3,0.0,113
6411,229,30,6017,2,11,3,0.97,27
6411,229,30,6017,2,6,3,0.97,27
6412,229,5,6018,2,11,3,0.95,31
6412,229,5,6018,2,6,3,0.95,31
6413,229,6,6019,1,11,3,0.49,27
6413,229,6,6019,1,6,3,0.49,27
6414,229,8,5949,1,11,3,0.0,28
6414,229,8,5949,1,6,3,0.0,28
6415,229,11,6020,1,11,3,0.49,14
6415,229,11,6020,1,6,3,0.49,14
6416,230,27,5858,1,11,3,-0.44,50
6416,230,27,5858,1,6,3,-0.44,50
6417,231,11,6021,2,11,3,-0.55,162
6417,231,11,6021,2,6,3,-0.55,162
6418,231,9,6022,2,11,3,-0.7,116
6418,231,9,6022,2,6,3,-0.7,116
6419,231,10,6023,2,11,3,-0.71,84
6419,231,10,6023,2,6,3,-0.71,84
6420,231,10,6024,2,11,3,-0.48,33
6420,231,10,6024,2,6,3,-0.48,33
6421,231,8,6025,2,11,3,0.53,38
6421,231,8,6025,2,6,3,0.53,38
6422,231,11,6026,1,11,3,0.98,11
6422,231,11,6026,1,6,3,0.98,11
6423,231,9,6027,2,11,3,0.56,18
6423,231,9,6027,2,6,3,0.56,18
6424,231,9,6007,2,11,3,0.66,16
6424,231,9,6007,2,6,3,0.66,16
6425,231,8,6028,1,11,3,0.44,27
6425,231,8,6028,1,6,3,0.44,27
6426,231,8,6029,2,11,3,-0.53,232
6426,231,8,6029,2,6,3,-0.53,232
6427,231,6,6030,2,11,3,-0.85,319
6427,231,6,6030,2,6,3,-0.85,319
6428,231,10,6031,2,11,3,-0.58,119
6428,231,10,6031,2,6,3,-0.58,119
6429,231,10,6032,3,11,3,0.86,104
6429,231,10,6032,3,6,3,0.86,104
6430,231,11,6033,1,11,3,0.53,77
6430,231,11,6033,1,6,3,0.53,77
6431,231,12,6034,1,11,3,0.48,4
6431,231,12,6034,1,6,3,0.48,4
6432,231,11,6035,1,11,3,0.86,14
6432,231,11,6035,1,6,3,0.86,14
6433,231,6,6036,1,11,3,0.8,13
6433,231,6,6036,1,6,3,0.8,13
6434,231,7,6037,2,11,3,0.54,18
6434,231,7,6037,2,6,3,0.54,18
6435,231,9,6038,1,11,3,0.47,21
6435,231,9,6038,1,6,3,0.47,21
6436,231,6,6039,1,11,3,0.51,16
6436,231,6,6039,1,6,3,0.51,16
6437,232,30,6040,1,11,3,0.63,34
6437,232,30,6040,1,6,3,0.63,34
6438,232,30,6041,2,11,3,0.97,35
6438,232,30,6041,2,6,3,0.97,35
6439,232,8,6042,1,11,3,0.45,8
6439,232,8,6042,1,6,3,0.45,8
6440,232,16,2456,1,11,3,0.51,30
6440,232,16,2456,1,6,3,0.51,30
6441,232,8,6043,1,11,3,0.0,68
6441,232,8,6043,1,6,3,0.0,68
6442,232,9,6044,1,11,3,0.0,22
6442,232,9,6044,1,6,3,0.0,22
6443,232,10,6045,1,11,3,0.97,19
6443,232,10,6045,1,6,3,0.97,19
6444,232,5,6046,1,11,3,0.96,4
6444,232,5,6046,1,6,3,0.96,4
6445,232,6,6047,1,11,3,0.42,3
6445,232,6,6047,1,6,3,0.42,3
6446,232,27,5858,1,11,3,-0.48,128
6446,232,27,5858,1,6,3,-0.48,128
6447,232,30,6048,2,11,3,0.5,60
6447,232,30,6048,2,6,3,0.5,60
6448,233,27,5858,1,11,3,-0.46,47
6448,233,27,5858,1,6,3,-0.46,47
6449,234,18,6049,1,11,3,-0.92,89
6449,234,18,6049,1,6,3,-0.92,89
6450,234,30,6050,2,11,3,-0.97,198
6450,234,30,6050,2,6,3,-0.97,198
6451,234,20,6051,2,11,3,0.93,36
6451,234,20,6051,2,6,3,0.93,36
6452,234,18,6040,1,11,3,0.79,54
6452,234,18,6040,1,6,3,0.79,54
6453,234,10,6052,1,11,3,-0.96,130
6453,234,10,6052,1,6,3,-0.96,130
6454,234,8,6053,1,11,3,0.56,36
6454,234,8,6053,1,6,3,0.56,36
6455,234,9,6054,2,11,3,0.92,11
6455,234,9,6054,2,6,3,0.92,11
6456,234,10,6055,1,11,3,0.77,17
6456,234,10,6055,1,6,3,0.77,17
6457,234,9,6056,4,11,3,-0.54,199
6457,234,9,6056,4,6,3,-0.54,199
6458,234,8,6057,2,11,3,0.37,43
6458,234,8,6057,2,6,3,0.37,43
6459,234,8,6058,1,11,3,-0.46,64
6459,234,8,6058,1,6,3,-0.46,64
6460,234,11,583,2,11,3,0.56,9
6460,234,11,583,2,6,3,0.56,9
6461,234,8,5930,2,11,3,0.92,23
6461,234,8,5930,2,6,3,0.92,23
6462,234,10,6059,1,11,3,0.98,9
6462,234,10,6059,1,6,3,0.98,9
6463,234,6,3897,1,11,3,0.55,34
6463,234,6,3897,1,6,3,0.55,34
6464,234,30,6060,1,11,3,0.96,9
6464,234,30,6060,1,6,3,0.96,9
6465,234,8,6061,1,11,3,-0.92,44
6465,234,8,6061,1,6,3,-0.92,44
6466,234,30,6062,1,11,3,0.0,18
6466,234,30,6062,1,6,3,0.0,18
6467,235,13,6063,2,12,3,0.48,43
6467,235,13,6063,2,6,3,0.48,43
6468,235,11,6064,2,12,3,0.93,67
6468,235,11,6064,2,6,3,0.93,67
6469,235,11,6065,2,12,3,0.98,70
6469,235,11,6065,2,6,3,0.98,70
6470,235,24,6066,2,12,3,0.96,17
6470,235,24,6066,2,6,3,0.96,17
6471,236,14,4174,2,12,3,0.92,13
6471,236,14,4174,2,6,3,0.92,13
6472,236,10,6067,1,12,3,-0.42,23
6472,236,10,6067,1,6,3,-0.42,23
6473,236,30,6068,4,12,3,0.44,56
6473,236,30,6068,4,6,3,0.44,56
6474,238,19,6069,3,12,3,0.94,90
6474,238,19,6069,3,6,3,0.94,90
6475,238,20,6070,2,12,3,0.76,54
6475,238,20,6070,2,6,3,0.76,54
6476,238,18,6005,2,12,3,0.46,13
6476,238,18,6005,2,6,3,0.46,13
6477,238,24,6066,2,12,3,0.79,17
6477,238,24,6066,2,6,3,0.79,17
6478,238,30,6071,2,12,3,0.99,46
6478,238,30,6071,2,6,3,0.99,46
6479,247,21,6072,1,14,3,0.4,29
6479,247,21,6072,1,7,3,0.4,29
6480,247,10,703,3,14,3,-0.83,34
6480,247,10,703,3,7,3,-0.83,34
6481,247,9,6073,2,14,3,0.8,21
6481,247,9,6073,2,7,3,0.8,21
6482,247,14,6074,2,14,3,-0.9,123
6482,247,14,6074,2,7,3,-0.9,123
6483,247,11,6075,1,14,3,0.51,34
6483,247,11,6075,1,7,3,0.51,34
6484,247,11,6076,7,14,3,-0.7,36
6484,247,11,6076,7,7,3,-0.7,36
6485,249,30,6077,1,15,3,0.51,107
6485,249,30,6077,1,8,3,0.51,107
6486,249,19,6078,2,15,3,-0.92,239
6486,249,19,6078,2,8,3,-0.92,239
6487,249,17,6079,2,15,3,-0.88,194
6487,249,17,6079,2,8,3,-0.88,194
6488,250,12,6080,2,15,3,0.94,131
6488,250,12,6080,2,8,3,0.94,131
6489,250,11,6081,2,15,3,0.97,36
6489,250,11,6081,2,8,3,0.97,36
6490,250,10,6082,1,15,3,0.93,28
6490,250,10,6082,1,8,3,0.93,28
6491,251,20,6083,4,9,3,-0.97,91
6492,251,14,6084,2,9,3,-0.61,124
6493,251,30,6085,1,9,3,-0.91,196
6494,252,16,6086,2,9,3,-0.89,205
6495,252,11,6087,5,9,3,-0.58,235
6496,252,11,6088,2,9,3,0.95,165
6497,255,19,6089,1,11,3,-0.43,122
6498,255,15,6090,2,11,3,-0.53,240
6499,255,14,6091,1,11,3,-0.52,207
6500,256,16,6092,2,12,3,0.78,42
6501,256,14,6093,1,12,3,0.64,61
6502,256,8,6094,2,12,3,0.46,208
6503,257,15,1222,2,13,3,0.0,48
6504,257,7,6095,2,13,3,0.92,150
6505,257,19,1231,1,13,3,0.46,12
6506,257,5,6096,2,13,3,0.83,27
6507,257,30,6097,1,13,3,0.0,12
6508,257,10,6098,1,13,3,-0.4,3
6509,257,10,6099,2,13,3,0.71,20
6510,257,7,1227,2,13,3,0.46,28
6511,257,10,6100,3,13,3,-0.45,180
6512,257,5,6101,1,13,3,0.41,53
6513,257,11,6102,1,13,3,0.75,4
6514,257,9,6103,1,13,3,0.9,13
6515,257,5,6104,1,13,3,0.46,14
6516,259,15,6105,2,14,3,-0.94,226
6517,259,7,6106,2,14,3,-0.94,331
6518,259,16,6107,1,14,3,0.5,8
6519,259,6,6108,2,14,3,-0.51,44
6520,259,7,4279,2,14,3,0.0,35
6521,259,7,6109,1,14,3,-0.38,6
6522,259,8,6110,1,14,3,0.64,27
6523,259,5,6111,1,14,3,0.0,8
6524,259,7,6112,1,14,3,0.96,3
6525,259,9,6113,1,14,3,0.95,11
6526,259,8,6114,1,14,3,0.53,7
6527,259,6,6115,1,14,3,0.44,23
6528,259,7,6116,1,14,3,0.42,1
6529,259,7,6117,1,14,3,0.96,9
6530,259,7,6118,1,14,3,0.42,8
6531,259,9,6119,1,14,3,0.52,24
6532,259,6,6120,2,14,3,-0.45,11
6533,259,11,1268,1,14,3,-0.6,10
6534,259,6,6121,2,14,3,-0.44,12
6535,259,30,6122,5,14,3,-0.55,235
6536,259,6,6123,2,14,3,0.97,169
6537,259,14,6124,1,14,3,0.45,40
6538,259,10,1261,3,14,3,0.0,88
6539,259,6,6125,1,14,3,0.54,96
6540,259,9,6126,1,14,3,0.89,49
6541,259,11,6127,2,14,3,-0.85,15
6542,259,7,6128,1,14,3,0.96,19
6543,259,7,6129,2,14,3,0.96,17
6544,259,10,6130,1,14,3,0.96,4
6545,260,7,6131,2,14,3,0.98,49
6546,260,8,6132,1,14,3,0.59,6
6547,260,7,6133,5,14,3,-0.62,14
6548,260,8,1591,2,14,3,0.5,88
6549,260,9,6134,2,14,3,-0.63,70
6550,260,14,6135,1,14,3,0.55,22
6551,260,7,6136,2,14,3,0.89,22
6552,260,11,6137,1,14,3,0.59,7
6553,260,23,6138,1,14,3,0.52,79
6554,261,15,6139,2,15,3,0.75,125
6555,261,11,6140,4,15,3,0.4,97
6556,261,30,6141,6,15,3,-0.75,116
6557,261,30,6142,6,15,3,-0.45,147
6558,261,5,6143,2,15,3,0.78,51
6559,261,7,6144,1,15,3,0.99,9
6560,261,7,6145,2,15,3,0.65,31
6561,261,5,6146,1,15,3,0.75,10
6562,261,20,6147,6,15,3,-0.89,236
6563,261,11,6148,3,15,3,-0.6,237
6564,261,18,6149,2,15,3,0.97,27
6565,261,12,6150,1,15,3,-0.7,72
6566,261,8,1279,2,15,3,0.0,59
6567,261,13,6151,1,15,3,0.77,21
6568,261,11,6152,2,15,3,-0.76,25
6569,261,7,6153,1,15,3,-0.4,22
6570,261,7,6154,1,15,3,0.52,4
6571,261,7,6155,1,15,3,0.56,9
6572,261,7,6156,1,15,3,0.97,9
6573,261,7,6157,2,15,3,0.92,11
6574,261,6,6158,1,15,3,0.56,8
6575,261,7,6159,1,15,3,0.52,6
6576,262,20,6160,3,15,3,0.76,32
6577,262,10,6161,2,15,3,0.79,154
6578,262,30,6142,6,15,3,0.0,40
6579,262,30,6162,1,15,3,0.75,4
6580,262,8,6163,1,15,3,0.58,18
6581,262,10,6164,1,15,3,0.96,15
6582,262,11,6165,1,15,3,0.42,2
6583,262,13,6151,6,15,3,-0.75,65
6584,262,11,6166,1,15,3,0.88,112
6585,262,11,6167,1,15,3,0.44,36
6586,262,7,6168,2,15,3,0.6,52
6587,262,11,6169,2,15,3,0.45,28
6588,262,13,6170,1,15,3,0.75,4
6589,262,10,6171,1,15,3,0.42,1
6590,262,5,6146,1,15,3,0.93,13
6591,262,7,6172,1,15,3,0.51,18
